record_key,source_schema,source_url,source_file,data_snapshot,file_sha256,payload_json
0af0834a9b0030fa27d5c862c19ef84c8396626b06629dfeefa3236307e2a65b,mymobile,https://mymobile.pk/products/apple-iphone-15-pro-max/,mymobile.pk/mymobile__apple-iphone-15-pro-max.json,2026-08-14T10:58:48+00:00,1ab0041948c981ef1d20f4ac9f75eb82558906d96ce5ad488e8e380518d78674,"{""Battery"":{""Capacity"":""4441 mAh"",""Charging"":[""Wired, PD2.0, 50% in 30 min15W wireless (MagSafe)15W wireless (Qi2) - requires iOS 17.2 update4.5W reverse wired""],""WirelessCharging"":1},""Body"":{""Build"":""Glass front, glass back, titanium frame (grade 5)"",""Dimensions"":""159.9 x 76.7 x 8.3 mm"",""Protection"":""IP68 dust tight and water resistant (immersible up to 6m for 30 min)"",""SIM"":""Nano-SIM + eSIM + eSIM (max 2 at a time; International)"",""Weight"":""221 g""},""Colors"":[""Black Titanium"",""White Titanium"",""Blue Titanium"",""Natural Titanium""],""Display"":{""Protection"":""Ceramic Shield glass"",""Resolution"":""1290 x 2796 pixels"",""Size"":""6.7 inches"",""Type"":""120Hz""},""Features"":{""BackFingerPrint"":0,""Bluetooth"":""5.3, A2DP, LE"",""InDisplayFingerPrint"":0,""Infrared port"":0,""NFC"":1,""Positioning"":""GPS (L1+L5), GLONASS, GALILEO, BDS, QZSS, NavIC"",""Radio"":0,""Sensors"":""Face ID, accelerometer, gyro, proximity, compass, barometerUltra Wideband (UWB) support (gen2 chip)Emergency SOS, Messages and Find My via satellite"",""SideFingerPrint"":0,""USB"":""USB Type-C 3.2 Gen 2, DisplayPort"",""WLAN"":""Wi-Fi 802.11 a/b/g/n/ac/6e, tri-band, hotspot""},""Launch"":{""Announced"":""2023-09-12"",""Status"":""Available. Released 22 September 2023""},""Main Camera"":{""Features"":null,""Specifications"":[""Triple 48 MP, f/1.8, 24mm (wide), dual pixel PDAF, sensor-shift OIS 12 MP, f/2.8, 120mm (periscope telephoto), dual pixel PDAF, 5x optical zoom 12 MP, f/2.2, 13mm, 120˚ (ultrawide), dual pixel PDAF TOF 3D LiDAR scanner (depth)""],""Video"":[""4K@24/25/30/60fps"",""1080p@25/30/60/120fps"",""10-bit HDR"",""Dolby Vision HDR (up to 60fps)"",""ProRes"",""3D (spatial) video"",""stereo sound rec.""]},""Memory"":{""Card slot"":""No"",""Technology"":null,""Types"":[""8GB RAM / 256GB, 512GB, 1TB""]},""MobileName"":""Apple iPhone 15 Pro Max"",""Network"":{""2G"":1,""3G"":1,""4G"":1,""5G"":1},""Platform"":{""CPU"":""Hexa-core (2x3.78 GHz + 4x2.11 GHz)"",""Chipset"":""Apple A17 Pro (3 nm)"",""GPU"":""Apple GPU (6-core graphics)"",""OS"":""iOS 17, upgradable to iOS 26.6""},""Price"":[392000.0],""Selfie Camera"":{""Features"":null,""Specifications"":[],""Video"":[]},""Sound"":{""3.5mm jack"":0,""Loudspeaker"":""Yes, with stereo speakers""},""Weight"":null}"
06196e63ddee837e16c691bb9cae491af10bb4f5b9e0ebb198d10f127449b7f8,mymobile,https://mymobile.pk/products/apple-iphone-15/,mymobile.pk/mymobile__apple-iphone-15.json,2026-08-14T10:58:41+00:00,1c7bad89c2fade4583cad6c05546bafa1d96770dfaa0e37907f7193ad6539564,"{""Battery"":{""Capacity"":""3349 mAh"",""Charging"":[""Wired, PD2.0, 50% in 30 min15W wireless (MagSafe)15W wireless (Qi2) - requires iOS 17.2 update4.5W reverse wired""],""WirelessCharging"":1},""Body"":{""Build"":""Glass front, glass back, aluminum frame"",""Dimensions"":""147.6 x 71.6 x 7.8 mm"",""Protection"":""IP68 dust tight and water resistant (immersible up to 6m for 30 min)"",""SIM"":""Nano-SIM + eSIM + eSIM (max 2 at a time; International)"",""Weight"":""171 g""},""Colors"":[""Black"",""Blue"",""Green"",""Yellow"",""Pink""],""Display"":{""Protection"":""Ceramic Shield glass"",""Resolution"":""1179 x 2556 pixels"",""Size"":""6.1 inches"",""Type"":""60Hz""},""Features"":{""BackFingerPrint"":0,""Bluetooth"":""5.3, A2DP, LE"",""InDisplayFingerPrint"":0,""Infrared port"":0,""NFC"":1,""Positioning"":""GPS, GLONASS, GALILEO, BDS, QZSS"",""Radio"":0,""Sensors"":""Face ID, accelerometer, gyro, proximity, compass, barometerUltra Wideband (UWB) support (gen2 chip)Emergency SOS, Messages and Find My via satellite"",""SideFingerPrint"":0,""USB"":""USB Type-C 2.0, DisplayPort"",""WLAN"":""Wi-Fi 802.11 a/b/g/n/ac/6, dual-band, hotspot""},""Launch"":{""Announced"":""2023-09-12"",""Status"":""Available. Released 22 September 2023""},""Main Camera"":{""Features"":null,""Specifications"":[""48 MP, f/1.6, 26mm (wide), 1/1.56\"", 1.0µm, dual pixel PDAF, sensor-shift OIS 12 MP, f/2.4, 13mm, 120˚ (ultrawide), 0.7µm""],""Video"":[""4K@24/25/30/60fps"",""1080p@25/30/60/120/240fps"",""HDR"",""Dolby Vision HDR (up to 60fps)"",""stereo sound rec.""]},""Memory"":{""Card slot"":""No"",""Technology"":null,""Types"":[""6GB RAM / 128GB, 256GB, 512GB""]},""MobileName"":""Apple iPhone 15"",""Network"":{""2G"":1,""3G"":1,""4G"":1,""5G"":1},""Platform"":{""CPU"":""Hexa-core (2x3.46 GHz Everest + 4x2.02 GHz Sawtooth)"",""Chipset"":""Apple A16 Bionic (4 nm)"",""GPU"":""Apple GPU (5-core graphics)"",""OS"":""iOS 17, upgradable to iOS 26.6""},""Price"":[284000.0],""Selfie Camera"":{""Features"":null,""Specifications"":[],""Video"":[]},""Sound"":{""3.5mm jack"":0,""Loudspeaker"":""Yes, with stereo speakers""},""Weight"":null}"
c0860ba81428f4d058c75cb5bfb41dde468ba46c59058d72c5ee7d602fd61891,mymobile,https://mymobile.pk/products/apple-iphone-16-pro/,mymobile.pk/mymobile__apple-iphone-16-pro.json,2026-08-14T10:57:59+00:00,5afddd24da86fc56621efaf4cb9b76593e9f078b37d075ae10dee208591846fd,"{""Battery"":{""Capacity"":""3582 mAh"",""Charging"":[""Wired, PD2.0, 50% in 30 min25W wireless MagSafe/Qi2, 50% in 30 min (15W - China)4.5W reverse wired""],""WirelessCharging"":1},""Body"":{""Build"":""Glass front (Ceramic Shield), glass back, titanium frame (grade 5)"",""Dimensions"":""149.6 x 71.5 x 8.3 mm"",""Protection"":""IP68 dust tight and water resistant (immersible up to 6m for 30 min)"",""SIM"":""Nano-SIM"",""Weight"":""199 g""},""Colors"":[""Black Titanium"",""White Titanium"",""Natural Titanium"",""Desert Titanium""],""Display"":{""Protection"":""Ceramic Shield glass (2024 gen), Mohs level 4"",""Resolution"":""1206 x 2622 pixels (~460 ppi)"",""Size"":""6.3 inches"",""Type"":""120Hz""},""Features"":{""BackFingerPrint"":0,""Bluetooth"":""5.3, A2DP, LE"",""InDisplayFingerPrint"":0,""Infrared port"":0,""NFC"":1,""Positioning"":""GPS (L1+L5), GLONASS, GALILEO, BDS, QZSS, NavIC"",""Radio"":0,""Sensors"":""Face ID, accelerometer, gyro, proximity, compass, barometerUltra Wideband (UWB) support (gen2 chip)"",""SideFingerPrint"":0,""USB"":""USB Type-C 3.2 Gen 2, DisplayPort"",""WLAN"":""Wi-Fi 802.11 a/b/g/n/ac/6e/7, tri-band, hotspot""},""Launch"":{""Announced"":""2024, September 09"",""Status"":""Available. Released 20 September 2024""},""Main Camera"":{""Features"":null,""Specifications"":[""Triple 48 MP, f/1.8, 24mm (wide), 1/1.28\"", 1.22µm, dual pixel PDAF, sensor-shift OIS 12 MP, f/2.8, 120mm (periscope telephoto), 1/3.06\"", 1.12µm, dual pixel PDAF, 3D sensor‑shift OIS, 5x optical zoom 48 MP, f/2.2, 13mm (ultrawide), 1/2.55\"", 0.7µm, PDAF TOF 3D LiDAR scanner (depth)""],""Video"":[""4K@24/25/30/60/100/120fps"",""1080p@25/30/60/120fps"",""10-bit HDR"",""Dolby Vision HDR (up to 60fps)"",""ProRes"",""3D (spatial) video/audio"",""stereo sound rec.""]},""Memory"":{""Card slot"":""No"",""Technology"":null,""Types"":[""8GB RAM / 128GB, 256GB, 512GB, 1TB""]},""MobileName"":""Apple iPhone 16 Pro"",""Network"":{""2G"":1,""3G"":1,""4G"":1,""5G"":1},""Platform"":{""CPU"":""Hexa-core (2x4.05 GHz + 4x2.42 GHz)"",""Chipset"":""Apple A18 Pro (3 nm)"",""GPU"":""Apple GPU (6-core graphics)"",""OS"":""iOS 18, upgradable to iOS 26.6""},""Price"":[366999.0],""Selfie Camera"":{""Features"":null,""Specifications"":[],""Video"":[]},""Sound"":{""3.5mm jack"":0,""Loudspeaker"":""Yes, with stereo speakers""},""Weight"":null}"
d096ec39921c9807f2684b2d1fd5df12ca441cda63984e48d229fe1326096b62,mymobile,https://mymobile.pk/products/apple-iphone-16/,mymobile.pk/mymobile__apple-iphone-16.json,2026-08-14T10:57:40+00:00,c8bbfe0d62eeae263a9af52fe010e217321caec5fd05e9cefb90833377f31e9d,"{""Battery"":{""Capacity"":""3561 mAh"",""Charging"":[""Wired, PD2.0, 50% in 30 min25W wireless MagSafe/Qi2, 50% in 30 min (15W - China)""],""WirelessCharging"":1},""Body"":{""Build"":""Glass front (Ceramic Shield), glass back, aluminum frame"",""Dimensions"":""147.6 x 71.6 x 7.8 mm"",""Protection"":""IP68 dust tight and water resistant (immersible up to 6m for 30 min)"",""SIM"":""Nano-SIM"",""Weight"":""170 g""},""Colors"":[""Black"",""White"",""Pink"",""Teal"",""Ultramarine""],""Display"":{""Protection"":""Ceramic Shield glass (2024 gen), Mohs level 4"",""Resolution"":""1179 x 2556 pixels (~460 ppi)"",""Size"":""6.1 inches"",""Type"":""60Hz""},""Features"":{""BackFingerPrint"":0,""Bluetooth"":""5.3, A2DP, LE"",""InDisplayFingerPrint"":0,""Infrared port"":0,""NFC"":1,""Positioning"":""GPS, GLONASS, GALILEO, BDS, QZSS"",""Radio"":0,""Sensors"":""Face ID, accelerometer, gyro, proximity, compass, barometerUltra Wideband (UWB) support (gen2 chip)"",""SideFingerPrint"":0,""USB"":""USB Type-C 2.0, DisplayPort"",""WLAN"":""Wi-Fi 802.11 a/b/g/n/ac/6/7, tri-band, hotspot""},""Launch"":{""Announced"":""2024, September 09"",""Status"":""Available. Released 20 September 2024""},""Main Camera"":{""Features"":null,""Specifications"":[""Dual 48 MP, f/1.6, 26mm (wide), 1/1.56\"", 1.0µm, dual pixel PDAF, sensor-shift OIS 12 MP, f/2.2, 13mm, 120˚ (ultrawide), 0.7µm, dual pixel PDAF""],""Video"":[""4K@24/25/30/60fps"",""1080p@25/30/60/120/240fps"",""HDR"",""Dolby Vision HDR (up to 60fps)"",""stereo sound rec.""]},""Memory"":{""Card slot"":""No"",""Technology"":null,""Types"":[""8GB RAM / 128GB, 256GB, 512GB""]},""MobileName"":""Apple iPhone 16"",""Network"":{""2G"":1,""3G"":1,""4G"":1,""5G"":1},""Platform"":{""CPU"":""Hexa-core (2x4.04 GHz + 4x2.20 GHz)"",""Chipset"":""Apple A18 (3 nm)"",""GPU"":""Apple GPU (5-core graphics)"",""OS"":""iOS 18, upgradable to iOS 26.6""},""Price"":[323999.0],""Selfie Camera"":{""Features"":null,""Specifications"":[],""Video"":[]},""Sound"":{""3.5mm jack"":0,""Loudspeaker"":""Yes, with stereo speakers""},""Weight"":null}"
2bfd91b88fe8d14165f0013ba2d382a70cae44c47d9a6c0752d3d0f8595412f4,mymobile,https://mymobile.pk/products/apple-iphone-17-pro-max/,mymobile.pk/mymobile__apple-iphone-17-pro-max.json,2026-08-14T10:57:47+00:00,741b0570f8adbffc639f2ed5701b30c9e0e88ca270c82fa0964699d64e5f874e,"{""Battery"":{""Capacity"":""5088 mAh"",""Charging"":[""Wired, PD3.2, AVS, 50% in 20 min25W wireless MagSafe/Qi2, 50% in 30 min (15W - China)4.5W reverse wired""],""WirelessCharging"":1},""Body"":{""Build"":""Glass front (Ceramic Shield 2), aluminum frame, aluminum back/ glass back (Ceramic Shield)"",""Dimensions"":""163.4 x 78 x 8.8 mm"",""Protection"":""IP68 dust tight and water resistant (immersible up to 6m for 30 min)"",""SIM"":""Nano-SIM"",""Weight"":""233 g""},""Colors"":[""Silver"",""Cosmic Orange"",""Deep Blue""],""Display"":{""Protection"":""Ceramic Shield 2, Mohs level 5"",""Resolution"":""1320 x 2868 pixels"",""Size"":""6.9 inches"",""Type"":""120Hz""},""Features"":{""BackFingerPrint"":0,""Bluetooth"":""6.0, A2DP, LE"",""InDisplayFingerPrint"":0,""Infrared port"":0,""NFC"":1,""Positioning"":""GPS (L1+L5), GLONASS, GALILEO, BDS, QZSS, NavIC"",""Radio"":0,""Sensors"":""Face ID, accelerometer, gyro, proximity, compass, barometerUltra Wideband (UWB) support (gen2 chip)"",""SideFingerPrint"":0,""USB"":""USB Type-C 3.2 Gen 2, DisplayPort"",""WLAN"":""Wi-Fi 802.11 a/b/g/n/ac/6e/7, tri-band, hotspot""},""Launch"":{""Announced"":""2025, September 09"",""Status"":""Available. Released 19 September 2025""},""Main Camera"":{""Features"":null,""Specifications"":[""Triple 48 MP, f/1.8, 24mm (wide), 1/1.28\"", 1.22µm, dual pixel PDAF, sensor-shift OIS 48 MP, f/2.8, 100mm (periscope telephoto), 1/2.55\"", 0.7µm, PDAF, 3D sensor‑shift OIS, 4x optical zoom 48 MP, f/2.2, 13mm, 120˚ (ultrawide), 1/2.55\"", 0.7µm, PDAF TOF 3D LiDAR scanner (depth)""],""Video"":[""4K@24/25/30/60/100/120fps"",""1080p@25/30/60/120fps"",""10-bit HDR"",""Dolby Vision HDR (up to 120fps)"",""ProRes"",""ProRes RAW (up to 120fps)"",""Apple Log 2"",""3D (spatial) video/audio"",""stereo sound rec.""]},""Memory"":{""Card slot"":""No"",""Technology"":null,""Types"":[""12GB RAM / 256GB, 512GB, 1TB, 2TB""]},""MobileName"":""Apple iPhone 17 Pro Max"",""Network"":{""2G"":1,""3G"":1,""4G"":1,""5G"":1},""Platform"":{""CPU"":""Hexa-core (2x4.26 GHz + 4x2.60 GHz)"",""Chipset"":""Apple A19 Pro (3 nm)"",""GPU"":""Apple GPU (6-core graphics)"",""OS"":""iOS 26, upgradable to iOS 26.6""},""Price"":[486999.0],""Selfie Camera"":{""Features"":null,""Specifications"":[],""Video"":[]},""Sound"":{""3.5mm jack"":0,""Loudspeaker"":""Yes, with stereo speakers""},""Weight"":null}"
2cdc6e69eb9a87f0adfb93114e4d62677d475d8ee6d7b39f9f39afe9122fdeef,mymobile,https://mymobile.pk/products/apple-iphone-17-pro/,mymobile.pk/mymobile__apple-iphone-17-pro.json,2026-08-14T10:58:28+00:00,d23fcf808baac11b19074fdfb464c08eb0d6b6de723cdac085899156288af5f8,"{""Battery"":{""Capacity"":""3998 mAh"",""Charging"":[""Wired, PD3.2, AVS, 50% in 20 min25W wireless MagSafe/Qi2, 50% in 30 min (15W - China)4.5W reverse wired""],""WirelessCharging"":1},""Body"":{""Build"":""Glass front (Ceramic Shield 2), aluminum frame, aluminum back/ glass back (Ceramic Shield)"",""Dimensions"":""150 x 71.9 x 8.8 mm"",""Protection"":""IP68 dust tight and water resistant (immersible up to 6m for 30 min)"",""SIM"":""Nano-SIM"",""Weight"":""206 g""},""Colors"":[""Silver"",""Cosmic Orange"",""Deep Blue""],""Display"":{""Protection"":""Ceramic Shield 2"",""Resolution"":""1206 x 2622 pixels"",""Size"":""6.3 inches"",""Type"":""120Hz""},""Features"":{""BackFingerPrint"":0,""Bluetooth"":""6.0, A2DP, LE"",""InDisplayFingerPrint"":0,""Infrared port"":0,""NFC"":1,""Positioning"":""GPS (L1+L5), GLONASS, GALILEO, BDS, QZSS, NavIC"",""Radio"":0,""Sensors"":""Face ID, accelerometer, gyro, proximity, compass, barometerUltra Wideband (UWB) support (gen2 chip)"",""SideFingerPrint"":0,""USB"":""USB Type-C 3.2 Gen 2, DisplayPort"",""WLAN"":""Wi-Fi 802.11 a/b/g/n/ac/6e/7, tri-band, hotspot""},""Launch"":{""Announced"":""2025-09-09"",""Status"":""Available. Released 19 September 2025""},""Main Camera"":{""Features"":null,""Specifications"":[""48 MP, f/1.8, 24mm (wide), dual pixel PDAF, sensor-shift OIS 48 MP, f/2.8, 100mm (periscope telephoto), PDAF, 3D sensor‑shift OIS, 4x optical zoom 48 MP, f/2.2, 13mm, 120˚ (ultrawide), PDAF TOF 3D LiDAR scanner (depth)""],""Video"":[""4K@24/25/30/60/100/120fps"",""1080p@25/30/60/120fps"",""10-bit HDR"",""Dolby Vision HDR (up to 120fps)"",""ProRes"",""ProRes RAW (up to 120fps)"",""Apple Log 2"",""3D (spatial) video/audio"",""stereo""]},""Memory"":{""Card slot"":""No"",""Technology"":null,""Types"":[""12GB RAM / 256GB, 512GB, 1TB""]},""MobileName"":""Apple iPhone 17 Pro"",""Network"":{""2G"":1,""3G"":1,""4G"":1,""5G"":1},""Platform"":{""CPU"":""Hexa-core (2x4.26 GHz + 4x2.60 GHz)"",""Chipset"":""Apple A19 Pro (3 nm)"",""GPU"":""Apple GPU (6-core graphics)"",""OS"":""iOS 26, upgradable to iOS 26.6""},""Price"":[520500.0],""Selfie Camera"":{""Features"":null,""Specifications"":[],""Video"":[]},""Sound"":{""3.5mm jack"":0,""Loudspeaker"":""Yes, with stereo speakers""},""Weight"":null}"
db0d1f96c359212873bcfd0236cab15e7f773d60991124a69ce6f7c4afebbc75,mymobile,https://mymobile.pk/products/google-pixel-11-pro-fold/,mymobile.pk/mymobile__google-pixel-11-pro-fold.json,2026-08-14T10:54:27+00:00,bdcaad46055fe5c4b878c5d982e40a5cc4e0a70dd0383247fb8ccb535fc7cc31,"{""Battery"":{""Capacity"":""5000 mAh"",""Charging"":[""Quick Charging""],""WirelessCharging"":0},""Body"":{""Build"":""Back: Gorilla Glass Victus 2"",""Dimensions"":""Folded, Unfolded"",""Protection"":""Water resistant, Dust proof"",""SIM"":""Dual SIM (Nano-SIM, dual stand-by)"",""Weight"":null},""Colors"":[""Black"",""White""],""Display"":{""Protection"":""Corning Gorilla Glass, Glass Victus 2"",""Resolution"":""2076x2160 px"",""Size"":""8.0 inches"",""Type"":""120Hz""},""Features"":{""BackFingerPrint"":0,""Bluetooth"":""Yes"",""InDisplayFingerPrint"":0,""Infrared port"":0,""NFC"":0,""Positioning"":""Yes with Glonass"",""Radio"":0,""Sensors"":""Yes"",""SideFingerPrint"":1,""USB"":null,""WLAN"":""Wi-Fi 6 (802.11 a/b/g/n/ac/ax), MIMO""},""Launch"":{""Announced"":null,""Status"":""Coming Soon. Released 12 August 2026""},""Main Camera"":{""Features"":null,""Specifications"":[""50 MP, LED Flash Continuous Shooting High Dynamic Range mode (HDR) Macro Mode Digital Zoom Auto Flash Face detection Touch to focus Optical Image stabilization Dual Video Recording Slow Motion Video HDR Night Time-Lapse Audio Zoom Stereo recording""],""Video"":[""4k @24/30/60 fps"",""Full HD @30/60 fps""]},""Memory"":{""Card slot"":""No"",""Technology"":null,""Types"":[""12GB RAM / 256GB, 512 GB, 1TB""]},""MobileName"":""Google Pixel 11 Pro Fold"",""Network"":{""2G"":0,""3G"":0,""4G"":1,""5G"":1},""Platform"":{""CPU"":""Hepta Core (4.11 GHz, Single core, Arm C1-Ultra + 3.38 GHz, Quad core, ARM C1-Pro + 2.65 GHz, Dual core, ARM C1-Pro)"",""Chipset"":""Google Tensor G6"",""GPU"":""PowerVR CXTP-48-1536"",""OS"":""Android v17""},""Price"":[530000.0],""Selfie Camera"":{""Features"":null,""Specifications"":[],""Video"":[]},""Sound"":{""3.5mm jack"":0,""Loudspeaker"":""Yes""},""Weight"":null}"
5541c9cf5d6150ad083e5c2a56d08b025471760ee254e45784c1c33af84fb665,mymobile,https://mymobile.pk/products/google-pixel-11-pro-xl/,mymobile.pk/mymobile__google-pixel-11-pro-xl.json,2026-08-14T10:57:13+00:00,e4ce458e72c0e20f9fc75aebaf1b62ccb300900ecc4410485c22e63ac093f9d4,"{""Battery"":{""Capacity"":""5115 mAh"",""Charging"":[""45W wired, PD3.0, PPS, 70% in 30 min25W wireless (magnetic), Qi2""],""WirelessCharging"":1},""Body"":{""Build"":""Glass front (Gorilla Glass Victus 2), glass back (Gorilla Glass Victus 2), aluminum frame"",""Dimensions"":null,""Protection"":""IP68 dust tight and water resistant (immersible up to 1.5m for 30 min)"",""SIM"":""Nano-SIM + eSIM"",""Weight"":""226 g""},""Colors"":[""Canyon; other colors""],""Display"":{""Protection"":""Corning Gorilla Glass Victus 2"",""Resolution"":""1344 x 2992 pixels (~482 ppi)"",""Size"":""6.8 inches"",""Type"":""120Hz""},""Features"":{""BackFingerPrint"":0,""Bluetooth"":""6.0, A2DP, LE, aptX HD"",""InDisplayFingerPrint"":1,""Infrared port"":0,""NFC"":1,""Positioning"":""GPS (L1+L5), GLONASS, GALILEO, BDS, QZSS, NavIC"",""Radio"":0,""Sensors"":""Fingerprint (under display, ultrasonic), accelerometer, gyro, proximity, compass, barometer, thermometer (skin temperature)Ultra Wideband (UWB) supportSatellite SOS service"",""SideFingerPrint"":0,""USB"":""USB Type-C 3.2"",""WLAN"":""Wi-Fi 802.11 a/b/g/n/ac/6e/7, tri-band""},""Launch"":{""Announced"":null,""Status"":""Coming Soon. Released 12 August 2026""},""Main Camera"":{""Features"":null,""Specifications"":[""50 MP, f/1.7, 25mm (wide), dual pixel PDAF, OIS 48 MP, f/2.8, 113mm (periscope telephoto), dual pixel PDAF, OIS, 5x optical zoom 48 MP, f/1.7, 123˚ (ultrawide), dual pixel PDAF""],""Video"":[""8K@30fps (via cloud-based upscaling)"",""4K@24/30/60fps"",""1080p@24/30/60/120/240fps; gyro-EIS"",""OIS"",""10-bit HDR""]},""Memory"":{""Card slot"":""No"",""Technology"":null,""Types"":[""12GB, 16GB RAM / 256GB, 512GB""]},""MobileName"":""Google Pixel 11 Pro XL"",""Network"":{""2G"":1,""3G"":1,""4G"":1,""5G"":1},""Platform"":{""CPU"":null,""Chipset"":""Google Tensor G6 (2 nm)"",""GPU"":null,""OS"":""Android 17, up to 7 major OS updates""},""Price"":[515000.0],""Selfie Camera"":{""Features"":null,""Specifications"":[],""Video"":[]},""Sound"":{""3.5mm jack"":0,""Loudspeaker"":""Yes, with stereo speakers""},""Weight"":null}"
1df445ca2ed8807917645dd112528d85c5706c05acf00dac1523568e3ada7c2c,mymobile,https://mymobile.pk/products/google-pixel-11-pro/,mymobile.pk/mymobile__google-pixel-11-pro.json,2026-08-14T10:57:35+00:00,18a529712995261be1a4186882723748c508c58ac64f2bf90a9ea984d8226ab8,"{""Battery"":{""Capacity"":""4850 mAh"",""Charging"":[""30W wired, PD3.0, PPS, 55% in 30 min15W wireless (magnetic), Qi2Reverse wiredBypass charging""],""WirelessCharging"":1},""Body"":{""Build"":""Glass front (Gorilla Glass Victus 2), glass back (Gorilla Glass Victus 2), aluminum frame"",""Dimensions"":null,""Protection"":""IP68 dust tight and water resistant (immersible up to 1.5m for 30 min)"",""SIM"":""Nano-SIM + eSIM"",""Weight"":null},""Colors"":[""Canyon"",""Obsidian; other colors""],""Display"":{""Protection"":""Corning Gorilla Glass Victus 2"",""Resolution"":""1280 x 2856 pixels (~497 ppi)"",""Size"":""6.3 inches"",""Type"":""120Hz""},""Features"":{""BackFingerPrint"":0,""Bluetooth"":""6.0, A2DP, LE, aptX HD"",""InDisplayFingerPrint"":1,""Infrared port"":0,""NFC"":1,""Positioning"":""GPS (L1+L5), GLONASS, GALILEO, BDS, QZSS, NavIC"",""Radio"":0,""Sensors"":""Fingerprint (under display, ultrasonic), accelerometer, gyro, proximity, compass, barometer, thermometer (skin temperature)Ultra Wideband (UWB) supportSatellite SOS service"",""SideFingerPrint"":0,""USB"":""USB Type-C 3.2"",""WLAN"":""Wi-Fi 802.11 a/b/g/n/ac/6e/7, tri-band""},""Launch"":{""Announced"":null,""Status"":""Coming Soon. Released 12 August 2026""},""Main Camera"":{""Features"":null,""Specifications"":[""50 MP, f/1.7, 25mm (wide), dual pixel PDAF, OIS 48 MP, f/2.8, 113mm (periscope telephoto), dual pixel PDAF, OIS, 5x optical zoom 48 MP, f/1.7, 123˚ (ultrawide), dual pixel PDAF""],""Video"":[""8K@30fps (via cloud-based upscaling)"",""4K@24/30/60fps"",""1080p@24/30/60/120/240fps; gyro-EIS"",""OIS"",""10-bit HDR""]},""Memory"":{""Card slot"":""No"",""Technology"":null,""Types"":[""12GB, 16GB RAM / 256GB, 512GB, 1TB""]},""MobileName"":""Google Pixel 11 Pro Coming Soon"",""Network"":{""2G"":1,""3G"":1,""4G"":1,""5G"":1},""Platform"":{""CPU"":null,""Chipset"":""Google Tensor G6 (2 nm)"",""GPU"":null,""OS"":""Android 17, up to 7 major OS updates""},""Price"":[345000.0],""Selfie Camera"":{""Features"":null,""Specifications"":[],""Video"":[]},""Sound"":{""3.5mm jack"":0,""Loudspeaker"":""Yes, with stereo speakers""},""Weight"":null}"
b9aeaf3a1e004952252adcea5d0301679f4222c45835ceb9dd6521d5b4b8b3bc,mymobile,https://mymobile.pk/products/google-pixel-11/,mymobile.pk/mymobile__google-pixel-11.json,2026-08-14T10:57:18+00:00,8feb8e11c1d87d1cfd4c95c136def414cd437248cbc89e8436e3d1d688cb3966,"{""Battery"":{""Capacity"":""4985 mAh"",""Charging"":[""30W wired, PD3.0, PPS, 55% in 30 minutes15W wireless (magnetic), Qi2""],""WirelessCharging"":1},""Body"":{""Build"":""Glass front (Gorilla Glass Victus 2), glass back (Gorilla Glass Victus 2), aluminum frame"",""Dimensions"":""152.8 x 72 x 8.6 mm"",""Protection"":""IP68 dust tight and water resistant (immersible up to 1.5m for 30 min)"",""SIM"":""Nano-SIM + eSIM"",""Weight"":""204 g""},""Colors"":[""Frost"",""Pistachio"",""Hibiscus"",""Obsidian""],""Display"":{""Protection"":""Corning Gorilla Glass Victus 2"",""Resolution"":""1280 x 2856 pixels (~497 ppi)"",""Size"":""6.3 inches"",""Type"":""120Hz""},""Features"":{""BackFingerPrint"":0,""Bluetooth"":""6.0, A2DP, LE, aptX HD"",""InDisplayFingerPrint"":1,""Infrared port"":0,""NFC"":1,""Positioning"":""GPS (L1+L5), GLONASS, GALILEO, BDS, QZSS, NavIC"",""Radio"":0,""Sensors"":""Fingerprint (under display, ultrasonic), accelerometer, gyro, proximity, compass, barometer"",""SideFingerPrint"":0,""USB"":""USB Type-C 3.2"",""WLAN"":""Wi-Fi 802.11 a/b/g/n/ac/6e, dual-band""},""Launch"":{""Announced"":null,""Status"":""Coming Soon. Released 12 August 2026""},""Main Camera"":{""Features"":null,""Specifications"":[""48 MP, f/1.7, 25mm (wide), dual pixel PDAF, OIS 10.8 MP, f/3.1, 112mm (telephoto), dual pixel PDAF, OIS, 5x optical zoom 13 MP, f/2.2, 120˚ (ultrawide), PDAF""],""Video"":[""4K@24/30/60fps"",""1080p@24/30/60/120/240fps; gyro-EIS"",""OIS"",""10-bit HDR""]},""Memory"":{""Card slot"":""No"",""Technology"":null,""Types"":[""12GB RAM / 256GB, 512GB""]},""MobileName"":""Google Pixel 11"",""Network"":{""2G"":1,""3G"":1,""4G"":1,""5G"":1},""Platform"":{""CPU"":""Hepta Core (4.11 GHz, Single core, Arm C1-Ultra + 3.38 GHz, Quad core, ARM C1-Pro + 2.65 GHz, Dual core, ARM C1-Pro)"",""Chipset"":""Google Tensor G6 (2 nm)"",""GPU"":""PowerVR DXT-48-1536"",""OS"":""Android 17, up to 7 major OS updates""},""Price"":[285000.0],""Selfie Camera"":{""Features"":null,""Specifications"":[],""Video"":[]},""Sound"":{""3.5mm jack"":0,""Loudspeaker"":""Yes, with stereo speakers""},""Weight"":null}"
5749518c03f439501c7fb2d6302ccc16ac9eddff3c549dc61a99707a5b14e241,mymobile,https://mymobile.pk/products/google-pixel-6/,mymobile.pk/mymobile__google-pixel-6.json,2026-08-14T11:07:42+00:00,1ce63886b08daff2bfeab636526c07c0bd3d5a873c352c10e29c87b40535cea3,"{""Battery"":{""Capacity"":""4614 mAh"",""Charging"":[""Wired (based on 30W charger), PD3.0, 50% in 30 min21W wirelessReverse wireless""],""WirelessCharging"":1},""Body"":{""Build"":""Glass front (Gorilla Glass Victus), glass back (Gorilla Glass 6), aluminum frame"",""Dimensions"":""158.6 x 74.8 x 8.9 mm"",""Protection"":""IP68 dust tight and water resistant (immersible up to 1.5m for 30 min)"",""SIM"":""Nano-SIM + eSIM"",""Weight"":""207 g""},""Colors"":[""Sorta Seafoam"",""Kinda Coral"",""Stormy Black""],""Display"":{""Protection"":""Corning Gorilla Glass Victus"",""Resolution"":""1080 x 2400 pixels"",""Size"":""6.4 inches"",""Type"":""90Hz""},""Features"":{""BackFingerPrint"":0,""Bluetooth"":""5.2, A2DP, LE, aptX HD"",""InDisplayFingerPrint"":1,""Infrared port"":0,""NFC"":1,""Positioning"":""GPS (L1+L5), GLONASS (G1), BDS (B1I+B1c+B2a), GALILEO (E1+E5a), QZSS (L1+L5)"",""Radio"":0,""Sensors"":""Fingerprint (under display, optical), accelerometer, gyro, proximity, compass, barometer"",""SideFingerPrint"":0,""USB"":""USB Type-C 3.1"",""WLAN"":""Wi-Fi 802.11 a/b/g/n/ac/6e, dual-band, Wi-Fi Direct""},""Launch"":{""Announced"":""2021, October 19"",""Status"":""Available. Released 28 October 2021""},""Main Camera"":{""Features"":null,""Specifications"":[""Dual 50 MP, f/1.9, 25mm (wide), 1/1.31\"", 1.2µm, dual pixel PDAF, OIS 12 MP, f/2.2, 17mm, 114˚ (ultrawide), 1.25µm""],""Video"":[""4K@30/60fps"",""1080p@30/60/120/240fps; gyro-EIS"",""OIS""]},""Memory"":{""Card slot"":""No"",""Technology"":null,""Types"":[""8GB RAM / 128GB, 256GB""]},""MobileName"":""Google Pixel 6"",""Network"":{""2G"":1,""3G"":1,""4G"":1,""5G"":1},""Platform"":{""CPU"":""Octa-core (2x2.80 GHz Cortex-X1 & 2x2.25 GHz Cortex-A76 & 4x1.80 GHz Cortex-A55)"",""Chipset"":""Google Tensor (5 nm)"",""GPU"":""Mali-G78 MP20"",""OS"":""Android 12, upgradable to Android 16, up to 5 major OS updates""},""Price"":[58000.0],""Selfie Camera"":{""Features"":null,""Specifications"":[],""Video"":[]},""Sound"":{""3.5mm jack"":0,""Loudspeaker"":""Yes, with stereo speakers""},""Weight"":null}"
6ee5434d383071c3946cfa40a5d0f00af72264ee72e3737c29cb5fe63bd59ebe,mymobile,https://mymobile.pk/products/google-pixel-9-pro/,mymobile.pk/mymobile__google-pixel-9-pro.json,2026-08-14T10:58:55+00:00,1850c9ba87918aec25e12a357077dbcab31fd797ae6508f546cceb0ef1b42a9a,"{""Battery"":{""Capacity"":""4700 mAh"",""Charging"":[""27W wired, PD3.0, PPS, 55% in 30 min21W wireless (w/ Pixel Stand)12W wireless (w/ Qi compatible charger)Reverse wirelessBypass charging""],""WirelessCharging"":1},""Body"":{""Build"":""Glass front (Gorilla Glass Victus 2), glass back (Gorilla Glass Victus 2), aluminum frame"",""Dimensions"":""152.8 x 72 x 8.5 mm (6.02 x 2.83 x 0.33 in)"",""Protection"":""IP68 dust tight and water resistant (immersible up to 1.5m for 30 min)"",""SIM"":""Nano-SIM + eSIM"",""Weight"":""199 g""},""Colors"":[""Porcelain"",""Rose Quartz"",""Hazel"",""Obsidian""],""Display"":{""Protection"":""Corning Gorilla Glass Victus 2, Mohs level 4"",""Resolution"":""1280 x 2856 pixels, 20:9 ratio (~495 ppi density)"",""Size"":""6.3 inches"",""Type"":""120Hz""},""Features"":{""BackFingerPrint"":0,""Bluetooth"":""5.3, A2DP, LE, aptX HD"",""InDisplayFingerPrint"":1,""Infrared port"":0,""NFC"":1,""Positioning"":""GPS (L1+L5), GLONASS, GALILEO, BDS, QZSS, NavIC"",""Radio"":0,""Sensors"":""Fingerprint (under display, ultrasonic), accelerometer, gyro, proximity, compass, barometer, thermometer (skin temperature)Ultra Wideband (UWB) supportSatellite SOS service"",""SideFingerPrint"":0,""USB"":""USB Type-C 3.2"",""WLAN"":""Wi-Fi 802.11 a/b/g/n/ac/6e/7, tri-band""},""Launch"":{""Announced"":""2024-08-13"",""Status"":""Available. Released 9 September 2024""},""Main Camera"":{""Features"":null,""Specifications"":[""50 MP, f/1.7, 25mm (wide), 1/1.31\"", 1.2µm, dual pixel PDAF, OIS 48 MP, f/2.8, 113mm (periscope telephoto), 1/2.55\"", dual pixel PDAF, OIS, 5x optical zoom 48 MP, f/1.7, 123˚ (ultrawide), 1/2.55\"", dual pixel PDAF""],""Video"":[""8K@30fps (via cloud-based upscaling)"",""4K@24/30/60fps"",""1080p@24/30/60/120/240fps; gyro-EIS"",""OIS"",""10-bit HDR""]},""Memory"":{""Card slot"":""No"",""Technology"":null,""Types"":[""16GB RAM / 128GB, 256GB, 512GB, 1TB""]},""MobileName"":""Google Pixel 9 Pro"",""Network"":{""2G"":1,""3G"":1,""4G"":1,""5G"":1},""Platform"":{""CPU"":""Octa-core (1x3.1 GHz Cortex-X4 & 3x2.6 GHz Cortex-A720 & 4x1.92 GHz Cortex-A520)"",""Chipset"":""Google Tensor G4 (4 nm)"",""GPU"":""Mali-G715 MC7"",""OS"":""Android 14, upgradable to Android 16, up to 7 major Android upgrades""},""Price"":[220999.0],""Selfie Camera"":{""Features"":null,""Specifications"":[],""Video"":[]},""Sound"":{""3.5mm jack"":0,""Loudspeaker"":""Yes, with stereo speakers""},""Weight"":null}"
5026d9034ab88e6a612d214368c63e860c3610797bc4a44be3569f2ec1ef72e8,mymobile,https://mymobile.pk/products/honor-magic-7-pro/,mymobile.pk/mymobile__honor-magic-7-pro.json,2026-08-14T10:59:01+00:00,0e635534f904241aad3aa7ddc8cc64775fe5a6413de7c3cf32c80479534f5b87,"{""Battery"":{""Capacity"":""5850 mAh"",""Charging"":[""100W wired, 80W wireless, reverse wireless""],""WirelessCharging"":1},""Body"":{""Build"":""Glass front (NanoCrystal Shield), glass back"",""Dimensions"":""162.7 x 77.1 x 8.8 mm"",""Protection"":""IP68/IP69 dust tight and water resistant"",""SIM"":""Nano-SIM + eSIM"",""Weight"":""223 g""},""Colors"":[""Lunar shadow Grey"",""Breeze Blue"",""Black"",""White""],""Display"":{""Protection"":""NanoCrystal Shield, Mohs level 5"",""Resolution"":""1280 x 2800 pixels (~453 ppi)"",""Size"":""6.8 inches"",""Type"":""120Hz""},""Features"":{""BackFingerPrint"":0,""Bluetooth"":""5.4, A2DP, LE, aptX HD"",""InDisplayFingerPrint"":1,""Infrared port"":1,""NFC"":1,""Positioning"":""GPS (L1+L5), GLONASS, BDS, GALILEO"",""Radio"":0,""Sensors"":""Fingerprint (under display, ultrasonic), Face ID, accelerometer, gyro, proximity, compass"",""SideFingerPrint"":0,""USB"":""USB Type-C 3.2, DisplayPort 1.2, OTG"",""WLAN"":""Wi-Fi 802.11 a/b/g/n/ac/6/7, dual-band, Wi-Fi Direct""},""Launch"":{""Announced"":""2024, October 30"",""Status"":""Available. Released 8 November 2024""},""Main Camera"":{""Features"":null,""Specifications"":[""Triple 50 MP, f/1.4-2.0, 24mm (wide), OIS 200 MP, f/2.6, 72mm (periscope telephoto), OIS, 3x optical zoom 50 MP, f/2.0, 12mm, 122˚ (ultrawide), OIS""],""Video"":[""4K@24/30/60fps"",""1080p@24/30/60/120/240fps"",""gyro-EIS"",""OIS"",""HDR"",""10-bit video""]},""Memory"":{""Card slot"":""No"",""Technology"":null,""Types"":[""12GB, 16GB RAM / 512GB, 1TB""]},""MobileName"":""Honor Magic 7 Pro"",""Network"":{""2G"":1,""3G"":1,""4G"":1,""5G"":1},""Platform"":{""CPU"":""Octa-core (2x4.32 GHz Oryon V2 Phoenix L + 6x3.53 GHz Oryon V2 Phoenix M)"",""Chipset"":""Qualcomm SM8750-AB Snapdragon 8 Elite (3 nm)"",""GPU"":""Adreno 830"",""OS"":""Android 15, upgradable to Android 16""},""Price"":[244799.0],""Selfie Camera"":{""Features"":null,""Specifications"":[],""Video"":[]},""Sound"":{""3.5mm jack"":0,""Loudspeaker"":""Yes, with large amplitude stereo speakers""},""Weight"":null}"
7f7ace3bec0293b57346513f8ac8dd362dbf54ed56185f68768a9c685550ff15,mymobile,https://mymobile.pk/products/honor-robot-phone-5g/,mymobile.pk/mymobile__honor-robot-phone-5g.json,2026-08-14T10:57:24+00:00,9509cf25bc058b3a9b06c56603306d7bc3be29b242d0d6c597cdac4a7f17f9dd,"{""Battery"":{""Capacity"":""6000 mAh"",""Charging"":[""120W wired""],""WirelessCharging"":0},""Body"":{""Build"":""Glass front, aluminum frame"",""Dimensions"":""Not Announced"",""Protection"":""IP68/IP69 dust tight and water resistant (high pressure water jets; immersible up to 1.5m for 30 min)"",""SIM"":""Nano-SIM"",""Weight"":""Not Announced g""},""Colors"":[""Silver; other colors""],""Display"":{""Protection"":""Not Announced"",""Resolution"":""1280 x 2788 pixels (~451 ppi)"",""Size"":""6.8 inches"",""Type"":""120Hz""},""Features"":{""BackFingerPrint"":0,""Bluetooth"":""6.0, A2DP, LE, aptX HD, aptX Adaptive, aptX Lossless, LHDC 5, Auracast, ASHA"",""InDisplayFingerPrint"":1,""Infrared port"":0,""NFC"":1,""Positioning"":""GPS (L1+L5), BDS (B1I+B1c+B2a), GALILEO (E1+E5a), QZSS (L1+L5), NavIC (L5), GLONASS"",""Radio"":0,""Sensors"":""Fingerprint (under display), accelerometer, compass, gyro, proximity"",""SideFingerPrint"":0,""USB"":""USB Type-C"",""WLAN"":""Wi-Fi 802.11 a/b/g/n/ac/6/7, dual-band""},""Launch"":{""Announced"":null,""Status"":""Coming Soon. Released 12 August 2026""},""Main Camera"":{""Features"":null,""Specifications"":[""200 MP, f/1.6, 23mm (wide), 1/1.28\"", PDAF, retractable motorized 4DoF gimbal system 200 MP, (periscope telephoto), PDAF, OIS, 3x optical zoom 50 MP, (ultrawide), LED Flash""],""Video"":[""4K"",""1080p"",""gyro-EIS"",""OIS""]},""Memory"":{""Card slot"":""No"",""Technology"":null,""Types"":[""12GB RAM / 512GB""]},""MobileName"":""Honor Robot Phone 5G"",""Network"":{""2G"":1,""3G"":1,""4G"":1,""5G"":1},""Platform"":{""CPU"":""Octa-core (2x4.6 GHz Oryon V3 Phoenix L + 6x3.62 GHz Oryon V3 Phoenix M)"",""Chipset"":""Qualcomm SM8850-AC Snapdragon 8 Elite Gen 5 (3 nm)"",""GPU"":""Adreno 840"",""OS"":""Android 16, MagicOS 10""},""Price"":[379999.0],""Selfie Camera"":{""Features"":null,""Specifications"":[],""Video"":[]},""Sound"":{""3.5mm jack"":0,""Loudspeaker"":""Yes, with stereo speakers""},""Weight"":null}"
f240745169b1a082c5fbc782f4aacccdd6b993b16e55688fa14fc11fff656772,mymobile,https://mymobile.pk/products/infinix-hot-30-play/,mymobile.pk/mymobile__infinix-hot-30-play.json,2026-08-14T11:03:20+00:00,a3c8bf558bc2ba4fbd64aead5dfb3551c549b798ed6fb53e9c178a1b12ef6420,"{""Battery"":{""Capacity"":""6000 mAh"",""Charging"":[""18W wired""],""WirelessCharging"":0},""Body"":{""Build"":""Glass front, plastic frame, plastic back"",""Dimensions"":""170.6 x 77.5 x 8.6 mm"",""Protection"":""-"",""SIM"":""Nano-SIM"",""Weight"":""205 g""},""Colors"":[""Mirage Black"",""Blade White"",""Bora Purple""],""Display"":{""Protection"":""-"",""Resolution"":""720 x 1640 pixels (~263 ppi)"",""Size"":""6.82 inches"",""Type"":""90Hz""},""Features"":{""BackFingerPrint"":0,""Bluetooth"":""Yes"",""InDisplayFingerPrint"":0,""Infrared port"":0,""NFC"":1,""Positioning"":""GPS"",""Radio"":1,""Sensors"":""Fingerprint (side-mounted), accelerometer, proximity, compass"",""SideFingerPrint"":1,""USB"":""USB Type-C 2.0, OTG"",""WLAN"":""Wi-Fi 802.11 a/b/g/n/ac, dual-band, Wi-Fi Direct""},""Launch"":{""Announced"":""2023, May 22"",""Status"":""Available. Released 22 May 2023""},""Main Camera"":{""Features"":null,""Specifications"":[""16 MP, f/1.8, (wide), PDAF Dual-LED flash, HDR, panorama""],""Video"":[""1080p@30fps""]},""Memory"":{""Card slot"":""microSDXC (dedicated slot)"",""Technology"":null,""Types"":[""4GB, 8GB RAM / 128GB""]},""MobileName"":""Infinix Hot 30 Play"",""Network"":{""2G"":1,""3G"":1,""4G"":1,""5G"":0},""Platform"":{""CPU"":""Octa-core (4x2.3 GHz Cortex-A53 & 4x1.7 GHz Cortex-A53)"",""Chipset"":""Mediatek MT6765 Helio G37 (12 nm)"",""GPU"":""PowerVR GE8320"",""OS"":""Android 13, XOS 12.6""},""Price"":[29999.0],""Selfie Camera"":{""Features"":null,""Specifications"":[],""Video"":[]},""Sound"":{""3.5mm jack"":1,""Loudspeaker"":""Yes""},""Weight"":null}"
9ecbee5b3fcf21a88e08df109fd0e68b88bd60887eaf9cf875414a726dd2efaf,mymobile,https://mymobile.pk/products/infinix-hot-40-pro/,mymobile.pk/mymobile__infinix-hot-40-pro.json,2026-08-14T11:06:31+00:00,92ab65c27beda652940348efb905dc965cdf65f2495a491747e716df29fe9437,"{""Battery"":{""Capacity"":""5000 mAh"",""Charging"":[""33W wired, 20-75% in 35 min""],""WirelessCharging"":0},""Body"":{""Build"":""Glass front, plastic back, plastic frame"",""Dimensions"":""168.6 x 76.6 x 8.3 mm"",""Protection"":null,""SIM"":""Dual SIM (Nano-SIM, dual stand-by)"",""Weight"":""199 g""},""Colors"":[""Palm Blue"",""Horizon Gold"",""Starlit Black"",""Starfall Green"",""Free Fire""],""Display"":{""Protection"":null,""Resolution"":""1080 x 2460 pixels (~396 ppi)"",""Size"":""6.78 inches"",""Type"":""120Hz""},""Features"":{""BackFingerPrint"":0,""Bluetooth"":""Yes"",""InDisplayFingerPrint"":0,""Infrared port"":0,""NFC"":1,""Positioning"":""GPS"",""Radio"":1,""Sensors"":""Fingerprint (side-mounted), accelerometer, gyro, proximity, compass"",""SideFingerPrint"":1,""USB"":""USB Type-C 2.0, OTG"",""WLAN"":""Wi-Fi 802.11 a/b/g/n/ac, dual-band""},""Launch"":{""Announced"":""2023-12-05"",""Status"":""Available. Released 1 December 2023""},""Main Camera"":{""Features"":null,""Specifications"":[""108 MP, f/1.8, (wide), 1/1.67\"", 0.64µm, AF 2 MP (macro)""],""Video"":[""1440p@30fps"",""1080p@30fps""]},""Memory"":{""Card slot"":""microSDXC (dedicated slot)"",""Technology"":null,""Types"":[""8GB, 12GB RAM / 128GB, 256GB""]},""MobileName"":""Infinix Hot 40 Pro"",""Network"":{""2G"":1,""3G"":1,""4G"":1,""5G"":0},""Platform"":{""CPU"":""Octa-core (2x2.2 GHz Cortex-A76 & 6x2.0 GHz Cortex-A55)"",""Chipset"":""Mediatek Helio G99 (6 nm)"",""GPU"":""Mali-G57 MC2"",""OS"":""Android 13, XOS 13.5""},""Price"":[44999.0],""Selfie Camera"":{""Features"":null,""Specifications"":[],""Video"":[]},""Sound"":{""3.5mm jack"":1,""Loudspeaker"":""Yes, with stereo speakers""},""Weight"":null}"
e63e275d01f005f86f4b4d558fab50d0250bcf149f3ed858677b23a95c4b0688,mymobile,https://mymobile.pk/products/infinix-hot-40i/,mymobile.pk/mymobile__infinix-hot-40i.json,2026-08-14T11:03:09+00:00,3a4112035b703a2d2248b15830304a37ed205e0d605d8427592a872b30ffcbee,"{""Battery"":{""Capacity"":""5000 mAh"",""Charging"":[""18W wired""],""WirelessCharging"":0},""Body"":{""Build"":""Glass front, plastic back, plastic frame"",""Dimensions"":""163.6 x 75.6 x 8.3 mm"",""Protection"":""-"",""SIM"":""Nano-SIM"",""Weight"":""190 g""},""Colors"":[""Starlit Black"",""Palm Blue"",""Horizon Gold"",""Starfall Green""],""Display"":{""Protection"":""-"",""Resolution"":""720 x 1612 pixels (~269 ppi)"",""Size"":""6.56 inches"",""Type"":""90Hz""},""Features"":{""BackFingerPrint"":0,""Bluetooth"":""Yes"",""InDisplayFingerPrint"":0,""Infrared port"":0,""NFC"":1,""Positioning"":""GPS"",""Radio"":1,""Sensors"":""Fingerprint (side-mounted), accelerometer, proximity, compass"",""SideFingerPrint"":1,""USB"":""USB Type-C 2.0, OTG"",""WLAN"":""Wi-Fi 802.11 a/b/g/n/ac, dual-band""},""Launch"":{""Announced"":""2023, December 05"",""Status"":""Available. Released 1 December 2023""},""Main Camera"":{""Features"":null,""Specifications"":[""50 MP, f/1.6, 27mm (wide), 1/2.75\"", 0.64µm, AF Quad-LED flash, HDR, panorama""],""Video"":[""1080p@30fps""]},""Memory"":{""Card slot"":""microSDXC (dedicated slot)"",""Technology"":null,""Types"":[""8GB RAM / 128GB""]},""MobileName"":""Infinix Hot 40i"",""Network"":{""2G"":1,""3G"":1,""4G"":1,""5G"":0},""Platform"":{""CPU"":""Octa-core (2x1.6 GHz Cortex-A75 & 6x1.6 GHz Cortex-A55)"",""Chipset"":""Unisoc T606 (12 nm)"",""GPU"":""Mali-G57 MP1"",""OS"":""Android 13, XOS 13""},""Price"":[29599.0],""Selfie Camera"":{""Features"":null,""Specifications"":[],""Video"":[]},""Sound"":{""3.5mm jack"":1,""Loudspeaker"":""Yes""},""Weight"":null}"
74eac418ee3d40fdc6507785b17b5f3c223561f85228295530179d84b62b8f42,mymobile,https://mymobile.pk/products/infinix-hot-70-pro/,mymobile.pk/mymobile__infinix-hot-70-pro.json,2026-08-14T11:08:03+00:00,9aeac7bdb12143edc0fa9534ce3a11b714925dcc21e01d1d550e49b1787c3665,"{""Battery"":{""Capacity"":""6000 mAh"",""Charging"":[""45W wired, 50% in 25 min, 10W reverse wired, Bypass charging""],""WirelessCharging"":0},""Body"":{""Build"":""IP68 dust tight and water resistant (immersible up to 2m for 30 min)"",""Dimensions"":""166.9 x 79.5 x 7.9 mm"",""Protection"":""IP68 dust tight and water resistant"",""SIM"":""Nano-SIM"",""Weight"":""204 g""},""Colors"":[""Thermo Orange"",""Mirage Green"",""Silk Glow Purple"",""Depth Ring White"",""Night Pulse"",""Dive Blue""],""Display"":{""Protection"":""IPS LCD"",""Resolution"":""1080 x 2344 pixels"",""Size"":""6.76 inches"",""Type"":""144Hz""},""Features"":{""BackFingerPrint"":0,""Bluetooth"":""5.4, A2DP, LE"",""InDisplayFingerPrint"":0,""Infrared port"":1,""NFC"":1,""Positioning"":""GPS"",""Radio"":1,""Sensors"":""Fingerprint (side-mounted), accelerometer, gyro, proximity, compass"",""SideFingerPrint"":1,""USB"":""USB Type-C 2.0, OTG"",""WLAN"":""Wi-Fi 802.11 a/b/g/n/ac, dual-band""},""Launch"":{""Announced"":""2026, July 16"",""Status"":""Available. Released 10 August 2026""},""Main Camera"":{""Features"":null,""Specifications"":[""50 MP, f/1.8, 25mm (wide), 1/1.95\"", PDAF Dual-LED flash, HDR, panorama""],""Video"":[""1440p@30fps"",""1080p@30/60fps""]},""Memory"":{""Card slot"":""microSDXC (dedicated slot)"",""Technology"":null,""Types"":[""6GB, 8GB RAM / 128GB, 256GB""]},""MobileName"":""Infinix Hot 70 Pro"",""Network"":{""2G"":1,""3G"":1,""4G"":1,""5G"":1},""Platform"":{""CPU"":""Octa-core (4x2.4 GHz Cortex-A78 & 4x2.0 GHz Cortex-A55)"",""Chipset"":""Mediatek Dimensity 7100 (6 nm)"",""GPU"":""Mali-G610 MC2"",""OS"":""Android 16, up to 3 major OS updates, XOS 16""},""Price"":[84999.0],""Selfie Camera"":{""Features"":null,""Specifications"":[],""Video"":[]},""Sound"":{""3.5mm jack"":1,""Loudspeaker"":""Yes, with stereo speakers""},""Weight"":null}"
13fab7900804959e2b23c6a8d601f77f01abaa6b58b5dd3f15097f6057ea3910,mymobile,https://mymobile.pk/products/infinix-hot-70/,mymobile.pk/mymobile__infinix-hot-70.json,2026-08-14T11:06:50+00:00,7f804731ab88c80d5d6195baf4d6bc161c896a64f8e35205a29325e4166e4dcd,"{""Battery"":{""Capacity"":""6000 mAh"",""Charging"":[""45W wired, 50% in 25 min10W reverse wiredBypass charging""],""WirelessCharging"":0},""Body"":{""Build"":""Glass front, plastic back, plastic frame"",""Dimensions"":""167.9 x 79.1 x 7.5 mm"",""Protection"":""IP65 dust tight and water resistant"",""SIM"":""Dual SIM (Nano-SIM, dual stand-by)"",""Weight"":""195 g""},""Colors"":[""Night Pulse"",""Dive Blue"",""Silver Dancer"",""Thermo Orange"",""Green Texture"",""Quiet Violet""],""Display"":{""Protection"":null,""Resolution"":""720 x 1576 pixels (~256 ppi)"",""Size"":""6.78 inches"",""Type"":""120Hz""},""Features"":{""BackFingerPrint"":0,""Bluetooth"":""5.4, A2DP, LE"",""InDisplayFingerPrint"":0,""Infrared port"":1,""NFC"":1,""Positioning"":""GPS"",""Radio"":1,""Sensors"":""Fingerprint (side-mounted), accelerometer, gyro, proximity, compass"",""SideFingerPrint"":1,""USB"":""USB Type-C 2.0, OTG"",""WLAN"":""Wi-Fi 802.11 a/b/g/n/ac, dual-band""},""Launch"":{""Announced"":""2026-05-25"",""Status"":""Available. Released 25 May 2026""},""Main Camera"":{""Features"":null,""Specifications"":[""50 MP, f/1.9, (wide), AF Dual-LED flash, HDR, panorama""],""Video"":[""1440p@30fps"",""1080p@30fps""]},""Memory"":{""Card slot"":""microSDXC"",""Technology"":null,""Types"":[""4GB, 6GB, 8GB RAM / 128GB""]},""MobileName"":""Infinix Hot 70"",""Network"":{""2G"":1,""3G"":1,""4G"":1,""5G"":0},""Platform"":{""CPU"":""Octa-core (2x2.2 GHz Cortex-A76 & 6x2.0 GHz Cortex-A55)"",""Chipset"":""Mediatek Helio G100 Ultimate (6 nm)"",""GPU"":""Mali-G52 MC2"",""OS"":""Android 16, up to 3 major Android upgrades, XOS 16""},""Price"":[44999.0],""Selfie Camera"":{""Features"":null,""Specifications"":[],""Video"":[]},""Sound"":{""3.5mm jack"":1,""Loudspeaker"":""Yes, with stereo speakers""},""Weight"":null}"
7e8c91315e2751131a8fbd82592fa6628b861596f9de1002fb773416938d064e,mymobile,https://mymobile.pk/products/infinix-note-30-pro/,mymobile.pk/mymobile__infinix-note-30-pro.json,2026-08-14T11:07:19+00:00,809293a6cd95905bdd4716ba1751dfb9414b7301f26460b2d24e8334fef14c0a,"{""Battery"":{""Capacity"":""5000 mAh"",""Charging"":[""68W wired, PD3.0, 80% in 30 min15W wirelessReverse wireless""],""WirelessCharging"":1},""Body"":{""Build"":""Glass front, plastic frame, glass back"",""Dimensions"":""162.7 x 76 x 8.2 mm"",""Protection"":""IP53 dust protected and water resistant"",""SIM"":""Dual SIM (Nano-SIM, dual stand-by)"",""Weight"":""203 g""},""Colors"":[""Magic Black"",""Variable Gold""],""Display"":{""Protection"":null,""Resolution"":""1080 x 2400 pixels (~395 ppi)"",""Size"":""6.67 inches"",""Type"":""120Hz""},""Features"":{""BackFingerPrint"":0,""Bluetooth"":""Yes"",""InDisplayFingerPrint"":0,""Infrared port"":0,""NFC"":1,""Positioning"":""GPS"",""Radio"":1,""Sensors"":""Fingerprint (side-mounted), accelerometer, gyro, proximity, compass"",""SideFingerPrint"":1,""USB"":""USB Type-C 2.0, OTG"",""WLAN"":""Wi-Fi 802.11 a/b/g/n/ac, dual-band, Wi-Fi Direct""},""Launch"":{""Announced"":""2023-05-22"",""Status"":""Available. Released 22 May 2023""},""Main Camera"":{""Features"":null,""Specifications"":[""108 MP, (wide), 1/1.67\"", PDAF 2 MP (macro) Quad-LED flash, HDR, panorama""],""Video"":[""1440p@30fps"",""1080p@30fps""]},""Memory"":{""Card slot"":""microSDXC"",""Technology"":null,""Types"":[""8GB RAM / 256GB""]},""MobileName"":""Infinix Note 30 Pro"",""Network"":{""2G"":1,""3G"":1,""4G"":1,""5G"":0},""Platform"":{""CPU"":""Octa-core (2x2.2 GHz Cortex-A76 & 6x2.0 GHz Cortex-A55)"",""Chipset"":""Mediatek Helio G99 (6 nm)"",""GPU"":""Mali-G57 MC2"",""OS"":""Android 13, XOS 13""},""Price"":[52999.0],""Selfie Camera"":{""Features"":null,""Specifications"":[],""Video"":[]},""Sound"":{""3.5mm jack"":1,""Loudspeaker"":""Yes, with dual speakers""},""Weight"":null}"
1ca286a5dfafe4cfb3e21376fb9e2fb1d80d08bac9f05e93681b22dd135a0da5,mymobile,https://mymobile.pk/products/infinix-note-40-pro/,mymobile.pk/mymobile__infinix-note-40-pro.json,2026-08-14T11:08:13+00:00,c9cb62fca9657b6c38d344750a25121e9cb1c3a0848e3cf6a6ac376792cbde74,"{""Battery"":{""Capacity"":""5000 mAh"",""Charging"":[""45W wired, 50% in 26 min20W wireless MagChargeReverse wiredReverse wireless""],""WirelessCharging"":1},""Body"":{""Build"":""Dimensions 164.3 x 74.5 x 8.1 mm (6.47 x 2.93 x 0.32 in)"",""Dimensions"":""164.3 x 74.5 x 8.1 mm"",""Protection"":""IP53 dust protected and water resistant"",""SIM"":""Nano-SIM"",""Weight"":""190 g""},""Colors"":[""Vintage Green"",""Titan Gold"",""Racing Edition""],""Display"":{""Protection"":""Corning Gorilla Glass"",""Resolution"":""1080 x 2436 pixels (~393 ppi)"",""Size"":""6.78 inches"",""Type"":""120Hz""},""Features"":{""BackFingerPrint"":0,""Bluetooth"":""Yes"",""InDisplayFingerPrint"":1,""Infrared port"":1,""NFC"":1,""Positioning"":""GPS"",""Radio"":1,""Sensors"":""Fingerprint (under display, optical), accelerometer, gyro, proximity, compass"",""SideFingerPrint"":0,""USB"":""USB Type-C 2.0, OTG"",""WLAN"":""Wi-Fi 802.11 a/b/g/n/ac, dual-band""},""Launch"":{""Announced"":""2024, March 18"",""Status"":""Available. Released 19 March 2024""},""Main Camera"":{""Features"":null,""Specifications"":[""Triple 108 MP, f/1.8, (wide), PDAF, OIS 2 MP, f/2.4 2 MP, f/2.4""],""Video"":[""1440p@30fps"",""1080p@30/60fps""]},""Memory"":{""Card slot"":""Unspecified"",""Technology"":null,""Types"":[""12GB RAM / 256GB""]},""MobileName"":""Infinix Note 40 Pro"",""Network"":{""2G"":1,""3G"":1,""4G"":1,""5G"":1},""Platform"":{""CPU"":""Octa-core (2x2.2 GHz Cortex-A78 & 6x2.0 GHz Cortex-A55)"",""Chipset"":""Mediatek Dimensity 7020 (6 nm)"",""GPU"":""IMG BXM-8-256"",""OS"":""Android 14, XOS 14""},""Price"":[63899.0],""Selfie Camera"":{""Features"":null,""Specifications"":[],""Video"":[]},""Sound"":{""3.5mm jack"":0,""Loudspeaker"":""Yes, with stereo speakers""},""Weight"":null}"
1809edbf46e9320d182f3d2dfc7202d72096bc67598559bb5f2635af4441382c,mymobile,https://mymobile.pk/products/infinix-note-40/,mymobile.pk/mymobile__infinix-note-40.json,2026-08-14T11:07:14+00:00,8a6675700422b4bb6161fdb3273000f4642fde90be249db4ad3050038a22ec3d,"{""Battery"":{""Capacity"":""5000 mAh"",""Charging"":[""45W wired, 50% in 26 min20W wireless MagChargeReverse wiredReverse wireless""],""WirelessCharging"":1},""Body"":{""Build"":""Dimensions 164.1 x 74.5 x 7.8 mm (6.46 x 2.93 x 0.31 in)"",""Dimensions"":""164.1 x 74.5 x 7.8 mm"",""Protection"":""IP54 dust protected and water resistant"",""SIM"":""Nano-SIM"",""Weight"":""190 g""},""Colors"":[""Titan Gold"",""Obsidian Black"",""Racing Edition""],""Display"":{""Protection"":""Corning Gorilla Glass"",""Resolution"":""1080 x 2436 pixels (~393 ppi)"",""Size"":""6.78 inches"",""Type"":""120Hz""},""Features"":{""BackFingerPrint"":0,""Bluetooth"":""Yes"",""InDisplayFingerPrint"":1,""Infrared port"":0,""NFC"":1,""Positioning"":""GPS"",""Radio"":1,""Sensors"":""Fingerprint (under display, optical), accelerometer, gyro, proximity, compass"",""SideFingerPrint"":0,""USB"":""USB Type-C 2.0, OTG"",""WLAN"":""Wi-Fi 802.11 a/b/g/n/ac, dual-band""},""Launch"":{""Announced"":""2024-03-18"",""Status"":""Available. Released 19 March 2024""},""Main Camera"":{""Features"":null,""Specifications"":[""108 MP, f/1.9, (wide), 1/1.52\"", PDAF 2 MP, f/2.4 3rd unspecified camera""],""Video"":[""1440p@30fps"",""1080p@30/60fps""]},""Memory"":{""Card slot"":""Unspecified"",""Technology"":null,""Types"":[""8GB RAM / 256GB""]},""MobileName"":""Infinix Note 40"",""Network"":{""2G"":1,""3G"":1,""4G"":1,""5G"":0},""Platform"":{""CPU"":""Octa-core (2x2.2 GHz Cortex-A76 & 6x2.0 GHz Cortex-A55)"",""Chipset"":""Mediatek Helio G99 Ultimate"",""GPU"":""Mali-G57 MC2"",""OS"":""Android 14, XOS 14""},""Price"":[57999.0],""Selfie Camera"":{""Features"":null,""Specifications"":[],""Video"":[]},""Sound"":{""3.5mm jack"":0,""Loudspeaker"":""Yes, with stereo speakers""},""Weight"":null}"
127b86b3b003198ee601f290106acad35c0637bf08de9d4dcff2a7ee04380899,mymobile,https://mymobile.pk/products/infinix-smart-20/,mymobile.pk/mymobile__infinix-smart-20.json,2026-08-14T11:05:43+00:00,cd60a40961aab6766196addbf028febf8797a37d9182e4fe5c06970b5616e3f2,"{""Battery"":{""Capacity"":""5200 mAh"",""Charging"":[""15W wired, 5W reverse wired""],""WirelessCharging"":0},""Body"":{""Build"":""Glass front, plastic back, plastic frame"",""Dimensions"":""167.7 x 78.8 x 7.7 mm"",""Protection"":""IP64 dust tight and water resistant (water splashes)"",""SIM"":""Nano-SIM"",""Weight"":""189 grams""},""Colors"":[""Shadow Black"",""Cloudline Blue"",""Polaris Titanium"",""Sunlike Orange""],""Display"":{""Protection"":null,""Resolution"":""720 x 1600 pixels (~259 ppi)"",""Size"":""6.78 inches"",""Type"":""120Hz""},""Features"":{""BackFingerPrint"":0,""Bluetooth"":""5.0 with A2DP, LE"",""InDisplayFingerPrint"":0,""Infrared port"":1,""NFC"":1,""Positioning"":""Yes + A-GPS support"",""Radio"":1,""Sensors"":""Fingerprint (side-mounted), accelerometer, proximity, compass"",""SideFingerPrint"":1,""USB"":""USB Type-C 2.0, OTG"",""WLAN"":""Wi-Fi 802.11 a/b/g/n/ac, dual-band""},""Launch"":{""Announced"":""2026, March 04"",""Status"":""Available. Released 1 March 2026""},""Main Camera"":{""Features"":null,""Specifications"":[""8 MP, f/2.0, (wide), 1/4.0\"", AF, Dual LED Flash Features: panorama, Video (1440p@30fps, 1080p@30fps)""],""Video"":[""1440p@30fps"",""1080p@30fps""]},""Memory"":{""Card slot"":""microSDXC (dedicated slot)"",""Technology"":null,""Types"":[""4GB RAM / 64GB, 128GB""]},""MobileName"":""Infinix Smart 20"",""Network"":{""2G"":1,""3G"":1,""4G"":1,""5G"":0},""Platform"":{""CPU"":""Octa-core (2 x 2.0 GHz Cortex-A75 + 6 x 1.8 GHz Cortex-A55)"",""Chipset"":""Mediatek Helio G81 Ultimate (12 nm)"",""GPU"":""Mali-G52 MC2"",""OS"":""Android 16, XOS 16""},""Price"":[32499.0],""Selfie Camera"":{""Features"":null,""Specifications"":[],""Video"":[]},""Sound"":{""3.5mm jack"":1,""Loudspeaker"":""Yes""},""Weight"":null}"
e1390c2cbafdedd71bbf06bcb519c4a6e59129ced85689554fb817ea0b8adcc3,mymobile,https://mymobile.pk/products/infinix-smart-8-plus/,mymobile.pk/mymobile__infinix-smart-8-plus.json,2026-08-14T11:04:13+00:00,c34db2aeb5491326ebfa0a8fbcfce005df66a971d07d33434215f6cefa6ff146,"{""Battery"":{""Capacity"":""6000 mAh"",""Charging"":[""18W wired, reverse wired""],""WirelessCharging"":0},""Body"":{""Build"":""Glass front, plastic back, plastic frame"",""Dimensions"":""163.7 x 75.7 x 9 mm"",""Protection"":null,""SIM"":""Dual SIM (Nano-SIM, dual stand-by)"",""Weight"":""204 g""},""Colors"":[""Galaxy White"",""Shiny Gold"",""Timber Black""],""Display"":{""Protection"":null,""Resolution"":""720 x 1612 pixels (~267 ppi)"",""Size"":""6.6 inches"",""Type"":""90Hz""},""Features"":{""BackFingerPrint"":0,""Bluetooth"":""5.0, A2DP, LE"",""InDisplayFingerPrint"":0,""Infrared port"":0,""NFC"":0,""Positioning"":""GPS"",""Radio"":1,""Sensors"":""Fingerprint (side-mounted), accelerometer, proximity, compass"",""SideFingerPrint"":0,""USB"":""USB Type-C 2.0, OTG"",""WLAN"":""Wi-Fi 802.11 a/b/g/n/ac, dual-band""},""Launch"":{""Announced"":""2024-01-30"",""Status"":""Available. Released 1 February 2024""},""Main Camera"":{""Features"":null,""Specifications"":[""50 MP, f/1.9, (wide), AF""],""Video"":[""1080p@30fps""]},""Memory"":{""Card slot"":""microSDXC"",""Technology"":null,""Types"":[""4GB RAM / 64GB, 128GB""]},""MobileName"":""Infinix Smart 8 Plus"",""Network"":{""2G"":1,""3G"":1,""4G"":1,""5G"":0},""Platform"":{""CPU"":""Octa-core (4x2.2 GHz Cortex-A53 & 4x1.6 GHz Cortex-A53)"",""Chipset"":""Mediatek Helio G36 (12 nm)"",""GPU"":""PowerVR GE8320"",""OS"":""Android 13 (Go edition), XOS 13""},""Price"":[26999.0],""Selfie Camera"":{""Features"":null,""Specifications"":[],""Video"":[]},""Sound"":{""3.5mm jack"":1,""Loudspeaker"":""Yes""},""Weight"":null}"
a36f08a596827990459f92aa06fc4fc0ca5a6ec61e2384747a6994b1da97ea09,mymobile,https://mymobile.pk/products/infinix-smart-8-pro/,mymobile.pk/mymobile__infinix-smart-8-pro.json,2026-08-14T11:03:39+00:00,9f1cb6c50a7d15ecb81c9d9f87390fbfadcf934fa84881bf4f9c8087e487dc90,"{""Battery"":{""Capacity"":""5000 mAh"",""Charging"":[""10W wired, reverse wired""],""WirelessCharging"":0},""Body"":{""Build"":""Glass front, plastic back, plastic frame"",""Dimensions"":""163.6 x 75.6 x 8.5 mm"",""Protection"":null,""SIM"":""Dual SIM (Nano-SIM, dual stand-by)"",""Weight"":""189 g""},""Colors"":[""Rainbow Blue"",""Galaxy White"",""Shiny Gold"",""Timber Black""],""Display"":{""Protection"":null,""Resolution"":""720 x 1612 pixels (~267 ppi)"",""Size"":""6.6 inches"",""Type"":""90Hz""},""Features"":{""BackFingerPrint"":0,""Bluetooth"":""5.0, A2DP, LE"",""InDisplayFingerPrint"":0,""Infrared port"":0,""NFC"":0,""Positioning"":""GPS"",""Radio"":1,""Sensors"":""Fingerprint (side-mounted), accelerometer, gyro, proximity, compass"",""SideFingerPrint"":1,""USB"":""USB Type-C 2.0, OTG"",""WLAN"":""Wi-Fi 802.11 a/b/g/n/ac, dual-band""},""Launch"":{""Announced"":""2024-01-29"",""Status"":""Available. Released 1 February 2024""},""Main Camera"":{""Features"":null,""Specifications"":[""50 MP, f/1.9, (wide), AF""],""Video"":[""1080p@30fps""]},""Memory"":{""Card slot"":""microSDXC (dedicated slot)"",""Technology"":null,""Types"":[""4GB RAM / 128GB""]},""MobileName"":""Infinix Smart 8 Pro"",""Network"":{""2G"":1,""3G"":1,""4G"":1,""5G"":0},""Platform"":{""CPU"":""Octa-core (4x2.2 GHz Cortex-A53 & 4x1.6 GHz Cortex-A53)"",""Chipset"":""Mediatek Helio G36 (12 nm)"",""GPU"":""PowerVR GE8320"",""OS"":""Android 13 (Go edition), XOS 13""},""Price"":[27999.0],""Selfie Camera"":{""Features"":null,""Specifications"":[],""Video"":[]},""Sound"":{""3.5mm jack"":1,""Loudspeaker"":""Yes""},""Weight"":null}"
e7a4577fb3f945edfabdedd34e667dcbf569b736d68f180aa8ffdad20ee2e944,mymobile,https://mymobile.pk/products/infinix-smart-9/,mymobile.pk/mymobile__infinix-smart-9.json,2026-08-14T11:03:45+00:00,a11e59bfff4eb0b5ed5bf05e03a238bc9e068cc99683feb1a8c80b25e447865a,"{""Battery"":{""Capacity"":""5000 mAh"",""Charging"":[""10W wired, reverse wired""],""WirelessCharging"":0},""Body"":{""Build"":""Glass front, plastic back, plastic frame"",""Dimensions"":""165.7 x 77.1 x 8.4 mm"",""Protection"":""IP54 dust protected and water resistant"",""SIM"":""Dual SIM (Nano-SIM, dual stand-by)"",""Weight"":""188 g""},""Colors"":[""Metallic Black"",""Neo Titanium"",""Mint Green"",""Sandstone Gold""],""Display"":{""Protection"":null,""Resolution"":""720 x 1600 pixels (~262 ppi)"",""Size"":""6.7 inches"",""Type"":""120Hz""},""Features"":{""BackFingerPrint"":0,""Bluetooth"":""Yes"",""InDisplayFingerPrint"":0,""Infrared port"":1,""NFC"":0,""Positioning"":""GPS"",""Radio"":1,""Sensors"":""Fingerprint (side-mounted), accelerometer, proximity, compass"",""SideFingerPrint"":1,""USB"":""USB Type-C 2.0, OTG"",""WLAN"":""Wi-Fi 802.11 a/b/g/n/ac, dual-band""},""Launch"":{""Announced"":""2024-09-23"",""Status"":""Available. Released 1 October 2024""},""Main Camera"":{""Features"":null,""Specifications"":[""13 MP, f/1.9, 27mm (wide), 1/3.07\"", 1.12µm, AF Features: LED flash, HDR, panorama Video: 1080p@30fps""],""Video"":[""1080p@30fps""]},""Memory"":{""Card slot"":""microSDXC (dedicated slot)"",""Technology"":null,""Types"":[""3GB, 4GB, 6GB RAM / 64GB, 128GB""]},""MobileName"":""Infinix Smart 9"",""Network"":{""2G"":1,""3G"":1,""4G"":1,""5G"":0},""Platform"":{""CPU"":""Octa-core (2x2.0 GHz Cortex-A75 & 6x1.7 GHz Cortex-A55)"",""Chipset"":""Mediatek Helio G81"",""GPU"":""Mali-G52 MC2"",""OS"":""Android 14 (Go edition), XOS 14""},""Price"":[26999.0],""Selfie Camera"":{""Features"":null,""Specifications"":[],""Video"":[]},""Sound"":{""3.5mm jack"":1,""Loudspeaker"":""Yes, with stereo speakers""},""Weight"":null}"
152e829ac65b28b3c5c627b47d7d95c971feb5f83d39300809427f3a10b5120b,mymobile,https://mymobile.pk/products/infinix-zero-30/,mymobile.pk/mymobile__infinix-zero-30.json,2026-08-14T11:08:28+00:00,ff020db3aded3ed13a36553219d2a37c4de6250a2142c5d817c409888a911d0d,"{""Battery"":{""Capacity"":""5000 mAh"",""Charging"":[""68W wired, 80% in 30 min""],""WirelessCharging"":0},""Body"":{""Build"":""Glass front (Gorilla Glass 5), glass back (Gorilla Glass 5) or eco leather back, plastic frame"",""Dimensions"":""164.5 x 75 x 7.9 mm"",""Protection"":""IP53 dust protected and water resistant"",""SIM"":""Nano-SIM"",""Weight"":""185 g""},""Colors"":[""Rome Green"",""Golden Hour"",""Fantasy Purple""],""Display"":{""Protection"":""Corning Gorilla Glass 5"",""Resolution"":""1080 x 2400 pixels"",""Size"":""6.78 inches"",""Type"":""144Hz""},""Features"":{""BackFingerPrint"":0,""Bluetooth"":""Yes"",""InDisplayFingerPrint"":1,""Infrared port"":0,""NFC"":1,""Positioning"":""GPS"",""Radio"":1,""Sensors"":""Fingerprint (under display, optical), accelerometer, gyro, proximity, compass"",""SideFingerPrint"":0,""USB"":""USB Type-C 2.0, OTG"",""WLAN"":""Wi-Fi 802.11 a/b/g/n/ac/6, dual-band""},""Launch"":{""Announced"":""2023, September 01"",""Status"":""Available. Released 1 September 2023""},""Main Camera"":{""Features"":null,""Specifications"":[""Triple 108 MP, f/1.7, (wide), 1/1.67\"", PDAF, OIS 13 MP, f/2.2, 120˚ (ultrawide) 2 MP, f/2.4""],""Video"":[""4K@30/60fps"",""1080p@30/60fps""]},""Memory"":{""Card slot"":""No"",""Technology"":null,""Types"":[""8GB RAM / 256GB""]},""MobileName"":""Infinix Zero 30"",""Network"":{""2G"":1,""3G"":1,""4G"":1,""5G"":1},""Platform"":{""CPU"":""Octa-core (4x2.6 GHz Cortex-A78 & 4x2.0 GHz Cortex-A55)"",""Chipset"":""Mediatek Dimensity 8020 (6 nm)"",""GPU"":""Mali-G77 MC9"",""OS"":""Android 13, XOS 13""},""Price"":[64999.0],""Selfie Camera"":{""Features"":null,""Specifications"":[],""Video"":[]},""Sound"":{""3.5mm jack"":0,""Loudspeaker"":""Yes, with dual speakers""},""Weight"":null}"
4943b8dbafcffdb862701380603703e7d96513059e1a6f26a8ec04189d979dd0,mymobile,https://mymobile.pk/products/iphone-13/,mymobile.pk/mymobile__iphone-13.json,2026-08-14T10:58:35+00:00,92754f88947eb83729090e066c6d40f7db8dbff479e64c19642677facfa3741d,"{""Battery"":{""Capacity"":""3240 mAh"",""Charging"":[""Wired, PD2.0, 50% in 30 min15W wireless (MagSafe)15W wireless (Qi2) - requires iOS 17.2 update""],""WirelessCharging"":1},""Body"":{""Build"":""Glass front, glass back, aluminum frame"",""Dimensions"":""146.7 x 71.5 x 7.7 mm"",""Protection"":""IP68 dust tight and water resistant (immersible up to 6m for 30 min)"",""SIM"":""Nano-SIM + eSIM, Nano-SIM"",""Weight"":""174 g""},""Colors"":[""Starlight"",""Midnight"",""Blue"",""Pink"",""Red"",""Green""],""Display"":{""Protection"":""Ceramic Shield glass"",""Resolution"":""1170 x 2532 pixels (~460 ppi)"",""Size"":""6.1 inches"",""Type"":""60Hz""},""Features"":{""BackFingerPrint"":0,""Bluetooth"":""5.0, A2DP, LE"",""InDisplayFingerPrint"":0,""Infrared port"":0,""NFC"":1,""Positioning"":""GPS, GLONASS, GALILEO, BDS, QZSS"",""Radio"":0,""Sensors"":""Face ID, accelerometer, gyro, proximity, compass, barometerUltra Wideband (UWB) support"",""SideFingerPrint"":0,""USB"":""Lightning, USB 2.0"",""WLAN"":""Wi-Fi 802.11 a/b/g/n/ac/6, dual-band, hotspot""},""Launch"":{""Announced"":""2021, September 14"",""Status"":""Available. Released 24 September 2021""},""Main Camera"":{""Features"":null,""Specifications"":[""12 MP, f/1.6, 26mm (wide), dual pixel PDAF, sensor-shift OIS 12 MP, f/2.4, 120˚, 13mm (ultrawide)""],""Video"":[""4K@24/25/30/60fps"",""1080p@25/30/60/120/240fps"",""HDR"",""Dolby Vision HDR (up to 60fps)"",""stereo sound rec.""]},""Memory"":{""Card slot"":""No"",""Technology"":null,""Types"":[""4GB RAM / 128GB, 256GB, 512GB""]},""MobileName"":""Apple iPhone 13"",""Network"":{""2G"":1,""3G"":1,""4G"":1,""5G"":1},""Platform"":{""CPU"":""Hexa-core (2x3.23 GHz Avalanche + 4x1.82 GHz Blizzard)"",""Chipset"":""Apple A15 Bionic (5 nm)"",""GPU"":""Apple GPU (4-core graphics)"",""OS"":""iOS 15, upgradable to iOS 26.6""},""Price"":[189999.0],""Selfie Camera"":{""Features"":null,""Specifications"":[],""Video"":[]},""Sound"":{""3.5mm jack"":0,""Loudspeaker"":""Yes, with stereo speakers""},""Weight"":null}"
8f807756ab75c0b0e08d51dd5f5518741058d35552ada025111b98a5efed8e93,mymobile,https://mymobile.pk/products/iphone-14/,mymobile.pk/mymobile__iphone-14.json,2026-08-14T10:57:53+00:00,ed03e86fb9595040251dcf2ce1e54a6011345f70b357d58d97bca44b90e530c2,"{""Battery"":{""Capacity"":""3279 mAh"",""Charging"":[""Wired, PD2.0, 50% in 30 min15W wireless (MagSafe)15W wireless (Qi2) - requires iOS 17.2 update""],""WirelessCharging"":1},""Body"":{""Build"":""Glass front, glass back, aluminum frame"",""Dimensions"":""146.7 x 71.5 x 7.8 mm"",""Protection"":""IP68 dust tight and water resistant (immersible up to 6m for 30 min)"",""SIM"":""Nano-SIM"",""Weight"":""172 g""},""Colors"":[""Midnight"",""Purple"",""Starlight"",""Blue"",""Red"",""Yellow""],""Display"":{""Protection"":""Ceramic Shield glass"",""Resolution"":""1170 x 2532 pixels (~460 ppi)"",""Size"":""6.1 inches"",""Type"":""60Hz""},""Features"":{""BackFingerPrint"":0,""Bluetooth"":""5.3, A2DP, LE"",""InDisplayFingerPrint"":0,""Infrared port"":0,""NFC"":1,""Positioning"":""GPS, GLONASS, GALILEO, BDS, QZSS"",""Radio"":0,""Sensors"":""Face ID, accelerometer, gyro, proximity, compass, barometerUltra Wideband (UWB) supportEmergency SOS via satellite (SMS sending/receiving)"",""SideFingerPrint"":0,""USB"":""Lightning, USB 2.0"",""WLAN"":""Wi-Fi 802.11 a/b/g/n/ac/6, dual-band, hotspot""},""Launch"":{""Announced"":""2022, September 07"",""Status"":""Available. Released 16 September 2022""},""Main Camera"":{""Features"":null,""Specifications"":[""12 MP, f/1.5, 26mm (wide), 1/1.7\"", 1.9µm, dual pixel PDAF, sensor-shift OIS 12 MP, f/2.4, 13mm, 120˚ (ultrawide)""],""Video"":[""4K@24/25/30/60fps"",""1080p@25/30/60/120/240fps"",""HDR"",""Dolby Vision HDR (up to 60fps)"",""stereo sound rec.""]},""Memory"":{""Card slot"":""No"",""Technology"":null,""Types"":[""6GB RAM / 128GB, 256GB, 512GB""]},""MobileName"":""Apple iPhone 14"",""Network"":{""2G"":1,""3G"":1,""4G"":1,""5G"":1},""Platform"":{""CPU"":""Hexa-core (2x3.23 GHz Avalanche + 4x1.82 GHz Blizzard)"",""Chipset"":""Apple A15 Bionic (5 nm)"",""GPU"":""Apple GPU (5-core graphics)"",""OS"":""iOS 16, upgradable to iOS 26.6""},""Price"":[183999.0],""Selfie Camera"":{""Features"":null,""Specifications"":[],""Video"":[]},""Sound"":{""3.5mm jack"":0,""Loudspeaker"":""Yes, with stereo speakers""},""Weight"":null}"
b0e9282ea87e56d49ffbc282e8d46544aea773c147fdabd68f84ab30c038c01c,mymobile,https://mymobile.pk/products/iphone-15-plus/,mymobile.pk/mymobile__iphone-15-plus.json,2026-08-14T10:58:19+00:00,dcefe83ada729b0748519d4dbd2c7b1bb612f94d080608fb0454b145d5bad8a1,"{""Battery"":{""Capacity"":""4383 mAh"",""Charging"":[""Wired, PD2.0, 50% in 30 min15W wireless (MagSafe)15W wireless (Qi2) - requires iOS 17.2 update4.5W reverse wired""],""WirelessCharging"":1},""Body"":{""Build"":""Glass front, glass back, aluminum frame"",""Dimensions"":""160.9 x 77.8 x 7.8 mm"",""Protection"":""IP68 dust tight and water resistant (immersible up to 6m for 30 min)"",""SIM"":""Nano-SIM"",""Weight"":""201 g""},""Colors"":[""Black"",""Blue"",""Green"",""Yellow"",""Pink""],""Display"":{""Protection"":""Ceramic Shield glass"",""Resolution"":""1290 x 2796 pixels (~460 ppi)"",""Size"":""6.7 inches"",""Type"":""60Hz""},""Features"":{""BackFingerPrint"":0,""Bluetooth"":""5.3, A2DP, LE"",""InDisplayFingerPrint"":0,""Infrared port"":0,""NFC"":1,""Positioning"":""GPS, GLONASS, GALILEO, BDS, QZSS"",""Radio"":0,""Sensors"":""Face ID, accelerometer, gyro, proximity, compass, barometerUltra Wideband (UWB) support (gen2 chip)"",""SideFingerPrint"":0,""USB"":""USB Type-C 2.0, DisplayPort"",""WLAN"":""Wi-Fi 802.11 a/b/g/n/ac/6, dual-band, hotspot""},""Launch"":{""Announced"":""2023, September 12"",""Status"":""Available. Released 22 September 2023""},""Main Camera"":{""Features"":null,""Specifications"":[""Dual 48 MP, f/1.6, 26mm (wide), 1/1.56\"", 1.0µm, dual pixel PDAF, sensor-shift OIS 12 MP, f/2.4, 13mm, 120˚ (ultrawide), 0.7µm""],""Video"":[""4K@24/25/30/60fps"",""1080p@25/30/60/120/240fps"",""HDR"",""Dolby Vision HDR (up to 60fps)"",""stereo sound rec.""]},""Memory"":{""Card slot"":""No"",""Technology"":null,""Types"":[""6GB RAM / 128GB, 256GB, 512GB""]},""MobileName"":""Apple iPhone 15 Plus"",""Network"":{""2G"":1,""3G"":1,""4G"":1,""5G"":1},""Platform"":{""CPU"":""Hexa-core (2x3.46 GHz Everest + 4x2.02 GHz Sawtooth)"",""Chipset"":""Apple A16 Bionic (4 nm)"",""GPU"":""Apple GPU (5-core graphics)"",""OS"":""iOS 17, upgradable to iOS 26.6""},""Price"":[377100.0],""Selfie Camera"":{""Features"":null,""Specifications"":[],""Video"":[]},""Sound"":{""3.5mm jack"":0,""Loudspeaker"":""Yes, with stereo speakers""},""Weight"":null}"
f5c0168081a025c1f71da889bc9b5659f09b36a3465cd81aac705379ee9f869f,mymobile,https://mymobile.pk/products/iphone-18-pro-max/,mymobile.pk/mymobile__iphone-18-pro-max.json,2026-08-14T10:57:30+00:00,6752a251363a1a00cebe0509df050847d6690a2e638822c4b9b79984e3044379,"{""Battery"":{""Capacity"":""5100 mAh"",""Charging"":[""Wired, PD3.2, AVS, 50% in 20 min25W wireless MagSafe/Qi2, 50% in 30 min""],""WirelessCharging"":1},""Body"":{""Build"":""Glass front (Ceramic Shield 2), aluminum frame, aluminum back/ glass back (Ceramic Shield)"",""Dimensions"":""9.0 mm thickness"",""Protection"":""IP68 dust tight and water resistant (immersible up to 6m for 30 min)"",""SIM"":""Nano-SIM"",""Weight"":""240 g""},""Colors"":[""Coffee Brown"",""Purple"",""Burgundy""],""Display"":{""Protection"":""Ceramic Shield 2"",""Resolution"":""1320 x 2868 pixels (~460 ppi)"",""Size"":""6.9 inches"",""Type"":""120Hz""},""Features"":{""BackFingerPrint"":0,""Bluetooth"":""6.0, A2DP, LE"",""InDisplayFingerPrint"":0,""Infrared port"":0,""NFC"":1,""Positioning"":""GPS (L1+L5), GLONASS, GALILEO, BDS, QZSS, NavIC"",""Radio"":0,""Sensors"":""Face ID, accelerometer, gyro, proximity, compass, barometer, Ultra Wideband (UWB) support (gen2 chip)"",""SideFingerPrint"":0,""USB"":""USB Type-C 3.2 Gen 2, DisplayPort"",""WLAN"":""Wi-Fi 802.11 a/b/g/n/ac/6e/7, tri-band, hotspot""},""Launch"":{""Announced"":""2026-09-09"",""Status"":""Coming Soon. Released 9 September 2026 (Expected)""},""Main Camera"":{""Features"":null,""Specifications"":[""Triple Camera: 48 MP, f/1.6-4.0, 24mm (wide), dual pixel PDAF, sensor-shift OIS 48 MP, f/2.8, 100mm (periscope telephoto), PDAF, 3D sensor‑shift OIS, 4x optical zoom 48 MP, f/2.2, 13mm, 120˚ (ultrawide), PDAF TOF 3D LiDAR scanner (depth)""],""Video"":[""4K@24/25/30/60/100/120fps"",""1080p@25/30/60/120/240fps"",""10-bit HDR"",""Dolby Vision HDR (up to 120fps)"",""ProRes"",""ProRes RAW (up to 120fps)"",""Apple Log 2"",""3D (spatial) video/audio"",""stereo sound rec.""]},""Memory"":{""Card slot"":""No"",""Technology"":null,""Types"":[""12GB RAM / 256GB, 512GB, 1TB, 2TB""]},""MobileName"":""iPhone 18 Pro Max"",""Network"":{""2G"":1,""3G"":1,""4G"":1,""5G"":1},""Platform"":{""CPU"":""Hexa-core (2x GHz + 4x GHz)"",""Chipset"":""Apple A20 Pro (2 nm)"",""GPU"":""Apple GPU (8-core graphics)"",""OS"":""iOS 27""},""Price"":[700000.0],""Selfie Camera"":{""Features"":null,""Specifications"":[],""Video"":[]},""Sound"":{""3.5mm jack"":0,""Loudspeaker"":""Yes, with stereo speakers""},""Weight"":null}"
2d0b0b72b2ad0752777354bec00cb7cf3564b072d08c4aa9dfa410c0e52c4097,mymobile,https://mymobile.pk/products/itel-a05s/,mymobile.pk/mymobile__itel-a05s.json,2026-08-14T11:02:17+00:00,27b8a931263baa0ed582b50f54bd0369e8a7559f2538663520e671ca446fa346,"{""Battery"":{""Capacity"":""4000 mAh"",""Charging"":[""-""],""WirelessCharging"":0},""Body"":{""Build"":""OS Android 12 Go edition"",""Dimensions"":""76 x 164 x 9 mm"",""Protection"":""-"",""SIM"":""Nano-SIM, Dual SIM (Nano-SIM, dual stand-by)"",""Weight"":""205 g""},""Colors"":[""Meadow Green"",""Nebula Black""],""Display"":{""Protection"":""-"",""Resolution"":""720 x 1612 Pixels (~267 PPI)"",""Size"":""6.6 inches"",""Type"":""60Hz""},""Features"":{""BackFingerPrint"":0,""Bluetooth"":""v5.0 with A2DP, LE"",""InDisplayFingerPrint"":0,""Infrared port"":0,""NFC"":0,""Positioning"":""Yes + A-GPS support"",""Radio"":1,""Sensors"":""Accelerometer, Compass, Fingerprint (rear mounted)"",""SideFingerPrint"":0,""USB"":""microUSBv2.0"",""WLAN"":""Wi-Fi 802.11 b/g/n, Wi-Fi Direct, hotspot""},""Launch"":{""Announced"":""2023"",""Status"":""Available. Released 1 January 2023""},""Main Camera"":{""Features"":null,""Specifications"":[""8 MP, LED Flash Features: Geo-tagging, Phase detection, Video (1080p@30fps)""],""Video"":[""-""]},""Memory"":{""Card slot"":""microSDXC"",""Technology"":null,""Types"":[""4GB RAM / 64GB""]},""MobileName"":""Itel A05s"",""Network"":{""2G"":1,""3G"":1,""4G"":1,""5G"":0},""Platform"":{""CPU"":""Octa-core (4 x 1.6 GHz Cortex-A55 + 4 x 1.2 GHz Cortex-A55)"",""Chipset"":""Unisoc SC9863A1 (28nm)"",""GPU"":""IMG8322"",""OS"":""Android 12 Go edition""},""Price"":[20999.0],""Selfie Camera"":{""Features"":null,""Specifications"":[],""Video"":[]},""Sound"":{""3.5mm jack"":1,""Loudspeaker"":""-""},""Weight"":null}"
388c001a6ee3a4502122951106624535c0fb164e41ff787a0db6271dbe0d9f4c,mymobile,https://mymobile.pk/products/itel-a49-play/,mymobile.pk/mymobile__itel-a49-play.json,2026-08-14T11:00:37+00:00,8a26f07dcfa0f877b4b2157cbbc9a901833da40253deb97f29d59f06d935df6c,"{""Battery"":{""Capacity"":""4000 mAh"",""Charging"":[""-""],""WirelessCharging"":0},""Body"":{""Build"":""OS Android 11.0 (Go edition)"",""Dimensions"":""N/A"",""Protection"":""-"",""SIM"":""Nano-SIM, Dual SIM (Nano-SIM, dual stand-by)"",""Weight"":""185 g""},""Colors"":[""Blue"",""Black""],""Display"":{""Protection"":""_"",""Resolution"":""720 x 1520 pixels (~267 ppi)"",""Size"":""6.3 inches"",""Type"":""60Hz""},""Features"":{""BackFingerPrint"":0,""Bluetooth"":""v4.2 with A2DP, LE"",""InDisplayFingerPrint"":0,""Infrared port"":0,""NFC"":0,""Positioning"":""Yes + A-GPS support"",""Radio"":1,""Sensors"":""Accelerometer, Face ID, Fingerprint (rear mounted), Proximity"",""SideFingerPrint"":0,""USB"":""microUSB v2.0"",""WLAN"":""Wi-Fi 802.11 b/g/n, Wi-Fi Direct, hotspot""},""Launch"":{""Announced"":""2023-08-16"",""Status"":""Available. Released 16 August 2023""},""Main Camera"":{""Features"":null,""Specifications"":[""Dual 5 MP + AI lens, LED Flash Features: Geo-tagging, Phase detection, Night Mode, Video stabilization, Snapshot in video recording Video: 1080p@30fps""],""Video"":[""-""]},""Memory"":{""Card slot"":""microSD Card, (supports up to 128GB)"",""Technology"":null,""Types"":[""2GB RAM / 32GB""]},""MobileName"":""Itel A49 Play"",""Network"":{""2G"":1,""3G"":1,""4G"":1,""5G"":0},""Platform"":{""CPU"":""1.3 GHz Quad Core"",""Chipset"":""CPU 1.3 Ghz Quad Core"",""GPU"":""Mali-T820 MP1"",""OS"":""Android 11.0 (Go edition)""},""Price"":[16999.0],""Selfie Camera"":{""Features"":null,""Specifications"":[],""Video"":[]},""Sound"":{""3.5mm jack"":1,""Loudspeaker"":""-""},""Weight"":null}"
17922b12bf621dc05b225857fa15777140243d113932d5780b0b9b5866e25965,mymobile,https://mymobile.pk/products/itel-a70-1/,mymobile.pk/mymobile__itel-a70-1.json,2026-08-14T11:02:21+00:00,68b16f458d155851e41b1f37a12b135c4444c36ce0baf76f636d03708806b99d,"{""Battery"":{""Capacity"":""5000 mAh"",""Charging"":[""10W wired""],""WirelessCharging"":0},""Body"":{""Build"":""Dimensions 8.6 mm thickness"",""Dimensions"":""8.6 mm thickness"",""Protection"":""N/A"",""SIM"":""Dual SIM (Nano-SIM, dual stand-by)"",""Weight"":""187 g""},""Colors"":[""Brilliant Gold"",""Stylish Black"",""Field Green"",""Azure Blue""],""Display"":{""Protection"":""N/A"",""Resolution"":""720 x 1612 pixels (~267 ppi)"",""Size"":""6.6 inches"",""Type"":""60Hz""},""Features"":{""BackFingerPrint"":0,""Bluetooth"":""Yes"",""InDisplayFingerPrint"":0,""Infrared port"":0,""NFC"":0,""Positioning"":""GPS"",""Radio"":1,""Sensors"":""Fingerprint (side-mounted); unspecified sensors"",""SideFingerPrint"":1,""USB"":""USB Type-C 2.0"",""WLAN"":""Yes""},""Launch"":{""Announced"":""2023, October 30"",""Status"":""Available. Released 1 November 2023""},""Main Camera"":{""Features"":null,""Specifications"":[""13 MP, Dual-LED flash, HDR""],""Video"":[""Yes""]},""Memory"":{""Card slot"":""microSDXC (dedicated slot)"",""Technology"":null,""Types"":[""4GB RAM / 128GB""]},""MobileName"":""Itel A70"",""Network"":{""2G"":1,""3G"":1,""4G"":1,""5G"":0},""Platform"":{""CPU"":""Octa-core (4x1.8 GHz Cortex-A55 & 4x1.2 GHz Cortex-A55)"",""Chipset"":""Unisoc T603 (22 nm)"",""GPU"":""PowerVR GE8322"",""OS"":""Android 13""},""Price"":[23999.0],""Selfie Camera"":{""Features"":null,""Specifications"":[],""Video"":[]},""Sound"":{""3.5mm jack"":1,""Loudspeaker"":""Yes""},""Weight"":null}"
994520575d5580547ea7d090e3118a52dd60f579ac91316c331d6bb398facc4d,mymobile,https://mymobile.pk/products/itel-flip-1/,mymobile.pk/mymobile__itel-flip-1.json,2026-08-14T11:00:33+00:00,a6ad2e1c76e054c20c1bed3576f3d83e0e0087762bee8a7fa5a68a4ff317807c,"{""Battery"":{""Capacity"":""1200 mAh"",""Charging"":[""N/A""],""WirelessCharging"":0},""Body"":{""Build"":""Tempered Glass Front Film Back Lens"",""Dimensions"":""81 x 70 x 15.9 & 7.8 mm"",""Protection"":""-"",""SIM"":""GSM"",""Weight"":""200 g""},""Colors"":[""Black Orange Light Blue""],""Display"":{""Protection"":""N/A"",""Resolution"":""N/A"",""Size"":""2.4 inches"",""Type"":""N/A""},""Features"":{""BackFingerPrint"":0,""Bluetooth"":""Yes"",""InDisplayFingerPrint"":0,""Infrared port"":0,""NFC"":0,""Positioning"":""N/A"",""Radio"":1,""Sensors"":""N/A"",""SideFingerPrint"":0,""USB"":""N/A"",""WLAN"":""N/A""},""Launch"":{""Announced"":""2024, February 1"",""Status"":""Available. Released 1 February 2024""},""Main Camera"":{""Features"":null,""Specifications"":[""0.08MP""],""Video"":[""N/A""]},""Memory"":{""Card slot"":""microSD up to 64GB"",""Technology"":null,""Types"":[""8MB RAM / N/A""]},""MobileName"":""Itel Flip 1"",""Network"":{""2G"":1,""3G"":1,""4G"":1,""5G"":1},""Platform"":{""CPU"":""N/A"",""Chipset"":""N/A"",""GPU"":""N/A"",""OS"":""MOS""},""Price"":[3550.0],""Selfie Camera"":{""Features"":null,""Specifications"":[],""Video"":[]},""Sound"":{""3.5mm jack"":0,""Loudspeaker"":""N/A""},""Weight"":null}"
a6860572b22d3702b81231c2a53be5263e3f0f0ea287d97d2efd440b5ed8817e,mymobile,https://mymobile.pk/products/itel-p55-plus/,mymobile.pk/mymobile__itel-p55-plus.json,2026-08-14T11:05:28+00:00,36e821d411226390b7de917bc459ba9d997d1fa8ff015da1d1a22f7b7590fe11,"{""Battery"":{""Capacity"":""5000 mAh"",""Charging"":[""45W wired, 70% in 30 min""],""WirelessCharging"":0},""Body"":{""Build"":""Dimensions 8.0 mm thickness"",""Dimensions"":""8.0 mm thickness"",""Protection"":null,""SIM"":""Nano-SIM"",""Weight"":""187 g""},""Colors"":[""Royal Green"",""Galaxy Blue"",""Meteor Purple""],""Display"":{""Protection"":null,""Resolution"":""720 x 1612 pixels (~267 ppi)"",""Size"":""6.6 inches"",""Type"":""90Hz""},""Features"":{""BackFingerPrint"":0,""Bluetooth"":""Yes"",""InDisplayFingerPrint"":0,""Infrared port"":0,""NFC"":1,""Positioning"":""GPS"",""Radio"":1,""Sensors"":""Fingerprint (side-mounted)"",""SideFingerPrint"":1,""USB"":""USB Type-C, OTG"",""WLAN"":null},""Launch"":{""Announced"":""2024, January 26"",""Status"":""Available. Released 13 February 2024""},""Main Camera"":{""Features"":null,""Specifications"":[""50 MP, Dual-LED flash, panorama""],""Video"":[""Yes""]},""Memory"":{""Card slot"":""microSDXC"",""Technology"":null,""Types"":[""4GB, 8GB RAM / 128GB, 256GB""]},""MobileName"":""Itel P55 Plus"",""Network"":{""2G"":1,""3G"":1,""4G"":1,""5G"":0},""Platform"":{""CPU"":""Octa-core (2x1.6 GHz Cortex-A75 & 6x1.6 GHz Cortex-A55)"",""Chipset"":""Unisoc T606 (12 nm)"",""GPU"":""Mali-G57 MP1"",""OS"":""Android 13""},""Price"":[32999.0],""Selfie Camera"":{""Features"":null,""Specifications"":[],""Video"":[]},""Sound"":{""3.5mm jack"":1,""Loudspeaker"":""Yes""},""Weight"":null}"
97d3bd819fdc0a391154449727a68761a793ce547b49e92ad6f00f9a38e9f79f,mymobile,https://mymobile.pk/products/itel-power-80/,mymobile.pk/mymobile__itel-power-80.json,2026-08-14T11:04:47+00:00,7f5f0e286b7456c6675cb09583da7bd507c0977ee2d7e0fe40e64aaa3173d780,"{""Battery"":{""Capacity"":""7000 mAh"",""Charging"":[""18W wired, Reverse wired""],""WirelessCharging"":0},""Body"":{""Build"":null,""Dimensions"":null,""Protection"":""IP68/IP69 dust tight and water resistant (high pressure water jets; immersible up to 1.5m for 30 min)"",""SIM"":""Nano-SIM + Nano-SIM"",""Weight"":null},""Colors"":[""Thundra green"",""Rock black""],""Display"":{""Protection"":null,""Resolution"":""720 x 1576 pixels (~256 ppi)"",""Size"":""6.78 inches"",""Type"":""120Hz""},""Features"":{""BackFingerPrint"":0,""Bluetooth"":""v5.0 with A2DP, LE"",""InDisplayFingerPrint"":0,""Infrared port"":0,""NFC"":0,""Positioning"":""Yes + A-GPS support"",""Radio"":1,""Sensors"":""Accelerometer, Fingerprint (side-mounted), Proximity"",""SideFingerPrint"":1,""USB"":""USB Type-C, OTG"",""WLAN"":""Wi-Fi 802.11 a/b/g/n/ac, dual-band, Wi-Fi Direct""},""Launch"":{""Announced"":""2026, June 01"",""Status"":""Available. Released 9 June 2026""},""Main Camera"":{""Features"":null,""Specifications"":[""50 MP AI camera, LED Flash, HDR Super Night Mode""],""Video"":[""1080p@30fps""]},""Memory"":{""Card slot"":""microSDXC"",""Technology"":null,""Types"":[""4GB RAM / 128GB""]},""MobileName"":""Itel Power 80"",""Network"":{""2G"":1,""3G"":1,""4G"":1,""5G"":0},""Platform"":{""CPU"":""Octa-core (2x1.8 GHz Cortex-A75 & 6x1.6 GHz Cortex-A55)"",""Chipset"":""Unisoc T7250 (12 nm)"",""GPU"":""Mali-G57 MP1"",""OS"":""Android 16, itel OS 16""},""Price"":[39999.0],""Selfie Camera"":{""Features"":null,""Specifications"":[],""Video"":[]},""Sound"":{""3.5mm jack"":1,""Loudspeaker"":""Yes""},""Weight"":null}"
012fe72c161b3c4165cd30f7837da682a14ed7889900de9e1b91b420340ebc6f,mymobile,https://mymobile.pk/products/itel-s23-plus/,mymobile.pk/mymobile__itel-s23-plus.json,2026-08-14T11:04:56+00:00,cdf9a34c88ce4e5ad8e8eb3f25f5fa0506a25ecac5c5589f14e0e198f7930450,"{""Battery"":{""Capacity"":""5000 mAh"",""Charging"":[""18W wired""],""WirelessCharging"":0},""Body"":{""Build"":""Glass front, plastic frame, plastic back"",""Dimensions"":""7.9 mm thickness"",""Protection"":""-"",""SIM"":""Nano-SIM"",""Weight"":""178 g""},""Colors"":[""Black"",""Cyan""],""Display"":{""Protection"":""Corning Gorilla Glass 5"",""Resolution"":""1080 x 2400 pixels (~388 ppi)"",""Size"":""6.78 inches"",""Type"":""60Hz""},""Features"":{""BackFingerPrint"":0,""Bluetooth"":""5.0, A2DP, LE"",""InDisplayFingerPrint"":1,""Infrared port"":0,""NFC"":1,""Positioning"":""GPS"",""Radio"":1,""Sensors"":""Fingerprint (under display, optical), accelerometer, gyro, proximity, compass"",""SideFingerPrint"":0,""USB"":""USB Type-C 2.0, OTG"",""WLAN"":""Wi-Fi 802.11 a/b/g/n/ac, dual-band, Wi-Fi Direct""},""Launch"":{""Announced"":""2023, September 19"",""Status"":""Available. Released 19 September 2023""},""Main Camera"":{""Features"":null,""Specifications"":[""50 MP, f/1.6, (wide), AF""],""Video"":[""1080p@30fps""]},""Memory"":{""Card slot"":""No"",""Technology"":null,""Types"":[""8GB RAM / 256GB""]},""MobileName"":""Itel S23 Plus"",""Network"":{""2G"":1,""3G"":1,""4G"":1,""5G"":0},""Platform"":{""CPU"":""Octa-core (2x2.0 GHz Cortex-A75 & 6x1.8 GHz Cortex-A55)"",""Chipset"":""Unisoc Tiger T616 (12 nm)"",""GPU"":""Mali-G57 MP1"",""OS"":""Android 13, itel OS 13""},""Price"":[32799.0],""Selfie Camera"":{""Features"":null,""Specifications"":[],""Video"":[]},""Sound"":{""3.5mm jack"":0,""Loudspeaker"":""Yes""},""Weight"":null}"
4b6748eeff86c9be0261dbe7bd33d9018ebefb6579b62b900c1ba74abfa50401,mymobile,https://mymobile.pk/products/itel-s23/,mymobile.pk/mymobile__itel-s23.json,2026-08-14T11:02:30+00:00,a23ec83b3911f6c67e909009a50931437f18654b435a274f2d5871e3dd3b143d,"{""Battery"":{""Capacity"":""5000 mAh"",""Charging"":[""10W wired""],""WirelessCharging"":0},""Body"":{""Build"":""Glass front, plastic frame & back"",""Dimensions"":""164 x 76 x 8 mm (6.46 x 2.99 x 0.31 in)"",""Protection"":""-"",""SIM"":""Dual SIM (Nano-SIM, dual stand-by)"",""Weight"":""195 g""},""Colors"":[""Starry Black"",""Mystery White""],""Display"":{""Protection"":""-"",""Resolution"":""720 x 1612 pixels, 20:9 ratio (~267 ppi density)"",""Size"":""6.6 inches"",""Type"":""90Hz""},""Features"":{""BackFingerPrint"":0,""Bluetooth"":""Yes"",""InDisplayFingerPrint"":0,""Infrared port"":0,""NFC"":0,""Positioning"":""GPS"",""Radio"":1,""Sensors"":""Fingerprint (side-mounted), accelerometer"",""SideFingerPrint"":0,""USB"":""USB Type-C 2.0, OTG"",""WLAN"":""Yes""},""Launch"":{""Announced"":""2023"",""Status"":""Available. Released 1 January 2023""},""Main Camera"":{""Features"":null,""Specifications"":[""50 MP, f/1.6, (wide), AF""],""Video"":[""1080p@30fps""]},""Memory"":{""Card slot"":""microSDXC"",""Technology"":null,""Types"":[""4GB, 8GB RAM / 128GB, 256GB""]},""MobileName"":""Itel S23"",""Network"":{""2G"":1,""3G"":1,""4G"":1,""5G"":0},""Platform"":{""CPU"":""Octa-core (2x1.6 GHz Cortex-A75 & 6x1.6 GHz Cortex-A55)"",""Chipset"":""Unisoc T606 (12 nm)"",""GPU"":""Mali-G57 MP1"",""OS"":""Android 12""},""Price"":[24999.0],""Selfie Camera"":{""Features"":null,""Specifications"":[],""Video"":[]},""Sound"":{""3.5mm jack"":1,""Loudspeaker"":""Yes""},""Weight"":null}"
79ca26acd14a2ce3dd948f0874968c622244356ada818abb169af3d7f38f0491,mymobile,https://mymobile.pk/products/motorola-moto-g77/,mymobile.pk/mymobile__motorola-moto-g77.json,2026-08-14T10:59:50+00:00,6ee123a93b466353b22692ec79fe9f97565c7fd76673c16d00e955fb0fcce8ca,"{""Battery"":{""Capacity"":""5200 mAh"",""Charging"":[""30W wired""],""WirelessCharging"":0},""Body"":{""Build"":""Glass front (Gorilla Glass 7i), silicone polymer (eco leather) back, plastic frame"",""Dimensions"":""164.2 x 77.4 x 7.3 mm"",""Protection"":""IP64 dust tight and water resistant"",""SIM"":""Nano-SIM + eSIM, Nano-SIM"",""Weight"":""182 g""},""Colors"":[],""Display"":{""Protection"":""Corning Gorilla Glass 7i, Mohs level 4"",""Resolution"":""1272 x 2772 pixels (~450 ppi)"",""Size"":""6.78 inches"",""Type"":""120Hz""},""Features"":{""BackFingerPrint"":0,""Bluetooth"":""5.4, A2DP, LE, aptX HD"",""InDisplayFingerPrint"":0,""Infrared port"":0,""NFC"":1,""Positioning"":""GPS, GALILEO, GLONASS, BDS, QZSS"",""Radio"":1,""Sensors"":""Fingerprint (side-mounted), accelerometer, gyro, proximity, compass"",""SideFingerPrint"":1,""USB"":""USB Type-C 2.0"",""WLAN"":""Wi-Fi 802.11 a/b/g/n/ac, dual-band""},""Launch"":{""Announced"":""2026, January 29"",""Status"":""Available. Released 29 January 2026""},""Main Camera"":{""Features"":null,""Specifications"":[""108 MP, f/1.7, (wide), 0.64µm, PDAF, OIS 8 MP, f/2.2, 119˚ (ultrawide), 1.12µm, AF""],""Video"":[""1440p@30fps"",""1080p@30/60fps"",""gyro-EIS""]},""Memory"":{""Card slot"":""microSDXC (uses shared SIM slot)"",""Technology"":null,""Types"":[""8GB RAM / 256GB""]},""MobileName"":""Motorola Moto G77"",""Network"":{""2G"":1,""3G"":1,""4G"":1,""5G"":1},""Platform"":{""CPU"":""Octa-core (2x2.5 GHz Cortex-A76 & 6x2.0 GHz Cortex-A55)"",""Chipset"":""Mediatek Dimensity 6400 (6 nm)"",""GPU"":""Mali-G57 MC2"",""OS"":""Android 16""},""Price"":[92999.0],""Selfie Camera"":{""Features"":null,""Specifications"":[],""Video"":[]},""Sound"":{""3.5mm jack"":0,""Loudspeaker"":""Yes, with stereo speakers (with Dolby Atmos)""},""Weight"":null}"
851afc357823cdda4a9a42ca5f0d4c0e118d43155b2a9005f1d89b5a6d1030f5,mymobile,https://mymobile.pk/products/nokia-g21-1/,mymobile.pk/mymobile__nokia-g21-1.json,2026-08-14T11:01:04+00:00,9c38aef170018df967d894172ae7ad8328b789d660c7691c69757acdab1850d9,"{""Battery"":{""Capacity"":""5050 mAh"",""Charging"":[""18W wired, PD3.0""],""WirelessCharging"":0},""Body"":{""Build"":""Glass front, plastic frame, plastic back"",""Dimensions"":""164.6 x 75.9 x 8.5 mm"",""Protection"":""-"",""SIM"":""Nano-SIM, Dual SIM (Nano-SIM, dual stand-by)"",""Weight"":""190 g""},""Colors"":[""Nordic Blue"",""Dusk""],""Display"":{""Protection"":""-"",""Resolution"":""720 x 1600 pixels (~270 ppi)"",""Size"":""6.5 inches"",""Type"":""90Hz""},""Features"":{""BackFingerPrint"":0,""Bluetooth"":""5.0, A2DP, LE"",""InDisplayFingerPrint"":0,""Infrared port"":0,""NFC"":1,""Positioning"":""GPS, GLONASS, GALILEO"",""Radio"":1,""Sensors"":""Fingerprint (side-mounted), accelerometer, proximity"",""SideFingerPrint"":1,""USB"":""USB Type-C 2.0, OTG"",""WLAN"":""Wi-Fi 802.11 a/b/g/n/ac, dual-band, Wi-Fi Direct""},""Launch"":{""Announced"":""2022, February 14"",""Status"":""Available. Released 15 February 2022""},""Main Camera"":{""Features"":null,""Specifications"":[""50 MP, f/1.8, 28mm (wide), 1/2.76\"", 0.64µm, PDAF 2 MP (macro)""],""Video"":[""1080p@30fps""]},""Memory"":{""Card slot"":""microSDXC (dedicated slot)"",""Technology"":null,""Types"":[""3GB, 4GB, 6GB RAM / 64GB, 128GB""]},""MobileName"":""Nokia G21"",""Network"":{""2G"":1,""3G"":1,""4G"":1,""5G"":0},""Platform"":{""CPU"":""Octa-core (2x1.6 GHz Cortex-A75 & 6x1.6 GHz Cortex-A55)"",""Chipset"":""Unisoc T606 (12 nm)"",""GPU"":""Mali-G57 MP1"",""OS"":""Android 11, upgradable to Android 13""},""Price"":[18999.0],""Selfie Camera"":{""Features"":null,""Specifications"":[],""Video"":[]},""Sound"":{""3.5mm jack"":1,""Loudspeaker"":""Yes""},""Weight"":null}"
42aeffe211dcca3faf7e1c777534538bd5c171754b5d06210a08962356b556a9,mymobile,https://mymobile.pk/products/oppo-a16e/,mymobile.pk/mymobile__oppo-a16e.json,2026-08-14T11:03:14+00:00,1ddbaef5fcf41c2e376b2948dcba4fa0d7c4852f470defbf86c6b73134fd23a4,"{""Battery"":{""Capacity"":""4230 mAh"",""Charging"":[""10W wired""],""WirelessCharging"":0},""Body"":{""Build"":""Glass front, plastic back, plastic frame"",""Dimensions"":""164 x 75.4 x 7.9 mm"",""Protection"":""-"",""SIM"":""Nano-SIM"",""Weight"":""175 g""},""Colors"":[""Black"",""Blue"",""White""],""Display"":{""Protection"":""Corning Gorilla Glass 3"",""Resolution"":""720 x 1600 pixels (~269 ppi)"",""Size"":""6.52 inches"",""Type"":""60Hz""},""Features"":{""BackFingerPrint"":0,""Bluetooth"":""5.0, A2DP, LE, aptX"",""InDisplayFingerPrint"":0,""Infrared port"":0,""NFC"":0,""Positioning"":""GPS, GLONASS, GALILEO, BDS"",""Radio"":1,""Sensors"":""Accelerometer, proximity, compass"",""SideFingerPrint"":0,""USB"":""microUSB 2.0, OTG"",""WLAN"":""Wi-Fi 802.11 a/b/g/n/ac, dual-band, Wi-Fi Direct""},""Launch"":{""Announced"":""2022, March 21"",""Status"":""Available. Released 24 March 2022""},""Main Camera"":{""Features"":null,""Specifications"":[""13 MP, f/2.2, 26mm (wide), 1/3.1\"", 1.12µm, PDAF LED flash, HDR, panorama""],""Video"":[""1080p@30fps""]},""Memory"":{""Card slot"":""microSDXC"",""Technology"":null,""Types"":[""4GB RAM / 64GB""]},""MobileName"":""Oppo A16e"",""Network"":{""2G"":1,""3G"":1,""4G"":1,""5G"":0},""Platform"":{""CPU"":""Octa-core 2.0 GHz Cortex-A53"",""Chipset"":""Mediatek MT6762D Helio P22 (12 nm)"",""GPU"":""PowerVR GE8320"",""OS"":""Android 11, ColorOS 11.1""},""Price"":[28499.0],""Selfie Camera"":{""Features"":null,""Specifications"":[],""Video"":[]},""Sound"":{""3.5mm jack"":1,""Loudspeaker"":""Yes""},""Weight"":null}"
93ee8dadac86e6ab7b20ad6356d9c9a8779519ce6de45e7f370d098af97a6d59,mymobile,https://mymobile.pk/products/oppo-a16k/,mymobile.pk/mymobile__oppo-a16k.json,2026-08-14T11:05:06+00:00,27b2dc755ec9cc8135c99fd91b7d53a0a69f75a8024908bb0367c702e43cbd06,"{""Battery"":{""Capacity"":""4230 mAh"",""Charging"":[""10W wired""],""WirelessCharging"":0},""Body"":{""Build"":""Glass front, plastic back, plastic frame"",""Dimensions"":""164 x 75.4 x 7.9 mm"",""Protection"":""-"",""SIM"":""Nano-SIM"",""Weight"":""175 g""},""Colors"":[""Black"",""Blue""],""Display"":{""Protection"":""Corning Gorilla Glass 3"",""Resolution"":""720 x 1600 pixels (~269 ppi)"",""Size"":""6.52 inches"",""Type"":""60Hz""},""Features"":{""BackFingerPrint"":0,""Bluetooth"":""5.0, A2DP, LE, aptX"",""InDisplayFingerPrint"":0,""Infrared port"":0,""NFC"":0,""Positioning"":""GPS, GLONASS, GALILEO, BDS"",""Radio"":1,""Sensors"":""Accelerometer, proximity, compass"",""SideFingerPrint"":0,""USB"":""microUSB 2.0, OTG"",""WLAN"":""Wi-Fi 802.11 a/b/g/n/ac, dual-band, Wi-Fi Direct""},""Launch"":{""Announced"":""2021, November 08"",""Status"":""Available. Released 8 November 2021""},""Main Camera"":{""Features"":null,""Specifications"":[""13 MP, f/2.2, 26mm (wide), 1/3.1\"", 1.12µm, PDAF Features: LED flash, HDR, panorama Video: 1080p@30fps""],""Video"":[""1080p@30fps""]},""Memory"":{""Card slot"":""microSDXC"",""Technology"":null,""Types"":[""4GB RAM / 64GB""]},""MobileName"":""Oppo A16K"",""Network"":{""2G"":1,""3G"":1,""4G"":1,""5G"":0},""Platform"":{""CPU"":""Octa-core (4x2.3 GHz Cortex-A53 & 4x1.8 GHz Cortex-A53)"",""Chipset"":""Mediatek MT6765G Helio G35 (12 nm)"",""GPU"":""PowerVR GE8320"",""OS"":""Android 11, ColorOS 11.1""},""Price"":[33499.0],""Selfie Camera"":{""Features"":null,""Specifications"":[],""Video"":[]},""Sound"":{""3.5mm jack"":1,""Loudspeaker"":""Yes""},""Weight"":null}"
b7a58e69da0f3277a1cafafdbfaf6d039e37c2001f1bde4fdfec102f392222a7,mymobile,https://mymobile.pk/products/oppo-a17/,mymobile.pk/mymobile__oppo-a17.json,2026-08-14T11:05:00+00:00,7f5c3bf60a0fabca00ab0271f7a2442c5f644433033aff607ce72341ac6e9510,"{""Battery"":{""Capacity"":""5000 mAh"",""Charging"":[""-""],""WirelessCharging"":0},""Body"":{""Build"":""Dimensions 164.2 x 75.6 x 8.3 mm (6.46 x 2.98 x 0.33 in)"",""Dimensions"":""164.2 x 75.6 x 8.3 mm"",""Protection"":""IPX4 water resistance"",""SIM"":""Nano-SIM"",""Weight"":""189 g""},""Colors"":[""Midnight Black"",""Lake Blue"",""Sunlight Orange""],""Display"":{""Protection"":""-"",""Resolution"":""720 x 1612 pixels"",""Size"":""6.56 inches"",""Type"":""60Hz""},""Features"":{""BackFingerPrint"":0,""Bluetooth"":""Yes"",""InDisplayFingerPrint"":0,""Infrared port"":0,""NFC"":0,""Positioning"":""GPS"",""Radio"":1,""Sensors"":""Fingerprint (side-mounted), accelerometer, proximity"",""SideFingerPrint"":1,""USB"":""microUSB 2.0"",""WLAN"":""Wi-Fi 802.11 a/b/g/n/ac, dual-band""},""Launch"":{""Announced"":""2022, September 26"",""Status"":""Available. Released 26 September 2022""},""Main Camera"":{""Features"":null,""Specifications"":[""Dual 50 MP, f/1.8, (wide), PDAF Features: LED flash, HDR, panorama""],""Video"":[""1080p@30fps""]},""Memory"":{""Card slot"":""microSDXC"",""Technology"":null,""Types"":[""4GB RAM / 64GB""]},""MobileName"":""Oppo A17"",""Network"":{""2G"":1,""3G"":1,""4G"":1,""5G"":0},""Platform"":{""CPU"":""Octa-core (4x2.3 GHz Cortex-A53 & 4x1.8 GHz Cortex-A53)"",""Chipset"":""Mediatek MT6765 Helio G35 (12 nm)"",""GPU"":""PowerVR GE8320"",""OS"":""Android 12, ColorOS 12.1""},""Price"":[31999.0],""Selfie Camera"":{""Features"":null,""Specifications"":[],""Video"":[]},""Sound"":{""3.5mm jack"":1,""Loudspeaker"":""Yes""},""Weight"":null}"
447c68d038da2f7ed01920664a5691a8d1fd108661fe32c3ec550d0b5e522090,mymobile,https://mymobile.pk/products/oppo-a57/,mymobile.pk/mymobile__oppo-a57.json,2026-08-14T11:07:07+00:00,ab9ae447d024e9e28a7ec445efd570e29482bdccb29f959d9a027c13f4f5b7fb,"{""Battery"":{""Capacity"":""5000 mAh"",""Charging"":[""10W wired""],""WirelessCharging"":0},""Body"":{""Build"":""Glass front, plastic frame, plastic back"",""Dimensions"":""163.8 x 75.1 x 8 mm"",""Protection"":""-"",""SIM"":""Nano-SIM"",""Weight"":""186 g""},""Colors"":[""Black"",""Blue"",""Lilac""],""Display"":{""Protection"":""-"",""Resolution"":""720 x 1612 pixels (~269 ppi)"",""Size"":""6.56 inches"",""Type"":""90Hz""},""Features"":{""BackFingerPrint"":0,""Bluetooth"":""5.2, A2DP, LE, aptX HD"",""InDisplayFingerPrint"":0,""Infrared port"":0,""NFC"":0,""Positioning"":""GPS, GLONASS, GALILEO, BDS, QZSS"",""Radio"":0,""Sensors"":""Fingerprint (side-mounted), accelerometer, gyro, proximity, compass"",""SideFingerPrint"":1,""USB"":""USB Type-C 2.0, OTG"",""WLAN"":""Wi-Fi 802.11 a/b/g/n/ac, dual-band, Wi-Fi Direct""},""Launch"":{""Announced"":""2022-04-14"",""Status"":""Available. Released 15 April 2022""},""Main Camera"":{""Features"":null,""Specifications"":[""13 MP, f/2.2, 26mm (wide), 1/3.06\"", 1.12µm, AF Features: LED flash, HDR, panorama Video: 1080p@30fps""],""Video"":[""1080p@30fps""]},""Memory"":{""Card slot"":""microSDXC"",""Technology"":null,""Types"":[""3GB, 4GB RAM / 64GB""]},""MobileName"":""Oppo A57"",""Network"":{""2G"":1,""3G"":1,""4G"":1,""5G"":1},""Platform"":{""CPU"":""Octa-core (2x2.4 GHz Cortex-A76 & 6x2.0 GHz Cortex-A55)"",""Chipset"":""Mediatek Dimensity 810 (6 nm)"",""GPU"":""Mali-G57 MC2"",""OS"":""Android 12, ColorOS 12.1""},""Price"":[50399.0],""Selfie Camera"":{""Features"":null,""Specifications"":[],""Video"":[]},""Sound"":{""3.5mm jack"":1,""Loudspeaker"":""Yes, with stereo speakers""},""Weight"":null}"
b86adff8e7e5483cb6073189fe7cb72955beb4eaa0aaa5617d476906e2e70fb5,mymobile,https://mymobile.pk/products/oppo-a58/,mymobile.pk/mymobile__oppo-a58.json,2026-08-14T11:06:05+00:00,c92425eac752eca17c0507c2eaad6a52839c316d475ae1989f271993d1274bfc,"{""Battery"":{""Capacity"":""5000 mAh"",""Charging"":[""33W wired""],""WirelessCharging"":0},""Body"":{""Build"":""Dimensions 163.8 x 75 x 8 mm (6.45 x 2.95 x 0.31 in)"",""Dimensions"":""163.8 x 75 x 8 mm"",""Protection"":""IP54 dust protected and water resistant"",""SIM"":""Nano-SIM"",""Weight"":""188 g""},""Colors"":[""Black"",""Blue"",""Violet""],""Display"":{""Protection"":""-"",""Resolution"":""720 x 1612 pixels (~269 ppi)"",""Size"":""6.56 inches"",""Type"":""90Hz""},""Features"":{""BackFingerPrint"":0,""Bluetooth"":""5.3, A2DP, LE, aptX"",""InDisplayFingerPrint"":0,""Infrared port"":0,""NFC"":0,""Positioning"":""GPS, GALILEO, GLONASS, BDS, QZSS"",""Radio"":0,""Sensors"":""Fingerprint (side-mounted), accelerometer, proximity, compass"",""SideFingerPrint"":1,""USB"":""USB Type-C 2.0, OTG"",""WLAN"":""Wi-Fi 802.11 a/b/g/n/ac, dual-band""},""Launch"":{""Announced"":""2022, November 08"",""Status"":""Available. Released 10 November 2022""},""Main Camera"":{""Features"":null,""Specifications"":[""50 MP, f/1.8, 27mm (wide), PDAF""],""Video"":[""1080p@30fps""]},""Memory"":{""Card slot"":""microSDXC"",""Technology"":null,""Types"":[""8GB RAM / 128GB""]},""MobileName"":""Oppo A58"",""Network"":{""2G"":1,""3G"":1,""4G"":1,""5G"":1},""Platform"":{""CPU"":""Octa-core (2x2.2 GHz Cortex-A76 & 6x2.0 GHz Cortex-A55)"",""Chipset"":""Mediatek Dimensity 700 (7 nm)"",""GPU"":""Mali-G57 MC2"",""OS"":""Android 12, ColorOS 12.1""},""Price"":[43999.0],""Selfie Camera"":{""Features"":null,""Specifications"":[],""Video"":[]},""Sound"":{""3.5mm jack"":1,""Loudspeaker"":""Yes, with stereo speakers""},""Weight"":null}"
42d20c08ebb7ab8a67ae474e592dcc7710f9e3064b3f97c7b42adffff2e5ce49,mymobile,https://mymobile.pk/products/oppo-a78/,mymobile.pk/mymobile__oppo-a78.json,2026-08-14T11:08:31+00:00,34aeafee4838c7d6fd476d2c218cbd901ca122dfeb086b5bb29678d174bfe7ab,"{""Battery"":{""Capacity"":""5000 mAh"",""Charging"":[""33W wired, PD, 52% in 30 min, 100% in 67 min""],""WirelessCharging"":0},""Body"":{""Build"":""IP54 dust protected and water resistant (water splashes)"",""Dimensions"":""163.8 x 75.1 x 8 mm"",""Protection"":""IP54 dust protected and water resistant (water splashes)"",""SIM"":""Dual SIM (Nano-SIM, dual stand-by)"",""Weight"":""188 g""},""Colors"":[""Glowing Black"",""Glowing Purple""],""Display"":{""Protection"":""Panda glass"",""Resolution"":""720 x 1612 pixels (~269 ppi)"",""Size"":""6.56 inches"",""Type"":""90Hz""},""Features"":{""BackFingerPrint"":0,""Bluetooth"":""5.3, A2DP, LE, aptX"",""InDisplayFingerPrint"":0,""Infrared port"":0,""NFC"":1,""Positioning"":""GPS, GALILEO, GLONASS, BDS, QZSS"",""Radio"":0,""Sensors"":""Fingerprint (side-mounted), accelerometer, proximity, compass"",""SideFingerPrint"":1,""USB"":""USB Type-C 2.0, OTG"",""WLAN"":""Wi-Fi 802.11 a/b/g/n/ac, dual-band""},""Launch"":{""Announced"":""2023-01-07"",""Status"":""Available. Released 7 January 2023""},""Main Camera"":{""Features"":null,""Specifications"":[""50 MP, f/1.8, 27mm (wide), PDAF LED flash, HDR, panorama""],""Video"":[""1080p@30fps""]},""Memory"":{""Card slot"":""microSDXC"",""Technology"":null,""Types"":[""4GB, 8GB RAM / 128GB, 256GB""]},""MobileName"":""Oppo A78"",""Network"":{""2G"":1,""3G"":1,""4G"":1,""5G"":1},""Platform"":{""CPU"":""Octa-core (2x2.2 GHz Cortex-A76 & 6x2.0 GHz Cortex-A55)"",""Chipset"":""Mediatek Dimensity 700 (7 nm)"",""GPU"":""Mali-G57 MC2"",""OS"":""Android 12, upgradable to Android 14, ColorOS 14""},""Price"":[64999.0],""Selfie Camera"":{""Features"":null,""Specifications"":[],""Video"":[]},""Sound"":{""3.5mm jack"":1,""Loudspeaker"":""Yes, with stereo speakers""},""Weight"":null}"
a33a25ab4c102d4fb875fa71246a1bf27aa07b37e2f30b2f61e3c75a088e5647,mymobile,https://mymobile.pk/products/oppo-a96/,mymobile.pk/mymobile__oppo-a96.json,2026-08-14T11:00:02+00:00,54a0548ac566295c8f01682810dae53aa22434f33ee21038d00fb31434e35fe9,"{""Battery"":{""Capacity"":""5000 mAh"",""Charging"":[""33W wired, PD, 50% in 26 minReverse wired""],""WirelessCharging"":0},""Body"":{""Build"":""Glass front, plastic frame, plastic back"",""Dimensions"":""164.4 x 75.7 x 8.4 mm"",""Protection"":""IP5X (dust), IPX4 (water) resistance"",""SIM"":""Nano-SIM"",""Weight"":""191 g""},""Colors"":[""Starry Black"",""Sunset Blue""],""Display"":{""Protection"":""-"",""Resolution"":""1080 x 2412 pixels (~401 ppi)"",""Size"":""6.59 inches"",""Type"":""90Hz""},""Features"":{""BackFingerPrint"":0,""Bluetooth"":""5.0, A2DP, LE, aptX HD"",""InDisplayFingerPrint"":0,""Infrared port"":0,""NFC"":1,""Positioning"":""GPS, GLONASS, BDS, GALILEO, QZSS"",""Radio"":0,""Sensors"":""Fingerprint (side-mounted), accelerometer, proximity, compass"",""SideFingerPrint"":1,""USB"":""USB Type-C 2.0, OTG"",""WLAN"":""Wi-Fi 802.11 a/b/g/n/ac, dual-band, Wi-Fi Direct""},""Launch"":{""Announced"":""2022, March 16"",""Status"":""Available. Released 16 March 2022""},""Main Camera"":{""Features"":null,""Specifications"":[""50 MP, f/1.8, 27mm (wide), PDAF LED flash, HDR, panorama""],""Video"":[""1080p@30fps""]},""Memory"":{""Card slot"":""microSDXC (dedicated slot)"",""Technology"":null,""Types"":[""8GB RAM / 128GB""]},""MobileName"":""Oppo A96"",""Network"":{""2G"":1,""3G"":1,""4G"":1,""5G"":0},""Platform"":{""CPU"":""Octa-core (4x2.4 GHz Kryo 265 Gold & 4x1.9 GHz Kryo 265 Silver)"",""Chipset"":""Qualcomm SM6225 Snapdragon 680 4G (6 nm)"",""GPU"":""Adreno 610"",""OS"":""Android 11, ColorOS 11.1""},""Price"":[91499.0],""Selfie Camera"":{""Features"":null,""Specifications"":[],""Video"":[]},""Sound"":{""3.5mm jack"":1,""Loudspeaker"":""Yes""},""Weight"":null}"
99a675d340236d3680ac1c71009dda172317439aa8a28ed781eaebd8535a670d,mymobile,https://mymobile.pk/products/oppo-f21-pro/,mymobile.pk/mymobile__oppo-f21-pro.json,2026-08-14T10:59:09+00:00,9ab400721cb2a76b492e850ae9be24f978837f87c08d513453f24feeedcb9ea9,"{""Battery"":{""Capacity"":""4500 mAh"",""Charging"":[""33W wired, 100% in 60 min""],""WirelessCharging"":0},""Body"":{""Build"":""Dimensions 159.9 x 73.2 x 7.5 mm (6.30 x 2.88 x 0.30 in)"",""Dimensions"":""159.9 x 73.2 x 7.5 mm"",""Protection"":""IPX4 water resistant"",""SIM"":""Nano-SIM"",""Weight"":""175 g""},""Colors"":[""Cosmic Black"",""Sunset Orange"",""Dawnlight Gold"",""Starlight Black""],""Display"":{""Protection"":""Corning Gorilla Glass 5"",""Resolution"":""1080 x 2400 pixels"",""Size"":""6.43 inches"",""Type"":""90Hz""},""Features"":{""BackFingerPrint"":0,""Bluetooth"":""5.1, A2DP, LE, aptX HD"",""InDisplayFingerPrint"":1,""Infrared port"":0,""NFC"":0,""Positioning"":""GPS, GLONASS, BDS, GALILEO, QZSS"",""Radio"":0,""Sensors"":""Fingerprint (under display, optical), accelerometer, gyro, proximity, compass"",""SideFingerPrint"":0,""USB"":""USB Type-C 2.0, OTG"",""WLAN"":""Wi-Fi 802.11 a/b/g/n/ac, dual-band, Wi-Fi Direct""},""Launch"":{""Announced"":""2022, April 12"",""Status"":""Available. Released 15 April 2022""},""Main Camera"":{""Features"":null,""Specifications"":[""Triple 64 MP, f/1.7, 26mm (wide), 2 MP, f/3.3 (microscope) Features: LED flash, HDR, panorama""],""Video"":[""1080p@30fps"",""gyro-EIS""]},""Memory"":{""Card slot"":""microSDXC"",""Technology"":null,""Types"":[""8GB RAM / 128GB""]},""MobileName"":""Oppo F21 Pro"",""Network"":{""2G"":1,""3G"":1,""4G"":1,""5G"":0},""Platform"":{""CPU"":""Octa-core (4x2.4 GHz Kryo 265 Gold & 4x1.9 GHz Kryo 265 Silver)"",""Chipset"":""Qualcomm SM6225 Snapdragon 680 4G (6 nm)"",""GPU"":""Adreno 610"",""OS"":""Android 12, upgradable to Android 14, ColorOS 14""},""Price"":[118299.0],""Selfie Camera"":{""Features"":null,""Specifications"":[],""Video"":[]},""Sound"":{""3.5mm jack"":1,""Loudspeaker"":""Yes""},""Weight"":null}"
290eda6ec340f96f3659a4e01214ebf99991c2e82c7baf4565f457e6108142fa,mymobile,https://mymobile.pk/products/oppo-reno-11/,mymobile.pk/mymobile__oppo-reno-11.json,2026-08-14T10:59:36+00:00,78e8c9e719ec800c6f3b9542e9ddbd36b09f2f79908e7ddd38e14e6ce777fc71,"{""Battery"":{""Capacity"":""5000 mAh"",""Charging"":[""67W wired, PD, QC3, 100% in 45 minReverse wired""],""WirelessCharging"":0},""Body"":{""Build"":""tempered glass film"",""Dimensions"":""162.4 x 74.3 x 7.9 mm or 8.0 mm"",""Protection"":""Asahi Glass AGC DT-Star2"",""SIM"":""Dual SIM (Nano-SIM, dual stand-by)"",""Weight"":""182 g""},""Colors"":[""Wave Green"",""Rock Grey""],""Display"":{""Protection"":""Asahi Glass AGC DT-Star2"",""Resolution"":""1080 x 2412 pixels, 20:9 ratio (~394 ppi density)"",""Size"":""6.7 inches"",""Type"":""120Hz""},""Features"":{""BackFingerPrint"":0,""Bluetooth"":""5.3, A2DP, LE, aptX HD, LHDC"",""InDisplayFingerPrint"":1,""Infrared port"":1,""NFC"":1,""Positioning"":""GPS, GLONASS, GALILEO, BDS, QZSS"",""Radio"":0,""Sensors"":""Fingerprint (under display, optical), accelerometer, gyro, proximity, compass"",""SideFingerPrint"":0,""USB"":""USB Type-C 2.0, OTG"",""WLAN"":""Wi-Fi 802.11 a/b/g/n/ac/6, dual-band, Wi-Fi Direct""},""Launch"":{""Announced"":""2024-01-12"",""Status"":""Available. Released 25 January 2024""},""Main Camera"":{""Features"":null,""Specifications"":[""50 MP, f/1.8, 26mm (wide), 1/1.95\"", PDAF, OIS 32 MP, f/2.0, 47mm (telephoto), 1/2.74\"", 0.8µm, PDAF, 2x optical zoom 8 MP, f/2.2, 16mm, 112˚ (ultrawide), 1/4.0\"", 1.12µm""],""Video"":[""4K@30fps"",""1080p@30/60/120/480fps"",""720p@960fps"",""gyro-EIS""]},""Memory"":{""Card slot"":""microSDXC"",""Technology"":null,""Types"":[""8GB, 12GB RAM / 128GB, 256GB""]},""MobileName"":""Oppo Reno 11"",""Network"":{""2G"":1,""3G"":1,""4G"":1,""5G"":1},""Platform"":{""CPU"":""Octa-core (2x2.6 GHz Cortex-A78 & 6x2.0 GHz Cortex-A55)"",""Chipset"":""Mediatek Dimensity 7050 (6 nm)"",""GPU"":""Mali-G68 MC4"",""OS"":""Android 14, upgradable to Android 15, ColorOS 15""},""Price"":[129999.0],""Selfie Camera"":{""Features"":null,""Specifications"":[],""Video"":[]},""Sound"":{""3.5mm jack"":0,""Loudspeaker"":""Yes, with stereo speakers""},""Weight"":null}"
237629b760ca3e3e260e79952f3ad61a3718068a8f902f689a38903658f830d7,mymobile,https://mymobile.pk/products/oppo-reno-11f/,mymobile.pk/mymobile__oppo-reno-11f.json,2026-08-14T11:00:08+00:00,632790c7b7bd8e56114934772077fd0e0e5a3133fda71d7781734bf49a1a4e17,"{""Battery"":{""Capacity"":""5000 mAh"",""Charging"":[""67W wired, PD2.0, QC3, 100% in 48 min""],""WirelessCharging"":0},""Body"":{""Build"":""Dimensions 161.1 x 74.7 x 7.5 mm (6.34 x 2.94 x 0.30 in)"",""Dimensions"":""161.1 x 74.7 x 7.5 mm"",""Protection"":""IP65 dust tight and water resistant"",""SIM"":""Nano-SIM"",""Weight"":""177 g""},""Colors"":[""Palm Green"",""Ocean Blue"",""Coral Purple""],""Display"":{""Protection"":""Panda glass"",""Resolution"":""1080 x 2412 pixels (~394 ppi)"",""Size"":""6.7 inches"",""Type"":""120Hz""},""Features"":{""BackFingerPrint"":0,""Bluetooth"":""5.2, A2DP, LE, aptX HD, LHDC"",""InDisplayFingerPrint"":1,""Infrared port"":0,""NFC"":1,""Positioning"":""GPS, GLONASS, GALILEO, BDS, QZSS"",""Radio"":0,""Sensors"":""Fingerprint (under display, optical), accelerometer, gyro, proximity, compass"",""SideFingerPrint"":0,""USB"":""USB Type-C 2.0, OTG"",""WLAN"":null},""Launch"":{""Announced"":""2024, February 08"",""Status"":""Available. Released 8 February 2024""},""Main Camera"":{""Features"":null,""Specifications"":[""64 MP, f/1.7, 25mm (wide), 1/2.0\"", 0.7µm, PDAF 8 MP, f/2.2, 16mm, 112˚ (ultrawide), 1/4.0\"", 1.12µm 2 MP (macro)""],""Video"":[""4K@30fps"",""1080p@30/60/120/480fps"",""gyro-EIS""]},""Memory"":{""Card slot"":""microSDXC"",""Technology"":null,""Types"":[""8GB RAM / 256GB""]},""MobileName"":""Oppo Reno 11F"",""Network"":{""2G"":1,""3G"":1,""4G"":1,""5G"":1},""Platform"":{""CPU"":""Octa-core (2x2.6 GHz Cortex-A78 & 6x2.0 GHz Cortex-A55)"",""Chipset"":""Mediatek Dimensity 7050 (6 nm)"",""GPU"":""Mali-G68 MC4"",""OS"":""Android 14, upgradable to Android 15, ColorOS 15""},""Price"":[84999.0],""Selfie Camera"":{""Features"":null,""Specifications"":[],""Video"":[]},""Sound"":{""3.5mm jack"":0,""Loudspeaker"":null},""Weight"":null}"
1550a41eb312ca70a21daf3d3acbb1485fdc657529ed64c7d7420013930e7c15,mymobile,https://mymobile.pk/products/realme-16-pro/,mymobile.pk/mymobile__realme-16-pro.json,2026-08-14T11:04:39+00:00,796b7c144e29e52c0142f71facbb060d06a1bdcecb13c699f53e6a6728f46689,"{""Battery"":{""Capacity"":""7000 mAh"",""Charging"":[""80W wired, 55W PPS, 13.5W PD2.0, Reverse wired, Bypass Charging""],""WirelessCharging"":0},""Body"":{""Build"":""Glass front, plastic frame, plastic back or silicone polymer back (eco leather)"",""Dimensions"":""162.6 x 77.6 x 7.8 mm"",""Protection"":""IP68/IP69K dust tight and water resistant (high pressure water jets; immersible up to 2m for 30 min)"",""SIM"":""Nano-SIM"",""Weight"":""192 g""},""Colors"":[""Orchid Purple"",""Pebble Grey""],""Display"":{""Protection"":""AGC DT star D+"",""Resolution"":""1272 x 2772 pixels (~450 ppi)"",""Size"":""6.78 inches"",""Type"":""144Hz""},""Features"":{""BackFingerPrint"":0,""Bluetooth"":""5.4, A2DP, LE, aptX HD, LHDC 5"",""InDisplayFingerPrint"":1,""Infrared port"":1,""NFC"":1,""Positioning"":""GPS, GLONASS, GALILEO, BDS"",""Radio"":0,""Sensors"":""Fingerprint (under display, optical), accelerometer, gyro, proximity, compass"",""SideFingerPrint"":0,""USB"":""USB Type-C 2.0, OTG"",""WLAN"":""Wi-Fi 802.11 a/b/g/n/ac/6, dual-band""},""Launch"":{""Announced"":null,""Status"":""Available. Released 6 April 2026""},""Main Camera"":{""Features"":null,""Specifications"":[""200 MP, f/1.9, 23mm (wide), 1/1.56\"", dual-pixel PDAF, OIS 8 MP, 112˚, (ultrawide), 1/4.0\""""],""Video"":[""4K@30fps"",""1080p@30/60/120fps"",""HDR"",""gyro-EIS"",""OIS""]},""Memory"":{""Card slot"":""No"",""Technology"":null,""Types"":[""12GB RAM / 512GB""]},""MobileName"":""Realme 16 Pro"",""Network"":{""2G"":1,""3G"":1,""4G"":1,""5G"":1},""Platform"":{""CPU"":""Octa-core (4x2.5 GHz Cortex-A78 & 4x2.0 GHz Cortex-A55)"",""Chipset"":""Mediatek Dimensity 7300 Max (4 nm)"",""GPU"":""Mali-G615 MC2"",""OS"":""Android 16, up to 5 (EU) / 3 (IN) major OS updates, Realme UI 7.0""},""Price"":[169999.0],""Selfie Camera"":{""Features"":null,""Specifications"":[],""Video"":[]},""Sound"":{""3.5mm jack"":0,""Loudspeaker"":""Yes, with stereo speakers""},""Weight"":null}"
5cd0b5087473cd14112d08034c9d4548a3cfaf63ad9c40d89cdd788b70ed4d59,mymobile,https://mymobile.pk/products/realme-6-pro/,mymobile.pk/mymobile__realme-6-pro.json,2026-08-14T11:06:00+00:00,992e3ab6a21617fe73c0a84482790be1196884fff56ce39f68335694f757c751,"{""Battery"":{""Capacity"":""4300 mAh"",""Charging"":[""30W wired, 100% in 57 min""],""WirelessCharging"":0},""Body"":{""Build"":""Glass front (Gorilla Glass 5), glass back, plastic frame"",""Dimensions"":""163.8 x 75.8 x 8.9 mm"",""Protection"":""-"",""SIM"":""Nano-SIM"",""Weight"":""202 g""},""Colors"":[""Lightning Blue"",""Lightning Orange"",""Lightning Red""],""Display"":{""Protection"":""Corning Gorilla Glass 5"",""Resolution"":""1080 x 2400 pixels (~399 ppi)"",""Size"":""6.6 inches"",""Type"":""90Hz""},""Features"":{""BackFingerPrint"":0,""Bluetooth"":""5.1, A2DP, LE"",""InDisplayFingerPrint"":0,""Infrared port"":0,""NFC"":1,""Positioning"":""GPS (L1+L5), GLONASS, BDS, NavIC"",""Radio"":1,""Sensors"":""Fingerprint (side-mounted), accelerometer, gyro, proximity, compass"",""SideFingerPrint"":1,""USB"":""USB Type-C 2.0, OTG"",""WLAN"":""Wi-Fi 802.11 a/b/g/n/ac, dual-band, Wi-Fi Direct""},""Launch"":{""Announced"":""2020, March 05"",""Status"":""Discontinued. Released 13 March 2020""},""Main Camera"":{""Features"":null,""Specifications"":[""Quad 64 MP, f/1.8, 26mm (wide), 1/1.72\"", 0.8µm, PDAF 12 MP, f/2.5, 54mm (telephoto), 1/3.4\"", 1.0µm, PDAF, 2x optical zoom 8 MP, f/2.3, 13mm (ultrawide), 1/4.0\"", 1.12µm 2 MP (macro)""],""Video"":[""4K@30fps"",""1080p@30/60/120fps"",""gyro-EIS""]},""Memory"":{""Card slot"":""microSDXC (dedicated slot)"",""Technology"":null,""Types"":[""8GB RAM / 128GB""]},""MobileName"":""Realme 6 Pro"",""Network"":{""2G"":1,""3G"":1,""4G"":1,""5G"":0},""Platform"":{""CPU"":""Octa-core (2x2.3 GHz Kryo 465 Gold & 6x1.8 GHz Kryo 465 Silver)"",""Chipset"":""Qualcomm SM7125 Snapdragon 720G (8 nm)"",""GPU"":""Adreno 618"",""OS"":""Android 10, upgradable to Android 11, Realme UI 2.0""},""Price"":[41500.0],""Selfie Camera"":{""Features"":null,""Specifications"":[],""Video"":[]},""Sound"":{""3.5mm jack"":1,""Loudspeaker"":""Yes""},""Weight"":null}"
b949b471015abc7c3b351a1776b32f34a2a4fe0078609541972530e3e044d31b,mymobile,https://mymobile.pk/products/realme-c100i/,mymobile.pk/mymobile__realme-c100i.json,2026-08-14T11:05:48+00:00,22bacbecae59797a9c838c8fe316d32ebf8cefe10bf2781af087b9aa4b0b4757,"{""Battery"":{""Capacity"":""7000 mAh"",""Charging"":[""15W wired, PD, QCReverse wired""],""WirelessCharging"":0},""Body"":{""Build"":""Glass front, plastic frame, plastic back"",""Dimensions"":""166.5 x 78.2 x 8.4 mm"",""Protection"":""IP64 dust tight and water resistant"",""SIM"":""Dual SIM (Nano-SIM, dual stand-by)"",""Weight"":""208 g""},""Colors"":[""Dawn Purple"",""Dusk Gray""],""Display"":{""Protection"":""Panda MN228 or Corning Gorilla Glass"",""Resolution"":""720 x 1570 pixels (~254 ppi)"",""Size"":""6.8 inches"",""Type"":""120Hz""},""Features"":{""BackFingerPrint"":0,""Bluetooth"":""5.2, A2DP, LE"",""InDisplayFingerPrint"":0,""Infrared port"":0,""NFC"":0,""Positioning"":""GPS, GALILEO, GLONASS, BDS"",""Radio"":1,""Sensors"":""Fingerprint (side-mounted), accelerometer, gyro, proximity, compass"",""SideFingerPrint"":1,""USB"":""USB Type-C 2.0, OTG"",""WLAN"":""Wi-Fi 802.11 a/b/g/n/ac, dual-band""},""Launch"":{""Announced"":""2026-04-30"",""Status"":""Available. Released 7 May 2026""},""Main Camera"":{""Features"":null,""Specifications"":[""8 MP, f/2.0, (wide), AF""],""Video"":[""1080p@30fps""]},""Memory"":{""Card slot"":""microSDXC"",""Technology"":null,""Types"":[""4GB RAM / 64GB""]},""MobileName"":""Realme C100i"",""Network"":{""2G"":1,""3G"":1,""4G"":1,""5G"":0},""Platform"":{""CPU"":""Octa-core (2x1.8 GHz Cortex-A75 & 6x1.6 GHz Cortex-A55)"",""Chipset"":""Unisoc T7250 (12 nm)"",""GPU"":""Mali-G57 MP1"",""OS"":""Android 16""},""Price"":[38999.0],""Selfie Camera"":{""Features"":null,""Specifications"":[],""Video"":[]},""Sound"":{""3.5mm jack"":1,""Loudspeaker"":""Yes""},""Weight"":null}"
7c185f2d927bb9a2cc3268517f37b4f77553bc1c957857a55c1510f38bd1e8a1,mymobile,https://mymobile.pk/products/realme-c53/,mymobile.pk/mymobile__realme-c53.json,2026-08-14T11:05:33+00:00,1ae11075f7ea8cd4795bdadd5ec7e3b70311bf31b17d593e674a08af9c0883cf,"{""Battery"":{""Capacity"":""5000 mAh"",""Charging"":[""33W wired, 50% in 31 min""],""WirelessCharging"":0},""Body"":{""Build"":""Glass front, plastic frame, plastic back"",""Dimensions"":""167.3 x 76.7 x 7.5 mm"",""Protection"":null,""SIM"":""Dual SIM (Nano-SIM, dual stand-by)"",""Weight"":""182 g""},""Colors"":[""Champion Gold"",""Mighty Black""],""Display"":{""Protection"":null,""Resolution"":""1080 x 2400 pixels (~390 ppi)"",""Size"":""6.74 inches"",""Type"":""90Hz""},""Features"":{""BackFingerPrint"":0,""Bluetooth"":""5.0, A2DP, LE"",""InDisplayFingerPrint"":0,""Infrared port"":0,""NFC"":0,""Positioning"":""GPS, GLONASS, GALILEO"",""Radio"":1,""Sensors"":""Fingerprint (side-mounted), accelerometer, gyro, proximity, compass"",""SideFingerPrint"":1,""USB"":""USB Type-C 2.0"",""WLAN"":""Wi-Fi 802.11 a/b/g/n/ac, dual-band""},""Launch"":{""Announced"":""2023-05-31"",""Status"":""Available. Released 31 May 2023""},""Main Camera"":{""Features"":null,""Specifications"":[""50 MP, f/1.8, (wide), PDAF LED flash, HDR, panorama""],""Video"":[""1080p@30fps""]},""Memory"":{""Card slot"":""microSDXC"",""Technology"":null,""Types"":[""6GB, 8GB RAM / 128GB, 256GB""]},""MobileName"":""Realme C53"",""Network"":{""2G"":1,""3G"":1,""4G"":1,""5G"":0},""Platform"":{""CPU"":""Octa-core (2x1.8 GHz Cortex-A75 & 6x1.8 GHz Cortex-A55)"",""Chipset"":""Unisoc Tiger T612 (12 nm)"",""GPU"":""Mali-G57"",""OS"":""Android 13, Realme UI T""},""Price"":[34999.0],""Selfie Camera"":{""Features"":null,""Specifications"":[],""Video"":[]},""Sound"":{""3.5mm jack"":1,""Loudspeaker"":""Yes""},""Weight"":null}"
74cfdff5d75f29450cf445790521db912c7ae1808986d0d0b9f5c2ada3ab00d6,mymobile,https://mymobile.pk/products/realme-c63/,mymobile.pk/mymobile__realme-c63.json,2026-08-14T11:04:21+00:00,2469f66c745b71415d60c1b3c287fafa5ff323835e78f16165e3195b7277ca0b,"{""Battery"":{""Capacity"":""5000 mAh"",""Charging"":[""45W wired""],""WirelessCharging"":0},""Body"":{""Build"":""Glass front, plastic back or silicone polymer back (eco leather), plastic frame"",""Dimensions"":""167.3 x 76.7 x 7.7 mm"",""Protection"":""IP54 dust protected and water resistant (water splashes)"",""SIM"":""Dual SIM (Nano-SIM, dual stand-by)"",""Weight"":""189 g""},""Colors"":[""Leather Blue"",""Jade Green""],""Display"":{""Protection"":null,""Resolution"":""720 x 1600 pixels (~260 ppi)"",""Size"":""6.75 inches"",""Type"":""90Hz""},""Features"":{""BackFingerPrint"":0,""Bluetooth"":""5.0, A2DP, LE"",""InDisplayFingerPrint"":0,""Infrared port"":0,""NFC"":1,""Positioning"":""GPS, GALILEO, GLONASS, BDS"",""Radio"":1,""Sensors"":""Fingerprint (side-mounted), accelerometer, gyro, proximity, compass"",""SideFingerPrint"":1,""USB"":""USB Type-C 2.0"",""WLAN"":""Wi-Fi 802.11 a/b/g/n/ac, dual-band""},""Launch"":{""Announced"":""2024-05-31"",""Status"":""Available. Released 5 June 2024""},""Main Camera"":{""Features"":null,""Specifications"":[""50 MP, f/1.8, (wide), 1/2.5\"", PDAF Features: LED flash, panorama Video: 1080p@30fps""],""Video"":[""1080p@30fps""]},""Memory"":{""Card slot"":""microSDXC"",""Technology"":null,""Types"":[""4GB, 6GB, 8GB RAM / 64GB, 128GB, 256GB""]},""MobileName"":""Realme C63"",""Network"":{""2G"":1,""3G"":1,""4G"":1,""5G"":0},""Platform"":{""CPU"":""Octa-core (2x1.8 GHz Cortex-A75 & 6x1.8 GHz Cortex-A55)"",""Chipset"":""Unisoc Tiger T612 (12 nm)"",""GPU"":""Mali-G57"",""OS"":""Android 14""},""Price"":[34999.0],""Selfie Camera"":{""Features"":null,""Specifications"":[],""Video"":[]},""Sound"":{""3.5mm jack"":1,""Loudspeaker"":""Yes""},""Weight"":null}"
5158e4a7ae7052e0c0a25961ce016d3dadb64041a43ba60c2dcc839d42f29bf2,mymobile,https://mymobile.pk/products/realme-c67/,mymobile.pk/mymobile__realme-c67.json,2026-08-14T11:04:51+00:00,291038ade05bbe40056048afa0c17d4c8107f2d2bb3dd3bb817b824be0c882df,"{""Battery"":{""Capacity"":""5000 mAh"",""Charging"":[""33W wired""],""WirelessCharging"":0},""Body"":{""Build"":""Dimensions 164.6 x 75.4 x 7.6 mm (6.48 x 2.97 x 0.30 in)"",""Dimensions"":""164.6 x 75.4 x 7.6 mm"",""Protection"":""IP54 dust protected and water resistant"",""SIM"":""Nano-SIM"",""Weight"":""185 g""},""Colors"":[""Sunny Oasis"",""Black Rock""],""Display"":{""Protection"":""-"",""Resolution"":""1080 x 2400 pixels (~392 ppi)"",""Size"":""6.72 inches"",""Type"":""90Hz""},""Features"":{""BackFingerPrint"":0,""Bluetooth"":""5.0, A2DP, LE"",""InDisplayFingerPrint"":0,""Infrared port"":0,""NFC"":1,""Positioning"":""GPS, GALILEO, GLONASS, QZSS, BDS"",""Radio"":1,""Sensors"":""Fingerprint (side-mounted), accelerometer, gyro, proximity, compass"",""SideFingerPrint"":1,""USB"":""USB Type-C 2.0"",""WLAN"":""Wi-Fi 802.11 a/b/g/n/ac, dual-band""},""Launch"":{""Announced"":""2023, December 19"",""Status"":""Available. Released 19 December 2023""},""Main Camera"":{""Features"":null,""Specifications"":[""108 MP, f/1.8, (wide), PDAF Features: LED flash, HDR, panorama""],""Video"":[""1080p@30fps"",""gyro-EIS""]},""Memory"":{""Card slot"":""microSDXC (dedicated slot)"",""Technology"":null,""Types"":[""8GB RAM / 128GB""]},""MobileName"":""Realme C67"",""Network"":{""2G"":1,""3G"":1,""4G"":1,""5G"":0},""Platform"":{""CPU"":""Octa-core (4x2.8 GHz Cortex-A73 & 4x1.9 GHz Cortex-A53)"",""Chipset"":""Qualcomm SM6225 Snapdragon 685 (6 nm)"",""GPU"":""Adreno 610"",""OS"":""Android 14, Realme UI""},""Price"":[38499.0],""Selfie Camera"":{""Features"":null,""Specifications"":[],""Video"":[]},""Sound"":{""3.5mm jack"":1,""Loudspeaker"":""Yes, with stereo speakers""},""Weight"":null}"
cc82dcf2f9f934951d147bbd4db58cdc64bd7f0ea0e53d99f4d16673afea4bbe,mymobile,https://mymobile.pk/products/realme-c85/,mymobile.pk/mymobile__realme-c85.json,2026-08-14T11:07:46+00:00,813467dc162d0ff117d3e05b8ccb59cae9bc90649042b4bad078f33db648fce0,"{""Battery"":{""Capacity"":""7000 mAh"",""Charging"":[""45W Fast Charge""],""WirelessCharging"":0},""Body"":{""Build"":""Glass front, plastic back, plastic frame"",""Dimensions"":""166.18 x 78.03 x 8.38 mm"",""Protection"":""IP68/IP69K dust tight and water resistant"",""SIM"":""Nano-SIM, Dual SIM (Nano-SIM, dual stand-by)"",""Weight"":""212 g""},""Colors"":[""Green"",""Purple""],""Display"":{""Protection"":""Corning Gorilla Armor 2"",""Resolution"":""1570 x 720 pixels"",""Size"":""6.8 inches"",""Type"":""144Hz""},""Features"":{""BackFingerPrint"":0,""Bluetooth"":""5.0"",""InDisplayFingerPrint"":0,""Infrared port"":0,""NFC"":0,""Positioning"":""Beidou, GPS, GLONASS, Galileo, QZSS"",""Radio"":0,""Sensors"":""Proximity sensor, Ambient light sensor, E-compass, Accelerometer, Side fingerprint sensor"",""SideFingerPrint"":1,""USB"":""Type-C"",""WLAN"":""Wi-Fi 802.11 a/b/g/n/ac, dual-band""},""Launch"":{""Announced"":null,""Status"":""Available. Released 12 January 2026""},""Main Camera"":{""Features"":null,""Specifications"":[""50 MP, f/1.8, 28mm (wide), 1/2.96\"", PDAF Features LED flash, HDR, panorama""],""Video"":[""1080P video: 30 fps"",""720P video: 30 fps""]},""Memory"":{""Card slot"":""No"",""Technology"":null,""Types"":[""8GB RAM / 128GB, 256GB""]},""MobileName"":""Realme C85"",""Network"":{""2G"":1,""3G"":1,""4G"":1,""5G"":0},""Platform"":{""CPU"":""8 Cores"",""Chipset"":""Qualcomm® Snapdragon™ 685 Mobile Platform"",""GPU"":""Adreno 610@1.26GHz"",""OS"":""Android 15, realme UI 6.0""},""Price"":[52999.0],""Selfie Camera"":{""Features"":null,""Specifications"":[],""Video"":[]},""Sound"":{""3.5mm jack"":0,""Loudspeaker"":""Yes, with stereo speakers""},""Weight"":null}"
85deb17819703c8a2b72ef84c4f4c2bf16a5198c3bf1bdab88af8553b713ba4d,mymobile,https://mymobile.pk/products/realme-note-50/,mymobile.pk/mymobile__realme-note-50.json,2026-08-14T11:02:41+00:00,02487c94eea06ed6fccab13f149e2df86ab291e6cc8de9ac8c3ca1e871aafdcf,"{""Battery"":{""Capacity"":""5000 mAh"",""Charging"":[""10W wired""],""WirelessCharging"":0},""Body"":{""Build"":""Glass front, plastic frame, plastic back"",""Dimensions"":""167.2 x 76.7 x 8 mm"",""Protection"":""IP54 dust protected and water resistant"",""SIM"":""Dual SIM (Nano-SIM, dual stand-by)"",""Weight"":""186 g""},""Colors"":[""Sky Blue"",""Midnight Black""],""Display"":{""Protection"":null,""Resolution"":""720 x 1600 pixels (~260 ppi)"",""Size"":""6.74 inches"",""Type"":""90Hz""},""Features"":{""BackFingerPrint"":0,""Bluetooth"":""5.0, A2DP, LE"",""InDisplayFingerPrint"":0,""Infrared port"":0,""NFC"":0,""Positioning"":""GPS, GLONASS, GALILEO"",""Radio"":1,""Sensors"":""Fingerprint (side-mounted), accelerometer, proximity, compass"",""SideFingerPrint"":1,""USB"":""USB Type-C 2.0"",""WLAN"":""Wi-Fi 802.11 a/b/g/n/ac, dual-band""},""Launch"":{""Announced"":""2024-01-23"",""Status"":""Available. Released 23 January 2024""},""Main Camera"":{""Features"":null,""Specifications"":[""13 MP, f/2.2, 25mm (wide), PDAF Features: LED flash, HDR, panorama Video: 1080p@30fps""],""Video"":[""1080p@30fps""]},""Memory"":{""Card slot"":""microSDXC"",""Technology"":null,""Types"":[""3GB, 4GB RAM / 64GB, 128GB, 256GB""]},""MobileName"":""Realme Note 50"",""Network"":{""2G"":1,""3G"":1,""4G"":1,""5G"":0},""Platform"":{""CPU"":""Octa-core (2x1.8 GHz Cortex-A75 & 6x1.8 GHz Cortex-A55)"",""Chipset"":""Unisoc Tiger T612 (12 nm)"",""GPU"":""Mali-G57"",""OS"":""Android 13, Realme UI T""},""Price"":[22000.0],""Selfie Camera"":{""Features"":null,""Specifications"":[],""Video"":[]},""Sound"":{""3.5mm jack"":1,""Loudspeaker"":""Yes""},""Weight"":null}"
90d6a2abd9a4f9daf6719fe211d82ebbd7e7229919105866881970939b804883,mymobile,https://mymobile.pk/products/realme-p4r/,mymobile.pk/mymobile__realme-p4r.json,2026-08-14T11:07:38+00:00,142d62163a21cd9546da13aa303dab7b162cb8653fd16f5394e765ee9939c6d8,"{""Battery"":{""Capacity"":""8000 mAh"",""Charging"":[""45W wired, 45W PPS, 13.5W PD/QC""],""WirelessCharging"":0},""Body"":{""Build"":""Glass front, plastic frame, plastic back"",""Dimensions"":""166.4 x 78.2 x 8.8 mm"",""Protection"":""IP65 dust tight and water resistant"",""SIM"":""Dual SIM (Nano-SIM, dual stand-by)"",""Weight"":""224 g""},""Colors"":[""Silver Glare"",""Titanium Glare"",""Lavender Glare""],""Display"":{""Protection"":""Panda-1681 glass"",""Resolution"":""720 x 1570 pixels (~254 ppi)"",""Size"":""6.81 inches"",""Type"":""144Hz""},""Features"":{""BackFingerPrint"":0,""Bluetooth"":""5.3, A2DP, LE, aptX HD, LHDC 5.0"",""InDisplayFingerPrint"":0,""Infrared port"":0,""NFC"":0,""Positioning"":""GPS, GALILEO, GLONASS, QZSS, BDS"",""Radio"":0,""Sensors"":""Fingerprint (side-mounted), accelerometer, proximity, compass"",""SideFingerPrint"":1,""USB"":""USB Type-C 2.0, OTG"",""WLAN"":""Wi-Fi 802.11 a/b/g/n/ac, dual-band""},""Launch"":{""Announced"":""2026-06-10"",""Status"":""Available. Released 17 June 2026""},""Main Camera"":{""Features"":null,""Specifications"":[""50 MP, f/1.8, (wide), AF Features: LED flash, HDR, panorama""],""Video"":[""1080p@30fps""]},""Memory"":{""Card slot"":""microSDXC"",""Technology"":null,""Types"":[""4GB, 6GB RAM / 128GB, 256GB""]},""MobileName"":""Realme P4R"",""Network"":{""2G"":1,""3G"":1,""4G"":1,""5G"":1},""Platform"":{""CPU"":""Octa-core (2x2.4 GHz Cortex-A76 & 6x2.0 GHz Cortex-A55)"",""Chipset"":""Mediatek Dimensity 6300 (6 nm)"",""GPU"":""Mali-G57 MC2"",""OS"":""Android 16, Realme UI 7.0""},""Price"":[55999.0],""Selfie Camera"":{""Features"":null,""Specifications"":[],""Video"":[]},""Sound"":{""3.5mm jack"":0,""Loudspeaker"":""Yes""},""Weight"":null}"
bdf0b8709ce7ece9511a757e66c5478af4dc57597039cb24ddba65c0da62d832,mymobile,https://mymobile.pk/products/redmi-12c/,mymobile.pk/mymobile__redmi-12c.json,2026-08-14T11:01:46+00:00,9afa6a9a7461bdce2e422383a736aaf86dcae0a1d830958f89163502399fb562,"{""Battery"":{""Capacity"":""5000 mAh"",""Charging"":[""10W wired""],""WirelessCharging"":0},""Body"":{""Build"":""Dimensions 168.8 x 76.4 x 8.8 mm (6.65 x 3.01 x 0.35 in)"",""Dimensions"":""168.8 x 76.4 x 8.8 mm"",""Protection"":""-"",""SIM"":""Nano-SIM"",""Weight"":""192 g""},""Colors"":[""Graphite Gray"",""Ocean Blue"",""Mint Green"",""Lavender Purple""],""Display"":{""Protection"":""-"",""Resolution"":""720 x 1650 pixels (~268 ppi)"",""Size"":""6.71 inches"",""Type"":""60Hz""},""Features"":{""BackFingerPrint"":0,""Bluetooth"":""5.1, A2DP, LE"",""InDisplayFingerPrint"":0,""Infrared port"":0,""NFC"":1,""Positioning"":""GPS, GLONASS, BDS, GALILEO"",""Radio"":1,""Sensors"":""Fingerprint (rear-mounted), accelerometer, Virtual proximity sensing"",""SideFingerPrint"":0,""USB"":""microUSB 2.0"",""WLAN"":""Wi-Fi 802.11 a/b/g/n/ac, dual-band, Wi-Fi Direct""},""Launch"":{""Announced"":""2022, December 31"",""Status"":""Available. Released 1 January 2023""},""Main Camera"":{""Features"":null,""Specifications"":[""50 MP, f/1.8, (wide), 1/2.76\"", PDAF""],""Video"":[""1080p@30fps""]},""Memory"":{""Card slot"":""microSDXC (dedicated slot)"",""Technology"":null,""Types"":[""4GB RAM / 64GB, 128GB""]},""MobileName"":""Xiaomi Redmi 12C"",""Network"":{""2G"":1,""3G"":1,""4G"":1,""5G"":0},""Platform"":{""CPU"":""Octa-core (2x2.0 GHz Cortex-A75 & 6x1.8 GHz Cortex-A55)"",""Chipset"":""Mediatek MT6769Z Helio G85 (12 nm)"",""GPU"":""Mali-G52 MC2"",""OS"":""Android 12, MIUI 13""},""Price"":[22999.0],""Selfie Camera"":{""Features"":null,""Specifications"":[],""Video"":[]},""Sound"":{""3.5mm jack"":1,""Loudspeaker"":""Yes""},""Weight"":null}"
d67f60d6a9f191e5ad9a61a12e75f55c875539ca6233228753d7767f77bf82cb,mymobile,https://mymobile.pk/products/redmi-a2-plus/,mymobile.pk/mymobile__redmi-a2-plus.json,2026-08-14T11:02:07+00:00,161ff8df0b8bf9755609ae05f54887014d8917eba4fbf2c4240e89884d95df1d,"{""Battery"":{""Capacity"":""5000 mAh"",""Charging"":[""10W wired""],""WirelessCharging"":0},""Body"":{""Build"":""Dimensions 164.9 x 76.8 x 9.1 mm (6.49 x 3.02 x 0.36 in)"",""Dimensions"":""164.9 x 76.8 x 9.1 mm"",""Protection"":""-"",""SIM"":""Nano-SIM"",""Weight"":""192 g""},""Colors"":[""Aqua Blue"",""Classic Black"",""Sea Green""],""Display"":{""Protection"":""-"",""Resolution"":""720 x 1600 pixels (~269 ppi)"",""Size"":""6.52 inches"",""Type"":""60Hz""},""Features"":{""BackFingerPrint"":0,""Bluetooth"":""5.0, A2DP, LE"",""InDisplayFingerPrint"":0,""Infrared port"":0,""NFC"":0,""Positioning"":""GPS, GLONASS, GALILEO, BDS"",""Radio"":1,""Sensors"":""Fingerprint (rear-mounted), accelerometer"",""SideFingerPrint"":0,""USB"":""microUSB 2.0"",""WLAN"":""Wi-Fi 802.11 a/b/g/n""},""Launch"":{""Announced"":""2023, March 24"",""Status"":""Available. Released 24 March 2023""},""Main Camera"":{""Features"":null,""Specifications"":[""8 MP, f/2.0, (wide) Dual-LED flash, HDR""],""Video"":[""1080p@30fps""]},""Memory"":{""Card slot"":""microSDXC (dedicated slot)"",""Technology"":null,""Types"":[""3GB RAM / 64GB""]},""MobileName"":""Redmi A2 Plus"",""Network"":{""2G"":1,""3G"":1,""4G"":1,""5G"":0},""Platform"":{""CPU"":""Octa-core (4x2.2 GHz Cortex-A53 & 4x1.7 GHz Cortex-A53)"",""Chipset"":""Mediatek Helio G36 (12 nm)"",""GPU"":""PowerVR GE8320"",""OS"":""Android 12 or 13 (Go edition), MIUI""},""Price"":[20999.0],""Selfie Camera"":{""Features"":null,""Specifications"":[],""Video"":[]},""Sound"":{""3.5mm jack"":1,""Loudspeaker"":""Yes""},""Weight"":null}"
f125729dac65fea964f35ab67e756e5f51a3a3e28b202494f301701646ead02a,mymobile,https://mymobile.pk/products/redmi-a3/,mymobile.pk/mymobile__redmi-a3.json,2026-08-14T11:02:01+00:00,7164b91823cc822e60f466cbbef68ce848b60ce2ed7d002534fc06a5ee7cf7ea,"{""Battery"":{""Capacity"":""5000 mAh"",""Charging"":[""10W wired""],""WirelessCharging"":0},""Body"":{""Build"":""Glass front (Gorilla Glass 3), glass back or silicone polymer back (eco leather), plastic frame"",""Dimensions"":""168.3 x 76.3 x 8.3 mm"",""Protection"":""-"",""SIM"":""Nano-SIM"",""Weight"":""193 g""},""Colors"":[""Midnight Black"",""Forest Green (Olive Green)"",""Star Blue (Lake Blue)""],""Display"":{""Protection"":""Corning Gorilla Glass 3"",""Resolution"":""720 x 1650 pixels (~268 ppi)"",""Size"":""6.71 inches"",""Type"":""90Hz""},""Features"":{""BackFingerPrint"":0,""Bluetooth"":""5.4, A2DP, LE"",""InDisplayFingerPrint"":0,""Infrared port"":0,""NFC"":1,""Positioning"":""GPS, GLONASS, GALILEO, BDS"",""Radio"":1,""Sensors"":""Fingerprint (side-mounted), accelerometer, compassVirtual proximity sensing"",""SideFingerPrint"":1,""USB"":""USB Type-C 2.0"",""WLAN"":""Wi-Fi 802.11 a/b/g/n/ac, dual-band""},""Launch"":{""Announced"":""2024-02-14"",""Status"":""Available. Released 23 February 2024""},""Main Camera"":{""Features"":null,""Specifications"":[""8 MP, f/2.0, (wide) LED flash, HDR""],""Video"":[""1080p@30fps""]},""Memory"":{""Card slot"":""microSDXC (dedicated slot)"",""Technology"":null,""Types"":[""2GB, 3GB, 4GB, 6GB, 8GB RAM / 64GB, 128GB""]},""MobileName"":""Xiaomi Redmi A3"",""Network"":{""2G"":1,""3G"":1,""4G"":1,""5G"":0},""Platform"":{""CPU"":""Octa-core (4x2.2 GHz Cortex-A53 & 4x1.6 GHz Cortex-A53)"",""Chipset"":""Mediatek Helio G36 (12 nm)"",""GPU"":""PowerVR GE8320"",""OS"":""Android 14 or Android 14 (Go edition), upgradable to Android 15""},""Price"":[23999.0],""Selfie Camera"":{""Features"":null,""Specifications"":[],""Video"":[]},""Sound"":{""3.5mm jack"":1,""Loudspeaker"":""Yes""},""Weight"":null}"
10ab98030450c7c19db32494aaff90c8d6ba3b260ed9d1d7802a10b3991a0b61,mymobile,https://mymobile.pk/products/redmi-note-12/,mymobile.pk/mymobile__redmi-note-12.json,2026-08-14T11:06:23+00:00,fbf350b1940595f7218ddb35c70d9fe7fab3d576930c65991c03d21721183509,"{""Battery"":{""Capacity"":""5000 mAh"",""Charging"":[""33W wired""],""WirelessCharging"":0},""Body"":{""Build"":""Glass front (Gorilla Glass 3), plastic frame, plastic back"",""Dimensions"":""165.7 x 76 x 7.9 mm"",""Protection"":""IP53 dust protected and water resistant"",""SIM"":""Nano-SIM"",""Weight"":""183.5 g""},""Colors"":[""Onyx Gray"",""Mint Green"",""Ice Blue""],""Display"":{""Protection"":""Corning Gorilla Glass 3"",""Resolution"":""1080 x 2400 pixels"",""Size"":""6.67 inches"",""Type"":""120Hz""},""Features"":{""BackFingerPrint"":0,""Bluetooth"":""5.0, A2DP, LE"",""InDisplayFingerPrint"":0,""Infrared port"":1,""NFC"":1,""Positioning"":""GPS, GLONASS, GALILEO"",""Radio"":1,""Sensors"":""Fingerprint (side-mounted), accelerometer, gyro, proximity, compass"",""SideFingerPrint"":1,""USB"":""USB Type-C 2.0, OTG"",""WLAN"":""Wi-Fi 802.11 a/b/g/n/ac, dual-band""},""Launch"":{""Announced"":""2023, March 23"",""Status"":""Available. Released 30 March 2023""},""Main Camera"":{""Features"":null,""Specifications"":[""50 MP, f/1.8, (wide), 1/2.76\"", 0.64µm, PDAF 8 MP, f/2.2, 120˚ (ultrawide), 1/4.0\"", 1.12µm 2 MP (macro)""],""Video"":[""1080p@30fps""]},""Memory"":{""Card slot"":""microSDXC (dedicated slot)"",""Technology"":null,""Types"":[""6GB, 8GB RAM / 128GB""]},""MobileName"":""Redmi Note 12"",""Network"":{""2G"":1,""3G"":1,""4G"":1,""5G"":0},""Platform"":{""CPU"":""Octa-core (4x2.8 GHz Cortex-A73 & 4x1.9 GHz Cortex-A53)"",""Chipset"":""Qualcomm SM6225 Snapdragon 685 (6 nm)"",""GPU"":""Adreno 610"",""OS"":""Android 13, upgradable to Android 14, HyperOS""},""Price"":[48999.0],""Selfie Camera"":{""Features"":null,""Specifications"":[],""Video"":[]},""Sound"":{""3.5mm jack"":1,""Loudspeaker"":""Yes""},""Weight"":null}"
2d1e1481797ec3df7cad855c625dd0a4c916e3f1d61ac20e2c0951b5ae1fa3b0,mymobile,https://mymobile.pk/products/redmi-note-13-pro/,mymobile.pk/mymobile__redmi-note-13-pro.json,2026-08-14T11:00:17+00:00,945d2b99d85f91b3765db5e9ddbf8cedd88f749fd7cb4e9cea4b8ecf66811713,"{""Battery"":{""Capacity"":""5100 mAh"",""Charging"":[""67W wired, PD3.0, 50% in 17 min, 100% in 44 min""],""WirelessCharging"":0},""Body"":{""Build"":""Glass front (Gorilla Glass Victus), plastic frame, glass back"",""Dimensions"":""161.2 x 74.2 x 8 mm"",""Protection"":""IP54 dust protected and water resistant (water splashes)"",""SIM"":""Nano-SIM + eSIM, Nano-SIM + Nano-SIM"",""Weight"":""187 g""},""Colors"":[""Midnight Black"",""Aurora Purple (Coral Purple)"",""Ocean Teal"",""Arctic White"",""Olive Green"",""Scarlet Red""],""Display"":{""Protection"":""Corning Gorilla Glass Victus"",""Resolution"":""1220 x 2712 pixels"",""Size"":""6.67 inches"",""Type"":""120Hz""},""Features"":{""BackFingerPrint"":0,""Bluetooth"":""5.2, A2DP, LE"",""InDisplayFingerPrint"":1,""Infrared port"":1,""NFC"":1,""Positioning"":""GPS, GLONASS, BDS (B1I+B1c), GALILEO, QZSS"",""Radio"":1,""Sensors"":""Fingerprint (under display, optical), accelerometer, gyro, compass, Virtual proximity sensing"",""SideFingerPrint"":0,""USB"":""USB Type-C 2.0, OTG"",""WLAN"":""Wi-Fi 802.11 a/b/g/n/ac, dual-band""},""Launch"":{""Announced"":""2023-09-21"",""Status"":""Available. Released 21 September 2023""},""Main Camera"":{""Features"":null,""Specifications"":[""200 MP, f/1.7, 23mm (wide), OIS 8 MP, f/2.2, 118˚ (ultrawide) 2 MP (macro)""],""Video"":[""4K@30fps"",""1080p@30/60/120fps"",""gyro-EIS""]},""Memory"":{""Card slot"":""No"",""Technology"":null,""Types"":[""8GB, 12GB, 16GB RAM / 128GB, 256GB, 512GB""]},""MobileName"":""Redmi Note 13 Pro"",""Network"":{""2G"":1,""3G"":1,""4G"":1,""5G"":1},""Platform"":{""CPU"":""Octa-core (4x2.40 GHz Cortex-A78 & 4x1.95 GHz Cortex-A55)"",""Chipset"":""Qualcomm SM7435-AB Snapdragon 7s Gen 2 (4 nm)"",""GPU"":""Adreno 710"",""OS"":""Android 13, upgradable to Android 16, HyperOS 3""},""Price"":[74999.0],""Selfie Camera"":{""Features"":null,""Specifications"":[],""Video"":[]},""Sound"":{""3.5mm jack"":1,""Loudspeaker"":""Yes, with stereo speakers""},""Weight"":null}"
9912446ca221c308265d86df4cd39d4a8db153928c98b95701e626af7e20647a,mymobile,https://mymobile.pk/products/redmi-note-14-pro/,mymobile.pk/mymobile__redmi-note-14-pro.json,2026-08-14T11:00:23+00:00,5c059d81277783bdf8f498c14b277cccd5da695f5c023282205ad1032b007643,"{""Battery"":{""Capacity"":""5500 mAh"",""Charging"":[""45W wired""],""WirelessCharging"":0},""Body"":{""Build"":""Glass front (Gorilla Glass Victus 2), plastic back, aluminum frame"",""Dimensions"":""162.2 x 74.9 x 8.2 mm"",""Protection"":""IP64 dust tight and water resistant (water splashes)"",""SIM"":""Dual SIM (Nano-SIM, dual stand-by)"",""Weight"":""180 g""},""Colors"":[""Midnight Black"",""Aurora Purple"",""Ocean Blue""],""Display"":{""Protection"":""Corning Gorilla Glass Victus 2, Mohs level 5"",""Resolution"":""1080 x 2400 pixels (~395 ppi)"",""Size"":""6.67 inches"",""Type"":""120Hz""},""Features"":{""BackFingerPrint"":0,""Bluetooth"":""5.3, A2DP, LE"",""InDisplayFingerPrint"":1,""Infrared port"":1,""NFC"":1,""Positioning"":""GPS, GALILEO, GLONASS, QZSS, BDS"",""Radio"":1,""Sensors"":""Fingerprint (under display, optical), accelerometer, proximity, gyro, compass"",""SideFingerPrint"":0,""USB"":""USB Type-C 2.0, OTG"",""WLAN"":""Wi-Fi 802.11 a/b/g/n/ac, dual-band""},""Launch"":{""Announced"":""2025-01-10"",""Status"":""Available. Released 16 January 2025""},""Main Camera"":{""Features"":null,""Specifications"":[""200 MP, f/1.7, 23mm (wide), 1/1.4\"", 0.56µm, multi-directional PDAF, OIS 8 MP, f/2.2, 15mm, 120˚ (ultrawide), 1/4.4\"", 1.0µm 2 MP (macro)""],""Video"":[""1080p@30/60fps"",""gyro-EIS""]},""Memory"":{""Card slot"":""microSDXC (uses shared SIM slot)"",""Technology"":null,""Types"":[""8GB, 12GB RAM / 128GB, 256GB, 512GB""]},""MobileName"":""Redmi Note 14 Pro"",""Network"":{""2G"":1,""3G"":1,""4G"":1,""5G"":0},""Platform"":{""CPU"":""Octa-core (2x2.2 GHz Cortex-A76 & 6x2.0 GHz Cortex-A55)"",""Chipset"":""Mediatek Helio G100 Ultra (6 nm)"",""GPU"":""Mali-G57 MC2"",""OS"":""Android 14, HyperOS""},""Price"":[85999.0],""Selfie Camera"":{""Features"":null,""Specifications"":[],""Video"":[]},""Sound"":{""3.5mm jack"":1,""Loudspeaker"":""Yes, with stereo speakers (with Dolby Atmos)""},""Weight"":null}"
f6746dfe4af20be8922cf739a7f59ae0a05ee4083da287ee10a581f4b6e2565e,mymobile,https://mymobile.pk/products/redmi-notes-12s/,mymobile.pk/mymobile__redmi-notes-12s.json,2026-08-14T11:08:22+00:00,8e598e919b7ff8ccecde9b0688302fee61d3d93f85038fc1c7cd5e9e2c8e4ac2,"{""Battery"":{""Capacity"":""5000 mAh"",""Charging"":[""33W wired""],""WirelessCharging"":0},""Body"":{""Build"":""Dimensions 159.9 x 73.9 x 8.1 mm (6.30 x 2.91 x 0.32 in)"",""Dimensions"":""159.9 x 73.9 x 8.1 mm"",""Protection"":""-"",""SIM"":""Nano-SIM"",""Weight"":""176 g""},""Colors"":[""Onyx Black"",""Ice Blue"",""Pearl Green""],""Display"":{""Protection"":""-"",""Resolution"":""1080 x 2400 pixels"",""Size"":""6.43 inches"",""Type"":""90Hz""},""Features"":{""BackFingerPrint"":0,""Bluetooth"":""5.2, A2DP, LE"",""InDisplayFingerPrint"":0,""Infrared port"":1,""NFC"":1,""Positioning"":""GPS (L1), GLONASS (G1), GALILEO (E1), BDS (B1)"",""Radio"":1,""Sensors"":""Fingerprint (side-mounted), accelerometer, gyro, proximity, compass"",""SideFingerPrint"":1,""USB"":""USB Type-C 2.0"",""WLAN"":""Wi-Fi 802.11 a/b/g/n/ac, dual-band""},""Launch"":{""Announced"":""2023, March 06"",""Status"":""Available. Released 26 April 2023""},""Main Camera"":{""Features"":null,""Specifications"":[""Triple 108 MP, f/1.9, (wide), 1/1.52\"", 0.7µm, PDAF 8 MP, f/2.2, 118˚ (ultrawide), 1/4.0\"", 1.12µm 2 MP (macro)""],""Video"":[""1080p@30fps""]},""Memory"":{""Card slot"":""microSDXC (dedicated slot)"",""Technology"":null,""Types"":[""8GB RAM / 256GB""]},""MobileName"":""Xiaomi Redmi Note 12S"",""Network"":{""2G"":1,""3G"":1,""4G"":1,""5G"":0},""Platform"":{""CPU"":""Octa-core (2x2.05 GHz Cortex-A76 & 6x2.0 GHz Cortex-A55)"",""Chipset"":""Mediatek MT6781 Helio G96 (12 nm)"",""GPU"":""Mali-G57 MC2"",""OS"":""Android 13, MIUI 14""},""Price"":[69499.0],""Selfie Camera"":{""Features"":null,""Specifications"":[],""Video"":[]},""Sound"":{""3.5mm jack"":1,""Loudspeaker"":""Yes, with stereo speakers""},""Weight"":null}"
8195f7c5c3f8c98de40761bdf030c2d813df9eed4529e1491202c5dc0cd7d35c,mymobile,https://mymobile.pk/products/samsung-a04/,mymobile.pk/mymobile__samsung-a04.json,2026-08-14T11:01:29+00:00,38c328fe9c086c8adda2475e1c3d45c73793c5fe812c40a512b840281ac5491a,"{""Battery"":{""Capacity"":""5000 mAh"",""Charging"":[],""WirelessCharging"":0},""Body"":{""Build"":""Glass front, plastic back, plastic frame"",""Dimensions"":""164.4 x 76.3 x 9.1 mm"",""Protection"":null,""SIM"":""Dual SIM (Nano-SIM, dual stand-by)"",""Weight"":""192 g""},""Colors"":[""Black"",""Green"",""White"",""Copper""],""Display"":{""Protection"":null,""Resolution"":""720 x 1600 pixels (~270 ppi)"",""Size"":""6.5 inches"",""Type"":""60Hz""},""Features"":{""BackFingerPrint"":0,""Bluetooth"":""5.0, A2DP, LE"",""InDisplayFingerPrint"":0,""Infrared port"":0,""NFC"":0,""Positioning"":""GPS, GLONASS, GALILEO, BDS"",""Radio"":1,""Sensors"":""Accelerometer, proximity"",""SideFingerPrint"":0,""USB"":""USB Type-C 2.0"",""WLAN"":""Wi-Fi 802.11 a/b/g/n/ac, dual-band, Wi-Fi Direct""},""Launch"":{""Announced"":""2022-08-24"",""Status"":""Available. Released 10 October 2022""},""Main Camera"":{""Features"":null,""Specifications"":[""50 MP, f/1.8, 25mm (wide), 1/2.51\"", 0.7µm, AF""],""Video"":[""1080p@30fps""]},""Memory"":{""Card slot"":""microSDXC"",""Technology"":null,""Types"":[""3GB, 4GB, 6GB, 8GB RAM / 32GB, 64GB, 128GB""]},""MobileName"":""Samsung A04"",""Network"":{""2G"":1,""3G"":1,""4G"":1,""5G"":0},""Platform"":{""CPU"":""Octa-core (4x2.3 GHz Cortex-A53 & 4x1.8 GHz Cortex-A53)"",""Chipset"":""Mediatek MT6765 Helio P35 (12 nm)"",""GPU"":""PowerVR GE8320"",""OS"":""Android 12, upgradable to Android 13, One UI Core 5.0""},""Price"":[19200.0],""Selfie Camera"":{""Features"":null,""Specifications"":[],""Video"":[]},""Sound"":{""3.5mm jack"":1,""Loudspeaker"":""Yes""},""Weight"":null}"
67db11b9acdbba31624b06183045531c2485db5d5bdee95a33333665e066cfbc,mymobile,https://mymobile.pk/products/samsung-a04s/,mymobile.pk/mymobile__samsung-a04s.json,2026-08-14T11:02:47+00:00,4c159be54da79386dbdf579c789e8b644d7fc7ab01af22b0123a8544dad8e743,"{""Battery"":{""Capacity"":""5000 mAh"",""Charging"":[""15W wired""],""WirelessCharging"":0},""Body"":{""Build"":""Glass front, plastic back, plastic frame"",""Dimensions"":""164.7 x 76.7 x 9.1 mm"",""Protection"":""-"",""SIM"":""Nano-SIM"",""Weight"":""195 g""},""Colors"":[""Black"",""Green"",""White"",""Copper""],""Display"":{""Protection"":""-"",""Resolution"":""720 x 1600 pixels (~270 ppi)"",""Size"":""6.5 inches"",""Type"":""90Hz""},""Features"":{""BackFingerPrint"":0,""Bluetooth"":""5.0, A2DP, LE"",""InDisplayFingerPrint"":0,""Infrared port"":0,""NFC"":1,""Positioning"":""GPS, GLONASS, BDS, GALILEO, QZSS"",""Radio"":0,""Sensors"":""Fingerprint (side-mounted), accelerometer, Virtual Proximity Sensing"",""SideFingerPrint"":1,""USB"":""USB Type-C 2.0"",""WLAN"":""Wi-Fi 802.11 a/b/g/n/ac, dual-band, Wi-Fi Direct""},""Launch"":{""Announced"":""2022, August 31"",""Status"":""Available. Released 22 September 2022""},""Main Camera"":{""Features"":null,""Specifications"":[""50 MP, f/1.8, 26mm (wide), 2 MP (macro) LED flash, panorama, HDR""],""Video"":[""1080p@30fps""]},""Memory"":{""Card slot"":""microSDXC (dedicated slot)"",""Technology"":null,""Types"":[""4GB RAM / 64GB""]},""MobileName"":""Samsung Galaxy A04s"",""Network"":{""2G"":1,""3G"":1,""4G"":1,""5G"":0},""Platform"":{""CPU"":""Octa-core (4x2.0 GHz Cortex-A55 & 4x2.0 GHz Cortex-A55)"",""Chipset"":""Exynos 850 (8 nm)"",""GPU"":""Mali-G52"",""OS"":""Android 12, upgradable to Android 14, One UI 6.1""},""Price"":[27999.0],""Selfie Camera"":{""Features"":null,""Specifications"":[],""Video"":[]},""Sound"":{""3.5mm jack"":1,""Loudspeaker"":""Yes""},""Weight"":null}"
56b0fec02448f91243cb22cffafa023ee50c4fb03d7ec9aa73717fa50d9f9d00,mymobile,https://mymobile.pk/products/samsung-a05s/,mymobile.pk/mymobile__samsung-a05s.json,2026-08-14T11:05:20+00:00,b7fa19e12673138d937dc3d061f991ba5cf9d0efc2231d950e38f02ce8a5b1eb,"{""Battery"":{""Capacity"":""5000 mAh"",""Charging"":[""25W wired""],""WirelessCharging"":0},""Body"":{""Build"":""Glass front, plastic back, plastic frame"",""Dimensions"":""168 x 77.8 x 8.8 mm"",""Protection"":""-"",""SIM"":""Nano-SIM"",""Weight"":""194 g""},""Colors"":[""Black"",""Silver"",""Light Green"",""Violet""],""Display"":{""Protection"":""-"",""Resolution"":""1080 x 2400 pixels (~393 ppi)"",""Size"":""6.7 inches"",""Type"":""90Hz""},""Features"":{""BackFingerPrint"":0,""Bluetooth"":""5.1, A2DP, LE"",""InDisplayFingerPrint"":0,""Infrared port"":0,""NFC"":1,""Positioning"":""GPS, GLONASS, GALILEO, BDS, QZSS"",""Radio"":1,""Sensors"":""Fingerprint (side-mounted), accelerometer, proximity"",""SideFingerPrint"":1,""USB"":""USB Type-C 2.0"",""WLAN"":""Wi-Fi 802.11 a/b/g/n/ac, dual-band, Wi-Fi Direct""},""Launch"":{""Announced"":""2023, September 25"",""Status"":""Available. Released 18 October 2023""},""Main Camera"":{""Features"":null,""Specifications"":[""50 MP, f/1.8, (wide), 1/2.8\"", 0.64µm, AF 2 MP (macro)""],""Video"":[""1080p@30/60fps""]},""Memory"":{""Card slot"":""microSDXC (dedicated slot)"",""Technology"":null,""Types"":[""4GB, 6GB RAM / 128GB""]},""MobileName"":""Samsung Galaxy A05s"",""Network"":{""2G"":1,""3G"":1,""4G"":1,""5G"":0},""Platform"":{""CPU"":""Octa-core (4x2.4 GHz Kryo 265 Gold & 4x1.9 GHz Kryo 265 Silver)"",""Chipset"":""Qualcomm SM6225 Snapdragon 680 4G (6 nm)"",""GPU"":""Adreno 610"",""OS"":""Android 13, up to 2 major Android upgrades, One UI 7""},""Price"":[38500.0],""Selfie Camera"":{""Features"":null,""Specifications"":[],""Video"":[]},""Sound"":{""3.5mm jack"":1,""Loudspeaker"":""Yes""},""Weight"":null}"
5c02241ece6ed0f915531fde16e4195b308323013471818497f243bdb74c7694,mymobile,https://mymobile.pk/products/samsung-a25/,mymobile.pk/mymobile__samsung-a25.json,2026-08-14T11:08:18+00:00,78b92b7fb9da53d593c2b2b4560053edb8f31883206827064d1be6c765f1b891,"{""Battery"":{""Capacity"":""5000 mAh"",""Charging"":[""25W wired""],""WirelessCharging"":0},""Body"":{""Build"":""Glass front, plastic frame, plastic back"",""Dimensions"":""161 x 76.5 x 8.3 mm"",""Protection"":""-"",""SIM"":""Nano-SIM"",""Weight"":""197 g""},""Colors"":[""Brave Black"",""Personality Yellow"",""Fantasy Blue"",""Optimistic Blue""],""Display"":{""Protection"":""-"",""Resolution"":""1080 x 2340 pixels (~396 ppi)"",""Size"":""6.5 inches"",""Type"":""120Hz""},""Features"":{""BackFingerPrint"":0,""Bluetooth"":""5.3, A2DP, LE"",""InDisplayFingerPrint"":0,""Infrared port"":0,""NFC"":1,""Positioning"":""GPS, GLONASS, GALILEO, BDS, QZSS"",""Radio"":1,""Sensors"":""Fingerprint (side-mounted), accelerometer, gyro, compassVirtual proximity sensing"",""SideFingerPrint"":1,""USB"":""USB Type-C 2.0"",""WLAN"":""Wi-Fi 802.11 a/b/g/n/ac, dual-band, Wi-Fi Direct""},""Launch"":{""Announced"":""2023, December 11"",""Status"":""Available. Released 16 December 2023""},""Main Camera"":{""Features"":null,""Specifications"":[""50 MP, f/1.8, 27mm (wide), 1/2.76\"", 0.64µm, PDAF, OIS 8 MP, f/2.2, 120˚ (ultrawide), 1/4\"", 1.12µm 2 MP (macro)""],""Video"":[""4K@30fps"",""1080p@30/60fps"",""gyro-EIS""]},""Memory"":{""Card slot"":""microSDXC (uses shared SIM slot)"",""Technology"":null,""Types"":[""8GB RAM / 256GB""]},""MobileName"":""Samsung Galaxy A25"",""Network"":{""2G"":1,""3G"":1,""4G"":1,""5G"":1},""Platform"":{""CPU"":""Octa-core (2x2.4 GHz Cortex-A78 & 6x2.0 GHz Cortex-A55)"",""Chipset"":""Exynos 1280 (5 nm)"",""GPU"":""Mali-G68"",""OS"":""Android 14, up to 4 major Android upgrades, One UI 8.5""},""Price"":[69999.0],""Selfie Camera"":{""Features"":null,""Specifications"":[],""Video"":[]},""Sound"":{""3.5mm jack"":1,""Loudspeaker"":""Yes, with stereo speakers""},""Weight"":null}"
03cf5bf9d6b833baabc692848d4318071990b6439cf0687a4ed309da1090cec1,mymobile,https://mymobile.pk/products/samsung-galaxy-a08/,mymobile.pk/mymobile__samsung-galaxy-a08.json,2026-08-14T11:05:55+00:00,1958fb44c4ae109db0cad1b50b35a4d8384b7f3f08d0ca33b2201925957a6f92,"{""Battery"":{""Capacity"":""5000 mAh"",""Charging"":[],""WirelessCharging"":0},""Body"":{""Build"":""Not specified"",""Dimensions"":""Not specified"",""Protection"":""Not specified"",""SIM"":""Nano-SIM + Nano-SIM"",""Weight"":""Not specified g""},""Colors"":[""Black"",""Blue""],""Display"":{""Protection"":""Not specified"",""Resolution"":""720 x 1600 pixels"",""Size"":""6.7 inches"",""Type"":""90Hz""},""Features"":{""BackFingerPrint"":0,""Bluetooth"":""5.3, A2DP, LE"",""InDisplayFingerPrint"":0,""Infrared port"":0,""NFC"":0,""Positioning"":""GPS, GLONASS, GALILEO, BDS"",""Radio"":1,""Sensors"":""Fingerprint (side-mounted), accelerometer, proximity, compass"",""SideFingerPrint"":1,""USB"":""USB Type-C"",""WLAN"":""Wi-Fi 802.11 a/b/g/n/ac, dual-band, Wi-Fi Direct""},""Launch"":{""Announced"":""Expected in October 2026"",""Status"":""Coming Soon""},""Main Camera"":{""Features"":null,""Specifications"":[""50MP + 2MP, LED flash""],""Video"":[""1080p@30fps""]},""Memory"":{""Card slot"":""microSD"",""Technology"":null,""Types"":[""4GB, 6GB RAM / 64GB, 128GB""]},""MobileName"":""Samsung Galaxy A08 Coming Soon"",""Network"":{""2G"":1,""3G"":1,""4G"":1,""5G"":0},""Platform"":{""CPU"":""Octa-core"",""Chipset"":""Mediatek Helio"",""GPU"":""Not specified"",""OS"":""Android 16""},""Price"":[35500.0],""Selfie Camera"":{""Features"":null,""Specifications"":[],""Video"":[]},""Sound"":{""3.5mm jack"":0,""Loudspeaker"":""Yes, with stereo speakers""},""Weight"":null}"
479197be9e595ca04ab37e59dbffdb76e446342ea19b9abd62668b06703bac69,mymobile,https://mymobile.pk/products/samsung-galaxy-a16/,mymobile.pk/mymobile__samsung-galaxy-a16.json,2026-08-14T11:06:56+00:00,3d5634d4da7e1a0bd0500069b1b5a5d7376520ac20a6d1e9ed8f4866cf1d1ef7,"{""Battery"":{""Capacity"":""5000 mAh"",""Charging"":[""25W wired""],""WirelessCharging"":0},""Body"":{""Build"":""Glass front, plastic back, plastic frame"",""Dimensions"":""164.4 x 77.9 x 7.9 mm"",""Protection"":""IP54 dust protected and water resistant"",""SIM"":""Dual SIM (Nano-SIM, dual stand-by)"",""Weight"":""200 g""},""Colors"":[""Gray"",""water green"",""midnight blue""],""Display"":{""Protection"":""Mohs level 5"",""Resolution"":""1080 x 2340 pixels (~385 ppi)"",""Size"":""6.7 inches"",""Type"":""90Hz""},""Features"":{""BackFingerPrint"":0,""Bluetooth"":""5.3, A2DP, LE"",""InDisplayFingerPrint"":0,""Infrared port"":0,""NFC"":1,""Positioning"":""GPS, GALILEO, GLONASS, BDS, QZSS"",""Radio"":1,""Sensors"":""Fingerprint (side-mounted), accelerometer, compass, Virtual proximity sensing"",""SideFingerPrint"":1,""USB"":""USB Type-C 2.0"",""WLAN"":""Wi-Fi 802.11 a/b/g/n/ac, dual-band, Wi-Fi Direct""},""Launch"":{""Announced"":""2024-10-15"",""Status"":""Available. Released 20 November 2024""},""Main Camera"":{""Features"":null,""Specifications"":[""50 MP, f/1.8, (wide), 1/2.76\"", 0.64µm, AF 5 MP, f/2.2, (ultrawide), 1/5.0\"", 1.12µm 2 MP (macro)""],""Video"":[""1080p@30fps""]},""Memory"":{""Card slot"":""microSDXC (uses shared SIM slot)"",""Technology"":null,""Types"":[""4GB, 6GB, 8GB RAM / 128GB, 256GB""]},""MobileName"":""Samsung Galaxy A16"",""Network"":{""2G"":1,""3G"":1,""4G"":1,""5G"":0},""Platform"":{""CPU"":""Octa-core (2x2.2 GHz Cortex-A76 & 6x2.0 GHz Cortex-A55)"",""Chipset"":""Mediatek Helio G99 (6 nm)"",""GPU"":""Mali-G57 MC2"",""OS"":""Android 14, up to 6 major Android upgrades, One UI 8.5""},""Price"":[54999.0],""Selfie Camera"":{""Features"":null,""Specifications"":[],""Video"":[]},""Sound"":{""3.5mm jack"":0,""Loudspeaker"":""Yes""},""Weight"":null}"
669207706646419f4b6db219917c71eb09d88ec24caf7a3ddbbaee42c69dcb10,mymobile,https://mymobile.pk/products/samsung-galaxy-a17/,mymobile.pk/mymobile__samsung-galaxy-a17.json,2026-08-14T11:07:57+00:00,bfae738194cd6c0471527288cfe31dafc2fe4da4bf8c274b23ffa6bb33d92ecd,"{""Battery"":{""Capacity"":""5000 mAh"",""Charging"":[""25W wired""],""WirelessCharging"":0},""Body"":{""Build"":""Glass front (Gorilla Glass Victus), plastic frame, glass-fiber reinforced plastic back"",""Dimensions"":""164.4 x 77.9 x 7.5 mm"",""Protection"":""IP54 dust protected and water resistant (water splashes)"",""SIM"":""Nano-SIM"",""Weight"":""192 g""},""Colors"":[""Black"",""Gray"",""Light blue""],""Display"":{""Protection"":""Corning Gorilla Glass Victus, Mohs level 5"",""Resolution"":""1080 x 2340 pixels (~385 ppi)"",""Size"":""6.7 inches"",""Type"":""90Hz""},""Features"":{""BackFingerPrint"":0,""Bluetooth"":""5.3, A2DP, LE"",""InDisplayFingerPrint"":0,""Infrared port"":0,""NFC"":1,""Positioning"":""GPS, GALILEO, GLONASS, BDS, QZSS"",""Radio"":0,""Sensors"":""Fingerprint (side-mounted), accelerometer, gyro, compass, Virtual proximity sensing"",""SideFingerPrint"":1,""USB"":""USB Type-C 2.0"",""WLAN"":""Wi-Fi 802.11 a/b/g/n/ac, dual-band, Wi-Fi Direct""},""Launch"":{""Announced"":""2025, August 06"",""Status"":""Available. Released 13 October 2025""},""Main Camera"":{""Features"":null,""Specifications"":[""50 MP, f/1.8, (wide), 1/2.76\"", 0.64µm, AF, OIS 5 MP, f/2.2, (ultrawide), 1/5.0\"" 2 MP (macro)""],""Video"":[""1080p@30fps"",""gyro-EIS""]},""Memory"":{""Card slot"":""microSDXC (uses shared SIM slot)"",""Technology"":null,""Types"":[""6GB, 8GB RAM / 128GB, 256GB""]},""MobileName"":""Samsung Galaxy A17"",""Network"":{""2G"":1,""3G"":1,""4G"":1,""5G"":1},""Platform"":{""CPU"":""Octa-core (2x2.4 GHz Cortex-A78 & 6x2.0 GHz Cortex-A55)"",""Chipset"":""Exynos 1330 (5 nm)"",""GPU"":""Mali-G68 MP2"",""OS"":""Android 15, up to 6 major OS updates, One UI 8.5""},""Price"":[69999.0],""Selfie Camera"":{""Features"":null,""Specifications"":[],""Video"":[]},""Sound"":{""3.5mm jack"":0,""Loudspeaker"":""Yes""},""Weight"":null}"
47f7f73ae80264137a7c3b63f5f0c8909e4b8874ff404d4cff28478076068c39,mymobile,https://mymobile.pk/products/samsung-galaxy-a32/,mymobile.pk/mymobile__samsung-galaxy-a32.json,2026-08-14T11:07:02+00:00,95223d0520f80bb4070ba76234536f9deb8672224b4b7443f1039313a8eb969a,"{""Battery"":{""Capacity"":""5000 mAh"",""Charging"":[""15W wired""],""WirelessCharging"":0},""Body"":{""Build"":""Glass front (Gorilla Glass 5), plastic frame, plastic back"",""Dimensions"":""158.9 x 73.6 x 8.4 mm"",""Protection"":""Corning Gorilla Glass 5"",""SIM"":""Nano-SIM, Nano-SIM + Nano-SIM"",""Weight"":""184 g""},""Colors"":[],""Display"":{""Protection"":""Corning Gorilla Glass 5"",""Resolution"":""1080 x 2400 pixels, 20:9 ratio (~411 ppi density)"",""Size"":""6.4 inches"",""Type"":null},""Features"":{""BackFingerPrint"":0,""Bluetooth"":""5.0, A2DP, LE"",""InDisplayFingerPrint"":0,""Infrared port"":0,""NFC"":1,""Positioning"":""GPS, GLONASS, BDS, GALILEO"",""Radio"":1,""Sensors"":""Fingerprint (under display, optical), accelerometer, gyro, compassVirtual proximity sensing"",""SideFingerPrint"":0,""USB"":""USB Type-C 2.0, OTG"",""WLAN"":""Wi-Fi 802.11 a/b/g/n/ac, dual-band, Wi-Fi Direct""},""Launch"":{""Announced"":""2021, February 25"",""Status"":""Available. Released 25 February 2021""},""Main Camera"":{""Features"":null,""Specifications"":[""Quad 64 MP, f/1.8, 26mm (wide), PDAF 8 MP, f/2.2, 123˚, (ultrawide), 1/4.0\"", 1.12µm 5 MP (macro)""],""Video"":[""1080p@30fps""]},""Memory"":{""Card slot"":""microSDXC (dedicated slot)"",""Technology"":null,""Types"":[""4GB, 6GB, 8GB RAM / 64GB, 128GB""]},""MobileName"":""Samsung Galaxy A32"",""Network"":{""2G"":1,""3G"":1,""4G"":1,""5G"":0},""Platform"":{""CPU"":""Octa-core (2x2.0 GHz Cortex-A75 & 6x1.8 GHz Cortex-A55)"",""Chipset"":""Mediatek MT6769V/CU Helio G80 (12 nm)"",""GPU"":""Mali-G52 MC2"",""OS"":""Android 11, upgradable to Android 13, One UI 5""},""Price"":[47999.0],""Selfie Camera"":{""Features"":null,""Specifications"":[],""Video"":[]},""Sound"":{""3.5mm jack"":1,""Loudspeaker"":""Yes""},""Weight"":null}"
840651d4736e14a9f00468c2d3ecaf28139a84e4574d9bb3ee789fa5b1be5b32,mymobile,https://mymobile.pk/products/samsung-galaxy-s23-fe/,mymobile.pk/mymobile__samsung-galaxy-s23-fe.json,2026-08-14T10:59:20+00:00,7b73bd15189096fb3ed99e9cc26bc843d1ca2ae31f45d4a244296ed962e48c61,"{""Battery"":{""Capacity"":""4500 mAh"",""Charging"":[""25W wired, PD3.0, 50% in 30 min15W wirelessReverse wireless""],""WirelessCharging"":1},""Body"":{""Build"":""Glass front (Gorilla Glass 5), glass back (Gorilla Glass 5), aluminum frame"",""Dimensions"":""158 x 76.5 x 8.2 mm"",""Protection"":""IP68 dust tight and water resistant (immersible up to 1.5m for 30 min)"",""SIM"":""Nano-SIM"",""Weight"":""209 g""},""Colors"":[""Mint"",""Cream"",""Graphite"",""Purple"",""Indigo"",""Tangerine""],""Display"":{""Protection"":""Corning Gorilla Glass 5"",""Resolution"":""1080 x 2340 pixels"",""Size"":""6.4 inches"",""Type"":""120Hz""},""Features"":{""BackFingerPrint"":0,""Bluetooth"":""5.3, A2DP, LE"",""InDisplayFingerPrint"":1,""Infrared port"":0,""NFC"":1,""Positioning"":""GPS, GLONASS, GALILEO, BDS"",""Radio"":1,""Sensors"":""Fingerprint (under display, optical), accelerometer, gyro, compassVirtual proximity sensingSamsung DeX (desktop experience support)"",""SideFingerPrint"":0,""USB"":""USB Type-C, OTG"",""WLAN"":""Wi-Fi 802.11 a/b/g/n/ac/6e, dual-band, Wi-Fi Direct""},""Launch"":{""Announced"":""2023, October 04"",""Status"":""Available. Released 5 October 2023""},""Main Camera"":{""Features"":null,""Specifications"":[""Triple 50 MP, f/1.8, 23mm (wide), 1/1.57\"", 1.0µm, dual pixel PDAF, OIS 8 MP, f/2.4, 76mm (telephoto), 1/4.5\"", 1.0µm, PDAF, OIS, 3x optical zoom 12 MP, f/2.2, 13mm, 123˚ (ultrawide), 1/3.0\"", 1.12µm""],""Video"":[""8K@24fps"",""4K@30/60fps"",""1080p@30/60/120/240fps""]},""Memory"":{""Card slot"":""No"",""Technology"":null,""Types"":[""8GB RAM / 128GB, 256GB""]},""MobileName"":""Samsung Galaxy S23 FE"",""Network"":{""2G"":1,""3G"":1,""4G"":1,""5G"":1},""Platform"":{""CPU"":""Octa-core (1x2.8 GHz Cortex-X2 & 3x2.50 GHz Cortex-A710 & 4x1.8 GHz Cortex-A510) - International, Octa-core (1x3.00 GHz Cortex-X2 & 3x2.50 GHz Cortex-A710 & 4x1.80 GHz Cortex-A510) - USA"",""Chipset"":""Exynos 2200 (4 nm) - International, Qualcomm SM8450 Snapdragon 8 Gen 1 (4 nm) - USA"",""GPU"":""Xclipse 920 - International, Adreno 730 - USA"",""OS"":""Android 13, up to 4 major Android upgrades, One UI 8""},""Price"":[109999.0],""Selfie Camera"":{""Features"":null,""Specifications"":[],""Video"":[]},""Sound"":{""3.5mm jack"":0,""Loudspeaker"":""Yes, with stereo speakers""},""Weight"":null}"
66b25b30ff78584501c86018fc0950b6760951c5dd91299768271a326da94031,mymobile,https://mymobile.pk/products/samsung-galaxy-s24/,mymobile.pk/mymobile__samsung-galaxy-s24.json,2026-08-14T10:58:14+00:00,e29ddbb588a501ce83671f137e7165f9e845a00c53d35d028911073eab14a9e0,"{""Battery"":{""Capacity"":""4000 mAh"",""Charging"":[""25W wired, PD3.0, 50% in 30 min15W wireless (Qi)4.5W reverse wireless""],""WirelessCharging"":1},""Body"":{""Build"":""Glass front (Gorilla Glass Victus 2), glass back (Gorilla Glass Victus 2), aluminum frame"",""Dimensions"":""147 x 70.6 x 7.6 mm"",""Protection"":""IP68 dust tight and water resistant (immersible up to 1.5m for 30 min)"",""SIM"":""Nano-SIM"",""Weight"":""167 g""},""Colors"":[""Onyx Black"",""Marble Grey"",""Cobalt Violet"",""Amber Yellow"",""Jade Green"",""Sandstone Orange"",""Sapphire Blue""],""Display"":{""Protection"":""Corning Gorilla Glass Victus 2"",""Resolution"":""1080 x 2340 pixels"",""Size"":""6.2 inches"",""Type"":""120Hz""},""Features"":{""BackFingerPrint"":0,""Bluetooth"":""5.3, A2DP, LE"",""InDisplayFingerPrint"":1,""Infrared port"":0,""NFC"":1,""Positioning"":""GPS, GLONASS, BDS, GALILEO, QZSS"",""Radio"":0,""Sensors"":""Fingerprint (under display, ultrasonic), accelerometer, gyro, proximity, compass, barometer"",""SideFingerPrint"":0,""USB"":""USB Type-C 3.2, DisplayPort 1.2, OTG"",""WLAN"":""Wi-Fi 802.11 a/b/g/n/ac/6e, tri-band, Wi-Fi Direct""},""Launch"":{""Announced"":""2024, January 17"",""Status"":""Available. Released 24 January 2024""},""Main Camera"":{""Features"":null,""Specifications"":[""50 MP, f/1.8, 24mm (wide), 1/1.56\"", 1.0µm, dual pixel PDAF, OIS 10 MP, f/2.4, 67mm (telephoto), 1/3.94\"", 1.0µm, PDAF, OIS, 3x optical zoom 12 MP, f/2.2, 13mm, 120˚ (ultrawide), 1/2.55\"" 1.4µm, Super Steady video""],""Video"":[""8K@24/30fps"",""4K@30/60fps"",""1080p@30/60/120/240fps"",""HDR10+"",""stereo sound rec."",""gyro-EIS""]},""Memory"":{""Card slot"":""No"",""Technology"":null,""Types"":[""8GB RAM / 256GB""]},""MobileName"":""Samsung Galaxy S24"",""Network"":{""2G"":1,""3G"":1,""4G"":1,""5G"":1},""Platform"":{""CPU"":""8-core (1x3.39GHz Cortex-X4 & 3x3.1GHz Cortex-A720 & 2x2.9GHz Cortex-A720 & 2x2.2GHz Cortex-A520), 10-core (1x3.2GHz Cortex-X4 & 2x2.9GHz Cortex-A720 & 3x2.6GHz Cortex-A720 & 4x1.95GHz Cortex-A520)"",""Chipset"":""Qualcomm SM8650-AC Snapdragon 8 Gen 3 (4 nm) - USA/Canada/China, Exynos 2400 (4 nm) - International"",""GPU"":""Adreno 750 (1 GHz) - USA/Canada/China, Xclipse 940 - International"",""OS"":""Android 14, up to 7 major Android upgrades, One UI 8.5""},""Price"":[207999.0],""Selfie Camera"":{""Features"":null,""Specifications"":[],""Video"":[]},""Sound"":{""3.5mm jack"":0,""Loudspeaker"":""Yes, with stereo speakers""},""Weight"":null}"
41724748957ccc6c33e688e94f814b1e40a0d211c7cf1f1d107997a67925dd91,mymobile,https://mymobile.pk/products/samsung-z-flip-5/,mymobile.pk/mymobile__samsung-z-flip-5.json,2026-08-14T10:58:05+00:00,fa1fd685dd152eb22dcca677588b115082b1db2108c954fdfb406aa36d0c8fc0,"{""Battery"":{""Capacity"":""3700 mAh"",""Charging"":[""25W wired, 50% in 30 min15W wireless4.5W reverse wireless""],""WirelessCharging"":1},""Body"":{""Build"":""Plastic front (unfolded), glass back (Gorilla Glass Victus 2), aluminum frame"",""Dimensions"":""Unfolded: 165.1 x 71.9 x 6.9 mm, Folded: 85.1 x 71.9 x 15.1 mm"",""Protection"":""IPX8 water resistant (up to 1.5m for 30 min)"",""SIM"":""Nano-SIM + eSIM"",""Weight"":""187 g""},""Colors"":[""Mint"",""Graphite"",""Cream"",""Lavender"",""Gray"",""Blue"",""Green"",""Yellow""],""Display"":{""Protection"":""Gorilla Glass Victus 2"",""Resolution"":""1080 x 2640 pixels (~425 ppi)"",""Size"":""6.7 inches"",""Type"":""120Hz""},""Features"":{""BackFingerPrint"":0,""Bluetooth"":""5.3, A2DP, LE"",""InDisplayFingerPrint"":0,""Infrared port"":0,""NFC"":1,""Positioning"":""GPS, GLONASS, GALILEO, BDS"",""Radio"":0,""Sensors"":""Fingerprint (side-mounted), accelerometer, gyro, proximity, compass, barometer"",""SideFingerPrint"":1,""USB"":""USB Type-C 3.2, OTG"",""WLAN"":""Wi-Fi 802.11 a/b/g/n/ac/6e, tri-band, Wi-Fi Direct""},""Launch"":{""Announced"":""2023, July 26"",""Status"":""Available. Released 11 August 2023""},""Main Camera"":{""Features"":null,""Specifications"":[""12 MP, f/1.8, 24mm (wide), 1/1.76\"", 1.8µm, dual pixel PDAF, OIS 12 MP, f/2.2, 13mm, 123˚ (ultrawide), 1/3.06\"", 1.12µm""],""Video"":[""4K@30/60fps"",""1080p@60/240fps"",""HDR10+""]},""Memory"":{""Card slot"":""No"",""Technology"":null,""Types"":[""8GB RAM / 256GB, 512GB""]},""MobileName"":""Samsung Galaxy Z Flip 5"",""Network"":{""2G"":1,""3G"":1,""4G"":1,""5G"":1},""Platform"":{""CPU"":""Octa-core (1x3.36 GHz Cortex-X3 & 2x2.8 GHz Cortex-A715 & 2x2.8 GHz Cortex-A710 & 3x2.0 GHz Cortex-A510)"",""Chipset"":""Qualcomm SM8550-AC Snapdragon 8 Gen 2 (4 nm)"",""GPU"":""Adreno 740"",""OS"":""Android 13, upgradable to Android 16, One UI 8.5""},""Price"":[224999.0],""Selfie Camera"":{""Features"":null,""Specifications"":[],""Video"":[]},""Sound"":{""3.5mm jack"":0,""Loudspeaker"":""Yes, with stereo speakers""},""Weight"":null}"
cdfc40a69fbdd347e536459b97a9cbafba3ff33238741c92be16938d51ffe277,mymobile,https://mymobile.pk/products/samsung-z-fold-5/,mymobile.pk/mymobile__samsung-z-fold-5.json,2026-08-14T10:58:10+00:00,0dbbbba9fdd8be78752403d3f1f0027635f86804fa4500b0b4c3fa5cf5e22d87,"{""Battery"":{""Capacity"":""4400 mAh"",""Charging"":[""25W wired, 50% in 30 min15W wireless4.5W reverse wireless""],""WirelessCharging"":1},""Body"":{""Build"":""Glass front (Gorilla Glass Victus 2) (folded), plastic front (unfolded), glass back (Gorilla Glass Victus 2), aluminum frame"",""Dimensions"":""Unfolded: 154.9 x 129.9 x 6.1 mm, Folded: 154.9 x 67.1 x 13.4 mm"",""Protection"":""IPX8 water resistant (up to 1.5m for 30 min)"",""SIM"":""Nano-SIM + eSIM"",""Weight"":""253 g""},""Colors"":[""Icy Blue"",""Phantom Black"",""Cream"",""Gray"",""Blue""],""Display"":{""Protection"":""Corning Gorilla Glass Victus 2"",""Resolution"":""1812 x 2176 pixels (~373 ppi)"",""Size"":""7.6 inches"",""Type"":""120Hz""},""Features"":{""BackFingerPrint"":0,""Bluetooth"":""5.3, A2DP, LE, aptX HD"",""InDisplayFingerPrint"":0,""Infrared port"":0,""NFC"":1,""Positioning"":""GPS, GLONASS, GALILEO, BDS"",""Radio"":0,""Sensors"":""Fingerprint (side-mounted), accelerometer, gyro, proximity, compass, barometerSamsung DeX (desktop experience support)Ultra Wideband (UWB) support"",""SideFingerPrint"":1,""USB"":""USB Type-C 3.2, OTG"",""WLAN"":""Wi-Fi 802.11 a/b/g/n/ac/6e, tri-band, Wi-Fi Direct""},""Launch"":{""Announced"":""2023, July 26"",""Status"":""Available. Released 11 August 2023""},""Main Camera"":{""Features"":null,""Specifications"":[""Triple 50 MP, f/1.8, 23mm (wide), 1/1.56\"", 1.0µm, dual pixel PDAF, OIS 10 MP, f/2.4, 66mm (telephoto), 1/3.94\"", 1.0µm, PDAF, OIS, 3x optical zoom 12 MP, f/2.2, 12mm, 123˚ (ultrawide), 1/3.06\"", 1.12µm""],""Video"":[""8K@30fps"",""4K@60fps"",""1080p@60/240fps (gyro-EIS)"",""HDR10+""]},""Memory"":{""Card slot"":""No"",""Technology"":null,""Types"":[""12GB RAM / 256GB, 512GB""]},""MobileName"":""Samsung Galaxy Z Fold 5"",""Network"":{""2G"":1,""3G"":1,""4G"":1,""5G"":1},""Platform"":{""CPU"":""Octa-core (1x3.36 GHz Cortex-X3 & 2x2.8 GHz Cortex-A715 & 2x2.8 GHz Cortex-A710 & 3x2.0 GHz Cortex-A510)"",""Chipset"":""Qualcomm SM8550-AC Snapdragon 8 Gen 2 (4 nm)"",""GPU"":""Adreno 740"",""OS"":""Android 13, up to 4 major Android upgrades, One UI 8.5""},""Price"":[325999.0],""Selfie Camera"":{""Features"":null,""Specifications"":[],""Video"":[]},""Sound"":{""3.5mm jack"":0,""Loudspeaker"":""Yes, with stereo speakers""},""Weight"":null}"
f6c350dad63cc400616489c7737d26b77664ee2767f7154215a238836fff46b7,mymobile,https://mymobile.pk/products/samsung-z-fold4/,mymobile.pk/mymobile__samsung-z-fold4.json,2026-08-14T10:58:23+00:00,dbba3f5f08c736299c8c34115d969f2a80b265159218d3bcedb416a4dd61025f,"{""Battery"":{""Capacity"":""4400 mAh"",""Charging"":[""25W wired, 15W wireless, 4.5W reverse wireless""],""WirelessCharging"":1},""Body"":{""Build"":""Glass front (Gorilla Glass Victus+), plastic front (unfolded), glass back (Gorilla Glass Victus+), aluminum frame"",""Dimensions"":""Unfolded: 155.1 x 130.1 x 6.3 mm Folded: 155.1 x 67.1 x 14.2-15.8 mm"",""Protection"":""IPX8 water resistant (up to 1.5m for 30 min)"",""SIM"":""Nano-SIM + eSIM"",""Weight"":""263 g""},""Colors"":[""Graygreen"",""Phantom Black"",""Beige"",""Burgundy""],""Display"":{""Protection"":""Gorilla Glass Victus+)"",""Resolution"":""1812 x 2176 pixels (~373 ppi density)"",""Size"":""7.6 inches"",""Type"":""120Hz""},""Features"":{""BackFingerPrint"":0,""Bluetooth"":""5.2, A2DP, LE, aptX HD"",""InDisplayFingerPrint"":0,""Infrared port"":0,""NFC"":1,""Positioning"":""GPS, GLONASS, GALILEO, BDS"",""Radio"":0,""Sensors"":""Fingerprint (side-mounted), accelerometer, gyro, proximity, compass, barometer"",""SideFingerPrint"":1,""USB"":""USB Type-C 3.2, OTG"",""WLAN"":""Wi-Fi 802.11 a/b/g/n/ac/6e, dual-band, Wi-Fi Direct""},""Launch"":{""Announced"":""2022, August 10"",""Status"":""Available. Released 25 August 2022""},""Main Camera"":{""Features"":null,""Specifications"":[""50 MP, f/1.8, 23mm (wide), dual pixel PDAF, OIS 10 MP, f/2.4, 66mm (telephoto), PDAF, OIS, 3x optical zoom 12 MP, f/2.2, 12mm, 123˚ (ultrawide)""],""Video"":[""8K@24fps"",""4K@60fps"",""1080p@60/240fps (gyro-EIS)"",""HDR10+""]},""Memory"":{""Card slot"":""No"",""Technology"":null,""Types"":[""12GB RAM / 256GB, 512GB""]},""MobileName"":""Samsung Galaxy Z Fold4"",""Network"":{""2G"":1,""3G"":1,""4G"":1,""5G"":1},""Platform"":{""CPU"":""Octa-core (1x3.19 GHz Cortex-X2 & 3x2.75 GHz Cortex-A710 & 4x1.80 GHz Cortex-A510)"",""Chipset"":""Qualcomm SM8475 Snapdragon 8+ Gen 1 (4 nm)"",""GPU"":""Adreno 730"",""OS"":""Android 12L, up to 4 major Android upgrades, One UI 6.1.1""},""Price"":[289999.0],""Selfie Camera"":{""Features"":null,""Specifications"":[],""Video"":[]},""Sound"":{""3.5mm jack"":0,""Loudspeaker"":""Yes, with stereo speakers""},""Weight"":null}"
01dbc31aa4b8fb28aff18810f7d78c5604796416bd011d0a55a1e8d07ec9ba0c,mymobile,https://mymobile.pk/products/sparx-neo-11/,mymobile.pk/mymobile__sparx-neo-11.json,2026-08-14T11:03:58+00:00,4f77a1145040852e43e0ef6c7c33ee80bffdd9c91d04a5458e267d302dfd459f,"{""Battery"":{""Capacity"":""5000 mAh"",""Charging"":[""18W Fast Charging""],""WirelessCharging"":0},""Body"":{""Build"":""Glass Front, Plastic Frame, Plastic Back"",""Dimensions"":""164.6 x 75.8 x 9.2 mm"",""Protection"":""Corning Gorilla Glass"",""SIM"":""Dual SIM (Nano-SIM, dual stand-by)"",""Weight"":""186 g""},""Colors"":[""Forest Green"",""Dream Blue""],""Display"":{""Protection"":""Corning Gorilla Glass"",""Resolution"":""720 × 1600 Pixels (~269 PPI)"",""Size"":""6.52 inches"",""Type"":""60Hz""},""Features"":{""BackFingerPrint"":0,""Bluetooth"":""Bluetooth 5.0"",""InDisplayFingerPrint"":0,""Infrared port"":0,""NFC"":0,""Positioning"":""GPS, A-GPS"",""Radio"":1,""Sensors"":""Fingerprint, Accelerometer (G-Sensor), Light Sensor, Proximity Sensor"",""SideFingerPrint"":1,""USB"":""USB Type-C 2.0"",""WLAN"":""Wi-Fi 802.11 b/g/n, Hotspot""},""Launch"":{""Announced"":""2023-11-01"",""Status"":""Available. Released 1 November 2023""},""Main Camera"":{""Features"":null,""Specifications"":[""50MP, AI Auxiliary Lens LED Flash, HDR, Panorama, Phase Detection""],""Video"":[""1080p@30fps""]},""Memory"":{""Card slot"":""microSD Card (Up to 256GB)"",""Technology"":null,""Types"":[""4GB RAM / 128GB""]},""MobileName"":""Sparx Neo 11"",""Network"":{""2G"":1,""3G"":1,""4G"":1,""5G"":0},""Platform"":{""CPU"":""Octa-core"",""Chipset"":""MediaTek Helio G35"",""GPU"":""PowerVR GE8320"",""OS"":""Android 13 (Ine UI 3.0)""},""Price"":[27999.0],""Selfie Camera"":{""Features"":null,""Specifications"":[],""Video"":[]},""Sound"":{""3.5mm jack"":1,""Loudspeaker"":""No""},""Weight"":null}"
f6749884b568549b59cf921c29029d3ca1df6d6124677254aff9a222f9b24615,mymobile,https://mymobile.pk/products/sparx-neo-5-plus/,mymobile.pk/mymobile__sparx-neo-5-plus.json,2026-08-14T11:01:08+00:00,1db15968aafcc771506d376245d8791c5941d1fc831a11b2d040d8fbb93b1227,"{""Battery"":{""Capacity"":""5000 mAh"",""Charging"":[""Fast charging 18W""],""WirelessCharging"":0},""Body"":{""Build"":""Corning Gorilla Glass"",""Dimensions"":""168.0 x 77.7 x 9.2 mm"",""Protection"":""-"",""SIM"":""Nano-SIM, Dual SIM (Nano-SIM, dual stand-by)"",""Weight"":""185 g""},""Colors"":[""Various""],""Display"":{""Protection"":""-"",""Resolution"":""720 x 1612 pixels (~269 ppi)"",""Size"":""6.56 inches"",""Type"":""60Hz""},""Features"":{""BackFingerPrint"":0,""Bluetooth"":""v5.1 with A2DP, LE"",""InDisplayFingerPrint"":1,""Infrared port"":0,""NFC"":0,""Positioning"":""Yes + A-GPS support"",""Radio"":1,""Sensors"":""Accelerometer, Fingerprint, Proximity"",""SideFingerPrint"":0,""USB"":""microUSB 2.0"",""WLAN"":""Wi-Fi 802.11 b/g/n, hotspot""},""Launch"":{""Announced"":""2023, June 22"",""Status"":""Available. Released 22 June 2023""},""Main Camera"":{""Features"":null,""Specifications"":[""13 MP + AI lens, LED Flash""],""Video"":[""-""]},""Memory"":{""Card slot"":""microSD Card, (supports up to 256GB)"",""Technology"":null,""Types"":[""3GB RAM / 64GB""]},""MobileName"":""Sparx Neo 5 Plus"",""Network"":{""2G"":1,""3G"":1,""4G"":1,""5G"":0},""Platform"":{""CPU"":""Octa Core"",""Chipset"":""octa-core Unisoc T606"",""GPU"":""N/A"",""OS"":""Android 12 Go edition""},""Price"":[19499.0],""Selfie Camera"":{""Features"":null,""Specifications"":[],""Video"":[]},""Sound"":{""3.5mm jack"":1,""Loudspeaker"":""-""},""Weight"":null}"
4de9e009cf75c628ec3fd32f00afeb750e574f8a9b7897dbdf0a80518d77a5a8,mymobile,https://mymobile.pk/products/sparx-neo-5-pro/,mymobile.pk/mymobile__sparx-neo-5-pro.json,2026-08-14T11:01:14+00:00,900a505e2628539007ba3dcebc517af4c81f0fb7d721c8ec2918cacc1dd8b7e8,"{""Battery"":{""Capacity"":""5000 mAh"",""Charging"":[""-""],""WirelessCharging"":0},""Body"":{""Build"":""-"",""Dimensions"":""165 x 75.5 x 8.9mm"",""Protection"":""-"",""SIM"":""Dual SIM (Nano-SIM, dual stand-by)"",""Weight"":""185 g""},""Colors"":[""Glimmer Gold"",""Ocean Blue"",""Grey""],""Display"":{""Protection"":""Corning Gorilla Glass"",""Resolution"":""720 x 1600 Pixels (~269 PPI)"",""Size"":""6.5 inches"",""Type"":""60Hz""},""Features"":{""BackFingerPrint"":0,""Bluetooth"":""v5.0 with A2DP, LE"",""InDisplayFingerPrint"":0,""Infrared port"":0,""NFC"":0,""Positioning"":""Yes + A-GPS support"",""Radio"":1,""Sensors"":""Accelerometer, Fingerprint (side mounted), Proximity"",""SideFingerPrint"":1,""USB"":""microUSB 2.0"",""WLAN"":""Wi-Fi 802.11 b/g/n, hotspot""},""Launch"":{""Announced"":""September 2023"",""Status"":""Available. Released 1 November 2023""},""Main Camera"":{""Features"":null,""Specifications"":[""Triple Camera: 13 MP + 2MP (Macro) + VGA, LED Flash Features: Ge-tagging, Phase detection, Panorama, HDR, Video""],""Video"":[""-""]},""Memory"":{""Card slot"":""microSD Card, (supports up to 128GB)"",""Technology"":null,""Types"":[""2GB RAM / 32GB""]},""MobileName"":""Sparx Neo 5 Pro"",""Network"":{""2G"":1,""3G"":1,""4G"":1,""5G"":0},""Platform"":{""CPU"":""Octa-Core"",""Chipset"":""Unisoc SC9863A"",""GPU"":""PowerVR GE8322"",""OS"":""Android 13 (Go Edition)""},""Price"":[18999.0],""Selfie Camera"":{""Features"":null,""Specifications"":[],""Video"":[]},""Sound"":{""3.5mm jack"":1,""Loudspeaker"":""Speaker Phone""},""Weight"":null}"
a0ebfc5406bfcff6d4d441670d3a205955336803e80238607308054d9dd4d6eb,mymobile,https://mymobile.pk/products/sparx-neo-6-plus/,mymobile.pk/mymobile__sparx-neo-6-plus.json,2026-08-14T11:01:24+00:00,3a3120d7b11dfb34ebd0abb4298fa5a84f48a4511a235bdafaecbd8c32ea510f,"{""Battery"":{""Capacity"":""5000 mAh"",""Charging"":[""10W""],""WirelessCharging"":0},""Body"":{""Build"":""Not Officially Specified"",""Dimensions"":""Not Officially Specified"",""Protection"":""Not Officially Specified"",""SIM"":""Dual SIM (Nano-SIM, dual stand-by)"",""Weight"":""Not Officially Specified g""},""Colors"":[""Blue"",""Orange""],""Display"":{""Protection"":""Corning Gorilla Glass"",""Resolution"":""720 x 1600 Pixels (~269 PPI)"",""Size"":""6.52 inches"",""Type"":""60Hz""},""Features"":{""BackFingerPrint"":0,""Bluetooth"":""v5.0 with A2DP, LE"",""InDisplayFingerPrint"":0,""Infrared port"":0,""NFC"":0,""Positioning"":""Yes + A-GPS support"",""Radio"":1,""Sensors"":""FingerPrint, G Sensor, Light Sensor, Proximity"",""SideFingerPrint"":0,""USB"":""microUSB 2.0"",""WLAN"":""Wi-Fi 802.11 b/g/n, hotspot""},""Launch"":{""Announced"":""2024, January 16"",""Status"":""Available. Released 16 January 2024""},""Main Camera"":{""Features"":null,""Specifications"":[""Dual Camera: 13 MP + VGA, LED Flash Features: Ge-tagging, Phase detection, Panorama, HDR, Video""],""Video"":[]},""Memory"":{""Card slot"":""microSD Card, (supports up to 128GB)"",""Technology"":null,""Types"":[""2GB RAM / 64GB""]},""MobileName"":""Sparx Neo 6 Plus"",""Network"":{""2G"":1,""3G"":1,""4G"":1,""5G"":0},""Platform"":{""CPU"":""Octa Core"",""Chipset"":""Unisoc SC9863a"",""GPU"":""PowerVR GE8322"",""OS"":""Android 13 OS""},""Price"":[19499.0],""Selfie Camera"":{""Features"":null,""Specifications"":[],""Video"":[]},""Sound"":{""3.5mm jack"":1,""Loudspeaker"":""Speaker Phone""},""Weight"":null}"
68f5d96034fc54273bf09625b4d05faeee11a7dd87f29fb6ffd1d001ed545db7,mymobile,https://mymobile.pk/products/sparx-neo-8-pro/,mymobile.pk/mymobile__sparx-neo-8-pro.json,2026-08-14T11:00:56+00:00,54072436973996bb196eeb0c08d1267c2b0046c0485ece11409b6d692d74871f,"{""Battery"":{""Capacity"":""5000 mAh"",""Charging"":[""Fast charging 18W""],""WirelessCharging"":0},""Body"":{""Build"":""OS Android 13 OS"",""Dimensions"":""167.64 x 77.37 x 7.95 mm"",""Protection"":""-"",""SIM"":""Nano-SIM, Dual SIM (Nano-SIM, dual stand-by)"",""Weight"":""185 g""},""Colors"":[""Glitter Gold"",""Champagne Gold"",""Mystique Blue""],""Display"":{""Protection"":""-"",""Resolution"":""720 x 1600 Pixels (~262 PPI)"",""Size"":""6.7 Inches"",""Type"":""60Hz""},""Features"":{""BackFingerPrint"":0,""Bluetooth"":""v5.0 with A2DP, LE"",""InDisplayFingerPrint"":0,""Infrared port"":0,""NFC"":0,""Positioning"":""Yes + A-GPS support"",""Radio"":1,""Sensors"":""Fingerprint, G Sensor, Light Sensor, Proximity"",""SideFingerPrint"":0,""USB"":""microUSB 2.0"",""WLAN"":""Wi-Fi 802.11 b/g/n, hotspot""},""Launch"":{""Announced"":""2024, January 03"",""Status"":""Coming Soon. Released 3 January 2024""},""Main Camera"":{""Features"":null,""Specifications"":[""Dual Camera: 13 MP + 2 MP, LED Flash Features: Ge-tagging, Phase detection, Panorama, HDR, Video""],""Video"":[""-""]},""Memory"":{""Card slot"":""microSD Card, (supports up to 256GB)"",""Technology"":null,""Types"":[""4GB RAM / 128GB""]},""MobileName"":""Sparx Neo 8 Pro"",""Network"":{""2G"":1,""3G"":1,""4G"":1,""5G"":0},""Platform"":{""CPU"":""2.0 GHz Octa Core"",""Chipset"":""MediaTek Helio G25"",""GPU"":""PowerVR GE8322"",""OS"":""Android 13""},""Price"":[19699.0],""Selfie Camera"":{""Features"":null,""Specifications"":[],""Video"":[]},""Sound"":{""3.5mm jack"":1,""Loudspeaker"":""-""},""Weight"":null}"
f6e81b9dc89fb49f2fa8829f1df382397d01913c86b27fab23590a894777fb82,mymobile,https://mymobile.pk/products/sparx-neo-8/,mymobile.pk/mymobile__sparx-neo-8.json,2026-08-14T11:01:54+00:00,4db7122c8e031f3ea39023060d598542c469680195972a14925144fe6717e36e,"{""Battery"":{""Capacity"":""5000 mAh"",""Charging"":[""-""],""WirelessCharging"":0},""Body"":{""Build"":""OS Android 13 OS"",""Dimensions"":""164.6 x 75.8 x 9.2 mm"",""Protection"":""-"",""SIM"":""Nano-SIM, Dual SIM (Nano-SIM, dual stand-by)"",""Weight"":""185 g""},""Colors"":[""Various""],""Display"":{""Protection"":""-"",""Resolution"":""720 x 1600 pixels (~267 ppi)"",""Size"":""6.6 inches"",""Type"":""60Hz""},""Features"":{""BackFingerPrint"":0,""Bluetooth"":""v5.0 with A2DP, LE"",""InDisplayFingerPrint"":1,""Infrared port"":0,""NFC"":0,""Positioning"":""Yes + A-GPS support"",""Radio"":1,""Sensors"":""Fingerprint, G Sensor, Light Sensor, Proximity"",""SideFingerPrint"":0,""USB"":""microUSB 2.0"",""WLAN"":""Wi-Fi 802.11 b/g/n, hotspot""},""Launch"":{""Announced"":""September 11, 2023"",""Status"":""Available. Released 11 September 2023""},""Main Camera"":{""Features"":null,""Specifications"":[""Triple Camera: 13 MP + CIF + CIF, LED Flash Features: Ge-tagging, Phase detection, Panorama, HDR, Video""],""Video"":[""-""]},""Memory"":{""Card slot"":""microSD Card, (supports up to 256GB)"",""Technology"":null,""Types"":[""4GB RAM / 128GB""]},""MobileName"":""Sparx Neo 8"",""Network"":{""2G"":1,""3G"":1,""4G"":1,""5G"":0},""Platform"":{""CPU"":""2.0 GHz Octa Core"",""Chipset"":""MediaTek Helio G25"",""GPU"":""PowerVR GE8322"",""OS"":""Android 13""},""Price"":[21999.0],""Selfie Camera"":{""Features"":null,""Specifications"":[],""Video"":[]},""Sound"":{""3.5mm jack"":1,""Loudspeaker"":""-""},""Weight"":null}"
f8e725516ec20df7ba69fbd5be0e7567fb15e266156614554317b7284b69cc3d,mymobile,https://mymobile.pk/products/sparx-neo-x/,mymobile.pk/mymobile__sparx-neo-x.json,2026-08-14T11:05:24+00:00,d04c1ef3b527ac5c0c1388952e22519997bdb44f6b0ed58a03fab95b174b93fe,"{""Battery"":{""Capacity"":""5000 mAh"",""Charging"":[""-""],""WirelessCharging"":0},""Body"":{""Build"":""Corning Gorilla Glass"",""Dimensions"":""164.6x75.8x9.2 mm"",""Protection"":""-"",""SIM"":""Nano-SIM, Dual SIM (Nano-SIM, dual stand-by)"",""Weight"":""189 g""},""Colors"":[""Various""],""Display"":{""Protection"":""Corning Gorilla Glass"",""Resolution"":""720 x 1600 Pixels (~267 PPI)"",""Size"":""6.56 inches"",""Type"":""90Hz""},""Features"":{""BackFingerPrint"":0,""Bluetooth"":""v5.0 with A2DP, LE"",""InDisplayFingerPrint"":0,""Infrared port"":0,""NFC"":0,""Positioning"":""Yes + A-GPS support"",""Radio"":1,""Sensors"":""Accelerometer, Fingerprint (rear mounted), Proximity"",""SideFingerPrint"":0,""USB"":""microUSB 2.0"",""WLAN"":""Wi-Fi 802.11 b/g/n, hotspot""},""Launch"":{""Announced"":""2023-07-24"",""Status"":""Available. Released 24 July 2023""},""Main Camera"":{""Features"":null,""Specifications"":[""Quad Camera: 50MP + 2 MP + 2 MP + AI lens, LED Flash""],""Video"":[""-""]},""Memory"":{""Card slot"":""microSD Card, (supports up to 128GB)"",""Technology"":null,""Types"":[""4GB RAM / 64GB""]},""MobileName"":""Sparx Neo X"",""Network"":{""2G"":1,""3G"":1,""4G"":1,""5G"":0},""Platform"":{""CPU"":""Octa Core"",""Chipset"":""MediaTek Helio G37"",""GPU"":""PowerVR GE8320"",""OS"":""Android 12""},""Price"":[31999.0],""Selfie Camera"":{""Features"":null,""Specifications"":[],""Video"":[]},""Sound"":{""3.5mm jack"":1,""Loudspeaker"":""Yes""},""Weight"":null}"
54648b79958a27128530b56cf102a0f1f39240b49addca3f36d7b45876d1c1a6,mymobile,https://mymobile.pk/products/sparx-note-20/,mymobile.pk/mymobile__sparx-note-20.json,2026-08-14T11:03:04+00:00,97ed3a9213edae32f6a5b6f55b2f0fe84bc91b07e39fe492d716da222cd3536b,"{""Battery"":{""Capacity"":""5000 mAh"",""Charging"":[""Fast charging 33W""],""WirelessCharging"":0},""Body"":{""Build"":""AMOLED Capacitive Touchscreen, Multitouch"",""Dimensions"":""165.8 x 76.7 x 7.9mm"",""Protection"":""-"",""SIM"":""Nano-SIM, Dual SIM (Nano-SIM, dual stand-by)"",""Weight"":""193 g""},""Colors"":[""Twilight Black"",""Pearl White""],""Display"":{""Protection"":""-"",""Resolution"":""1080 x 2400 Pixels (~395 PPI)"",""Size"":""6.67 inches"",""Type"":""120Hz""},""Features"":{""BackFingerPrint"":0,""Bluetooth"":""v5.1 with A2DP, LE"",""InDisplayFingerPrint"":0,""Infrared port"":0,""NFC"":0,""Positioning"":""Yes + A-GPS support, & GLONASS, BDS"",""Radio"":1,""Sensors"":""Accelerometer, Fingerprint (side-mounted), Gyro, Proximity"",""SideFingerPrint"":1,""USB"":""USB Type-C 2.0"",""WLAN"":""Wi-Fi 802.11 a/b/g/n/ac/6, dual-band, Wi-Fi Direct""},""Launch"":{""Announced"":""January 16, 2024"",""Status"":""Available. Released 16 January 2024""},""Main Camera"":{""Features"":null,""Specifications"":[""Triple Camera: 50 MP + 5 MP + 2 MP, LED Flash""],""Video"":[""-""]},""Memory"":{""Card slot"":""microSD Card, (supports up to 512GB)"",""Technology"":null,""Types"":[""8GB RAM / 256GB""]},""MobileName"":""Sparx Note 20"",""Network"":{""2G"":1,""3G"":1,""4G"":1,""5G"":0},""Platform"":{""CPU"":""2.0 GHz Octa Core"",""Chipset"":""MediaTek Helio G99"",""GPU"":""Arm Mali G57"",""OS"":""Android 13 OS""},""Price"":[29999.0],""Selfie Camera"":{""Features"":null,""Specifications"":[],""Video"":[]},""Sound"":{""3.5mm jack"":1,""Loudspeaker"":""Speaker Phone""},""Weight"":null}"
5b422034ca0e17ca05903b0b809dc1a7a17d48c0b8217991464b539db1aca09c,mymobile,https://mymobile.pk/products/sparx-s3/,mymobile.pk/mymobile__sparx-s3.json,2026-08-14T11:00:46+00:00,ea12b9a556297e5b94f766c8c9a5ed777fcfad251d68b1be3eccbf81d8d3d64d,"{""Battery"":{""Capacity"":""2700 mAh"",""Charging"":[""-""],""WirelessCharging"":0},""Body"":{""Build"":""OS Android 12 Go edition"",""Dimensions"":""150.8 x 72 x 10.5mm"",""Protection"":""-"",""SIM"":""Nano-SIM, Dual SIM (Nano-SIM, dual stand-by)"",""Weight"":""185 g""},""Colors"":[""Various""],""Display"":{""Protection"":""-"",""Resolution"":""720 x 1600 Pixels (~322 PPI)"",""Size"":""5.5 Inches"",""Type"":""60Hz""},""Features"":{""BackFingerPrint"":0,""Bluetooth"":""v5.0 with A2DP, LE"",""InDisplayFingerPrint"":0,""Infrared port"":0,""NFC"":0,""Positioning"":""Yes + A-GPS support"",""Radio"":1,""Sensors"":""FingerPrint, G Sensor, Light Sensor, Proximity"",""SideFingerPrint"":0,""USB"":""microUSB 2.0"",""WLAN"":""Wi-Fi 802.11 b/g/n, hotspot""},""Launch"":{""Announced"":""2023, February 2"",""Status"":""Available. Released 2 February 2023""},""Main Camera"":{""Features"":null,""Specifications"":[""Dual 5 MP + 0.3 MP, LED Flash Ge-tagging, Phase detection, Panorama, HDR, Video""],""Video"":[""-""]},""Memory"":{""Card slot"":""microSD Card, (supports up to 128GB)"",""Technology"":null,""Types"":[""2GB RAM / 64GB""]},""MobileName"":""Sparx S3"",""Network"":{""2G"":1,""3G"":1,""4G"":1,""5G"":0},""Platform"":{""CPU"":""1.4Ghz Quad Core"",""Chipset"":""Unisoc SC9832E"",""GPU"":""PowerVR GE8322"",""OS"":""Android 12 Go edition""},""Price"":[10399.0],""Selfie Camera"":{""Features"":null,""Specifications"":[],""Video"":[]},""Sound"":{""3.5mm jack"":1,""Loudspeaker"":""-""},""Weight"":null}"
62363c6285e84d8ce0cfcdf37367e3d4a834b01cb2143abf10638189fd689fd1,mymobile,https://mymobile.pk/products/sparx-s6/,mymobile.pk/mymobile__sparx-s6.json,2026-08-14T11:01:00+00:00,837819f76c2a513ae252502c2104d9b89fd7517668e7f5b6fed386a2ee47880c,"{""Battery"":{""Capacity"":""2800 mAh"",""Charging"":[""-""],""WirelessCharging"":0},""Body"":{""Build"":""Corning Gorilla Glass"",""Dimensions"":""149.33 x 71.86 x 9.7mm"",""Protection"":""-"",""SIM"":""Nano-SIM, Dual SIM (Nano-SIM, dual stand-by)"",""Weight"":""185 g""},""Colors"":[""Black"",""Silver""],""Display"":{""Protection"":""Corning Gorilla Glass"",""Resolution"":""480 x 960 Pixels (~197 PPI)"",""Size"":""5.5 inches"",""Type"":""60Hz""},""Features"":{""BackFingerPrint"":0,""Bluetooth"":""VoLTE"",""InDisplayFingerPrint"":0,""Infrared port"":0,""NFC"":0,""Positioning"":""Yes + A-GPS support"",""Radio"":1,""Sensors"":""Accelerometer, Fingerprint (rear mounted), Proximity"",""SideFingerPrint"":0,""USB"":""microUSB 2.0"",""WLAN"":""Wi-Fi 802.11 b/g/n, hotspot""},""Launch"":{""Announced"":""February 16, 2023"",""Status"":""Available. Released 13 February 2023""},""Main Camera"":{""Features"":null,""Specifications"":[""Triple Camera: 5 MP + CIF + CIF, LED Flash Features: Ge-tagging, Phase detection, Panorama, HDR, Video""],""Video"":[""-""]},""Memory"":{""Card slot"":""microSD Card, (supports up to 128GB)"",""Technology"":null,""Types"":[""2GB RAM / 32GB""]},""MobileName"":""Sparx S6"",""Network"":{""2G"":1,""3G"":1,""4G"":1,""5G"":0},""Platform"":{""CPU"":""1.3 GHz Quad Core"",""Chipset"":""Unisoc SC9832E"",""GPU"":""Power VR GE8322"",""OS"":""Android 12 Go edition""},""Price"":[9999.0],""Selfie Camera"":{""Features"":null,""Specifications"":[],""Video"":[]},""Sound"":{""3.5mm jack"":1,""Loudspeaker"":""Yes""},""Weight"":null}"
d3cb8585249f1a5381131760f3c761a9abda9dda5f0e593db834d66952f14b95,mymobile,https://mymobile.pk/products/sparx-s7/,mymobile.pk/mymobile__sparx-s7.json,2026-08-14T11:00:40+00:00,77d475118976a7e542a3ecdf6038ece8c47eed42e16997aedbecd189c846b838,"{""Battery"":{""Capacity"":""4000 mAh"",""Charging"":[""10W""],""WirelessCharging"":0},""Body"":{""Build"":""OS Android 12 Go edition"",""Dimensions"":""150.1 mm, 73.1 mm, 11.6 mm"",""Protection"":""-"",""SIM"":""Nano-SIM, Dual SIM (Nano-SIM, dual stand-by)"",""Weight"":""185 g""},""Colors"":[""Various""],""Display"":{""Protection"":""Corning Gorilla Glass"",""Resolution"":""480 x 960 Pixels (~197 PPI)"",""Size"":""5.45 Inches"",""Type"":""60Hz""},""Features"":{""BackFingerPrint"":0,""Bluetooth"":""VoLTE"",""InDisplayFingerPrint"":0,""Infrared port"":0,""NFC"":0,""Positioning"":""Yes + A-GPS support"",""Radio"":1,""Sensors"":""Accelerometer, Fingerprint (rear mounted), Proximity"",""SideFingerPrint"":0,""USB"":""microUSB 2.0"",""WLAN"":""Wi-Fi 802.11 b/g/n, hotspot""},""Launch"":{""Announced"":""2023, October 13"",""Status"":""Available. Released 13 October 2023""},""Main Camera"":{""Features"":null,""Specifications"":[""Triple Camera: 5 MP + CIF + CIF, LED Flash Features: Ge-tagging, Phase detection, Panorama, HDR, Video""],""Video"":[""-""]},""Memory"":{""Card slot"":""microSD Card, (supports up to 128GB)"",""Technology"":null,""Types"":[""2GB RAM / 32GB""]},""MobileName"":""Sparx S7"",""Network"":{""2G"":1,""3G"":1,""4G"":1,""5G"":0},""Platform"":{""CPU"":""1.3 GHz Quad Core"",""Chipset"":""Unisoc SC9832E"",""GPU"":""Power VR GE8322"",""OS"":""Android 12 Go edition""},""Price"":[13999.0],""Selfie Camera"":{""Features"":null,""Specifications"":[],""Video"":[]},""Sound"":{""3.5mm jack"":1,""Loudspeaker"":""-""},""Weight"":null}"
772282d4070825e03eae7ee7728381c837dbb62dc2d4c1a82bf6915c8eabe4e8,mymobile,https://mymobile.pk/products/sparx-s9/,mymobile.pk/mymobile__sparx-s9.json,2026-08-14T11:00:50+00:00,24767381b9b4f358856fc576407b2c5ceb9b6a14d51c84a9de549bb3b9287622,"{""Battery"":{""Capacity"":""3250 mAh"",""Charging"":[""-""],""WirelessCharging"":0},""Body"":{""Build"":""OS Android 12 OS"",""Dimensions"":""154.5 x 73 x 10mm"",""Protection"":""-"",""SIM"":""Nano-SIM, Dual SIM (Nano-SIM, dual stand-by)"",""Weight"":""185 g""},""Colors"":[""Various""],""Display"":{""Protection"":""-"",""Resolution"":""720 x 1600 pixels (~288 ppi)"",""Size"":""6.1 inches"",""Type"":""60Hz""},""Features"":{""BackFingerPrint"":0,""Bluetooth"":""VoLTE"",""InDisplayFingerPrint"":0,""Infrared port"":0,""NFC"":0,""Positioning"":""Yes + A-GPS support"",""Radio"":1,""Sensors"":""G Sensor, Light Sensor, Proximity"",""SideFingerPrint"":0,""USB"":""microUSB 2.0"",""WLAN"":""Wi-Fi 802.11 b/g/n, hotspot""},""Launch"":{""Announced"":""14 Mar 2023"",""Status"":""Available. Released 14 March 2023""},""Main Camera"":{""Features"":null,""Specifications"":[""Dual Camera: 13 MP + CIF, LED Flash Features: Ge-tagging, Phase detection, Panorama, HDR, Video""],""Video"":[""-""]},""Memory"":{""Card slot"":""microSD Card, (supports up to 128GB)"",""Technology"":null,""Types"":[""2GB RAM / 32GB""]},""MobileName"":""Sparx S9"",""Network"":{""2G"":1,""3G"":1,""4G"":1,""5G"":0},""Platform"":{""CPU"":""1.4GHz Quad Core"",""Chipset"":""Unisoc SC9832E"",""GPU"":""Mali-T820"",""OS"":""Android 12""},""Price"":[12799.0],""Selfie Camera"":{""Features"":null,""Specifications"":[],""Video"":[]},""Sound"":{""3.5mm jack"":1,""Loudspeaker"":""Yes""},""Weight"":null}"
bd242006a222c5f14432aed2b0bfcac3e73b4ca464b76e74bddc62aee3b4f8bf,mymobile,https://mymobile.pk/products/sparx-ultra-11/,mymobile.pk/mymobile__sparx-ultra-11.json,2026-08-14T11:02:52+00:00,6e51a4c2605ac788d6d12cdd1cac7b1198f2738e0748f4852b37caea511a33bc,"{""Battery"":{""Capacity"":""5000 mAh"",""Charging"":[""Fast charging 18W""],""WirelessCharging"":0},""Body"":{""Build"":""OS Android 13 OS"",""Dimensions"":""168.76 x 76.6 x 8.6 mm"",""Protection"":""-"",""SIM"":""Nano-SIM, Dual SIM (Nano-SIM, dual stand-by)"",""Weight"":""185 g""},""Colors"":[""Sapphire Blue"",""Starlight White""],""Display"":{""Protection"":""-"",""Resolution"":""1080 x 2400 Pixels (~388 PPI)"",""Size"":""6.8 Inches"",""Type"":""120Hz""},""Features"":{""BackFingerPrint"":0,""Bluetooth"":""5.1, A2DP, LE"",""InDisplayFingerPrint"":0,""Infrared port"":0,""NFC"":0,""Positioning"":""Yes + A-GPS support, & GLONASS, BDS"",""Radio"":1,""Sensors"":""Accelerometer, Fingerprint (side-mounted), Gyro, Proximity"",""SideFingerPrint"":1,""USB"":""USB Type-C 2.0"",""WLAN"":""Wi-Fi 802.11 a/b/g/n/ac/6, dual-band, Wi-Fi Direct""},""Launch"":{""Announced"":""2024, February 19"",""Status"":""Coming Soon. Released 19 February 2024""},""Main Camera"":{""Features"":null,""Specifications"":[""Quad Camera: 50 MP + 5 MP + VGA + VGA, LED Flash Ge-tagging, Phase detection, Panorama, HDR, Video""],""Video"":[""HDR"",""Video""]},""Memory"":{""Card slot"":""microSD Card, (supports up to 128GB)"",""Technology"":null,""Types"":[""8GB RAM / 128GB""]},""MobileName"":""Sparx Ultra 11"",""Network"":{""2G"":1,""3G"":1,""4G"":1,""5G"":0},""Platform"":{""CPU"":""Octa-core"",""Chipset"":""Mediatek Helio G88"",""GPU"":""Mali-G52 MP2"",""OS"":""Android 13""},""Price"":[21799.0],""Selfie Camera"":{""Features"":null,""Specifications"":[],""Video"":[]},""Sound"":{""3.5mm jack"":1,""Loudspeaker"":""-""},""Weight"":null}"
2c9a505dcc38a2e4dc6e9af4baf8ba2df40c4722e2b0b2d7373ac89cfbeffee6,mymobile,https://mymobile.pk/products/tecno-camon-20-pro/,mymobile.pk/mymobile__tecno-camon-20-pro.json,2026-08-14T11:06:35+00:00,019465a97ef2483c264b6db1fe5f6877462597be740f7b31c84055be1e4e827d,"{""Battery"":{""Capacity"":""5000 mAh"",""Charging"":[""33W wired""],""WirelessCharging"":0},""Body"":{""Build"":null,""Dimensions"":""163.4 x 76.7 x 7.8 mm"",""Protection"":null,""SIM"":""Dual SIM (Nano-SIM, dual stand-by)"",""Weight"":""190 g""},""Colors"":[""Predawn Black"",""Serenity Blue""],""Display"":{""Protection"":null,""Resolution"":""1080 x 2400 pixels (~395 ppi)"",""Size"":""6.67 inches"",""Type"":""120Hz""},""Features"":{""BackFingerPrint"":0,""Bluetooth"":""Yes"",""InDisplayFingerPrint"":1,""Infrared port"":0,""NFC"":1,""Positioning"":""GPS"",""Radio"":1,""Sensors"":""Fingerprint (under display, optical), accelerometer, proximity, compass"",""SideFingerPrint"":0,""USB"":""USB Type-C 2.0, OTG"",""WLAN"":""Yes""},""Launch"":{""Announced"":""2023-05-09"",""Status"":""Available. Released 9 May 2023""},""Main Camera"":{""Features"":null,""Specifications"":[""64 MP, f/1.7, 25mm (wide), 1/1.7\"", 0.8µm, PDAF Ring-LED flash, panorama, HDR""],""Video"":[""1080p@30fps""]},""Memory"":{""Card slot"":""Unspecified"",""Technology"":null,""Types"":[""8GB RAM / 256GB""]},""MobileName"":""Tecno Camon 20 Pro"",""Network"":{""2G"":1,""3G"":1,""4G"":1,""5G"":0},""Platform"":{""CPU"":""Octa-core (2x2.2 GHz Cortex-A76 & 6x2.0 GHz Cortex-A55)"",""Chipset"":""Mediatek Helio G99 (6 nm)"",""GPU"":""Mali-G57 MC2"",""OS"":""Android 13, HIOS 13""},""Price"":[46999.0],""Selfie Camera"":{""Features"":null,""Specifications"":[],""Video"":[]},""Sound"":{""3.5mm jack"":1,""Loudspeaker"":""Yes, with stereo speakers""},""Weight"":null}"
05e6d0d1fc7c6c845029d2a6a8ac7c9f1a15e51c1316cb882cd627acb4d1a173,mymobile,https://mymobile.pk/products/tecno-camon-21/,mymobile.pk/mymobile__tecno-camon-21.json,2026-08-14T11:07:25+00:00,231a9020c1d5f9212fbeb31577978584301202507779a6e33433354a03fbd9ab,"{""Battery"":{""Capacity"":""5000 mAh"",""Charging"":[""33W Fast Charging""],""WirelessCharging"":0},""Body"":{""Build"":""Glass Front, Plastic Frame, Plastic Back"",""Dimensions"":""Not Officially Specified"",""Protection"":""IP53 Dust & Splash Resistant (Rumored)"",""SIM"":""Dual SIM (Nano-SIM, dual stand-by)"",""Weight"":""Not Officially Specified g""},""Colors"":[""Predawn Black"",""Glacier Glow"",""Serenity Blue""],""Display"":{""Protection"":null,""Resolution"":""1080 × 2400 Pixels (FHD+)"",""Size"":""6.67 inches"",""Type"":""120Hz""},""Features"":{""BackFingerPrint"":0,""Bluetooth"":""Bluetooth 5.0"",""InDisplayFingerPrint"":1,""Infrared port"":0,""NFC"":0,""Positioning"":""GPS"",""Radio"":1,""Sensors"":""Fingerprint, Accelerometer, Proximity, Compass"",""SideFingerPrint"":0,""USB"":""USB Type-C 2.0, OTG"",""WLAN"":""Wi-Fi 802.11 a/b/g/n/ac""},""Launch"":{""Announced"":""Not Officially Announced"",""Status"":""Rumored""},""Main Camera"":{""Features"":null,""Specifications"":[""64MP (Wide), PDAF 2MP + QVGA Auxiliary Lens""],""Video"":[""1080p@30fps""]},""Memory"":{""Card slot"":""Not Officially Specified"",""Technology"":null,""Types"":[""8GB RAM / 256GB""]},""MobileName"":""Tecno Camon 21"",""Network"":{""2G"":1,""3G"":1,""4G"":1,""5G"":0},""Platform"":{""CPU"":""Octa-core (2×2.0GHz Cortex-A75 + 6×1.8GHz Cortex-A55)"",""Chipset"":""MediaTek Helio G85 (12nm)"",""GPU"":""Mali-G52 MC2"",""OS"":""Android 13 with HiOS 13""},""Price"":[54999.0],""Selfie Camera"":{""Features"":null,""Specifications"":[],""Video"":[]},""Sound"":{""3.5mm jack"":1,""Loudspeaker"":""Yes""},""Weight"":null}"
c99b6b7062155c55de41432597f4ec3556c92f5c50065bada9c03af3a4c595d3,mymobile,https://mymobile.pk/products/tecno-camon-30-pro/,mymobile.pk/mymobile__tecno-camon-30-pro.json,2026-08-14T11:00:29+00:00,cf24e0f9989bf1c0d13f02802dd3c3b1f7fa4f8cedf63ba62b255f9bb688b3e2,"{""Battery"":{""Capacity"":""5000 mAh"",""Charging"":[""70W wired, 0-100% in 47 min""],""WirelessCharging"":0},""Body"":{""Build"":""Glass front, glass back or silicone polymer back (eco leather)"",""Dimensions"":""164 x 74.5 x 7.7 mm"",""Protection"":null,""SIM"":""Dual SIM (Nano-SIM, dual stand-by)"",""Weight"":""188.6 g""},""Colors"":[""Iceland Basaltic Dark"",""Alps Snowy Silver""],""Display"":{""Protection"":null,""Resolution"":""1080 x 2436 pixels (~393 ppi)"",""Size"":""6.78 inches"",""Type"":""144Hz""},""Features"":{""BackFingerPrint"":0,""Bluetooth"":""5.3, A2DP, LE"",""InDisplayFingerPrint"":1,""Infrared port"":1,""NFC"":1,""Positioning"":""GPS"",""Radio"":1,""Sensors"":""Fingerprint (under display, optical), accelerometer, gyro, compass"",""SideFingerPrint"":0,""USB"":""USB Type-C 2.0, OTG"",""WLAN"":""Wi-Fi 802.11 a/b/g/n/ac, dual-band""},""Launch"":{""Announced"":""2024-02-27"",""Status"":""Available. Released 2 April 2024""},""Main Camera"":{""Features"":null,""Specifications"":[""50 MP, f/1.9, 23mm (wide), 1/1.56\"", 1.0µm, PDAF, OIS 50 MP, f/2.2, 14mm, 114˚ (ultrawide), 1/2.76\"", 0.64µm, PDAF""],""Video"":[""4K@30/60fps (HDR)"",""1080p@30fps""]},""Memory"":{""Card slot"":""No"",""Technology"":null,""Types"":[""12GB RAM / 256GB, 512GB""]},""MobileName"":""Tecno Camon 30 Pro"",""Network"":{""2G"":1,""3G"":1,""4G"":1,""5G"":1},""Platform"":{""CPU"":""Octa-core (1x3.1 GHz Cortex-A78 & 3x3.0 GHz Cortex-A78 & 4x2.0 GHz Cortex-A55)"",""Chipset"":""Mediatek Dimensity 8200 Ultimate (4 nm)"",""GPU"":""Mali-G610 MC6"",""OS"":""Android 14, up to 2 major Android upgrades, HIOS 14""},""Price"":[99999.0],""Selfie Camera"":{""Features"":null,""Specifications"":[],""Video"":[]},""Sound"":{""3.5mm jack"":0,""Loudspeaker"":""Yes, with dual speakers""},""Weight"":null}"
0bc886745b141d5179472de40aac29b65293d133bb9eb535f1f4dce41718887d,mymobile,https://mymobile.pk/products/tecno-camon-50-pro/,mymobile.pk/mymobile__tecno-camon-50-pro.json,2026-08-14T10:59:44+00:00,91362e06a755c80ee36d991b2cddf2e8f97d9c46f3524d7bdf7f1daf441fb3c5,"{""Battery"":{""Capacity"":""6500 mAh"",""Charging"":[""45W wired""],""WirelessCharging"":0},""Body"":{""Build"":""Dimensions 162.4 x 77 x 7.8 mm (6.39 x 3.03 x 0.31 in)"",""Dimensions"":""162.4 x 77 x 7.8 mm"",""Protection"":""IP68/IP69K dust tight and water resistant (high pressure water jets; immersible up to 2m for 30 min)"",""SIM"":""Nano-SIM"",""Weight"":null},""Colors"":[""Moonshadow Black"",""Malachite Green"",""Nebula Titanium""],""Display"":{""Protection"":null,""Resolution"":""1208 x 2644 pixels (~429 ppi)"",""Size"":""6.78 inches"",""Type"":""144Hz""},""Features"":{""BackFingerPrint"":0,""Bluetooth"":""v5.4 with A2DP, LE"",""InDisplayFingerPrint"":1,""Infrared port"":1,""NFC"":1,""Positioning"":""GPS, A-GPS support"",""Radio"":1,""Sensors"":""Fingerprint (under display, optical), accelerometer, proximity, compass"",""SideFingerPrint"":0,""USB"":""USB Type-C 2.0, OTG"",""WLAN"":""Wi-Fi 802.11 a/b/g/n/ac, dual-band""},""Launch"":{""Announced"":null,""Status"":""Available. Released 5 April 2026""},""Main Camera"":{""Features"":null,""Specifications"":[""Triple 50 MP, f/1.8, 23mm (wide), 1/1.56\"", PDAF, OIS 50 MP, f/2.4, 70mm (telephoto), AF, OIS, 3x optical zoom 8 MP, f/2.2, 14mm, 112˚ (ultrawide), 1/4.0\"", 1.12µm""],""Video"":[""Yes""]},""Memory"":{""Card slot"":""Unspecified"",""Technology"":null,""Types"":[""8GB RAM / 256GB""]},""MobileName"":""Tecno Camon 50 Pro"",""Network"":{""2G"":1,""3G"":1,""4G"":1,""5G"":1},""Platform"":{""CPU"":""Octa-core (4x2.6 GHz Cortex-A78 & 4x2.0 GHz Cortex-A55)"",""Chipset"":""Mediatek Dimensity 7400 Ultimate (4 nm)"",""GPU"":""Mali-G615 MC2"",""OS"":""Android 16, up to 3 major OS updates, HIOS 16""},""Price"":[95999.0],""Selfie Camera"":{""Features"":null,""Specifications"":[],""Video"":[]},""Sound"":{""3.5mm jack"":0,""Loudspeaker"":""Yes, with stereo speakers""},""Weight"":null}"
1b20d46faa9ef4bb659a07e707a08d648002d41c696d0432e98d103a5cb0637c,mymobile,https://mymobile.pk/products/tecno-phantom-v-flip-5g/,mymobile.pk/mymobile__tecno-phantom-v-flip-5g.json,2026-08-14T10:59:15+00:00,e2c1a058037ad290d250a85c03554675fff89e9dace2034929683067a8937e67,"{""Battery"":{""Capacity"":""4000 mAh"",""Charging"":[""45W wired, 50% in 15 min""],""WirelessCharging"":0},""Body"":{""Build"":""Eco leather back, aluminum frame, steel hinge"",""Dimensions"":""Unfolded: 171.7 x 74.1 x 7 mm; Folded: 88.8 x 74.1 x 15 mm"",""Protection"":""-"",""SIM"":""Nano-SIM"",""Weight"":""194 g""},""Colors"":[""Iconic Black"",""Mystic Dawn""],""Display"":{""Protection"":""-"",""Resolution"":""1080 x 2640 pixels (~413 ppi)"",""Size"":""6.9 inches"",""Type"":""120Hz""},""Features"":{""BackFingerPrint"":0,""Bluetooth"":""5.1, A2DP, LE"",""InDisplayFingerPrint"":0,""Infrared port"":0,""NFC"":1,""Positioning"":""GPS"",""Radio"":1,""Sensors"":""Fingerprint (side-mounted), accelerometer, gyro, proximity (incl. for accessories), compass"",""SideFingerPrint"":1,""USB"":""USB Type-C"",""WLAN"":""Wi-Fi 802.11 a/b/g/n/ac/6, dual-band""},""Launch"":{""Announced"":""2023, September 22"",""Status"":""Available. Released 1 October 2023""},""Main Camera"":{""Features"":null,""Specifications"":[""64 MP, f/1.7, 25mm (wide), 1/1.73\"", 0.8µm, PDAF 13 MP, f/2.2, (ultrawide), 1/3.0\"", 1.12µm""],""Video"":[""4K@30fps"",""1080p@30/60fps""]},""Memory"":{""Card slot"":""No"",""Technology"":null,""Types"":[""8GB RAM / 256GB""]},""MobileName"":""Tecno Phantom V Flip"",""Network"":{""2G"":1,""3G"":1,""4G"":1,""5G"":1},""Platform"":{""CPU"":""Octa-core (1x3.0 GHz Cortex-A78 & 3x2.6 GHz Cortex-A78 & 4x2.0 GHz Cortex-A55)"",""Chipset"":""Mediatek Dimensity 8050 (6 nm)"",""GPU"":""Mali-G77 MC9"",""OS"":""Android 13, HIOS 13.5""},""Price"":[109999.0],""Selfie Camera"":{""Features"":null,""Specifications"":[],""Video"":[]},""Sound"":{""3.5mm jack"":0,""Loudspeaker"":""Yes, with stereo speakers""},""Weight"":null}"
ed6e7d04bc018a8b4a3e851a7b752041a1abe026a56790c6624f49af3651179f,mymobile,https://mymobile.pk/products/tecno-pop-7/,mymobile.pk/mymobile__tecno-pop-7.json,2026-08-14T11:02:25+00:00,950c7371ebcb0a27d4c8f44af8023b5c5f28d14cf92aa80279ac75998be1ce28,"{""Battery"":{""Capacity"":""5000 mAh"",""Charging"":[""10W wired""],""WirelessCharging"":0},""Body"":{""Build"":""Glass front, plastic back, plastic frame"",""Dimensions"":""163.9 x 75.5 x 8.9 mm"",""Protection"":null,""SIM"":""Dual SIM (Nano-SIM, dual stand-by)"",""Weight"":""185 g""},""Colors"":[""Endless Black"",""Capri Blue""],""Display"":{""Protection"":null,""Resolution"":""720 x 1612 pixels (~267 ppi)"",""Size"":""6.6 inches"",""Type"":""60Hz""},""Features"":{""BackFingerPrint"":0,""Bluetooth"":""Yes"",""InDisplayFingerPrint"":0,""Infrared port"":0,""NFC"":0,""Positioning"":""GPS"",""Radio"":1,""Sensors"":""Fingerprint (rear-mounted), accelerometer, proximity"",""SideFingerPrint"":0,""USB"":""Yes"",""WLAN"":""Yes""},""Launch"":{""Announced"":""2023-03-28"",""Status"":""Available. Released 1 April 2023""},""Main Camera"":{""Features"":null,""Specifications"":[""8 MP, f/2.0, (wide), AF""],""Video"":[""1080p@30fps""]},""Memory"":{""Card slot"":""microSDXC"",""Technology"":null,""Types"":[""2GB RAM / 64GB""]},""MobileName"":""Tecno Pop 7"",""Network"":{""2G"":1,""3G"":1,""4G"":1,""5G"":0},""Platform"":{""CPU"":""MediaTek Helio A22"",""Chipset"":""Unisoc SC9863A1"",""GPU"":""PowerVR GE8322"",""OS"":""Android 12 (Go edition)""},""Price"":[20999.0],""Selfie Camera"":{""Features"":null,""Specifications"":[],""Video"":[]},""Sound"":{""3.5mm jack"":1,""Loudspeaker"":""Yes""},""Weight"":null}"
be0dd621914a93027abbda47a8278bf3e7a26c1c150715d5b72c155fb506439a,mymobile,https://mymobile.pk/products/tecno-pova-5-pro/,mymobile.pk/mymobile__tecno-pova-5-pro.json,2026-08-14T11:06:11+00:00,312f2cf155862e3311880730be75ad350b4846aa70ff4587abb1f392c4da2fa5,"{""Battery"":{""Capacity"":""5000 mAh"",""Charging"":[""68W wired, 50% in 15 min""],""WirelessCharging"":0},""Body"":{""Build"":""Glass front, plastic frame, plastic back"",""Dimensions"":""168.5 x 76.5 x 9 mm"",""Protection"":""-"",""SIM"":""Nano-SIM"",""Weight"":""212 g""},""Colors"":[""Dark Illusion"",""Silver Fantasy"",""Free Fire Edition""],""Display"":{""Protection"":""-"",""Resolution"":""1080 x 2460 pixels (~396 ppi)"",""Size"":""6.78 inches"",""Type"":""120Hz""},""Features"":{""BackFingerPrint"":0,""Bluetooth"":""Yes"",""InDisplayFingerPrint"":0,""Infrared port"":0,""NFC"":1,""Positioning"":""GPS, GLONASS, GALILEO, BDS"",""Radio"":1,""Sensors"":""Fingerprint (side-mounted), accelerometer, gyro, proximity, compass"",""SideFingerPrint"":1,""USB"":""USB Type-C 2.0"",""WLAN"":""Wi-Fi 802.11 a/b/g/n/ac, dual-band""},""Launch"":{""Announced"":""2023, August 01"",""Status"":""Available. Released 22 August 2023""},""Main Camera"":{""Features"":null,""Specifications"":[""50 MP, f/1.6, (wide), PDAF Dual LED flash""],""Video"":[""1440p@30fps"",""1080p@30fps""]},""Memory"":{""Card slot"":""microSDXC (dedicated slot)"",""Technology"":null,""Types"":[""8GB RAM / 256GB""]},""MobileName"":""Tecno Pova 5 Pro"",""Network"":{""2G"":1,""3G"":1,""4G"":1,""5G"":1},""Platform"":{""CPU"":""Octa-core (2x2.4 GHz Cortex-A76 & 6x2.0 GHz Cortex-A55)"",""Chipset"":""Mediatek Dimensity 6080 (6 nm)"",""GPU"":""Mali-G57 MC2"",""OS"":""Android 13, upgradable to Android 14, HIOS 14""},""Price"":[42999.0],""Selfie Camera"":{""Features"":null,""Specifications"":[],""Video"":[]},""Sound"":{""3.5mm jack"":1,""Loudspeaker"":""Yes, with stereo speakers""},""Weight"":null}"
e88be5579608e9fa0b0256b7704e28da997cbe8458449f338bd8d9013e97a6ec,mymobile,https://mymobile.pk/products/tecno-spark-10-pro/,mymobile.pk/mymobile__tecno-spark-10-pro.json,2026-08-14T11:05:38+00:00,1b088ae702f2511036deea5ba796cbbe68f5d896fd4a2ed6eac434cff57fc2ed,"{""Battery"":{""Capacity"":""5000 mAh"",""Charging"":[""18W wired""],""WirelessCharging"":0},""Body"":{""Build"":""Glass front, plastic frame, glass back"",""Dimensions"":""168.4 x 76.2 x 8.4 mm"",""Protection"":null,""SIM"":""Dual SIM (Nano-SIM, dual stand-by)"",""Weight"":""208 g""},""Colors"":[""Starry Black"",""Pearl White""],""Display"":{""Protection"":null,""Resolution"":""1080 x 2460 pixels (~396 ppi)"",""Size"":""6.8 inches"",""Type"":""90Hz""},""Features"":{""BackFingerPrint"":0,""Bluetooth"":""5.3, A2DP, LE"",""InDisplayFingerPrint"":0,""Infrared port"":0,""NFC"":1,""Positioning"":""GPS"",""Radio"":1,""Sensors"":""Fingerprint (side-mounted), accelerometer, proximity, compass"",""SideFingerPrint"":1,""USB"":""USB Type-C 2.0, OTG"",""WLAN"":""Wi-Fi 802.11 b/g/n""},""Launch"":{""Announced"":""2023-03-06"",""Status"":""Available. Released 22 March 2023""},""Main Camera"":{""Features"":null,""Specifications"":[""50 MP, f/1.6, (wide), PDAF Dual-LED flash, HDR, panorama""],""Video"":[""1440p@30fps"",""1080p@30fps""]},""Memory"":{""Card slot"":""microSDXC"",""Technology"":null,""Types"":[""4GB, 8GB RAM / 128GB, 256GB""]},""MobileName"":""Tecno Spark 10 Pro"",""Network"":{""2G"":1,""3G"":1,""4G"":1,""5G"":0},""Platform"":{""CPU"":""Octa-core (2x2.0 GHz Cortex-A75 & 6x1.8 GHz Cortex-A55)"",""Chipset"":""Mediatek MT6769H Helio G88 (12 nm)"",""GPU"":""Mali-G52 MC2"",""OS"":""Android 13, HIOS 12.6""},""Price"":[30999.0],""Selfie Camera"":{""Features"":null,""Specifications"":[],""Video"":[]},""Sound"":{""3.5mm jack"":1,""Loudspeaker"":""Yes""},""Weight"":null}"
8154fd53709dc9f251a6290e88d49f55ae224ffc671cbddc698e155b3472c97e,mymobile,https://mymobile.pk/products/tecno-spark-10c/,mymobile.pk/mymobile__tecno-spark-10c.json,2026-08-14T11:04:04+00:00,ff542d42faf862bda61552d799ff0a0174752df1e646004d72357a6112a5d2bb,"{""Battery"":{""Capacity"":""5000 mAh"",""Charging"":[""18W wired""],""WirelessCharging"":0},""Body"":{""Build"":""Glass front, plastic frame, plastic back"",""Dimensions"":""163.9 x 75.5 x 8.5 mm"",""Protection"":null,""SIM"":""Dual SIM (Nano-SIM, dual stand-by)"",""Weight"":""200 g""},""Colors"":[""Black"",""Blue"",""Green""],""Display"":{""Protection"":null,""Resolution"":""720 x 1612 pixels (~267 ppi)"",""Size"":""6.6 inches"",""Type"":""90Hz""},""Features"":{""BackFingerPrint"":0,""Bluetooth"":""Yes"",""InDisplayFingerPrint"":0,""Infrared port"":0,""NFC"":0,""Positioning"":""GPS"",""Radio"":1,""Sensors"":""Fingerprint (side-mounted), accelerometer, proximity, compass"",""SideFingerPrint"":0,""USB"":""USB Type-C 2.0"",""WLAN"":""Wi-Fi 802.11 a/b/g/n/ac, dual-band""},""Launch"":{""Announced"":""2023-03-23"",""Status"":""Available. Released 29 March 2023""},""Main Camera"":{""Features"":null,""Specifications"":[""16 MP, (wide), PDAF Dual-LED flash, HDR, panorama""],""Video"":[""1080p@30fps""]},""Memory"":{""Card slot"":""microSDXC (dedicated slot)"",""Technology"":null,""Types"":[""4GB, 8GB RAM / 64GB, 128GB""]},""MobileName"":""Tecno Spark 10c"",""Network"":{""2G"":1,""3G"":1,""4G"":1,""5G"":0},""Platform"":{""CPU"":""Octa-core (2x1.6 GHz Cortex-A75 & 6x1.6 GHz Cortex-A55)"",""Chipset"":""Unisoc T606 (12 nm)"",""GPU"":""Mali-G57 MP1"",""OS"":""Android 12, HIOS 8.6""},""Price"":[27999.0],""Selfie Camera"":{""Features"":null,""Specifications"":[],""Video"":[]},""Sound"":{""3.5mm jack"":1,""Loudspeaker"":""Yes""},""Weight"":null}"
963ef458ac59cde3de1c7e10f397c5e173b7fdcaac26c3f26e669cc4b8ec05e8,mymobile,https://mymobile.pk/products/tecno-spark-20-pro-plus/,mymobile.pk/mymobile__tecno-spark-20-pro-plus.json,2026-08-14T11:07:30+00:00,196cd3e3efdc7d9da2fbf63998f7c914cc1a6bb09efb76f617506fc7188b785c,"{""Battery"":{""Capacity"":""5000 mAh"",""Charging"":[""33W wired""],""WirelessCharging"":0},""Body"":{""Build"":""Glass front (Gorilla Glass 5), plastic back, plastic frame"",""Dimensions"":""164.7 x 75 x 7.6 mm"",""Protection"":""IP53 dust protected and water resistant"",""SIM"":""Dual SIM (Nano-SIM, dual stand-by)"",""Weight"":""179 g""},""Colors"":[""Temporal Orbits"",""Lunar Frost"",""Radiant Starstream"",""Magic Skin 2.0 Green""],""Display"":{""Protection"":""Corning Gorilla Glass 5"",""Resolution"":""1080 x 2436 pixels (~393 ppi)"",""Size"":""6.78 inches"",""Type"":""120Hz""},""Features"":{""BackFingerPrint"":0,""Bluetooth"":""5.2, A2DP, LE"",""InDisplayFingerPrint"":1,""Infrared port"":0,""NFC"":1,""Positioning"":""GPS, GLONASS"",""Radio"":1,""Sensors"":""Fingerprint (under display, optical), accelerometer, gyro, proximity, compass"",""SideFingerPrint"":0,""USB"":""USB Type-C"",""WLAN"":""Wi-Fi 802.11 a/b/g/n/ac, dual-band""},""Launch"":{""Announced"":""2023-12-29"",""Status"":""Available. Released 9 February 2024""},""Main Camera"":{""Features"":null,""Specifications"":[""108 MP, f/1.8, (wide), 1/1.67\"", 0.64µm, PDAF 2 MP (macro)""],""Video"":[""1440p@30fps"",""1080p@30fps""]},""Memory"":{""Card slot"":""No"",""Technology"":null,""Types"":[""8GB RAM / 256GB""]},""MobileName"":""Tecno Spark 20 Pro Plus"",""Network"":{""2G"":1,""3G"":1,""4G"":1,""5G"":0},""Platform"":{""CPU"":""Octa-core (2x2.2 GHz Cortex-A76 & 6x2.0 GHz Cortex-A55)"",""Chipset"":""Mediatek Helio G99 Ultimate"",""GPU"":""Mali-G57 MC2"",""OS"":""Android 14""},""Price"":[59999.0],""Selfie Camera"":{""Features"":null,""Specifications"":[],""Video"":[]},""Sound"":{""3.5mm jack"":0,""Loudspeaker"":""Yes, with stereo speakers""},""Weight"":null}"
eefb2a1b576528a7c4000c8259f043b366ba1d4c28b6419bf5827b16ac388680,mymobile,https://mymobile.pk/products/tecno-spark-20-pro/,mymobile.pk/mymobile__tecno-spark-20-pro.json,2026-08-14T11:06:46+00:00,a7f8718cacd7be32dabaf107a240e022fa0952d8bc9ffb3e2856d92d69294bbe,"{""Battery"":{""Capacity"":""5000 mAh"",""Charging"":[""33W wired""],""WirelessCharging"":0},""Body"":{""Build"":""Glass front, plastic back, plastic frame"",""Dimensions"":""168.6 x 76.6 x 8.4 mm"",""Protection"":""IP53 dust protected and water resistant"",""SIM"":""Dual SIM (Nano-SIM, dual stand-by)"",""Weight"":""203 g""},""Colors"":[""Moonlit Black"",""Frosty Ivory"",""Sunset Blush"",""Magic Skin 2.0 Green""],""Display"":{""Protection"":null,""Resolution"":""1080 x 2460 pixels (~396 ppi)"",""Size"":""6.78 inches"",""Type"":""120Hz""},""Features"":{""BackFingerPrint"":0,""Bluetooth"":""5.2, A2DP, LE"",""InDisplayFingerPrint"":0,""Infrared port"":0,""NFC"":1,""Positioning"":""GPS, GLONASS"",""Radio"":1,""Sensors"":""Fingerprint (side-mounted), accelerometer, proximity, compass"",""SideFingerPrint"":1,""USB"":""USB Type-C"",""WLAN"":""Wi-Fi 802.11 a/b/g/n/ac, dual-band""},""Launch"":{""Announced"":""2023-12-15"",""Status"":""Available. Released 1 December 2023""},""Main Camera"":{""Features"":null,""Specifications"":[""108 MP, f/1.8, (wide), 1/1.67\"", 0.64µm, PDAF 2 MP (macro)""],""Video"":[""1440p@30fps"",""1080p@30fps""]},""Memory"":{""Card slot"":""microSDXC"",""Technology"":null,""Types"":[""4GB, 8GB, 12GB RAM / 256GB""]},""MobileName"":""Tecno Spark 20 Pro"",""Network"":{""2G"":1,""3G"":1,""4G"":1,""5G"":0},""Platform"":{""CPU"":""Octa-core (2x2.2 GHz Cortex-A76 & 6x2.0 GHz Cortex-A55)"",""Chipset"":""Mediatek Helio G99 (6 nm)"",""GPU"":""Mali-G57 MC2"",""OS"":""Android 13""},""Price"":[40999.0],""Selfie Camera"":{""Features"":null,""Specifications"":[],""Video"":[]},""Sound"":{""3.5mm jack"":1,""Loudspeaker"":""Yes, with stereo speakers""},""Weight"":null}"
d4eb7b1b01870c1f1d651b5ec091b60b64f17d103225c85fd6d8048bda32d42e,mymobile,https://mymobile.pk/products/tecno-spark-20/,mymobile.pk/mymobile__tecno-spark-20.json,2026-08-14T11:04:09+00:00,c332173c2a708616c834a39aefa689d50d00eec353ab9f4b14901d48b8916325,"{""Battery"":{""Capacity"":""5000 mAh"",""Charging"":[""18W wired""],""WirelessCharging"":0},""Body"":{""Build"":""Glass front, plastic back, plastic frame"",""Dimensions"":""163.7 x 75.6 x 8.5 mm"",""Protection"":""IP53 dust protected and water resistant"",""SIM"":""Nano-SIM + Nano-SIM"",""Weight"":""194 g""},""Colors"":[""Gravity Black"",""Cyber White"",""Neon Gold"",""Magic Skin 2.0 (Blue)""],""Display"":{""Protection"":null,""Resolution"":""720 x 1612 pixels (~267 ppi)"",""Size"":""6.6 inches"",""Type"":""90Hz""},""Features"":{""BackFingerPrint"":0,""Bluetooth"":""5.2, A2DP, LE"",""InDisplayFingerPrint"":0,""Infrared port"":0,""NFC"":0,""Positioning"":""GPS"",""Radio"":1,""Sensors"":""Fingerprint (side-mounted), accelerometer, proximity, compass"",""SideFingerPrint"":0,""USB"":""USB Type-C, OTG"",""WLAN"":""Wi-Fi 802.11 a/b/g/n/ac, dual-band""},""Launch"":{""Announced"":""2023-12-01"",""Status"":""Available. Released 1 December 2023""},""Main Camera"":{""Features"":null,""Specifications"":[""50 MP, f/1.6, (wide), 0.64µm, PDAF Dual-LED flash, HDR""],""Video"":[""1440p@30fps"",""1080p@30fps""]},""Memory"":{""Card slot"":""microSDXC"",""Technology"":null,""Types"":[""8GB RAM / 128GB, 256GB""]},""MobileName"":""Tecno Spark 20"",""Network"":{""2G"":1,""3G"":1,""4G"":1,""5G"":0},""Platform"":{""CPU"":""Octa-core (2x2.0 GHz Cortex-A75 & 6x1.8 GHz Cortex-A55)"",""Chipset"":""Mediatek MT6769Z Helio G85 (12 nm)"",""GPU"":""Mali-G52 MC2"",""OS"":""Android 13, HIOS 13""},""Price"":[32999.0],""Selfie Camera"":{""Features"":null,""Specifications"":[],""Video"":[]},""Sound"":{""3.5mm jack"":1,""Loudspeaker"":""Yes, with stereo speakers""},""Weight"":null}"
0a8e1ad2a7204df0576bf01e19642dc19ac72f60760d1e68a80f2fe1f0eb4255,mymobile,https://mymobile.pk/products/tecno-spark-20c/,mymobile.pk/mymobile__tecno-spark-20c.json,2026-08-14T11:04:17+00:00,d3b411f3ab88449ff66c6485adb7a09382f166db21fa0e122ae21cdcb99a6b75,"{""Battery"":{""Capacity"":""5000 mAh"",""Charging"":[""18W wired""],""WirelessCharging"":0},""Body"":{""Build"":""Glass front, plastic back, plastic frame"",""Dimensions"":""163.7 x 75.6 x 8.6 mm"",""Protection"":null,""SIM"":""Nano-SIM + Nano-SIM"",""Weight"":""185 g""},""Colors"":[""Mystery White"",""Alpenglow Gold"",""Magic Skin"",""Gravity Black""],""Display"":{""Protection"":null,""Resolution"":""720 x 1612 pixels (~267 ppi)"",""Size"":""6.6 inches"",""Type"":""90Hz""},""Features"":{""BackFingerPrint"":0,""Bluetooth"":""Yes"",""InDisplayFingerPrint"":0,""Infrared port"":0,""NFC"":0,""Positioning"":""GPS"",""Radio"":1,""Sensors"":""Fingerprint (side-mounted), accelerometer, compass"",""SideFingerPrint"":0,""USB"":""USB Type-C, OTG"",""WLAN"":""Yes""},""Launch"":{""Announced"":""2023-11-27"",""Status"":""Available. Released 1 December 2023""},""Main Camera"":{""Features"":null,""Specifications"":[""50 MP, (wide), 1/2.8\"", PDAF""],""Video"":[""1080p@30fps""]},""Memory"":{""Card slot"":""microSDXC"",""Technology"":null,""Types"":[""4GB, 8GB RAM / 128GB, 256GB""]},""MobileName"":""Tecno Spark 20c"",""Network"":{""2G"":1,""3G"":1,""4G"":1,""5G"":0},""Platform"":{""CPU"":""Octa-core (4x2.2 GHz Cortex-A53 & 4x1.6 GHz Cortex-A53)"",""Chipset"":""Mediatek Helio G36 (12 nm)"",""GPU"":""PowerVR GE8320"",""OS"":""Android 13""},""Price"":[27999.0],""Selfie Camera"":{""Features"":null,""Specifications"":[],""Video"":[]},""Sound"":{""3.5mm jack"":1,""Loudspeaker"":""Yes, with stereo speakers""},""Weight"":null}"
42935071e3b5dd40475917176edab7e38ba122d89aff08136caaf851d44d08b5,mymobile,https://mymobile.pk/products/tecno-spark-50-pro/,mymobile.pk/mymobile__tecno-spark-50-pro.json,2026-08-14T11:07:51+00:00,6063781584dd167e451b50dc40274c6591ddd818d5fa0c80b893e8c5da184158,"{""Battery"":{""Capacity"":""6000 mAh"",""Charging"":[""60W wired, 63% in 30 min, 100% in 55 min""],""WirelessCharging"":0},""Body"":{""Build"":""Glass front, plastic frame, plastic back"",""Dimensions"":""167.8 x 79.2 x 7.8 mm"",""Protection"":""IP68/IP69 dust tight and water resistant (high pressure water jets; immersible up to 6m for 30 min)"",""SIM"":""Nano-SIM"",""Weight"":null},""Colors"":[""Ink Black"",""Titanium Grey"",""Midnight Blue"",""Dynamic Orange"",""Cloud White""],""Display"":{""Protection"":null,""Resolution"":""720 x 1600 pixels (~259 ppi)"",""Size"":""6.78 inches"",""Type"":""120Hz""},""Features"":{""BackFingerPrint"":0,""Bluetooth"":""5.4, A2DP, LE"",""InDisplayFingerPrint"":0,""Infrared port"":1,""NFC"":1,""Positioning"":""GPS, A-GPS support"",""Radio"":1,""Sensors"":""Accelerometer, Compass, Fingerprint (side-mounted), Proximity"",""SideFingerPrint"":1,""USB"":""USB Type-C"",""WLAN"":""Wi-Fi 802.11 a/b/g/n/ac, dual-band""},""Launch"":{""Announced"":""Expected in September 2026"",""Status"":""Coming Soon""},""Main Camera"":{""Features"":null,""Specifications"":[""50 MP, f/1.8, (wide), 1/1.95\"", PDAF, LED flash""],""Video"":[""Yes""]},""Memory"":{""Card slot"":""microSDXC (dedicated slot)"",""Technology"":null,""Types"":[""8GB RAM / 256GB""]},""MobileName"":""Tecno Spark 50 Pro"",""Network"":{""2G"":1,""3G"":1,""4G"":1,""5G"":0},""Platform"":{""CPU"":""Octa-core (2x2.2 GHz Cortex-A76 & 6x2.0 GHz Cortex-A55)"",""Chipset"":""Mediatek Helio G100 Ultimate (6 nm)"",""GPU"":""Mali-G52 MC2"",""OS"":""Android 16, HIOS 16""},""Price"":[64999.0],""Selfie Camera"":{""Features"":null,""Specifications"":[],""Video"":[]},""Sound"":{""3.5mm jack"":0,""Loudspeaker"":""Yes, with stereo speakers""},""Weight"":null}"
50a54cdb89b576704c5ef8c6f643308f0782f1f1f1aab80e610c1432ceb38321,mymobile,https://mymobile.pk/products/tecno-spark-go-2024/,mymobile.pk/mymobile__tecno-spark-go-2024.json,2026-08-14T11:03:51+00:00,a6194c1ff0e4e847a37a67d165fe4c8b1670f38867e2893cd36af660c83986ac,"{""Battery"":{""Capacity"":""5000 mAh"",""Charging"":[""10W wired""],""WirelessCharging"":0},""Body"":{""Build"":""Glass front, plastic back, plastic frame"",""Dimensions"":""163.7 x 75.6 x 8.6 mm"",""Protection"":null,""SIM"":""Dual SIM (Nano-SIM, dual stand-by)"",""Weight"":""186 g""},""Colors"":[""Mystery White"",""Alpenglow Gold"",""Magic Skin"",""Gravity Black""],""Display"":{""Protection"":null,""Resolution"":""720 x 1612 pixels"",""Size"":""6.6 inches"",""Type"":""90Hz""},""Features"":{""BackFingerPrint"":0,""Bluetooth"":""Yes"",""InDisplayFingerPrint"":0,""Infrared port"":0,""NFC"":0,""Positioning"":""GPS"",""Radio"":1,""Sensors"":""Fingerprint (side-mounted), accelerometer"",""SideFingerPrint"":1,""USB"":""USB Type-C, OTG"",""WLAN"":""Yes""},""Launch"":{""Announced"":""2023-11-21"",""Status"":""Available. Released 7 December 2023""},""Main Camera"":{""Features"":null,""Specifications"":[""13 MP, f/1.9, (wide), 1.12µm, AF""],""Video"":[""1080p@30fps""]},""Memory"":{""Card slot"":""microSDXC"",""Technology"":null,""Types"":[""2GB, 3GB, 4GB RAM / 64GB, 128GB""]},""MobileName"":""Tecno Spark Go 2024"",""Network"":{""2G"":1,""3G"":1,""4G"":1,""5G"":0},""Platform"":{""CPU"":""Octa-core (2x1.6 GHz Cortex-A75 & 6x1.6 GHz Cortex-A55)"",""Chipset"":""Unisoc T606 (12 nm)"",""GPU"":""Mali-G57 MP1"",""OS"":""Android 13 (Go edition), HIOS 13""},""Price"":[24999.0],""Selfie Camera"":{""Features"":null,""Specifications"":[],""Video"":[]},""Sound"":{""3.5mm jack"":1,""Loudspeaker"":""Yes, with dual speakers""},""Weight"":null}"
a7f0b414b79bad68b217ba261e0869268ff7776337c2e41a9f17001f881cd487,mymobile,https://mymobile.pk/products/vivo-s2/,mymobile.pk/mymobile__vivo-s2.json,2026-08-14T11:08:09+00:00,c2254572012e7037c8a77117e9c5e1ff5fee76d6a8085b2bf30c39507d225b8e,"{""Battery"":{""Capacity"":""7050 mAh"",""Charging"":[""44W wired, Reverse wired, Bypass charging""],""WirelessCharging"":0},""Body"":{""Build"":""Glass front, plastic frame, plastic back"",""Dimensions"":""164.4 x 75.3 x 8 mm"",""Protection"":""IP68/IP69 dust tight and water resistant"",""SIM"":""Nano-SIM"",""Weight"":""197 g""},""Colors"":[""Sapphire Blue"",""Regal Bronze"",""Silk White""],""Display"":{""Protection"":null,""Resolution"":""1260 x 2800 pixels (~450 ppi)"",""Size"":""6.83 inches"",""Type"":""120Hz""},""Features"":{""BackFingerPrint"":0,""Bluetooth"":""v5.4 with A2DP, LE"",""InDisplayFingerPrint"":1,""Infrared port"":1,""NFC"":0,""Positioning"":""GPS, GALILEO, GLONASS, BDS, QZSS"",""Radio"":0,""Sensors"":""Fingerprint (under display, optical), accelerometer, gyro, proximity, compass"",""SideFingerPrint"":0,""USB"":""USB 2.0, Type-C"",""WLAN"":""Wi-Fi 802.11 a/b/g/n/ac, dual-band, Wi-Fi Direct, hotspot""},""Launch"":{""Announced"":""Expected in September 2026"",""Status"":""Coming Soon""},""Main Camera"":{""Features"":null,""Specifications"":[""Dual 50 MP, f/1.8, (wide), 1/2.93\"", PDAF, Auxiliary lens""],""Video"":[""4K@30fps"",""1080p@30fps"",""gyro-EIS""]},""Memory"":{""Card slot"":""No"",""Technology"":null,""Types"":[""8GB RAM / 128GB, 256GB""]},""MobileName"":""Vivo S2 Coming Soon"",""Network"":{""2G"":1,""3G"":1,""4G"":1,""5G"":1},""Platform"":{""CPU"":""Octa-core (4x2.5 GHz Cortex-A78 & 4x2.0 GHz Cortex-A55)"",""Chipset"":""Mediatek Dimensity 7360 Turbo (4 nm)"",""GPU"":""Mali-G615 MC2"",""OS"":""Android 16, OriginOS 6""},""Price"":[64999.0],""Selfie Camera"":{""Features"":null,""Specifications"":[],""Video"":[]},""Sound"":{""3.5mm jack"":0,""Loudspeaker"":""Yes, with stereo speakers""},""Weight"":null}"
80b1b5d6746387c176ca4baf2ed30740a92d08ad1118b960a584008e1f98d1d0,mymobile,https://mymobile.pk/products/vivo-v27e/,mymobile.pk/mymobile__vivo-v27e.json,2026-08-14T11:00:13+00:00,922474757b458a9f7e578033d38cd5bf3da6565e31e499839a6776288a1c6127,"{""Battery"":{""Capacity"":""4600 mAh"",""Charging"":[""66W wired, 50% in 19 min""],""WirelessCharging"":0},""Body"":{""Build"":""Glass front, plastic frame, plastic back"",""Dimensions"":""162.5 x 75.8 x 7.7 mm"",""Protection"":""IP54 dust protected and water resistant"",""SIM"":""Dual SIM (Nano-SIM, dual stand-by)"",""Weight"":""185 g""},""Colors"":[""Glory Black"",""Lavender Purple"",""Lively Green""],""Display"":{""Protection"":null,""Resolution"":""1080 x 2400 pixels (~398 ppi)"",""Size"":""6.62 inches"",""Type"":""120Hz""},""Features"":{""BackFingerPrint"":0,""Bluetooth"":""5.2, A2DP, LE"",""InDisplayFingerPrint"":1,""Infrared port"":0,""NFC"":1,""Positioning"":""GPS, GLONASS, GALILEO, BDS, QZSS"",""Radio"":1,""Sensors"":""Fingerprint (under display, optical), accelerometer, gyro, proximity, compass"",""SideFingerPrint"":0,""USB"":""USB Type-C 2.0, OTG"",""WLAN"":""Wi-Fi 802.11 a/b/g/n/ac, dual-band, Wi-Fi Direct""},""Launch"":{""Announced"":""2023-03-01"",""Status"":""Available. Released 1 March 2023""},""Main Camera"":{""Features"":null,""Specifications"":[""64 MP, f/1.8, (wide), PDAF, OIS 2 MP (macro)""],""Video"":[""4K@30/60fps"",""1080p@30fps"",""gyro-EIS""]},""Memory"":{""Card slot"":""microSDXC"",""Technology"":null,""Types"":[""8GB, 12GB RAM / 128GB, 256GB""]},""MobileName"":""Vivo V27e"",""Network"":{""2G"":1,""3G"":1,""4G"":1,""5G"":0},""Platform"":{""CPU"":""Octa-core (2x2.2 GHz Cortex-A76 & 6x2.0 GHz Cortex-A55)"",""Chipset"":""Mediatek Helio G99 (6 nm)"",""GPU"":""Mali-G57 MC2"",""OS"":""Android 13, Funtouch 13""},""Price"":[95999.0],""Selfie Camera"":{""Features"":null,""Specifications"":[],""Video"":[]},""Sound"":{""3.5mm jack"":0,""Loudspeaker"":""Yes""},""Weight"":null}"
6d9b506fb3e0bd095878d0f1554e04fb7ce5d72f4efbd55d50e9e5fdd783b38d,mymobile,https://mymobile.pk/products/vivo-v29/,mymobile.pk/mymobile__vivo-v29.json,2026-08-14T11:01:39+00:00,4f5eab7b0f26511503bd73a6e2d16e3446b5d0968c9cbbb13777b2b76103f29b,"{""Battery"":{""Capacity"":""4600 mAh"",""Charging"":[""80W wired, 50% in 17 min""],""WirelessCharging"":0},""Body"":{""Build"":""Glass front, glass back, plastic frame"",""Dimensions"":""164.2 x 74.4 x 7.5 mm"",""Protection"":""IP68 dust tight and water resistant (immersible up to 1.5m for 30 min)"",""SIM"":""Nano-SIM + eSIM, Nano-SIM + Nano-SIM"",""Weight"":""186 g""},""Colors"":[""Space Black"",""Himalayan Blue"",""Purple Fairy"",""Majestic Red""],""Display"":{""Protection"":null,""Resolution"":""1260 x 2800 pixels (~453 ppi)"",""Size"":""6.78 inches"",""Type"":""120Hz""},""Features"":{""BackFingerPrint"":0,""Bluetooth"":""5.2, A2DP, LE, aptX HD, aptX Adaptive"",""InDisplayFingerPrint"":1,""Infrared port"":0,""NFC"":1,""Positioning"":""GPS (L1), GLONASS (G1), BDS (B1I), GALILEO (E1), QZSS (L1)"",""Radio"":0,""Sensors"":""Fingerprint (under display, optical), accelerometer, gyro, proximity, compass"",""SideFingerPrint"":0,""USB"":""USB Type-C 2.0, OTG"",""WLAN"":""Wi-Fi 802.11 a/b/g/n/ac, dual-band, Wi-Fi Direct""},""Launch"":{""Announced"":""2023-07-31"",""Status"":""Available. Released 1 September 2023""},""Main Camera"":{""Features"":null,""Specifications"":[""Triple 50 MP, f/1.9, (wide), 1/1.56\"", 1.0µm, PDAF, OIS 8 MP, f/2.2, (ultrawide), 1/4.0\"", 1.12µm Auxiliary lens""],""Video"":[""4K@30fps"",""1080p@30fps""]},""Memory"":{""Card slot"":""No"",""Technology"":null,""Types"":[""8GB, 12GB RAM / 128GB, 256GB, 512GB""]},""MobileName"":""Vivo V29"",""Network"":{""2G"":1,""3G"":1,""4G"":1,""5G"":1},""Platform"":{""CPU"":""Octa-core (1x2.4 GHz Cortex-A78 & 3x2.2 GHz Cortex-A78 & 4x1.9 GHz Cortex-A55)"",""Chipset"":""Qualcomm SM7325 Snapdragon 778G 5G (6 nm)"",""GPU"":""Adreno 642L"",""OS"":""Android 13, up to 3 major Android upgrades, Funtouch 13""},""Price"":[159999.0],""Selfie Camera"":{""Features"":null,""Specifications"":[],""Video"":[]},""Sound"":{""3.5mm jack"":0,""Loudspeaker"":""Yes""},""Weight"":null}"
898e9e9fccce84e9a65a8675a5098e506572a1be049f37a9b67ad36fed3cf46d,mymobile,https://mymobile.pk/products/vivo-v30-5g/,mymobile.pk/mymobile__vivo-v30-5g.json,2026-08-14T10:59:41+00:00,fde17cc87f6045509dc2ce5e56d508cc3649c19cb0e48e503c1cb9676ecc5563,"{""Battery"":{""Capacity"":""5000 mAh"",""Charging"":[""80W wired, PD, 100% in 48 min""],""WirelessCharging"":0},""Body"":{""Build"":""Glass front, plastic frame, glass back"",""Dimensions"":""164.4 x 75.1 x 7.5 mm"",""Protection"":""IP54 dust protected and water resistant"",""SIM"":""Dual SIM (Nano-SIM, dual stand-by)"",""Weight"":""186 g""},""Colors"":[""Bloom White"",""Waving Aqua"",""Lush Green"",""Noble Black""],""Display"":{""Protection"":""Schott Alpha"",""Resolution"":""1260 x 2800 pixels (~453 ppi)"",""Size"":""6.78 inches"",""Type"":""120Hz""},""Features"":{""BackFingerPrint"":0,""Bluetooth"":""5.4, A2DP, LE, aptX HD, aptX Adaptive, aptX Lossless"",""InDisplayFingerPrint"":1,""Infrared port"":0,""NFC"":1,""Positioning"":""GPS, GALILEO, GLONASS, QZSS, BDS"",""Radio"":0,""Sensors"":""Fingerprint (under display, optical), accelerometer, gyro, proximity, compass"",""SideFingerPrint"":0,""USB"":""USB Type-C 2.0, OTG"",""WLAN"":""Wi-Fi 802.11 a/b/g/n/ac/6, dual-band, Wi-Fi Direct""},""Launch"":{""Announced"":""2024-02-04"",""Status"":""Available. Released 4 March 2024""},""Main Camera"":{""Features"":null,""Specifications"":[""50 MP, f/1.9, 23mm (wide), 1/1.55\"", 1.0µm, PDAF, OIS 50 MP, f/2.0, 15mm, 119˚ (ultrawide), 1/2.76\"", 0.64µm, AF 2 MP, f/2.4 (market/region dependent)""],""Video"":[""4K@30fps"",""1080p@30fps"",""gyro-EIS""]},""Memory"":{""Card slot"":""No"",""Technology"":null,""Types"":[""8GB, 12GB RAM / 128GB, 256GB, 512GB""]},""MobileName"":""Vivo V30 5G"",""Network"":{""2G"":1,""3G"":1,""4G"":1,""5G"":1},""Platform"":{""CPU"":""Octa-core (1x2.63 GHz Cortex-A715 & 3x2.4 GHz Cortex-A715 & 4x1.8 GHz Cortex-A510)"",""Chipset"":""Qualcomm SM7550-AB Snapdragon 7 Gen 3 (4 nm)"",""GPU"":""Adreno 720"",""OS"":""Android 14, up to 2 major Android upgrades, Funtouch 14""},""Price"":[129999.0],""Selfie Camera"":{""Features"":null,""Specifications"":[],""Video"":[]},""Sound"":{""3.5mm jack"":0,""Loudspeaker"":""Yes""},""Weight"":null}"
48e05c7684304b53671580cd3471d12249aa8f28a3f92c53ff2562413a9988c2,mymobile,https://mymobile.pk/products/vivo-v60/,mymobile.pk/mymobile__vivo-v60.json,2026-08-14T10:59:30+00:00,57db059206f1cb1fa701bdd6358a4f4d995039384dd7918df0c41da7f8a3194e,"{""Battery"":{""Capacity"":""6500 mAh"",""Charging"":[""90W wired, PDReverse wiredBypass charging""],""WirelessCharging"":0},""Body"":{""Build"":""Glass front, plastic frame, plastic back or glass back"",""Dimensions"":""163.5 x 77 x 7.5 mm or 7.8 mm"",""Protection"":""IP68/IP69 dust tight and water resistant"",""SIM"":""Nano-SIM"",""Weight"":""192 g""},""Colors"":[""Mist Grey"",""Moonlit Blue"",""Ocean Blue"",""Auspicious Gold"",""Berry Purple""],""Display"":{""Protection"":""Schott Xensation Core"",""Resolution"":""1080 x 2392 pixels (~388 ppi)"",""Size"":""6.77 inches"",""Type"":""120Hz""},""Features"":{""BackFingerPrint"":0,""Bluetooth"":""5.4, A2DP, LE"",""InDisplayFingerPrint"":1,""Infrared port"":1,""NFC"":1,""Positioning"":""GPS, GALILEO, GLONASS, QZSS, BDS, NavIC"",""Radio"":0,""Sensors"":""Fingerprint (under display, optical), accelerometer, gyro, compassVirtual proximity sensing"",""SideFingerPrint"":0,""USB"":""USB Type-C 2.0, OTG"",""WLAN"":""Wi-Fi 802.11 a/b/g/n/ac/6, dual-band""},""Launch"":{""Announced"":""2025, August 12"",""Status"":""Available. Released 19 August 2025""},""Main Camera"":{""Features"":null,""Specifications"":[""Triple 50 MP, f/1.9, 23mm (wide), 1/1.56\"", 1.0µm, PDAF, OIS 50 MP, f/2.7, 73mm (periscope telephoto), 1/1.95\"", 0.8µm, PDAF, OIS, 3x optical zoom 8 MP, f/2.0, 15mm, 120˚ (ultrawide)""],""Video"":[""4K@30fps"",""1080p@30/60fps"",""gyro-EIS"",""OIS""]},""Memory"":{""Card slot"":""No"",""Technology"":null,""Types"":[""12GB RAM / 256GB, 512GB""]},""MobileName"":""Vivo V60"",""Network"":{""2G"":1,""3G"":1,""4G"":1,""5G"":1},""Platform"":{""CPU"":""Octa-core (1x2.8 GHz Cortex-720 & 4x2.4 GHz Cortex-720 & 3x1.8 GHz Cortex-520)"",""Chipset"":""Qualcomm SM7750-AB Snapdragon 7 Gen 4 (4 nm)"",""GPU"":""Adreno 722"",""OS"":""Android 15, up to 4 major Android upgrades, Funtouch 15""},""Price"":[149999.0],""Selfie Camera"":{""Features"":null,""Specifications"":[],""Video"":[]},""Sound"":{""3.5mm jack"":0,""Loudspeaker"":""Yes, with stereo speakers""},""Weight"":null}"
1017bc3a83c563bfd456fdedc562b333b3a4c9f6c94ff5f18a582cc0827719ac,mymobile,https://mymobile.pk/products/vivo-v80-lite/,mymobile.pk/mymobile__vivo-v80-lite.json,2026-08-14T10:59:06+00:00,a2bbca622178e06e4a8f6ad4e97812a7d7cde602a6309a86827f4505034d548d,"{""Battery"":{""Capacity"":""7050 mAh"",""Charging"":[""44W wired, Reverse wired, Bypass charging""],""WirelessCharging"":0},""Body"":{""Build"":""Glass front, plastic frame, plastic back"",""Dimensions"":""164.4 x 75.3 x 8 mm"",""Protection"":""IP68/IP69 dust tight and water resistant (high pressure water jets; immersible up to 1.5m for 30 min)"",""SIM"":""Nano-SIM + Nano-SIM"",""Weight"":""197 g""},""Colors"":[""Sapphire Blue"",""Regal Bronze"",""Silk White""],""Display"":{""Protection"":""IP68/IP69 dust tight and water resistant (high pressure water jets; immersible up to 1.5m for 30 min)"",""Resolution"":""1260 x 2800 pixels (~450 ppi)"",""Size"":""6.83 inches"",""Type"":""120Hz""},""Features"":{""BackFingerPrint"":0,""Bluetooth"":""5.4, A2DP, LE"",""InDisplayFingerPrint"":1,""Infrared port"":1,""NFC"":0,""Positioning"":""GPS, GALILEO, GLONASS, BDS, QZSS"",""Radio"":0,""Sensors"":""Fingerprint (under display, optical), accelerometer, gyro, proximity, compass"",""SideFingerPrint"":0,""USB"":""USB Type-C 2.0, OTG"",""WLAN"":""Wi-Fi 802.11 a/b/g/n/ac, dual-band""},""Launch"":{""Announced"":null,""Status"":""Rumored. Released 31 October 2026 (Expected)""},""Main Camera"":{""Features"":null,""Specifications"":[""Dual Camera: 50 MP, f/1.8, (wide), 1/2.93\"", PDAF 8 MP, LED Flash""],""Video"":[""4K@30fps"",""1080p@30fps"",""gyro-EIS""]},""Memory"":{""Card slot"":""No"",""Technology"":null,""Types"":[""8GB RAM / 256GB""]},""MobileName"":""Vivo V80 Lite"",""Network"":{""2G"":1,""3G"":1,""4G"":1,""5G"":1},""Platform"":{""CPU"":""Octa-core (4x2.5 GHz Cortex-A78 & 4x2.0 GHz Cortex-A55)"",""Chipset"":""Mediatek Dimensity 7360 Turbo (4 nm)"",""GPU"":""Mali-G615 MC2"",""OS"":""Android 16, up to 3 major OS updates, OriginOS 6""},""Price"":[124999.0],""Selfie Camera"":{""Features"":null,""Specifications"":[],""Video"":[]},""Sound"":{""3.5mm jack"":0,""Loudspeaker"":""Yes, with stereo speakers""},""Weight"":null}"
f2282414beb59035d1d1cd61b7939d19874edac205ecb0c0e5026258e487aff2,mymobile,https://mymobile.pk/products/vivo-v80/,mymobile.pk/mymobile__vivo-v80.json,2026-08-14T11:01:35+00:00,29890d1f5689bd51b4620c30af417d7d8376ada7914aff450938be2fa493be54,"{""Battery"":{""Capacity"":""6500 mAh"",""Charging"":[""90W wired, PD, Reverse wired, Bypass charging""],""WirelessCharging"":0},""Body"":{""Build"":""Glass front, aluminum alloy frame, glass back or fiber-reinforced plastic back"",""Dimensions"":null,""Protection"":""IP68/IP69 dust tight and water resistant"",""SIM"":""Nano-SIM"",""Weight"":""7000 g""},""Colors"":[""Various""],""Display"":{""Protection"":""Schott Xensation Core, Mohs level 4"",""Resolution"":""1260 x 2750 pixels (~459 ppi)"",""Size"":""6.59 inches"",""Type"":""120Hz""},""Features"":{""BackFingerPrint"":0,""Bluetooth"":""5.4 with A2DP, LE"",""InDisplayFingerPrint"":1,""Infrared port"":1,""NFC"":0,""Positioning"":""Yes + A-GPS Support & GLONASS, GALILEO, BDS, QZSS, NavIC"",""Radio"":0,""Sensors"":""Accelerometer, Compass, Fingerprint (under display, optical), Gyro, Proximity"",""SideFingerPrint"":0,""USB"":""USB Type-C 2.0, OTG"",""WLAN"":""Wi-Fi 802.11 a/b/g/n/ac, dual-band""},""Launch"":{""Announced"":null,""Status"":""Coming Soon. Released 31 August 2026 (Expected)""},""Main Camera"":{""Features"":null,""Specifications"":[""Triple Camera: 50 MP, f/1.9, 23mm (wide), PDAF, OIS + 50 MP, f/2.7, 85mm (periscope telephoto), PDAF, OIS, 3.7x optical zoom + 8 MP, f/2.2, 15mm (ultrawide), Ring-LED flash""],""Video"":[""4K@30/60fps"",""1080p@30/60fps"",""gyro-EIS"",""OIS"",""HDR"",""LUT""]},""Memory"":{""Card slot"":""Unspecified"",""Technology"":null,""Types"":[""12GB RAM / 256GB""]},""MobileName"":""Vivo V80"",""Network"":{""2G"":1,""3G"":1,""4G"":1,""5G"":1},""Platform"":{""CPU"":""2.8 GHz Octa Core"",""Chipset"":""Qualcomm SM7750-AB Snapdragon 7 Gen 4 (4 nm)"",""GPU"":""Adreno 722"",""OS"":""Android 16""},""Price"":[184999.0],""Selfie Camera"":{""Features"":null,""Specifications"":[],""Video"":[]},""Sound"":{""3.5mm jack"":0,""Loudspeaker"":""Yes, with stereo speakers""},""Weight"":null}"
0552705b0ed0ab1c8b375618cd85a26357391e22337b0bef4d5b32b4f3ceb211,mymobile,https://mymobile.pk/products/vivo-x300-fe/,mymobile.pk/mymobile__vivo-x300-fe.json,2026-08-14T11:04:35+00:00,6c4f6e13cf1306ba586968f9ba7300f74efde4e8909aee8e320bd166f0959b55,"{""Battery"":{""Capacity"":""6500 mAh"",""Charging"":[""90W wired, 40W wireless""],""WirelessCharging"":1},""Body"":{""Build"":""Glass front, aluminum frame, glass back"",""Dimensions"":""150.8 x 71.8 x 8.2 mm"",""Protection"":""IP68/IP69 dust tight and water resistant"",""SIM"":""Nano-SIM"",""Weight"":""190.2 g""},""Colors"":[""Black"",""White"",""Green""],""Display"":{""Protection"":""Mohs level 4"",""Resolution"":""1216 x 2640 pixels (~461 ppi)"",""Size"":""6.31 inches"",""Type"":""120Hz""},""Features"":{""BackFingerPrint"":0,""Bluetooth"":""5.4, A2DP, LE"",""InDisplayFingerPrint"":1,""Infrared port"":1,""NFC"":1,""Positioning"":""GPS (L1+L5), BDS, GALILEO, QZSS, GLONASS"",""Radio"":0,""Sensors"":""Fingerprint (under display, ultrasonic), accelerometer, gyro, proximity, compass"",""SideFingerPrint"":0,""USB"":""USB Type-C 2.0, OTG"",""WLAN"":""Wi-Fi 802.11 a/b/g/n/ac/6/7, dual-band""},""Launch"":{""Announced"":""2026, April 16"",""Status"":""Available. Released 29 April 2026""},""Main Camera"":{""Features"":null,""Specifications"":[""50 MP, f/1.6, 23mm (wide), PDAF, OIS 50 MP, f/2.7, 73mm (periscope telephoto), PDAF, OIS, 3x optical zoom 8 MP, f/2.2, 15mm, 115˚ (ultrawide)""],""Video"":[""8K@30fps"",""4K@30/60/120fps"",""1080p@30/60/120fps; gyro-EIS"",""OIS""]},""Memory"":{""Card slot"":""No"",""Technology"":null,""Types"":[""12GB RAM / 256GB""]},""MobileName"":""vivo X300 FE"",""Network"":{""2G"":1,""3G"":1,""4G"":1,""5G"":1},""Platform"":{""CPU"":""Octa-core (2x3.8 GHz Oryon V3 Phoenix L + 6x3.32 GHz Oryon V3 Phoenix M)"",""Chipset"":""Qualcomm SM8845 Snapdragon 8 Gen 5 (3 nm)"",""GPU"":""Adreno 829"",""OS"":""Android 16, up to 5 major OS updates, OriginOS 6""},""Price"":[243999.0],""Selfie Camera"":{""Features"":null,""Specifications"":[],""Video"":[]},""Sound"":{""3.5mm jack"":0,""Loudspeaker"":""Yes, with stereo speakers""},""Weight"":null}"
0476a1bd91b56692bf90bebeae9ac43ae0649755bd68a6d6d97ba5abeadf5208,mymobile,https://mymobile.pk/products/vivo-y02s/,mymobile.pk/mymobile__vivo-y02s.json,2026-08-14T11:04:26+00:00,47240f4b6a767704dff5c6159a0192e35d4262cbf30be04565f29f19e007c34f,"{""Battery"":{""Capacity"":""5000 mAh"",""Charging"":[""10W wired""],""WirelessCharging"":0},""Body"":{""Build"":""Glass front, plastic back, plastic frame"",""Dimensions"":""164 x 76 x 8.2 mm"",""Protection"":null,""SIM"":""Dual SIM (Nano-SIM, dual stand-by)"",""Weight"":""182 g""},""Colors"":[""Vibrant Blue"",""Fluorite Black""],""Display"":{""Protection"":null,""Resolution"":""720 x 1600 pixels (~270 ppi)"",""Size"":""6.51 inches"",""Type"":""60Hz""},""Features"":{""BackFingerPrint"":0,""Bluetooth"":""5.0, A2DP, LE"",""InDisplayFingerPrint"":0,""Infrared port"":0,""NFC"":0,""Positioning"":""GPS, GLONASS, BDS, GALILEO"",""Radio"":1,""Sensors"":""Accelerometer, proximity, compass"",""SideFingerPrint"":0,""USB"":""USB Type-C 2.0; OTG"",""WLAN"":""Wi-Fi 802.11 a/b/g/n/ac, dual-band""},""Launch"":{""Announced"":""2022-08-01"",""Status"":""Available. Released 22 August 2022""},""Main Camera"":{""Features"":null,""Specifications"":[""8 MP, f/2.0, AF""],""Video"":[""1080p@30fps""]},""Memory"":{""Card slot"":""microSDXC"",""Technology"":null,""Types"":[""2GB, 3GB RAM / 32GB, 64GB""]},""MobileName"":""Vivo Y02s"",""Network"":{""2G"":1,""3G"":1,""4G"":1,""5G"":0},""Platform"":{""CPU"":""Octa-core (4x2.35 GHz Cortex-A53 & 4x1.8 GHz Cortex-A53)"",""Chipset"":""Mediatek MT6765 Helio P35 (12 nm)"",""GPU"":""PowerVR GE8320"",""OS"":""Android 12, Funtouch 12""},""Price"":[31999.0],""Selfie Camera"":{""Features"":null,""Specifications"":[],""Video"":[]},""Sound"":{""3.5mm jack"":1,""Loudspeaker"":""Yes""},""Weight"":null}"
5c48b78729b2382900cb21be49c2b964e408fa6ebc6e3af85d5965ffd9bc8dd0,mymobile,https://mymobile.pk/products/vivo-y03/,mymobile.pk/mymobile__vivo-y03.json,2026-08-14T11:03:27+00:00,b285134f4793ba7d6b3e900ac5bcdff1a3bca1c87a3c86f4785e7f794adc1086,"{""Battery"":{""Capacity"":""5000 mAh"",""Charging"":[""15W wired""],""WirelessCharging"":0},""Body"":{""Build"":""Glass front, plastic frame, plastic back"",""Dimensions"":""163.8 x 75.7 x 8.4 mm"",""Protection"":""IP54 dust protected and water resistant"",""SIM"":""Nano-SIM"",""Weight"":""185 g""},""Colors"":[""Space Black"",""Gem Green""],""Display"":{""Protection"":""-"",""Resolution"":""720 x 1612 pixels"",""Size"":""6.56 inches"",""Type"":""90Hz""},""Features"":{""BackFingerPrint"":0,""Bluetooth"":""5.0, A2DP, LE"",""InDisplayFingerPrint"":0,""Infrared port"":0,""NFC"":0,""Positioning"":""GPS, GALILEO, GLONASS, BDS, QZSS"",""Radio"":1,""Sensors"":""Accelerometer, proximity"",""SideFingerPrint"":0,""USB"":""USB Type-C 2.0, OTG"",""WLAN"":""Wi-Fi 802.11 a/b/g/n/ac, dual-band""},""Launch"":{""Announced"":""2024, March 13"",""Status"":""Available. Released 13 March 2024""},""Main Camera"":{""Features"":null,""Specifications"":[""13 MP, f/2.2, (wide), PDAF Features: LED flash, panorama""],""Video"":[""1080p@30fps""]},""Memory"":{""Card slot"":""microSDXC (dedicated slot)"",""Technology"":null,""Types"":[""4GB RAM / 64GB, 128GB""]},""MobileName"":""Vivo Y03"",""Network"":{""2G"":1,""3G"":1,""4G"":1,""5G"":0},""Platform"":{""CPU"":""Octa-core (2x2.0 GHz Cortex-A75 & 6x1.8 GHz Cortex-A55)"",""Chipset"":""Mediatek Helio G85 (12 nm)"",""GPU"":""Mali-G52 MC2"",""OS"":""Android 14, Funtouch 14""},""Price"":[27999.0],""Selfie Camera"":{""Features"":null,""Specifications"":[],""Video"":[]},""Sound"":{""3.5mm jack"":1,""Loudspeaker"":""Yes""},""Weight"":null}"
acc00caec9e3f6f2683de16afe396838a703c3d94fb8dfd6a0582b78bda22c0e,mymobile,https://mymobile.pk/products/vivo-y04/,mymobile.pk/mymobile__vivo-y04.json,2026-08-14T11:04:31+00:00,7f8a842725fb1e2fdfe27448ad92c6c61bfa5db30d2e5e9f9acd0e3890335016,"{""Battery"":{""Capacity"":""5500 mAh"",""Charging"":[""15W wired""],""WirelessCharging"":0},""Body"":{""Build"":""Glass front, plastic frame, plastic back"",""Dimensions"":""167.3 x 77 x 8.2 mm"",""Protection"":""IP64 dust tight and water resistant"",""SIM"":""Dual SIM (Nano-SIM, dual stand-by)"",""Weight"":""199 g""},""Colors"":[""Titanium Gold (Titanium Silver)"",""Dark Green (Majestic Green)"",""Violet""],""Display"":{""Protection"":""Mohs level 5"",""Resolution"":""720 x 1600 pixels (~260 ppi)"",""Size"":""6.74 inches"",""Type"":""90Hz""},""Features"":{""BackFingerPrint"":0,""Bluetooth"":""5.2, A2DP, LE"",""InDisplayFingerPrint"":0,""Infrared port"":0,""NFC"":0,""Positioning"":""GPS, GALILEO, GLONASS, BDS, QZSS"",""Radio"":1,""Sensors"":""Fingerprint (side-mounted), accelerometer, proximity, compass"",""SideFingerPrint"":1,""USB"":""USB Type-C 2.0, OTG"",""WLAN"":""Wi-Fi 802.11 a/b/g/n/ac, dual-band""},""Launch"":{""Announced"":""2025-02-26"",""Status"":""Available. Released 11 March 2025""},""Main Camera"":{""Features"":null,""Specifications"":[""13 MP, f/2.2, (wide), PDAF""],""Video"":[""1080p@30fps""]},""Memory"":{""Card slot"":""microSDXC (dedicated slot)"",""Technology"":null,""Types"":[""4GB, 6GB RAM / 64GB, 128GB, 256GB""]},""MobileName"":""Vivo Y04"",""Network"":{""2G"":1,""3G"":1,""4G"":1,""5G"":0},""Platform"":{""CPU"":""Octa-core (2x2.0 GHz Cortex-A75 & 6x1.8 GHz Cortex-A55)"",""Chipset"":""Unisoc T7225 (12 nm)"",""GPU"":""Mali-G52 MP1"",""OS"":""Android 14, Funtouch 14""},""Price"":[29999.0],""Selfie Camera"":{""Features"":null,""Specifications"":[],""Video"":[]},""Sound"":{""3.5mm jack"":1,""Loudspeaker"":""Yes, with stereo speakers""},""Weight"":null}"
0c2e16185adc90d74d8e543afdb61159f67907214a500dca1255844ffaf76532,mymobile,https://mymobile.pk/products/vivo-y100/,mymobile.pk/mymobile__vivo-y100.json,2026-08-14T11:07:33+00:00,15f52f519413a1eddfb9ae83d6ef6ec1b0809dc9c105f584203109a02989ac75,"{""Battery"":{""Capacity"":""4500 mAh"",""Charging"":[""44W wired, 60% in 30 min""],""WirelessCharging"":0},""Body"":{""Build"":""Glass front, glass back"",""Dimensions"":""158.9 x 73.5 x 7.7 mm"",""Protection"":""IP54 dust protected and water resistant"",""SIM"":""Dual SIM (Nano-SIM, dual stand-by)"",""Weight"":""181 g""},""Colors"":[""Color changing back panel color"",""Metal Black"",""Twilight Gold"",""Pacific Blue""],""Display"":{""Protection"":null,""Resolution"":""1080 x 2400 pixels (~413 ppi)"",""Size"":""6.38 inches"",""Type"":""90Hz""},""Features"":{""BackFingerPrint"":0,""Bluetooth"":""5.2, A2DP, LE"",""InDisplayFingerPrint"":1,""Infrared port"":0,""NFC"":0,""Positioning"":""GPS, GLONASS, BDS, GALILEO, QZSS"",""Radio"":0,""Sensors"":""Fingerprint (under display, optical), accelerometer, gyro, proximity, compass"",""SideFingerPrint"":0,""USB"":""USB Type-C 2.0, OTG"",""WLAN"":""Wi-Fi 802.11 a/b/g/n/ac, dual-band""},""Launch"":{""Announced"":""2023-02-16"",""Status"":""Available. Released 16 February 2023""},""Main Camera"":{""Features"":null,""Specifications"":[""Triple 64 MP, f/1.8, (wide), 0.7µm, PDAF, OIS 2 MP (macro) Auxiliary lens""],""Video"":[""4K@30fps"",""1080p@30fps""]},""Memory"":{""Card slot"":""microSDXC"",""Technology"":null,""Types"":[""8GB RAM / 128GB""]},""MobileName"":""Vivo Y100"",""Network"":{""2G"":1,""3G"":1,""4G"":1,""5G"":1},""Platform"":{""CPU"":""Octa-core (2x2.4 GHz Cortex-A78 & 6x2.0 GHz Cortex-A55)"",""Chipset"":""Mediatek Dimensity 900 (6 nm)"",""GPU"":""Mali-G68 MC4"",""OS"":""Android 13, Funtouch 13""},""Price"":[56999.0],""Selfie Camera"":{""Features"":null,""Specifications"":[],""Video"":[]},""Sound"":{""3.5mm jack"":1,""Loudspeaker"":""Yes""},""Weight"":null}"
d6258340c0cdfaa37149a9c866739626f08b44b8dbee769c5e3c986307ebfd11,mymobile,https://mymobile.pk/products/vivo-y18/,mymobile.pk/mymobile__vivo-y18.json,2026-08-14T11:05:14+00:00,facba4839f1f04283ea1a32c844b741938d50f36291bd0a18cd7834580d45bc5,"{""Battery"":{""Capacity"":""5000 mAh"",""Charging"":[""15W wired""],""WirelessCharging"":0},""Body"":{""Build"":""Glass front, plastic frame, plastic back"",""Dimensions"":""163.6 x 75.6 x 8.4 mm"",""Protection"":""IP54 dust protected and water resistant (water splashes)"",""SIM"":""Nano-SIM"",""Weight"":""185 g""},""Colors"":[""Mocha Brown"",""Wave Aqua""],""Display"":{""Protection"":""-"",""Resolution"":""720 x 1612 pixels (~269 ppi)"",""Size"":""6.56 inches"",""Type"":""90Hz""},""Features"":{""BackFingerPrint"":0,""Bluetooth"":""5.0, A2DP, LE"",""InDisplayFingerPrint"":0,""Infrared port"":0,""NFC"":1,""Positioning"":""GPS, GALILEO, GLONASS, BDS, QZSS"",""Radio"":1,""Sensors"":""Fingerprint (side-mounted), accelerometer, proximity, compass"",""SideFingerPrint"":1,""USB"":""USB Type-C 2.0, OTG"",""WLAN"":""Wi-Fi 802.11 a/b/g/n/ac, dual-band""},""Launch"":{""Announced"":""2024, May 06"",""Status"":""Available. Released 1 May 2024""},""Main Camera"":{""Features"":null,""Specifications"":[""50 MP, f/1.8, (wide), PDAF Features: LED flash, panorama""],""Video"":[""1080p@30fps""]},""Memory"":{""Card slot"":""microSDXC (dedicated slot)"",""Technology"":null,""Types"":[""4GB, 6GB, 8GB RAM / 64GB, 128GB, 256GB""]},""MobileName"":""Vivo Y18"",""Network"":{""2G"":1,""3G"":1,""4G"":1,""5G"":0},""Platform"":{""CPU"":""Octa-core (2x2.0 GHz Cortex-A75 & 6x1.8 GHz Cortex-A55)"",""Chipset"":""Mediatek Helio G85 (12 nm)"",""GPU"":""Mali-G52 MC2"",""OS"":""Android 14, Funtouch 14""},""Price"":[35999.0],""Selfie Camera"":{""Features"":null,""Specifications"":[],""Video"":[]},""Sound"":{""3.5mm jack"":1,""Loudspeaker"":""Yes""},""Weight"":null}"
6b1d4368838f3ae6a0cbf55e573873d6f70202417140a0f8e25da585a520d10c,mymobile,https://mymobile.pk/products/vivo-y21/,mymobile.pk/mymobile__vivo-y21.json,2026-08-14T11:02:34+00:00,225e54d9c1fd5c7e61d05ae9b3d12ba9cee3d3d68d26f37b11a997be66623607,"{""Battery"":{""Capacity"":""5000 mAh"",""Charging"":[""18W wired""],""WirelessCharging"":0},""Body"":{""Build"":""Glass front, plastic frame, plastic back"",""Dimensions"":""164.3 x 76.1 x 8 mm"",""Protection"":null,""SIM"":""Dual SIM (Nano-SIM, dual stand-by)"",""Weight"":""182 g""},""Colors"":[""Diamond Glow"",""Midnight Blue""],""Display"":{""Protection"":null,""Resolution"":""720 x 1600 pixels (~270 ppi)"",""Size"":""6.51 inches"",""Type"":null},""Features"":{""BackFingerPrint"":0,""Bluetooth"":""5.0, A2DP, LE"",""InDisplayFingerPrint"":0,""Infrared port"":0,""NFC"":0,""Positioning"":""GPS, GLONASS, GALILEO, BDS"",""Radio"":1,""Sensors"":""Fingerprint (side-mounted), accelerometer, gyro, proximity, compass"",""SideFingerPrint"":0,""USB"":""USB Type-C 2.0, OTG"",""WLAN"":""Wi-Fi 802.11 a/b/g/n/ac, dual-band, Wi-Fi Direct""},""Launch"":{""Announced"":""2021-08-20"",""Status"":""Available. Released 20 August 2021""},""Main Camera"":{""Features"":null,""Specifications"":[""13 MP, f/2.2, (wide), PDAF 2 MP (macro)""],""Video"":[""1080p@30fps""]},""Memory"":{""Card slot"":""microSDXC"",""Technology"":null,""Types"":[""4GB RAM / 64GB, 128GB""]},""MobileName"":""Vivo Y21"",""Network"":{""2G"":1,""3G"":1,""4G"":1,""5G"":0},""Platform"":{""CPU"":""Octa-core (4x2.35 GHz Cortex-A53 & 4x1.8 GHz Cortex-A53)"",""Chipset"":""Mediatek MT6765 Helio P35 (12 nm)"",""GPU"":""PowerVR GE8320"",""OS"":""Android 11, Funtouch 11.1""},""Price"":[27999.0],""Selfie Camera"":{""Features"":null,""Specifications"":[],""Video"":[]},""Sound"":{""3.5mm jack"":1,""Loudspeaker"":""Yes""},""Weight"":null}"
0ae85f58df1ecd24fb888b6b2011d70be4f688e0eab7b89428fdaca105576710,mymobile,https://mymobile.pk/products/vivo-y27s/,mymobile.pk/mymobile__vivo-y27s.json,2026-08-14T11:06:41+00:00,e6b3e2e5ce0a38ac9ec00b205f4063f08687faeb6a7248fb96344bd868ede489,"{""Battery"":{""Capacity"":""5000 mAh"",""Charging"":[""44W wired""],""WirelessCharging"":0},""Body"":{""Build"":""Glass front, plastic frame, plastic back"",""Dimensions"":""164.1 x 76.2 x 8.2 mm"",""Protection"":""IP54 dust protected and water resistant (water splashes)"",""SIM"":""Dual SIM (Nano-SIM, dual stand-by)"",""Weight"":""192 g""},""Colors"":[""Burgundy Black"",""Garden Green""],""Display"":{""Protection"":null,""Resolution"":""1080 x 2388 pixels (~395 ppi)"",""Size"":""6.64 inches"",""Type"":""90Hz""},""Features"":{""BackFingerPrint"":0,""Bluetooth"":""5.0, A2DP, LE"",""InDisplayFingerPrint"":0,""Infrared port"":0,""NFC"":1,""Positioning"":""GPS, GLONASS, GALILEO, BDS, QZSS"",""Radio"":0,""Sensors"":""Fingerprint (side-mounted), accelerometer, gyro, proximity, compass"",""SideFingerPrint"":1,""USB"":""USB Type-C 2.0, OTG"",""WLAN"":""Wi-Fi 802.11 a/b/g/n/ac, dual-band""},""Launch"":{""Announced"":""2023-11-07"",""Status"":""Available. Released 7 November 2023""},""Main Camera"":{""Features"":null,""Specifications"":[""50 MP, f/1.8, (wide), PDAF Dual-LED dual-tone flash, HDR, panorama""],""Video"":[""1080p@30fps""]},""Memory"":{""Card slot"":""microSDXC"",""Technology"":null,""Types"":[""8GB RAM / 128GB, 256GB""]},""MobileName"":""Vivo Y27s"",""Network"":{""2G"":1,""3G"":1,""4G"":1,""5G"":0},""Platform"":{""CPU"":""Octa-core (4x2.4 GHz Kryo 265 Gold & 4x1.9 GHz Kryo 265 Silver)"",""Chipset"":""Qualcomm SM6225 Snapdragon 680 4G (6 nm)"",""GPU"":""Adreno 610"",""OS"":""Android 13, Funtouch 13""},""Price"":[46999.0],""Selfie Camera"":{""Features"":null,""Specifications"":[],""Video"":[]},""Sound"":{""3.5mm jack"":1,""Loudspeaker"":""Yes""},""Weight"":null}"
9ec75565cd49b849bac61d0c918ecc28799865705efd53fcb4c2ed81df77430c,mymobile,https://mymobile.pk/products/vivo-y28/,mymobile.pk/mymobile__vivo-y28.json,2026-08-14T11:06:28+00:00,8a58e37640854cfc639adb2c92cc8c18ad1da9da149f1209052b99eff3b1b72b,"{""Battery"":{""Capacity"":""6000 mAh"",""Charging"":[""44W wired""],""WirelessCharging"":0},""Body"":{""Build"":""Glass front, plastic frame, plastic back"",""Dimensions"":""165.7 x 76 x 8 mm"",""Protection"":""IP64 dust tight and water resistant"",""SIM"":""Nano-SIM"",""Weight"":""199 g""},""Colors"":[""Agate Green"",""Gleaming Orange""],""Display"":{""Protection"":""-"",""Resolution"":""720 x 1608 pixels (~264 ppi)"",""Size"":""6.68 inches"",""Type"":""90Hz""},""Features"":{""BackFingerPrint"":0,""Bluetooth"":""5.0, A2DP, LE"",""InDisplayFingerPrint"":0,""Infrared port"":0,""NFC"":0,""Positioning"":""GPS, GALILEO, GLONASS, BDS, QZSS"",""Radio"":1,""Sensors"":""Fingerprint (side-mounted), accelerometer, proximity, compass"",""SideFingerPrint"":1,""USB"":""USB Type-C 2.0, OTG"",""WLAN"":""Wi-Fi 802.11 a/b/g/n, dual-band""},""Launch"":{""Announced"":""2024, June 15"",""Status"":""Available. Released 1 July 2024""},""Main Camera"":{""Features"":null,""Specifications"":[""50 MP, f/1.8, 26mm (wide), PDAF LED flash""],""Video"":[""1080p@30fps""]},""Memory"":{""Card slot"":""microSDXC (uses shared SIM slot)"",""Technology"":null,""Types"":[""6GB, 8GB RAM / 128GB""]},""MobileName"":""Vivo Y28"",""Network"":{""2G"":1,""3G"":1,""4G"":1,""5G"":0},""Platform"":{""CPU"":""Octa-core (2x2.0 GHz Cortex-A75 & 6x1.8 GHz Cortex-A55)"",""Chipset"":""Mediatek Helio G85 (12 nm)"",""GPU"":""Mali-G52 MC2"",""OS"":""Android 14, upgradable to Android 15, Funtouch 15""},""Price"":[46999.0],""Selfie Camera"":{""Features"":null,""Specifications"":[],""Video"":[]},""Sound"":{""3.5mm jack"":1,""Loudspeaker"":""Yes, with stereo speakers""},""Weight"":null}"
2a3939d09cc290f5e5f24660699dd3ed2bd4c3b60c113c5d4f8dfb1cfd9b5ab9,mymobile,https://mymobile.pk/products/xiaomi-poco-m6-pro/,mymobile.pk/mymobile__xiaomi-poco-m6-pro.json,2026-08-14T10:59:56+00:00,bc0fccb024fe83ab520cc62125fef47bab78fededd677d85fbfcfb977849239c,"{""Battery"":{""Capacity"":""5000 mAh"",""Charging"":[""67W wired, 100% in 44 min""],""WirelessCharging"":0},""Body"":{""Build"":""Glass front (Gorilla Glass 5), plastic frame"",""Dimensions"":""161.1 x 75 x 8 mm"",""Protection"":""IP54 dust protected and water resistant (water splashes)"",""SIM"":""Nano-SIM"",""Weight"":""179 g""},""Colors"":[""Black"",""Blue"",""Purple""],""Display"":{""Protection"":""Corning Gorilla Glass 5"",""Resolution"":""1080 x 2400 pixels"",""Size"":""6.67 inches"",""Type"":""120Hz""},""Features"":{""BackFingerPrint"":0,""Bluetooth"":""5.2, A2DP, LE"",""InDisplayFingerPrint"":1,""Infrared port"":1,""NFC"":1,""Positioning"":""GPS, GALILEO, GLONASS, BDS"",""Radio"":1,""Sensors"":""Fingerprint (under display, optical), accelerometer, gyro, compassVirtual proximity sensing"",""SideFingerPrint"":0,""USB"":""USB Type-C 2.0, OTG"",""WLAN"":""Wi-Fi 802.11 a/b/g/n/ac, dual-band""},""Launch"":{""Announced"":""2024, January 11"",""Status"":""Available. Released 12 January 2024""},""Main Camera"":{""Features"":null,""Specifications"":[""Triple 64 MP, f/1.8, 25mm (wide), 1/2.0\"", 0.7µm, PDAF, OIS 8 MP, f/2.2, (ultrawide) 2 MP (macro)""],""Video"":[""1080p@30/60fps"",""gyro-EIS""]},""Memory"":{""Card slot"":""microSDXC (uses shared SIM slot)"",""Technology"":null,""Types"":[""12GB RAM / 512GB""]},""MobileName"":""Xiaomi Poco M6 Pro"",""Network"":{""2G"":1,""3G"":1,""4G"":1,""5G"":0},""Platform"":{""CPU"":""Octa-core (2x2.2 GHz Cortex-A76 & 6x2.0 GHz Cortex-A55)"",""Chipset"":""Mediatek Helio G99 Ultra"",""GPU"":""Mali-G57 MC2"",""OS"":""Android 13, MIUI 14, planned upgrade to Android 14, HyperOS""},""Price"":[83999.0],""Selfie Camera"":{""Features"":null,""Specifications"":[],""Video"":[]},""Sound"":{""3.5mm jack"":1,""Loudspeaker"":""Yes, with dual speakers""},""Weight"":null}"
67718b01eed88cb7e11ce2bcd984a4b9a0184e39add623edb597a929523ee0e9,mymobile,https://mymobile.pk/products/xiaomi-poco-x6-pro/,mymobile.pk/mymobile__xiaomi-poco-x6-pro.json,2026-08-14T10:59:25+00:00,c861b60c4ff9d977a74a68c0d7027acc45308a3284cb3da7150e77fc0e3789f5,"{""Battery"":{""Capacity"":""5000 mAh"",""Charging"":[""67W wired, QC2.0, PD3.0, 100% in 45 min""],""WirelessCharging"":0},""Body"":{""Build"":""Glass front (Gorilla Glass 5), plastic frame, plastic back or silicone polymer back (eco leather)"",""Dimensions"":""160.5 x 74.3 x 8.3 mm"",""Protection"":""IP54 dust protected and water resistant (water splashes)"",""SIM"":""Nano-SIM"",""Weight"":""186 g""},""Colors"":[""Black"",""Yellow"",""Gray""],""Display"":{""Protection"":""Corning Gorilla Glass 5"",""Resolution"":""1220 x 2712 pixels"",""Size"":""6.67 inches"",""Type"":""120Hz""},""Features"":{""BackFingerPrint"":0,""Bluetooth"":""5.4, A2DP, LE, aptX HD"",""InDisplayFingerPrint"":1,""Infrared port"":1,""NFC"":1,""Positioning"":""GPS, GALILEO, GLONASS, QZSS, BDS (B1I+B1c)"",""Radio"":0,""Sensors"":""Fingerprint (under display, optical), accelerometer, gyro, compassVirtual proximity sensing"",""SideFingerPrint"":0,""USB"":""USB Type-C 2.0, OTG"",""WLAN"":""Wi-Fi 802.11 a/b/g/n/ac/6, dual-band, Wi-Fi Direct""},""Launch"":{""Announced"":""2024, January 11"",""Status"":""Available. Released 12 January 2024""},""Main Camera"":{""Features"":null,""Specifications"":[""Triple 64 MP, f/1.7, 25mm (wide), 1/2.0\"", 0.7µm, PDAF, OIS 8 MP, f/2.2, 120˚ (ultrawide), 1/4.0\"", 1.12µm 2 MP (macro)""],""Video"":[""4K@24/30fps"",""1080p@30/60fps"",""gyro-EIS""]},""Memory"":{""Card slot"":""No"",""Technology"":null,""Types"":[""12GB RAM / 512GB""]},""MobileName"":""Xiaomi Poco X6 Pro"",""Network"":{""2G"":1,""3G"":1,""4G"":1,""5G"":1},""Platform"":{""CPU"":""Octa-core (1x3.35 GHz Cortex-A715 & 3x3.20 GHz Cortex-A715 & 4x2.20 GHz Cortex-A510)"",""Chipset"":""Mediatek Dimensity 8300 Ultra (4 nm)"",""GPU"":""Mali G615-MC6"",""OS"":""Android 14, up to 3 major Android upgrades, HyperOS""},""Price"":[122099.0],""Selfie Camera"":{""Features"":null,""Specifications"":[],""Video"":[]},""Sound"":{""3.5mm jack"":0,""Loudspeaker"":""Yes, with dual speakers""},""Weight"":null}"
d6b48bef27ea15a79d2b5d2b2ddae3264412b440a03c818ba890a631071b5f5c,mymobile,https://mymobile.pk/products/xiaomi-redmi-13c/,mymobile.pk/mymobile__xiaomi-redmi-13c.json,2026-08-14T11:05:51+00:00,92f9050fd84671828110abb3d7d39963164075d783b51ca48cd09dfedbdaad54,"{""Battery"":{""Capacity"":""5000 mAh"",""Charging"":[""18W wired, PD""],""WirelessCharging"":0},""Body"":{""Build"":null,""Dimensions"":""168 x 78 x 8.1 mm"",""Protection"":""Corning Gorilla Glass"",""SIM"":""Dual SIM (Nano-SIM, dual stand-by)"",""Weight"":""192 g""},""Colors"":[],""Display"":{""Protection"":""Corning Gorilla Glass"",""Resolution"":""720 x 1600 pixels, 20:9 ratio (~260 ppi density)"",""Size"":""6.74 inches"",""Type"":null},""Features"":{""BackFingerPrint"":0,""Bluetooth"":""5.3, A2DP, LE"",""InDisplayFingerPrint"":0,""Infrared port"":0,""NFC"":1,""Positioning"":""GPS, GLONASS, GALILEO, BDS"",""Radio"":1,""Sensors"":""Fingerprint (side-mounted), accelerometer, compassVirtual proximity sensing"",""SideFingerPrint"":1,""USB"":""USB Type-C 2.0"",""WLAN"":""Wi-Fi 802.11 a/b/g/n/ac, dual-band""},""Launch"":{""Announced"":""2023, November 10"",""Status"":""Available. Released 10 November 2023""},""Main Camera"":{""Features"":null,""Specifications"":[""50 MP, f/1.8, 28mm (wide), PDAF 2 MP (macro)""],""Video"":[""1080p@30fps""]},""Memory"":{""Card slot"":""microSDXC (dedicated slot)"",""Technology"":null,""Types"":[""4GB, 6GB, 8GB RAM / 128GB, 256GB""]},""MobileName"":""Xiaomi Redmi 13C"",""Network"":{""2G"":1,""3G"":1,""4G"":1,""5G"":0},""Platform"":{""CPU"":""Octa-core (2x2.0 GHz Cortex-A75 & 6x1.8 GHz Cortex-A55)"",""Chipset"":""Mediatek MT6769Z Helio G85 (12 nm)"",""GPU"":""Mali-G52 MC2"",""OS"":""Android 13, MIUI 14""},""Price"":[27999.0],""Selfie Camera"":{""Features"":null,""Specifications"":[],""Video"":[]},""Sound"":{""3.5mm jack"":1,""Loudspeaker"":""Yes""},""Weight"":null}"
da0fd0827071c34eaf63199e0482288ed81e74f9ca3b6f2bf06dae8f1ca0d3ab,mymobile,https://mymobile.pk/products/xiaomi-redmi-14c/,mymobile.pk/mymobile__xiaomi-redmi-14c.json,2026-08-14T11:03:33+00:00,3162f93835bd8d644ed69db3fd2aeb0ac40a24bbcaffcce1aa2c1971f85a4653,"{""Battery"":{""Capacity"":""5160 mAh"",""Charging"":[""18W wired, PD""],""WirelessCharging"":0},""Body"":{""Build"":""Glass front (Gorilla Glass 3), plastic frame, glass back or silicone polymer (eco leather) back"",""Dimensions"":""171.9 x 77.8 x 8.2 mm"",""Protection"":""Corning Gorilla Glass 3"",""SIM"":""Nano-SIM"",""Weight"":""204 g""},""Colors"":[""Midnight Black"",""Sage Green"",""Dreamy Purple"",""Starry Blue""],""Display"":{""Protection"":""Corning Gorilla Glass 3"",""Resolution"":""720 x 1640 pixels (~260 ppi)"",""Size"":""6.88 inches"",""Type"":""120Hz""},""Features"":{""BackFingerPrint"":0,""Bluetooth"":""5.4, A2DP, LE"",""InDisplayFingerPrint"":0,""Infrared port"":0,""NFC"":1,""Positioning"":""GPS, GLONASS, GALILEO, BDS"",""Radio"":1,""Sensors"":""Fingerprint (side-mounted), accelerometer, compassVirtual proximity sensing"",""SideFingerPrint"":1,""USB"":""USB Type-C 2.0, OTG"",""WLAN"":""Wi-Fi 802.11 a/b/g/n/ac, dual-band, Wi-Fi Direct""},""Launch"":{""Announced"":""2024, August 30"",""Status"":""Available. Released 30 August 2024""},""Main Camera"":{""Features"":null,""Specifications"":[""50 MP, f/1.8, 28mm (wide), 1/2.96\"", PDAF 50 MP, f/1.8, 28mm (wide), 1/2.76\"", 0.64µm, PDAF""],""Video"":[""1080p@30fps""]},""Memory"":{""Card slot"":""microSDXC (dedicated slot)"",""Technology"":null,""Types"":[""4GB, 6GB RAM / 128GB""]},""MobileName"":""Xiaomi Redmi 14C"",""Network"":{""2G"":1,""3G"":1,""4G"":1,""5G"":0},""Platform"":{""CPU"":""Octa-core (2x2.0 GHz Cortex-A75 & 6x1.8 GHz Cortex-A55)"",""Chipset"":""Mediatek Helio G81 Ultra (12 nm)"",""GPU"":""Mali-G52 MC2"",""OS"":""Android 14, HyperOS""},""Price"":[29999.0],""Selfie Camera"":{""Features"":null,""Specifications"":[],""Video"":[]},""Sound"":{""3.5mm jack"":1,""Loudspeaker"":""Yes""},""Weight"":null}"
d23d66b128f7671e006356693f47aef0bd9ea7c349729cf5067458915a65cf1f,mymobile,https://mymobile.pk/products/zte-a72s/,mymobile.pk/mymobile__zte-a72s.json,2026-08-14T11:01:50+00:00,f48970e3934939301798421c2493dafe1768eedffcb8da430f80efb43581a127,"{""Battery"":{""Capacity"":""5000 mAh"",""Charging"":[""22.5W wired""],""WirelessCharging"":0},""Body"":{""Build"":""Dimensions 168 x 77.5 x 8.6 mm (6.61 x 3.05 x 0.34 in)"",""Dimensions"":""168 x 77.5 x 8.6 mm"",""Protection"":""-"",""SIM"":""Nano-SIM"",""Weight"":""198 g""},""Colors"":[""Space Gray"",""Sky Blue""],""Display"":{""Protection"":""-"",""Resolution"":""720 x 1600 pixels"",""Size"":""6.75 inches"",""Type"":""90Hz""},""Features"":{""BackFingerPrint"":0,""Bluetooth"":""5.0, A2DP, LE"",""InDisplayFingerPrint"":0,""Infrared port"":0,""NFC"":0,""Positioning"":""GPS, GLONASS"",""Radio"":1,""Sensors"":""Fingerprint (side-mounted), accelerometer, proximity"",""SideFingerPrint"":1,""USB"":""microUSB 2.0, OTG"",""WLAN"":""Wi-Fi 802.11 b/g/n/ac""},""Launch"":{""Announced"":""2022, June 19"",""Status"":""Available. Released 1 July 2023""},""Main Camera"":{""Features"":null,""Specifications"":[""Triple 50 MP, (wide), AF 2 MP (macro)""],""Video"":[""1080p@30fps""]},""Memory"":{""Card slot"":""microSDXC"",""Technology"":null,""Types"":[""4GB RAM / 128GB""]},""MobileName"":""ZTE Blade A72s"",""Network"":{""2G"":1,""3G"":1,""4G"":1,""5G"":0},""Platform"":{""CPU"":""Octa-core (2x1.6 GHz Cortex-A75 & 6x1.6 GHz Cortex-A55)"",""Chipset"":""Unisoc T606 (12 nm)"",""GPU"":""Mali-G57 MP1"",""OS"":""Android 12""},""Price"":[22499.0],""Selfie Camera"":{""Features"":null,""Specifications"":[],""Video"":[]},""Sound"":{""3.5mm jack"":1,""Loudspeaker"":""Yes""},""Weight"":null}"
e90b91703461adb5350ce9493753350455c80d4fc76447e284ed076c1106b244,mymobile,https://mymobile.pk/products/zte-blade-a54/,mymobile.pk/mymobile__zte-blade-a54.json,2026-08-14T11:02:12+00:00,a7550a4898e167e5e926f9e7e3f1e8f36e12a10623a2f29d39359e29eba14940,"{""Battery"":{""Capacity"":""5000 mAh"",""Charging"":[""-""],""WirelessCharging"":0},""Body"":{""Build"":null,""Dimensions"":""164 x 75.8 x 8.5 mm"",""Protection"":""Gorilla Glass"",""SIM"":""Nano-SIM, Dual SIM (Nano-SIM, dual stand-by)"",""Weight"":""185 g""},""Colors"":[""Gray"",""Blue"",""Lilac""],""Display"":{""Protection"":""-"",""Resolution"":""720 x 1612 pixels (~267 ppi)"",""Size"":""6.6 inches"",""Type"":""90Hz""},""Features"":{""BackFingerPrint"":0,""Bluetooth"":""5.2, A2DP, LE"",""InDisplayFingerPrint"":0,""Infrared port"":0,""NFC"":1,""Positioning"":""GPS"",""Radio"":0,""Sensors"":""Fingerprint (side-mounted), accelerometer"",""SideFingerPrint"":1,""USB"":""USB Type-C 2.0"",""WLAN"":""Wi-Fi 802.11 a/b/g/n/ac, dual-band""},""Launch"":{""Announced"":""2023, September"",""Status"":""Available. Released 1 November 2023""},""Main Camera"":{""Features"":null,""Specifications"":[""13 MP, (wide), AF LED flash, HDR""],""Video"":[""1080p@30fps""]},""Memory"":{""Card slot"":""microSDXC (dedicated slot)"",""Technology"":null,""Types"":[""4GB RAM / 64GB, 128GB""]},""MobileName"":""ZTE Blade A54"",""Network"":{""2G"":1,""3G"":1,""4G"":1,""5G"":0},""Platform"":{""CPU"":""Octa-core (4x1.6 GHz Cortex-A55 & 4x1.2 GHz Cortex-A55)"",""Chipset"":""Unisoc SC9863A (28 nm)"",""GPU"":""IMG8322"",""OS"":""Android 13""},""Price"":[20000.0],""Selfie Camera"":{""Features"":null,""Specifications"":[],""Video"":[]},""Sound"":{""3.5mm jack"":1,""Loudspeaker"":""Yes""},""Weight"":null}"
10384bbcc1af986315c97b98f2fe52a95ee4b2758ce2a1df3048f736e4d625db,mymobile,https://mymobile.pk/products/zte-blade-a55/,mymobile.pk/mymobile__zte-blade-a55.json,2026-08-14T11:01:19+00:00,0cfc5edf53faeaa5b6b22e1ea3c7e6477192453a849ad3ebc664c23c662ad2b4,"{""Battery"":{""Capacity"":""5000 mAh"",""Charging"":[""10W wired""],""WirelessCharging"":0},""Body"":{""Build"":""Anti Spy Privacy Tempered Glass Screen Protector"",""Dimensions"":""167.7 x 77.4 x 8.5 mm"",""Protection"":null,""SIM"":""Nano-SIM + Nano-SIM"",""Weight"":""192 g""},""Colors"":[""Mint Green"",""Starry Black"",""Sunset Orange""],""Display"":{""Protection"":null,""Resolution"":""720 x 1600 pixels (~260 ppi)"",""Size"":""6.75 inches"",""Type"":""90Hz""},""Features"":{""BackFingerPrint"":0,""Bluetooth"":""5.2, A2DP, LE"",""InDisplayFingerPrint"":0,""Infrared port"":0,""NFC"":0,""Positioning"":""GPS, GALILEO, GLONASS"",""Radio"":1,""Sensors"":""Fingerprint (side-mounted), accelerometer"",""SideFingerPrint"":0,""USB"":""USB Type-C 2.0, OTG"",""WLAN"":""Wi-Fi 802.11 b/g/n""},""Launch"":{""Announced"":""2024-01-01"",""Status"":""Available. Released 1 July 2024""},""Main Camera"":{""Features"":null,""Specifications"":[""13 MP, AF LED flash""],""Video"":[""1080p@30fps""]},""Memory"":{""Card slot"":""microSDXC (dedicated slot)"",""Technology"":null,""Types"":[""4GB RAM / 64GB, 128GB""]},""MobileName"":""ZTE Blade A55"",""Network"":{""2G"":1,""3G"":1,""4G"":1,""5G"":0},""Platform"":{""CPU"":""Octa-core (4x1.6 GHz Cortex-A55 & 4x1.2 GHz Cortex-A55)"",""Chipset"":""Unisoc SC9863A1 (22 nm)"",""GPU"":""IMG8322"",""OS"":""Android 14 (Go edition)""},""Price"":[19999.0],""Selfie Camera"":{""Features"":null,""Specifications"":[],""Video"":[]},""Sound"":{""3.5mm jack"":1,""Loudspeaker"":""Yes""},""Weight"":null}"
01b68a670862d23c1a4b2e491dba95308becce2a1c8d3fc531fc2be8a9283b88,mymobile,https://mymobile.pk/products/zte-blade-v60/,mymobile.pk/mymobile__zte-blade-v60.json,2026-08-14T11:06:17+00:00,09b1dbf9e6c8692c81c68e725da66ed809c0b6d25fb7c82427f102fcfe188c31,"{""Battery"":{""Capacity"":""5000 mAh"",""Charging"":[""22.5W Fast Charging""],""WirelessCharging"":0},""Body"":{""Build"":""Glass front, Plastic frame, Plastic back"",""Dimensions"":""164.2 × 75.3 × 8.6 mm"",""Protection"":""-"",""SIM"":""Nano-SIM, Dual SIM (Nano-SIM, dual stand-by)"",""Weight"":""185 g""},""Colors"":[""Dark Blue"",""Sunrise Violet"",""Champagne Gold (Market dependent)""],""Display"":{""Protection"":""—"",""Resolution"":""720 × 1612 pixels"",""Size"":""6.6 inches"",""Type"":""90Hz""},""Features"":{""BackFingerPrint"":0,""Bluetooth"":""5.2"",""InDisplayFingerPrint"":0,""Infrared port"":0,""NFC"":0,""Positioning"":""GPS, GLONASS, GALILEO, BDS"",""Radio"":1,""Sensors"":""Side-mounted Fingerprint, Accelerometer, Proximity Sensor, Ambient Light Sensor"",""SideFingerPrint"":1,""USB"":""USB Type-C 2.0, OTG"",""WLAN"":""Wi-Fi 802.11 a/b/g/n/ac""},""Launch"":{""Announced"":""2024"",""Status"":""Released. Released 1 January 2024""},""Main Camera"":{""Features"":null,""Specifications"":[""50 MP (Wide) + AI Lens HDR, Night Mode, Portrait Mode, AI Camera, LED Flash""],""Video"":[""1080p@30fps""]},""Memory"":{""Card slot"":""microSDXC"",""Technology"":null,""Types"":[""6GB, 8GB RAM / 256GB""]},""MobileName"":""ZTE Blade V60"",""Network"":{""2G"":1,""3G"":1,""4G"":1,""5G"":0},""Platform"":{""CPU"":""Octa-core (2×2.0 GHz Cortex-A75 + 6×1.8 GHz Cortex-A55)"",""Chipset"":""Unisoc T616 (12nm)"",""GPU"":""Mali-G57 MP1"",""OS"":""Android 13, MyOS 13""},""Price"":[41999.0],""Selfie Camera"":{""Features"":null,""Specifications"":[],""Video"":[]},""Sound"":{""3.5mm jack"":1,""Loudspeaker"":""Yes""},""Weight"":null}"
b40c3c3d5f614cc3b6b5d468987340cc6139b22b192dea93c41476a970a48247,mymobile,https://mymobile.pk/products/zte-nubia-focus/,mymobile.pk/mymobile__zte-nubia-focus.json,2026-08-14T11:05:10+00:00,a72e14a54ed5433d6fd30e2e3bad497c0952495120c413a5ee5437ed6a9e92dc,"{""Battery"":{""Capacity"":""5000 mAh"",""Charging"":[""22.5W or 33W wired""],""WirelessCharging"":0},""Body"":{""Build"":""Glass front, glass back"",""Dimensions"":""163.6 x 74.9 x 8.6 mm"",""Protection"":""-"",""SIM"":""Nano-SIM"",""Weight"":""205.5 g""},""Colors"":[""Black"",""Gold"",""Coral""],""Display"":{""Protection"":""-"",""Resolution"":""720 x 1612 pixels"",""Size"":""6.56 inches"",""Type"":""120Hz""},""Features"":{""BackFingerPrint"":0,""Bluetooth"":""5.2, A2DP, LE"",""InDisplayFingerPrint"":0,""Infrared port"":0,""NFC"":1,""Positioning"":""GPS"",""Radio"":1,""Sensors"":""Fingerprint (side-mounted), accelerometer, proximity"",""SideFingerPrint"":1,""USB"":""USB Type-C 2.0"",""WLAN"":""Wi-Fi 802.11 a/b/g/n/ac, dual-band""},""Launch"":{""Announced"":""2024, February 28"",""Status"":""Available. Released 1 April 2024""},""Main Camera"":{""Features"":null,""Specifications"":[""108 MP, f/1.8, 24mm (wide), 1/1.67\"", PDAF Features: LED flash, HDR Video: 4K@30fps, 1080p@30fps""],""Video"":[""4K@30fps"",""1080p@30fps""]},""Memory"":{""Card slot"":""No"",""Technology"":null,""Types"":[""4GB, 6GB, 8GB, 12GB RAM / 256GB""]},""MobileName"":""ZTE Nubia Focus"",""Network"":{""2G"":1,""3G"":1,""4G"":1,""5G"":1},""Platform"":{""CPU"":""Octa-core (1x2.2 GHz Cortex-A76 & 3x Cortex-A76 & 4x Cortex-A55)"",""Chipset"":""Unisoc T760 (6 nm)"",""GPU"":""Mali-G57"",""OS"":""Android 14""},""Price"":[35000.0],""Selfie Camera"":{""Features"":null,""Specifications"":[],""Video"":[]},""Sound"":{""3.5mm jack"":1,""Loudspeaker"":""Yes""},""Weight"":null}"
ed05bd8f6d9d13047b266c34e20f02c108451606327c01498ec1cb057c7a4d22,mymobile,https://mymobile.pk/products/zte-nubia-neo-2/,mymobile.pk/mymobile__zte-nubia-neo-2.json,2026-08-14T11:07:11+00:00,19436608e6de68bb323ecf95f515b6bf241236db08976c44416c50431ea41955,"{""Battery"":{""Capacity"":""6000 mAh"",""Charging"":[""33W wired""],""WirelessCharging"":0},""Body"":{""Build"":""Dimensions 166 x 76.1 x 8.5 mm (6.54 x 3.00 x 0.33 in)"",""Dimensions"":""166 x 76.1 x 8.5 mm"",""Protection"":""-"",""SIM"":""Nano-SIM"",""Weight"":""208 g""},""Colors"":[""Sunfire Yellow"",""Frost Silver"",""Storm Gray""],""Display"":{""Protection"":""-"",""Resolution"":""1080 x 2400 pixels"",""Size"":""6.72 inches"",""Type"":""120Hz""},""Features"":{""BackFingerPrint"":0,""Bluetooth"":""5.2, A2DP, LE"",""InDisplayFingerPrint"":0,""Infrared port"":0,""NFC"":1,""Positioning"":""GPS, GLONASS, GALILEO, BDS"",""Radio"":1,""Sensors"":""Fingerprint (side-mounted), accelerometer, gyro, proximity, compass"",""SideFingerPrint"":1,""USB"":""USB Type-C 2.0, OTG"",""WLAN"":""Wi-Fi 802.11 a/b/g/n/ac, dual-band""},""Launch"":{""Announced"":""2024, February 28"",""Status"":""Available. Released 1 April 2024""},""Main Camera"":{""Features"":null,""Specifications"":[""50 MP, f/1.8, (wide), PDAF""],""Video"":[""1080p@30fps""]},""Memory"":{""Card slot"":""No"",""Technology"":null,""Types"":[""8GB RAM / 256GB""]},""MobileName"":""ZTE Nubia Neo 2"",""Network"":{""2G"":1,""3G"":1,""4G"":1,""5G"":1},""Platform"":{""CPU"":""Octa-core (1x2.7 GHz Cortex-A76 & 3x2.3 GHz Cortex-A76 & 4x2.1 GHz Cortex-A55)"",""Chipset"":""Unisoc T820 (6 nm)"",""GPU"":""Mali-G57"",""OS"":""Android 13""},""Price"":[54999.0],""Selfie Camera"":{""Features"":null,""Specifications"":[],""Video"":[]},""Sound"":{""3.5mm jack"":0,""Loudspeaker"":""Yes, with stereo speakers""},""Weight"":null}"
8e10517736cf4542ff3b069e517fc1007fcd4091d841073ccb958b20bf2b0ac8,mymobile,https://mymobile.pk/products/zte-nubia-z80-ultra/,mymobile.pk/mymobile__zte-nubia-z80-ultra.json,2026-08-14T11:04:42+00:00,87966539013d7a5ad3c5f1dee6ad863778dca71e953081cb396a6e894c8a2f69,"{""Battery"":{""Capacity"":""7200 mAh"",""Charging"":[""80W wired, PD3.0, QC4 (International)90W wired, PD3.0, QC4 (China)80W wireless""],""WirelessCharging"":1},""Body"":{""Build"":""Glass front, aluminum frame, glass back"",""Dimensions"":""164.5 x 77.2 x 8.6 mm"",""Protection"":""IP68/IP69 dust tight and water resistant"",""SIM"":""Dual SIM (Nano-SIM, dual stand-by)"",""Weight"":""227 g""},""Colors"":[""Black"",""White"",""Starry Night Blue"",""Luo Tian Yi Red""],""Display"":{""Protection"":""Unspecified"",""Resolution"":""1216 x 2688 pixels (~431 ppi)"",""Size"":""6.85 inches"",""Type"":""144Hz""},""Features"":{""BackFingerPrint"":0,""Bluetooth"":""6.0, A2DP, LE, aptX HD, aptX Adaptive, aptX Lossless"",""InDisplayFingerPrint"":1,""Infrared port"":1,""NFC"":1,""Positioning"":""GPS (L1+L2+L5), GLONASS (G1+G5), BDS (B1I+B1C+B2a+B2b), GALILEO (E1+E5a), QZSS (L1+L5)"",""Radio"":0,""Sensors"":""Fingerprint (under display, ultrasonic), accelerometer, gyro, proximity, compass"",""SideFingerPrint"":0,""USB"":""USB Type-C 3.2, OTG"",""WLAN"":""Wi-Fi 802.11 a/b/g/n/ac/6e/7, dual-band, Wi-Fi Direct""},""Launch"":{""Announced"":""Expected in December 2026"",""Status"":""Available""},""Main Camera"":{""Features"":null,""Specifications"":[""Triple 50 MP, f/1.7, 35mm (standard), PDAF, OIS 64 MP, f/2.5, 70mm (periscope telephoto), OIS, 2.7x optical zoom 50 MP, f/1.8, 18mm (ultrawide), PDAF""],""Video"":[""8K@30fps"",""4K@30/60/120fps"",""1080p@30/60fps"",""gyro-EIS"",""HDR10"",""10‑bit video""]},""Memory"":{""Card slot"":""No"",""Technology"":null,""Types"":[""12GB, 16GB RAM / 256GB, 512GB, 1TB""]},""MobileName"":""ZTE Nubia Z80 Ultra"",""Network"":{""2G"":1,""3G"":1,""4G"":1,""5G"":1},""Platform"":{""CPU"":""Octa-core (2x4.6 GHz Oryon V3 Phoenix L + 6x3.62 GHz Oryon V3 Phoenix M)"",""Chipset"":""Qualcomm SM8850-AC Snapdragon 8 Elite Gen 5 (3 nm)"",""GPU"":""Adreno 840"",""OS"":""Android 16, Nebula AIOS 2""},""Price"":[252500.0],""Selfie Camera"":{""Features"":null,""Specifications"":[],""Video"":[]},""Sound"":{""3.5mm jack"":0,""Loudspeaker"":""Yes, with stereo speakers""},""Weight"":null}"
4b23bd3b2fd9e8e3c0871c86fc6b95a854148640a57072ddfcd7c64fb4ca6288,mymobile,https://mymobile.pk/products/zte-v50/,mymobile.pk/mymobile__zte-v50.json,2026-08-14T11:02:58+00:00,425117521142b423f60426ee098957b3ef60c342c9ab7093cabbc2136c79731a,"{""Battery"":{""Capacity"":""5000 mAh"",""Charging"":[""22.5W wired""],""WirelessCharging"":0},""Body"":{""Build"":""Glass front, plastic frame, glass back"",""Dimensions"":""165 x 76.1 x 8.3 mm"",""Protection"":""-"",""SIM"":""Nano-SIM"",""Weight"":""207 g""},""Colors"":[""Beach Green"",""Sunrise Violet"",""Diamont Black""],""Display"":{""Protection"":""-"",""Resolution"":""1080 x 2408 pixels (~400 ppi)"",""Size"":""6.6 inches"",""Type"":""60Hz""},""Features"":{""BackFingerPrint"":0,""Bluetooth"":""5.2, A2DP, LE"",""InDisplayFingerPrint"":0,""Infrared port"":0,""NFC"":1,""Positioning"":""GPS"",""Radio"":1,""Sensors"":""Fingerprint (side-mounted), accelerometer, proximity"",""SideFingerPrint"":1,""USB"":""USB Type-C 2.0"",""WLAN"":""Wi-Fi 802.11 a/b/g/n/ac, dual-band""},""Launch"":{""Announced"":""2023, October"",""Status"":""Available. Released 1 October 2023""},""Main Camera"":{""Features"":null,""Specifications"":[""50 MP, f/1.8, (wide), PDAF 2 MP (macro)""],""Video"":[""1080p@30fps""]},""Memory"":{""Card slot"":""microSDXC (dedicated slot)"",""Technology"":null,""Types"":[""8GB RAM / 256GB""]},""MobileName"":""ZTE Blade V50"",""Network"":{""2G"":1,""3G"":1,""4G"":1,""5G"":0},""Platform"":{""CPU"":""Octa-core (2x1.6 GHz Cortex-A75 & 6x1.6 GHz Cortex-A55)"",""Chipset"":""Unisoc T606 (12 nm)"",""GPU"":""Mali-G57 MP1"",""OS"":""Android 13""},""Price"":[27999.0],""Selfie Camera"":{""Features"":null,""Specifications"":[],""Video"":[]},""Sound"":{""3.5mm jack"":1,""Loudspeaker"":""Yes""},""Weight"":null}"
