record_key,source_schema,source_url,source_file,data_snapshot,file_sha256,payload_json
2ff9bcefb0e9101e8c87f9d916bca904c38a67742bafe1d78560220576dedfa0,original,https://www.gsmarena.com/nokia_105+_(2022)-11740.php,gsmarena.com/gsmarena__nokia_105+_(2022)-11740.php.json,2026-08-17T05:38:20+00:00,ab168a6be4ecb399592402192e7cdd17577579eacc59c7a3cd9ba3e395b1f6ad,"{""Battery"":{""Capacity"":""Li-Ion 800 mAh, removable"",""Charging"":[],""WirelessCharging"":0},""Body"":{""Build"":null,""Dimensions"":""115.2 x 49.9 x 14.3 mm (4.54 x 1.96 x 0.56 in)"",""Protection"":""Flashlight"",""SIM"":""Single SIM (Mini-SIM) or Dual SIM (Mini-SIM, dual stand-by)"",""Weight"":""72 g (2.54 oz)""},""Colors"":[""Red"",""Charcoal""],""Display"":{""Protection"":null,""Resolution"":""120 x 160 pixels, 4:3 ratio (~113 ppi density)"",""Size"":""1.77 inches, 9.7 cm 2 (~16.9% screen-to-body ratio)"",""Type"":""TFT LCD, 65K colors""},""Features"":{""BackFingerPrint"":0,""Bluetooth"":""No"",""InDisplayFingerPrint"":0,""Infrared port"":0,""NFC"":0,""Positioning"":""No"",""Radio"":1,""Sensors"":"""",""SideFingerPrint"":0,""USB"":""microUSB 1.1"",""WLAN"":""No""},""Launch"":{""Announced"":""2022, April 26"",""Status"":""Available. Released 2022, April 26""},""Main Camera"":{""Features"":null,""Specifications"":[],""Video"":[]},""Memory"":{""Card slot"":""microSDHC"",""Technology"":null,""Types"":[""4MB"",""4MB RAM""]},""MobileName"":""Nokia 105+ (2022)"",""Network"":{""2G"":1,""3G"":0,""4G"":0,""5G"":0},""Platform"":{""CPU"":null,""Chipset"":""Mediatek MT6261D"",""GPU"":null,""OS"":null},""Price"":[20.0],""Selfie Camera"":{""Specifications"":[],""Video"":[]},""Sound"":{""3.5mm jack"":1,""Loudspeaker"":""Yes""},""Weight"":null}"
f6f0d9a3732eb0a711d64fbf9d3deee3e936608687286e95a5ff4706cefaa446,original,https://www.gsmarena.com/nokia_105_(2022)-11739.php,gsmarena.com/gsmarena__nokia_105_(2022)-11739.php.json,2026-08-17T05:38:26+00:00,be955841942c8def90a6d268fe0702a678cdc2d368f4e83ef4db413af150950f,"{""Battery"":{""Capacity"":""Li-Ion 800 mAh, removable"",""Charging"":[],""WirelessCharging"":0},""Body"":{""Build"":null,""Dimensions"":""115.2 x 49.9 x 14.3 mm (4.54 x 1.96 x 0.56 in)"",""Protection"":""Flashlight"",""SIM"":""Single SIM (Mini-SIM) or Dual SIM (Mini-SIM, dual stand-by)"",""Weight"":""70 g (2.47 oz)""},""Colors"":[""Blue"",""Charcoal""],""Display"":{""Protection"":null,""Resolution"":""120 x 160 pixels, 4:3 ratio (~113 ppi density)"",""Size"":""1.77 inches, 9.7 cm 2 (~16.9% screen-to-body ratio)"",""Type"":""TFT LCD, 65K colors""},""Features"":{""BackFingerPrint"":0,""Bluetooth"":""No"",""InDisplayFingerPrint"":0,""Infrared port"":0,""NFC"":0,""Positioning"":""No"",""Radio"":1,""Sensors"":"""",""SideFingerPrint"":0,""USB"":""microUSB 1.1"",""WLAN"":""No""},""Launch"":{""Announced"":""2022, April 26"",""Status"":""Available. Released 2022, April 26""},""Main Camera"":{""Features"":null,""Specifications"":[],""Video"":[]},""Memory"":{""Card slot"":""No"",""Technology"":null,""Types"":[""4MB"",""4MB RAM""]},""MobileName"":""Nokia 105 (2022)"",""Network"":{""2G"":1,""3G"":0,""4G"":0,""5G"":0},""Platform"":{""CPU"":null,""Chipset"":""Mediatek MT6261D"",""GPU"":null,""OS"":null},""Price"":[20.0],""Selfie Camera"":{""Specifications"":[],""Video"":[]},""Sound"":{""3.5mm jack"":1,""Loudspeaker"":""Yes""},""Weight"":""1.50 W/kg (head) 1.38 W/kg (body)""}"
1a26dce1d3fb5f50d79971d005288fa2f7625d3bba4841cdccac033b69497bea,original,https://www.gsmarena.com/nokia_105_(2023)-12281.php,gsmarena.com/gsmarena__nokia_105_(2023)-12281.php.json,2026-08-17T05:35:59+00:00,fbd21043ccfc99c6d56c2e75cf7d4875cb166a3904089aed150bb61b47b6bc03,"{""Battery"":{""Capacity"":""Li-Ion 1000 mAh"",""Charging"":[],""WirelessCharging"":0},""Body"":{""Build"":null,""Dimensions"":""115.1 x 49.4 x 14.5 mm (4.53 x 1.94 x 0.57 in)"",""Protection"":""Flashlight | Splash resistant"",""SIM"":""Single SIM (Mini-SIM) or Dual SIM (Mini-SIM, dual stand-by)"",""Weight"":""78.7 g (2.75 oz)""},""Colors"":[""Red Terracotta"",""Cyan"",""Charcoal""],""Display"":{""Protection"":null,""Resolution"":""120 x 160 pixels, 4:3 ratio (~111 ppi density)"",""Size"":""1.8 inches, 10.0 cm 2 (~17.6% screen-to-body ratio)"",""Type"":""TFT LCD, 65K colors""},""Features"":{""BackFingerPrint"":0,""Bluetooth"":""No"",""InDisplayFingerPrint"":0,""Infrared port"":0,""NFC"":0,""Positioning"":""No"",""Radio"":1,""Sensors"":"""",""SideFingerPrint"":0,""USB"":""microUSB 1.1"",""WLAN"":""No""},""Launch"":{""Announced"":""2023, May 18"",""Status"":""Available. Released 2023, May 18""},""Main Camera"":{""Features"":null,""Specifications"":[],""Video"":[]},""Memory"":{""Card slot"":""No"",""Technology"":null,""Types"":[""Unspecified""]},""MobileName"":""Nokia 105 (2023)"",""Network"":{""2G"":1,""3G"":0,""4G"":0,""5G"":0},""Platform"":{""CPU"":null,""Chipset"":null,""GPU"":null,""OS"":null},""Price"":[50.0],""Selfie Camera"":{""Specifications"":[],""Video"":[]},""Sound"":{""3.5mm jack"":1,""Loudspeaker"":""Yes""},""Weight"":null}"
59e6dba6d05069419ad28a713472da49434334f9c8050892d5892740ec232f98,original,https://www.gsmarena.com/nokia_105_(2024)-13188.php,gsmarena.com/gsmarena__nokia_105_(2024)-13188.php.json,2026-08-13T18:00:39+00:00,6544977bb0b137d411d63fc6f064630c4b59bc3ec4f9f35f30a690bd2fa49b7d,"{""Battery"":{""Capacity"":""1000 mAh, removable"",""Charging"":[],""WirelessCharging"":0},""Body"":{""Build"":null,""Dimensions"":""115.5 x 49.5 x 14 mm (4.55 x 1.95 x 0.55 in)"",""Protection"":""Splash resistant"",""SIM"":""Dual SIM (Mini-SIM, dual stand-by)"",""Weight"":""77.5 g (2.75 oz)""},""Colors"":[""Black"",""Blue"",""Purple""],""Display"":{""Protection"":null,""Resolution"":""120 x 160 pixels, 4:3 ratio (~100 ppi density)"",""Size"":""2.0 inches, 12.4 cm 2 (~21.7% screen-to-body ratio)"",""Type"":""TFT LCD, 65K colors""},""Features"":{""BackFingerPrint"":0,""Bluetooth"":""No"",""InDisplayFingerPrint"":0,""Infrared port"":0,""NFC"":0,""Positioning"":""No"",""Radio"":1,""Sensors"":"""",""SideFingerPrint"":0,""USB"":""microUSB"",""WLAN"":""No""},""Launch"":{""Announced"":""2024, July 03"",""Status"":""Available. Released 2024, July""},""Main Camera"":{""Features"":null,""Specifications"":[],""Video"":[]},""Memory"":{""Card slot"":""microSDHC"",""Technology"":null,""Types"":[""4 MB 4 MB RAM""]},""MobileName"":""Nokia 105 (2024)"",""Network"":{""2G"":1,""3G"":0,""4G"":0,""5G"":0},""Platform"":{""CPU"":null,""Chipset"":null,""GPU"":null,""OS"":""RTOS OS""},""Price"":[],""Selfie Camera"":{""Specifications"":[],""Video"":[]},""Sound"":{""3.5mm jack"":1,""Loudspeaker"":""Yes""},""Weight"":null}"
e425144be5d164e40343f05c6c2344c725944654b56a5bf308a888e9673c4020,original,https://www.gsmarena.com/nokia_105_4g_(2023)-12282.php,gsmarena.com/gsmarena__nokia_105_4g_(2023)-12282.php.json,2026-08-17T05:35:56+00:00,d38ac4756bcf1ec7feeeea4dbac1fd2a82bd89ce600922de3d7db1f9402a3ff1,"{""Battery"":{""Capacity"":""Li-Ion 1450 mAh, removable"",""Charging"":[],""WirelessCharging"":0},""Body"":{""Build"":null,""Dimensions"":""121.5 x 50 x 14.4 mm (4.78 x 1.97 x 0.57 in)"",""Protection"":""Flashlight | Splash resistant"",""SIM"":""· Nano-SIM | · Nano-SIM + Nano-SIM"",""Weight"":""93 g (3.28 oz)""},""Colors"":[""Charcoal"",""Ocean Blue""],""Display"":{""Protection"":null,""Resolution"":""120 x 160 pixels, 4:3 ratio (~111 ppi density)"",""Size"":""1.8 inches, 10.0 cm 2 (~16.5% screen-to-body ratio)"",""Type"":""IPS LCD""},""Features"":{""BackFingerPrint"":0,""Bluetooth"":""5.0, A2DP"",""InDisplayFingerPrint"":0,""Infrared port"":0,""NFC"":0,""Positioning"":""No"",""Radio"":1,""Sensors"":"""",""SideFingerPrint"":0,""USB"":""microUSB 2.0"",""WLAN"":""No""},""Launch"":{""Announced"":""2023, May 18"",""Status"":""Available. Released 2023, June""},""Main Camera"":{""Features"":null,""Specifications"":[],""Video"":[]},""Memory"":{""Card slot"":""microSDHC"",""Technology"":null,""Types"":[""Unspecified""]},""MobileName"":""Nokia 105 4G (2023)"",""Network"":{""2G"":1,""3G"":1,""4G"":1,""5G"":0},""Platform"":{""CPU"":null,""Chipset"":null,""GPU"":null,""OS"":null},""Price"":[40.0],""Selfie Camera"":{""Specifications"":[],""Video"":[]},""Sound"":{""3.5mm jack"":1,""Loudspeaker"":""Yes""},""Weight"":null}"
d5704e2e652f548bb4106b9f279e4105f15dac0f7e4ecc64df8fcbe83128f172,original,https://www.gsmarena.com/nokia_105_4g_2nd_edition-13583.php,gsmarena.com/gsmarena__nokia_105_4g_2nd_edition-13583.php.json,2026-08-13T18:00:20+00:00,60a70368c8c868973b0c6c08c43fb3985cc5604e596b9f496cdb980fc3ce0d24,"{""Battery"":{""Capacity"":""Li-Ion 1450 mAh, removable"",""Charging"":[],""WirelessCharging"":0},""Body"":{""Build"":null,""Dimensions"":""121.5 x 50 x 14.4 mm (4.78 x 1.97 x 0.57 in)"",""Protection"":""Flashlight | IP54 dust protected and water resistant (water splashes)"",""SIM"":""· Nano-SIM | · Nano-SIM + Nano-SIM"",""Weight"":""93 g (3.28 oz)""},""Colors"":[""Charcoal""],""Display"":{""Protection"":null,""Resolution"":""120 x 160 pixels, 4:3 ratio (~111 ppi density)"",""Size"":""1.8 inches, 10.0 cm 2 (~16.5% screen-to-body ratio)"",""Type"":""IPS LCD""},""Features"":{""BackFingerPrint"":0,""Bluetooth"":""5.0, A2DP"",""InDisplayFingerPrint"":0,""Infrared port"":0,""NFC"":0,""Positioning"":""No"",""Radio"":1,""Sensors"":"""",""SideFingerPrint"":0,""USB"":""USB Type-C"",""WLAN"":""No""},""Launch"":{""Announced"":""2024, December"",""Status"":""Available. Released 2024, December""},""Main Camera"":{""Features"":null,""Specifications"":[],""Video"":[]},""Memory"":{""Card slot"":""microSDHC"",""Technology"":null,""Types"":[""48MB 128MB RAM""]},""MobileName"":""Nokia 105 4G 2nd Edition"",""Network"":{""2G"":1,""3G"":1,""4G"":1,""5G"":0},""Platform"":{""CPU"":null,""Chipset"":null,""GPU"":null,""OS"":null},""Price"":[50.0],""Selfie Camera"":{""Specifications"":[],""Video"":[]},""Sound"":{""3.5mm jack"":1,""Loudspeaker"":""Yes""},""Weight"":null}"
601d583ba37308429cf8bbd586fb307e002347926d6f95bbc03f0a33c3eb6e1c,original,https://www.gsmarena.com/nokia_106_(2023)-12283.php,gsmarena.com/gsmarena__nokia_106_(2023)-12283.php.json,2026-08-17T05:35:50+00:00,5d9b03c68b7ea7954184fa1085142c53c1215e6ac4db72925a7250bdcff21880,"{""Battery"":{""Capacity"":""Li-Ion 1000 mAh"",""Charging"":[],""WirelessCharging"":0},""Body"":{""Build"":null,""Dimensions"":""115.1 x 49.4 x 14.5 mm (4.53 x 1.94 x 0.57 in)"",""Protection"":""Flashlight | Splash resistant"",""SIM"":""Single SIM (Mini-SIM) or Dual SIM (Mini-SIM, dual stand-by)"",""Weight"":""79.4 g (2.79 oz)""},""Colors"":[""Red Terracotta"",""Emerald Green"",""Charcoal""],""Display"":{""Protection"":null,""Resolution"":""120 x 160 pixels, 4:3 ratio (~111 ppi density)"",""Size"":""1.8 inches, 10.0 cm 2 (~17.6% screen-to-body ratio)"",""Type"":""TFT LCD, 65K colors""},""Features"":{""BackFingerPrint"":0,""Bluetooth"":""No"",""InDisplayFingerPrint"":0,""Infrared port"":0,""NFC"":0,""Positioning"":""No"",""Radio"":1,""Sensors"":"""",""SideFingerPrint"":0,""USB"":""microUSB 1.1"",""WLAN"":""No""},""Launch"":{""Announced"":""2023, May 18"",""Status"":""Available. Released 2023, May 22""},""Main Camera"":{""Features"":null,""Specifications"":[],""Video"":[]},""Memory"":{""Card slot"":""microSDHC"",""Technology"":null,""Types"":[""Unspecified""]},""MobileName"":""Nokia 106 (2023)"",""Network"":{""2G"":1,""3G"":0,""4G"":0,""5G"":0},""Platform"":{""CPU"":null,""Chipset"":null,""GPU"":null,""OS"":null},""Price"":[80.0],""Selfie Camera"":{""Specifications"":[],""Video"":[]},""Sound"":{""3.5mm jack"":1,""Loudspeaker"":""Yes""},""Weight"":null}"
99699a2b7d31f74cc1f0c7e4a511c121c6ea7ae59220437d4a0c3b315a711ec5,original,https://www.gsmarena.com/nokia_106_4g_(2023)-12286.php,gsmarena.com/gsmarena__nokia_106_4g_(2023)-12286.php.json,2026-08-17T05:35:42+00:00,3a663870a48beb8f632c9d45e202463857a3a13a4e748c2c74f9c48ec08c5de7,"{""Battery"":{""Capacity"":""Li-Ion 1450 mAh, removable"",""Charging"":[],""WirelessCharging"":0},""Body"":{""Build"":null,""Dimensions"":""121.5 x 50 x 14.4 mm (4.78 x 1.97 x 0.57 in)"",""Protection"":""Flashlight | Splash resistant"",""SIM"":""· Nano-SIM | · Nano-SIM + Nano-SIM"",""Weight"":""93 g (3.28 oz)""},""Colors"":[""Charcoal"",""Ocean Blue""],""Display"":{""Protection"":null,""Resolution"":""120 x 160 pixels, 4:3 ratio (~111 ppi density)"",""Size"":""1.8 inches, 10.0 cm 2 (~16.5% screen-to-body ratio)"",""Type"":""IPS LCD""},""Features"":{""BackFingerPrint"":0,""Bluetooth"":""5.0, A2DP"",""InDisplayFingerPrint"":0,""Infrared port"":0,""NFC"":0,""Positioning"":""No"",""Radio"":1,""Sensors"":"""",""SideFingerPrint"":0,""USB"":""microUSB 2.0"",""WLAN"":""No""},""Launch"":{""Announced"":""2023, May 18"",""Status"":""Available. Released 2023, May 18""},""Main Camera"":{""Features"":null,""Specifications"":[],""Video"":[]},""Memory"":{""Card slot"":""microSDHC"",""Technology"":null,""Types"":[""Unspecified storage""]},""MobileName"":""Nokia 106 4G (2023)"",""Network"":{""2G"":1,""3G"":1,""4G"":1,""5G"":0},""Platform"":{""CPU"":null,""Chipset"":null,""GPU"":null,""OS"":null},""Price"":[30.0],""Selfie Camera"":{""Specifications"":[],""Video"":[]},""Sound"":{""3.5mm jack"":1,""Loudspeaker"":""Yes""},""Weight"":null}"
e2cd098900041be0afd5bb8c6b587e967ab6b2323e23efc89a89c13959036c4e,original,https://www.gsmarena.com/nokia_108_4g_(2024)-13482.php,gsmarena.com/gsmarena__nokia_108_4g_(2024)-13482.php.json,2026-08-13T18:00:27+00:00,56f9c77bf0a44973c9efcd9bbccf9eb2a1c261ef0d33160aab53b9b2d1f48e84,"{""Battery"":{""Capacity"":""Li-Ion 1450 mAh, removable"",""Charging"":[],""WirelessCharging"":0},""Body"":{""Build"":null,""Dimensions"":""126.1 x 50.5 x X.X mm"",""Protection"":""Flashlight"",""SIM"":""Nano-SIM + Nano-SIM"",""Weight"":""93 g (3.28 oz)""},""Colors"":[""Blue"",""Cyan"",""Pink""],""Display"":{""Protection"":null,""Resolution"":""240 x 320 pixels, 4:3 ratio (~200 ppi density)"",""Size"":""2.0 inches, 12.4 cm 2 (~19.5% screen-to-body ratio)"",""Type"":""TFT LCD, 65K colors""},""Features"":{""BackFingerPrint"":0,""Bluetooth"":""Yes"",""InDisplayFingerPrint"":0,""Infrared port"":0,""NFC"":0,""Positioning"":""No"",""Radio"":1,""Sensors"":"""",""SideFingerPrint"":0,""USB"":""USB Type-C"",""WLAN"":""No""},""Launch"":{""Announced"":""2024, October 27"",""Status"":""Available. Released 2024, November""},""Main Camera"":{""Features"":null,""Specifications"":[],""Video"":[]},""Memory"":{""Card slot"":""microSDHC"",""Technology"":null,""Types"":[]},""MobileName"":""Nokia 108 4G (2024)"",""Network"":{""2G"":1,""3G"":1,""4G"":1,""5G"":0},""Platform"":{""CPU"":null,""Chipset"":null,""GPU"":null,""OS"":null},""Price"":[],""Selfie Camera"":{""Specifications"":[],""Video"":[]},""Sound"":{""3.5mm jack"":1,""Loudspeaker"":""Yes""},""Weight"":null}"
079bebf62853188137f14b82cdd39edd3ed91e1994f8588f2a201908b8e3b2a8,original,https://www.gsmarena.com/nokia_110_(2022)-11741.php,gsmarena.com/gsmarena__nokia_110_(2022)-11741.php.json,2026-08-17T05:37:22+00:00,59b76f35383382c35e3cc64e6e890468d88e3808a3e299d64550361dbbd84a07,"{""Battery"":{""Capacity"":""Li-Ion 1000 mAh, removable"",""Charging"":[],""WirelessCharging"":0},""Body"":{""Build"":null,""Dimensions"":""-"",""Protection"":""Flashlight"",""SIM"":""Dual SIM (Mini-SIM, dual stand-by)"",""Weight"":""-""},""Colors"":[""Rose Gold"",""Cyan"",""Charcoal""],""Display"":{""Protection"":null,""Resolution"":""120 x 160 pixels, 4:3 ratio (~113 ppi density)"",""Size"":""1.77 inches, 9.7 cm 2 (~16.9% screen-to-body ratio)"",""Type"":""TFT LCD, 65K colors""},""Features"":{""BackFingerPrint"":0,""Bluetooth"":""No"",""InDisplayFingerPrint"":0,""Infrared port"":0,""NFC"":0,""Positioning"":""No"",""Radio"":1,""Sensors"":"""",""SideFingerPrint"":0,""USB"":""microUSB 2.0"",""WLAN"":""No""},""Launch"":{""Announced"":""2022, August 05"",""Status"":""Available. Released 2022, August 15""},""Main Camera"":{""Features"":null,""Specifications"":[""QVGA""],""Video"":[""Yes""]},""Memory"":{""Card slot"":""microSDHC"",""Technology"":null,""Types"":[""32MB"",""4MB RAM""]},""MobileName"":""Nokia 110 (2022)"",""Network"":{""2G"":1,""3G"":0,""4G"":0,""5G"":0},""Platform"":{""CPU"":null,""Chipset"":null,""GPU"":null,""OS"":null},""Price"":[20.0],""Selfie Camera"":{""Specifications"":[],""Video"":[]},""Sound"":{""3.5mm jack"":1,""Loudspeaker"":""Yes""},""Weight"":null}"
27107a35abd98e4924bd16e620d210e2cc1dd616c8f5078b239587008e2642c8,original,https://www.gsmarena.com/nokia_110_(2023)-12284.php,gsmarena.com/gsmarena__nokia_110_(2023)-12284.php.json,2026-08-17T05:34:22+00:00,a4f8b99268a44c2f8b9b1012090e358dd3db02db4be13b6f89f8fe6c04c97dfa,"{""Battery"":{""Capacity"":""Li-Ion 1000 mAh"",""Charging"":[],""WirelessCharging"":0},""Body"":{""Build"":null,""Dimensions"":""115.1 x 49.4 x 14.5 mm (4.53 x 1.94 x 0.57 in)"",""Protection"":""Flashlight | Splash resistant"",""SIM"":""Single SIM (Mini-SIM) or Dual SIM (Mini-SIM, dual stand-by)"",""Weight"":""79.6 g (2.82 oz)""},""Colors"":[""Charcoal"",""Cloudy Blue""],""Display"":{""Protection"":null,""Resolution"":""120 x 160 pixels, 4:3 ratio (~111 ppi density)"",""Size"":""1.8 inches, 10.0 cm 2 (~17.6% screen-to-body ratio)"",""Type"":""TFT LCD, 65K colors""},""Features"":{""BackFingerPrint"":0,""Bluetooth"":""No"",""InDisplayFingerPrint"":0,""Infrared port"":0,""NFC"":0,""Positioning"":""No"",""Radio"":1,""Sensors"":"""",""SideFingerPrint"":0,""USB"":""microUSB 1.1"",""WLAN"":""No""},""Launch"":{""Announced"":""2023, May 18"",""Status"":""Available. Released 2023, June 01""},""Main Camera"":{""Features"":null,""Specifications"":[""QVGA""],""Video"":[]},""Memory"":{""Card slot"":""microSDHC"",""Technology"":null,""Types"":[""Unspecified""]},""MobileName"":""Nokia 110 (2023)"",""Network"":{""2G"":1,""3G"":0,""4G"":0,""5G"":0},""Platform"":{""CPU"":null,""Chipset"":null,""GPU"":null,""OS"":null},""Price"":[50.0],""Selfie Camera"":{""Specifications"":[],""Video"":[]},""Sound"":{""3.5mm jack"":0,""Loudspeaker"":""Yes""},""Weight"":null}"
1a1fc9af93d0effd2f4a48623e5cb049404cb7527963f1348b059dc8527baa2a,original,https://www.gsmarena.com/nokia_110_4g_(2023)-12285.php,gsmarena.com/gsmarena__nokia_110_4g_(2023)-12285.php.json,2026-08-17T05:34:17+00:00,d7573d8b98bcd2f01b90be042525e8765a3f378a1f23cc2bc42fb6965ad70813,"{""Battery"":{""Capacity"":""Li-Ion 1450 mAh"",""Charging"":[],""WirelessCharging"":0},""Body"":{""Build"":null,""Dimensions"":""121.5 x 50 x 14.4 mm (4.78 x 1.97 x 0.57 in)"",""Protection"":""Flashlight | Splash resistant"",""SIM"":""· Nano-SIM | · Nano-SIM + Nano-SIM"",""Weight"":""94.5 g (3.35 oz)""},""Colors"":[""Midnight Blue"",""Arctic Purple""],""Display"":{""Protection"":null,""Resolution"":""120 x 160 pixels, 4:3 ratio (~111 ppi density)"",""Size"":""1.8 inches, 10.0 cm 2 (~16.5% screen-to-body ratio)"",""Type"":""TFT LCD, 65K colors""},""Features"":{""BackFingerPrint"":0,""Bluetooth"":""5.0, A2DP"",""InDisplayFingerPrint"":0,""Infrared port"":0,""NFC"":0,""Positioning"":""No"",""Radio"":1,""Sensors"":"""",""SideFingerPrint"":0,""USB"":""microUSB 2.0"",""WLAN"":""No""},""Launch"":{""Announced"":""2023, May 18"",""Status"":""Available. Released 2023, June""},""Main Camera"":{""Features"":null,""Specifications"":[""QVGA""],""Video"":[]},""Memory"":{""Card slot"":""microSDHC"",""Technology"":null,""Types"":[""Unspecified""]},""MobileName"":""Nokia 110 4G (2023)"",""Network"":{""2G"":1,""3G"":1,""4G"":1,""5G"":0},""Platform"":{""CPU"":null,""Chipset"":null,""GPU"":null,""OS"":null},""Price"":[40.0],""Selfie Camera"":{""Specifications"":[],""Video"":[]},""Sound"":{""3.5mm jack"":1,""Loudspeaker"":""Yes""},""Weight"":null}"
87e686bc0c1ccf2583f6d0eed2877c1714cdc1f5bad53219ff65ce60aaf8c3b3,original,https://www.gsmarena.com/nokia_110_4g_(2024)-13471.php,gsmarena.com/gsmarena__nokia_110_4g_(2024)-13471.php.json,2026-08-13T18:00:34+00:00,30e114e2e69157882e96560d69191a3b1607e1bc57082dc852e765bf8b52b413,"{""Battery"":{""Capacity"":""Li-Ion 1000 mAh, removable"",""Charging"":[],""WirelessCharging"":0},""Body"":{""Build"":null,""Dimensions"":""-"",""Protection"":""Flashlight"",""SIM"":""Nano-SIM + Nano-SIM"",""Weight"":""-""},""Colors"":[""Blue"",""Titanium""],""Display"":{""Protection"":null,""Resolution"":""240 x 320 pixels, 4:3 ratio (~200 ppi density)"",""Size"":""2.0 inches, 12.4 cm 2"",""Type"":""TFT LCD, 65K colors""},""Features"":{""BackFingerPrint"":0,""Bluetooth"":""Yes"",""InDisplayFingerPrint"":0,""Infrared port"":0,""NFC"":0,""Positioning"":""No"",""Radio"":1,""Sensors"":"""",""SideFingerPrint"":0,""USB"":""USB Type-C"",""WLAN"":""No""},""Launch"":{""Announced"":""2024, October 28"",""Status"":""Available. Released 2024, November""},""Main Camera"":{""Features"":null,""Specifications"":[""Yes""],""Video"":[""Yes""]},""Memory"":{""Card slot"":""microSDHC"",""Technology"":null,""Types"":[""64MB 128MB RAM""]},""MobileName"":""Nokia 110 4G (2024)"",""Network"":{""2G"":1,""3G"":1,""4G"":1,""5G"":0},""Platform"":{""CPU"":null,""Chipset"":null,""GPU"":null,""OS"":null},""Price"":[],""Selfie Camera"":{""Specifications"":[],""Video"":[]},""Sound"":{""3.5mm jack"":1,""Loudspeaker"":""Yes""},""Weight"":null}"
82123ce0b6d08cc728fcc10094cf54b39979efa902316c06be96093b40a627e4,original,https://www.gsmarena.com/nokia_110_4g_2nd_edition-13584.php,gsmarena.com/gsmarena__nokia_110_4g_2nd_edition-13584.php.json,2026-08-13T18:00:13+00:00,dccbdd26c79abded8af9fdfd155db58e890aef2cf4fd40228257b3893e1aff03,"{""Battery"":{""Capacity"":""Li-Ion 1450 mAh, removable"",""Charging"":[],""WirelessCharging"":0},""Body"":{""Build"":null,""Dimensions"":""121.5 x 50 x 14.4 mm (4.78 x 1.97 x 0.57 in)"",""Protection"":""Flashlight | IP54 dust protected and water resistant (water splashes)"",""SIM"":""· Nano-SIM | · Nano-SIM + Nano-SIM"",""Weight"":""94.5 g (3.35 oz)""},""Colors"":[""Midnight Blue"",""Arctic Purple""],""Display"":{""Protection"":null,""Resolution"":""120 x 160 pixels, 4:3 ratio (~111 ppi density)"",""Size"":""1.8 inches, 10.0 cm 2 (~16.5% screen-to-body ratio)"",""Type"":""IPS LCD""},""Features"":{""BackFingerPrint"":0,""Bluetooth"":""5.0, A2DP"",""InDisplayFingerPrint"":0,""Infrared port"":0,""NFC"":0,""Positioning"":""No"",""Radio"":1,""Sensors"":"""",""SideFingerPrint"":0,""USB"":""USB Type-C"",""WLAN"":""No""},""Launch"":{""Announced"":""2024, December"",""Status"":""Available. Released 2024, December""},""Main Camera"":{""Features"":null,""Specifications"":[""QVGA""],""Video"":[""Yes""]},""Memory"":{""Card slot"":""microSDHC"",""Technology"":null,""Types"":[""48MB 128MB RAM""]},""MobileName"":""Nokia 110 4G 2nd Edition"",""Network"":{""2G"":1,""3G"":1,""4G"":1,""5G"":0},""Platform"":{""CPU"":null,""Chipset"":null,""GPU"":null,""OS"":null},""Price"":[60.0],""Selfie Camera"":{""Specifications"":[],""Video"":[]},""Sound"":{""3.5mm jack"":1,""Loudspeaker"":""Yes""},""Weight"":null}"
c1e193f391b37122ffb17432aaa8e068e5b625e25f3c37924fc74b902b9f07e6,original,https://www.gsmarena.com/nokia_110_power-14481.php,gsmarena.com/gsmarena__nokia_110_power-14481.php.json,2026-08-13T17:59:54+00:00,fb6fa12aa9e33fa5e06a607852a36ff00d69e4fd1c537719123ef0012867531e,"{""Battery"":{""Capacity"":""1750 mAh, removable"",""Charging"":[],""WirelessCharging"":0},""Body"":{""Build"":null,""Dimensions"":""117.7 x 50 x 14.2 mm (4.63 x 1.97 x 0.56 in)"",""Protection"":null,""SIM"":""Dual SIM (Mini-SIM, dual stand-by)"",""Weight"":""88 g (3.10 oz)""},""Colors"":[""Gray"",""Blue"",""Purple""],""Display"":{""Protection"":null,""Resolution"":""120 x 160 pixels, 4:3 ratio (~100 ppi density)"",""Size"":""2.0 inches, 12.4 cm 2 (~21.0% screen-to-body ratio)"",""Type"":""TFT""},""Features"":{""BackFingerPrint"":0,""Bluetooth"":""No"",""InDisplayFingerPrint"":0,""Infrared port"":0,""NFC"":0,""Positioning"":""No"",""Radio"":1,""Sensors"":"""",""SideFingerPrint"":0,""USB"":""microUSB"",""WLAN"":""No""},""Launch"":{""Announced"":""2026, February"",""Status"":""Available. Released 2026, February""},""Main Camera"":{""Features"":null,""Specifications"":[],""Video"":[""No""]},""Memory"":{""Card slot"":""microSDHC"",""Technology"":null,""Types"":[""4 MB 4 MB RAM""]},""MobileName"":""Nokia 110 Power"",""Network"":{""2G"":1,""3G"":0,""4G"":0,""5G"":0},""Platform"":{""CPU"":null,""Chipset"":null,""GPU"":null,""OS"":null},""Price"":[20.0],""Selfie Camera"":{""Specifications"":[],""Video"":[]},""Sound"":{""3.5mm jack"":1,""Loudspeaker"":""Yes""},""Weight"":null}"
2a916ba6d224fbfaa044bfb5805e4ab5bbf17974e63a93cc6f2b93ca842501be,original,https://www.gsmarena.com/nokia_123_shield-14818.php,gsmarena.com/gsmarena__nokia_123_shield-14818.php.json,2026-08-13T17:59:07+00:00,5e99b3baf2e21b643d55e318132e863651d8b6e2b5fa8ac1dfca6af3403b75ab,"{""Battery"":{""Capacity"":""1750 mAh, removable"",""Charging"":[],""WirelessCharging"":0},""Body"":{""Build"":null,""Dimensions"":""132.7 x 57 x 15 mm (5.22 x 2.24 x 0.59 in)"",""Protection"":""IP65 dust tight and water resistant (low pressure water jets)"",""SIM"":""Dual SIM (Mini-SIM, dual stand-by)"",""Weight"":""108 g (3.81 oz)""},""Colors"":[""Green"",""Purple""],""Display"":{""Protection"":null,""Resolution"":""240 x 320 pixels, 4:3 ratio (~167 ppi density)"",""Size"":""2.4 inches, 17.8 cm 2 (~23.6% screen-to-body ratio)"",""Type"":""TFT""},""Features"":{""BackFingerPrint"":0,""Bluetooth"":""Unspecified"",""InDisplayFingerPrint"":0,""Infrared port"":0,""NFC"":0,""Positioning"":""No"",""Radio"":1,""Sensors"":"""",""SideFingerPrint"":0,""USB"":""USB Type-C"",""WLAN"":""No""},""Launch"":{""Announced"":""2026, July"",""Status"":""Available. Released 2026, July""},""Main Camera"":{""Features"":""LED flash"",""Specifications"":[],""Video"":[""No""]},""Memory"":{""Card slot"":""microSDHC"",""Technology"":null,""Types"":[""4 MB 4 MB RAM""]},""MobileName"":""Nokia 123 Shield"",""Network"":{""2G"":1,""3G"":0,""4G"":0,""5G"":0},""Platform"":{""CPU"":null,""Chipset"":""Unisoc SC6531E"",""GPU"":null,""OS"":null},""Price"":[40.0],""Selfie Camera"":{""Specifications"":[],""Video"":[]},""Sound"":{""3.5mm jack"":1,""Loudspeaker"":""Yes""},""Weight"":null}"
cd426a222853b11fd9ef588e8b3e127886de0668848414d73337d5df21635253,original,https://www.gsmarena.com/nokia_130_(2023)-12464.php,gsmarena.com/gsmarena__nokia_130_(2023)-12464.php.json,2026-08-13T18:01:51+00:00,f2301865f7781d6df46b734f05b8ae1ebcbb5b61c06e7a24da35c3354cc0b2d3,"{""Battery"":{""Capacity"":""Li-Ion 1450 mAh, removable"",""Charging"":[],""WirelessCharging"":0},""Body"":{""Build"":null,""Dimensions"":""130.9 x 50.6 x 14 mm (5.15 x 1.99 x 0.55 in)"",""Protection"":""Flashlight"",""SIM"":""Dual SIM (Mini-SIM, dual stand-by)"",""Weight"":""98.2 g (3.46 oz)""},""Colors"":[""Dark Blue"",""Purple"",""Light Gold""],""Display"":{""Protection"":null,""Resolution"":""240 x 320 pixels, 4:3 ratio (~167 ppi density)"",""Size"":""2.4 inches, 17.8 cm 2 (~26.9% screen-to-body ratio)"",""Type"":""TFT LCD, 65K colors""},""Features"":{""BackFingerPrint"":0,""Bluetooth"":""No"",""InDisplayFingerPrint"":0,""Infrared port"":0,""NFC"":0,""Positioning"":""No"",""Radio"":1,""Sensors"":""No"",""SideFingerPrint"":0,""USB"":""microUSB 1.1"",""WLAN"":""No""},""Launch"":{""Announced"":""2023, August 10"",""Status"":""Available. Released 2023, August 10""},""Main Camera"":{""Features"":null,""Specifications"":[],""Video"":[]},""Memory"":{""Card slot"":""microSDHC"",""Technology"":null,""Types"":[""4MB""]},""MobileName"":""Nokia 130 (2023)"",""Network"":{""2G"":1,""3G"":0,""4G"":0,""5G"":0},""Platform"":{""CPU"":null,""Chipset"":null,""GPU"":null,""OS"":null},""Price"":[20.0],""Selfie Camera"":{""Specifications"":[],""Video"":[]},""Sound"":{""3.5mm jack"":1,""Loudspeaker"":""Yes""},""Weight"":null}"
f0ce1aaee4f5604ba2adf32bde0a3ef62364684777fd02e68d596a39e5d17856,original,https://www.gsmarena.com/nokia_130_music-13686.php,gsmarena.com/gsmarena__nokia_130_music-13686.php.json,2026-08-13T18:00:06+00:00,93b4fb3e21b3ef9da22dec95f4363162e6d078af02413794ee829fe31372bf7c,"{""Battery"":{""Capacity"":""2500 mAh, removable"",""Charging"":[],""WirelessCharging"":0},""Body"":{""Build"":null,""Dimensions"":""130.5 x 52.9 x 14.8 mm (5.14 x 2.08 x 0.58 in)"",""Protection"":""IP54 dust protected and water resistant (water splashes) - EU only"",""SIM"":""Dual SIM (Mini-SIM, dual stand-by)"",""Weight"":""83.1 g (2.93 oz)""},""Colors"":[""Dark Blue"",""Purple"",""Gray""],""Display"":{""Protection"":null,""Resolution"":""240 x 320 pixels, 4:3 ratio (~167 ppi density)"",""Size"":""2.4 inches, 17.8 cm 2 (~25.8% screen-to-body ratio)"",""Type"":""TN TFT""},""Features"":{""BackFingerPrint"":0,""Bluetooth"":""5.0, A2DP"",""InDisplayFingerPrint"":0,""Infrared port"":0,""NFC"":0,""Positioning"":""No"",""Radio"":1,""Sensors"":""No"",""SideFingerPrint"":0,""USB"":""USB Type-C 1.1"",""WLAN"":""No""},""Launch"":{""Announced"":""2025, March 02"",""Status"":""Available. Released 2025, March""},""Main Camera"":{""Features"":null,""Specifications"":[],""Video"":[]},""Memory"":{""Card slot"":""microSDHC"",""Technology"":null,""Types"":[""8MB 8MB RAM""]},""MobileName"":""Nokia 130 Music"",""Network"":{""2G"":1,""3G"":0,""4G"":0,""5G"":0},""Platform"":{""CPU"":null,""Chipset"":""Unisoc 6531F"",""GPU"":null,""OS"":null},""Price"":[],""Selfie Camera"":{""Specifications"":[],""Video"":[]},""Sound"":{""3.5mm jack"":1,""Loudspeaker"":""Yes""},""Weight"":null}"
74582963e4ead43ebefb992a2164a2aec5321596ad7f5d970d85909e0a7534bd,original,https://www.gsmarena.com/nokia_150_(2023)-12465.php,gsmarena.com/gsmarena__nokia_150_(2023)-12465.php.json,2026-08-13T18:01:44+00:00,23d81bff06d0b6bef60f8ae3a7a07074af1ee78916fbf935c2bd17d7a8d6feed,"{""Battery"":{""Capacity"":""Li-Ion 1450 mAh, removable"",""Charging"":[],""WirelessCharging"":0},""Body"":{""Build"":null,""Dimensions"":""131 x 50.6 x 15.2 mm (5.16 x 1.99 x 0.60 in)"",""Protection"":""Flashlight | Splash & dust resistant"",""SIM"":""Dual SIM (Mini-SIM, dual stand-by)"",""Weight"":""106.3 g (3.63 oz)""},""Colors"":[""Black"",""Cyan"",""Red""],""Display"":{""Protection"":null,""Resolution"":""240 x 320 pixels, 4:3 ratio (~167 ppi density)"",""Size"":""2.4 inches, 17.8 cm 2 (~26.9% screen-to-body ratio)"",""Type"":""TFT LCD, 65K colors""},""Features"":{""BackFingerPrint"":0,""Bluetooth"":""No"",""InDisplayFingerPrint"":0,""Infrared port"":0,""NFC"":0,""Positioning"":""No"",""Radio"":1,""Sensors"":""No"",""SideFingerPrint"":0,""USB"":""microUSB 1.1"",""WLAN"":""No""},""Launch"":{""Announced"":""2023, August 10"",""Status"":""Available. Released 2023, September""},""Main Camera"":{""Features"":""LED flash"",""Specifications"":[""VGA""],""Video"":[]},""Memory"":{""Card slot"":""microSDHC"",""Technology"":null,""Types"":[""4MB""]},""MobileName"":""Nokia 150 (2023)"",""Network"":{""2G"":1,""3G"":0,""4G"":0,""5G"":0},""Platform"":{""CPU"":null,""Chipset"":null,""GPU"":null,""OS"":null},""Price"":[60.0],""Selfie Camera"":{""Specifications"":[],""Video"":[]},""Sound"":{""3.5mm jack"":1,""Loudspeaker"":""Yes""},""Weight"":null}"
b5fbead6b8dcaeb63854ec50d90e5013ae02ccdcdda51c1cb70fd1d994bafc74,original,https://www.gsmarena.com/nokia_150_music-13688.php,gsmarena.com/gsmarena__nokia_150_music-13688.php.json,2026-08-13T18:00:01+00:00,88a816a0536fab3a8264835cf2760eebb5c39ebc438647619d5e397d56ae251e,"{""Battery"":{""Capacity"":""2500 mAh, removable"",""Charging"":[],""WirelessCharging"":0},""Body"":{""Build"":null,""Dimensions"":""130.5 x 52.9 x 14.8 mm (5.14 x 2.08 x 0.58 in)"",""Protection"":""IP54 dust protected and water resistant (water splashes) - EU only"",""SIM"":""Dual SIM (Mini-SIM, dual stand-by)"",""Weight"":""83.1 g (2.93 oz)""},""Colors"":[""Blue"",""Gray"",""Violet""],""Display"":{""Protection"":null,""Resolution"":""240 x 320 pixels, 4:3 ratio (~167 ppi density)"",""Size"":""2.4 inches, 17.8 cm 2 (~25.8% screen-to-body ratio)"",""Type"":""TN TFT""},""Features"":{""BackFingerPrint"":0,""Bluetooth"":""5.0, A2DP"",""InDisplayFingerPrint"":0,""Infrared port"":0,""NFC"":0,""Positioning"":""No"",""Radio"":1,""Sensors"":""No"",""SideFingerPrint"":0,""USB"":""USB Type-C 1.1"",""WLAN"":""No""},""Launch"":{""Announced"":""2025, March 02"",""Status"":""Available. Released 2025, March""},""Main Camera"":{""Features"":""LED flash"",""Specifications"":[""QVGA""],""Video"":[""Yes""]},""Memory"":{""Card slot"":""microSDHC"",""Technology"":null,""Types"":[""8MB 8MB RAM""]},""MobileName"":""Nokia 150 Music"",""Network"":{""2G"":1,""3G"":0,""4G"":0,""5G"":0},""Platform"":{""CPU"":null,""Chipset"":""Unisoc 6531F"",""GPU"":null,""OS"":null},""Price"":[],""Selfie Camera"":{""Specifications"":[],""Video"":[]},""Sound"":{""3.5mm jack"":1,""Loudspeaker"":""Yes""},""Weight"":null}"
1a409f0fccd421be7c4c860d05cc0dccebe5b7441e6d8571f4b3c6518d0494c0,original,https://www.gsmarena.com/nokia_200_4g-14776.php,gsmarena.com/gsmarena__nokia_200_4g-14776.php.json,2026-08-13T17:59:48+00:00,58e7a12385c4fe4229a85352d9fce28071b4c249218d236911d7f122f01f14fc,"{""Battery"":{""Capacity"":""Li-Ion 1450 mAh, removable"",""Charging"":[],""WirelessCharging"":0},""Body"":{""Build"":null,""Dimensions"":""126.1 x 50.5 x 14 mm (4.96 x 1.99 x 0.55 in)"",""Protection"":null,""SIM"":""Nano-SIM + Nano-SIM"",""Weight"":""92.3 g (3.28 oz)""},""Colors"":[""Black"",""Blue"",""Yellow""],""Display"":{""Protection"":null,""Resolution"":""240 x 320 pixels, 4:3 ratio (~167 ppi density)"",""Size"":""2.4 inches, 17.8 cm 2 (~28.0% screen-to-body ratio)"",""Type"":""TFT LCD""},""Features"":{""BackFingerPrint"":0,""Bluetooth"":""5.0, A2DP, LE"",""InDisplayFingerPrint"":0,""Infrared port"":0,""NFC"":0,""Positioning"":""No"",""Radio"":1,""Sensors"":""No"",""SideFingerPrint"":0,""USB"":""USB Type-C"",""WLAN"":""No""},""Launch"":{""Announced"":""2026, July 03"",""Status"":""Available. Released 2026, August""},""Main Camera"":{""Features"":null,""Specifications"":[],""Video"":[]},""Memory"":{""Card slot"":""microSDHC"",""Technology"":null,""Types"":[]},""MobileName"":""Nokia 200 4G"",""Network"":{""2G"":1,""3G"":1,""4G"":1,""5G"":0},""Platform"":{""CPU"":null,""Chipset"":null,""GPU"":null,""OS"":null},""Price"":[],""Selfie Camera"":{""Specifications"":[""0.3 MP""],""Video"":[]},""Sound"":{""3.5mm jack"":1,""Loudspeaker"":""Yes""},""Weight"":null}"
477b2d56e3fc58dcb3000a0d08d1a97b8c6f61c9371328d9aa3e06b099c26fa9,original,https://www.gsmarena.com/nokia_210_4g-14775.php,gsmarena.com/gsmarena__nokia_210_4g-14775.php.json,2026-08-13T17:59:42+00:00,95fc7f28fc63da2e7cd4b060f91204ba395314478c2e86d7baa0836f04b18173,"{""Battery"":{""Capacity"":""Li-Ion 1450 mAh, removable"",""Charging"":[],""WirelessCharging"":0},""Body"":{""Build"":null,""Dimensions"":""126.1 x 50.5 x 13 mm (4.96 x 1.99 x 0.51 in)"",""Protection"":null,""SIM"":""Nano-SIM + Nano-SIM"",""Weight"":""92.7 g (3.28 oz)""},""Colors"":[""Dark Blue"",""Silver""],""Display"":{""Protection"":null,""Resolution"":""240 x 320 pixels, 4:3 ratio (~167 ppi density)"",""Size"":""2.4 inches, 17.8 cm 2 (~28.0% screen-to-body ratio)"",""Type"":""TFT LCD""},""Features"":{""BackFingerPrint"":0,""Bluetooth"":""5.0, A2DP, LE"",""InDisplayFingerPrint"":0,""Infrared port"":0,""NFC"":0,""Positioning"":""No"",""Radio"":1,""Sensors"":""No"",""SideFingerPrint"":0,""USB"":""USB Type-C"",""WLAN"":""No""},""Launch"":{""Announced"":""2026, July 03"",""Status"":""Available. Released 2026, August""},""Main Camera"":{""Features"":null,""Specifications"":[""0.3 MP""],""Video"":[]},""Memory"":{""Card slot"":""microSDHC"",""Technology"":null,""Types"":[""128MB 64MB RAM""]},""MobileName"":""Nokia 210 4G"",""Network"":{""2G"":1,""3G"":1,""4G"":1,""5G"":0},""Platform"":{""CPU"":null,""Chipset"":null,""GPU"":null,""OS"":null},""Price"":[],""Selfie Camera"":{""Specifications"":[""0.3 MP""],""Video"":[]},""Sound"":{""3.5mm jack"":1,""Loudspeaker"":""Yes""},""Weight"":null}"
e378f8d1185629fd3cc760f5f29d8a739dd3d8aebab76b5a436baa58dbb6a77c,original,https://www.gsmarena.com/nokia_215_4g_(2024)-12969.php,gsmarena.com/gsmarena__nokia_215_4g_(2024)-12969.php.json,2026-08-13T18:01:08+00:00,ff458a4203fd5dd1449e7d9c46716aa8d672125bbae19cc6f600e0c4788354c1,"{""Battery"":{""Capacity"":""Li-Ion 1450 mAh, removable"",""Charging"":[],""WirelessCharging"":0},""Body"":{""Build"":null,""Dimensions"":""127.3 x 54.2 x 11.6 mm (5.01 x 2.13 x 0.46 in)"",""Protection"":""Flashlight"",""SIM"":""Nano-SIM + Nano-SIM"",""Weight"":""-""},""Colors"":[""Peach"",""Black"",""Dark Blue""],""Display"":{""Protection"":null,""Resolution"":""240 x 320 pixels, 4:3 ratio (~143 ppi density)"",""Size"":""2.8 inches, 24.3 cm 2 (~35.2% screen-to-body ratio)"",""Type"":""TFT LCD""},""Features"":{""BackFingerPrint"":0,""Bluetooth"":""5.0, A2DP, LE"",""InDisplayFingerPrint"":0,""Infrared port"":0,""NFC"":0,""Positioning"":""No"",""Radio"":1,""Sensors"":""No"",""SideFingerPrint"":0,""USB"":""USB Type-C"",""WLAN"":""No""},""Launch"":{""Announced"":""2024, April 30"",""Status"":""Available. Released 2024, May""},""Main Camera"":{""Features"":null,""Specifications"":[],""Video"":[]},""Memory"":{""Card slot"":""microSDHC"",""Technology"":null,""Types"":[""128MB 64MB RAM""]},""MobileName"":""Nokia 215 4G (2024)"",""Network"":{""2G"":1,""3G"":1,""4G"":1,""5G"":0},""Platform"":{""CPU"":""1.0 GHz Cortex-A7"",""Chipset"":""Unisoc T107 (22 nm)"",""GPU"":null,""OS"":null},""Price"":[],""Selfie Camera"":{""Specifications"":[],""Video"":[]},""Sound"":{""3.5mm jack"":1,""Loudspeaker"":""Yes""},""Weight"":null}"
414e572f80e95b15dc215756ba6a3f2bb0dbe71c90ecbe05757848f979a82dcf,original,https://www.gsmarena.com/nokia_215_4g_2nd_edition-14774.php,gsmarena.com/gsmarena__nokia_215_4g_2nd_edition-14774.php.json,2026-08-13T17:59:38+00:00,2a3034a48470da0e3de14aa11098424e255997936c71c3da54bdcc7b7ce25182,"{""Battery"":{""Capacity"":""Li-Ion 1450 mAh, removable"",""Charging"":[],""WirelessCharging"":0},""Body"":{""Build"":null,""Dimensions"":""128.8 x 55 x 12.8 mm (5.07 x 2.17 x 0.50 in)"",""Protection"":""Flashlight"",""SIM"":""Nano-SIM + Nano-SIM"",""Weight"":""104 g (3.67 oz)""},""Colors"":[""Black"",""Red""],""Display"":{""Protection"":null,""Resolution"":""240 x 320 pixels, 4:3 ratio (~143 ppi density)"",""Size"":""2.8 inches, 24.3 cm 2 (~34.3% screen-to-body ratio)"",""Type"":""TFT LCD""},""Features"":{""BackFingerPrint"":0,""Bluetooth"":""5.0, A2DP, LE"",""InDisplayFingerPrint"":0,""Infrared port"":0,""NFC"":0,""Positioning"":""No"",""Radio"":1,""Sensors"":""No"",""SideFingerPrint"":0,""USB"":""USB Type-C"",""WLAN"":""No""},""Launch"":{""Announced"":""2026, July 03"",""Status"":""Available. Released 2026, August""},""Main Camera"":{""Features"":null,""Specifications"":[],""Video"":[]},""Memory"":{""Card slot"":""microSDHC"",""Technology"":null,""Types"":[""128MB 64MB RAM""]},""MobileName"":""Nokia 215 4G (2026)"",""Network"":{""2G"":1,""3G"":1,""4G"":1,""5G"":0},""Platform"":{""CPU"":null,""Chipset"":null,""GPU"":null,""OS"":null},""Price"":[],""Selfie Camera"":{""Specifications"":[""0.3 MP""],""Video"":[]},""Sound"":{""3.5mm jack"":1,""Loudspeaker"":""Yes""},""Weight"":null}"
17aa50920cb88a59855b80731ba23957b80d4cc104e7c47df09646159d65a671,original,https://www.gsmarena.com/nokia_220_4g_(2024)-13167.php,gsmarena.com/gsmarena__nokia_220_4g_(2024)-13167.php.json,2026-08-13T18:00:46+00:00,2e3dff493e214ae76e3a4a5201fc0061f072d4e1616517ef66dc34323cdbc49f,"{""Battery"":{""Capacity"":""Li-Ion 1450 mAh, removable"",""Charging"":[],""WirelessCharging"":0},""Body"":{""Build"":null,""Dimensions"":""127.3 x 54.2 x 11.6 mm (5.01 x 2.13 x 0.46 in)"",""Protection"":""Flashlight"",""SIM"":""Nano-SIM + Nano-SIM"",""Weight"":""-""},""Colors"":[""Black"",""Peach""],""Display"":{""Protection"":null,""Resolution"":""240 x 320 pixels, 4:3 ratio (~143 ppi density)"",""Size"":""2.8 inches, 24.3 cm 2 (~35.2% screen-to-body ratio)"",""Type"":""TFT LCD""},""Features"":{""BackFingerPrint"":0,""Bluetooth"":""5.0, A2DP, LE"",""InDisplayFingerPrint"":0,""Infrared port"":0,""NFC"":0,""Positioning"":""No"",""Radio"":1,""Sensors"":""No"",""SideFingerPrint"":0,""USB"":""USB Type-C"",""WLAN"":""No""},""Launch"":{""Announced"":""2024, June 25"",""Status"":""Available. Released 2024, June 25""},""Main Camera"":{""Features"":null,""Specifications"":[],""Video"":[]},""Memory"":{""Card slot"":""microSDHC"",""Technology"":null,""Types"":[""128MB 64MB RAM""]},""MobileName"":""Nokia 220 4G (2024)"",""Network"":{""2G"":1,""3G"":1,""4G"":1,""5G"":0},""Platform"":{""CPU"":""1.0 GHz Cortex-A7"",""Chipset"":""Unisoc T107 (22 nm)"",""GPU"":null,""OS"":null},""Price"":[40.0],""Selfie Camera"":{""Specifications"":[],""Video"":[]},""Sound"":{""3.5mm jack"":1,""Loudspeaker"":""Yes""},""Weight"":null}"
14c368474ea29903cd3b89790f4ecd3a8711a3395b0618795a153fac85d1c4a4,original,https://www.gsmarena.com/nokia_225_4g_(2024)-12968.php,gsmarena.com/gsmarena__nokia_225_4g_(2024)-12968.php.json,2026-08-13T18:01:02+00:00,929b1c04a97e7cf18e5e6f5a63a88f3d6e1f1eca9787aa9849b092fa2f7a937d,"{""Battery"":{""Capacity"":""Li-Ion 1450 mAh, removable"",""Charging"":[],""WirelessCharging"":0},""Body"":{""Build"":null,""Dimensions"":""121.5 x 52 x 11.6 mm (4.78 x 2.05 x 0.46 in)"",""Protection"":null,""SIM"":""Nano-SIM + Nano-SIM"",""Weight"":""-""},""Colors"":[""Pink"",""Dark Blue""],""Display"":{""Protection"":null,""Resolution"":""240 x 320 pixels, 4:3 ratio (~167 ppi density)"",""Size"":""2.4 inches, 17.8 cm 2 (~28.2% screen-to-body ratio)"",""Type"":""TFT LCD""},""Features"":{""BackFingerPrint"":0,""Bluetooth"":""5.0, A2DP, LE"",""InDisplayFingerPrint"":0,""Infrared port"":0,""NFC"":0,""Positioning"":""No"",""Radio"":1,""Sensors"":""No"",""SideFingerPrint"":0,""USB"":""USB Type-C"",""WLAN"":""No""},""Launch"":{""Announced"":""2024, April 30"",""Status"":""Available. Released 2024, May""},""Main Camera"":{""Features"":""LED flash"",""Specifications"":[""0.3 MP""],""Video"":[""Yes""]},""Memory"":{""Card slot"":""microSDHC"",""Technology"":null,""Types"":[""128MB 64MB RAM""]},""MobileName"":""Nokia 225 4G (2024)"",""Network"":{""2G"":1,""3G"":1,""4G"":1,""5G"":0},""Platform"":{""CPU"":""1.0 GHz Cortex-A7"",""Chipset"":""Unisoc T107 (22 nm)"",""GPU"":null,""OS"":null},""Price"":[],""Selfie Camera"":{""Specifications"":[],""Video"":[]},""Sound"":{""3.5mm jack"":1,""Loudspeaker"":""Yes""},""Weight"":null}"
083d81c7ad3ca1a9762bcfbf0779a90b2ca42a7282db4e528cd0596c31e5263f,original,https://www.gsmarena.com/nokia_230_(2024)-12928.php,gsmarena.com/gsmarena__nokia_230_(2024)-12928.php.json,2026-08-13T18:01:26+00:00,d01959a57bbf4387dbaf989af25aae5c6879db014f262a57799f7c473ad9c8e1,"{""Battery"":{""Capacity"":""Li-Ion 1450 mAh, removable"",""Charging"":[],""WirelessCharging"":0},""Body"":{""Build"":""Aluminum back cover"",""Dimensions"":""124.6 x 53.4 x 10.9 mm (4.91 x 2.10 x 0.43 in)"",""Protection"":""Flashlight"",""SIM"":""Nano-SIM + Nano-SIM"",""Weight"":""-""},""Colors"":[""Black"",""White""],""Display"":{""Protection"":null,""Resolution"":""240 x 320 pixels, 4:3 ratio (~143 ppi density)"",""Size"":""2.8 inches, 24.3 cm 2 (~36.5% screen-to-body ratio)"",""Type"":""TFT LCD""},""Features"":{""BackFingerPrint"":0,""Bluetooth"":""5.0, A2DP, LE"",""InDisplayFingerPrint"":0,""Infrared port"":0,""NFC"":0,""Positioning"":""No"",""Radio"":1,""Sensors"":""No"",""SideFingerPrint"":0,""USB"":""USB Type-C"",""WLAN"":""No""},""Launch"":{""Announced"":""2024, April 11"",""Status"":""Available. Released 2024, April 26""},""Main Camera"":{""Features"":""LED flash"",""Specifications"":[""2 MP""],""Video"":[""Yes""]},""Memory"":{""Card slot"":""microSDHC"",""Technology"":null,""Types"":[""16MB 8MB RAM""]},""MobileName"":""Nokia 230 (2024)"",""Network"":{""2G"":1,""3G"":0,""4G"":0,""5G"":0},""Platform"":{""CPU"":null,""Chipset"":""Unisoc 6531F"",""GPU"":null,""OS"":null},""Price"":[70.0],""Selfie Camera"":{""Specifications"":[""2 MP""],""Video"":[""Yes""]},""Sound"":{""3.5mm jack"":1,""Loudspeaker"":""Yes""},""Weight"":null}"
c886e60da64a497faa5c6f874ca673af47d2c4206e28b5df9cc89286bd72de95,original,https://www.gsmarena.com/nokia_235_4g_(2024)-12967.php,gsmarena.com/gsmarena__nokia_235_4g_(2024)-12967.php.json,2026-08-13T18:00:58+00:00,9688964d69c3715a6298ab16183dd90f32dc2cbc736b616cd6adf4c2547ffbc0,"{""Battery"":{""Capacity"":""Li-Ion 1450 mAh, removable"",""Charging"":[],""WirelessCharging"":0},""Body"":{""Build"":null,""Dimensions"":""127.3 x 54.2 x 11.6 mm (5.01 x 2.13 x 0.46 in)"",""Protection"":null,""SIM"":""Nano-SIM + Nano-SIM"",""Weight"":""-""},""Colors"":[""Black"",""Blue"",""Purple""],""Display"":{""Protection"":null,""Resolution"":""240 x 320 pixels, 4:3 ratio (~143 ppi density)"",""Size"":""2.8 inches, 24.3 cm 2 (~35.2% screen-to-body ratio)"",""Type"":""TFT LCD""},""Features"":{""BackFingerPrint"":0,""Bluetooth"":""5.0, A2DP, LE"",""InDisplayFingerPrint"":0,""Infrared port"":0,""NFC"":0,""Positioning"":""No"",""Radio"":1,""Sensors"":""No"",""SideFingerPrint"":0,""USB"":""USB Type-C"",""WLAN"":""No""},""Launch"":{""Announced"":""2024, April 30"",""Status"":""Available. Released 2024, May""},""Main Camera"":{""Features"":""LED flash"",""Specifications"":[""2 MP""],""Video"":[""Yes""]},""Memory"":{""Card slot"":""microSDHC"",""Technology"":null,""Types"":[""128MB 64MB RAM""]},""MobileName"":""Nokia 235 4G (2024)"",""Network"":{""2G"":1,""3G"":1,""4G"":1,""5G"":0},""Platform"":{""CPU"":""1.0 GHz Cortex-A7"",""Chipset"":""Unisoc T107 (22 nm)"",""GPU"":null,""OS"":null},""Price"":[],""Selfie Camera"":{""Specifications"":[],""Video"":[]},""Sound"":{""3.5mm jack"":1,""Loudspeaker"":""Yes""},""Weight"":null}"
7db5502b805a17d224b2e8f4a0de13c6cfdd8a2064927462ef940ab6996ed2e6,original,https://www.gsmarena.com/nokia_235_4g_2nd_edition-14773.php,gsmarena.com/gsmarena__nokia_235_4g_2nd_edition-14773.php.json,2026-08-13T17:59:14+00:00,ca32bfb7ed49083b624b4c562671e01c251b9219e9ddcee7ba3b89d102555d09,"{""Battery"":{""Capacity"":""Li-Ion 1450 mAh, removable"",""Charging"":[],""WirelessCharging"":0},""Body"":{""Build"":null,""Dimensions"":""128.9 x 55.8 x 12.9 mm (5.07 x 2.20 x 0.51 in)"",""Protection"":null,""SIM"":""Nano-SIM + Nano-SIM"",""Weight"":""106 g (3.74 oz)""},""Colors"":[""Black"",""Blue""],""Display"":{""Protection"":null,""Resolution"":""240 x 320 pixels, 4:3 ratio (~143 ppi density)"",""Size"":""2.8 inches, 24.3 cm 2 (~33.8% screen-to-body ratio)"",""Type"":""TFT LCD""},""Features"":{""BackFingerPrint"":0,""Bluetooth"":""5.0, A2DP, LE"",""InDisplayFingerPrint"":0,""Infrared port"":0,""NFC"":0,""Positioning"":""No"",""Radio"":1,""Sensors"":""No"",""SideFingerPrint"":0,""USB"":""USB Type-C"",""WLAN"":""No""},""Launch"":{""Announced"":""2026, July 03"",""Status"":""Available. Released 2026, August""},""Main Camera"":{""Features"":""LED flash"",""Specifications"":[""2 MP""],""Video"":[""Yes""]},""Memory"":{""Card slot"":""microSDHC"",""Technology"":null,""Types"":[""128MB 64MB RAM""]},""MobileName"":""Nokia 235 4G (2026)"",""Network"":{""2G"":1,""3G"":1,""4G"":1,""5G"":0},""Platform"":{""CPU"":null,""Chipset"":null,""GPU"":null,""OS"":null},""Price"":[],""Selfie Camera"":{""Specifications"":[""0.3 MP""],""Video"":[]},""Sound"":{""3.5mm jack"":1,""Loudspeaker"":""Yes""},""Weight"":null}"
f49f570a353ad519eb7b4d2d215fb85f8907831b81983d4d599f77adbc46a353,original,https://www.gsmarena.com/nokia_2660_flip-11668.php,gsmarena.com/gsmarena__nokia_2660_flip-11668.php.json,2026-08-17T05:37:45+00:00,44cc67c16836ef1a7c7b447eab1b28fb29b7163f56cf6d44c599af22a6e6753a,"{""Battery"":{""Capacity"":""Li-Ion 1450 mAh, removable"",""Charging"":[""Compatible with a charging cradle""],""WirelessCharging"":0},""Body"":{""Build"":null,""Dimensions"":""-"",""Protection"":null,""SIM"":""· Nano-SIM | · Nano-SIM + Nano-SIM"",""Weight"":""123 g (4.34 oz)""},""Colors"":[""Gray"",""Blue"",""Red"",""Lush Green"",""Pop Pink""],""Display"":{""Protection"":null,""Resolution"":""240 x 320 pixels, 4:3 ratio (~143 ppi density)"",""Size"":""2.8 inches, 24.3 cm 2"",""Type"":""TFT LCD""},""Features"":{""BackFingerPrint"":0,""Bluetooth"":""4.2, A2DP"",""InDisplayFingerPrint"":0,""Infrared port"":0,""NFC"":0,""Positioning"":""No"",""Radio"":1,""Sensors"":"""",""SideFingerPrint"":0,""USB"":""microUSB 2.0"",""WLAN"":""No""},""Launch"":{""Announced"":""2022, July 12"",""Status"":""Available. Released 2022, July 28""},""Main Camera"":{""Features"":""LED flash"",""Specifications"":[""0.3 MP""],""Video"":[""Yes""]},""Memory"":{""Card slot"":""microSDHC"",""Technology"":null,""Types"":[""128MB 48MB RAM""]},""MobileName"":""Nokia 2660 Flip"",""Network"":{""2G"":1,""3G"":1,""4G"":1,""5G"":0},""Platform"":{""CPU"":""1.0 GHz Cortex-A7"",""Chipset"":""Unisoc T107 (22 nm)"",""GPU"":null,""OS"":null},""Price"":[70.0],""Selfie Camera"":{""Specifications"":[],""Video"":[]},""Sound"":{""3.5mm jack"":1,""Loudspeaker"":""Yes""},""Weight"":""0.36 W/kg (head) 1.48 W/kg (body)""}"
d60d842ac45ec4200396a3a74897827ed8356674be220aff9794761b79daa040,original,https://www.gsmarena.com/nokia_2760_flip-11670.php,gsmarena.com/gsmarena__nokia_2760_flip-11670.php.json,2026-08-17T05:37:41+00:00,fbf6303e54caa93e4abed60114396338acef393d76ff425c067b6b8f9b16c68d,"{""Battery"":{""Capacity"":""Li-Ion 1450 mAh, removable"",""Charging"":[],""WirelessCharging"":0},""Body"":{""Build"":null,""Dimensions"":""202.1 x 58 x 11.5 mm (7.96 x 2.28 x 0.45 in)"",""Protection"":null,""SIM"":""Nano-SIM"",""Weight"":""-""},""Colors"":[""Black""],""Display"":{""Protection"":null,""Resolution"":""240 x 320 pixels, 4:3 ratio (~143 ppi density)"",""Size"":""2.8 inches, 24.3 cm 2 (~20.7% screen-to-body ratio)"",""Type"":""TFT LCD""},""Features"":{""BackFingerPrint"":0,""Bluetooth"":""4.2, A2DP"",""InDisplayFingerPrint"":0,""Infrared port"":0,""NFC"":0,""Positioning"":""GPS"",""Radio"":0,""Sensors"":"""",""SideFingerPrint"":0,""USB"":""USB Type-C 2.0"",""WLAN"":""Wi-Fi 802.11 b/g/n (operator dependent)""},""Launch"":{""Announced"":""2022, March 03"",""Status"":""Available. Released 2022, March 03""},""Main Camera"":{""Features"":""LED flash"",""Specifications"":[""5 MP""],""Video"":[""Unspecified""]},""Memory"":{""Card slot"":""No"",""Technology"":null,""Types"":[""4GB 512MB RAM""]},""MobileName"":""Nokia 2760 Flip"",""Network"":{""2G"":1,""3G"":1,""4G"":1,""5G"":0},""Platform"":{""CPU"":""Quad-core 1.3 GHz Cortex-A7"",""Chipset"":null,""GPU"":null,""OS"":""KaiOS 3.1""},""Price"":[60.0],""Selfie Camera"":{""Specifications"":[],""Video"":[]},""Sound"":{""3.5mm jack"":1,""Loudspeaker"":""Yes""},""Weight"":null}"
c18e6431e2c86142fd6154d4d4aa98460e5db25e514742a5ed37ce07d553861f,original,https://www.gsmarena.com/nokia_2780_flip-11973.php,gsmarena.com/gsmarena__nokia_2780_flip-11973.php.json,2026-08-17T05:36:44+00:00,0fd06086fbbadb45ff4d09db70c349142eeb4ea9fa5209bba1165ab951e332eb,"{""Battery"":{""Capacity"":""Li-Ion 1450 mAh, removable"",""Charging"":[],""WirelessCharging"":0},""Body"":{""Build"":null,""Dimensions"":""202.1 x 58 x 11.5 mm (7.96 x 2.28 x 0.45 in)"",""Protection"":null,""SIM"":""Nano-SIM"",""Weight"":""131.2 g (4.62 oz)""},""Colors"":[""Red"",""Blue""],""Display"":{""Protection"":null,""Resolution"":""240 x 320 pixels, 4:3 ratio (~148 ppi density)"",""Size"":""2.7 inches, 22.6 cm 2 (~19.3% screen-to-body ratio)"",""Type"":""TFT LCD""},""Features"":{""BackFingerPrint"":0,""Bluetooth"":""4.2, A2DP"",""InDisplayFingerPrint"":0,""Infrared port"":0,""NFC"":0,""Positioning"":""GPS"",""Radio"":1,""Sensors"":"""",""SideFingerPrint"":0,""USB"":""USB Type-C 2.0"",""WLAN"":""Wi-Fi 802.11 b/g/n""},""Launch"":{""Announced"":""2022, November 03"",""Status"":""Available. Released 2022, November 15""},""Main Camera"":{""Features"":""LED flash"",""Specifications"":[""5 MP""],""Video"":[""Unspecified""]},""Memory"":{""Card slot"":""microSDHC (dedicated slot)"",""Technology"":null,""Types"":[""4GB 512MB RAM""]},""MobileName"":""Nokia 2780 Flip"",""Network"":{""2G"":1,""3G"":1,""4G"":1,""5G"":0},""Platform"":{""CPU"":""Quad-core 1.3 GHz Cortex-A53"",""Chipset"":""Qualcomm QM215 Snapdragon 215 (28 nm)"",""GPU"":""Adreno 308"",""OS"":""KaiOS 3.1""},""Price"":[90.0],""Selfie Camera"":{""Specifications"":[],""Video"":[]},""Sound"":{""3.5mm jack"":1,""Loudspeaker"":""Yes""},""Weight"":null}"
df2d424ec17f4792232f26b45e7154183dc07da24b8a38ab4ec80b30cb46ecd2,original,https://www.gsmarena.com/nokia_3210-12990.php,gsmarena.com/gsmarena__nokia_3210-12990.php.json,2026-08-13T18:00:52+00:00,fb610552d6f9a76ecaa0a2734f67faf424dc1101708f273ffc36809bb13eb968,"{""Battery"":{""Capacity"":""Li-Ion 1450 mAh, removable"",""Charging"":[],""WirelessCharging"":0},""Body"":{""Build"":""Plastic frame, plastic back"",""Dimensions"":""122 x 52 x 13.1 mm (4.80 x 2.05 x 0.52 in)"",""Protection"":null,""SIM"":""· Nano-SIM | · Nano-SIM + Nano-SIM"",""Weight"":""-""},""Colors"":[""Scuba Blue"",""Y2K Gold"",""Grunge Black""],""Display"":{""Protection"":null,""Resolution"":""240 x 320 pixels, 4:3 ratio (~167 ppi density)"",""Size"":""2.4 inches, 17.8 cm 2 (~28.1% screen-to-body ratio)"",""Type"":""TFT""},""Features"":{""BackFingerPrint"":0,""Bluetooth"":""5.0, A2DP"",""InDisplayFingerPrint"":0,""Infrared port"":0,""NFC"":0,""Positioning"":""No"",""Radio"":1,""Sensors"":"""",""SideFingerPrint"":0,""USB"":""USB Type-C"",""WLAN"":""No""},""Launch"":{""Announced"":""2024, May 07"",""Status"":""Available. Released 2024, May 07""},""Main Camera"":{""Features"":""LED flash"",""Specifications"":[""2 MP""],""Video"":[]},""Memory"":{""Card slot"":""microSDHC"",""Technology"":null,""Types"":[""128MB 64MB RAM""]},""MobileName"":""Nokia 3210"",""Network"":{""2G"":1,""3G"":1,""4G"":1,""5G"":0},""Platform"":{""CPU"":""1.0 GHz Cortex-A7"",""Chipset"":""Unisoc T107 (22 nm)"",""GPU"":null,""OS"":null},""Price"":[70.0],""Selfie Camera"":{""Specifications"":[],""Video"":[]},""Sound"":{""3.5mm jack"":1,""Loudspeaker"":""Yes""},""Weight"":null}"
074acd18ea5f3d0ffaa5ca41c311baf1275221cf6033550809e2cc74bc89d42f,original,https://www.gsmarena.com/nokia_5310_(2024)-12927.php,gsmarena.com/gsmarena__nokia_5310_(2024)-12927.php.json,2026-08-13T18:01:18+00:00,b788ceb140a400309514dc01135cc1362e303c7c9fcb04598e93093a1d98242c,"{""Battery"":{""Capacity"":""Li-Ion 1450 mAh, removable"",""Charging"":[],""WirelessCharging"":0},""Body"":{""Build"":null,""Dimensions"":""132 x 57 x 13.1 mm (5.20 x 2.24 x 0.52 in)"",""Protection"":""Dedicated hardware music keys"",""SIM"":""· Nano-SIM | · Nano-SIM + Nano-SIM"",""Weight"":""-""},""Colors"":[""White/Red"",""Black/Red""],""Display"":{""Protection"":null,""Resolution"":""240 x 320 pixels, 4:3 ratio (~143 ppi density)"",""Size"":""2.8 inches, 24.3 cm 2 (~32.3% screen-to-body ratio)"",""Type"":""IPS LCD""},""Features"":{""BackFingerPrint"":0,""Bluetooth"":""5.0, A2DP, LE"",""InDisplayFingerPrint"":0,""Infrared port"":0,""NFC"":0,""Positioning"":""No"",""Radio"":1,""Sensors"":"""",""SideFingerPrint"":0,""USB"":""USB Type-C"",""WLAN"":""No""},""Launch"":{""Announced"":""2024, April 11"",""Status"":""Available. Released 2024, April 26""},""Main Camera"":{""Features"":""LED flash"",""Specifications"":[""VGA""],""Video"":[""Yes""]},""Memory"":{""Card slot"":""microSDHC"",""Technology"":null,""Types"":[""16MB 8MB RAM""]},""MobileName"":""Nokia 5310 (2024)"",""Network"":{""2G"":1,""3G"":0,""4G"":0,""5G"":0},""Platform"":{""CPU"":null,""Chipset"":""Unisoc 6531F"",""GPU"":null,""OS"":null},""Price"":[60.0],""Selfie Camera"":{""Specifications"":[],""Video"":[]},""Sound"":{""3.5mm jack"":1,""Loudspeaker"":""Yes, with dual speakers""},""Weight"":null}"
c225878c308f380bb5d7505add34d5b60d93d7a2534020f47b61a5eb904af78a,original,https://www.gsmarena.com/nokia_5710_xpressaudio-11667.php,gsmarena.com/gsmarena__nokia_5710_xpressaudio-11667.php.json,2026-08-17T05:37:37+00:00,fdfefd3b5204b132cfc6611dd875affc0bad6e3b586b06e019aa060325d5c5ff,"{""Battery"":{""Capacity"":""Li-Ion 1450 mAh, removable"",""Charging"":[],""WirelessCharging"":0},""Body"":{""Build"":null,""Dimensions"":""138.9 x 57.7 x 16.2 mm (5.47 x 2.27 x 0.64 in)"",""Protection"":""Built-in wireless earbuds housed beneath a slider; charging from the phone"",""SIM"":""· Nano-SIM | · Nano-SIM + Nano-SIM"",""Weight"":""129.1 g (4.55 oz)""},""Colors"":[""Black/White"",""Red/White""],""Display"":{""Protection"":null,""Resolution"":""240 x 320 pixels, 4:3 ratio (~167 ppi density)"",""Size"":""2.4 inches, 17.8 cm 2 (~22.3% screen-to-body ratio)"",""Type"":""TFT LCD""},""Features"":{""BackFingerPrint"":0,""Bluetooth"":""5.0, A2DP, LE"",""InDisplayFingerPrint"":0,""Infrared port"":0,""NFC"":0,""Positioning"":""No"",""Radio"":1,""Sensors"":"""",""SideFingerPrint"":0,""USB"":""microUSB 2.0"",""WLAN"":""No""},""Launch"":{""Announced"":""2022, July 12"",""Status"":""Available. Released 2022, July 28""},""Main Camera"":{""Features"":""LED flash"",""Specifications"":[""0.3 MP""],""Video"":[""Unspecified""]},""Memory"":{""Card slot"":""microSDHC"",""Technology"":null,""Types"":[""128MB 48MB RAM""]},""MobileName"":""Nokia 5710 XpressAudio"",""Network"":{""2G"":1,""3G"":1,""4G"":1,""5G"":0},""Platform"":{""CPU"":""1.0 GHz Cortex-A7"",""Chipset"":""Unisoc T107 (22 nm)"",""GPU"":null,""OS"":null},""Price"":[70.0],""Selfie Camera"":{""Specifications"":[],""Video"":[]},""Sound"":{""3.5mm jack"":0,""Loudspeaker"":""Yes, with dual speakers""},""Weight"":""1.28 W/kg (head) 1.41 W/kg (body)""}"
0333124b6d005e1ee2ed06310d243866f3805ab05786d712379ccf2aaf7f4ad0,original,https://www.gsmarena.com/nokia_6310_(2024)-12926.php,gsmarena.com/gsmarena__nokia_6310_(2024)-12926.php.json,2026-08-13T18:01:13+00:00,0425b9d3220676d7337c157b56eb7189c7363fa8e2c4075c36cd659d96d105fc,"{""Battery"":{""Capacity"":""Li-Ion 1450 mAh, removable"",""Charging"":[],""WirelessCharging"":0},""Body"":{""Build"":null,""Dimensions"":""135.5 x 56 x 14.1 mm, 44.8 cc (5.33 x 2.20 x 0.56 in)"",""Protection"":null,""SIM"":""Nano-SIM + Nano-SIM"",""Weight"":""-""},""Colors"":[""Black"",""Green""],""Display"":{""Protection"":null,""Resolution"":""240 x 320 pixels, 4:3 ratio (~143 ppi density)"",""Size"":""2.8 inches, 24.3 cm 2 (~32.0% screen-to-body ratio)"",""Type"":""TFT LCD""},""Features"":{""BackFingerPrint"":0,""Bluetooth"":""5.0, A2DP, LE"",""InDisplayFingerPrint"":0,""Infrared port"":0,""NFC"":0,""Positioning"":""No"",""Radio"":1,""Sensors"":"""",""SideFingerPrint"":0,""USB"":""USB Type-C"",""WLAN"":""No""},""Launch"":{""Announced"":""2024, April 11"",""Status"":""Available. Released 2024, April 26""},""Main Camera"":{""Features"":""LED flash"",""Specifications"":[""VGA""],""Video"":[""Unspecified""]},""Memory"":{""Card slot"":""microSDHC"",""Technology"":null,""Types"":[""16MB 8MB RAM""]},""MobileName"":""Nokia 6310 (2024)"",""Network"":{""2G"":1,""3G"":0,""4G"":0,""5G"":0},""Platform"":{""CPU"":null,""Chipset"":""Unisoc 6531F"",""GPU"":null,""OS"":null},""Price"":[70.0],""Selfie Camera"":{""Specifications"":[],""Video"":[]},""Sound"":{""3.5mm jack"":1,""Loudspeaker"":""Yes""},""Weight"":null}"
9c75fc19967a4e42baa3e1351f4d23aad960eb28a3ef9c2432162cf6d29924c2,original,https://www.gsmarena.com/nokia_8210_4g-11666.php,gsmarena.com/gsmarena__nokia_8210_4g-11666.php.json,2026-08-17T05:37:31+00:00,825007bbe71fc69205d3059e054c2976c9513464c0bdf76da879023a690fef00,"{""Battery"":{""Capacity"":""Li-Ion 1450 mAh, removable"",""Charging"":[],""WirelessCharging"":0},""Body"":{""Build"":null,""Dimensions"":""131.3 x 56.2 x 13.8 mm (5.17 x 2.21 x 0.54 in)"",""Protection"":null,""SIM"":""· Nano-SIM | · Nano-SIM + Nano-SIM"",""Weight"":""107 g (3.77 oz)""},""Colors"":[""Sand"",""Blue"",""Red""],""Display"":{""Protection"":null,""Resolution"":""240 x 320 pixels, 4:3 ratio (~143 ppi density)"",""Size"":""2.8 inches, 24.3 cm 2 (~32.9% screen-to-body ratio)"",""Type"":""TFT LCD""},""Features"":{""BackFingerPrint"":0,""Bluetooth"":""5.0, A2DP, LE"",""InDisplayFingerPrint"":0,""Infrared port"":0,""NFC"":0,""Positioning"":""No"",""Radio"":1,""Sensors"":"""",""SideFingerPrint"":0,""USB"":""microUSB 2.0"",""WLAN"":""No""},""Launch"":{""Announced"":""2022, July 12"",""Status"":""Available. Released 2022, July 28""},""Main Camera"":{""Features"":""LED flash"",""Specifications"":[""0.3 MP""],""Video"":[""Unspecified""]},""Memory"":{""Card slot"":""microSDHC"",""Technology"":null,""Types"":[""128MB 48MB RAM""]},""MobileName"":""Nokia 8210 4G"",""Network"":{""2G"":1,""3G"":1,""4G"":1,""5G"":0},""Platform"":{""CPU"":""1.0 GHz Cortex-A7"",""Chipset"":""Unisoc T107 (22 nm)"",""GPU"":null,""OS"":null},""Price"":[170.0],""Selfie Camera"":{""Specifications"":[],""Video"":[]},""Sound"":{""3.5mm jack"":1,""Loudspeaker"":""Yes""},""Weight"":""0.98 W/kg (head) 1.43 W/kg (body)""}"
39244f66676e104d2d42c0aac399e85c2c506d6c1abe8f4cf7ed5df60abd4348,original,https://www.gsmarena.com/nokia_c02-12136.php,gsmarena.com/gsmarena__nokia_c02-12136.php.json,2026-08-17T05:36:33+00:00,c384b16a65fb079514f98fad0a032be6c74da314149756c9693812ba0d286d5a,"{""Battery"":{""Capacity"":""Li-Ion 3000 mAh, removable"",""Charging"":[],""WirelessCharging"":0},""Body"":{""Build"":""Plastic back, plastic frame"",""Dimensions"":""148.7 x 71.2 x 10 mm (5.85 x 2.80 x 0.39 in)"",""Protection"":""Splash and dust resistant"",""SIM"":""Nano-SIM + Nano-SIM"",""Weight"":""191 g (6.74 oz)""},""Colors"":[""Dark Cyan"",""Charcoal""],""Display"":{""Protection"":null,""Resolution"":""720 x 1440 pixels, 18:9 ratio (~295 ppi density)"",""Size"":""5.45 inches, 76.7 cm 2 (~72.4% screen-to-body ratio)"",""Type"":""IPS LCD""},""Features"":{""BackFingerPrint"":0,""Bluetooth"":""4.2, A2DP, LE"",""InDisplayFingerPrint"":0,""Infrared port"":0,""NFC"":0,""Positioning"":""GPS"",""Radio"":1,""Sensors"":""Accelerometer"",""SideFingerPrint"":0,""USB"":""microUSB 2.0"",""WLAN"":""Wi-Fi 802.11 b/g/n""},""Launch"":{""Announced"":""2023, February 23"",""Status"":""Available. Released 2023, May""},""Main Camera"":{""Features"":""LED flash, HDR"",""Specifications"":[""5 MP""],""Video"":[""720p@30fps""]},""Memory"":{""Card slot"":""microSDXC"",""Technology"":""eMMC 5.1"",""Types"":[""32GB 2GB RAM""]},""MobileName"":""Nokia C02"",""Network"":{""2G"":1,""3G"":1,""4G"":1,""5G"":0},""Platform"":{""CPU"":""Quad-core 1.4 GHz"",""Chipset"":null,""GPU"":null,""OS"":""Android 12 (Go edition)""},""Price"":[],""Selfie Camera"":{""Specifications"":[""2 MP""],""Video"":[""720p@30fps""]},""Sound"":{""3.5mm jack"":1,""Loudspeaker"":""Yes""},""Weight"":null}"
5ae57c38bbab459303f49aa01f8c54b61b7f4ddf3b1b47ff642e022c29ca89fb,original,https://www.gsmarena.com/nokia_c100-11628.php,gsmarena.com/gsmarena__nokia_c100-11628.php.json,2026-08-17T05:38:03+00:00,f7ca608d8b76d232b82f5693c5c02728d73f2429e4a9dec80153ea4cdb4067a6,"{""Battery"":{""Capacity"":""Li-Ion 3000 mAh, removable"",""Charging"":[],""WirelessCharging"":0},""Body"":{""Build"":null,""Dimensions"":""149.6 x 71.9 x 9.7 mm (5.89 x 2.83 x 0.38 in)"",""Protection"":""Splash protection"",""SIM"":""Nano-SIM"",""Weight"":""-""},""Colors"":[""Blue""],""Display"":{""Protection"":null,""Resolution"":""720 x 1440 pixels, 18:9 ratio (~295 ppi density)"",""Size"":""5.45 inches, 76.7 cm 2 (~71.3% screen-to-body ratio)"",""Type"":""IPS LCD""},""Features"":{""BackFingerPrint"":0,""Bluetooth"":""5.0, A2DP, LE"",""InDisplayFingerPrint"":0,""Infrared port"":0,""NFC"":0,""Positioning"":""GPS"",""Radio"":0,""Sensors"":""Accelerometer, proximity, barometer"",""SideFingerPrint"":0,""USB"":""USB Type-C 2.0"",""WLAN"":""Wi-Fi 802.11 b/g/n/ac""},""Launch"":{""Announced"":""2022, January 05"",""Status"":""Available. Released 2022, Q2""},""Main Camera"":{""Features"":""LED flash"",""Specifications"":[""8 MP, AF""],""Video"":[""1080p@30fps""]},""Memory"":{""Card slot"":""microSDXC (dedicated slot)"",""Technology"":""eMMC 5.1"",""Types"":[""32GB 3GB RAM""]},""MobileName"":""Nokia C100"",""Network"":{""2G"":1,""3G"":1,""4G"":1,""5G"":0},""Platform"":{""CPU"":""Quad-core 2.0 GHz Cortex-A53"",""Chipset"":""Mediatek MT6761 Helio A22 (12 nm)"",""GPU"":""PowerVR GE8320"",""OS"":""Android 12""},""Price"":[50.0],""Selfie Camera"":{""Specifications"":[""5 MP""],""Video"":[""720p""]},""Sound"":{""3.5mm jack"":1,""Loudspeaker"":""Yes""},""Weight"":null}"
771a45b9bdc3f2de731305249d966aab549b0c37ea1e5eeb0fbdf7374eec22f8,original,https://www.gsmarena.com/nokia_c110-12321.php,gsmarena.com/gsmarena__nokia_c110-12321.php.json,2026-08-17T05:34:12+00:00,93e691b5bb5aa743404837ad7eb847227176f2563b3081f1bd7318d45f995c58,"{""Battery"":{""Capacity"":""Li-Po 3000 mAh"",""Charging"":[""5W wired""],""WirelessCharging"":0},""Body"":{""Build"":""Glass front, plastic back, plastic frame"",""Dimensions"":""160.8 x 74 x 8.5 mm (6.33 x 2.91 x 0.33 in)"",""Protection"":""Splash and dust resistant"",""SIM"":""Nano-SIM"",""Weight"":""172 g (6.07 oz)""},""Colors"":[""Gray""],""Display"":{""Protection"":""Scratch-resistant glass"",""Resolution"":""720 x 1560 pixels, 19.5:9 ratio (~273 ppi density)"",""Size"":""6.3 inches, 97.4 cm 2 (~81.9% screen-to-body ratio)"",""Type"":""IPS LCD, 400 nits (typ)""},""Features"":{""BackFingerPrint"":0,""Bluetooth"":""5.0, A2DP"",""InDisplayFingerPrint"":0,""Infrared port"":0,""NFC"":0,""Positioning"":""GPS"",""Radio"":1,""Sensors"":""Accelerometer, proximity, barometer"",""SideFingerPrint"":0,""USB"":""USB Type-C 2.0"",""WLAN"":""Wi-Fi 802.11 b/g/n/ac, dual-band, hotspot""},""Launch"":{""Announced"":""2023, June 02"",""Status"":""Available. Released 2023, June 14""},""Main Camera"":{""Features"":""LED flash, HDR"",""Specifications"":[""13 MP, (wide), AF""],""Video"":[""1080p@30fps""]},""Memory"":{""Card slot"":""microSDXC (dedicated slot)"",""Technology"":""eMMC 5.1"",""Types"":[""32GB 3GB RAM""]},""MobileName"":""Nokia C110"",""Network"":{""2G"":1,""3G"":1,""4G"":1,""5G"":0},""Platform"":{""CPU"":""Octa-core (4x2.0 GHz Cortex-A53 & 4x1.5 GHz Cortex-A53)"",""Chipset"":""Mediatek MT6762 Helio P22 (12 nm)"",""GPU"":""PowerVR GE8320"",""OS"":""Android 12""},""Price"":[100.0],""Selfie Camera"":{""Specifications"":[""5 MP""],""Video"":[""Yes""]},""Sound"":{""3.5mm jack"":1,""Loudspeaker"":""Yes""},""Weight"":null}"
1133db2497caa79105b900d88ed0e46a52a58b56e7f8a5ab8bb39cd38ba639be,original,https://www.gsmarena.com/nokia_c12-12085.php,gsmarena.com/gsmarena__nokia_c12-12085.php.json,2026-08-17T05:36:39+00:00,09f75efb2312e2cfab2c026389b3a4f89112cd97076f20355af86a55d1aa0a20,"{""Battery"":{""Capacity"":""Li-Ion 3000 mAh, removable"",""Charging"":[],""WirelessCharging"":0},""Body"":{""Build"":""Glass front, plastic back, plastic frame"",""Dimensions"":""160.6 x 74.3 x 8.8 mm (6.32 x 2.93 x 0.35 in)"",""Protection"":""Splash resistant"",""SIM"":""Nano-SIM + Nano-SIM"",""Weight"":""177.4 g (6.24 oz)""},""Colors"":[""Dark Cyan"",""Charcoal"",""Light Mint""],""Display"":{""Protection"":""Scratch-resistant glass"",""Resolution"":""720 x 1600 pixels, 20:9 ratio (~278 ppi density)"",""Size"":""6.3 inches, 95.8 cm 2 (~80.3% screen-to-body ratio)"",""Type"":""IPS LCD""},""Features"":{""BackFingerPrint"":0,""Bluetooth"":""5.2, A2DP"",""InDisplayFingerPrint"":0,""Infrared port"":0,""NFC"":0,""Positioning"":""GPS"",""Radio"":1,""Sensors"":""Accelerometer, proximity"",""SideFingerPrint"":0,""USB"":""microUSB 2.0"",""WLAN"":""Wi-Fi 802.11 b/g/n""},""Launch"":{""Announced"":""2023, January 18"",""Status"":""Available. Released 2023, February 02""},""Main Camera"":{""Features"":""LED flash, HDR"",""Specifications"":[""8 MP, AF""],""Video"":[""Yes""]},""Memory"":{""Card slot"":""Unspecified"",""Technology"":""eMMC 5.1"",""Types"":[""64GB 2GB RAM"",""64GB 3GB RAM""]},""MobileName"":""Nokia C12"",""Network"":{""2G"":1,""3G"":1,""4G"":1,""5G"":0},""Platform"":{""CPU"":""Octa-core (4x1.6 GHz Cortex-A55 & 4x1.2 GHz Cortex-A55)"",""Chipset"":""Unisoc SC9863A1 (22 nm)"",""GPU"":""IMG8322"",""OS"":""Android 12 (Go edition)""},""Price"":[100.0],""Selfie Camera"":{""Specifications"":[""5 MP""],""Video"":[""720p""]},""Sound"":{""3.5mm jack"":1,""Loudspeaker"":""Yes""},""Weight"":null}"
39fe5f7c5c64a9d5204a8af6a0892c3f2415ac20ca74b93a3afe00135e762357,original,https://www.gsmarena.com/nokia_c12_plus-12210.php,gsmarena.com/gsmarena__nokia_c12_plus-12210.php.json,2026-08-17T05:36:08+00:00,cafef03b26891f288bbba9e2759f30d4768614c88c9925c05847889b2cec471c,"{""Battery"":{""Capacity"":""Li-Ion 4000 mAh, removable"",""Charging"":[],""WirelessCharging"":0},""Body"":{""Build"":""Glass front, plastic back, plastic frame"",""Dimensions"":""-"",""Protection"":null,""SIM"":""Nano-SIM + Nano-SIM"",""Weight"":""-""},""Colors"":[""Dark Cyan"",""Charcoal"",""Light Mint""],""Display"":{""Protection"":null,""Resolution"":""720 x 1520 pixels, 19:9 ratio (~267 ppi density)"",""Size"":""6.3 inches, 99.1 cm 2 (~83.0% screen-to-body ratio)"",""Type"":""IPS LCD""},""Features"":{""BackFingerPrint"":0,""Bluetooth"":""5.2, A2DP"",""InDisplayFingerPrint"":0,""Infrared port"":0,""NFC"":0,""Positioning"":""GPS"",""Radio"":1,""Sensors"":""Accelerometer, proximity"",""SideFingerPrint"":0,""USB"":""microUSB 2.0"",""WLAN"":""Wi-Fi 802.11 b/g/n""},""Launch"":{""Announced"":""2023, April 01"",""Status"":""Cancelled""},""Main Camera"":{""Features"":""LED flash, HDR"",""Specifications"":[""8 MP, AF""],""Video"":[""Yes""]},""Memory"":{""Card slot"":""microSDXC"",""Technology"":""eMMC 5.1"",""Types"":[""32GB 2GB RAM""]},""MobileName"":""Nokia C12 Plus"",""Network"":{""2G"":1,""3G"":1,""4G"":1,""5G"":0},""Platform"":{""CPU"":""Octa-core (4x1.6 GHz Cortex-A55 & 4x1.2 GHz Cortex-A55)"",""Chipset"":""Unisoc SC9863A1 (22 nm)"",""GPU"":""IMG8322"",""OS"":""Android 12 (Go edition)""},""Price"":[90.0],""Selfie Camera"":{""Specifications"":[""5 MP""],""Video"":[""720p""]},""Sound"":{""3.5mm jack"":1,""Loudspeaker"":""Yes""},""Weight"":null}"
21c9a043f7a318c8296ddfe2544b6febde1e97b35df4b6e388e8f3c62f2e2173,original,https://www.gsmarena.com/nokia_c12_pro-12184.php,gsmarena.com/gsmarena__nokia_c12_pro-12184.php.json,2026-08-17T05:36:12+00:00,0529275c20dc756fa866cc11f30fb3f1f61ee88f3cae0fecc9219cc5324482d0,"{""Battery"":{""Capacity"":""Li-Ion 4000 mAh, removable"",""Charging"":[""10W wired""],""WirelessCharging"":0},""Body"":{""Build"":""Glass front, plastic back, plastic frame"",""Dimensions"":""160.6 x 74.3 x 8.8 mm (6.32 x 2.93 x 0.35 in)"",""Protection"":""Splash resistant"",""SIM"":""Nano-SIM + Nano-SIM"",""Weight"":""177.4 g (6.24 oz)""},""Colors"":[""Dark Cyan"",""Charcoal"",""Light Mint""],""Display"":{""Protection"":""Scratch-resistant glass"",""Resolution"":""720 x 1600 pixels, 20:9 ratio (~278 ppi density)"",""Size"":""6.3 inches, 95.8 cm 2 (~80.3% screen-to-body ratio)"",""Type"":""IPS LCD""},""Features"":{""BackFingerPrint"":0,""Bluetooth"":""5.2, A2DP"",""InDisplayFingerPrint"":0,""Infrared port"":0,""NFC"":0,""Positioning"":""GPS"",""Radio"":1,""Sensors"":""Accelerometer, proximity"",""SideFingerPrint"":0,""USB"":""microUSB 2.0"",""WLAN"":""Wi-Fi 802.11 b/g/n""},""Launch"":{""Announced"":""2023, March 21"",""Status"":""Available. Released 2023, March 21""},""Main Camera"":{""Features"":""LED flash, HDR"",""Specifications"":[""8 MP, AF""],""Video"":[""Yes""]},""Memory"":{""Card slot"":""Unspecified"",""Technology"":""eMMC 5.1"",""Types"":[""64GB 2GB RAM"",""64GB 3GB RAM"",""64GB 4GB RAM""]},""MobileName"":""Nokia C12 Pro"",""Network"":{""2G"":1,""3G"":1,""4G"":1,""5G"":0},""Platform"":{""CPU"":""Octa-core (4x1.6 GHz Cortex-A55 & 4x1.2 GHz Cortex-A55)"",""Chipset"":""Unisoc SC9863A1 (22 nm)"",""GPU"":""IMG8322"",""OS"":""Android 12 (Go edition)""},""Price"":[80.0],""Selfie Camera"":{""Specifications"":[""5 MP""],""Video"":[""720p""]},""Sound"":{""3.5mm jack"":1,""Loudspeaker"":""Yes""},""Weight"":null}"
02727be98595b9c42dad69006785b9d0e2a2e2b693469c26f91a582bed4e57ba,original,https://www.gsmarena.com/nokia_c200-11629.php,gsmarena.com/gsmarena__nokia_c200-11629.php.json,2026-08-17T05:37:59+00:00,5d9708d706bd912be35e3ba4b10429615515b2b885cb783259990c7232efd22b,"{""Battery"":{""Capacity"":""Li-Ion 4000 mAh"",""Charging"":[""10W wired""],""WirelessCharging"":0},""Body"":{""Build"":null,""Dimensions"":""156.5 x 73.1 x 8.8 mm (6.16 x 2.88 x 0.35 in)"",""Protection"":""Splash protection"",""SIM"":""Nano-SIM"",""Weight"":""172.5 g (6.10 oz)""},""Colors"":[""Meteor Black""],""Display"":{""Protection"":null,""Resolution"":""720 x 1560 pixels, 19.5:9 ratio (~282 ppi density)"",""Size"":""6.09 inches, 91.0 cm 2 (~79.6% screen-to-body ratio)"",""Type"":""IPS LCD""},""Features"":{""BackFingerPrint"":0,""Bluetooth"":""5.0, A2DP, LE"",""InDisplayFingerPrint"":0,""Infrared port"":0,""NFC"":0,""Positioning"":""GPS"",""Radio"":1,""Sensors"":""Accelerometer, proximity, barometer"",""SideFingerPrint"":0,""USB"":""USB Type-C 2.0, OTG"",""WLAN"":""Wi-Fi 802.11 b/g/n/ac""},""Launch"":{""Announced"":""2022, January 05"",""Status"":""Available. Released 2022, Q2""},""Main Camera"":{""Features"":""LED flash"",""Specifications"":[""13 MP, AF""],""Video"":[""1080p@30fps""]},""Memory"":{""Card slot"":""microSDXC (dedicated slot)"",""Technology"":""eMMC 5.1"",""Types"":[""32GB 3GB RAM""]},""MobileName"":""Nokia C200"",""Network"":{""2G"":1,""3G"":1,""4G"":1,""5G"":0},""Platform"":{""CPU"":""Quad-core 2.0 GHz Cortex-A53"",""Chipset"":""Mediatek MT6761 Helio A22 (12 nm)"",""GPU"":""PowerVR GE8320"",""OS"":""Android 12""},""Price"":[60.0],""Selfie Camera"":{""Specifications"":[""8 MP""],""Video"":[""1080p@30fps""]},""Sound"":{""3.5mm jack"":1,""Loudspeaker"":""Yes""},""Weight"":null}"
5387dd573fe2da029fb445c52a409e1c3aba2cd89d925234283c493d66092be5,original,https://www.gsmarena.com/nokia_c21-11380.php,gsmarena.com/gsmarena__nokia_c21-11380.php.json,2026-08-17T05:38:15+00:00,9c58c4813f73d8dbb673f59e3af51cfd916d08f930465e2eb58e2bf6e894a8e4,"{""Battery"":{""Capacity"":""Li-Ion 3000 mAh, removable"",""Charging"":[],""WirelessCharging"":0},""Body"":{""Build"":""Glass front, aluminum frame, plastic back"",""Dimensions"":""169.9 x 77.9 x 8.8 mm (6.69 x 3.07 x 0.35 in)"",""Protection"":null,""SIM"":""· Nano-SIM | · Nano-SIM + Nano-SIM"",""Weight"":""195 g (6.88 oz)""},""Colors"":[""Dark Blue"",""Warm Gray""],""Display"":{""Protection"":null,""Resolution"":""720 x 1600 pixels, 20:9 ratio (~269 ppi density)"",""Size"":""6.52 inches, 102.6 cm 2 (~77.5% screen-to-body ratio)"",""Type"":""IPS LCD""},""Features"":{""BackFingerPrint"":0,""Bluetooth"":""4.2, A2DP"",""InDisplayFingerPrint"":0,""Infrared port"":0,""NFC"":0,""Positioning"":""GPS"",""Radio"":1,""Sensors"":""Fingerprint (rear-mounted), accelerometer, proximity"",""SideFingerPrint"":0,""USB"":""microUSB 2.0"",""WLAN"":""Wi-Fi 802.11 b/g/n""},""Launch"":{""Announced"":""2022, February 28"",""Status"":""Available. Released 2022, May 03""},""Main Camera"":{""Features"":""LED flash, HDR"",""Specifications"":[""8 MP""],""Video"":[""720p@30fps""]},""Memory"":{""Card slot"":""microSDXC (dedicated slot)"",""Technology"":""eMMC 5.1"",""Types"":[""32GB 2GB RAM"",""32GB 3GB RAM"",""64GB 3GB RAM""]},""MobileName"":""Nokia C21"",""Network"":{""2G"":1,""3G"":1,""4G"":1,""5G"":0},""Platform"":{""CPU"":""Octa-core (4x1.6 GHz Cortex-A55 & 4x1.2 GHz Cortex-A55)"",""Chipset"":""Unisoc SC9863A (28 nm)"",""GPU"":""IMG8322"",""OS"":""Android 11 (Go edition)""},""Price"":[70.0],""Selfie Camera"":{""Specifications"":[""5 MP""],""Video"":[""720p""]},""Sound"":{""3.5mm jack"":1,""Loudspeaker"":""Yes""},""Weight"":""0.43 W/kg (head) 1.55 W/kg (body)""}"
191dfbc3e80b695469d65d09f4535f0380c802be7cafa805a007435e59847333,original,https://www.gsmarena.com/nokia_c210-12472.php,gsmarena.com/gsmarena__nokia_c210-12472.php.json,2026-08-13T18:01:33+00:00,5681b75c22c12e4981dcc860508a88a3681789a0b55288bac2a184e997085b6a,"{""Battery"":{""Capacity"":""Li-Ion 3000 mAh"",""Charging"":[],""WirelessCharging"":0},""Body"":{""Build"":null,""Dimensions"":""159.5 x 73.9 x 8.6 mm (6.28 x 2.91 x 0.34 in)"",""Protection"":""Dust and splash resistant"",""SIM"":""Nano-SIM"",""Weight"":""167.8 g (5.93 oz)""},""Colors"":[""Gray""],""Display"":{""Protection"":""Corning Gorilla Glass 3"",""Resolution"":""720 x 1560 pixels, 19.5:9 ratio (~273 ppi density)"",""Size"":""6.3 inches, 97.4 cm 2 (~82.7% screen-to-body ratio)"",""Type"":""IPS LCD""},""Features"":{""BackFingerPrint"":0,""Bluetooth"":""5.0, A2DP, LE"",""InDisplayFingerPrint"":0,""Infrared port"":0,""NFC"":0,""Positioning"":""GPS"",""Radio"":1,""Sensors"":""Yes"",""SideFingerPrint"":0,""USB"":""USB Type-C 2.0, OTG"",""WLAN"":""Wi-Fi 802.11 b/g/n/ac""},""Launch"":{""Announced"":""2023, August 16"",""Status"":""Available. Released 2023, September 14""},""Main Camera"":{""Features"":""LED flash"",""Specifications"":[""13 MP, (wide), AF"",""Auxiliary lens""],""Video"":[""1080p@30fps""]},""Memory"":{""Card slot"":""microSDXC (dedicated slot)"",""Technology"":""eMMC 5.1"",""Types"":[""32GB 3GB RAM""]},""MobileName"":""Nokia C210"",""Network"":{""2G"":1,""3G"":1,""4G"":1,""5G"":0},""Platform"":{""CPU"":""Octa-core (4x2.0 GHz Kryo 260 Gold & 4x1.8 GHz Kryo 260 Silver)"",""Chipset"":""Qualcomm SM6115 Snapdragon 662 (11 nm)"",""GPU"":""Adreno 610"",""OS"":""Android 13""},""Price"":[190.0],""Selfie Camera"":{""Specifications"":[""5 MP""],""Video"":[""Yes""]},""Sound"":{""3.5mm jack"":1,""Loudspeaker"":""Yes""},""Weight"":null}"
551b56e9c0ef47f5a9837f3714decb26bc4cc0734ff16e1a23c7239c69cbcec3,original,https://www.gsmarena.com/nokia_c21_plus-11381.php,gsmarena.com/gsmarena__nokia_c21_plus-11381.php.json,2026-08-17T05:38:09+00:00,69e5a665d565adb416a8a35c8ec4acdd5bace855056e0692ac9c36f1edfdd02e,"{""Battery"":{""Capacity"":""Li-Ion 4000/5050 mAh"",""Charging"":[""10W wired""],""WirelessCharging"":0},""Body"":{""Build"":""Glass front, aluminum frame, plastic back"",""Dimensions"":""164.8 x 75.9 x 8.6 mm (6.49 x 2.99 x 0.34 in)"",""Protection"":""Splash protection"",""SIM"":""· Nano-SIM | · Nano-SIM + Nano-SIM"",""Weight"":""178 g or 191 g (6.28 oz)""},""Colors"":[""Dark Cyan"",""Warm Gray""],""Display"":{""Protection"":""Scratch-resistant glass"",""Resolution"":""720 x 1600 pixels, 20:9 ratio (~269 ppi density)"",""Size"":""6.52 inches, 102.6 cm 2 (~82.1% screen-to-body ratio)"",""Type"":""IPS LCD""},""Features"":{""BackFingerPrint"":0,""Bluetooth"":""4.2, A2DP"",""InDisplayFingerPrint"":0,""Infrared port"":0,""NFC"":0,""Positioning"":""GPS"",""Radio"":1,""Sensors"":""Fingerprint (rear-mounted), accelerometer, proximity"",""SideFingerPrint"":0,""USB"":""microUSB 2.0"",""WLAN"":""Wi-Fi 802.11 b/g/n""},""Launch"":{""Announced"":""2022, February 28"",""Status"":""Available. Released 2022, April 29""},""Main Camera"":{""Features"":""LED flash, HDR, panorama"",""Specifications"":[""13 MP, (wide), AF"",""Auxiliary lens""],""Video"":[""1080p@30fps""]},""Memory"":{""Card slot"":""microSDXC (dedicated slot)"",""Technology"":""eMMC 5.1"",""Types"":[""32GB 2GB RAM"",""32GB 3GB RAM"",""64GB 2GB RAM"",""64GB 3GB RAM"",""64GB 4GB RAM""]},""MobileName"":""Nokia C21 Plus"",""Network"":{""2G"":1,""3G"":1,""4G"":1,""5G"":0},""Platform"":{""CPU"":""Octa-core (4x1.6 GHz Cortex-A55 & 4x1.2 GHz Cortex-A55)"",""Chipset"":""Unisoc SC9863A (28 nm)"",""GPU"":""IMG8322"",""OS"":""Android 11 (Go edition)""},""Price"":[120.0],""Selfie Camera"":{""Specifications"":[""5 MP""],""Video"":[""720p""]},""Sound"":{""3.5mm jack"":1,""Loudspeaker"":""Yes""},""Weight"":""0.40 W/kg (head) 0.99 W/kg (body)""}"
e140f92e3a75494a5a2155f8ad19487fe03d4005013029673c14e570a46a62aa,original,https://www.gsmarena.com/nokia_c22-12138.php,gsmarena.com/gsmarena__nokia_c22-12138.php.json,2026-08-17T05:36:22+00:00,f948208f3f09457f7c048d41703ee7299b63d73da0d27b3af608fbe6e1ce9873,"{""Battery"":{""Capacity"":""Li-Po 5000 mAh"",""Charging"":[""10W wired""],""WirelessCharging"":0},""Body"":{""Build"":""Glass front, plastic back, plastic frame"",""Dimensions"":""164.6 x 75.9 x 8.6 mm (6.48 x 2.99 x 0.34 in)"",""Protection"":""Splash and dust resistant"",""SIM"":""· Nano-SIM | · Nano-SIM + Nano-SIM"",""Weight"":""190 g (6.70 oz)""},""Colors"":[""Sand"",""Midnight Black""],""Display"":{""Protection"":""Scratch-resistant glass"",""Resolution"":""720 x 1600 pixels, 20:9 ratio (~270 ppi density)"",""Size"":""6.5 inches, 102.0 cm 2 (~81.6% screen-to-body ratio)"",""Type"":""IPS LCD""},""Features"":{""BackFingerPrint"":0,""Bluetooth"":""5.2, A2DP"",""InDisplayFingerPrint"":0,""Infrared port"":0,""NFC"":0,""Positioning"":""GPS"",""Radio"":1,""Sensors"":""Fingerprint (rear-mounted), accelerometer, proximity"",""SideFingerPrint"":0,""USB"":""USB Type-C 2.0"",""WLAN"":""Wi-Fi 802.11 b/g/n""},""Launch"":{""Announced"":""2023, February 25"",""Status"":""Available. Released 2023, February 25""},""Main Camera"":{""Features"":""LED flash, HDR"",""Specifications"":[""13 MP, (wide), AF"",""2 MP (macro)""],""Video"":[""1080p@30fps""]},""Memory"":{""Card slot"":""microSDXC (dedicated slot)"",""Technology"":""eMMC 5.1"",""Types"":[""64GB 2GB RAM"",""64GB 3GB RAM"",""128GB 4GB RAM""]},""MobileName"":""Nokia C22"",""Network"":{""2G"":1,""3G"":1,""4G"":1,""5G"":0},""Platform"":{""CPU"":""Octa-core (4x1.6 GHz Cortex-A55 & 4x1.2 GHz Cortex-A55)"",""Chipset"":""Unisoc SC9863A (28 nm)"",""GPU"":""IMG8322"",""OS"":""Android 13 (Go edition)""},""Price"":[90.0],""Selfie Camera"":{""Specifications"":[""8 MP""],""Video"":[""Yes""]},""Sound"":{""3.5mm jack"":1,""Loudspeaker"":""Yes""},""Weight"":null}"
4e16899a112f575c5d67b59b4776823a71f639c707e70fb8be2e783ea76c925e,original,https://www.gsmarena.com/nokia_c2_2nd_edition-11382.php,gsmarena.com/gsmarena__nokia_c2_2nd_edition-11382.php.json,2026-08-17T05:38:32+00:00,75aa94491c368e114fa05ebeba5fdca513e7029853ad34a7de29ba94540d3a2f,"{""Battery"":{""Capacity"":""Li-Ion 2400 mAh, removable"",""Charging"":[],""WirelessCharging"":0},""Body"":{""Build"":""Glass front, plastic back, plastic frame"",""Dimensions"":""154 x 75.9 x 10 mm (6.06 x 2.99 x 0.39 in)"",""Protection"":null,""SIM"":""· Nano-SIM | · Nano-SIM + Nano-SIM"",""Weight"":""180 g (6.35 oz)""},""Colors"":[""Dark Blue"",""Warm Gray""],""Display"":{""Protection"":null,""Resolution"":""480 x 960 pixels, 18:9 ratio (~188 ppi density)"",""Size"":""5.7 inches, 83.8 cm 2 (~71.7% screen-to-body ratio)"",""Type"":""IPS LCD""},""Features"":{""BackFingerPrint"":0,""Bluetooth"":""5.0, A2DP, LE"",""InDisplayFingerPrint"":0,""Infrared port"":0,""NFC"":0,""Positioning"":""GPS"",""Radio"":1,""Sensors"":""Accelerometer"",""SideFingerPrint"":0,""USB"":""microUSB 2.0"",""WLAN"":""Wi-Fi 802.11 b/g/n""},""Launch"":{""Announced"":""2022, February 28"",""Status"":""Available. Released 2022, April 19""},""Main Camera"":{""Features"":""LED flash, panorama"",""Specifications"":[""5 MP""],""Video"":[""720p@30fps""]},""Memory"":{""Card slot"":""microSDXC (dedicated slot)"",""Technology"":""eMMC 5.1"",""Types"":[""16GB 2GB RAM"",""32GB 1GB RAM"",""32GB 2GB RAM""]},""MobileName"":""Nokia C2 2nd Edition"",""Network"":{""2G"":1,""3G"":1,""4G"":1,""5G"":0},""Platform"":{""CPU"":""Quad-core 1.5 GHz"",""Chipset"":null,""GPU"":null,""OS"":""Android 11 (Go edition)""},""Price"":[240.0],""Selfie Camera"":{""Specifications"":[""2 MP""],""Video"":[""720p""]},""Sound"":{""3.5mm jack"":1,""Loudspeaker"":""Yes""},""Weight"":""0.42 W/kg (head) 1.14 W/kg (body)""}"
1a7c9f92e0fdd251e38894d49a4eef8c778f81f895d43a437d2de814eadc29ba,original,https://www.gsmarena.com/nokia_c300-12322.php,gsmarena.com/gsmarena__nokia_c300-12322.php.json,2026-08-17T05:34:07+00:00,8d12df5dc1ca149449ffa5f0e7eaaee572fb626421f69e0d173ce1c51b930040,"{""Battery"":{""Capacity"":""Li-Po 4000 mAh"",""Charging"":[""10W wired""],""WirelessCharging"":0},""Body"":{""Build"":""Glass front, plastic back, plastic frame"",""Dimensions"":""166.7 x 76.6 x 8.6 mm (6.56 x 3.02 x 0.34 in)"",""Protection"":""Splash and dust resistant"",""SIM"":""Nano-SIM"",""Weight"":""190 g (6.70 oz)""},""Colors"":[""Blue""],""Display"":{""Protection"":""Scratch-resistant glass"",""Resolution"":""720 x 1600 pixels, 20:9 ratio (~269 ppi density)"",""Size"":""6.52 inches, 102.6 cm 2 (~80.4% screen-to-body ratio)"",""Type"":""IPS LCD, 400 nits (typ)""},""Features"":{""BackFingerPrint"":0,""Bluetooth"":""5.0, A2DP"",""InDisplayFingerPrint"":0,""Infrared port"":0,""NFC"":0,""Positioning"":""GPS"",""Radio"":1,""Sensors"":""Fingerprint (side-mounted), accelerometer, proximity, barometer"",""SideFingerPrint"":1,""USB"":""USB Type-C 2.0"",""WLAN"":""Wi-Fi 802.11 b/g/n/ac, dual-band, hotspot""},""Launch"":{""Announced"":""2023, June 02"",""Status"":""Available. Released 2023, June 14""},""Main Camera"":{""Features"":""LED flash, HDR, portrait, night"",""Specifications"":[""13 MP, (wide), AF"",""2 MP (macro)"",""Auxiliary lens""],""Video"":[""1080p@30fps""]},""Memory"":{""Card slot"":""microSDXC (dedicated slot)"",""Technology"":""eMMC 5.1"",""Types"":[""32GB 3GB RAM""]},""MobileName"":""Nokia C300"",""Network"":{""2G"":1,""3G"":1,""4G"":1,""5G"":0},""Platform"":{""CPU"":""Octa-core (4x2.0 GHz Kryo 260 Gold & 4x1.8 GHz Kryo 260 Silver)"",""Chipset"":""Qualcomm SM6115 Snapdragon 662 (11 nm)"",""GPU"":""Adreno 610"",""OS"":""Android 12""},""Price"":[60.0],""Selfie Camera"":{""Specifications"":[""8 MP""],""Video"":[""Yes""]},""Sound"":{""3.5mm jack"":1,""Loudspeaker"":""Yes""},""Weight"":null}"
af1137450ee69f5fb282a4f6304651786d21df7b89975efba708d86a792430a4,original,https://www.gsmarena.com/nokia_c31-11825.php,gsmarena.com/gsmarena__nokia_c31-11825.php.json,2026-08-17T05:37:06+00:00,cc317947785ecc4d9d9e2e9f4881c84a3a56e8b7d89703651130fa81e650e0af,"{""Battery"":{""Capacity"":""Li-Po 5050 mAh"",""Charging"":[""10W wired""],""WirelessCharging"":0},""Body"":{""Build"":""Glass front, plastic frame, plastic back"",""Dimensions"":""169.2 x 78 x 8.6 mm (6.66 x 3.07 x 0.34 in)"",""Protection"":""Splash resistant"",""SIM"":""Nano-SIM + Nano-SIM"",""Weight"":""200 g (7.05 oz)""},""Colors"":[""Charcoal"",""Mint"",""Cyan""],""Display"":{""Protection"":null,""Resolution"":""720 x 1600 pixels, 20:9 ratio (~260 ppi density)"",""Size"":""6.75 inches, 110.0 cm 2 (~83.4% screen-to-body ratio)"",""Type"":""IPS LCD""},""Features"":{""BackFingerPrint"":0,""Bluetooth"":""4.2, A2DP"",""InDisplayFingerPrint"":0,""Infrared port"":0,""NFC"":0,""Positioning"":""GPS"",""Radio"":1,""Sensors"":""Fingerprint (rear-mounted), accelerometer, proximity"",""SideFingerPrint"":0,""USB"":""microUSB 2.0, OTG"",""WLAN"":""Wi-Fi 802.11 b/g/n""},""Launch"":{""Announced"":""2022, September 01"",""Status"":""Available. Released 2022, September 01""},""Main Camera"":{""Features"":""LED flash, HDR"",""Specifications"":[""13 MP, (wide), AF"",""2 MP (macro)"",""Auxiliary lens""],""Video"":[""1080p@30fps""]},""Memory"":{""Card slot"":""microSDXC (dedicated slot)"",""Technology"":""eMMC 5.1"",""Types"":[""32GB 3GB RAM"",""64GB 4GB RAM"",""128GB 4GB RAM""]},""MobileName"":""Nokia C31"",""Network"":{""2G"":1,""3G"":1,""4G"":1,""5G"":0},""Platform"":{""CPU"":""Octa-core (4x1.6 GHz Cortex-A55 & 4x1.2 GHz Cortex-A55)"",""Chipset"":""Unisoc SC9863A (28 nm)"",""GPU"":""IMG8322"",""OS"":""Android 12""},""Price"":[130.0],""Selfie Camera"":{""Specifications"":[""5 MP""],""Video"":[""Yes""]},""Sound"":{""3.5mm jack"":1,""Loudspeaker"":""Yes""},""Weight"":""0.35 W/kg (head) 1.39 W/kg (body)""}"
de1e7816d4eade05fbd878e85fc4de0ebf66536295082766b364a294abb5e3e9,original,https://www.gsmarena.com/nokia_c32-12139.php,gsmarena.com/gsmarena__nokia_c32-12139.php.json,2026-08-17T05:36:18+00:00,c17b9f079ef12cd58a541dfdad3806e7354e3f59fa062a4b9ece0a4116363aa6,"{""Battery"":{""Capacity"":""Li-Po 5000 mAh"",""Charging"":[""10W wired""],""WirelessCharging"":0},""Body"":{""Build"":""Glass front, glass back, plastic frame"",""Dimensions"":""164.6 x 75.9 x 8.6 mm (6.48 x 2.99 x 0.34 in)"",""Protection"":""Splash and dust resistant"",""SIM"":""· Nano-SIM | · Nano-SIM + Nano-SIM"",""Weight"":""199.4 g (7.02 oz)""},""Colors"":[""Charcoal"",""Autumn Green"",""Beach Pink""],""Display"":{""Protection"":""Scratch-resistant glass"",""Resolution"":""720 x 1600 pixels, 20:9 ratio (~270 ppi density)"",""Size"":""6.5 inches, 102.0 cm 2 (~81.6% screen-to-body ratio)"",""Type"":""IPS LCD""},""Features"":{""BackFingerPrint"":0,""Bluetooth"":""5.2, A2DP"",""InDisplayFingerPrint"":0,""Infrared port"":0,""NFC"":0,""Positioning"":""GPS"",""Radio"":1,""Sensors"":""Fingerprint (side-mounted), accelerometer, proximity"",""SideFingerPrint"":1,""USB"":""USB Type-C 2.0"",""WLAN"":""Wi-Fi 802.11 b/g/n""},""Launch"":{""Announced"":""2023, February 25"",""Status"":""Available. Released 2023, February 25""},""Main Camera"":{""Features"":""LED flash, HDR"",""Specifications"":[""50 MP, (wide), AF"",""2 MP (macro)""],""Video"":[""1080p@30fps""]},""Memory"":{""Card slot"":""microSDXC (dedicated slot)"",""Technology"":""eMMC 5.1"",""Types"":[""64GB 3GB RAM"",""64GB 4GB RAM"",""128GB 4GB RAM"",""128GB 6GB RAM""]},""MobileName"":""Nokia C32"",""Network"":{""2G"":1,""3G"":1,""4G"":1,""5G"":0},""Platform"":{""CPU"":""Octa-core (4x1.6 GHz Cortex-A55 & 4x1.2 GHz Cortex-A55)"",""Chipset"":""Unisoc SC9863A1 (22 nm)"",""GPU"":""IMG8322"",""OS"":""Android 13""},""Price"":[100.0],""Selfie Camera"":{""Specifications"":[""8 MP""],""Video"":[""Yes""]},""Sound"":{""3.5mm jack"":1,""Loudspeaker"":""Yes""},""Weight"":null}"
35f77f147dbd57d4deed9cd0128194e3208461abecef5d40c1dab969fc851f64,original,https://www.gsmarena.com/nokia_g100-12373.php,gsmarena.com/gsmarena__nokia_g100-12373.php.json,2026-08-17T05:36:54+00:00,9a8dad67ee5915c218193e429be3d72b3793a5c890386da9d5a913325e2c68d8,"{""Battery"":{""Capacity"":""Li-Po 5000 mAh"",""Charging"":[""15W wired""],""WirelessCharging"":0},""Body"":{""Build"":""Glass front, plastic frame, plastic back"",""Dimensions"":""166.6 x 76.7 x 8.9 mm (6.56 x 3.02 x 0.35 in)"",""Protection"":null,""SIM"":""Nano-SIM"",""Weight"":""195.1 g (6.88 oz)""},""Colors"":[""Nordic Blue""],""Display"":{""Protection"":null,""Resolution"":""720 x 1600 pixels, 20:9 ratio (~269 ppi density)"",""Size"":""6.52 inches, 102.6 cm 2 (~80.3% screen-to-body ratio)"",""Type"":""IPS LCD""},""Features"":{""BackFingerPrint"":0,""Bluetooth"":""5.0, A2DP, LE"",""InDisplayFingerPrint"":0,""Infrared port"":0,""NFC"":0,""Positioning"":""GPS"",""Radio"":1,""Sensors"":""Fingerprint (side-mounted), accelerometer, gyro, proximity, barometer"",""SideFingerPrint"":1,""USB"":""USB Type-C 2.0, OTG"",""WLAN"":""Wi-Fi 802.11 b/g/n/ac, dual-band""},""Launch"":{""Announced"":""2022, September 22"",""Status"":""Available. Released 2022, October""},""Main Camera"":{""Features"":""LED flash, HDR, panorama"",""Specifications"":[""13 MP, f/1.8, (wide), AF"",""5 MP, f/2.2, 115˚ (ultrawide), 1/5.0\"""",""Auxiliary lens""],""Video"":[""1080p@30fps""]},""Memory"":{""Card slot"":""microSDXC"",""Technology"":null,""Types"":[""32GB 3GB RAM"",""128GB 4GB RAM""]},""MobileName"":""Nokia G100"",""Network"":{""2G"":1,""3G"":1,""4G"":1,""5G"":0},""Platform"":{""CPU"":""Octa-core (4x2.0 GHz Kryo 260 Gold & 4x1.8 GHz Kryo 260 Silver)"",""Chipset"":""Qualcomm SM6115 Snapdragon 662 (11 nm)"",""GPU"":""Adreno 610"",""OS"":""Android 12""},""Price"":[60.0],""Selfie Camera"":{""Specifications"":[""8 MP, f/2.0, (wide), 1/4.0\"", 1.12µm""],""Video"":[""1080p@30fps""]},""Sound"":{""3.5mm jack"":1,""Loudspeaker"":""Yes""},""Weight"":null}"
3e2ee0619ac946f41996e030a1a107336fa104390cc92c2a4f2f6a5363bf6649,original,https://www.gsmarena.com/nokia_g11-11358.php,gsmarena.com/gsmarena__nokia_g11-11358.php.json,2026-08-17T05:38:38+00:00,2d9734f291d94c6496bae4b848cb0539f60108a9e819c40880e3b49f29d33ecc,"{""Battery"":{""Capacity"":""Li-Po 5050 mAh"",""Charging"":[""18W wired"",""PD3.0""],""WirelessCharging"":0},""Body"":{""Build"":""Glass front, plastic frame, plastic back"",""Dimensions"":""164.6 x 75.9 x 8.5 mm (6.48 x 2.99 x 0.33 in)"",""Protection"":null,""SIM"":""· Nano-SIM | · Nano-SIM + Nano-SIM"",""Weight"":""189 g (6.67 oz)""},""Colors"":[""Charcoal"",""Ice""],""Display"":{""Protection"":null,""Resolution"":""720 x 1600 pixels, 20:9 ratio (~270 ppi density)"",""Size"":""6.5 inches, 102.0 cm 2 (~81.6% screen-to-body ratio)"",""Type"":""IPS LCD, 90Hz""},""Features"":{""BackFingerPrint"":0,""Bluetooth"":""5.0, A2DP, LE"",""InDisplayFingerPrint"":0,""Infrared port"":0,""NFC"":1,""Positioning"":""GPS, GLONASS, GALILEO"",""Radio"":1,""Sensors"":""Fingerprint (side-mounted), accelerometer, proximity"",""SideFingerPrint"":1,""USB"":""USB Type-C 2.0, OTG"",""WLAN"":""Wi-Fi 802.11 a/b/g/n/ac, dual-band, Wi-Fi Direct""},""Launch"":{""Announced"":""2022, February 15"",""Status"":""Available. Released 2022, March 24""},""Main Camera"":{""Features"":""LED flash"",""Specifications"":[""13 MP, PDAF"",""2 MP (macro)"",""Auxiliary lens""],""Video"":[""1080p@30fps""]},""Memory"":{""Card slot"":""microSDXC (dedicated slot)"",""Technology"":""eMMC 5.1"",""Types"":[""32GB 3GB RAM"",""64GB 3GB RAM"",""64GB 4GB RAM""]},""MobileName"":""Nokia G11"",""Network"":{""2G"":1,""3G"":1,""4G"":1,""5G"":0},""Platform"":{""CPU"":""Octa-core (2x1.6 GHz Cortex-A75 & 6x1.6 GHz Cortex-A55)"",""Chipset"":""Unisoc T606 (12 nm)"",""GPU"":""Mali-G57 MP1"",""OS"":""Android 11""},""Price"":[100.0],""Selfie Camera"":{""Specifications"":[""8 MP, (wide)""],""Video"":[""1080p@30fps""]},""Sound"":{""3.5mm jack"":1,""Loudspeaker"":""Yes""},""Weight"":""0.47 W/kg (head) 1.10 W/kg (body)""}"
ef4db945229b1d51889288131d7f66ef74b1e861a41b40ea6a2b7259d68ec122,original,https://www.gsmarena.com/nokia_g11_plus-11644.php,gsmarena.com/gsmarena__nokia_g11_plus-11644.php.json,2026-08-17T05:37:54+00:00,e329178bcaefdaa857a9091b7fe51d3791781199cd576e9ba816aaf5c3c31eba,"{""Battery"":{""Capacity"":""Li-Ion 5000 mAh"",""Charging"":[""10W wired""],""WirelessCharging"":0},""Body"":{""Build"":""Glass front, plastic frame, plastic back"",""Dimensions"":""164.8 x 75.9 x 8.6 mm (6.49 x 2.99 x 0.34 in)"",""Protection"":""Splash protection"",""SIM"":""· Nano-SIM | · Nano-SIM + Nano-SIM"",""Weight"":""192 g (6.77 oz)""},""Colors"":[""Lake Blue"",""Charcoal Grey""],""Display"":{""Protection"":null,""Resolution"":""720 x 1600 pixels, 20:9 ratio (~269 ppi density)"",""Size"":""6.52 inches, 102.6 cm 2 (~82.1% screen-to-body ratio)"",""Type"":""IPS LCD, 90Hz, 400 nits (typ)""},""Features"":{""BackFingerPrint"":0,""Bluetooth"":""5.0, A2DP, LE"",""InDisplayFingerPrint"":0,""Infrared port"":0,""NFC"":0,""Positioning"":""GPS"",""Radio"":1,""Sensors"":""Fingerprint (rear-mounted), accelerometer, proximity"",""SideFingerPrint"":0,""USB"":""USB Type-C 2.0, OTG"",""WLAN"":""Wi-Fi 802.11 a/b/g/n/ac, dual-band, Wi-Fi Direct""},""Launch"":{""Announced"":""2022, June 29"",""Status"":""Available. Released 2022, July 20""},""Main Camera"":{""Features"":""LED flash"",""Specifications"":[""50 MP, f/1.8, (wide), 1/2.67\"", PDAF"",""Auxiliary lens""],""Video"":[""1080p@30fps""]},""Memory"":{""Card slot"":""microSDXC (dedicated slot)"",""Technology"":""eMMC 5.1"",""Types"":[""32GB 3GB RAM"",""64GB 3GB RAM"",""64GB 4GB RAM"",""128GB 3GB RAM""]},""MobileName"":""Nokia G11 Plus"",""Network"":{""2G"":1,""3G"":1,""4G"":1,""5G"":0},""Platform"":{""CPU"":""Octa-core (2x1.6 GHz Cortex-A75 & 6x1.6 GHz Cortex-A55)"",""Chipset"":""Unisoc T606 (12 nm)"",""GPU"":""Mali-G57 MP1"",""OS"":""Android 12, upgradable to Android 13""},""Price"":[130.0],""Selfie Camera"":{""Specifications"":[""8 MP, f/2.0, (wide), 1/4.0\""""],""Video"":[""1080p@30fps""]},""Sound"":{""3.5mm jack"":1,""Loudspeaker"":""Yes""},""Weight"":null}"
aaf5a174fc1dafdfdc28167bc8c14f7469cae5d279ba58ec015ebeb517dc8c24,original,https://www.gsmarena.com/nokia_g21-11356.php,gsmarena.com/gsmarena__nokia_g21-11356.php.json,2026-08-17T05:38:42+00:00,9bae82cb15b1eb0b9e71640751c45ace5c4612fe7611562f577bf5165e506bb9,"{""Battery"":{""Capacity"":""Li-Po 5050 mAh"",""Charging"":[""18W wired"",""PD3.0""],""WirelessCharging"":0},""Body"":{""Build"":""Glass front, plastic frame, plastic back"",""Dimensions"":""164.6 x 75.9 x 8.5 mm (6.48 x 2.99 x 0.33 in)"",""Protection"":null,""SIM"":""· Nano-SIM | · Nano-SIM + Nano-SIM"",""Weight"":""190 g (6.70 oz)""},""Colors"":[""Nordic Blue"",""Dusk""],""Display"":{""Protection"":null,""Resolution"":""720 x 1600 pixels, 20:9 ratio (~270 ppi density)"",""Size"":""6.5 inches, 102.0 cm 2 (~81.6% screen-to-body ratio)"",""Type"":""IPS LCD, 90Hz, 400 nits (typ)""},""Features"":{""BackFingerPrint"":0,""Bluetooth"":""5.0, A2DP, LE"",""InDisplayFingerPrint"":0,""Infrared port"":0,""NFC"":1,""Positioning"":""GPS, GLONASS, GALILEO"",""Radio"":1,""Sensors"":""Fingerprint (side-mounted), accelerometer, proximity"",""SideFingerPrint"":1,""USB"":""USB Type-C 2.0, OTG"",""WLAN"":""Wi-Fi 802.11 a/b/g/n/ac, dual-band, Wi-Fi Direct""},""Launch"":{""Announced"":""2022, February 14"",""Status"":""Available. Released 2022, February 15""},""Main Camera"":{""Features"":""LED flash, HDR, panorama"",""Specifications"":[""50 MP, f/1.8, 28mm (wide), 1/2.76\"", 0.64µm, PDAF"",""2 MP (macro)"",""Auxiliary lens""],""Video"":[""1080p@30fps""]},""Memory"":{""Card slot"":""microSDXC (dedicated slot)"",""Technology"":""eMMC 5.1"",""Types"":[""64GB 3GB RAM"",""64GB 4GB RAM"",""128GB 4GB RAM"",""128GB 6GB RAM""]},""MobileName"":""Nokia G21"",""Network"":{""2G"":1,""3G"":1,""4G"":1,""5G"":0},""Platform"":{""CPU"":""Octa-core (2x1.6 GHz Cortex-A75 & 6x1.6 GHz Cortex-A55)"",""Chipset"":""Unisoc T606 (12 nm)"",""GPU"":""Mali-G57 MP1"",""OS"":""Android 11, upgradable to Android 13""},""Price"":[90.0],""Selfie Camera"":{""Specifications"":[""8 MP, f/2.0, (wide)""],""Video"":[""1080p@30fps""]},""Sound"":{""3.5mm jack"":1,""Loudspeaker"":""Yes""},""Weight"":""0.34 W/kg (head) 1.05 W/kg (body)""}"
5c08512033cb1c305aa8cd49a09b1404b4ca656a17548cb315803ee87397828a,original,https://www.gsmarena.com/nokia_g22-12137.php,gsmarena.com/gsmarena__nokia_g22-12137.php.json,2026-08-17T05:36:29+00:00,2eb397be3b679eef53a51d42608c6cd9b8827a19f84934e2fe801c4db3037ace,"{""Battery"":{""Capacity"":""Li-Po 5050 mAh"",""Charging"":[""20W wired"",""PD3.0""],""WirelessCharging"":0},""Body"":{""Build"":""Glass front (Gorilla Glass 3), plastic frame, plastic back"",""Dimensions"":""165 x 76.2 x 8.5 mm (6.50 x 3.00 x 0.33 in)"",""Protection"":""Dust and splash resistant | QuickFix user-reparable design"",""SIM"":""Nano-SIM + Nano-SIM"",""Weight"":""196.2 g (6.91 oz)""},""Colors"":[""Lagoon Blue"",""Meteor Gray"",""So Peach""],""Display"":{""Protection"":""Corning Gorilla Glass 3"",""Resolution"":""720 x 1600 pixels, 20:9 ratio (~270 ppi density)"",""Size"":""6.5 inches, 102.0 cm 2 (~81.1% screen-to-body ratio)"",""Type"":""IPS LCD, 90Hz, 500 nits (typ)""},""Features"":{""BackFingerPrint"":0,""Bluetooth"":""5.0, A2DP, LE"",""InDisplayFingerPrint"":0,""Infrared port"":0,""NFC"":1,""Positioning"":""GPS, GLONASS, GALILEO"",""Radio"":1,""Sensors"":""Fingerprint (side-mounted), accelerometer, proximity"",""SideFingerPrint"":1,""USB"":""USB Type-C 2.0, OTG"",""WLAN"":""Wi-Fi 802.11 a/b/g/n/ac, dual-band""},""Launch"":{""Announced"":""2023, February 25"",""Status"":""Available. Released 2023, February 25""},""Main Camera"":{""Features"":""LED flash, HDR, panorama"",""Specifications"":[""50 MP, f/1.8, (wide), 1/2.76\"", 0.64µm, PDAF"",""2 MP (macro)"",""Auxiliary lens""],""Video"":[""1080p@30fps""]},""Memory"":{""Card slot"":""microSDXC (uses shared SIM slot)"",""Technology"":""UFS 2.2"",""Types"":[""64GB 4GB RAM"",""128GB 4GB RAM"",""256GB 6GB RAM""]},""MobileName"":""Nokia G22"",""Network"":{""2G"":1,""3G"":1,""4G"":1,""5G"":0},""Platform"":{""CPU"":""Octa-core (2x1.6 GHz Cortex-A75 & 6x1.6 GHz Cortex-A55)"",""Chipset"":""Unisoc T606 (12 nm)"",""GPU"":""Mali-G57 MP1"",""OS"":""Android 12""},""Price"":[120.0],""Selfie Camera"":{""Specifications"":[""8 MP, f/2.0, (wide)""],""Video"":[""1080p@30fps""]},""Sound"":{""3.5mm jack"":1,""Loudspeaker"":""Yes""},""Weight"":null}"
5a79fbe9b3b69ccac5e86b69d20e1bcaf53ab861fbd02dbd347e2b61381d930b,original,https://www.gsmarena.com/nokia_g300-11135.php,gsmarena.com/gsmarena__nokia_g300-11135.php.json,2026-08-17T05:38:50+00:00,b37d2d81de09088fa96df80a8a3bb3f05950aa81f6c0eae9c263603f70476730,"{""Battery"":{""Capacity"":""Li-Po 4470 mAh"",""Charging"":[""18W wired""],""WirelessCharging"":0},""Body"":{""Build"":null,""Dimensions"":""169.4 x 78.4 x 9.3 mm (6.67 x 3.09 x 0.37 in)"",""Protection"":null,""SIM"":""Nano-SIM"",""Weight"":""210.1 g (7.41 oz)""},""Colors"":[""Meteor Grey""],""Display"":{""Protection"":null,""Resolution"":""720 x 1600 pixels, 20:9 ratio (~269 ppi density)"",""Size"":""6.52 inches, 102.6 cm 2 (~77.3% screen-to-body ratio)"",""Type"":""IPS LCD""},""Features"":{""BackFingerPrint"":0,""Bluetooth"":""5.0, A2DP, LE"",""InDisplayFingerPrint"":0,""Infrared port"":0,""NFC"":1,""Positioning"":""GPS (L1+L5)"",""Radio"":0,""Sensors"":""Fingerprint (side-mounted), accelerometer, proximity"",""SideFingerPrint"":1,""USB"":""USB Type-C 2.0, OTG"",""WLAN"":""Wi-Fi 802.11 a/b/g/n/ac, dual-band""},""Launch"":{""Announced"":""2021, October 12"",""Status"":""Available. Released 2021, October 19""},""Main Camera"":{""Features"":""LED flash, HDR, panorama"",""Specifications"":[""16 MP, f/1.8, 27mm (wide), PDAF"",""5 MP, f/2.2, 115˚ (ultrawide)"",""Auxiliary lens""],""Video"":[""1080p@30/60fps""]},""Memory"":{""Card slot"":""microSDXC (dedicated slot)"",""Technology"":null,""Types"":[""64GB 4GB RAM""]},""MobileName"":""Nokia G300"",""Network"":{""2G"":1,""3G"":1,""4G"":1,""5G"":1},""Platform"":{""CPU"":""Octa-core (2x2.0 GHz Kryo 460 & 6x1.8 GHz Kryo 460)"",""Chipset"":""Qualcomm SM4350 Snapdragon 480 5G (8 nm)"",""GPU"":""Adreno 619"",""OS"":""Android 11""},""Price"":[100.0],""Selfie Camera"":{""Specifications"":[""8 MP, (wide)""],""Video"":[""1080p@30fps""]},""Sound"":{""3.5mm jack"":1,""Loudspeaker"":""Yes""},""Weight"":null}"
5b6351568cb2d7420f79e745bd7c52f43493747d3b908b88ae54fe9e4146e6ef,original,https://www.gsmarena.com/nokia_g310-12471.php,gsmarena.com/gsmarena__nokia_g310-12471.php.json,2026-08-13T18:01:38+00:00,3cbfcd3c56a6528438408871f51f0e6ddf849be651294d43ee730d44718bf873,"{""Battery"":{""Capacity"":""Li-Po 5000 mAh"",""Charging"":[""20W wired"",""PD"",""QC""],""WirelessCharging"":0},""Body"":{""Build"":null,""Dimensions"":""165.1 x 75.7 x 8.6 mm (6.5 x 2.98 x 0.34 in)"",""Protection"":""Dust and splash resistant | QuickFix user-reparable design"",""SIM"":""Nano-SIM"",""Weight"":""195.1 g (6.88 oz)""},""Colors"":[""Blue""],""Display"":{""Protection"":""Corning Gorilla Glass 3"",""Resolution"":""720 x 1612 pixels, 20:9 ratio (~269 ppi density)"",""Size"":""6.56 inches, 103.4 cm 2 (~82.7% screen-to-body ratio)"",""Type"":""IPS LCD, 90Hz""},""Features"":{""BackFingerPrint"":0,""Bluetooth"":""5.1, A2DP, LE"",""InDisplayFingerPrint"":0,""Infrared port"":0,""NFC"":0,""Positioning"":""GPS (L1+L5)"",""Radio"":0,""Sensors"":""Fingerprint (side-mounted), accelerometer, proximity"",""SideFingerPrint"":1,""USB"":""USB Type-C 2.0, OTG"",""WLAN"":""Wi-Fi 802.11 b/g/n/ac""},""Launch"":{""Announced"":""2023, August 16"",""Status"":""Available. Released 2023, August 24""},""Main Camera"":{""Features"":""LED flash, HDR, panorama"",""Specifications"":[""50 MP, (wide), AF"",""2 MP (macro)"",""Auxiliary lens""],""Video"":[""1080p@30/60fps""]},""Memory"":{""Card slot"":""microSDXC (dedicated slot)"",""Technology"":null,""Types"":[""128GB 4GB RAM""]},""MobileName"":""Nokia G310"",""Network"":{""2G"":1,""3G"":1,""4G"":1,""5G"":1},""Platform"":{""CPU"":""Octa-core (2x2.2 GHz Kryo 460 & 6x1.8 GHz Kryo 460)"",""Chipset"":""Qualcomm SM4350-AC Snapdragon 480+ 5G (8 nm)"",""GPU"":""Adreno 619"",""OS"":""Android 13""},""Price"":[170.0],""Selfie Camera"":{""Specifications"":[""8 MP, (wide)""],""Video"":[""1080p@30fps""]},""Sound"":{""3.5mm jack"":1,""Loudspeaker"":""Yes""},""Weight"":null}"
adf47cb638c2e72bfb1577a2af1a2a2f286f574ba6629c529e3ecd0b1d08614f,original,https://www.gsmarena.com/nokia_g400-11818.php,gsmarena.com/gsmarena__nokia_g400-11818.php.json,2026-08-17T05:37:16+00:00,f8fde6f2727fcfa0b0fb53d6f008674237da0e95fa58b64189996362a0b7bdd1,"{""Battery"":{""Capacity"":""Li-Po 5000 mAh"",""Charging"":[""20W wired"",""PD3.0""],""WirelessCharging"":0},""Body"":{""Build"":""Glass front (Gorilla Glass 3), aluminum frame"",""Dimensions"":""166.4 x 76.7 x 8.8 mm (6.55 x 3.02 x 0.35 in)"",""Protection"":null,""SIM"":""Nano-SIM"",""Weight"":""198 g (6.98 oz)""},""Colors"":[""Meteor Grey""],""Display"":{""Protection"":""Corning Gorilla Glass 3"",""Resolution"":""1080 x 2408 pixels, 20:9 ratio (~401 ppi density)"",""Size"":""6.58 inches, 104.3 cm 2 (~81.7% screen-to-body ratio)"",""Type"":""IPS LCD, 120Hz""},""Features"":{""BackFingerPrint"":0,""Bluetooth"":""5.1, A2DP, LE, aptX HD, aptX Adaptive"",""InDisplayFingerPrint"":0,""Infrared port"":0,""NFC"":1,""Positioning"":""GPS, GALILEO"",""Radio"":1,""Sensors"":""Fingerprint (side-mounted), accelerometer, gyro, proximity, compass, barometer"",""SideFingerPrint"":1,""USB"":""USB Type-C 2.0, OTG"",""WLAN"":""Wi-Fi 802.11 b/g/n/ac""},""Launch"":{""Announced"":""2022, January 05"",""Status"":""Available. Released 2022, August 24""},""Main Camera"":{""Features"":""LED flash, HDR, panorama"",""Specifications"":[""48 MP, f/1.8, (wide), PDAF"",""5 MP, f/2.2, 115˚ (ultrawide)"",""Auxiliary lens""],""Video"":[""1080p@30/60fps""]},""Memory"":{""Card slot"":""microSDXC (dedicated slot)"",""Technology"":null,""Types"":[""64GB 4GB RAM""]},""MobileName"":""Nokia G400"",""Network"":{""2G"":1,""3G"":1,""4G"":1,""5G"":1},""Platform"":{""CPU"":""Octa-core (2x2.2 GHz Kryo 460 & 6x1.9 GHz Kryo 460)"",""Chipset"":""Qualcomm SM4350-AC Snapdragon 480+ 5G (8 nm)"",""GPU"":""Adreno 619"",""OS"":""Android 12""},""Price"":[70.0],""Selfie Camera"":{""Specifications"":[""16 MP, (wide)""],""Video"":[""1080p@30fps""]},""Sound"":{""3.5mm jack"":1,""Loudspeaker"":""Yes""},""Weight"":null}"
0a8e2eed287552e453b18029eb4e3892afb675f09f6388572bcaafd1bfbec7b9,original,https://www.gsmarena.com/nokia_g42-12381.php,gsmarena.com/gsmarena__nokia_g42-12381.php.json,2026-08-17T05:34:02+00:00,1840103494e37b47b3b7f70a98838b644b2df94609e0c2fe44fc38b5ebd860de,"{""Battery"":{""Capacity"":""Li-Po 5000 mAh"",""Charging"":[""20W wired"",""PD3.0"",""QC3""],""WirelessCharging"":0},""Body"":{""Build"":""Glass front, plastic back, plastic frame"",""Dimensions"":""165 x 75.8 x 8.6 mm (6.50 x 2.98 x 0.34 in)"",""Protection"":""Dust and splash resistant | QuickFix user-reparable design"",""SIM"":""· Nano-SIM | · Nano-SIM + Nano-SIM"",""Weight"":""193.8 g (6.84 oz)""},""Colors"":[""Gray"",""Purple"",""Red""],""Display"":{""Protection"":""Corning Gorilla Glass 3"",""Resolution"":""720 x 1612 pixels, 20:9 ratio (~269 ppi density)"",""Size"":""6.56 inches, 103.4 cm 2 (~82.7% screen-to-body ratio)"",""Type"":""IPS LCD, 90Hz, 450 nits (typ), 560 nits (peak)""},""Features"":{""BackFingerPrint"":0,""Bluetooth"":""5.1, A2DP, LE"",""InDisplayFingerPrint"":0,""Infrared port"":0,""NFC"":1,""Positioning"":""GPS, GLONASS, GALILEO, BDS"",""Radio"":1,""Sensors"":""Fingerprint (side-mounted), accelerometer, proximity, compass"",""SideFingerPrint"":1,""USB"":""USB Type-C 2.0, OTG"",""WLAN"":""Wi-Fi 802.11 a/b/g/n/ac/6, dual-band""},""Launch"":{""Announced"":""2023, June 28"",""Status"":""Available. Released 2023, June 28""},""Main Camera"":{""Features"":""LED flash, HDR, panorama"",""Specifications"":[""50 MP, f/1.8, (wide), AF"",""2 MP (macro)"",""Auxiliary lens""],""Video"":[""1080p@30fps""]},""Memory"":{""Card slot"":""microSDXC"",""Technology"":null,""Types"":[""128GB 4GB RAM"",""128GB 6GB RAM"",""256GB 8GB RAM""]},""MobileName"":""Nokia G42"",""Network"":{""2G"":1,""3G"":1,""4G"":1,""5G"":1},""Platform"":{""CPU"":""Octa-core (2x2.2 GHz Kryo 460 & 6x1.8 GHz Kryo 460)"",""Chipset"":""Qualcomm SM4350-AC Snapdragon 480+ 5G (8 nm)"",""GPU"":""Adreno 619"",""OS"":""Android 13, upgradable to Android 14""},""Price"":[220.0],""Selfie Camera"":{""Specifications"":[""8 MP""],""Video"":[""Yes""]},""Sound"":{""3.5mm jack"":1,""Loudspeaker"":""Yes""},""Weight"":null}"
379c86312a94015ddf1b443c35488922b573fea0fd72747a8e3fd3febd2d3e66,original,https://www.gsmarena.com/nokia_g60-11826.php,gsmarena.com/gsmarena__nokia_g60-11826.php.json,2026-08-17T05:37:00+00:00,94e99945f85ca2f56ca07977e94ee38799d1766dd5fb636f4980820816805201,"{""Battery"":{""Capacity"":""Li-Po 4500 mAh"",""Charging"":[""20W wired"",""PD3.0""],""WirelessCharging"":0},""Body"":{""Build"":""Glass front (Gorilla Glass 5), plastic frame, plastic back"",""Dimensions"":""166 x 75.9 x 8.6 mm (6.54 x 2.99 x 0.34 in)"",""Protection"":""Splash resistant"",""SIM"":""· Nano-SIM + eSIM | · Nano-SIM + Nano-SIM"",""Weight"":""190 g (6.70 oz)""},""Colors"":[""Pure Black"",""Ice Gray""],""Display"":{""Protection"":""Corning Gorilla Glass 5"",""Resolution"":""1080 x 2408 pixels, 20:9 ratio (~401 ppi density)"",""Size"":""6.58 inches, 104.3 cm 2 (~82.8% screen-to-body ratio)"",""Type"":""IPS LCD, 120Hz, 400 nits (typ)""},""Features"":{""BackFingerPrint"":0,""Bluetooth"":""5.1, A2DP, LE, aptX HD, aptX Adaptive"",""InDisplayFingerPrint"":0,""Infrared port"":0,""NFC"":1,""Positioning"":""GPS, GALILEO, BDS"",""Radio"":1,""Sensors"":""Fingerprint (side-mounted), accelerometer, gyro, proximity, compass"",""SideFingerPrint"":1,""USB"":""USB Type-C 2.0, OTG"",""WLAN"":""Wi-Fi 802.11 a/b/g/n/ac/6, dual-band""},""Launch"":{""Announced"":""2022, September 01"",""Status"":""Available. Released 2022, September 01""},""Main Camera"":{""Features"":""LED flash, HDR, panorama"",""Specifications"":[""50 MP, f/1.8, (wide), 1/2.5\"", 0.7µm, PDAF"",""5 MP, f/2.2, (ultrawide), 1/5.0\"""",""Auxiliary lens""],""Video"":[""1080p@30fps""]},""Memory"":{""Card slot"":""microSDXC (uses shared SIM slot)"",""Technology"":null,""Types"":[""64GB 4GB RAM"",""128GB 4GB RAM"",""128GB 6GB RAM""]},""MobileName"":""Nokia G60"",""Network"":{""2G"":1,""3G"":1,""4G"":1,""5G"":1},""Platform"":{""CPU"":""Octa-core (2x2.2 GHz Kryo 660 Gold & 6x1.7 GHz Kryo 660 Silver)"",""Chipset"":""Qualcomm SM6375 Snapdragon 695 5G (6 nm)"",""GPU"":""Adreno 619"",""OS"":""Android 12""},""Price"":[240.0],""Selfie Camera"":{""Specifications"":[""8 MP, f/2.0, (wide), 1/4.0\"", 1.12µm""],""Video"":[""1080p@30fps""]},""Sound"":{""3.5mm jack"":1,""Loudspeaker"":""Yes""},""Weight"":""1.10 W/kg (head) 1.27 W/kg (body)""}"
741f2c4dbc67d804a52074c56d66d8e46d59c526fb892ca1e114eef6d49d7d6f,original,https://www.gsmarena.com/nokia_t10-11669.php,gsmarena.com/gsmarena__nokia_t10-11669.php.json,2026-08-17T05:37:49+00:00,6b746c8c91f0d39b698e92f5031682712efb154c58d265670ef38e765313069e,"{""Battery"":{""Capacity"":""Li-Po 5250 mAh"",""Charging"":[""10W wired""],""WirelessCharging"":0},""Body"":{""Build"":""Glass front, plastic back, plastic frame"",""Dimensions"":""208 x 123.2 x 9 mm (8.19 x 4.85 x 0.35 in)"",""Protection"":""Splash resistant"",""SIM"":""Nano-SIM"",""Weight"":""375 g (13.23 oz)""},""Colors"":[""Ocean Blue""],""Display"":{""Protection"":null,""Resolution"":""800 x 1280 pixels, 16:10 ratio (~189 ppi density)"",""Size"":""8.0 inches, 185.6 cm 2 (~72.4% screen-to-body ratio)"",""Type"":""IPS LCD, 360 nits (typ), 450 nits (peak)""},""Features"":{""BackFingerPrint"":0,""Bluetooth"":""5.0, A2DP, LE"",""InDisplayFingerPrint"":0,""Infrared port"":0,""NFC"":0,""Positioning"":""GPS, GLONASS, GALILEO"",""Radio"":0,""Sensors"":""Accelerometer, proximity"",""SideFingerPrint"":0,""USB"":""USB Type-C 2.0, OTG"",""WLAN"":""Wi-Fi 802.11 a/b/g/n/ac, dual-band""},""Launch"":{""Announced"":""2022, July 12"",""Status"":""Available. Released 2022, August 20""},""Main Camera"":{""Features"":""LED flash"",""Specifications"":[""8 MP, 1/4.0\"", 1.12µm, AF""],""Video"":[""1080p""]},""Memory"":{""Card slot"":""microSDXC"",""Technology"":null,""Types"":[""32GB 3GB RAM"",""64GB 4GB RAM""]},""MobileName"":""Nokia T10"",""Network"":{""2G"":1,""3G"":1,""4G"":1,""5G"":0},""Platform"":{""CPU"":""Octa-core (2x1.6 GHz Cortex-A75 & 6x1.6 GHz Cortex-A55)"",""Chipset"":""Unisoc T606 (12 nm)"",""GPU"":""Mali-G57 MP1"",""OS"":""Android 12, upgradable to Android 13""},""Price"":[160.0],""Selfie Camera"":{""Specifications"":[""2 MP, 1/5.0\"", 1.65µm""],""Video"":[""720p""]},""Sound"":{""3.5mm jack"":1,""Loudspeaker"":""Yes, with stereo speakers""},""Weight"":""0.27 W/kg (head) 1.57 W/kg (body)""}"
e20223af7a9456010571420458f02cdafde148ae5e15b10d7313d532d9702e80,original,https://www.gsmarena.com/nokia_t20-11142.php,gsmarena.com/gsmarena__nokia_t20-11142.php.json,2026-08-17T05:38:56+00:00,90b49b1f680ae1f3319db6dc27d0219d5b7cceb30971405b1f614fb1f2fb79a6,"{""Battery"":{""Capacity"":""Li-Po 8200 mAh"",""Charging"":[""15W wired""],""WirelessCharging"":0},""Body"":{""Build"":""Glass front, aluminum back"",""Dimensions"":""247.6 x 157.5 x 7.8 mm (9.75 x 6.20 x 0.31 in)"",""Protection"":""Splash resistant"",""SIM"":""Nano-SIM (cellular model only)"",""Weight"":""465 g (Wi-Fi), 470 g (LTE) (1.03 lb)""},""Colors"":[""Deep Ocean""],""Display"":{""Protection"":""Scratch-resistant glass"",""Resolution"":""1200 x 2000 pixels, 5:3 ratio (~224 ppi density)"",""Size"":""10.4 inches, 307.9 cm 2 (~78.9% screen-to-body ratio)"",""Type"":""IPS LCD, 400 nits (typ)""},""Features"":{""BackFingerPrint"":0,""Bluetooth"":""5.0, A2DP, LE"",""InDisplayFingerPrint"":0,""Infrared port"":0,""NFC"":0,""Positioning"":""GPS - cellular model only"",""Radio"":1,""Sensors"":""Accelerometer"",""SideFingerPrint"":0,""USB"":""USB Type-C 2.0"",""WLAN"":""Wi-Fi 802.11 a/b/g/n/ac, dual-band""},""Launch"":{""Announced"":""2021, October 06"",""Status"":""Available. Released 2021, November 02""},""Main Camera"":{""Features"":""LED flash"",""Specifications"":[""8 MP, AF""],""Video"":[""1080p@30fps""]},""Memory"":{""Card slot"":""microSDXC (dedicated slot)"",""Technology"":""eMMC 5.1"",""Types"":[""32GB 3GB RAM"",""64GB 4GB RAM""]},""MobileName"":""Nokia T20"",""Network"":{""2G"":1,""3G"":1,""4G"":1,""5G"":0},""Platform"":{""CPU"":""Octa-core (2x1.8 GHz Cortex-A75 & 6x1.8 GHz Cortex-A55)"",""Chipset"":""Unisoc T610 (12 nm)"",""GPU"":""Mali-G52 MP2"",""OS"":""Android 11, upgradable to Android 13""},""Price"":[200.0],""Selfie Camera"":{""Specifications"":[""5 MP""],""Video"":[""Yes""]},""Sound"":{""3.5mm jack"":1,""Loudspeaker"":""Yes, with stereo speakers""},""Weight"":""1.35 W/kg (body)""}"
17c495b43d5ce4abcceb8a4b89e559b28f8143702ef2f097e6948f4f62e93fa6,original,https://www.gsmarena.com/nokia_t21-11823.php,gsmarena.com/gsmarena__nokia_t21-11823.php.json,2026-08-17T05:37:11+00:00,cf18746dbb13d40cdf4f991f0ba5ed6ec3fc2a078b32a235761db3b06eb78899,"{""Battery"":{""Capacity"":""Li-Po 8200 mAh"",""Charging"":[""18W wired"",""PD3.0""],""WirelessCharging"":0},""Body"":{""Build"":""Glass front, aluminum back"",""Dimensions"":""247.5 x 157.3 x 7.5 mm (9.74 x 6.19 x 0.30 in)"",""Protection"":""Splash resistant | Stylus support"",""SIM"":""Nano-SIM (cellular model only)"",""Weight"":""466 g (1.03 lb)""},""Colors"":[""Charcoal Grey""],""Display"":{""Protection"":""Scratch-resistant glass"",""Resolution"":""1200 x 2000 pixels, 5:3 ratio (~224 ppi density)"",""Size"":""10.4 inches, 307.9 cm 2 (~79.1% screen-to-body ratio)"",""Type"":""IPS LCD, 360 nits (typ)""},""Features"":{""BackFingerPrint"":0,""Bluetooth"":""5.0, A2DP, LE"",""InDisplayFingerPrint"":0,""Infrared port"":0,""NFC"":1,""Positioning"":""GPS - cellular model only"",""Radio"":1,""Sensors"":""Accelerometer, proximity"",""SideFingerPrint"":0,""USB"":""USB Type-C 2.0, OTG"",""WLAN"":""Wi-Fi 802.11 a/b/g/n/ac, dual-band""},""Launch"":{""Announced"":""2022, September 01"",""Status"":""Available. Released 2022, September 01""},""Main Camera"":{""Features"":""LED flash"",""Specifications"":[""8 MP, AF""],""Video"":[""1080p@30fps""]},""Memory"":{""Card slot"":""microSDXC (dedicated slot)"",""Technology"":""eMMC 5.1"",""Types"":[""64GB 4GB RAM"",""128GB 4GB RAM""]},""MobileName"":""Nokia T21"",""Network"":{""2G"":1,""3G"":1,""4G"":1,""5G"":0},""Platform"":{""CPU"":""Octa-core (2x1.8 GHz Cortex-A75 & 6x1.8 GHz Cortex-A55)"",""Chipset"":""Unisoc Tiger T612 (12 nm)"",""GPU"":""Mali-G57"",""OS"":""Android 12, upgradable to Android 13""},""Price"":[240.0],""Selfie Camera"":{""Specifications"":[""8 MP""],""Video"":[""Yes""]},""Sound"":{""3.5mm jack"":1,""Loudspeaker"":""Yes, with stereo speakers""},""Weight"":""1.56 W/kg (body)""}"
335b890270c2b689f33502cb15cb39f69d546b4e5f6f41a99d0eb3815ba012db,original,https://www.gsmarena.com/nokia_x100-11207.php,gsmarena.com/gsmarena__nokia_x100-11207.php.json,2026-08-17T05:38:46+00:00,81525cd3deb2a36a72cbfdcf356c5f2bfe27be5b17b7b1b9c99f601223003ec2,"{""Battery"":{""Capacity"":""Li-Po 4470 mAh"",""Charging"":[""18W wired"",""QC3""],""WirelessCharging"":0},""Body"":{""Build"":null,""Dimensions"":""171.4 x 79.7 x 9.1 mm (6.75 x 3.14 x 0.36 in)"",""Protection"":null,""SIM"":""Nano-SIM"",""Weight"":""217 g (7.65 oz)""},""Colors"":[""Midnight Blue""],""Display"":{""Protection"":""Corning Gorilla Glass 3"",""Resolution"":""1080 x 2400 pixels, 20:9 ratio (~395 ppi density)"",""Size"":""6.67 inches, 107.4 cm 2 (~78.6% screen-to-body ratio)"",""Type"":""IPS LCD""},""Features"":{""BackFingerPrint"":0,""Bluetooth"":""5.1, A2DP, LE, aptX Adaptive"",""InDisplayFingerPrint"":0,""Infrared port"":0,""NFC"":1,""Positioning"":""GPS, GLONASS, GALILEO"",""Radio"":1,""Sensors"":""Fingerprint (side-mounted), accelerometer, gyro, proximity, compass, barometer"",""SideFingerPrint"":1,""USB"":""USB Type-C 2.0, OTG"",""WLAN"":""Wi-Fi 802.11 a/b/g/n/ac, dual-band, Wi-Fi Direct""},""Launch"":{""Announced"":""2021, November 09"",""Status"":""Available. Released 2021, November 19""},""Main Camera"":{""Features"":""Zeiss optics, LED flash, HDR, panorama"",""Specifications"":[""48 MP, (wide), PDAF"",""5 MP, (ultrawide)"",""2 MP (macro)"",""Auxiliary lens""],""Video"":[""Yes""]},""Memory"":{""Card slot"":""microSDXC"",""Technology"":null,""Types"":[""128GB 6GB RAM""]},""MobileName"":""Nokia X100"",""Network"":{""2G"":1,""3G"":1,""4G"":1,""5G"":1},""Platform"":{""CPU"":""Octa-core (2x2.0 GHz Kryo 460 & 6x1.8 GHz Kryo 460)"",""Chipset"":""Qualcomm SM4350 Snapdragon 480 5G (8 nm)"",""GPU"":""Adreno 619"",""OS"":""Android 11""},""Price"":[220.0],""Selfie Camera"":{""Specifications"":[""16 MP, (wide)""],""Video"":[""1080p@30fps""]},""Sound"":{""3.5mm jack"":1,""Loudspeaker"":""Yes""},""Weight"":null}"
9625afae43e353d015a88b9a3df07b94e0f46584385c945039674f5d92861aa4,original,https://www.gsmarena.com/nokia_x30-11831.php,gsmarena.com/gsmarena__nokia_x30-11831.php.json,2026-08-17T05:36:50+00:00,6bc28c88571399e128c55bc1431a09c3cc29da8c77da9775903bcec8f0ee6024,"{""Battery"":{""Capacity"":""Li-Po 4200 mAh"",""Charging"":[""33W wired"",""PD3.0""],""WirelessCharging"":0},""Body"":{""Build"":""Glass front (Gorilla Glass Victus), aluminum frame, plastic back"",""Dimensions"":""158.9 x 73.9 x 8 mm (6.26 x 2.91 x 0.31 in)"",""Protection"":""IP67 dust/water resistant (up to 1m for 30 min)"",""SIM"":""· Nano-SIM + eSIM | · Nano-SIM + Nano-SIM"",""Weight"":""185 g (6.53 oz)""},""Colors"":[""Cloudy Blue"",""Ice White""],""Display"":{""Protection"":""Corning Gorilla Glass Victus"",""Resolution"":""1080 x 2400 pixels, 20:9 ratio (~409 ppi density)"",""Size"":""6.43 inches, 99.8 cm 2 (~85.0% screen-to-body ratio)"",""Type"":""AMOLED, 90Hz, 450 nits (typ), 700 nits (peak)""},""Features"":{""BackFingerPrint"":0,""Bluetooth"":""5.1, A2DP, LE, aptX HD"",""InDisplayFingerPrint"":1,""Infrared port"":0,""NFC"":1,""Positioning"":""GPS, GLONASS, GALILEO, BDS"",""Radio"":1,""Sensors"":""Fingerprint (under display, optical), accelerometer, gyro, proximity, compass"",""SideFingerPrint"":0,""USB"":""USB Type-C 2.0, OTG"",""WLAN"":""Wi-Fi 802.11 a/b/g/n/ac/6, dual-band, Wi-Fi Direct""},""Launch"":{""Announced"":""2022, September 01"",""Status"":""Available. Released 2022, September 21""},""Main Camera"":{""Features"":""LED flash, HDR, panorama"",""Specifications"":[""50 MP, f/1.9, (wide), 1/1.56\"", 1.0µm, PDAF, OIS"",""13 MP, f/2.4, 123˚ (ultrawide), 1/3.06\""""],""Video"":[""1080p@30/60fps""]},""Memory"":{""Card slot"":""No"",""Technology"":""UFS 2.2 - 128GB | UFS 3.0 - 256GB"",""Types"":[""128GB 6GB RAM"",""128GB 8GB RAM"",""256GB 8GB RAM""]},""MobileName"":""Nokia X30"",""Network"":{""2G"":1,""3G"":1,""4G"":1,""5G"":1},""Platform"":{""CPU"":""Octa-core (2x2.2 GHz Kryo 660 Gold & 6x1.7 GHz Kryo 660 Silver)"",""Chipset"":""Qualcomm SM6375 Snapdragon 695 5G (6 nm)"",""GPU"":""Adreno 619"",""OS"":""Android 12, upgradable to Android 13""},""Price"":[240.0],""Selfie Camera"":{""Specifications"":[""16 MP, f/2.4, (wide), 1/3.06\"", 1.0µm""],""Video"":[""1080p@30fps""]},""Sound"":{""3.5mm jack"":0,""Loudspeaker"":""Yes""},""Weight"":""0.79 W/kg (head) 1.37 W/kg (body)""}"
222fa9903f2cf938f8b1f467243d5d729a8d3645f99f5cf1396a2c03269a6ae8,original,https://www.gsmarena.com/nokia_xr21-12244.php,gsmarena.com/gsmarena__nokia_xr21-12244.php.json,2026-08-17T05:36:04+00:00,21ddd187eefd7a7eb5c34087c474a16afecc3e4ad726475ebe758063511424fd,"{""Battery"":{""Capacity"":""Li-Po 4800 mAh"",""Charging"":[""33W wired"",""PD2.0"",""QC3""],""WirelessCharging"":0},""Body"":{""Build"":""Glass front (Gorilla Glass Victus), plastic back, plastic frame"",""Dimensions"":""168 x 78.6 x 10.5 mm (6.61 x 3.09 x 0.41 in)"",""Protection"":""IP68/IP69K dust tight and water resistant (high pressure water jets; immersible up to 1.5m for 60 min) | Drop resistant up to 1.8m | MIL-STD-810H compliant"",""SIM"":""Nano-SIM + Nano-SIM + eSIM (max 2 at a time)"",""Weight"":""231 g (8.15 oz)""},""Colors"":[""Midnight Black"",""Pine Green""],""Display"":{""Protection"":""Corning Gorilla Glass Victus"",""Resolution"":""1080 x 2400 pixels, 20:9 ratio (~406 ppi density)"",""Size"":""6.49 inches, 101.7 cm 2 (~77.0% screen-to-body ratio)"",""Type"":""IPS LCD, 120Hz, 450 nits (typ), 550 nits (HBM)""},""Features"":{""BackFingerPrint"":0,""Bluetooth"":""5.1, A2DP, LE, aptX Adaptive"",""InDisplayFingerPrint"":0,""Infrared port"":0,""NFC"":1,""Positioning"":""GPS (L1+L5), GLONASS (G1), BDS (B1I+B1c+B2a), GALILEO (E1+E5a), QZSS (L1+L5), NavIC (L5)"",""Radio"":1,""Sensors"":""Fingerprint (side-mounted), accelerometer, gyro, proximity, compass, barometer"",""SideFingerPrint"":1,""USB"":""USB Type-C 2.0, OTG"",""WLAN"":""Wi-Fi 802.11 a/b/g/n/ac/6, dual-band""},""Launch"":{""Announced"":""2023, May 03"",""Status"":""Available. Released 2023, June 11""},""Main Camera"":{""Features"":""Dual-LED dual-tone flash, second LED flash, HDR, panorama"",""Specifications"":[""64 MP, f/1.8, (wide), 1/2.0\"", PDAF"",""8 MP, f/2.2, (ultrawide), 1/4.0\"", 1.12µm""],""Video"":[""1080p@30fps""]},""Memory"":{""Card slot"":""Unspecified"",""Technology"":null,""Types"":[""128GB 6GB RAM""]},""MobileName"":""Nokia XR21"",""Network"":{""2G"":1,""3G"":1,""4G"":1,""5G"":1},""Platform"":{""CPU"":""Octa-core (2x2.2 GHz Kryo 660 Gold & 6x1.7 GHz Kryo 660 Silver)"",""Chipset"":""Qualcomm SM6375 Snapdragon 695 5G (6 nm)"",""GPU"":""Adreno 619"",""OS"":""Android 12""},""Price"":[570.0],""Selfie Camera"":{""Specifications"":[""16 MP, f/2.4 (wide)""],""Video"":[""1080p@30fps""]},""Sound"":{""3.5mm jack"":1,""Loudspeaker"":""Yes, with stereo speakers""},""Weight"":null}"
