record_key,type,size,resolution,protection
12245ec3ff125e14933c130dda863ef2622742ee18dc5c46dba7eb5ca136a75c,LCD,6.74 inch,1600 × 720,
fa945e21bfef7d74e6eb9d7f868eb448293690ebca02c4d7182dcfcefc725ac7,,,,
02fb3369208895cb4e7cadb786f3450b752a8b75ad92d7ddbca28043e7d140fb,,,,
93473da6449dbb2bc25fe4b2cd37c962fc2236695528fa9227aa6b609215114c,LCD,6.7 Inch,720 x 1600 Pixels (~262 PPI),
a8d746b85f76518c05332323deb646919fb02d0e40a4575401029368496c5c69,LCD,6.7 Inch,720 x 1600 Pixels (~262 PPI),
e120c525f2ffd051d6f85a97871b8ef0b839b1a2cd97fec9a420c1f0c5ea7b74,LCD,6.7 Inch,720 x 1600 Pixels (~262 PPI),
d8070c799e8da81efc896fc0ac3d8f495d6ecaf59784f800e41a3c4cf147cd80,IPS LCD,6.7 Inch,720 x 1600,
d87346c9910c3a1e38ff554631a9b50c0a0cb4d39dd0b49b7f99252fafd0f5e0,LCD,6.7 Inch,720 x 1600,
079635940ae284077e0cf48c452990ca5e585634125d8ca0d4f9b85d06bbc6c2,LCD,6.7 Inch,720 x 1600 Pixels (~262 PPI),
27b0b0848dd5cc6110ac8795427d28649b046f44197a158447990617cc931e74,LCD,6.7 Inch,720 x 1600 Pixels (~262 PPI),
27961ee15b409a1ad4e1beabaf15cddb35355cc06baa6ae6184330e9680ac1bd,,,,
0d16d792c2eb6556680ea131aff4176cd5dce57ebc18c2d0634b593a366c7101,LCD,6.7 Inch,720 x 1600 Pixels (~262 PPI),
e36674d41554823d6b335865a4582d1c81d3c697e4589c82a81eb677c405e8d6,LCD,6.7 Inch,720 x 1600,
003fc726d90bbe05591189374107c285a6b6abdc7d5c3c0d2b6c9f764b3ca4a7,IPS LCD,6.7 Inch,720 x 1600,
085987072084ed4fa2b04b9c4ff4a755b9d5e7825e61377794ec9ebb25acbc51,,,,
effb616818568f30cb03e7850908082cc8a366c70f1e0b7fad8d5c6683b09843,,,,
11c2fbbf51b2d92d80106ab99e0298c98bd1e06fa2bd89cae7705bf463506cbe,LCD,"6.7""",,
008638a16acde394bd7ad708844718d3f3ad4f177a33a205f9e7787f6a7cc11a,LCD,"6.7""",,
c766afc3cb782da099a407da975db11e86e1ef8f3db57f4ae1df4b91d951ef0e,LCD,"6.7""",,
06c6fefbe45ffac08f20de11d8c6316234c2a2f48ed63be25e15b0a41d762128,,6.7 Inch,"720 x 1600 pixels, 20:9 ratio (~262 ppi density)",
870e1bd940a633e0b13252e38bb2a8340eccbc4b7373ab5c527166b447147df7,,"2.0""",,
9c9506847e2b0e868a3a9398b492924dc25e1c4660322b45ecefd011d2a99c5b,,6.5 Inch,,
1cca672094caecd93d9a36d836263c100fe076c662ecc77a6a3570e33b0357d4,OLED,6.5 Inch,,
365b20895ae8439c657a7491a9f961abeed7a3606f9fc23ee7918a28edcf4740,,,,
82df6c8185de881525797613f2913d6eced58e9b4c3ccce2d47792c1a8240834,,,,
c401dcc4d573049ea5cfff5f6e0c710e7b74fc196c9a35f08328cac60aee9476,LCD,6.67 inches,720 x 1600,N/A
c896fc2c1401f7481d245d5c9781af5ac5ebf0ae0c433b416b25f84b918142f4,LCD,6.67 inches,720 x 1600,N/A
47de4f4695219eb6f7a6ac5f4275b36d9257633f2f12c0b52c7334eed7eb5dcd,,6.67 Inch,720 x 1600,
4bcb73e95285cdeeb8faed77b01e96907f88087b8585ae7f8a9ac2252fb77961,LCD,"6.67""",720 x 1600,
8625461d44ca6c87b14191fb090500c88c10a30dd5c2f854ffdc5ab3366d8ef0,LCD,"6.67""",720 x 1600,
bb797ac3c5bc6bc985e53e705243e205bbca074ed3f5b3d8203c7d2f7890d984,LCD,6.67 inches,720 x 1600,N/A
a1b33f03b5206067b596bb1a302b5f27b00c7e3d980dbfc22f78b1f901768d7e,,,,
96f6d03622809415f0899af4dbd947e7f51153fed784c8e4e4a8d8e7c4223980,,6.67 Inch,720 x 1600,
6aa894394dc66b21bd2f80cb827d8ed073c28b76da09a976dc498b5fcb3c5fb5,,,,
90a2b05793725d975862d45232feab7361f896c66e1c044f25dcbf050a7cae32,,"10.1""",,
05571d6a6ca8f72c52c10f2dba8c2528238b314464d026ad8805b1fe2f157302,,,,
0846c9b8ff1289b7a997884e4f92245764a7fcff77bb5258c457841bb090ed8a,,6.56 Inches,720 × 1600 Pixel,N/A
29661afc44dae854041215c7f08e23e403ef758c45e97d04ef8be3f844ef2002,IPS LCD,"6.6""",720 x 1612,
fa72d012d9828606a2e8298d85746cad8c5394366efe221838770d64b47c1984,,"6.6""",,
fd6289945b2ec5e47ba7b790937b7f6555436b8d138eb9368808b386ba391f42,IPS LCD,"8""",1280 x 800,
2687a30973582c818c5820607998d2368bf49028ae889d138f8092d7d6773098,IPS LCD,6.67 Inches,720 x 1600 pixels,N/A
6ad5b8fd3493d5c0d37d86cbf6505d7052e5793b4c86a832d9a67599b2529d09,IPS LCD,6.67 Inches,720 x 1600 pixels,N/A
b4b26ea4ffbc6171a8213978ff5edbff3d03e04dd521f3a188efd833a771adc2,IPS LCD,"6.67""",720 x 1600,
bc31032df250dc61f0b0aa3f909ce8e02822cc882602d105cb6f1d8bf7bf3fc1,IPS LCD,"6.67""",720 x 1600,
c9427ae57036956c5e66c5e8d63189f395d8c001b3f1db53e52b584815bde27c,,,,
2168d54f35a2992bd71bba90aeb4a19c8913bf4a9cada019effe02da5bfe0e17,IPS LCD,"6.6""",720 x 1600,
92d72d5607c130eede7e6e8dc375250920c88f550a96dc59c7cdefb40c7d14c5,IPS LCD,6.67 inches,720 x 1600 pixels,N/A
1f9c0d824025ef4694cf5a6640267e6645fd941f054484682b2ca6e862944b22,IPS LCD,6.67 inches,720 x 1600 pixels,N/A
dcabbc50f85a8e36e51f61ba47cdd866f377ade70da015fa55a2ac2db98488bf,IPS LCD,,720 x 1600,
dd985c545729b1760c16c82e0dff3d60c616483e8ee17b0d40b2ba04ebd3f808,,6.78 Inches,1080 x 2460 Pixels,N/A
daac54c1e4f40a96f2c95bd004e62fc491191aa495b706395583a64a07415ead,,"6.6""",,
b9313df55773cceb29840e9e174e0c05c530e0998ea4ff3f2b0ebed7913c150b,IPS LCD,6.6 Inch,720 x 1600,
9a49b7596bbd6094dc5dfafbdc16aa50ec5736b6a776383251d2a54e0159b986,IPS LCD,6.6 Inch,720 x 1600,
b78c9fffd6ce2e709a98bcc159814811582c44510b41665db1d0a9a1b0cbb126,,,,
fba4f451aab5773a8e64343510a610aaa2196f54c3dd5b7da6db4787af6225a9,,,,
1dcdd8319b3899bec27a113818f3b60bfc051e4b940121b6b62a3529a31bb28e,,,,
555f3376ec80d142601c8d1923e8c72c87cf700b388e6a2980d66386c4f6ffcb,,"6.6""",,
b943376d9a5dfe266c3584f7c04084ea20fbbf0aa8f404046b5ae8c8865f519c,,6.75 inches,720 × 1600 pixels,N/A
69451290080c089ccf677b0dd3efde222a15ef2f5cdca4ce71b1288dcff407f8,,6.75 inches,720 × 1600 pixels,N/A
941c2bdd3954607a204d0f975fb3b5b3861d87d2a6c64b7b1afc8b1711fe8694,,"6.8""",,
9ec2d4a37cc6d2ca335e15bf9a30b2589b0080a9cedbe320e493e7a2fb1e6894,,,,
af88dc669c8c14858e768014d76357ffd30b42a3e32ae7823e5e3464c8990bfb,,,,
3741627ce8d40e1de645cec2ccb915e99b8587cdb807d90e7088187e529debf4,,6.5 inch,,
945f665889b648b490aa4e1e1e309bced30fe9df6b1b44f246b4c17cf04f1598,IPS LCD,6.71 inches,720 x 1650 pixels,Corning Gorilla Glass
ca995eaf645fdc6b6098e05d6011f62ce836d1096f3639b74d1b3eeab688b187,,,,
16e511601646a0ff7b521e02f9926351a41f2738765f9243bd443f502ec3f33b,IPS LCD,6.52 inches,720 x 1600 pixels,Corning Gorilla Glass
e46c6035eab5a2340139e6a9c31aef1ce18244818552f6175c53892b8c7df17f,,,,
c3bc55323baad806e5d1decaae12cf72ff0fa3bdd9d6b7b4f2122039aa1ad058,,"1.77""",,
9312c93d8e18119a3b06487325f6c9cdd8bf23f8c3948fb601780977c9cab08d,,6.52 inches,720 ×1600 Pixels,No
ac39fcaf36808b5c60fdc58af3aec57590af0598f550f35e5bf008eb59502691,,,,
7038df85fb1bd1fee5c327f13ce7a0dbfc0553e283e0c24299cc8ce51d642bdf,,,,
26fc541e9dc40e97e4706efe6e90e3c8f54a06b2b94f5fe17a8328a00ff0fe58,,,,
61545498b654a4741f06c864b7191e9ece2f25b531f4d10a1d18dc0a7c2cb490,,,,
1e84bb8c328d79fda8dd3bfe9c6c53de86f450b560854a734cdec4d035a78e58,,,,
14f1b6727fa8b752c2e13dce1ceb54ad0ee0f5f24f3acdcfcbee4959143a0674,AMOLED,,,
3adbec68f71b3e49929a0e9257c29411ac24cd7a564aa88336fab25f0094beeb,IPS LCD,6.74 Inches,720 x 1600 pixels,N/A
0b4d1f5e0bf73af179d01aad7aa7c076bb1f55dfdeb815a85a00244e94b0ae7a,,,,
01499871167e61886de9207467e6a24fb041412687811c654560b52fdde95cec,,,,
3adb60112724416bd08cc51c829ae6d439b07e5d1bd8dfd3a51a6794499ccb67,,,,
8f49fa7ee7a909ee15089407eca8c0ab7d3bcbb0ac8cce105af4ea21672ee277,,,,
9aa99023a59a1388f0f04a6a0869c36d36b011ff0987396b274b385946e74186,IPS LCD,6.82 inch,720 x 1612,
e68ecf7149a89d242ae306c90fb99d5a1c5f6e394f8ded1378f8adbe4b79d2f3,,,,
e4fe50651d4cb95ab38f8e1ac0753fb3c8fb588e6e01f9645920a8b629c019a7,IPS LCD,6.79 Inches,1080 x 2460 Pixels,N/A
b5e9d3438abf76f61dfe48721fe9f8ea13c78d5919ff144d68c30e226e5e0d54,LCD,,,
877be623b898cbfd46f421a9c0e400b677962db0a98df783b2388d19f5dd15ab,AMOLED,6.67 inches,FHD + (2400 × 1080),AGC DT-Star2
71eec2f28d4b4f9e47640945f983af000f2513abeae6132619e2461b1bda1e21,,6.59 inch,2760 × 1256,
300d4a05fc579971cb4aa6ccb9bf27fa3aed91609036f52cc6a8bd8bf8b17629,OLED,,,
96f91e1ac6ff077a06ccb93a2938a9f37e0b4791c80a7b3ac5b4b0c3867a5453,AMOLED,6.7 Inch,1080 x 2412,
54f1dc652210f3d5f66671170e21773aa06ec2bd5b4eabd6fc816df28fc2633e,AMOLED,,2392 × 1080,
1a394f1d30962cb4c512ed317877e8ac0de61a419238aa811988447507e3e552,Dynamic AMOLED,,2340 x 1080,
65a680252b31f5cbb59f2953ebbc54d8d5dcf954abbc53783133181138db446e,AMOLED,6.67 inches,1080 x 2400 Pixels (~395 PPI),Asahi Glass AGC DT-Star2
c3a19adcab78814abc9cfe0c3cf0f7ebc8888d2e267c1f0f1a5568d97e72a55e,AMOLED,6.77 Inch,1080 x 2392 Pixels (~388 PPI),
132152ea22ac90c95218781538c8d8c3b3b77a0c84cdd10e4569e645f33f3f80,Dynamic AMOLED,"6.2""",1080 x 2340 Pixels (~416 PPI),
246222c3093e92954c75e2b29da5bd7bb15473c3ada9fc2524bed9f3d69c3c24,Super AMOLED,"6.7""",1080 x 2340 Pixels (~385 PPI),
d5daec71adb1ac79be605a1c85f716d3c9cae44dff8045e52eee8440753eb4e4,AMOLED,"6.78""","1260 x 2800 pixels, 20:9 ratio (~453 ppi density)",
9a88a9bca1a6963fe409145147817fcc321a3a0cfd3cb181a9614bb44c4c75b1,AMOLED,,2800 × 1260,
e9180c71f85a29e8a4d98deb05573a75f9af6feb446d9fe5006e23c74e04f0a2,AMOLED,,2392 × 1080,
0fe19499f0061c2e7c7d53ae7df15758aa8998bd1e5988409f56c49e75861628,AMOLED,,2392 × 1080,
cec126cba6c6b235d2f1f473b7a19785ff00f81f32691d928522e6e7664d2c18,,"6.75""",720 × 1600,
2b66ff854c8c47c0a446277def0eadcb047b4db6fb0f457439c3a142eae3ca25,IPS LCD,6.74 Inch,720 x 1600,
ebb8e287ce6225a1c37f1074aec4aaff8ffb44955994a942606e9c80cabdc4c0,,,,
c5517db177d73de8394887b823f0b22a37a94342cc1b09a7b581457aebde65c8,,,2800 × 1260,
c26500722119999cd6d1857f8a80c2f73546ad6da17ed103630159ee6ca0480f,LCD,6.74 Inch,1600 x 720 Pixels,N/A
2733065fe82cb1fef0db6a447441fc103863b4461a9437feae8093ecad56fe82,,,,
226e6c62682d6461972c708b2c43a5615c99895500083be5c78c559525f071cc,,,,
aad89c6c504808dd0508f7930bde13ca4aaf1ad851a0ff3f6f657e600497b6fa,,,,
6dc628f357c69908bcd189a50df6754e81f4d0db66f420aca54e359808c93257,,,,
74765d27a489b5114d47aad29cc54d14663a2ae90caf286de2068be5e48220bf,,,,
9a8915bf58bfd2d8dbe35265a3cb594a430b80c623d920756be7963e56a1bb1c,OLED,6.67inch,1080 x 2400 FHD+,N/A
ab5d10dcbc149792a544ac0bf4f4686abc5d61e77a4c715da008714dd9ac01bf,,,,
c274c9e2746358e3c959b6e9120d46019484b22efcb5c8930944d814ed7e797b,,,,
61df89ecf6c9a3ff8f3941716f397b72aa6d9a59ba440b9f6446a82fade64e6f,,,,
9016a34c95d7b4cedc764687c6a96e09ca6abf46170e00216cca482e85f9231e,,,,
5d8c8633b8489935254b391bc3f964f53cdbfa3097e050fa1fb05b7cfd8c77b2,,,,
dde6ef6405f5c62219caec1582fc526c7e181918aaf8ef1bb74caa470d32a418,,,,
d636866b047aea8e40e36c4f257fb860bc130a9d99314826aca97ad4c706f23d,,,,
a0de4d34b6778d06164506dd7002a788571d24a8564659270c69533cf7ea5009,IPS LCD,6.79 Inches,1080 x 2460 pixels,Corning Gorilla Glass
2d7f7bdfd10d6b882fa07dbf2b84ca0c1849f2a221f5fd8ed142d9b9f08a1b2b,IPS LCD,6.79 Inches,1080 x 2460 pixels,Corning Gorilla Glass
7c8c24b329c6c0b36f32b3337760b405510fd611ef86b43b5ee5c988e961cb18,IPS LCD,6.79 Inches,1080 x 2460 pixels,Corning Gorilla Glass
b88b8222b083917c819589542ef96b9dd80db8701f1513e193e09c5d0d1ecc21,,,,
5ffd3a34668a7163f47a00dccc3efcd7291b2da946233325e6c1af70e70dd71e,,,,
dfb662bacffc7794d659013c78b6f7ddf4f2e84a18d61a32a9193e1c00098117,IPS LCD,6.74 inches,720 x 1600 pixels,Corning Gorilla Glass
e9fa2c5cb2843ae5a33412ab09ae75ec9f3c2a5a496902fbe5ffd7fd172df3f2,,6.7 Inch,,
2b57ad5dddba821853ff3b6eae87e8ebdd8467509b964a2fea8ac54b6d38634f,IPS LCD,6.74 inches,720 x 1600 pixels,Corning Gorilla Glass
4b8a28f1ea765f2af56cd28490a9f8911dd7e5aa1e6e34ceb081e144949f07cf,IPS LCD,6.74 inches,720 x 1600 pixels,Corning Gorilla Glass
99241aa8a0b7eee57eb0dd7aeec14b32a01f43631920da32de21c37a02316e32,,6.7 inch,,
f4da9996ec6339389391080c0712a00e5520662d640bf44ad491e0b8a4638db5,,"6.74""",,
d7db0123de394cd68555b4b868303343c8ede3a99bf0998c962adde426da82c2,,,,
37096df69a535b7a8fefd6e8001aa2fdfd3307e2e2d2edddc5aab7f4cd22e988,,,,
dbe15df963f54e62280e99926e4f2de9c2b660cc34800ca02ad7c71e7ac2f6d9,,,,
98c22bf451ea7875fa464f560637e516af839b938c8410d98a28cbccad7d1669,,,,
2c98e4f0d8f0cb99484d756512bf610330006b7223cf59530abf687c56a936ba,AMOLED,6.67 Inches,"2400×1080, 1800nits(peak brightness)",Corning Gorilla Glass Victus 2
68819812b255744c9812dde2d193a6e67bb23c6a95a1f7c5a96f570628bc4ba3,AMOLED,"6.67""",2400 x 1080,
3e7c859bddef37a2e0dea4c567d3f9cba14b391594a1f6b1381c091f6139681e,,,,
1ec5acfc347321a2a0e3902b6e758b7653f86b323c6b78e93f74aeaba77cd48a,,,,
0808eba1b03a7dcf0629e4592f237fa394cee66513c84f45d156368774fe02e7,AMOLED,6.67 Inches,1080 x 2400 Pixels,N/A
21811b2e750612c38ca9271511033197f685cd40d6707696fdfc6ab18f075bb1,AMOLED,"6.67""",2712 x 1220,
d60d22860e989a5af6354ae4c62bccd36274bffe2b9732c9f2c10060db675e27,AMOLED,6.59 inches,1256 x 2760 Pixels,
3283f0d48de9a0efa8520fecea45af5a490c610d8fe65c428900b89399b62591,AMOLED,6.59 inches,1256 x 2760 Pixels,
646224a9e660736fb669441f38f44928fe78919f5198c6b602095d34436ec9cf,AMOLED,6.67 Inches,"2400×1080, 1800nits(peak brightness)",Corning Gorilla Glass Victus 2
f40054e2fd16b22fb0cea6c89324f672abf22d4db00da60d5055e0a28ca5ae4c,,,,
849520b99a7bbec71a8e034e30f02e2f87724f675be0be3f73d6730d8cf04242,,,,
fa93e9c0d21771b816c104f61764cf01fb6e231d1266b4c74c89f294ae072be6,,,,
e6c4b3b3f0c96521ab1b34f78137dff83b42bd287126f18ae398d06f4450d77b,,,,
c7e068fb84fa8498cd9f900d16f7ed92f9f135b97e494d2645a6d742e30b70ad,,,,
58c7930c9b2d5a7dffbdde10fcabcdba5cf54d31d13e1e6ce0cebdd5dc1e5402,,,,
9906ba2f448f1968580f10686648fd9fa47908f3e0a02e80726071cf534d6fd3,,,,
b4b80f0a8a0477a436be4fe02508403b96d8da47b6c1f40f063bd15d1a0ae8ea,,,,
60de647de67ed5fe4df93f26f09907c56363a8ede09b0771cfaa05264cd77e84,AMOLED,"6.7""",1080 x 2400 Pixels (~395 PPI),
5b5d8ce78dcb47ab0084bae055692a7306eeac6027bbb5da9d9d8817e7c33023,AMOLED,"6.7""",1080 x 2400 Pixels (~395 PPI),
c685f6c1e8c4e7e8cebee0c752aedef64d62136c3829151d17450c29c4ee7a8d,AMOLED,"6.67""",1080 x 2400 Pixels (~395 PPI),
bbe49695b4a69f9a55358fe8b0bab60edc38db6b6cbaceddec64b1f9acd2857f,AMOLED,"6.67""",1080 x 2400 Pixels (~395 PPI),
72ca1689541e44aba78b6da58e1f426979fc19b9bbc084ccf35da4930b13b3c6,AMOLED,6.67 Inches,"2400×1080, 1800nits(peak brightness)",Corning Gorilla Glass Victus 2
f26000da08c698f4b334f4935aed3d780519cd3376a69ed8832f5bd0c79d34bd,AMOLED,6.7 Inches,"2400 x 1080, 1800 nits peak brightness",Corning Gorilla Glass 5
36edeffaeb4c52b26e737a2e260ce1a45ef8090d11086515d88f1e5e3a7bcd91,AMOLED,6.67 Inches,"2400×1080, 1800nits(peak brightness)",Corning Gorilla Glass Victus 2
8176b74a327cdb8efce19996112b5d48dae05943208803b064f30039007e13cc,AMOLED,"6.67""",2400 x 1080,
2d46d3df9d9e0ad00e500852da1aba2208dd241aa9de55174a335ce1b513d5a9,AMOLED,6.7 Inches,"2400 x 1080, 1800 nits peak brightness",Corning Gorilla Glass 5
afe87b9c2b1ddb17b16c552f126af79a793101bbccbf42f1579247612c500b08,AMOLED,6.67 Inch,1080 x 2400 Pixels (~395 PPI),
46ed46afdd6b1bc33b0c4e6b31d9a9984c2fe000a1cdcee015d592d75132ecdc,AMOLED,6.67 Inch,2400 x 1080,
c673687ee6b8609bfd53162a76c8629183e408706387159acc2345de6a45f9b4,AMOLED,6.67 Inch,2400 x 1080,
eb9e5dcab12c69b0e8ede95651df071259b065d8cc6949b65b6dacbd74a5af02,,,,
3ed94010471e6288bdbaa28e12b8dc2d57945c6c9dae2d6c3eaace1a6bbe97a9,,,,
b134450b0cadf29d9b48a6df2f09b2527431eac4b44886251b78ae7dddf795ae,,,,
6ac23e1526131b09c217df6fb96ca4fb865981d786779eb7855ccb7d0780d760,,,,
bdd8c16e135122f5af3a4c803ef17cd35561a375bf7c4d6930e7ce017ff95770,LCD,6.88,1640 x 720,Corning Gorilla Glass
617f79f841686f44cfd6320a862572efbcf17b69885c18708dd33d0454f41fa0,LCD,6.88,1640 x 720,Corning Gorilla Glass
c68abaadd0f227583275c32cc93dabe88ab6f3448fa572dd636cc8dcfab87c35,,,2392 x 1080,
78772cc4e73c75917db510a9d21d08e7b4da0fb0618494c750c9e250c2a3ea9a,,,,
d987dafd7b4a95e922b4b1ee42015ea8e17107b795993e3dd1b1d4e69c807cab,,6.8 inch,,
f0e7a6f8110466dcab6bfdbe0786a29a0003f426a7ddbfe3629265ff2259c7f5,,6.32 inch,2640 × 1216,
d64dea1f71a6437b2e3a0d2b216ea02b6b07760e39d8c323dc59181fb8af8ed5,,,2392 x 1080,
2dcde7e549de3504b2f2353f8d80d7d5509986cfed8c96011665bb5b7407989d,AMOLED,"6.83""",2772 x 1280,
dd323a227d94aec9653b183064593a9482892ceff8438388e9808d299f762926,,,,
964543dc45f596c4b413ca6410d85eeccaa82766302d0dd89cbf5177d62d6e56,,,,
88a337cc59d9a27e463e57b096676ee24f9bdd1cb08eafc7fef3050d46ea774e,,6.5 inches,null,null
e152482c68ecb397665a688665e1b4d3eacd1260db6bdb6b0b6ed89cb1501b09,,"6.9""",1920x1080,
85da65ebc43745957e8e8c606c976d64ec0b1c9aca778ba951f54bad2f65b8b0,AMOLED,6.77 inch,1080 x 2392,
66652d097d2a9976918a1c0bad5f73ef58a02a97d1aab6c45255769da6ce86b2,IPS LCD,6.9 inch,1080 x 2340,
289395745795007a78dd89b3d9d27ec009ea0828137c3e9be12044890a4639f0,AMOLED,6.77 inch,1080 x 2392,
2003af5f7fbdd8c383336b10a7de48a82d9e7faf60377526ce6580e130008695,,,,
1835913dea42e6ab0595691ea21f08ca52ac7acd57ca65135bb1e07fe6b052cb,,,,
01d12fceab028cc579485546b62c472d18df3f899b0f4e826c54abe9aee32d37,,,,
545378d93087b9b1a2eae9618bdbcc002c3f94d3fee782f991e0ad63802fada5,,,,
0ca050987d055eaf57eff6e54ae1e97a9bc4774e739688753124529fcf0d634f,,6.56 Inches,720 × 1612 pixels,N/A
f7a49dd2b99eb88a78c5d217bc49730e16c7f788ef6f2d211e087ffea3d02f91,,6.5 inches,null,null
9bd3b9b05782755af4f25d86e25a56ac3259971834876b31fb05fbab67d331b5,,6.56 Inches,720 × 1612 pixels,N/A
5a6eff58e7be0fef8ccd13bc15771a19034b49f11d4762485339b54145f4f0f6,AMOLED,6.59 inch,1256 x 2760 Pixels (460 PPI),
b7aee1bb08ad29a35b6243ce23c89abe81ff801607197dd9280168a2422e3bb7,AMOLED,,1280 × 2800 pixels,
c41c8db10c6203c7a7836e89b50556cc8c0fb3e06ed98ea932b7f5bbf034a8f3,,,,
d7b47c6106241e3ed9d3f3e8b380e194b67ad2666a490d047ab74470cab1f3e6,,,,
332f24c40325c5910ace3c84e49dbe04358de93b7751860e28c2b8494591747a,,,,
b3548f24d640069ba11ec02cb5c2f819fac1931c61bb1d04199182f7a5e17361,,,,
4c56909c044af027f7c6309db0a639503c371c5616eae64df3742de0605d7577,,,,
334ebfca941e00609409b805a8c914d0afd363ed2b8b9bca58035631ed5c5fa9,,,,
4f07570a9da1a67a5eac45bab987ddd3454931eebfec3203f749fa7d54c6048f,LCD,6.8 Inch,1280 x 2800 Pixels (~453 PPI),
f844df690290555a33ef03289bc54881784dd047b93783f075c8526a9280055d,,6.8 Inch,,
db169f3f033fa74d0e549b76cea72e467ba2fbe192c3d1508d3a3aac36c4a43c,AMOLED,6.59 inch,1256 x 2760 Pixels (460 PPI),
f19dc83bab58c164ec2a0d542ad9e589f7868352aab88aa6ca58ca54b4d20cde,AMOLED,6.77 Inch,2392 × 1080,
bc4ef0f1a76f89098ae4198579742bdb36c9d664452acecda317cc619a272f5a,AMOLED,6.77 Inch,2392 x 1080,
7650601ddddc200915565a48bde091f46a02c7e0e98a436c76b70d6ac5cb1df5,IPS LCD,"6.9""",1080 x 2340 Pixels (~374 PPI),
5b92cb48748bbc324f7770cc7658e82d6a6b4ccd31070ed799e9b698478a656b,,6.9 Inch,2340 × 1080,
75a947a2e60eea8c03786c33d7e8ec6a45fbb0487bb633e380fd1747cb7d2fc9,LCD,6.9 Inch,1080 x 2340 Pixels (~374 PPI),
d6fdae9ad7e8462921dc2fc056aebbc3c16c1e959b0306b44127565dc8111d65,,6.9 Inch,2340 × 1080,
ee430913ba14b9dbe722ab6c28db311d53f9960daf0527de7e6cc574df9cc5e7,,"6.9""",2340 × 1080,
e6bd477345318f499c5bc9508375e185866429b52a187e1f25c3da89a1d6b012,,,,
5203fc78698345102dc9f7f1a795c4179f5e158dfe9fba35bb78dde9d2aa1b11,,,,
9c6af201a5815e8e7476b1eb3f2f8e260f92a0891891ff8210a30024523e734e,,"6.9""",2340 × 1080,
e7fca76d65a577ae18a0a5169e30c25afea69824b4c070849152ed1e1231f657,AMOLED,,2392 × 1080,
50122e489b2a391ea75421c0b21bcf40da0dc3f7938453d60576c3b00c4a8e61,,6.9 Inch,2340 × 1080,
5de090288440b21146ad3c206e607e18dc11b1528da1315a72813143bfd7c8f8,,6.9 Inch,2340 × 1080,
8462d5ef255974471a27e93f862493769638066ad29660ab1fdda77992f2bb64,AMOLED,,2392 × 1080,
5412a7dd555027bd19a920d091e649f5d66015bea10815f80f68d55b37600a36,,,2392 x 1080,
3bcc3566ba25704f623120e18b18baf1c222a3aa5d8ef64868b6b31d651d16d0,AMOLED,,2392 × 1080,
c0e5ff4851d63bdeae0c666a5fc205c9c17c55d83307694c01434b30b9152f56,,,2392 x 1080,
e6b7e10f832f63fbcf2443d8f515babf20317739a651a16a0a88273b138d235f,AMOLED,,2392 × 1080,
66b4d79c7d6d8c1cd01fdbbbaf44793fa3c7357eadb8f035fca59b329656b7f7,,"6.9""",2340 × 1080,
b16ee733d65ffe0f307b6e2fc2ac3967b67832ad5e4cc09f622efded32ccbeb5,AMOLED,6.77 Inch,1080 x 2392 Pixels (~388 PPI),
be3131da990cb121a19a60afb1daea0122e1d7e50b045eac9f2f3a6a5ee844a9,AMOLED,6.77 Inch,2392 × 1080,
0b1194933ac80594b6dd76d012d296384805e069e50889d10be2abd78e256dd1,,6.9 Inch,2340 × 1080,
4eb82852a9ee8c6f941665b546f116d3954608740eacf26c74962f31e5a26d2a,AMOLED,6.77 Inch,2392 x 1080,
4e9745194ff512a1a51cf514ae73074b7af278bfb8b744a7ed778db60d3da6d2,,,,
6fc1832b86864b76507626e6aeb41cf3bd7535dc4c1220715767c4facc519fde,,"6.9""",1920x1080,
4bf9a7822bed07745943e7af99571ec08c670e832ad092f0af0c732551475550,IPS LCD,6.9 inch,720 x 1600,
e0bdb7da823d1581922ce91488998f0284241680d76459b827bdf0d492fd99ec,IPS LCD,6.9 inch,720 x 1600,
f00e28026d0324d7ff7c1f16cf205bae2e24e6a59e0d5b7a65dbcbcb29edda8e,,6.9 Inch,,
0b5a3edf45d549a3826de1a64cbd946f633308ee31c0bc2d8afce93119f147b6,,"6.9""",1920x1080,
4c6f819f63b67d368751e4fc0d3a7bc2020a13d4aa63d52790f575918b7817b5,IPS LCD,6.9 inch,720 x 1600,
335320bbb590f74eadc5e6166f749bde6fc5d4d3f219591ba577c18285fc1578,IPS LCD,6.9 inch,720 x 1600,
ebff9854da3fe1c2ba4782ca10d2e6940346f611de94d48547c2f857b679a745,IPS LCD,"6.9""",720 x 1640,
0dbb0579b19e0688954b639ee64d6434818e251921959363dc78776c30ce1b60,,6.9 Inch,,
63d89b012ac7a41eec9a721e5562416e07425425380defafc79c2b68303bcb80,AMOLED,"6.57""",1080 x 2372,
672955cd3f8529917e20b5590fc562d59bcd40debd670cddc155a4a9efda1c52,AMOLED,6.57inch,1080 x 2372 Pixels (~397 PPI),
86650bbcf3676729b079f05c71c4245ed08daa6d4ba1170e6b89eea74d440a65,AMOLED,6.57inch,,
24513215947e0f7c97c35a275be9f794e009cccdf2dba11b65fbb2b93424ae25,IPS LCD,6.517 inches,N/A,N/A
68389bf2104988ca1640c1b15b14b34fe294be780d1e7c497e7dcf27f25e122e,,6.745,720 × 1600 pixels,N/A
c9bc65164472a96ef158b15d03d4a9b2d33a97de57fe12b5823b398fd0e1b9a8,,6.745,720 × 1600 pixels,N/A
945f786eb090a12ef96a62ea06e0d3af8b98dae30f5f081f97657bc1f5cd18c8,AMOLED,6.57 inch,2372 × 1080,
51a75a724ee15a452f3ba21aa7f520ae28e2b98c526ebb4ee8b867fb3bb80edd,,,,
a816885a3800a62d6c8601ca8c97c5be4249967bc8997c81adde7a100c54b5d6,,,,
3c88b6d32f684a4a7afd37c1ed17d1cd4fdc88471e104e376e2a697e11463dec,Super AMOLED,6.7 Inch,1080 x 2340 Pixels (~382 PPI),
9980ce87d8005e036ba03deb1ed92bea80354856e257c613bfe1322d1413b7e0,Super AMOLED,6.7 Inch,1080 x 2340 Pixels (~382 PPI),
b7bc5ca7af9d61903a2b299f8b84bce10105adb7bc5872ba985223a1d3dc83d0,,6 Inch,,
e0b1d6a254bfa7e700bf9156842c2d76ff3d9b4ccba8b83bdf716ab5ac2ff399,,,720 × 1604,
6887f5c6f37566c13fc2c8f61efc61ed97a65b7b446054907b6429747c2c5b84,,,720 × 1604,
9d0472d6439ef7dbe90d048b6a1a9d77eca6fc4e564d6dbdafcada3040f0abdd,Super AMOLED,6.7 Inch,1080 x 2340 Pixels (~382 PPI),
182c514865dfa11373f45782a0ede83892f9c82575f10d7d4e069c280a8ea77f,AMOLED,"2.0""",,
e665d755e5002b5a5e18d97a0a4715732f7281b700a9896171b8e1dfb4128342,Super AMOLED,6.7 Inch,"1080 x 2340 pixels, 19.5:9 ratio (~385 ppi density)",
bfe76d30f5ae51d686a2417f234d5f055a88af891eba83267c138ab8158e6fac,Super AMOLED,6.7 Inch,1080 x 2340 Pixels (~382 PPI),
032a78ba99c77ef679797fc787b656e02912379b6e521273d8aa8842abdc3752,Super AMOLED,6.7 Inch,1080 x 2340 Pixels (~382 PPI),
aab5260465c51163bd5ee454028381ebb241c258608534855998d29477faed0a,,,,
e5b81e1e2204a97858362a0b2cc61db2f24b467ef3b4c01e17416ca0fa5b01d8,,,,
6f93b0eff2b71031f9629b3e5c8c61a804f7ae84aa9b3b0b655ac035baf71138,,,,
b8128620de3f1c26bd2efb8559fea1a49a10c017f8d6cdd5f42520a153f630d8,AMOLED,6.7 Inch,1080 x 2340,
7466e1a8f30d534fd7105897ee6fa50369d4ea452730217193ee50da4462046c,AMOLED,6.7 Inch,1080 x 2340,
8b86886ceaa2ef30f3317f0faaffbb0a43ae5e252f3c0847cf2e9860d77befe5,AMOLED,"6.83""",2772 x 1280,
acb3ea3da8974f5990de23af24a47a3c457ba5caaec24bbc945754f332bde9cd,,"6.53""",,
4b71be9b28acf518e7ef75a3d68ba6244b1c29ce3b8149763df2811e256cafde,,6.4 inch,,
caa95bed8830c37961c2d41e554a41d88872b6e327cb7bae26ccfb578da8395c,,6.4 inch,,
32942ae933becd07947b82b9953c1d023676c79487de2dcdda837056b0971e0d,,6.4 inch,,
b56763c3c0acd113d448db22c23837ea95c8338d89e1e02d5e3aa3f1f5244f6b,,6.4 inch,,
efd52d76b02692990d219f9052868ee92c98119eddd47e3807c45e6bd5f6031b,,,540x1208,
797fcb1895da7e6a30784d5cac5eabf8f084aec5b3e4f0456c2e087de6cee60d,,6.6 Inches,720 x 1600,N/A
adea8b64e826372c818032f8eb98054e134d5fb1da7e7e54f5656570ff581d4f,,6.6 Inches,720 x 1600,N/A
412d8f35d1ed1d00f5af62ce4efe93aacf561ca02a19db6999b68ff0c0a4ae62,,,480 × 854,
76eb6808d1c408b3006484f2f46ba0b99ac4645721df6859de75104d1e81a146,,,,
5e266937841cbf376be8de3b598a1b9d48fcbfef14402b21bd0ef8985e5098a1,,,,
cf0157a7fb74271b008d16a04fa2fb0322a00ef291fc374f8d8255daba0111e4,,,,
bc4e8a52128dc3bc8f6791b6a29e77d731d5f26a568295c648e6f47c5221f03c,,,,
37bca8f8a8072504f4e9899ad05260574b11343f25e90e500572138e3455911f,,6.517 inch,576 x 1280,
5e3f3e3ee11a766ba850352c186a940e11918582b67de18d1f87f3486b50a76c,IPS LCD,"6.67""",720 x 1600,
dcd04f00be708991c0dd0f92fa03a5884ee945d974a867720906e83ddacd6d95,IPS LCD,6.67'' Hole Screen,720*1600,N/A
397a139b5042a658f3292dfe7ff262959a1b2753531ae10221577ef025205c06,IPS LCD,6.67'' Hole Screen,720*1600,N/A
3a1736b32c662edc0079370fe3e2105c458f100f4aa0fb3dd9a5fefd1ae4be07,IPS LCD,,720 x 1600,
1bb5f5cdc40acf3f1547c1af12653aaf33fc1c51c64962ff4e4e995cfc060ca9,,6.0 inch,,
e800443b3b475064eefd9721aafbf9a749f59cc1f4b86dc3c2edd1b49eb15bc4,,6.6″ HD+ IPS Waterdrop Screen,720 x 1600,
5b21492884dbef8276eb70e589c1afcfba170a96a4ecb3828eb28bd09299ff32,,,,
b75e244eb8fa6a226e658e32b60446bbcbbcf360d4a22ca74e3e8bb8ddc6efe0,AMOLED,6.53 Inch,1080 x 2340,
91c329ec7bb03f81c5e5f64abc94e030ba367a55eb781eacae6bd7580b546ebb,,"6.6""",,
f7a384161c01aa2518fda50ae9234513efe88e4af724051dc9145ad1a3d6dda2,Amoled,6.78,1080*2436,N/A
6cf7f9b2ecd0ce0d4002076c9e0d6cf789f399da3b6e560240566d15043746b2,,,,
28b0fa2e15e9514ed3554d140220dcb3afb430244d32c5ef9934f29831ee7d42,,,,
e9e555cdeab94a987afad3c8e82c8f19be7532cc13c1738060c4e89573d37536,IPS LCD,"6.78""",,
73743a72005e5c205c98b8900f97a332eb8457c57eea2ba75788cbad5e415a9d,IPS LCD,6.78 inch,720 x 1576,
8c7b77e3786e8056ab0d1b1c890b39455a5e3f86629e0a79f155aa022eabd75e,IPS LCD,6.78 inch,720 x 1576,
b50c3eb5a84d56393833b3f78d513497af7524003fff95d225d7961a2e298eb0,IPS LCD,6.78 inch,720 x 1576,
d63acb9b336beac347e371eb08a4e93922b72e618d9785b1f7c3722450a9dfa8,IPS LCD,6.78 inch,720 x 1576,
abc8b9cdc916ae8f6ed4435c05d55dd68a653120444afdd89d3e87e47b18fd61,IPS LCD,6.78 inch,720 x 1576,
14275c031279548bb630e7b7455f03e2a5753bfde06991acfdf7ef234e4e95f2,IPS LCD,6.78 inch,720 x 1576,
d29e94e3376915eed91a4b655268d915dbc075a4cbfc39682e7cf7b09135055d,LCD,6.78 Inch,"720 x 1576 pixels, 19.5:9 ratio (~259 ppi density)",
554f6dbc728f88ebb4f4160c9c97c4d9c06f6f4eae99948ad38564844892a104,LCD,6.78 Inch,720 x 1576,
bd5a62cffb24a8a04aef0235a7f4d2971b87641bbd776b1c765952ebf4907400,,"6.51""",,
8109eba896f4c33b2f6816e09a29de74afa4e4612b33fa8b940e44e68b6d06ab,,,,
8a6883f452a558e2c9232394841b88070a8fa86f4101833ce7cca86c299a0ffc,,,,
fa4773f345a73fb2ca314b928c71ee6be498b011e35d72510b0a89e16f374d47,,,,
9c4cfe5e8c0305516ca673ebb01844469e64ec423b0479f2d55eb3f1ce738e1b,,,,
cf745bb6b15fd54778a2a3fe996203ce0a293892f00a63a05fbd134277f1c5bb,,,,
ef5dae4329e879e89e8050795d72b351b67a811442937b91284d8dee65240a67,,,,
0501ed6a3b10896626f61e0d95d3c422c651051109dd4d81810c6a9d562bd185,AMOLED,6.67 inches,1080 x 2400 pixels,No
55f4b7f1e9892d97eb94986e54d6d2165523e344fc86d07b5ae7e894d37ff6e7,,,,
2f8cf7a0e50da0537777091a3b9587ce6ba62873bbbc4042fd7e22e82b5a515f,AMOLED,6.67 Inches,N/A,N/A
6a3c07e5544dfa1a01605f45e3fc750a8f7e3c25fdcbbc267a2b9bfcd2ed085a,AMOLED,6.67 inches,1080 x 2400 pixels,N/A
99886b51b3fbb8ab8342e786630bf515d3c7d5779472fc055d67874299a9c9a1,AMOLED,6.67 Inches,N/A,N/A
f64ccafec9b310891b268e067f2296c10a7af28e13268799c3c106230e46753a,,,,
b0f61f25d298052e7fc740270952bf0a9ea2b6c5376082d6f3b2e64a75eb5ca2,,,,
619ff6b5f68aafa706c2e5200e4097719475356ae2fe113e9202deac0102829b,,"6.6""",,
6e5ff8709088399ad409b0afad0aa493d7cb8b76daf32f7942682050b5ebdd14,IPS LCD,,720 x 1576,
dc00dcfa666c62ebcab10e609de71ed1319bc8540e53b18c69d5b40d85ef061a,IPS LCD,,720 x 1576,
51f3db2b95e6f81c983828383a97201ada061c2dde5144488f3cd48ae4cf161c,IPS LCD,,720 x 1576,
d70603d77e36f8862c0d8cbf32b93254f3277fc156255f78abcf13b58d824252,,"6.78""",,
7402a4a68a3a711ec4e9b6767012aebb4f5813262ae57c9d040efb4c431ae34d,IPS LCD,,720 x 1576,
36a232e44c2a01141b59a9699127f84ca3d60d44aee1b1c7e9385be63a28b5d5,,6.6 Inches,720 x 1612 Pixels,N/A
2abbe47e88726c98b8a26ac0aa0c6e5e8f3d32ded64d674d188b402941d556b2,,6.6 Inches,720 x 1612 Pixels,N/A
077f8c30c22db00e85c5cd887ac8f40793ab1835092e5c85588cb85db41c2f64,OLED,6.7 Inch,1080 x 2400,
138cc965b7764419bc3b3ba7ee022037c5260bdac8b0378e8bc05416820196a2,,"6.5""",,
f12d2b29bc2c834e4a781fa4da6b433be113ecc176d7f19eb486a7149b73f62d,,,,
af588d09f188a69786c342d9089639678bf0ac95900066c1e5bddc623dce966e,,,,
f0292439c9161f4d1ec58c7e98f7c18911297ec661543ed6e91b99a66a6ec3bf,,,,
b78a29be1ae2a028475f9ebcf5e767fd56a863d2c6f68d3b91d129a21f77b1a5,,,,
6a3991d3f82a8acb6ab3bcf2444e124cf5a9763ad1855a35f759a7711af79862,Dynamic AMOLED,68inch,,
e3c1662b6a3de48740a185d570b28c09fa217b8a95b3768eca208753baca8da2,Dynamic AMOLED,6.7 inch,2400 x 1080,
64c5d5288d5b9356e12bb58fb256d53a426c8184d6e321df54d54bf2999f3f8c,Dynamic AMOLED,6.8 inch,3080 x 1440,
8ce0977289f311b510686ebe8f4f51b8c67864bff2a0054b7f6a7686ec5466e4,,6.5 Inches,720×1600 pixel,N/A
3789c64f5657043c402d7fe817e9f0595e634fcc048f4df30a7b18c8da6f2aed,Dynamic AMOLED,,,
873eca65b62d6814e4c1030fbb88d68de0b7fbf0cbf514b27262ef730c9d867b,Dynamic AMOLED,6.8 inch,3088 x 1440,
334666aa721e211ad66a8c56bc24e64d0be077ddaa6a7596298161e202eed9e7,,,,
ee87e51d952826809b920f6eb10fcc0d55ce23c925741a33a7951b861f1dadf8,,,,
feac76aa88e6b96259218a993e1da9bad88a52bd9859f511a9f94ced438a7554,,,,
b2dac7fb86550708817bfbb7ea516e0635db72c39d98c2be009b973316a31370,,,,
c94c4ac0b80b0b23751d85f34b416fe726ec8ffa6ab282f06bd106bcde74e918,,"6.78""",1080 x 2460,
23a48bddeeff1f063499cdb4568839f74a1592ba9e1e174e92ac1cf2326ec65b,,6.78 Inches,1080 x 2460 pixel,N/A
fc5ead9850eaf13c310428e95c36c4b7d315c79b1fe12278390d4dfae6c99475,,,,
f07923b1ebad948867425914c2086025059972bab1ea05e76183a2a2a918505e,,,,
f978d50df05f91030daa59496f8b14d88dbf2e68938fa428d195924975a43963,,,,
783d56e1ef8addedcb40ff9a5d0493043f0b23f2b80f9d75d8903a0f25e245bf,,,,
13ee58850180a4ccc79fba78486edb52bfda20707851437aeed1c1fdd1a99fb9,,,,
a04ab16c8fd0e8b4bf05add1cd5199a101860113d46bb88fc2affe55fa9fa266,,,,
61786e5103a2903b7c72fad18b67c927fbc675d8e2479935155c54d455feb69c,,,,
8a0ed7f4a5b9a6496c36e310b49b1c00f1b0117317eb62a5c4f5b2a17ffbab3d,,,,
783ec05b0586e81fb8f2886d978d4ce6f28861670ef94162153e2586051af360,,,,
bd3ccf015a25a1558f1c78578129428bbcf55cd60c897080bd0499d6a3e2b5f5,,,,
bf1ca06471680becb3138b4358272c9d2852094668144b151c6ba180816690f5,,,,
4bbfe3b6f5e5ee8aa86e4d388ee84bbb1f2a54e4e365f79c37446ed5f1d3c2d4,,,,
8be26f2fe05cdc1fa05b9c21f497cd796238071b5c31a1d0cff55caa86e07d61,,,,
134c5501a97c59325c50de81a6f38235e20f468a2116b8979b7fb27010b9c882,,,,
426061c249d5d1f82cd882b95b6ea30baadf3fddaf4527bf5e4062358f1c3b3e,Dynamic AMOLED,"6.7""",1080 x 2340,
bfea6610867087e3b38d3e434ab013efa16c198b8ee8c08e8d34daa158f0d177,,,,
fe29b984d60871ccc734f75dd111615ce36aaeed12c2c9134b19cc4dc22f869d,,,,
450a2eed505759a37639d98a03e63cfb697890adcc2207a18745b2c3c481d7c3,,,,
90c7af0c227842456a4ca16158a8a2471dd1c4059e280932a886a862cfe365bf,,,,
bc045abe0175606924c1edb852b171e3f533d9a038c8849a12d7519444414e37,,"6.745"" HD+ Waterdrop Display 90Hz Refresh Rate",1600 × 720 pixels,
260aef4e6acb192e8205da2b901efb33e2d7e684ab3e51fae49782a583cc7294,,6.745,1600 × 720 pixels,N/A
f4c3cc936e4fbb68d940c2dff5393eae17bb0728500990d5e5eec229db040343,AMOLED,"6.3""",1080 × 2340,
6e5ae4003f00812a4fe10a4c0488632fc5d5ee5fdb6f8f2a0a92d5a3407c1306,AMOLED,"6.3""",1080 × 2340,
aea0c99f8ef458a7064723a31aff8b8c3067b650cea795d537b2f22e4baa0721,AMOLED,"6.3""",1080 × 2340,
9583eba85f924dc9ff9d189f7af551fe82121de6453d1c8115a89c381a8a06a2,AMOLED,"6.3""",1080 × 2340,
09f7e60e5f12f681e1e11c9418915927d873105c2dd74e27a96f70124a0a89dd,Dynamic AMOLED,,3120 x 1440,
0b751c4c645d53a625833ba1b14d978c729e3a03a8665d8644217a57bbd3c2b2,Dynamic AMOLED,,3120 x 1440,
8585b7202d40cde6599aa7191e8e2e1f47378ea11e6fed8f1293ceb758db1456,Dynamic AMOLED,,3120 x 1440,
f15b6e6ddf72afe88ba67da97d432a5555e39a08c2f10fca48a1bb08d8312e39,Dynamic AMOLED,,3120 x 1440,
d0b9fb8139d9d2547489409cbd158436e623ea63e8c1dda48215e43cb232a775,AMOLED,6.9 Inch,1440 x 3120,
1805543b7f2a317215a404947ae0bbab6220fa120f2b898b653b8f9d65bfc9f2,AMOLED,6.9 Inch,1440 x 3120,
0fa99aec713ea28a2d405a79c7df8332d678c9de45bd32d00edfc50ae8a6a468,AMOLED,6.9 Inch,1440 x 3120,
1ea9d4ad42698ef514bb75c5c75c9666229ef701fd78ec670a66acb241ff34ac,AMOLED,6.9 Inch,1440 x 3120,
e1969cee41df69a65791c46fd911c0dd334739b60ea134ada2f23e5c5310f455,AMOLED,"6.3""",1080 × 2340,
d5274ff251ed52364f2eaab6ab6d5d2469037fbbc7a8d518821c6a616f646e41,AMOLED,"6.3""",1080 × 2340,
2cd853fb0eee42ce7ae14e24c3309fee7711c25d6f2b026a76e38241939919d6,AMOLED,"6.3""",1080 × 2340,
4780b0f6e365aa3b792fcd1170cd00710081f4d488f199971f70d1ec5a8a53af,AMOLED,"6.3""",1080 × 2340,
40164b75668f99d12fbb44b64befcd6902dbb531d15060c062e101ee9e987c1a,Dynamic AMOLED,,3120 x 1440,
b3d812dfb0fce013ab27203859e0c33e8d9807dc6a86c89c2e34a69d1b8f4a15,Dynamic AMOLED,,3120 x 1440,
800b3b2b90384ef60e45acf563e9a7879674a49cb59c658ff9ac01de008f1adf,Dynamic AMOLED,,3120 x 1440,
fab1717c719ad64735598fce15e0662647a27b9216256c2f8af56ef8ba4c6294,Dynamic AMOLED,,3120 x 1440,
041767e3924d12ae09ae81ec1de49ff9a41348483062a4bd6ff15bf68428072b,AMOLED,6.9 Inch,1440 x 3120,
93bc9ceb6eb6d7bb479ca5b9977139e4557cecce36f61570975c7241f0e144e1,AMOLED,6.9 Inch,1440 x 3120,
c5da12fbbded752472be22f8aab38ff0e936971d45013228c39f409ae8cd05e9,AMOLED,6.9 Inch,1440 x 3120,
e7936fb3cabbcc09d5db3a7b9f65fa5098ec90a13c38a920051f98d392ea6add,AMOLED,6.9 Inch,1440 x 3120,
94024010b9f7906ce41e7a35f32d6fcabe453a65a4ab78b6748e77d966eaed77,,6.67 inches,N/A,N/A
2425fa93cd4fe68901b0fdc2fb7558eb2d0391c1601c7749a47b49e08a8fa129,,6.67 inches,N/A,N/A
156075b38bd75b61d741828381ff021f9d8b9b03a616146d56dedea6c47a79fe,,6.67 inches,720 × 1604 pixels,N/A
907e2b5be6eac8c721de40fe81084febd1bc9741084cb12e235724977a90fdbb,,6.67 inches,720 × 1604 pixels,N/A
8b55db6d750327f345269775a1e8afed041608b09c4523cd62daabfe2ebd6772,,,,
ea9ef9734e9d516b42e77dbb2174990ef0adb8c9c28e71e8dd6c330ffe0f66f4,,,,
abbca5f3b3dafd7b1655bcd27f0e5026e1d49c26ca8aa15223bdda7c63b088b0,,,,
6abd5bafd91706c9b24fb646d90feaad9e8908e98d946f620be0b7bcc7590b0a,,,,
643f3231b38a9790b9eab9fba67c446a40a810d2ed6eb1fe68af5afec21e4a4f,AMOLED,6.7 Inch,"1080 x 2412 pixels, 20:9 ratio (~394 ppi density)",
7c5ecf4a9d582558c9a9b5d618fd9d1d8c524fc4b3f1ad5fbb71656852d6dc92,,6.6 Inches,720 x 1612 Pixels,N/A
7757bbde2d90e444990286fa4ae33af5aa6f2e0af7c4c0aa96fc9d34e199247e,IPS LCD,"6.6 inches, Refresh Rate: 90Hz",720 × 1612,
876ff7e2d5298bea6da3b4b1c1c6d062a115446435a02350b76fa348c06df85e,IPS LCD,5.5 inches,N/A,N/A
4f9e0cd39fa3f48ef2cc2eeb9546714b36b8974450e29f330088a11450c1c022,,"6.6""",,
930f1df0a7b5c34916fb8de89361f5cdb885fb56fcb92db52465ff152e5174fd,AMOLED,6.77 Inch,1080 x 2392 pixels (~387 ppi density),
bbb4208622428d10afd876a86f74703ba1abbace368cb8dedfd00d4cf1ffc4b2,OLED,6.67 Inch,"1260 x 2800 pixels, 20:9 ratio (~460 ppi density)",
e5c473f5f79e0a9bc964309f66a4485592842c59816ce8168e00e0e2d17fac38,,,720 × 1600,
33119a3ff278a485ab91975df627ec207bd32fd6a03e0be5fd3864f67eeaeec4,,,720 × 1600,
a33b93708acf382f92c9f118c4028164e4c6bf022bcad62506d7854c9ff4fecd,IPS LCD,6.6 Inches,720 x 1600 pixels,N/A
6acb6f1ea7a1eb558cb41ac029ecd7f0bfee434271015c2653ef42f4a409c045,IPS LCD,6.75 Inch,720 x 1600 Pixels (~260 PPI),
6797da86113fc4af19a50dfaf0d1f519a2ebbc3294627d6ee494c82d22818851,,,,
f763ef9c890a7cb53c5f966836b33bb7acb0c116b6298b5cc317a1c88dd85d9b,,,,
da3bdd2bb95cb34f0caac8f644c64e5fbb200674a317d3c4c5b9a9e2e2313df6,,6.52 Inches,N/A,N/A
657e299b43cd41cd7d996e8b5af788829e498e09bc221149099bccf3e657bb1d,IPS LCD,6.75 Inch,720 x 1600 Pixels (~260 PPI),
159c83740f422f7536fc87368daa4dfe6d94e80357ec4231769d2621b32d487d,,,,
cb6f6044f2bb859ac4f067db869b74366af500fdfe24e58227cb0c8317f4090c,,,,
8838c3c6917191b3511236d582ac315e7bd2fd89069e9e069ef1e828874f376e,,,720x1600,
9c872ba20e9427aebfe51db7e72760907c434ccd8687dd84f307e5d9231c8090,,,720x1600,
a6a1fc2f6fa45547fbb2c85ede3023de7e6a3867d7b15e50c938583f70c03245,,6.52 Inches,1600 x 720 Pixels,N/A
4202e4d922a559591d09d2d11140bc10fa07989f72c191266f90369f07b2809c,,,720x1600,
44fe07afc2a90aab06f6e48b059b819cac2efa3c9446ca777e79a4c3bf575b66,,,720x1600,
59d70a6c3cefb0c0cf0bd197ced3d9bd962c452b6ff9725071a805f052b86e78,,,720x1600,
5b0763963c126c95ec8c8e1946c9827c28f62527b9263892afb8c08980647376,,6.6″ HD+ Waterdrop Screen,720 × 1600,
e968aed7c65071038fa64948247be10ad217407af6c63c43182dfb72b6f4c304,LCD,"6.6 inches , Sensors Face Unlock accelerometer, gyro, proximity, compass",720×1600,
67761a1f9a81450e7b8d6c2fe13ff47097647e6f6e43619422c5056239a276df,,,720 × 1600,
32578e28d863605fcdce2654ef3c48416c6ebe1a594935cf9fdf9162edfaa46c,,6.75 Inch,,
2315e768ae8bf070bc317cdafd8caa8a3d11fe890fcf42b94885a22283a966e7,,6.75 Inch,720x1600,
f4011027333d23c6bab7473740bee9723b4d4380a6a6018166b90e211edc7dc0,LCD,6.75 Inch,720 x 1600 Pixels (~260 PPI),
b51bd801f15d04a1f0a75b60934719dec811d4871f22aa2125c634938fefac48,IPS LCD,,720 x 1600,
0ff95fadc723543feeeaaabb84053a78e42095ca2e130d7d845be2c816e40092,IPS LCD,,720 x 1600,
8cf27cd30572c18b50cd5ce923a60c092b7c82e089da173a625e3a1271090532,,"2.8""",,
1861f66876e762eec22b3d3c43ddcb910d7eff8dedea13d87ce9814e69b8d0d6,,,,
e7fd04aae09aade3aa2dcad83c4d9827f21946cb91676734f4985181a7969f78,,,,
5f7b3a604d8c77ab8ae25e141440c1dc569b8cd2ce6f36dfed17d00a2e2a67c2,,,,
ace9bad0d4a512361e998f534e974366c4bf444780d6eccc855064a16b649eda,AMOLED,,,
3504759367682b847ceb2b2bfccc9e7f12817a05126c907fc7b14847fb967444,,,,
d0ba0ae2f1627408fc0a2ddf8de975bd79f1561cc5996484994bc1fd2832fa20,AMOLED,6.78 Inch,1080 x 2436 Pixels (~393 PPI),
2b036f973468dee5f3105bd543130f08f75bf48e2ced6685697ce6b5302ff8de,,,,
c3b3caca44c5f56839237e823b5a6608749e72e98cb0a1ef2b560ef3751c020e,,,,
4c6e1cbaaf433535ae23eae57fcaecdb7c22326ed67010b410c60f416aa9e6dd,,,,
06635b6e3a75588b50c8038b6574d8a99f8c9d8ff83ae403bf255c994c346cd7,,,,
2cb2ab14749b56fb152374a8adcaa4c71cb8d6e1eaf05f594fbdaca147bc4f47,AMOLED,,,
396bc282ceae1cdab5572b9999afcf7eb230b33d1e9d4eda3f9778a6c8b15e73,AMOLED,6.78 inches,1080 x 2436 pixels (~393 ppi density),N/A
ea27b262845f45683b557ec4fd7a03f3db297c7337021669bb4a47081be5cd9c,,6.8 Inches,1080 x 2460 Pixels,N/A
ec08957e65426c6ea7aa907a33fcb0c77ead05636e60cbec190b8eb1230a84e7,,6.8 Inches,1080 x 2460 Pixels,N/A
e37256b38288d7d421f84f12a5f48e4f77258476f865df6612791dd10124723b,AMOLED,6.78 inches,1080 x 2436 pixels (~393 ppi density),N/A
0db48a0c9cf799e51ee2d05f7175ed83bd5b491447bba2257523b9a648fe769a,,,,
d71aaebc4b2347243b4a5e987e96c97b2f9db1c501e0c1417705508628a921d6,AMOLED,6.78 Inch,1080 x 2436 Pixels (~393 PPI),
a80b3ab74684c897b15dac2414459e2cb75f255e9cc29a780d670ab8cfeeb0ab,AMOLED,6.78 Inches,240 x 320,N/A
d62e0fe3dd3e240dc1951d81ef4efd708743035cf932245796d46a894e79be9b,AMOLED,6.78 inch,,
c7cb2609a0e6ea0b06f37d4ffdfaf802410875fb65b98827660d7d0fe37fd3dc,IPS LCD,6.78 inches,1080 x 2460 pixels,N/A
63b6e0f34e86170d974102408fe92ef8fadb7db25d2b58d00877ead1073d0245,AMOLED,"6.78""",,
1a4074854c99ae5f78a749ba81ef644d62ffe0dcfd6289be4adb515219c0df0a,,,,
7eca7505206c6a2894c7751c1dc13180b01a6eddf1158d7e5d3fc10a788d8e0f,,,,
bda80c47fb56c50238aef39c5bd0b1b5ff1cd8e049971c6252ccf0cd90c5c789,,,,
e6f001250282d0321b1a3f70f6c62f6e2a09acb9f5eac767fb515b6be84e5fa0,,,,
dbed82b981c99a12357db8175bcfc03cf93af02a72e8c9bab7e1f48dd104ac14,,,,
369bfa01ad634479e002cdb57aa2a07fcd4d3420c096d410ae49993491919492,,,,
69ac9aa187b26e4060029c40bccf1cbcda9dbec18483c0d38bbc96a1760f0689,AMOLED,6.78 Inch,1080 x 2436 Pixels (~393 PPI),
8d2c8f1fe6dea1d322482e661d41ba85d81e7bf0cd0dd4f03fc8c62d37785bc3,AMOLED,,,
a3946bd2197cf3bda1175c46fd5105106ff87de679da66d67543926a2722e2eb,,,,
dec1626b094803c0e4d56b901cf263ac65be66bac2d5a0ebf19450dd3aa0f75e,,,,
6b76599be0f2a929496e9858863793d9176142d84bb17c39c38e60206499de8e,AMOLED,6.77 inch,1080 x 2392,
15082093d2db816acde0e21279c044dfdb24a549b6e3ebb618d3d0ba6abe91e8,AMOLED,6.77 inch,1080 x 2392,
95e12b0daf55c646d28b6e1c952be874d7f616a6da2b135679ca8e089c13af79,AMOLED,6.77 inch,1080 x 2392 pixels (~387 ppi density),
eacb5722d7009f76d0656eeb3048c9ccae3875251b2940a6f52c1cd94cd7111a,AMOLED,6.77 Inch,1084 x 2392,
a536a697e2432be77b036edc559658456656c7df736cf797d51dfb547fe9fec2,AMOLED,6.77 Inch,1084 x 2392,
42cd6a083f87dddeea81ad4f016c168255357171c51440e495ff5460c845abab,AMOLED,6.77 Inch,1080 x 2392 pixels (~388 ppi density),
bfb7f7083a2892c118be3200190ee1ddb88638f53abcce270502eb664e56117a,IPS LCD,"6.7""",720 x 1600 Pixels (~260 PPI),
d7adf9c4c1532cbd54237d389411ee16e6afcb0ce96e3362dad847b2db8c934a,IPS LCD,"5.2""",720 x 1280,
d2a767d3c20871ad47b6ee9ddc8f80f3128e4c9d1fa09e8bb9a805ef05d83c85,,6.7 Inch,,
f80e6327509f6592ac6fea7fa4a55ae1b59397f23fbcf21ab2daab093a3a6b38,,,,
bf46e629596465e6d0fa636391108bd33e8a377d8cec5f6903fabe126e2e34d1,AMOLED,5.6 Inch,720 × 1480,
7441a86b79a96055c288c6c6510d36ecdd541282804fd5a849ab03cba9cc6454,AMOLED,5.6 Inch,720 × 1480,
08b52e257d5d8015d38a0e87697c1d1f750b889e1f04297366d65651fc3d820b,,6.6 inch,720 x 1612,
866a2a60073e882eb9874dafb4aca8a117db3c825a2f41eedf5ccd143bd61581,,,,
cc195d94b6d339f368ef29ea015d2ed0ee9b0cbad625485922b9c2f3a44d13f5,,,,
da8087fcad5e942f4ff92fbcb7042de5a18d422b191bc5a5257c504008672f77,,,,
591453e652f1a6c2413626d2287974b401688a2720240ffbe36bfb529c1cecc0,AMOLED,6.78 inches,1224 x 2720 pixels,Corning Gorilla Glass 7i
3d4168e8b8d4cb84331ab0a659fbe7a086726ed5a7ab30e72f7f1405474ed245,IPS LCD,6.78 Inches,1080 x 2460 Pixels,null
56e8646bed012a42748fc791d8fff464f9dbf32389a31308adccdfefe9ea7e8e,AMOLED,6.78 Inch,1220 x 2800 Pixels (~450 PPI),
2eaa32e5f9bb568763b2bb97917ce3adb09c97e2e4219baf884cac4c373935ae,,,,
0d667c5afff3a5f2dcff9f4147baad45d4fd154d9ce1997ab4c2f4faa4a2dea8,,,,
7ef07be521e18523740785266ad981c5d21b8ec001dd79ffaed2e6dd5173ac4f,,,,
56dd8be7379ea95467f5271ee9a6d75dc9bc5ca6c62243ff501be65508e6149f,,,,
ce597aba0b04f894dab180bf77b2e696d07ab71173790d7287694a835dcdc5ab,,,,
89e9652917443e3c0b855a2a886f077e1049018ba0c36d92024a30a4316cb7e6,,,,
4278b2cbd42d809c851b4af7ff849b262acf0e9b7f913587a99b110516d3e900,,,,
3602f39a35a09f88f3b5c7df5fa03e79432d12bf693b984f4946a51923552b5a,AMOLED,6.78 Inches,1080 x 2436 Pixels (~393 PPI),Corning Gorilla Glass 5
e5e552861d98154eaf9161508a981873ae23672861f73336afc80efe34724ad1,,,,
213bbb9d1c13d76f59c95aba40adaf0e2f6d54812a8340377b8696dad1d7b0ad,,,,
2fdde22725396188e4574de83786e0f7c879068de257006367874af8a5923942,,,,
bc7ea4a1bbe6ca6d9e76e865839805364d9c17e3a3a029ab693c6e17921918e6,,,,
0abddb4c11930a138acf2688544fde7dbff940d687a494f509afedd39a9609c6,AMOLED,6.78 Inch,,
9e8d593de921ede2c79b15b9842a60e29a477a7780ee0b6cb7b72b643a7f5f6e,IPS LCD,6.6 inch,720 x 1612,
c22ecd88329ac9f1cfe9ff88530cf998123304f6f91fab3121d5ec89f095c622,IPS LCD,6.6 inch,720 x 1612,
9d639e28f2cbbfd663cdd81b1a93857dc372d492f786f823dfc13301a4c3a1b6,IPS LCD,6.6 inch,720 x 1612,
3021605a99cdeebe6bbb0d97c9548fb25e53ea4ab54c4cf93d075ea68a1ed454,IPS LCD,6.67 Inch,1080 x 2460 Pixels (~403 PPI),
2052e13a2af0325312e911b81f142c812aaecbd79b15f75f9516f9604320db8c,,"6.67""",,
c9e49d6a5008fb82af40ec1b883151018602f40bde668044199683cae359bc02,,,,
5c8ee1f0da3067ac9cd98c74e2ca83ad9e8c910745f31f9af301107db7be04a6,,,,
b356a4583d561307b41ea499bb8bc17d312c7085c50f2c6133338645a4f88e3a,,,,
80c72408ea1948b6a56aa01e0061633edc608f90beb21fb14d8cc9b2216b9286,,,,
713d4797ecf7bb49c3bd0cda7de4582dab057f5844b8567cb719326dc80e545f,IPS LCD,6.78 Inches,1080 x 2460 Pixels,N/A
e5a2f5cacfc6de370ef77c7f97cbdba4d1430fd240372b3d495af803cb1eec9e,IPS LCD,6.78 Inches,1080 x 2460 Pixels,null
b49aa158eb7f36adf5deeeeb52fcee5acfc9b287100c65c40f93f495b6355dea,,,,
b6b2a0742da28a05b3c02d6a8256a21ad0370f4af6a4c886bd289c14a84beae5,,,,
3c2b8f6c0f7bde4a3a4b779fbfc0a789baa675f80a8d45e34c4e87c8472537ef,,,,
52cf5fdc6a4071b3c2a952995e97053f27bff5b042b929257fba832ecd4ebfee,,,,
f694ec77bf5e9f5b3e493dd51027e7832d14b81c7dbf6d71ec2e59b82423576f,AMOLED,6.78 inches,1224 x 2720 pixels,Corning Gorilla Glass 7i
69e418997e75a7a3cc8c61036bae1fc811a39ebe3569e69510d71695e3b39139,AMOLED,"6.78""",1080 x 2436,
96f3bf692679b3a2c19113ab8d00e383aff0d989a33e18bd162d10ae477fb938,,,,
7e0c20f576ca2b1ee9ab4a8f9d63eeae51d0273f456bad37d646f0c926900f7c,,,,
122774412d60c19029e98f5f9d3e982a2b03b5e088650e94b4d00c094883a2d7,AMOLED,6.78 Inches,1080 x 2436 Pixels (~393 PPI),Corning Gorilla Glass 5
70a70f87c774e7cef07e66cc3797f2a7153d1f8ef915d28f71971623b160933a,AMOLED,6.78 inches,1080 x 2436,N/A
76bbfb7937a77bdcbcffdd6aac4e6886bf7fb5253965ae6ee4ab3741a821b06a,AMOLED,6.78 inches,1080 x 2436,N/A
5a22e11305da94c792c18f765c8792e8d4f51a4610a1f46009449457cacc45f7,AMOLED,6.78'',1224*2720,N/A
4cc4a3698818ac834f62993ba9f5bf6685b43c0e37bc597e1ec45b313052f19d,AMOLED,6.78 inches,1224 x 2720 pixels,Corning Gorilla Glass 7i
48d93b1cb2b2dc7ea1479fb192dd39ef4f3bb1769a71535315d3661e4e41db88,AMOLED,6.78'',1224*2720,N/A
cb52f4c3ccdfb1510eec78ae297c7419dd5e6cc73f1a51acb3db9d715123a21d,AMOLED,6.78 inches,1224 x 2720 pixels,Corning Gorilla Glass 7i
33c93df4cb0aeb22c446cf85c0f5e70981ea82f4a1bb36a9feb76b8927480172,AMOLED,"6.78""",,
4e712628b6dab91c88be00e2c74b28c3c8149da5a2d35ce104592a9d030b47a6,AMOLED,"6.78""",,
92f72ecf523e521d418f7c5ca5c9cd1add4b42586432375a00f4a8251b65d0e1,AMOLED,6.78 Inch,,
0c744f6a9d5c3da948c670c2ba3af916c0f279c5d0c1d18567b1f88110d4a1a4,Amoled,,,
4362c92396a8fd494b37201339d88ee638c0ee3eca800622e52ba5ed586cc608,AMOLED,,,
2bd0552d71838cefdfc6e92e2946f7c7b55d7ba2450c919ea707c49a1fa31d5f,AMOLED,,,
17007f0c38abdebf5f7c8bf7743a97b351cc5a1a03769b62c7fbe0ea612fd6b5,AMOLED,6.78 inches,1080 x 2436 pixels,Corning Gorilla Glass
0dda3c5aaacc82e34fd72b98dbdb14293fb1f106e1aefc43872ae09eb70f7ff2,AMOLED,,1080 x 2436,
abf069c6a0c08957420c1b2d9b21deecc6762c38e87586a8216e8fc28e4c9d32,AMOLED,6.78 inches,1080 x 2436,N/A
7fdf6406cd6a4c8d157977fb9a34e96efbbbb4f882735650f59a816a480bf95d,AMOLED,6.78 inches,1224 x 2720 pixels,Corning Gorilla Glass 7i
563bc6b2cec0e4ad3ef45594aa58b19ca78c8a96f68c5ce3237fa962cda1126c,AMOLED,6.78'',1224*2720,N/A
8944ea1b168225f2b4d2ea2130ede0c3abf1744d74d2e421eeb54be0b42b93ee,,,,
62aa8b1343b8e9a4f442bd4aa7902e51e552a897bb2719fbebeec506d5d66567,,,,
24f37f31b75305c9cc79ab89d50b9978556e7edfe910af1de7c1ee5b7338f4ad,,,,
041649a02a7ee509e34bf9b771c3ebf0093a291debf85d9122947e4b8758605f,,,,
27122d21e85e995aeb38066490daa7cc5ced7fedada29b3b8a28cbd814d92789,,,,
5bb02a66578cc910864c6a8617d9947a2d6985e6f9319a328da93593286a4c16,,,,
f596b0216f1d4dd6d351cc0b0757d5fdded83134bf9ed027b65148e6c31ecc0a,IPS LCD,6.56 Inches,720 x 1612 Pixels,N/A
bc1f6fd91da2695c1bfa0c9c4bf7ef00110d748891823a7dcf73bcda8493c166,IPS LCD,6.56 Inches,720 x 1612 Pixels,N/A
15de4d285ebea228f4709177365d7b94c90fc2201e67e3457a43b9aef5fc50e9,IPS LCD,6.56 Inches,720 x 1612 Pixels,N/A
65ff387b74586c1bdf94e640c9c0cf4b1aa23cfa15d48531f218d33fb9cd6a7b,,,,
dccb7a43ca1a14094fb14f8d52cdcd636f5663e101e6de905d05199e1a4750b0,,,,
276cbb4f9a73203b98a959f70f2e5727d0f9c21f883b2692448f7dd74835116a,LCD,5 inch,,
b725ff75efc609ae081b20e472e32a6807fc9dfb0a13666a646158ec69b2253c,,,,
39777b251c6353963f8921a13e5be0eaf08e4d6c6e4a0c3410323c58864d2db9,,"6.8""",,
8d3c5489b88dffd516470de7561552454aaf45dea44ccf60fd42a67851ddde4d,IPS LCD,6.6 Inches,720 x 1600 Pixels ),N/A
394ee15bb70ce3ed517a76a6fd0eafddcd35140f1f17d0d6f5f7786e406aeac9,IPS LCD,6.71,1650 × 720 HD+,N/A
5b3feb639f9f23f37f2d2d52c2830f638b82edd461755abcf9267c1a8ff5f0c0,IPS LCD,6.88 Inch,720 x 1640,
ea1a883655bcbb3d8ac2f90fcf1f98cd32098693a207250169ba2980c7c0aa15,IPS LCD,6.9 Inch,720 x 1640 Pixels (~260 PPI),
656653da93f9a120f744ee511e99bf5b693cc18d56341c59f6241e28aba6b86a,IPS LCD,6.9 inch,720 x 1600,
dd9e9ea28734fcf361b4f293c4eecccde26d749be15899f80a2fd4f4bcd97c7d,IPS LCD,6.78 inch,720 x 1576,
0d785a8b481af458519fac9c23793c5f1967f9a0cab0f865b332b20f66372b53,IPS LCD,6.67 inch,720 x 1600,
dac511fb1c3bb30a793d2a56d27ed16edd88d9daf24907b4cb82a940e5ee6032,IPS LCD,6.67 inch,"720 x 1600 pixels, 20:9 ratio (~263 ppi density)",
db8462818f38b6a7ffee113390fb3d0e787558dd492a229f85c7b13f14876fdd,LCD,6.6,90Hz 720 x 1612 pixels,N/A
306205aaa76c4bd3a1c30d8c170fad419a7af5917bc92d55e23a531138699858,,"6.88""",1920x1080,
7ef00a4f09ae5611ee23ba1667b7c529f221bf75e1341a9bb9241058d34caa1e,,"6.88""",1920x1080,
41ee5b02b2d4fa231c741b18e05e31548aaf66ad297e0351149eae4a55e15c48,LCD,"6.88""",720 x 1640,
38213091b578686a07bba99293667a96b50c2bf6828ea2e481f1b5886202aeb6,IPS LCD,6.74 inch,720 x 1600,
1f7449a54fd1765c5738a6465d6dc7edc6003673d9b00fd898e5699580274c93,LCD,6.68 inch,1608 × 720,
296921e3cc3705645a3b03612df74f5e86944bc966fd49b79b80823f2fedb05b,,,,
2f20de827668532c4ea01645a3ca13cfa90964c973727557681849cc5b8558c7,IPS LCD,6.74 Inch,,
ccfe2014fa5eb2080a110b0218585a605c650c81bd4fbcbb92146d8671671cba,IPS LCD,6.78 inch,720 x 1576,
8ed895aff540ae561bcf9876e81514f622a65a07b2e72a377d053291cd9c34e2,IPS LCD,6.6 inches,720 x 1600 pixels,N/A
70f3d5a9432920e6061513ad066e74807267892d76f12d996e7a977b11dd4020,LCD,6.7 Inch,720 x 1600,
b5fc155f1f2b61adcd41e2193894d799af86d83fdf7c04418f7a608a32537b3a,IPS LCD,6.74 inch,720 x 1600,
d9e114c277f4e47707fced92145d27ee014f3416011e80a039ffc2e8a4e7aa04,LCD,6.7 Inch,720 x 1600,
5a7341096db5b561502b6f111e2e4a02cd9db1cc554cb738c1faf74516ac21e5,LCD,6.7 inch,720 x 1600,
d477dfedf4a0ddfa847f9492da903090b6ccb91f55c8212d3149edd2393370b7,LCD,6.7 inch,720 x 1600,
9c4b47b0e510c29b3a2587680c7435b4f043b26b202d0778998a279fd66abcd8,,,,
1ebf1e30a6c35db63ff2a35fd0514006806e317c68a38219fbb68598c3fc578b,,,,
09c0feed97693c4473ade2664cf98b2c178ebc90c0a4d546fa3ae7b0d9b7daa8,LCD,"6.7""",720 x 1600 Pixels (~262 PPI),
3ca8b86e8871790dbbf14fc106e980cf8ad71830c8e0b504d27c8f461cf8a5f9,,"6.75""",720×1600,
3abb37afcfc1c9dafcbc88f0b0fe5c6b6162c1a55603f0c6ec41c4f5998f03d5,PLS TFT,,1080 x 2408,
ee4d7ce79ec6ee9cfa877c621b6841b5b87df7870ead958211c9f5a05b57056e,LCD,6.56 Inches,720 x 1612 Pixels (~269 PPI),N/A
320312a3c5208f8f7029aa856f16632c9421359c57654286096b5f432e00b5ce,,6.7 Inch,1650 x 720,
6fccd525ac006643fc6ff3b3ab2a12a387c9c70ed6804cb9b16f68bb596bb881,,,1650 x 720,
42c82da00b32a6e2781e9a8a13d41c66c5efe38ef094f670216d84ec7e2a8c9f,,,1650 x 720,
6fe05bb8f63c410981b2170ae625b2c784c668b0ef3c73b98bdad7d0214c5d15,IPS LCD,6.67 Inch,720 x 1604,
fa0fb1c143a93501baf2a744c2010c63a7ef32415bc5d8bea4c3c549f4d8ec41,,"6.88""",1920x1080,
78727727734e51406ad0b310ee0b2c6b1617ba80053a4e1af36a03955ea5ece4,,"6.88""",1920x1080,
d10f9092773ae133b4f07f908229e45f11fea136c9534e1b48fdacddb1723f04,,"6.88""",1920x1080,
9c5dee6bde3e1dba10a19b1b3a9f89ac6e2a3e341bc4ab22fb06b6a8ffbb1c93,IPS LCD,6.67 Inch,720 x 1604,
b0ece71c1293a5e64b1014e2c9c1806afdd3e4013d11d10ca78335bd27da77b9,IPS LCD,"6.67""",720 x 1604,
b94a400b7505b7c1512f471db9e9426709bfdadee5cbdea1b5e01f4d9e570b68,IPS LCD,6.6 inch,720 x 1612,
228fa5a1647ab54694418517b7f5a4aea29a6c705653472cd984e86b0102d02a,LCD,6.75 inch,1570×720,
63efe23092e16eadc43b4627bef9b324187e65cc52f9f6d2a5b548f5dd6dc316,LCD,6.75 inch,1570 × 720,
6deef367297b8fcd8b59df3c1410b40174d00e303f7111b22ab3864b607a4f48,LCD,6.75 inch,1570 × 720,
9887f950a29a3a910ebc5a4d54c385473fcb12b87d2bda51820ad77c559ec13f,IPS LCD,6.6 inch,720 x 1612,
15945d6965a6a8b659c9c1e905403e20dd07830ab5188b6057756f12c63b64d0,IPS LCD,6.6 inch,720 x 1612,
75a849b770177a45bbf3a53e9f7cf76dbdbd719209b5aec72b039e48abe977a4,OLED,,,
d27ab6efa09072e95e5ca6077e73a78b1b9bc088e203a2ae5888b809c9c8a84e,LCD,6.74 inch,1600 × 720,
1b06f2fa25d6293c3c479fd5786774893b814a1b40bb38a47cce61aa22d12a02,,6.74 Inch,1600 × 720,
f289007282907213571f90b8808640cdd2e351332aa19c863a4a47741c1bc506,,6.22 inch,720 x 1520,
72095a6a309e05a7b99da85b8d1aae66355d6ad06e36ac00e902f5783f264a93,,,,
d567921ac35ed5baf385a802d3cc6ba71023c800cc2ebadc5689a6637ee94941,,,,
55748492cb03cc9264229932c4199e5c5d5e86bf920484d6561a5df9e3e4604f,,,,
8047f65bf35556ea4f73c5ddd17b3ccbaacfb9107714048abad8098012f20484,,,,
7ebf68a69df755611fbbc3eedc2ed41a90ba2bb6a73f3722068dd7a7515f3bab,,,,
c3e07936d232b5d913de6de2b771a8f97e4ed65776d4546830acf7b7679c6ef8,IPS LCD,6.3 inch,1080 x 2280,
67c994ae3aa3cc1dfc9ffd2bbf99de36488f295153782f08b017bc5bb1249924,,1.8 inch,,
774db5620d5203000d893dcb3c6b02e5752b0c53debeb23cbb5c169038fd1c73,OLED,,1440 x 3168,
1a4aaf0aa5f7e16f8db48873cdc341fa2a21b19d8b04bd3de009ee7cee280180,OLED,,1440 x 3168,
2a4ae5557ec8ddcd1da1b946f77d492a7aef9ec9dcbece548d39cecf4632e77f,OLED,,1440 x 3168,
2c18e485959d19173ee5385a500b383735e2862b3f6cbdf1e48ab6532967a02b,OLED,,1440 x 3168,
682198ab54fc1de67ca8133b4a1534f1335241a09ddd8103cb7e9f5e6456b9af,,6.5 Inches,null,null
c07ba021235e79eac43d8d5cfe0a4d53f83c5989eab79be7433821ff68dd25cf,,,,
236239e46c520391f238afb5fd52413196e86adb97343bc96e9cf3e9cebc9efb,,,,
2b2360cc78524d9e1acfb99b40515281da698e7717705add0f21a2808c641242,,,,
73f5e945826ee2e42c52beb616920e9d3684dccb780d880c24ebb908944d391c,,,,
5c8d7b07acbd9eafe8bd3923de3c7e26d94891077f180ddb047b4a7631751708,AMOLED,6.01 Inch,"1080 x 2160 pixels, 18:9 ratio (~401 ppi density)",
f5b8a4765be1e989864784f9dbac15394431d6614921f17da3296b0f307598fc,,5.8 inch,,
aab4c7c3cd764736ab09189b5f5159a49c3ad15509f5b2c007c19bf8b975a27c,AMOLED,6.1 inch,,
44637ddf90133aeab0ab711a8ee0ae507b463df50801b587394400f8cdc50f7e,AMOLED,6.1 inch,,
8f5b5adb2fccf485e4c9e4d7dc3b314cee35731e61eb32852a9629b1d4e1cd3a,AMOLED,6.1 inch,,
b3e7a6fd589da3b5149d6fecef5c2a4b42eb2a93870347db25dcc496a1ea3cf7,OLED,,2520 x 1080,
62ddd304655690cd9a9ab18e8e86a11f062398ffd0a1543c557745d1ed72671b,AMOLED,6.1 inch,,
6cdf1a4761a8fea1f97589728bee69d75a807efe7c87c22f103dbb7b22e2c165,AMOLED,6.1 inch,,
ced8aaaeb8148591b6af451068daf9e6dd6fa6e85ced7d881a05e468ab0141bc,,6.1 inch,,
f60ceb8984dbfc6de18f9b51c193d41df9ccf82e01c1e03d51b0264ef794ad3a,OLED,,1440 x 2880,
a8726d878d1d2f03793295bdc9c02dcabd012343bb0802ed108cbb490ad05fb7,,,,
fedf8033ba8562f02d884da5024ab1fe5acb0f255b3b1e965a70c88ffb3d22f4,,,,
24f5d73463bc589862beefe0f322c3d24eb34b0a0e58dfa9ce405f5ae4e705ce,,,,
05349bb3d1074ecb9bfa311198d9d0bbb97d33d0d287b5d70df1655e50c5d012,,,,
496edb0e202bd8dacb839ad072bd0c89fae8732fa62dc58efd02776f336fca37,AMOLED,6.78 inch,1208 x 2644,
c553321c3bc044c1b65cb70484c1d2a57316e8827c94c8709e33f5928a4d140f,TFT,,720 x 1600,
8baa81b900635523f021dddac8817636da20348940c608748c655080b794de56,AMOLED,6.78 INCHES,1080 x 2436,N/A
4d81234d9b61c171ffd8e25c97a51483dcb9b8b691df0ba6071370c22aaa0c57,AMOLED,6.78 INCHES,1080 x 2436,N/A
0d8a776403c4f5a15f14da84d53dc0a49633714a469306fbf23c7b04437fabb7,AMOLED,,,
2e54c6e7f1532561ff91324e7662d535b9384b460db530652389f3647a7f1b91,AMOLED,"6.78""",1080×2436,
da738409ab6f67b6b51be211a148dd9b11f6a584d95c0c61583a5ff6999e4a7b,,6.74 inches,720 x 1600 pixels,N/A
f8f3cb18cbaf77e72f4807653d4e0d7244f7add0c22476a9639de2ec66cb0177,,6.74 inches,720 x 1600 pixels,N/A
d7f92628317e01c9127fe55b8112042bfb184945d5a70d0ace61a20b2a15f4d8,,6.74 inches,720 x 1600 pixels,N/A
3e09114f3bd2e0c31554b19eff87e26460b126e7d059f12b9a71d586c752da4e,AMOLED,6.78 Inch,1208 x 2644,
1bf26410d90bf71ba73e8b31fd11963f3ed1c95bc14b79c8c0290ca26e2752cf,LCD,6.78 Inch,720 x 1600,
0ac234c6cb802ffeca13b04393026d4198d9906ea930482626fe964e9e717948,,"120Hz, 6.78-inch Hole Screen",720 × 1600 Pixels,
8808cf3213463251bfb64e8a993f6501b6b4854e0b28252eadcfe5dd8191a63c,LCD,6.78 Inch,720 x 1600 Pixels (~259 PPI),
9560670510af0a0a7e91b79ca5752631667b64f82578627ca0dd1c06f86a9a32,AMOLED,6.78 Inch,,
56df24e0acab21f8f67a643fc61f06d36cdb460b72fe3430482e5f4190c61a98,AMOLED,6.78 Inch,,
5f24133c2795732136a783e7ecd341c6ecb0291d402bb4751d4d59f1dac06a9e,AMOLED,,,
4dc0323d322a313e8e3a56a1fd59a4cc19b7670a373139f5e6bf4826bb3ef0df,IPS LCD,,720 x 1600,
5850ea8d888ea6d07d0696bc0393b7440ed7e26ec5adb6b8a9cb7121682ca61c,IPS LCD,6.78 inch,720 x 1600,
29b30b033ba227668ffb033827dfd995aaf8ca1efbf6a56d143486207bfe809c,IPS LCD,6.78 inch,720 x 1600,
a0fc162fd8345b0a1d99e6bf99d057a8bb9dee101e5ff106f161acec94ac0517,IPS LCD,6.78 inch,720 x 1600,
6a02e0d2e6b68b9f1fcc7c58ee7896d24fe7abb876758cbce404163ffb8fed3d,IPS LCD,6.78 Inch,720 x 1600 Pixels (~259 PPI),
32c1be3069a9c9d08d1fea1e81c2161430c40b4593ac901b2f536c7dea962142,AMOLED,,1080 x 2364,
3a6c5b2df5311ef40910c27275514c640a04fd6eebcf4dfae577d2c03e749a00,AMOLED,6.78,1080*2436,N/A
1a11b8c398c8f8943c204d2121d9f72964651d1f061d89c566c642ab7d193607,AMOLED,6.78,1080*2436,N/A
a31b513ec0b1b7e35416f5e57ba62604af3ba7c672ee51c9003fe50dad221602,AMOLED,6.78 Inch,,
aa609933630b8cab4bb9db2e9faef5b5d1e3a840987e9f7f90d0ad4c05870cb8,AMOLED,6.7 inch,,
75a3cc4dd797aa71e8bbfe128b6c232d61ea2f1d8b6d2d4d3e3f4353679f5508,AMOLED,"6.67""",1080 x 2400,
62ec58d216c692b2c3eed8951e5b8ad2eb38bdc569d96d9cd75b6e2d705dd501,AMOLED,6.78 inch,1080 x 2436,
48f819915fd8210315629140011ce6ff6f993b818d9d08c606e9e004588c83ba,AMOLED,6.78 Inch,1080 x 2364,
4809411bcaf51361078ffde650e22fe35bd519ecfd944a323d21f0fa7184e595,AMOLED,,1080 x 2364,
fcccb3a55ab508e8f013622de8c2fcd19894e25c6af8751b0bf548664f4632f9,AMOLED,,1080 x 2364,
57d20c465059c24c0b7976b1411f4204b57cb72c33a5da76dd2f5d5822713df9,AMOLED,,1080 x 2364,
1bb3533d2a07f4dc75c2f28e3e967b50a1c6f283b3e3c2ecca2db110482e9174,AMOLED,,,
9de5334fcd092ecdb65edeb48c9e6a215c1351d8a0fa71ed9158a06d88a2fdb0,AMOLED,"6.78""",1080×2436,
4364a3f700256e430201419c9b64cad3f74e987f8cad934569ae0c46671028f9,LCD,6.7 Inch,1080 x 2408,
42512ed2d513b8a3474e8b8ed0d6883f9aae23ef1b74af6ff8ff78ef49f1dc5e,AMOLED,6.78 inches,FHD+ 1080 x 2436 pixels (~396 ppi density),Corning Gorilla Glass
7854d4d1e1dd424a21ad8001b98e47b3c7d9dc50c65ed587d961c4359e03bc56,AMOLED,6.78 inches,FHD+ 1080 x 2436 pixels (~396 ppi density),Corning Gorilla Glass
61d55f2decce177c50bcefe227d19ca654e7bad4de884af9df70efa339de4b88,AMOLED,6.78 Inches,1080 x 2436 Pixels,N/A
c4d955f81234c6de3bea779c1889370c28af472c72ecd06155b172c20cc531c6,AMOLED,6.78 Inches,1080 x 2436 Pixels,N/A
2ac2ddb5a8785c5ab8c130fddc2b06daedd5668a9e94c1502ba3b358f94757ea,AMOLED,6.78 inch,1080 x 2436,
10b04325044475c3e9e16e0520aae96df19c079dfbeba7c011b859523ca1379f,AMOLED,6.78 inch,1080 x 2436,
ab90b8f1a2cf4603e454a25c3f9be1be6a7c5e4f900ab385a9dd315f70cdb49f,AMOLED,6.78 Inch,1080 x 2364,
3db520e9c7933c7696aed9d1d2eeb6812254622d33eae173da81144c2503a364,AMOLED,6.78 Inch,1080 x 2364,
1715449631fdbf81d74ac2266df617b00f076630dd244f65dddae8b610531799,AMOLED,6.78 Inch,1208 x 2644 Pixels (~429 PPI),
05f44b283903a8065d04b897ea67be0fc9aaf5338bb8c84219c37c3c6e355df5,AMOLED,6.78 Inch,1208 x 2644 Pixels (~429 PPI),
2249f276ffa37623008388c41d0ce4a07d4ece55bc5be4297c13d9ffe5363369,,"6.67""",,
f6fb5c966aad229bddfb2f7c3639aa626541f50a7b31ff7808fd8412b3e786c7,,"7.2""",,
4c0f0f5d4dcc403a7deec0b1970df375b8aba302a8d058c7b48a0dd5a20ed79c,AMOLED,"6.67""",,
79001e1910ceb6168dde7e61ad4dee29181c9bb9a2e27524a48da26717e5091a,AMOLED,6.78 Inch,1080 x 2364,
86a2ecbb718e71631749c3b68a98500a92fc75a1d33f2d7ad8c2cd207b313f89,LCD,6.7 Inches,720 x 1600,N/A
13528a1cf04f6188400be2279d311f55067606d33fea40f6445fa9034a74aece,LCD,6.7 Inches,720 x 1600,N/A
3897084cf84699cb0b92fcd19de4e70149ccd4faf798d17ecc04aad9b53a2ca0,LCD,6.7 inch,720 x 1600,
b92bbac1f5c0b0c914c6c9656b3d594056940de8a13f999bfd82f434a0138ae9,,,,
9aa8901b39b9cb3791deabe9b7107e245f1962e21a5fb03fa8664f8c1bf46004,,,,
975332a0b3cd21c2e54ff31c6838aaa6aa55ea92d87389e529f8b4e686677acf,,"5""",,
e61eeabbdb5fd3d314e0730a378758de516335dd6ee6df021453219f50945fd4,,,,
53cdccaae641f3094757e164dc7195c55b4b83534ccbe5b83c471f5d386d7de7,,,,
8c5f57b76f781665006e48d9b0bb02e19265285ca6a27cbd82d91ea5517b7ef2,,,,
5e145390cc45679e3456c8435d76b7e328ff1af6cb8f9775a4df0b1280a84075,Super AMOLED,6.7 Inch,"1080 x 2340 pixels, 19.5:9 ratio (~385 ppi density)",
bf6bc9b3219f8f06939cb686b9acc51062f63f2c6b6f945db03fb642c7381760,,6.75 Inch,720 x 1600,
100d0bf7687cba62e51498ad5b71cf55603f066b6dd64ac4ceeb6e7810ec6c73,Super AMOLED,,1080 x 2340,
e52ea7fcf5689f92277ee883875af8b7744180807a84d4945d1530cbf91cdf8f,Super AMOLED,,1080 x 2340,
be3be730850c813416be871b1c2d7f6548da80ec251ba93c1035edf2c1e34816,Super AMOLED,6.7 Inch,1080 x 2340,
d06dd4b0757bc63f3506b1f4533a148c46b0803b03d22ef2f75e9e3ff4e30d10,,6.74 inch,720 x 1600,
75534a93727abf16bef2c449a0c57fd9b3f56ac5e69b935db25add4bbb07f10a,,6.4 inch,,
87bc4953705c493f4ab46a88c9bc90ee910d5c3025dcf007423e9e3028897dda,,6.4 inch,,
9744099248aa591c8754099a1719c9cd9eeb7886779d0765ceb24aa0f80d0d0c,AMOLED,6.78 inch,1208 x 2644,
506fca9d06da5600a6ab672062d0b9067d69642d45fb83999be49703f144bd2c,Super AMOLED,6.7 inches,1080 x 2340,Corning Gorilla IP67
422d42384585e85d60522eb1fdac60bcc85c69100ab33c29808142f9a2aea5d5,Super AMOLED,6.7 inch,1080 x 2340,
38abae5a2ad57ad287aed78d79dab4c1fae4cfae8354263e41fdd2eee76c8ce1,Super AMOLED,"6.7""",1080 x 2340,
0ef8bfed9c971aa7df8aede25607b29b3a8d0a7b0faec16c314c5fd729950b91,Super AMOLED,"6.7""",1080 x 2340,
865062edcc28f270b7f52d6fcda4a74ae852f9310609f92182098af60f17b28f,Super AMOLED,6.7 Inch,1080 x 2340 Pixels (~385 PPI),
a0ee1b5412b40116e5317adb9273d5c63d18da3bde153faf40ae477765d9386a,AMOLED,,2392 × 1080,
c0aa0be71b707ee97a5942772b27006372956b501c1be2f1fd57a30f625c2ee7,AMOLED,6.77 inches,2392 × 1080 Pixels,N/A
a4c56b391b69bc97d5065f12f896a0faf143353e50c2fe2504d9a39fc4858b7b,AMOLED,6.78 inches,1200*2652,N/A
a8afe2d26673ac19392f5643d758888d8b50a995feee9c3d35d1ad240b149949,AMOLED,6.79 inch,2520x1080,
8a16ef858e1e29fce30ddb3800c24769c41c80160994640c031390086b5cfb24,IPS LCD,6.74 Inch,720 x 1600,
d4a66561777f91712a88b1b2f8c0417868ae067d7f05e786b2c7cd0b6516922d,LCD,6.5 Inch,,
4568cf74c2046ba368ab079b75d7f2aced51258013f6693b9cde7a0e2247288b,,,,
aa608498cd9ac515804050cde304c1b5b6fa3fa389163a1fcba4c070148abb0f,AMOLED,,1440 x 3120,
8bf24cf392df1e2839f394bf4eff6b0f6f08d2dcb4baa9cc6cfdc9e4f3a18337,AMOLED,"1.31""",1440 x 3120,
0cf35500b0d99298145f530c97b02309b8f702d70b9656df57fd2028caa73d6d,OLED,,1260 x 2730,
25e3d533646cbc2e52b8e6b7363ec98a6d2f14b6d68ccfbaa87d22c2c62d1021,,6.1 inch,,
071b158d8e539ac4033bd766dc96347e0969e46d7941e1b5f546db54c2abe492,,,,
354bdb872a0d467c9ff7f14c7a660a3c6e0fdcb4fed2c985b29028ef3941be4f,IPS LCD,6.52 Inches,720 X 1612 Pixels,N/A
742371253f533b655205e0b170f790bde5fbddde8478d826e4aa77282861e23e,,6.5 Inch,,
3028973980c1f12b7c124caebe44e6520cab69c6554df10fd72fd4479af40aca,IPS LCD,6.517 inches,720 x 1600,N/A
25fd9fb489ae038ea6eb49993cc4b636af141dc3370befeb5277ce696fdfab7d,IPS LCD,6.75 Inch,720 x 1570 Pixels (~256 PPI),
4783b927edb11db956de536f919b1371906eead063e835ee15a2b6d4b286d3d5,IPS LCD,6.75 Inch,720 x 1570 Pixels (~256 PPI),
301a319154abdcf6148acd0aa1c0086de9c0d2f9288e8c4ba74e04dc0eddc99b,,,,
934a840e84ef906c7d9b9361c3f135587be919cc2cd97d92f6b6f8bdf2ebc8de,,,,
9febda0cfd2911f1d87e917281fcfb3f882cc22f8d8146fa35d2672b4608b5a0,,,,
59c034405b0e6d88e2195b561accca4b8009ca927d47b44b4f7f601e8e66e7b2,,,,
481996012995fa120758d2923a0f11aafe0031a8f417e2815677f92eede9bff5,,,,
6b0b6a0e15c26ce13a5d4c78684744a96a4bd92354176198511ea33987392c62,IPS LCD,6.75 Inch,720 x 1570 Pixels (~256 PPI),
9f82123a84098c2e3c4f5d52afbdddffe25fedd60836aab805eaf604d25477fc,OLED,6.1 Inch,1080 x 2400,
e3e4219791abcec57ee833ea16c3282296007eebc6a1377ba72eb6dc6e7d4955,OLED,6.1 inch,1080 x 2400,
ba9324aa420d6674b0e8617c79db7863c646fabacb2c39f084eff940d6e70f6d,AMOLED,6.29 Inch,"1080 x 2280 pixels, 19:9 ratio (~402 ppi density)",
67af7256db6dad032fc4cd313abb45de4db8de2b5eb23fdf1a68de7167a27c3d,,6.5 Inch,,
b2316b9557977126bb371724906a2e3d04ff0650e0786b4bcbcba36200e5f2f3,,6.5 Inch,,
50a29694ab1510a2c900ff8d4ebe9b20672bb84c02f5deb9f0d0f3d9836f753f,LCD,6.75 Inch,1570×720,
dbc057e8e2d46edc93993d22f6daf65e24a4a87587d2025c51e2e39c17ee6855,LCD,6.75 Inch,1570×720,
9a2f00a01928ca01c4086a9284bb3b4422c1c901717bcb34d9a2d660f69e76ce,OLED,,2400 x 1080,
a59cfbcaef4297e5b02aef591d7c684a336c95e0277ab4316656b1420e4ca2cc,IPS LCD,6.75 Inch,720 x 1570 Pixels (~256 PPI),
2143feaaa77a2321b5fab7ea8d0c82c8f4c7dacdf0486e09379fe6bb8b3a3d4f,LCD,6.75 inch,HD+ (1570 × 720 Pixels),
63267d549471ca0d37c9cb68b46c69d7867de9888756c4cbbe6aae67d4d74243,LCD,,,
8585bedf89e23c6675697bbef477385d3421bc7b8967852b2e26f3e7a10a1bee,OLED,"1.31""",1080 x 2400,
5951c5573b6ea04cb83a02b547dc8693341bf6389c07b1d586a0e0fd11368177,AMOLED,,1080 x 2400,
51c5c4a6b2278da706cddebbb9de390db37511578d311b9695cc861287c751cd,LCD,6.75 inch,HD+ (1570 × 720 Pixels),
fb86a46dc27f7509154ef380364bd93292e9db0ff14e80c4486510fcecd8f122,,,,
6faa67cc3ecbb267c8bf6d40350ae5e89378361b059d747eb7189353fab8b617,,,,
4cf28eb0080da657fed46adc3a28b87c619573ebd0794e10f20f5dea8775813a,,,,
42722c98f38452fe77ce7af7b3c100d78d16317d820f237b33cdc2e3eb273c94,,,,
697b2ed391eb53f73b9fb12c68d66a5b077917fd0b84e88939f567896597e5b1,AMOLED,,2400 × 1080,
b91ad8399de70a670de172d24d77d52e7768148b5509fa97166d66c3599853cb,AMOLED,6.78 inch,,
6a633f415e5f2427618370535b2ec8550ee9b64e1481f88a4967043a0442aaf3,,,,
86ff1d7f487cc551788619318498e0809951097434d57f1d02e840c46b54eeea,IPS LCD,6.74 inch,"720 x 1600 pixels, 20:9 ratio (~260 ppi density)",
d535b86997b868fabc0ff4dae2668cc8b20939b99e78357344f16fc34aebc2d0,LCD,6.74,720 x 1600 Pixels (~260 PPI),Reinforced glass
7289832bf82c5cafa4ff7207e86ea7c3394930d2b86faf0fe1cb1e2066867667,LCD,6.74,720 x 1600 Pixels (~260 PPI),Reinforced glass
3b9cefad0c08218f696f76b1762ca561d7ca512b604d5e9c29d910b2c94ba664,LCD,6.74,720 x 1600 Pixels (~260 PPI),Reinforced glass
33de96578cfeca0640481f35b5f717b62bf125ce07bf75bd44d791c7ef2c93e2,,"6.7""",,
9c00c302110f88221bd5a07b73daaa658021db91f02ab541434e15c184b5e693,IPS LCD,6.74 Inch,720 x 1600,
1a6164ee5630aa45ea90d85ca5d8ee0f328c1ea57f6b233fec730210ed273135,AMOLED,"6.78""",,
7a133f120ed1cc368721a5975dbfecc97e0c64d9bc2f1a6f8a250193588e4a33,,,720 x 1600,
585419a733a1e37a3a8050e961aa7b0e77d76e52e2666ffbf90caa9eec696140,AMOLED,6.78 Inch,1208 x 2644,
2d3c9d885d267ab5ed0d092655de34ab12bacb71c2ab815dd7e91a8fabf1435e,AMOLED,6.78 Inch,1208 x 2644,
ea55a7626fca47e79cfc457a04c769418b2e5e558ae7d6482809de3e26f10d98,AMOLED,6.78 Inch,1208 x 2644,
b975af040fc05a2e2cefd70671dab960e3f7b80de5a33741bd9f6a2cc76f1256,AMOLED,6.78 Inches,1224 x 2720 Pixels,Corning Gorilla Glass 7i
8792e90c3dd83aa4aef987c0c9fb950304d25c842c3638a7daab73955b811ab0,Amoled,6.78 inch,1080 x 2436,
495e0ad4ddf418818ebac8d6eccdf93dc012efd52106978f314643cfdfd4de8e,,"6.7""",,
395de5a7dff6630e2407103032524675cf4f30ac4c57cbb7e2e92ef1dd5b6bb4,,,,
9d2b37f644025b8766c8deab50dd308b3f7d3e4d5c50ca31fbb59742e1e53de9,AMOLED,6.78 Inch,1224 x 2720 Pixels (~440 PPI),
4e7ed6ff53604225ffa5660f2393777455be986b00adb3633e13e768fa140e77,AMOLED,8 Inch,1224 x 2720,
d1d2e06765b9a089db9936691b8728703ce5aafb4d71f866c4dc33537bc4cf10,AMOLED,6.8 Inches,1224 x 2720 Pixels,Corning Gorilla Glass 7i
e699d0378c2ac7b00a5d7caa96a9726e0141500455aa82d399defca7ef96b076,AMOLED,6.8 Inches,1224 x 2720 Pixels,Corning Gorilla Glass 7i
06a05ff555510f802988c1e82f993347285226df6538cf014d8075249666d10b,AMOLED,6.78 inch,1208 x 2644,
6d31c4c64bf482345082529174e0fbd72771ed215678e08725a7b8d25a8eef64,AMOLED,"6.78""",1208 × 2664,
679ec6546dc87d22f682e96483ff24d41c5bb19059c45295a63f950084307a52,AMOLED,"6.78""",,
3b7a529b0a5c19681501bf6d8027b9dcad086329556d8ee9ffc62ac74ed8d7c4,AMOLED,"6.78 inches, 111.0 cm2 (~89.3% screen-to-body ratio)","1224 x 2720 pixels, 20:9 ratio (~440 ppi density)",Corning Gorilla Glass 7i
50ba2f17d768de236864204c5587dd2f2d66bbe82bd42f6f1864777c683ac82d,AMOLED,"6.78 inches, 111.0 cm2 (~89.3% screen-to-body ratio)","1224 x 2720 pixels, 20:9 ratio (~440 ppi density)",Corning Gorilla Glass 7i
74b94d51fda2c0174a628c507545aaf69a6235ba62145a42a2aa02204c934602,AMOLED,6.78 inch,1208 x 2644,
f718a63b40d25760d353336df4ca636ffd55fa56a5b209ec07880116fe26e0c5,AMOLED,6.78 inch,1208 x 2644,
2c99f4570de3a5f3c313fdf27953e991da62d7a706ccc16df6faf6e1b1b0b162,AMOLED,6.78 inch,1208 x 2644,
b7177f9d056e8fabe662f9513fa60372aa9d7374b11ade0f6c193a4eee9ad86c,AMOLED,"6.78""",1224 x 2720,
b2d5e9aad2e4a174fe3670ffadf15f22c9070e6e9c95bfd8959d65dc17eee152,AMOLED,"6.78""",1224 x 2720,
182df72d6b88aa56fea223ed5f0d8abc813957edabe7a0efc4b7a2335e4145d0,AMOLED,6.78 inch,1208 x 2644,
fc61b53e04ec934ef2bef607d001848f6f5b7c09a8a251e045782cfcabc86cd8,,"6.8""",,
c028520cdc5b189dc10a14db38ee1c87cbaf4282c9e7e2f624470984201e4a3e,AMOLED,6.78 Inch,"1224 x 2720 pixels, 20:9 ratio (~440 ppi density)",
774b3fd0e8e10acc43c884658cf9a0b30a76ecbbfe79b51b1c4b6fb761c8bced,AMOLED,6.8 Inch,1224 x 2720 Pixels (~440 PPI),
409068e39d34990c63552725c64dcba2682a73c7f7b75bd244489511b4572542,AMOLED,6.78 inch,1208 x 2644,
19239fd6949aa06c3b416bd3f4475fc2c24fdf4ae08d2852fd9390f4f8e14ef4,IPS LCD,,720 x 1600,
d70fc647d7285b93b8c1e17044adb9de59d65722912ba551aee2e85ae1254ad2,IPS LCD,6.7 Inches,720 x 1600 pixels,No
956358759a0ec9c95afb84128dfb4b6341f1a2ec73f3fd1184870a6c38411b36,IPS LCD,6.7 Inches,720 x 1600 pixels,No
9272e61a920c9670a880e62c128a573d6c552f574d44079c5bf8c397de3d7606,IPS LCD,6.7 Inches,720 x 1600 pixels,No
4ef99e73df37dd05d789193e4f0c35acd4d12dce01ed083a4ccbb05bf0eae9ef,IPS LCD,"6.7""",720 x 1600,
70a1d6a55dfbafd00434ed8028c4ec016ccd9ad62ed5b492cc1709873229d3bb,IPS LCD,6.7 Inch,720 x 1600,
9e498bd7be3b9a7280deb7dceb85b8e0acc0016494f31007568bfd9d00bbc430,IPS LCD,6.7 Inches,720 x 1600 pixels,No
3b3ab6f222bfe08b66144056d7f643ee5973cff8e801e2afb0c3cdf07c965c5f,LCD,6.74 Inch,1600 x 720 Pixels,N/A
ef2d4ac3d81fb5328e723ddefd268e60cd17e0890a0dd2b6034258f9695df9d5,LCD,6.74 Inch,1600 x 720 Pixels,N/A
1f3c8078e80f22f9337893e16b3fd591eef4739e011c00d5ec205e217de1d5c4,LCD,6.74 Inch,1600 x 720 Pixels,N/A
7f2f9c20e4900ffc886d20bcfe2361d86747cb8ec244691e389097de9411795d,,6.74 Inch,,
115de2cbd4562a93b34e4e6d2dc080c4346ae90b5af3e73c26b5d1688b6bee7d,LCD,6.74 Inch,1600 x 720 Pixels,N/A
6265c2e15529412eb164110c7ba69247b944b9842d77bfe07d4c70a2f5ccccb7,LCD,6.74 Inch,1600 x 720 Pixels,N/A
b4f10729df9f3b4a67b8b5a08eb33e8303af2a38986a84f28b0171702a0760a0,LCD,6.74 Inch,1600 x 720 Pixels,N/A
e992c35f4aa72ee1b59c354bf54b26c34467485d45b1399ec371fb7895239d74,LCD,6.74 Inch,1600 x 720 Pixels,N/A
8d9845d4874581964f034d869e698d5ec4de9c17eb2c5b278bdaed21dc368ad2,,6.74 Inch,,
b6c54a1094f103c7ce18cae0fd449b9440ff15846cdf1a23295960db6a6335b4,IPS LCD,6.74 Inch,,
1bcca4df83c95fa1a0cd4411f54f84c10d6aaeca9f38f0268304c2456b80ad23,,6.74 Inch,,
66cd9944c77ec19763631300e3450d9996e80b831caeb9a527b460e0b4b9d623,IPS LCD,6.74 Inch,720 x 1600,
a8f09f98f01afa81d443195c2d1eee43cf0b234de32379e11d69a0a451c28b06,IPS LCD,6.74 Inch,720 x 1600,
da7fb57a9ae1491962220efc2c09394071529b25cebcfdaa5c7a7f51d08c1cf4,,,,
19a2259fcdcc8040c9b310345e9bc6afafba5504f851c5c8a8edf6e6f92dd987,,,,
af946942dbebdbb1bb903ce912d1271368e97992b70e09d9d693f03483f48dc0,IPS LCD,"5.5""",,
07d7b3b9c59e39ff0c6e7607230617a8f84ae54e297d21f49d99f6de4b3dfdee,,,,
1ccf6d1f88a1edbbd28f5232a615a08ae72f005f24519ea0228780c0a5667d7e,,"6.6""",,
260dfbf1026a7f56510189a3f829e6db7627328a7e708317a88217433d9e25d6,IPS LCD,6.8 Inch,,
930975577874287517c0da1d38029bd2bc7e53f04c7ffb7d1c960f0165b5e6e4,LTPS,6.78 Inch,,
dd044b9f4e1dbeeac77f14c650987f088941e53a339036ee182508809ac9e071,,"6.8""",,
d0b971db2a15d5b6d41d69c39eea7d39bd4561847fb137abc7df87f81b354348,IPS LCD,6.7 Inch,720 x 1600,
d46ef77b91baea6b8a27a1ced018946a1f1342a360a4325870c08ed405362126,IPS LCD,6.7 Inch,720 x 1600,
e2afbceedbda0d49e1c0d4b0e66593392c13f3c9aac9ae59ea4c69e6dcb4d750,,,720 x 1612,
15242cd53d6aadef72fc47674bbde88cc2eac955e570d551388403bc4df5a7be,,,,
4467c63fc5a080a900d446d5adb8c3becf985f9be8adae74c1ddbecd3b762773,IPS LCD,6.88 Inch,720 x 1640,
fe87b0c5c6335b82d0c0093c52f59833d62e44d415f35a5a04ba4ed923d03a33,IPS LCD,6.9 Inch,720 x 1640 Pixels (~260 PPI),
20cd9b3367ac2ebaa0e36397fdcd9b3ce9266c0eca79e3cdb744bd12744be011,IPS LCD,6.9 inch,720 x 1600,
d2f086a66f50789d5d2a8d2412b0ac4d3968d94c169c14a05e7f4c93554bb242,IPS LCD,6.9 inch,720 x 1600,
ede51c8ad7d88dfff6a9b4ed5190ba73c56be48a7bffe1890e41b46827496a1e,,"6.9""",1920x1080,
b113cc3b63bf36fa684d0a6dd51c015a048086e103c9e10b62d45a4fa3fdb51b,,6.6 inch,,
8629d9d719740c8427cf5f61b3a07770c08cb3234a760e4f89fd61c5875ad1f7,,6.2 inch,,
2f1f379b071ad1d0222c7c4151f683610a6fc461964ac4d747b767fad9b66219,,6.2 inch,,
440ef165d9822501b065c17497a5c3c247c6fecce7f5ed4fcaa71690661d4e4a,,6.2 inch,,
f31d6bc8dc35c5ea1ee1a651ac13831354dce9911e226f0ad45865c7ac85c4f2,OLED,,,
1d688094a61b91d9307cfc800b7a8bba7094555a0caa0635d893b8ce7f1547e7,LCD,6.7 Inch,720 x 1600,
033c619189bbf7504c77cbf3c53cf6e1495f273060fcc681a6d539269b3be700,AMOLED,6.7 Inch,1080 x 2340,
14e48bdcac505c0434a2c20d2a6b3e8b770ced16d87af4283020a817bcfb008b,IPS LCD,6.67 Inch,720 x 1604,
75386c484bb97d7897507b52ed8a3a1f7b4c1ad8f3b0ff6ec7b8d2fe89b5674a,,,,
cdf97488a3e3b67a0a372d679b4702f99bec86794fb44a85e77f361ccc50edc8,OLED,,1440 x 3120,
627056b651dc5152548635f710e5263aefd23e46f3b333cb1703535cb22f3e44,AMOLED,,1440 x 3120,
c7910a04dd83a551aad68af0b2f4eb1751bf7e708eb1caebd5d35f33a3bf0f0c,Dynamic AMOLED,,,
1bb5131c352050c210b00e413890a4ce382ad839c5dc44dd03aa873b22483337,OLED,6.1 inch,,
f2a6500180fa39d18faba60acce303311c777e81d72dd1f820fe505add97508b,AMOLED,,1080 × 2400,
c6765574990bbbd8a80ec3a7170a70dbf73a3c7686fc82cc1fa5439a2a0278af,OLED,,3120×1440,
30925352f19e92ed4c308e1b643e3f686f0803bd4fb553c584f8f0ce915013ef,OLED,6.1 inch,,
186f62a8b4a59e0a19a1861ae38b37e95b536df41ee7e1bc38ec302ad5615b69,OLED,6.1 inch,,
a08e4a7b74914b377be91be33e0864583fd38ca13b4daa142bf4983442f81009,OLED,6.1 inch,,
44c68803bc0a55eca5da9b484f42409cc53df07e592841cf0d3404b77ef3c737,IPS LCD,5.0 Inches,N/A,N/A
d81329d0e75b91f1f933c43bd15aa74bb47c03c9febab08319cd6f67d97727c3,,,,
cf27b9eb0bb523c094778090672c1579607c07ebee74c73aace79ece5c5b9641,,,,
dde23ab93861c1cd29d28ccd19ed36816628110267fcc2d05fbf850bdc89ed9a,,,,
9d1edbee9d5287e26fcf91fed854e9a2e8711ba3d7111c86289293325520b7b5,,,,
75c9ee5d39f4a7aab0e60e0116206a778c7dc7ecd6480f12255235ded92ced9f,,6.6 Inches,720 x 1612,N/A
68489ba5e043f7274d9dc7f82eeb031a7b99199104fe2c66cf387abe925c6589,IPS LCD,6.6 inches,720 x 1612 Pixels,N/A
83736f8f3599d6b707f80dcd484f52958e465c17ae24f298ac15ab4bed8e68fa,LCD,"6.9""",1600 x 720,
acd873b7ff471398a97e45c9dc20c1d61f485e3b4760d944005926630a0fde79,LCD,"6.9""",1600 x 720,
8e380695027678048703c4194f808c82d5e17d1fd076e6d1f6820504f0696756,IPS LCD,"6.9""",,
84e8af563353c391c13ac82f9614191485b00e2b2db649a38c91731f7cf4ee95,LCD,"6.9""",1600 x 720,
235bc61113ea17af740261b0695dfb0b1cb4fec8e51943119e9e8a7d01f2a2d3,LCD,"6.9""",1600 x 720,
ae41ab2c83ac0a64dd9f63ad81af381d81cba7aa5eabb6cad88ff0e11595cb38,IPS LCD,"6.9""",,
905a3969723863de667189fec3914a5b6cad9cc1fc11b790241c923ef6b39da6,,6.517 inches,720 x 1600,N/A
be9027f9748f5f018fabd9f03b8f1abecd68a415bfcb7162130f311636d7abbd,IPS LCD,6.56 Inches,720 x 1600 pixels,N/A
a01aed18329ec1c7898c7f2a3094d9e2d3748a1b75ed5ec193d34bb9bf3025d0,,,,
9fb99f7ec719300268c6951762d6dbfecfe97ed6a1b69b89c591b1e96ad3eb0b,AMOLED,6.78 Inch,1224 x 2720 Pixels (~440 PPI),
5f4a1cf9473fa718cd4e114090bd96df9876f735704d04322e2dbd9abc62f4d3,AMOLED,"6.41""","1080 x 2340 pixels, 19.5:9 ratio (~402 ppi density)",
6197923a7e0cec6155b379d1b12e320f0746a324e1a7e44f97d1f9b8edf68330,OLED,"6.1""",,
c41724c625fde67e3dd426643f9abfa94c35be96a4473b38b74e9b878f4ed31d,OLED,,,
4c2cb053a13938e2ba732a854aacb3fa5c455d5fa39425e80b767b1562d89805,OLED,,,
5284cdf5b1cf4b9399c4b87e6398d0a03fa66febdefe1987d0f55b5b643ffb44,OLED,6.6 Inch,1260 x 2730,
5583e515b8690be86bfa826d60591db5ee7d759a3e61cd135e347ffaccbd782e,OLED,,,
7a94d5eb98dad164bcd99fc6eddc39a74ce7fb984fa065480245d296af4d483e,OLED,,,
b40eb2e84d32ccc07d112b1627643f7f8ec5e6532597e5c3c5a42806e020b140,OLED,6.1 inch,1080 x 2400,
11dfd9c870adadd676f5c310e142af0bb2a8257cbbdcd0fa0e11938e4b77f389,AMOLED,,1080 x 2400,
32891a79b5c0f559c56124157209c2dc0ae9ceea6138891d89e15298a191aa5f,AMOLED,"1.31""",,
7eb27164879bd93d0ffb3ce9340410687a04790980da06484d15aabfbea94cfa,AMOLED,,,
b9e465b324f56858c16d9bc1094371ff8b6e11e6f231f32445abf6e51135c39c,IPS LCD,6.6 inches,720 x 1612 Pixels,N/A
2eb2f9d659ee92037eb04eb625543c95e8b6c75da779777a1a728a6b715bae3d,AMOLED,6.74 Inch,1080 x 2400 Pixels (~390 PPI),
f58b203637e9d559a0991725b17014c11d340eefbfe4aa4fac33a2b617613af2,,6.74 Inches,720 x 1600 pixels,No
c0406d45ddf8f0e99f8452acb863ae61aeb4ea49b48073f983ba286b685f6c24,,6.74 Inches,720 x 1600 pixels,No
d0a81138705fa527547509a4a25dc2027030bc20dc302e7c461e681d610a517e,IPS LCD,,1080 x 2344,
2c973eeed3bec42246c07a6b36a2bef7eed33d4e06c4259a6e85ad6614e24907,,6.76 inch,1080 x 2344,
fd24e36d390f7455656da4317eaa583f2dd8d42760991b06d26b8653ffd700ff,IPS LCD,6.76 inch,,
3abea2d4b4f9cc6d36d24536d46f4b3d4e6b9a092cf5448653bfa011e1d09d9c,LTPS,6.76 inch,1080x2344,
e7e74435278500ea24a55649742bc61c1f58ff03badeb0d5c5c99d1dcb37eed8,,"6.8""",,
ac9aec4a11999396b443418e52a538602e16c8ec2e5416cfafe93c67dabd79e8,,6.74 Inches,720 x 1600 pixels,No
73cff8001136ad95155c37a3bb459eaad362b23a3798dff2d6a40854b8777987,AMOLED,6.74 Inch,1080 x 2400 Pixels (~390 PPI),
3ee202dfa3c6ee236d6fd9888d854fedf3e6d49d190f8b2a0e62533b04a4cc08,,,1576 × 720,
2dd17f6fa0e1ecceffe11d7857f75c6042dae72cf137a1a7159b85a21a18d3b5,,6.78 inch,1576 × 720,
5bd7a72d05a188fe2e02353c6f49a02051d36cf55096bb214bbb32737209b038,,6.74 Inches,720 x 1600 pixels,No
36098077f28251972f2bbfe8b1e9918575ecbfb9b3241951b1c1b22545977d20,,"6.78""",,
a5f152903a99735b24d542c1697fae623df28346cebad6212a7eff165eab5ee5,,,1576 × 720,
893224b75a0b0c107b7d6c067c78564c72f8aad9dbcce3f914b18a5f99ecbd20,,"6.8""",,
62f004579d6bda86ef9121b94763a67e40d84a26c89e3fb942104ae6d48f9b26,,"6.0""",,
23b90f20d8bd39a19fbceb7098c57719ed1bfc98ad784301be5bf43fcf75d3e0,OLED,"6.1""",,
42b91b43cc1bfe4dcbf62426df89d64c36eaa45b7d6fbb36821c1060167f1a30,LCD,5.45 Inch,720 x 1440,
07ebb7fe8a13d3cd57658e99ba09e068955f4e2fa0fb2add6c35c2adc9662c6a,OLED,"1.31""",1344 x 2992,
4ce37708a51ccb4f863f7c00361fa81757f6b7ef1d4952e7e3d302d02e85ab5b,OLED,,1344 x 2992,
8f49e3e361199cbc5567e9b49317521d8b8f0e3b4cf70445a7cdcccdd5b9b6b6,AMOLED,,,
14f70f1a6e35a23f9f850c388b3b282302bf4a1aa70a53e2eed9828145caf57c,IPS LCD,6.6 Inches,720 x 1612 Pixels,N/A
fc741082bb6cd1acf321a1883add471be392d4ffbead9bfea36c0d53690786f2,IPS LCD,6.6 Inches,720 x 1612 Pixels,N/A
fd84a041be0f7d15182e2b495d0c4fc9f8736604f7f3e7c0b03e59a55c0dcc04,,6.74,N/A,N/A
b263848ccc373facc86878cf6731ea78634a90267535dd1e270fc054f88ab1d2,,6.74,N/A,N/A
55bf9a694e5e2e8c9a4fea9d08a62c5d8ee13a86adb53d78b9ed492ed6d80b77,IPS LCD,6.6 Inches,720 x 1612 Pixels (~267 PPI),N/A
3996dc0f79871ddcc4ddd1f3862447a4b376880d693de0c11ef47b56bf4e84de,,,720 × 1600,
ba5f72993ce1984956adf87ce0b3483878ec671270cb69f95060a704b0f25cbf,,,,
2716cff24b844a56628cbdcd9239646177d2d10712a377eae1ccbbac85ec9528,,,,
5dac1d50c8f16c9b7dab35e052d7ed41f70ef029af03623aa275a6ef586848f3,,,,
9fb671af8c9e29001dcfa8f35bb7104167378ddfde3d41d50e742be799e2e23e,,,,
ac96c84a6b75a5c6fbd003955a46e70ca561c023ae80012fa3e932aaf34eb8b1,,,,
2083de9064295c622b49b802b399479368f6b7403c98819757f4734434e5fe60,,,,
4a57d39be57a03650e741f9497afaebcf23bc47141d986a0ef5209617a5f1b68,,6.56 Inches,720 x 1600 Pixels,N/A
4b652051e15253c16d160390df89504cd3a057fb07dd6febdd5be97963999bce,,6.745 Inches,N/A,N/A
68668e5443eca1523c2feb43c31a60d3cca890774d361739fc8986c21fa9031b,IPS LCD,6.6 Inches,720 x 1612 Pixels,N/A
e3e07d421aaeb4e7f549f2fcaac62eee14fc43cc83d1e26fd3effd289770c871,,,,
06fdcc9f07e7cc851b6db81d0ea016a327458fb7eaab39d647c6a2097ba95b0c,,,,
5c4e61011b9b9da204f3d4761892462f535b28f5177d902fb491a6801cda10e4,,,,
ff1b773a0cd101b9c89502f72daa95845b416673e39034a7db1c790092b1f4cb,,,,
1d2bbd1b8c379cdb5dd779715e20ef404f79dd201d1f4dac335748100a453f58,,,,
60afd6820c102c74d590898d7aafa5681c6493738cdbfc45c1ea6bc7553609ba,,,,
1b610700e643e49773f223f2af749b96280d5ec038583cb4f31515af3075e37a,IPS LCD,6.745 inches,720 ×1600,N/A
bd217d3b9636f2dee4aec7e24611c8908f1c35cf9756e6559efee24474c79e9b,IPS LCD,6.6 Inches,720 X 1600 Pixels,N/A
106aaa79587fb8c88c905c5e441df93c67f5c555abb8d5629e95aa45665cbc6f,IPS LCD,6.745 inches,720 ×1600,N/A
539d9fcae8f5be865874ec92c8f2f069817cda0423a1e6ad81a4738285137177,,6.5 Inch,,
8fcd761bca17815ae9701f115e66e4c023cc5d0fdbea55e4657dde053b1122c4,,6.5 Inch,,
de54abe76f759216ff23b22060c5254553c927d9c0f879b786a01f2b5b37363f,OLED,6.2 inch,1080 x 2400,
8d8c0a2c479f39f10f118666340e157895b428076f8ef7da034b1dd65cb0895f,,,,
d9e9983a99b6fa7c610c8646741971f3b53cc17ec121d1d25a75ad7458ed9740,,,,
43a2e6d30d15e64c3ccc6e241be247c3f17a63a042d6d8ee4194d1eb1b5e83d0,,,,
6f9a3a36291a7b8f93de4674f375d7791675ae80f4f6747e21bc094efdd0c2df,,6.72,1080x2400,N/A
b3351c39b3635071b2cdcf2c0b006ec6a2486a6d64cda3384c6f81c59717c2a3,AMOLED,,,
e4a7ab3f6017421117ddc98b04e594d2595499f453bec3f56c6c7d13b456a902,,,,
09fe9e58100c96db5b0ef977223c06e6e257c96cb3342a3ede923b8db3e95fba,,,,
ccd229956c7827ce43541b114b893952faddae18b1fabadaca8a0d324199daf7,,6.72 Inches,N/A,N/A
f24728013ac9e8dd618b75637c2cd58a1c48e91f89422fcb6d8290cb40ae92c0,,6.72,1080x2400,N/A
ef94bdade7b6edddba90be67725497031c38b689fda43b3d82653e1ffb4d1088,,6.72 Inches,N/A,N/A
78e81bcf2c98d2ae6b03941b89b6abf97b3791663497cc7c731537ad9ca7d7c6,OLED,,1080×2400,
634ccec4b0e311d11cacd2bf9d7f6a3299d00d9fb0e90d1c979354750f8cf435,OLED,,2400 x 1080,
900049a3589c0b91ff78a2683bfbe5e0b934fdf9f20a291235d7070769711936,,6.8 inch,,
1950bda4dd4d8fd028c919f5ffcc8650453782174e7e77cbe34c8aa974bd0214,,,,
70b03c418b13d768eae834715b569fe89e5363ca71e28c4b303b65b96630e0f4,,,,
651116657adf89e2b5ae1ad8542087a16a213ef0403589b7393d5b81716a23b7,,,,
fac073bf94afb3298d6d939454c2de5d46ebeab8f38d2aa448e569202e34235f,,"6.78""",,
26cc5871e4c8bb036882ea7b9e8d7b02a93a80b03fa617971b375f8118ed0176,,"6.8""",,
4902cfe5c7afa32acf4e4c5db047658df0210d3f091378bb90440e6c3178881d,,"6.8""",,
f8b20a3ced694b25adc0a840710adf66e3367302956f43c974b8e49e92a8ab54,,"6.3""",,
f3365147873469f22cbfc7c76423c3f0d77a6e70f28399488f14b8d4e57b7f3e,,,720x1520,
5c58a12ad6340717fbb80d31a5d1d53dfa5f7de897d1fd86730284266820f4f2,AMOLED,"6.8""",1080 x 2344 Pixels (~380 PPI),
5ac224fbec217567f3fd0d564def6a9608601940d8823d2d1f268f4fcdfe0877,IPS LCD,"6.9""",720 x 1600 Pixels (~254 PPI),
61e2b218fded93bf76bd24ff05f25186e7b155a583b9c5e1ceb2b8ce98cbc3f3,,,,
5f7012fec3e865c1633dcf85702a7115cdfeda16789639c13ce73f8b6f90cee6,,,,
315d14b6c41bdc983d11c543ea64f5757064d3158e9d3ebcd472b47c1cf564cb,,,,
0d387fe2b96cb6d5783fc3787438afad7e4f8b0e35aed27dc1315a73754f60a0,IPS LCD,6.74 Inch,720 x 1612,
c2a15e149abb8b50aa0cdd99206861edd6e387e4e7c7864d72f3cab6dff24aca,IPS LCD,6.74 Inch,720 x 1612,
0b0ac3135972e8f4157caf0dd5b3e7b620a40dae46b5f31ef7a2c11f4abac8d8,IPS LCD,6.56 Inches,720 x 1612 Pixels,N/A
5dc8f30758b77345ea7f4177cc59a75a2570b66afabfb8cc2865931d516f2632,IPS LCD,6.56 Inches,720 x 1612 Pixels,N/A
bae3080ddc78a6885b89e4c1167aaf20528995cecda3e68f22de00ac41bd16c0,AMOLED,6.77 inch,1080 x 2392,
efa1961945cf282241f64ebe6f5ebcd3544a299fcf7cdaf21f47037130f9b70a,LCD,6.6 inch,720 x 1600,
dd4f6e7853b229b29fbbd2a2a648cfb9a942a1900890c0aae5f1a4b2ccef8c86,Super AMOLED,6.7 Inch,1080 x 2340 Pixels (~385 PPI),
5fcd2172f708a5e9461ea5fa2f070a5770d72dac4b1c8e1ced1ac92f705c73c3,AMOLED,,1080 x 2372,
c6172684cce35b7df11b772f5254cd4c717b2b46f97c002d1c83031b3c196f2d,Super AMOLED,"6.7""",1080 × 2340,
f026923e1ccaf7f398a61af7e024f586f10a4c0a5b8a586cd0ba7191f5b14c9b,Super Amoled,"6.7""",1080 x 2340,
e55d9a7c2b82a74a8f6b5b03f24c1ca2d4464df7375e82a52c4ffd20335c7c94,Super AMOLED,"6.7""","1080 x 2340 pixels, 19.5:9 ratio (~385 ppi density)",
c089e56b50b39ab47afda865502c965c5e7e55ae5764c4c40b7ed23ec54dac84,Super Amoled,"6.7""",,
9b33549e897651b3a4e5831913ae80dd03a313c73e8797fa62e2d0c51161a881,Super AMOLED,,1080 x 2340,
d4ef4da5497e220c6dcaac6dc458ac2340ce2abb25707226dd688fa065d6e29b,Super AMOLED,6.7 Inch,1080 x 2340 Pixels (~385 PPI),
ffc600033aa238686682f8b1de90ef7e62e999e17b30d8513051080ab98dadb4,Super AMOLED,6.7 inch,1080 x 2340,
d78f243ab39535bfcfe6b62e5cec2c0ad6ce56184a153e70b66a9a870d81ee3d,AMOLED,6.78 Inch,1080 x 2436 Pixels (~393 PPI),
e010e9bba3efe26887b81a3f8ee83dc7abc2a9f8d10b5701241b3c6b00355760,AMOLED,6.78 Inch,1208 x 2664,
2c7904284ea883123eb443f9a4cc32afa68adbdb3ff492df5f3d5369308fafe7,Amoled,6.56 Inches,1080 x 2400 Pixels,
07e088f4a92b24e70337e790634d2de66e73fee7db35950e6cfb2f1293f8aff1,AMOLED,6.62 inches,1080 x 2400 pixels,N/A
feb7d3e6b1733eb4c0b2ae0138690057b9d5214e32c514c4162d7b6e07f9bc30,AMOLED,,2400 × 1080,
b8d958323c97c9543716d943baa5f16c589c0fbd4904c8f0c8a0be609458b7bc,AMOLED,6.7 Inches,1080 x 2340 pixels,N/A
bc46f073489a6d76f2e37fa2593e0815b51e6ced41b3c12687dde7459b64ecc9,AMOLED,6.7 Inch,1080 x 2340,
04799d2cd3695a69da8230ae850e8ceb8e009da08859b1004f69d9230e413cea,Super AMOLED,6.5 inch,1080 x 2340,
917ade586c818578d86cd991f67a3e5cabcea605a90d684979bee45f59451538,Super AMOLED,6.7 Inch,1080 x 2340,
aea77e7c1d5ea64d1592d6956628a97a460f54ee5bb1a1151e75d57de91391a2,IPS LCD,6.56 Inches,720 x 1612 Pixels,N/A
7af97c52e8459e90006a9925552f688d8c7cf6e109639d3293857ef073e89241,,,2800 × 1260,
b85cc8ce0a005c0c61260142391e65e58afdb81f0fd3d3dfd750cfb7e1a71c91,TFT,6.77 inch,720 x 1610,
3c3ce0f092455d3e31a0b30326de21be1ae1ffba54e85f736491347c64b7b1c2,AMOLED,6.77 inch,1080 x 2392,
331b5265936fc6381ab21ea6a9cc74ab475c577b53bfdf1950afe4947015be8d,,6.75 inch,1570 × 720,
5f18866534424bef47043e614a8be952f8d2895bcbdfb7d0b1d2de4f7c9bdcef,AMOLED,6.67 inch,2400 × 1080,
f92efc30f7e369e2ed5cebbafcbcb6ededd923ffcf018cb43614496d405e45cc,AMOLED,"6.83""",1260 x 2800,
ad51746b365394393b3180dc81ec57b0ebbd99e9464600d2b4e4b4ad186b1654,AMOLED,"6.83""",1260 x 2800,
8225f5a8bd81dbb7c8d49f311b80cd8316389fa13a534843c27fb2fcd9eec813,,,,
cb19fa2d341ab3668afb8b17b3f81f6f230647b999c000af70cc06620feaa509,,,,
17de079737328ec7e3cdaa350b5268a0da22d5904881f0cedb41c7daf90b7e61,,,,
9c034f547a77b208c5a40bc2abd8eb3cfc186ec6aee16baa41bab884d51d2388,OLED,"1.31""",,
9bf2104a8ddff70b5e3a028edc3b85201765dc54248b29296614ba84f609c262,OLED,,1344 × 2992,
ec809ddd7e63e4c77a306b1d3efccd582c1fc64b5acc4852e1c86a3685050050,AMOLED,,,
ed973620db09c4d25657995153cc81de780f4e7a084ac9201912cc5898467cdb,OLED,"1.31""",1344 x 2992,
0fd9340969e97a12cb36f8f11c49465c00258626ae3ddffdcf82451cf153eec6,OLED,,2856 x 1280,
ad05a1a3ba375b57c6ea0953d8405c96fc258997be7128a8ae43b65372ccaef7,,6.70 Inches,720 x 1600 pixels,N/A
70cb7478068d0d5f91f9d881b472a61de47dc03fceb3136c4a070c3719b1f3af,,6.70 Inch,720 x 1600,
ff5440c3be3934c78c89dff4c4888eb0714ca9ac695bb043687050d3764fd429,,,720×1612,
68d2e0df82f8aed3a5a9661177e4c020f1a70801b984f8bd9ce3b968252f87e6,,,720×1612,
7e6282313aabed05892a3021e3b2ffb918f651206c5fad1c005d945d2a28f327,,6.56 inches,720 x 1600 pixels,N/A
3fb7b29da81eabe1a3a83792be08d16a5914d0c4393dad6ebc49337a6b17d595,,6.745 Inch,720×1612,
c7d3dd0881e4b2a5aacfd28131e40bc8ab86ab39e2c4c01cfddebeacb2a808d5,LCD,"6.745"" inches , Sensors Fingerprint (side-mounted), accelerometer, gyro, proximity, compass",720×1612,
fb4efab6468b298db0c0f0f223b6e07177e85ad8242eee30b555eab2d467c525,AMOLED,,,
9965e4c48b68f6fb69afc0cfb9dd0deb2d0577ff4bc11e3936e82db643757531,,"6.6""",,
0d7e8798a60f64ae5c86276f97a21b1382c16ed39f0ad44a93f5e45f9a2ef12f,,6.7 inch,720 x 1600,
2e0f2a9ac1279339bded06b34438d9cdd53316be239827a3456f3e0bbe878101,,6.7 Inches,720 x 1600 Pixels,N/A
7f24a389178167907b7f36f1b00cda6abc2b01de9bfef9fb567e8b2287625d6b,,"6.6""",,
3eb0fdb113627e2092a3cda6988a09fb8bf30894a40c8e68f4b496c8da70ff28,,6.67 Inch,720 x 1600,
74995f714ecca994887b2c92c489a89a870554436b41b677dfba9c5701502b60,,"6.56""",,
b2d853ef9fad3cafa39d8ce8b3bd055cc0029f7a2845abcb52378f67b9c6bece,OLED,"6.1""",,
9c0325cff1f6be4ef36bddbb9ff805a6d9d042150a0dce158e5876c37f8703dc,,6.74,N/A,N/A
4ac5ee183a29aa669c903864b7c5a92b2d8d6461828130b9966266a835b0964f,IPS LCD,"6.6 inches , Sensors Fingerprint (rear-mounted), accelerometer, compass",720 x 1612,
e860d328cfb7022d313f86bb9d04bf0b9a43527e5f8174f2f8ec91ffe1c25b60,IPS LCD,6.67 inch,720 x 1604,
cc883048ed618b98913c7f1883253203c1a6eeaf3b9cbef07e49152b473213e3,IPS LCD,6.67 inch,720 x 1604,
f75312a21eebaf7b6d700add5731e500e13786db556db718926795810dd78ee1,LCD,6.6 inch,720 x 1612,
d4210e1a5f0d7545786109a2fb31e3da82a5cad9e6df094b5b82a3a74927586c,LCD,6.5 inches,720 x 1600 pixels,N/A
29c133445b5317434e3ec27b8488f6a9f9e999b7e008de40db107eeb83eeb43e,,,,
e89c910ca30205a94defd07294e3a1ea25cd22a66ce8285a2cf7f5f679857748,,,,
bbf088327d5be8af9cd85baf33d1d3076d10b0fb149cbfc56f9abfd0bfbedc75,,,,
b56e7966e5e1534e917696bcd3be0b7f131de0fbbd13e7ea6f1b71ab618ebc52,,,,
ae09e38c39e78690ce2bcc3a73e29eaa59f713606a7d930d894055e0f82fd7d5,,,,
50242b848b7b6da4d45f05bb6c49bfd2251a6fab95c825b432d5b7f3fc9f4d59,,,,
9b4659b7714ee84cc6649de54d0f0faa1fa51c66d2a8b6b0e5966baeacea8119,,,,
70df7bd455345ca11e71b050f1ff9a7472acd8e223da92f6ae12d1f0a9f849d9,,,,
ccef9a08c7532c7f5ee917c27423a234901f269f9a424ac8158a3f4cd91ec6a4,,,,
ac85707cefea55012615d41ca52a2adb72215ca037e76f93d615c4a1622ad8ec,,,,
6b6f62029be8ac1cb2096e9d4147b7618964c4161d018ec74d7b7ef368ef5637,,,,
30c7e168c7af404c50b9c480aef041f2a6ad03a0097a4c38be2808a39b6f0db0,,,,
a36d8fa381da46ea5daf27a30ab8e255fbe536be0a99fe7a01136c5b70c03080,,,,
5dadeadeb45b544948b4618365b2ee3ed4661d201435bf9e0beb75935dec6a5e,,,,
f6cb492d4fdc54947474f25d5b3278909c39e032250dd8de622f6a424afd9193,,,,
738d9d42f1ca2e41f5fc5b99b6cc4ab45370bf5bba5a4f6a74f58ea90a1929f1,,,,
4d34aa35041de2ca35c522b84d4df8034bbb50025cabb9003117f33a22f7c6a7,LCD,6.7 Inches,720 x 1600 (HD+),N/A
2e3877b1351a16f0b71c5196a706d7b6e52f2cca983953ed7a823bb018f12a9a,LCD,6.7 Inches,720 x 1600 (HD+),N/A
2dcce367107b402f3701172f218c7dbdc6ffedaf6ad48b92ccfbb6867c7af50e,,,,
df327b4bc102e978fcf0627a7064d8afacdfd8ec1f1093df7126be9b34b891e1,LCD,6.7 Inches,720 x 1600 (HD+),N/A
00ee94eaf42ae222a36361dcce9cf5c2c2f0d7a9ce4af8128fe99ce0fadbaeff,,,,
3d08b8bcacdced10e7b6e3702cc92a6e941ac54ff7e701838a3dab4070c76361,,,,
0dc5fb9a11bf7cddca543c17fc0bfc9f673624487dc382f1a9ca220d6ab0efd0,LCD,6.7 Inches,720 x 1600 (HD+),N/A
4bf90d805e9693ad4fe1e3a3f14f979308d5923ba64c19351fc6b755dc1343ff,LCD,6.7 Inches,720 x 1600 (HD+),N/A
0a9c13ce623845577e07dc142de258560102c284653f5bf035eb932ef866a6ed,,,,
a95574016beaef7ad3786ef4c7939db7451577d3d6471fac587f8850d00267fe,,,,
7d7f51ed1af9d1e9faac9e2635867a5a945e7d056886fd421de66d16dca4af1a,TFT,"6.7""",720 x 1600 Pixels (~262 PPI),
a636ced852a946a8d55ccedaf733e011e92c99da446ecdd096730972b4616b94,,"6.7""",,
5d8424b387e7db685c31a805cbe2ecb1ea18e092f4ea3092db9dbc2513a3358d,,"6.7""",,
4e537cd84589bcff11b03053460b5a8d93ac4c8f9947d0c6f4af6fbac166e901,,,,
e5a3784219c41201c06f6f9c6889df577bb5a1701fc306bb54713f59aab78b1a,,,,
c9239c0ad0c94b599a7a21c5e6cc6f49dc37fafea5fd2ab40440515fff8b4815,,,,
420b0288c4a6f8bdd6ecab36a2e7f8c2d3d29df7012703d131daa0acb6301ecd,,,,
72048b948f878d17b3569972d063c38907e06c4de64a28fee94f0a22290bcc2e,,,,
2d1b45fdef48cceb71deb32f9c756ec2b8d20ca9084e4e1e3aef61dfd25ab306,IPS LCD,6.7 Inch,720 x 1600,
a4db32542afcc32fbdd2ba63603b0e81bb9b4c0c09442cced69ea5c784578f41,IPS LCD,6.7 Inch,720 x 1600,
9b02542e2320765866a718198b7fcbf13477b1ba80d8092cf89bf4903cca55cf,IPS LCD,6.7 Inch,720 x 1600,
083c2b871a9cd86abcb477808e79c70ca710a6415ab3d2fbce1ef8de07562a26,IPS LCD,6.7 Inch,720 x 1600,
8bbe48662886f297fd19f77b224fef720c71dca166df5c75bd92c332af4b7051,IPS LCD,6.7 Inch,720 x 1600,
e0d039788594ef25104e4b5fbd2328ea863b963a2e03a003bbf7ad9465768467,LCD,"6.7""",,
cf1d782e55eb1b7c504e32fda651bf856717863ca144ede2dc1d079c1e004e4b,,,,
c8f26e8e5b6588ba0abb205cf2761749c23307850b7b3f5ec0a9bda8d6706e37,LCD,6.7 Inch,720 x 1600 Pixels (~262 PPI),
f52be453ce700c6b3302eb4765492785edde24bc42a1aecbce3cf4d360c8e107,LCD,6.7 Inch,720 x 1600 Pixels (~262 PPI),
e3c3e7188786f1548af795cb4775977b15a14c2ee51516006b031d319a30a0e8,IPS LCD,6.7 Inch,720 x 1600,
790ce4ab1cdb290f0d55efce0403d0a3169f1772dc0a50bde637c992b794d4b4,IPS LCD,6.7 Inch,720 x 1600,
448f3ca7fc0cb3db1e87e302b8a3801b58f636d5002443a51ada9db119d403dc,LCD,6.7 Inch,720 x 1600,
a371f14ac91c1b1fb26fd1b837a7307d21f5d5704576e75c4cccba387f0d1605,LCD,6.7 Inch,720 x 1600,
94a72c522c5835ed463f32346a4c356cd5daf2569ecef566b61761870955f822,,6.74 Inch,720 x 1600,
1decb048144634326e87a6d4bf005910326ecb4fa457935f3f578a610e88e18a,,6.74 Inch,720 x 1600,
4fd866e6f87f1b3f9c4026cd9ad4ce464a99c4e23c7f7b12604ece9eedb592aa,,6.74 Inch,720 × 1600,
6e5475d75c954f39ef742a26836d6fe2a9bbbb6884bd951a320356da2807a1ff,,,720 × 1600,
f14e3a917a50f1223f62564cffc6636293f9b9a4a679d58da6c9123e834cc8f2,,"6.6""",,
c5cf76c4243452260500b5f36a3f84c5f6b412e69fcf75a35ee05c4d58067f22,,"6.6""",,
dab5b0c78f9e7c85b46c8b41ede9e743d9d6e6471dd2871d000e3f570276f536,,,720 × 1612,
deebf5482f5bde40821819d95c737de996da156f1e7d16d46f2af35cc184776f,,6.67 Inch,,
12d613e1c3614749663f007288336a7ad878bcb7431017ff3af0fdfc1121997c,,"6.6""",,
68017c67c09691f17e5ec438b9384f6992d59a7f81e39e3b64b561d870b6000d,,"6.6""",,
1f960804239b6ce08baddb86793f595a3ab2d0833f379641ba3815f7751534a9,,6.67 Inch,,
39c22f3a1cbea8c57f4ddf56f4f7595249e9c6998fc1f22872bfdfb2468be621,,,720 × 1612,
b9ae5ed91a93bb8df9ea4dc23bc73c8b7f27636bf0d9497585549648f70b85ef,,,720 × 1612,
d31824a2a21bca923db653a5f9d402151698548ff1ae1b031554af6c7bf6bad2,,6.67 Inch,,
752bbf02e21231a06f668d67e1d6e72269b86532b80acff1b9586cc482b406cc,,,720 × 1612,
ddb580462b9d0957a70ad444600be2d386a41969b999807c102d2b09380b2c35,,,720 × 1612,
9bcc3a841d987591d9d22f7588229de5b8571ad5ba602908a40a8c68270edff7,,,720 × 1612,
d0c89ba042ac15cd55b885dc4fd2606abb122d3e004a2035e49d765d7e17e8d3,LCD,6.67 Inch,720 x 1612 Pixels (~267 PPI),
37d3b1498d749f343b7d140db6acfa66c830438572968a16ab9a6b60226783f4,LCD,6.67 Inch,720 x 1612 Pixels (~267 PPI),
80e63c3945f9e6f3f6f9efe842d539d97844b18b432a63e9aa3ead00a75749f5,LCD,6.67 Inch,720 x 1612 Pixels (~267 PPI),
231f7428e5291326a383a83c624edc5c87537ef6f920093c198fb37400eee394,,,,
a5de269bd552b910feaee5243a5638aefc64e49965d4d7cfc69b14f15d96e64a,,,,
9ed14fac904b8530caca2f973c1564899f20b78b14480d81c96b9460e9847ebb,,,,
3c68432d160e347d0d33a4cf959265e2c68cf50813fcd4fd937145f3ce3ca20f,Super AMOLED,6.5 Inches,1080 x 2340 Pixels,N/A
25314e635dc6935aa892c4ed4c3fb692bed7eea18cd19e3f7144bd8ade88c154,Super AMOLED,6.5 Inches,1080 x 2340 Pixels,N/A
8e5cdfb643e266382cc46b3b2041937c32da74baad92a5c286126cd8cb462a7f,,,,
81609d8da9361d806aff09e463ab2c3de6da453e36f426b4102e2654eed5e211,,,,
50be3db1014e471dcfb739aee1ba2d1a740d0162eb3cfe1871d206663967305a,Super AMOLED,6.7 Inches,1080 x 2340 pixels,N/A
0ffb7f4ffe6b2b7f1bb8d241cd58a58e59e585036b7860380727ec7600f385a0,,,,
d7fd783c4380b97e95e95cce93e6a95c1a27d5aad4af808b0e399ff886d1d9d2,,,,
3215484537df61e8b6925b0579911e383b5647bc4afca9aeaf6a4e37de3e81eb,,,,
10b5b3b8962d966a991d019792e3fa761448c6c15eea5859786bb0eeeee2c2cd,Super AMOLED,6.7 Inches,1080 x 2340 pixels,N/A
e331c455a289931b2dc19cb604c06fea28356bb77bb594af9ea740b182710dcb,,,,
2466e7cd2d8c64fd633cee1ccb2acd07199d14f19a189d06a7c25794fc1e3b37,,"5""",,
e2c85b6ed3dbe96d2d1e0202d3c0a8db745ca8cef0e5097c201dae0d76cfea25,,"5""",,
4d0f9ad221a3fed324b3f52bf5abc04d12610a14667188fdd3b4b3c49c5895e1,,,,
5f3749e4411ac06f51d19553ba5e6d015f28f937fd37676cbf6ce6f936440d7b,,,,
d9c2d29382ffcd42565a6bbe3235938c9f95df3a191a5440824ea7dadbd23a28,Super AMOLED,6.7 Inch,1080 x 2340,
237b173303c00ca90dc946d20196f36e64ab92494a122b378c32d222e8310ca3,Super AMOLED,6.7 Inch,1080 x 2340,
27f263a1e02f418e3ea35b17cf1f9720e2cccb39929d3273fb7fbaeb673dfff5,,,,
0f80697a42ff72c78bb9180e76beb9b2e6e4fda99928f71ccd62a76e76b9d9e1,AMOLED,6.7 Inch,1080 x 2340,
1da324b0cea5d03045268f6f4eacf93b053b368711c2c0985a6a49c0bd4fccab,Super AMOLED,"6.7""",1080 x 2340,
6ec76374f6988d2a75689e202e7481b484c9afc53ae8994c1b7b03b49c0632b7,AMOLED,6.7 Inch,1080 x 2340,
9f864d58ccd94e20f5e34447679eeae8609b57c2b45141b58cf5637c605b3edd,AMOLED,6.7 Inch,1080 x 2340,
2fdfff944ae136cb1f0d59b32559349b512db7105cd2ebdf3201b8273595d9e9,Super AMOLED,"6.7""",1080 x 2340,
07e107f769042b8763a0f05d893fd1a7e162be41918dce61a06f668fdd0b6037,Super AMOLED,6.7 Inch,1080 x 2340 Pixels (~382 PPI),
bcbb65b3b9b79c540779b2b3c3b123bbaec79fd3f7d34bb0b0e5b35b29033640,Super AMOLED,6.7 Inch,"1080 x 2340 pixels, 19.5:9 ratio (~385 ppi density)",
9d1ed5dc1407522f5119f167c3c692d939c0145118fbe7f4289933b5ef4deb46,,,,
b4fd3056281595d26ede469f4a26e11bc43272b635b1f52892b106596853ccc5,,,,
1dba436552ec029c3abd7d39e461ad1b59033d233e573b6d729ff7e7b521ce90,,6.52 Inches,1600 x 720 Pixels,N/A
2683afaebd6201b598266b5c6e9ba06e7b0b8772036b82ca69783154a59271fa,,"6.75""",720×1600,
2f39440d8f9ef4cf5f03a4d48fb554f02c4ef071c13d32cc2cc7290c7c1450ac,,6.75 Inch,,
717b51e83cb0710adc533b1cfdc27025f7cc84341a44e8b188dd506b82db5ef4,LCD,6.75 Inch,720 x 1600 Pixels (~260 PPI),
9e6dc757ebf1cb519e9481388cbdadf36b49cc579eea6ea1b70d791385e465e5,,"6.75""",,
639bdec08b3c3345b19600aeab4617704a710fa782c12cf9665ae0ff46336ddd,,,,
147082f431f8e9af517bead0e2bc06b59e271028edacebfbc9f42d4b98cf850a,,,,
2e0761cd10a9abce8636d411f4ad9dc85844a85d5135f58c450f5a321c9c4bfa,,,,
7fa1fadb32150f3c989b6745826b3ff239c49a998b186b2793f0ae9f32d12523,,,,
d5c340dc5c730f41615326b527e52b8127b45b7898f8416eef7ac773ef4c1818,,,,
296f0df4973fc9f1f7271d71becec2b447796fb004533a1f4346a25fe9357a18,,,,
ad0e8754a2ad94def693ecc3fb7dfb95fa47dc99800b60e9c0fa76c4f135e7ea,,,,
e5e7244c1e482a9316e1cce825e82d6f891f7ec6f78ef808f94af10c03d12a28,,,,
236264488b59e94f924f2afa4b33262ae6eeccb28a6914981a1e35c7e131bf3b,IPS LCD,6.71 Inches,720 x 1650 Pixels,Corning Gorilla Glass 3
7fc048f021c130d1075e09fa9125871a8324c50e8da291cace9252592c35758b,IPS LCD,6.71 Inches,720 x 1650 Pixels,Corning Gorilla Glass 3
3301c07ace93e7ec8acece29dca96ea701025788945e6f87be77eb342f321689,,,,
37d936fe674fbf7d3c2de5ae00ec32d902e3c4019058801723be893768206d99,,,,
fb50c91e648d52e29327e4b2c061e0f2d672873231f0efa8ea84a0b7d15484d1,,,,
61ab831a5503e6cd4f7f659bf20c599be7c83bf42c8d656337a97fda84241a8b,,,,
e67ef8a88908de7a0e5414195592d3ac07792813f2598c19bbf6f471507aa2b1,,,,
c9e6b965f6a321a5e8d91f35e7d8505d6146118bcd7c0dbba97a0e1bd71bff34,LCD,6.67 Inches,HD + (1604 × 720),Panda (twice-reinforced)
95784bf7468fa74a321da80da74cc015e68d897b494c9cd89546c767d8481829,LCD,6.67 Inches,HD + (1604 × 720),Panda (twice-reinforced)
f048c122ebfe3242da28c766a076502eb3d6afa527c700fea9005689527b023b,LCD,6.67 Inches,HD + (1604 × 720),Panda (twice-reinforced)
d32c0b3d35e6776ab957fbc6abf658a44a50eb3572ebdcd4809dcff548e6e5b1,,,,
f2dae07983f6ad6c2fe915604d4d4f55ebaa6fb5e2f4749f0d0b6c68857e5440,,,,
19e9ac696ab7cceecfb67b4b82f482d7d8bdedf953f68761d54907df49138fba,,,,
fe2497844008d13d8b9ca7c9aaf607a356133652cd79e22b9721875031a2ad7a,,,,
5dc8b4456285d83d960bf5c2d6ae7dbd4902a24ecf903b095b4f18c6eaa802a8,,,,
722afcbe6524a932a5ab1ab688935daf467b20ac203c057064d9ec41201a40ac,,,,
b9e7a8813fd07944ef74905d09adf6b7880f4dca73161f7974f3a2bcdaa40ac8,,,,
1256426e3ef8f54bf597c656b1af7a0c50259b57abc04a8e29525aeb038bbfa9,,,,
c0c615b046c73bd8697f5d9578b051ccceef5eb6f5baf2b44e614f55ea1cefb4,,,,
6f1a74469d302efd0d95a03366d9f785d9b881fbe6a8c4dc015e7db4bea9f02f,,,,
f0e8614cd013e52819f8d8410a0affe349c48f6c6a179b7374249bf18901c7ac,,6.71 inches,720 x 1650 Pixels,N/A
8d5317783795866cc2d5a292fccea7d607acd63122d92a89b6002f33c91006fb,,6.71 inches,720 x 1650 Pixels,N/A
6b69c9d58bf723305559cc75d3aeb2e97840f2564f9842232a8dcd2d1118df24,LCD,6.67 inches,1604 x 720 Pixels,N/A
cbee061cf212196536766feb7b152fab41a4a804c1a300a83b25f4f6404154ee,LCD,6.67 inches,1604 x 720 Pixels,N/A
eb8996661e2f44c88f35fab403aba99e441e7463e3f8fb70a57bc5ded0c64850,LCD,6.67 inches,1604 x 720 Pixels,N/A
499339e8b04d7149524edbc62f0228d779aeb2919e235a494526322ba18eb506,LCD,6.67 inches,1604 x 720 Pixels,N/A
a5c3082b7506a325e8898e854aa177c0eecc021b30f18d2cf04292aa7b8b4ade,IPS LCD,"6.6""",720 x 1520,
6be912457a8e1ad6b35c4db989970ff3bf63cd4b486b606554019cdf2a81edd7,IPS LCD,6.88,720 x 1640 Pixels (~260 PPI),N/A
d06a9c1e5e8d54843a542d248d438da2a00a39269a8574d947e7065c20909a3b,IPS LCD,6.88 Inch,720 x 1640 Pixels (~260 PPI),
ef55962422a6e5ccbbcc87262d49ec42b9d2a7947966c012543570fdac8ea282,IPS LCD,6.88,720 x 1640 Pixels (~260 PPI),N/A
c8f9303003dfd3dfbf0e63bd47de5f45418852faa945100f93f0ec70d087b8a6,IPS LCD,6.88,720 x 1640 Pixels (~260 PPI),N/A
76c0a0c6740cbbd949b195541a911e94717181f3cfe880a9e91d19783ce26238,,,,
f554b6d138d582f25a37035fec3255422c655ce74bdc822d89aca6fc01cf8c23,IPS LCD,"6.67""",720 × 1604,
5e3af6dfaf90d9eea8ed9f7a5badc3a6af2d1b20a28d79f12bae5459da831bb3,IPS LCD,6.67,720 x 1604 Pixels,Gorilla Glass 7i
5063013eb740711ea166374a1c8324b14dcd76a32bc2dc042ffc0427e44c4a3f,IPS LCD,6.67,720 x 1604 Pixels,Gorilla Glass 7i
8504be0e4badf0844103125696419a84114d4dfb36ae45ce1cae247049e39a75,,,,
b223aa58e176785c47a2fe04478787b164bd1cfb3290c1abe67be30b77bfb3d4,IPS LCD,"6.67""",720 × 1604,
806181a627bb8d517d975aee31245b9c6fe9d4e647172366583799d9272c7fd3,IPS LCD,6.67,720 x 1604 Pixels,Gorilla Glass 7i
2c5b1f0441d7271cd8c798ab1f7504d84b6359f984cdb607384b55d9b2c6b374,IPS LCD,6.67,720 x 1604 Pixels,Gorilla Glass 7i
2e3bcb5772bfa73dd03576a62e9344c90a54134e27eebf655be64224d1b4376e,,,,
1da03ebf723d6609a878db039a0e517964fc858ac0697ad080c9f171776558a8,LCD,6.6 Inches,720 x 1612 Pixels,N/A
7c5df26fb6f168250bf3eaf70a121b272284c32b82450706b7eb5dac44e78b8d,LCD,6.6 Inches,720 x 1612 Pixels,N/A
b5a908168a5d73585ead5fd040ea820e7863014d67f664563d0bf8e89c8b4c47,LCD,6.6 Inches,720 x 1612 Pixels,N/A
af94487a2401a6b0bedc64755824a9dea893c45a125d4df4de449abe753d2fe6,,,,
0c3e8a1ce1810edc4a953a05e52198d81a7fd8772c611f62c6f53738b93a3042,IPS LCD,"6.56 inches, 103.4 cm2","540 x 1208 pixels, 20:9 ratio",N/A
121537c58d3170c365a449b21b068f9eef7faefc826c5cf358d6f2b70dd2d947,IPS LCD,"6.56 inches, 103.4 cm2","540 x 1208 pixels, 20:9 ratio",N/A
b84e09a91244142de6af20f6ab28657c8f9daee13875dc1d9f86192b1d459f99,,,,
72b2300757ecd1bf816cc0defaf277554ec7df9482397138a0bfccc98d22691b,Super AMOLED,"6.6""",1080 x 2340,
5ec2a2409b02396bc9f753d9d95f0ebaf745d789cde94060780c5d06ea09ab56,Super AMOLED,"6.6""",1080 x 2340,
d17f830420e806079a0beb644141cd8304465c28fad1609853b1478f7694e191,,,,
6bcd337f9bb92fecbf4789e356e25b87eebf931f47123439677887dac02ac16f,,,,
a1b3838dab27efb064877f00c305912695da98b335ed016b54f9c2485981ac89,Super AMOLED,6.6 Inch,1080 x 2340,
29d3cbf9dacd8bccc5319f0b4e437493e3b51d11e84433d11d9b7e3bc32222d8,,,,
5ab8cc96ef22820daa3b4b4a1a34079607681f7b9629ceb94f69415d18e2d6a0,,,,
cb3fc3946e0d42e63d56cf9b6c6e6fb1d2bfbac79feb9971a724aca486371af8,,,,
58df5e4554e5bbd0342bb8825949cc6667b4346c06948d4fb36a4860c37e02c8,,,,
f685850908f6001b6f47e7a32d3544899430ea3687c580703325b88e7ae64227,,,,
3cae123f574e441a9feaf5f09a1594c978957fa70d541780b496b9678556eaf8,,,,
6782fd61d33bdd832a0463ea185dc4b8a3627b84601cd61a6dd3fb1e9d0de420,Super AMOLED,6.7 Inch,1080 x 2340 Pixels (~385 PPI),
05b11ceb711e8fbf7ba778d8df04f6cb37c369bdd4fdb46551d62d44fe5e4efc,IPS LCD,"5.2""",720 x 1280,
669c5e2709c8fb60f1113c389fcdd2aff8fa7370121896ff7878ed316c2fefaf,IPS LCD,"5.2""",720 x 1280,
d2a532a2090ffaed3aaad1a2f75b52ae80908f8e5a2462dab3009a6159deeb42,IPS LCD,"5.2""",720 x 1280,
2c172231c543bce2b1739737ee83a882251ade1b886c7f718f9ca2d26f33053a,Super AMOLED,,1080 x 2340,
0ea2143d1e669ea7c370628567774de1b818fa43e386e6081d98d8bd08555099,Super AMOLED,6.7 Inch,1080 x 2340,
08b25dd5d5d2dd47f96f91427e624f9f2703dfd655500064d170377f0924c95f,Super AMOLED,6.7 Inch,1080 x 2340,
d71b6f025aa22149717685f452195b4843de7e091b2ddfebecd85f7dccb32717,Super AMOLED,6.7 Inch,"1080 x 2340 pixels, 19.5:9 ratio (~385 ppi density)",
b172ed2a194692a577a4e47b836b6c6991430aee06a88cb7760091073ee507f7,Super AMOLED,6.7 Inch,"1080 x 2340 pixels, 19.5:9 ratio (~385 ppi density)",
f5a259413b758c9f0e588c4931487ff428edf176bbb0552ff829e80183c66930,Super AMOLED,6.7 Inch,1080 x 2340,
e2c35fdb2e81238339fda0a368a41e70138a0526ee9bf39b91d8236c69caeb9d,,,,
3e0ad7e402b5d39669b8c799b9f742ade8b5f85645843ee5025084d8b5d2dee5,IPS LCD,,720 x 1604,
5d440f616cc9b80343bf64cc32c62446e67aa8a66b5916a2988a339ad4130dff,IPS LCD,"6.56""",720 x 1612,
3472b1b21dae1c79aba589595b92512b434aea4d12969791a228fb9c5787048a,IPS LCD,6.67,720 x 1604 pixels,Panda (twice-reinforced)
0ab08504adc70709cc8f749bed88191b2e68992c3dbfcd3a9a9bb8ec934a241f,IPS LCD,6.67,720 x 1604 pixels,Panda (twice-reinforced)
e462371c9d2ac061d4f4bdfcaa9b5fe9ac63e8d1ea54550db4d443a490991e80,IPS LCD,,720 x 1604,
febd8d57e5b97273e6bb92054a4897c8a43be8e9906e921b88eaa67e11042a40,IPS LCD,,720 x 1604,
88393cb7cef92afef8c518d8446e1caf89b732d92b0361e63d625ddead3d7b5c,IPS LCD,,720 x 1604,
1e685c32debfae67ab8b3a22be496e2f779515d04ec3950d55088df0b34ab291,,,,
cd684cfcc8e86f49c0ebf68f7eebdb211d10c02e4a24bfe1d6b05da5842ea4d4,,,,
16c02d57c09ceaafb2eaabf53de1b1a84a9d37474419af5e193e9519de62c28a,,,,
6a8a9989dfb25a9d749b3e006edaec10d86b4f4a102962dd66588ac7f3f76072,,,,
3e3e52948d72978488cd366f44f77ee6d2ddb0dea2d975b62dde0d87e6a61678,AMOLED,6.57 inch,1080 x 2372,
2beea4c1e4e5294be741018b4b4b8966ecd00082e4737877a43d16db715f7fa0,,,,
40d7fedae092b7dcff64a2b374223be3955bb1504ad2e7a6de8c29178814722d,,,,
c671a10cab0fea709879912d25ce7ca7909c449664bab08b95b0d6e095621ad1,,,,
80ba2b8008d4e3f47989a3ce5ed226c004568aed6621a5b26880555f3b3204b4,AMOLED,6.57 inch,1080 x 2372,
5aae8d51ad9a7e767ae051eb188b9abf35c15da2512e113a6aff32203e48ed9e,,,,
303ba7a471a9a9acdb4b271f49785523bde1f1b1ab7ebf787f84b02dc6557d03,,,,
e5b174e9e1f057cab519353fda83db2455039cb5353edae8c9113f63eefa9027,AMOLED,6.7 Inch,720 x 1604 Pixels (~264 PPI),
bbe01f2e9eab9b2a9874aa3b62ae4276b949a98fcbf03a15544f62f1cc7a3b8d,AMOLED,6.7 Inch,720 x 1604 Pixels (~264 PPI),
edbee0aeb5fce0e9bcee8f461ea0f571bbb06bc52976b7a3ba66c9980b20b345,LCD,6.75 inch,1570×720,
f5549544aa90dda0270529fd1a8e6cbe3f228992aff5205c78296c87a99bbcf6,LCD,6.75 Inch,1570 × 720,
485ce3159c4b66ff0b7c09e434d783393ec72c442d0cfc619b5c143ab9885bf2,,6.75 Inch,,
edbffe5f54b2b3cfc2d05001b779738ca8ca5008bd35144a86b28ee2b81cce0f,LCD,6.75 Inch,,
56043b9960bd8f232555df723f02ff2c510006fa34c5dcce3272fdea16720f5f,,6.75 Inch,,
db88cc4abc1e3131e5327eb6948ec66d49abc9bef7c7878797f98dc0756e3845,LCD,6.75 Inch,,
dfe1b5443bd6d0157c66980bfdc365eeb076ee4199146d1ffd5ff7c7f5528d57,,6.75 Inch,,
0ce6ba7b3aca6ce539fcd3b3970c463510c4d576e1049333d791167dd691ab61,LCD,6.75 Inch,,
25b02e947bdc4022210bda23eb1f3513724cfe772d1f9ba2c6b611780fb6d056,AMOLED,6.57 inch,1080 x 2372,
41d63deb8e437d3f54e2ce6170253f04d16aebb9fbf13a429b47ce78796b4685,AMOLED,6.57 inch,1080 x 2372,
4713fec94f03847af39ffda702c9c14e44f92778b8cc89a1c8c946936afa4268,LCD,6.75 inch,1570 × 720,
7648819caf534e37b0f873701a99ee47d1b46f0f74cb346c72def97f2587ecf8,LCD,6.75 inch,1570 × 720,
d738e7f50b2076bcd731eeb612945364055d36e237598c0e81f40adf0f2d6d14,LCD,6.75 inch,1570 × 720,
3acbbb9b6b23942b7e0fdb1c1145f9836f4af5641547f1d4f40c9e0c8fd63d0c,LCD,6.75 inch,1570 × 720,
e7b52858f6bde96dbba0c34a712c0c4d6d3ff27be5309aa62f784a35a098f561,LCD,6.75 inch,1570 × 720,
500c8b26aa518d8f537c60e6aa14b5d74e44f45e1a6087adf809b998e3759f51,LCD,6.75 inch,1570 × 720,
5dbd1b8d20c9b6c42bac2fba97033bf79ac4af91e157e0682493dba5594a7eee,LCD,6.75 inch,1570 × 720,
4c8c4befacb58f7e66a64e15e5a14a26f43a489ed348a53b3198a7866ca4a281,LCD,6.75 inch,1570 × 720,
0c5839c9eddc334c53236e3f8da7fbc6fea4dd7b97b0c9921f6261963eee5b7f,IPS LCD,6.9 inch,720 x 1600,
98244a33724616a5998ac9b1a0bdf04e83ac167f7df8384a0c7411a2fa1d1795,LCD,"6.9""",1600 x 720,
02ecd375f38254de8e448e3ef9bb6d48677280cc7c278ed6cbbed2d332922849,LCD,"6.9""",1600 × 720,
d1ee71115deb4d3182951f182eae0b69f47cf398865772bd78815b2733d3ed29,LCD,"6.9""",1600 x 720,
3bdb3590ed26aa9fb67e24bfdbe8b55614c1c4c289026ec36f13d69e5a32f132,LCD,6.9 Inch,1600 x 720,
eb7221f96458f52936a6d7c110b6218c1b6a14bb7b0b89be4b2c20f635c11d3a,LCD,6.9 Inch,1600 x 720,
eb0417614016125c78766a8978e6857a04fd88ffd40a9cdd2223f3376fdd1140,LCD,6.9 Inch,720 x 1600 Pixels (~254 PPI),
1d925d2d2d5a545decf0dc3220afb890f047aa6451d8d838aeaf999ad1c09ae0,LCD,6.9 Inch,1600 x 720,
56bb10a1328808644cc2d57c0938aed1de110afad51411ebb244f7b938887529,,"6.6""",,
d96ae0c938b11d0705ee43d551bdd315757dac7463eed3bde2d2b4dd6aae55f2,,6.6 Inches,720 x 1600 Pixels,N/A
495bb4fcce5b383a10c185daec18b18b1bc7dda02782bb84f48aea32d83d03e3,IPS LCD,"6.6 inches,",720 x 1612,N/A
2544a5f84c49c6206d98cebba63e6753d96a1f3355ca7cc55dc801e5ca25a7da,IPS LCD,6.6 inch,720 x 1612,
fd6a157e040f34edabb2b236faf359072e2bfbd83f656b3cfd0106372be12a5a,IPS LCD,6.6 inch,720 x 1612,
79bad3bfe4b428af3a28f448e62a0b5f551a0f2e9d88732346636f383229544a,IPS LCD,6.7 Inch,,
9a6fca625f135c17a7c33aeb9661d2c581b3982641cc7b0ec5eb05481ae42767,,,,
6c541bf5b26e0ec6d6ebebc16bdd891e6b1cbdfbad81e69050030a7d0b6ac3c8,,6.1inch,,
1fc0b2a0550cb8e77213391d78a4d6d964ff1082200e54e3be8acf91d1337514,,,,
8e0b70de7d53d8da30db75363be69d7772df4ad55015bfb53dac069409ef244d,,,,
e217a6fb178e14dd2f1fc7c4e3a365303ff173e831c7df1a121019526fc00cbe,OLED,,,
ced6894192f2f0f6c822885b450de9c67d5485632a0dbdd24aa664f8ad837e43,OLED,,,
3e2575af0a08e09d2fec462d5ab6a5496aaa613c5666080de37ddab52cd0c880,OLED,,,
208b828a2822e80ab9f6ed853e7eeb26ebe0f26c59d0862b72dc68049d143381,OLED,,,
d5b2e40bae2fc81d0ce0053e611061fd954a15645afe9aaa1250b873b1e62cc2,,6.5 inch,,
3e5cfd45647a37ad8c734eba54ad18755f32be15e5f8b9904cf44ae87b82fd91,,,,
c0fba1f662f7fa2d12e8f1480e0a481084135b9684bf268a5b0909636edacad5,,,,
7e57774e66fc3ad9f228f3f7ab3134b20678f40db6733a6beac0fcf867c77848,,,,
a54d89d4fa7ba0c21b42fc50cd6a0e4339a2012049b450f13725aa5a490c4f22,AMOLED,,2640 x 1080,
36186919dd77815b5e6055c329a6d42d44171dfc5585c722a2be8d5673a25d8e,AMOLED,,2296 x 2000,
73d78109f780211f55058c8a640c794ee9a3a7bbaa59b473a7e62802663f5175,,"6.67""",,
f800d9aeef9705152bb4a5879d28a7f0df302947b97f0cd527155720846e5fa9,AMOLED,"6.78""",,
744034af7c50d3e238b5c49385a58787b00ecf7ca133f486933d90a0cc70212a,LCD,6.8 Inch,720×1570,
5f3e95edde56732ba691dc80dc89e1aed91fffd34ec6369b6b58a444163cdb16,LCD,6.8 inch,720×1570,
369367a0827252d4c45b482550ac599554fa8e2f81c6224f973768cb802bb78e,LCD,6.8 inch,720×1570,
e4c7205b1e2d4143645944a263f4e0c8af28f89756ce43941d425ddaf77ae516,IPS LCD,6.3 Inch,720 x 1600 Pixels (~278 PPI),
cec1e1ba3c616a290d84c32e61626114f17ea0b26821136729ab978b8e436756,,,,
992ca88c0fae3f1721debae15ce8c7311042fb8be95f8a179946d07b9d72763e,,,,
d88aa4ab07227e71a6ce935cf21a344b10b55de83ebc2dfabbc17b7b9a796346,IPS LCD,"6.74 inches, 109.7 cm2 (~85.5% screen-to-body ratio)","1080 x 2400 pixels, 20:9 ratio (~390 ppi density)",
9014797d10faa531dc010016b2be9c55512268234fab87d9c68b9aeba76ed9a6,IPS LCD,6.74 Inches,720 x 1600 pixels,N/A
d02771d3977045ec9984d72a2041900c06eabdb910595365345d59aefc11ffa1,IPS LCD,6.72 Inches,1080 x 2400 Pixels,ArmorShell glass
17a5154a13809380693e445fce6ee2c5a3480d2446e2262ede42ff825a38f299,IPS LCD,6.72 Inches,1080 x 2400 Pixels,ArmorShell glass
b53cf2c657117507e5a4e755760605f2f44e98c0b54a479333f6c9cc5fcd3ead,IPS LCD,6.72 Inches,1080 x 2400 Pixels,ArmorShell glass
7b48b9115681a829323a19b1032b3ac1d249f2f237a5dd5c71ddc87ca6c55efc,IPS LCD,6.72 Inches,1080 x 2400 Pixels,ArmorShell glass
0931ef3cc149585821a74bf4de94333cf409c0988b1d6731f7c724a01314a12b,,6.72 Inches,2400 x 1080,ArmorShell glass
944ed40cc88aae7ec99c701762c87bba1dc53594d33e3afad269465e23feae99,,6.72 Inches,2400 x 1080,ArmorShell glass
73d29482dd9b9272b22476dcff818e3f403a4ca8592a900b2f6f373318eae500,IPS LCD,6.88 inches,1640*720,N/A
abeab8bf4de07234b6cf245aaa1cd40bad8df2da52e523793ef89451280f2c39,IPS LCD,6.88 inches,1640*720,N/A
7619a1bae82f37f7504fc889d4e0dea16f33c7b5fb02ee95a64daaf408aad596,,6.72 Inches,2400 x 1080,ArmorShell glass
1a46c00acc29d22d9dccb28a145a93391d169b74542b44fddcf25a5b1c044507,,6.72 Inches,2400 x 1080,ArmorShell glass
7b1a56de6a16f183bdc2658c311b525e838e6637424e55ea277bf0393082281c,LCD,"6.88""",1920x1080,
7b772bd9e5312df6c13645ff1cfa2845df0fa697e987a2b6217c1e450c11f6c9,,6.67,1604 x 720 HD+,ArmorShell
ecd0e9fbef1673263cd216ea9158ec5ee5f7dfa38a06697f4c9638b8d59fd64c,,6.67,1604 x 720 HD+,ArmorShell
3ebfe7ec2b721b913af55bfdb46eb3c47f2bfec5a17d9e13e10270610db891a1,AMOLED,6.8 Inch,,
648f023eda7f83be5f7c6904b20f7e4bdcf22522d57d01a1067bb71418cab33b,AMOLED,6.8 Inch,,
9de821f1b1c4cefd011f4017c0f771771f89603b49b34b0cbbaf89733045eeb6,IPS LCD,6.9 Inch,1600×720,
cc6b6ff7e1080c7735ebfd48ab8d17b917df49de1f59949870b33beaeafcd536,IPS LCD,6.9 Inch,1600×720,
3a3e90df3e0c4da4f0e400451ba0beb79b0d56a1487834279fc4c0c463a78117,AMOLED,6.8 Inch,,
9a363fda0ea979e541abacf829dbd91db4d561a47649ec0d1c41b409dd006f2e,AMOLED,6.8 Inch,,
32611b45bd534e3e82028578461417d233e2a315bc14c4e0cb4537bcd99732f3,IPS LCD,6.9 Inch,1600×720,
3a220cae98a8237c7224791cdb581820c7dc25eca11de0933d09e3ef52cb18dd,IPS LCD,6.9 Inch,1600×720,
8330a4d100c32df40ae028c0400b74b55228b50ec7d29b1f94c5213178cdfe72,,,,
83dc22f5a3f9df7d592fe1fd791372b2402002b2e71ca72589ce3725d92b162c,,8.0 inch,,
506c1b53599d7504b4a5e8fd00def48e862e03283dfc2950fc4c126dde418ec8,,,,
c4f1bf34cce9feeed4469b8f43bb4acd3fcbde5e4491d714313f05e72889ed29,,,,
2243ebbe9ccdad4c6d24fd40691c8d37dcb5459e42ae4b421c4d697fdadd7f84,IPS LCD,6.78 Inches,1080 x 1920 Pixels (~325 PPI),N/A
ee0911b9bc87bdefead302e63f81adc1b39c354612871566e503df76c5dea5c0,AMOLED,6.7 inches,1080 x 2412 pixels,Gorilla Finish
68b0d2169be7cb9dbb1cf8bd1159d78c2fba74906907d8f163aa6d4182d6fba0,,6.6 Inches,720 x 1612 pixels,N/A
b5639393c8d1844ef6460e0800b5c41ad0ada480cb3c184fc7685c1d2b9f4ed3,,6.6 Inches,720 x 1612 pixels,N/A
fe39f9154f30763190c552037b605956dc2c7aa00177060d308b08682e115a8f,,"10.1""",1280x800,
b92eff0f47e257773182f2903cf63f6e38f3aa5f1c287dfd93b9a583951a2a5b,,,,
e2864389d9a890cc8b7a5febe82da331c4a29c97fa3a73e51f41df3da870dc9e,,,,
0fc636b09c85be5c365f54c12689312f3a8940dc96ce6158908f66fe7c8f224d,,,,
5db322371e01d49dc81e609181a0164a78f6ee644f56dcbbeaf79efcdd3b72df,,,,
029908b5e96414f02a0b02c7d3494a09bf8ac739cf71aceb3c60397fdd1d7b5e,,,,
560987af217c4f8d750e121d6322b8d076181742d548793bf42adff6e396a4c5,,,,
7240fc0b76ffc5290eee89beac7b14d751b54b97693aba112f2dd7dad92a1c21,,6.52 inches,720 ×1600 Pixels,No
a5106fc858d37d422b3fe245703d204c529444f1f59519249acf0a0c183fa11a,,,,
99257b579d28fd11b4c9cf54d0186edba93e9787c2403638c1204b8acdbe8258,OLED,6.7 inch,,
7435e80dbed11113a1b92f3319e11d55b8533fa15e182f18d1ed3729db4d448f,,,1080x2400,
21296f4f626f64160c374e993569377a76c10b69a5212e6f06cdfaaf7b9b982d,AMOLED,6.4 Inch,,
3e90ba1c3a1d417864775b3013ef111caf1a2e7bf27bf204950fab91c95d610e,OLED,6.7 inch,,
1d5d127adf86d75b11923d2b831ee71165168fc02527dac690482886f005fd9f,,,,
4098e1be48c93e3abb414527bfea50118abfa737f7fb19c13e88c9c666441f47,,6.6 Inch,,
e53658dbb901de1d4e2592817ada96d3a42db6ab6ff672c6b972e9566055c360,IPS LCD,6.5 inch,720 x 1600,
631892714dce7ece5d2d348d93ff965542d4b9638d527ec8043818511a868ec3,,6.5 inch,,
a48f8d499b897a5442797673cec0f78cc575c57bbd62e634afc374ad71ceb63a,IPS LCD,6.5 inches,720 x 1600 pixels,N/A
a94b081da699284969bab40aeacd73f3d849636080270f7eee506920bdcd07ae,,6.2 Inch,,
8df74c736d74ea3de57b9909d15c67fe1fb48c0666dc8ea2cab8682bc5d7024b,,6.2 Inch,,
facc4b10ea5520c9b8ac52cfa806b0ea7dae26afb2df5369bfa518f1d072ea27,,6.2 Inch,,
3fd4a9b181b5e13de1c5dcdff3b3f8c205fae3e4bbc9a1364780ac2911b8ee22,,6.5 Inch,,
504f51cbc2463cf4e97f580005e2e3e2ed3e67101e63fd6886d4e45cb2f076fe,LCD,"6.7""",720 x 1600,
840fec4ebdc1db6c037edf9a521cbb315c1f80b78b32e5a33ff7564da05b0cb4,LCD,"6.7""",720 x 1600,
8b97f720b6f114283a8495f8eaee12f065adfd5324b3b0d258fd52d75dfe2346,LCD,"6.7""",720 x 1600,
929bb5c90cf6ab35941c54fd212a0045be2708357ef27e328e415eecaf4394c8,tft,"6.7""",720 x 1600,
dfa16d8930606875b8224514188871a5c5dd489d284b3d9188ad4e4e36703ae1,tft,"6.7""",720 x 1600,
ae76d26b389426d776109c6a68be2f4771bb0cc99d5d28af14c285cf6d341ea4,tft,"6.7""",720 x 1600,
059352853671cf265dfe7298c09f2d1fba1884a9cf3dd6394315ef4f1e60be85,Super AMOLED,"6.7""",1080 x 2340,
01e4fec8556aedd840b5b7c325434a3cff931a90faebd9ae9d7856ecfd9cdb37,Super AMOLED,"6.7""",1080 x 2340,
bb589501878808f3e90029285b379446cccff04cbde3ec5b245b2c625fd2e1ec,,,,
cf3a79d2f4b3fe5bee39e31900c7a1b2fa489953be29c185f3878676b9682e86,,"2.8""",,
b596f193426d5d0e8d1fd726f54b4d2be1eb20140ab4459d5e0bcfcfc91c0b5d,,,,
759825f56967cdd34f27293966525d39d86962b5c15b72e2b9e5e4fc48394c2b,,,,
1b29338a9ab187eeeff1640d90a7a813aee2c7db41429cedfb09d5d0e3b118ee,,6.2 inch,,
e5895aef89e6c5ac6709e13eb02f2f2a363a599ff54a0d8f15a3eadf099631e7,,,,
d6001933fee5de50ec54785697be1419a13606b6354fa411f29ef4542569dc04,,,,
3e914a16c5aff00e5c009c6d42ecd177367e560a86fe905a5bc29989621a50f6,,,,
4990f0150d106ade8b559480971df14fd9bc7a03221b9b0acaa542f4071e16c9,Amoled,6.78 inch,,
7e2e0f18fd9c6f8259c64e6c27f7956bfc45de8ea3532d5e901f2c27625572ab,AMOLED,6.78 inch,1208 x 2664,
435a3c66da621efc8c35c020414ff0d0a9d4cd1e51f8dc0841286ff15d570adf,LTPS,6.78 Inch,,
83e1d736b9d59e8f75c7300a86274558e8caf2d58a789a0fb2ef8f7980444237,AMOLED,6.78 Inch,1208 x 2664,
268807534627a5333061b1b5e2ac569279c4853e81b3e13054fcd319718ec7c7,,,,
be5e65828c46cfe5875383862fce0592a271065f6abc6e87c45b40a638c6ef67,,,,
de8b1a90f0296bf6fe497b5753feab7b36f8b0ced1b5d3a87e840717cf200bb6,,6.517 HD+,HD (576 x 1280),N/A
32db9d2747d638bbb5d531b4a13ff5af0feb2c5884b6f218b8b1338fccc3ba49,,6.517 HD+,HD (576 x 1280),N/A
b4dc7965ef4e4fb9682b67c2a08b87773d759884229954dc6c6f68b3eb6661c9,,,576 x 1280,
5743f82ae75ab6f4167beb1d0a7a860372b6d20c058dd41069bd9ed9013a1d04,IPS LCD,,576 x 1280,
610723cfff63bb99f3cc3a77c7f2b60d76eb1cf58773b9a3b79f700f86cb4284,LCD,,1600 × 720,
c1e45d16976043623e3982495adb6cc77c7ff0c5b6e3d95154d9e0bc2e9249b8,,,720×1612,
0d17f7f69e45727db2896ac63c97133941d8f60d79aca717ecda620ced1d2f38,TFT,6.74 Inch,720 x 1600 Pixels (~260 PPI),
724ba830b25c050f21424f9acf6888058b4abaa9d594235a068b5f56dee1f673,TFT,6.61 inch,720 x 1604,
ea65785db43c1bbd2ee8c8b19270e72c324b08248e33590f3c604f29e48a455f,,,,
3bc5c88ef441e898210849bb8a38a9ccc5066cb1af8f47a33c1b370459fd79d8,TFT,6.61 Inch,720 x 1604 Pixels (~266 PPI),
e0ad5eac31bee24567bf28bd46b8d7b4158b2bc4ced5e783a38f748432795de8,,,,
d42fdc7ec43695a787f0a9f172cf85647643b69dad51d7a355f0bad6860f0fd8,AMOLED,6.77 Inch,1080 x 2392,
70489d5ca0dd0e3015ca49a7069011255fe059fc2075fadde706306b817a8e9a,AMOLED,,1080 x 2392,
99966695ab10a5fb63359af90f65b8d887862356eb5c95e22260f7a0d3ba1d56,AMOLED,6.77 Inch,1080 x 2392 Pixels (~388 PPI),
818e30901f60309603b26c070fdc903157351796fa2da1d1100c5b6584c85ebe,AMOLED,6.77 Inch,1080 x 2392 Pixels (~388 PPI),
48411736774b22e46b773bc5cac709b83d950f7696e2e520ed099a4a2180f3b6,AMOLED,,1224 × 2700,
6f4f20ba60e917b9942591b82cd5dc6add54dfd48809e093ab630137f80c3fac,OLED,,1200 x 2640,
efd6e9c5695c091d11edd85d95aa7e260ea15246102a4405dc4abe2af3f2792d,OLED,6.79 inch,1200 x 2640,
802df5266fc2fb7ed4f78595828a804935a651910c3414333a3208e2d8c7c833,IPS LCD,,1080 × 1920,
88fe841d9cc0f281911490596315e02b811953f922076ef3b28beb078664e0c9,IPS LCD,6.53 inch,1080 x 2340,
8e69c26687e8c62f568d47545a6439738d2fab1ff9d172622888809e61013e7c,,,,
b6e760b4890fef8e3f5caf8ac17f979cfbaaf3b4be595c70a2e744a875079297,AMOLED,"6.78""",,
f62936a499675b8a4f6abcd008d04610eecb341ad66235c71f3239ad8c4379bd,,6.6 inch,,
ddf110cccf85d0b8edae6c409d97a65cc36d1bd433ce3fef584e558b3af0ca60,AMOLED,"6.78""",1224 x 2720 Pixels (~440 PPI),
8b6ab15af2ad54fd103fa19f2271ce8a1018055d7b45198fa05b9c399097962f,,"2.8""",,
dcdd8f73d223b415c19ba2c80a3c286e5a7cc85217f7cbed15dada4dbe12483f,AMOLED,6.78 Inch,1224 x 2720 Pixels (~440 PPI),
6980e36c6db888267439b907c51d12594409800be7924d67dae41f5ccd96b57c,,"1.95""",,
7b9c444fc893382cdef52621f9d2886b2d8b6df1431c6d8de6f247d541fd2cec,IPS LCD,6.7 Inch,720 x 1600 Pixels (~262 PPI),
9ff53e0c953f413dcd0407198aacd950b656bbbf3f802204aa4bbbc82572dcfd,,6.7 Inch,"720 x 1600 pixels, 20:9 ratio (~262 ppi density)",
e79f3004a562bd735aca278937d9edd375c4d0c493531732055b160a1e835092,LCD,6.7 Inch,720 x 1600 Pixels (~262 PPI),
0b5006bc254bf1d5ca367c7ba04362be0e5396b2f7c57d95612603782203648c,IPS LCD,"6.7""",720 × 1600,
f028bae48ae8d6675fc67077279e715e07f6f850266a4340360391f0e7a02baa,,,,
d08b6066fd26e136b4f3e03a060f37296ebef50ff827c75681bbbdf03215a34e,,,,
89899a4f957f296fda25ed4dc6e4d185c751f54fc61cfded1979470d6b8cc61c,,,,
62f78a26238764fc1ce7cd631f89b5f6abebc25015dc449fb84b4c8d984ccc33,AMOLED,"6.78""",1208 x 2644,
1cf2d0435051875fb2a51647878dec50580b2125f22e8fb27cca2d5ebbb97090,AMOLED,67.8 Inch,1208 x 2664 Pixels (~43 PPI),
35d0ab7e658869481a53e665e3d3039b77b3d7226aac16d9f16c7dcf19fe1939,AMOLED,,1208 × 2664,
9c7c9e5b4efd45994c23d629e976d476176d5acb90e9f3da6aa74e9f0c6fee04,AMOLED,6.78 Inch,1208 x 2664 Pixels (~431 PPI),
ef10afa6bdc0da22020a9677b2a0c20789af13bf132978d262c9118258607fe4,AMOLED,6.78 Inch,"1208 x 2644 pixels, 19.5:9 ratio (~429 ppi density)",
86e152b600c4057e069ab28809718a966f91b52206db286aa30033df8a2cc302,AMOLED,"6.78""",1208 x 2644,
767a355ad6a7b431dfcea1bbabf3ca932873625e28ac55255a911729291180e4,AMOLED,,,
b1ce14a065997123dd0a2f652644e26051c21aea79653dad461bda94b2c883e3,AMOLED,6.78 Inch,1208 x 2644 Pixels (~429 PPI),
7b9c20d305a945340a81ac3042aa1a2a608ffb7c824016098d8158e585fd0bf6,AMOLED,6.78 Inch,"1208 x 2644 pixels, 19.5:9 ratio (~429 ppi density)",
0fc926244deed179bf61e49267629118c7659e9220634c80abb21d309920f989,AMOLED,6.78 inch,1208 x 2644,
44eae48d90a3501332f711afc875493b116a64f8187cb77a9ad050e4a1662ce9,AMOLED,"6.78""",,
d97475117eb07bbee4abf38e5e75be1b6c47a1c122920885cf3fda14314269fe,AMOLED,,,
b5ef403cdc8934383062bd682b5ba61459d4c09109cc02bc6d3f7e510f7df1bd,AMOLED,"6.78""",1208 × 2644,
b2171e645bc211b9e725edfb8e36fd9cedf08b19941892bbc5e52acd06a234d2,AMOLED,6.78 Inch,1208 x 2644,
de7bc301a7cf804387c7970bd3a1a16e0334589b09e19e2cf434460dccd259c6,AMOLED,6.78 Inch,"1208 x 2644 pixels, 19.5:9 ratio (~429 ppi density)",
c4fe46e0ed4d115227a9f50d0fb69bcc92deaf914fc8f4c6ada289cf4ee73127,IPS LCD,6.6 inch,720 × 1612,
10502af0bc205953d1f6d386fc807037b9735bda01c0e3f9cb25b4f59cd64ea9,,,,
d975a75de3f14841bf2ce96872ea490196fa54cbd63002580c976083cf4ad490,,,,
39a7f0c5df9ee69f002a71f693995857f14979166451e14115877b9d391865f9,IPS LCD,"6.78""",,
8b54ce745d8f35825077b814e929828f1be31828cd96aa6dabb7dce4f42979bc,IPS LCD,"6.78""",,
2a49061dd585892e1eb6ae667a8a74b8bd6231bc2c4b76c5f8dd0f007a170706,IPS LCD,"6.78""",,
ad850af27e2b14c299a18c683a7a31d86ec3ec7d0fbb4812cad1097e0c834c38,IPS LCD,"6.78""",720 × 1600,
763430d764d3ae9ab80c575eb5fe67d95bcb19b53cc2292ac3572ec3bb1ace69,LCD,6.78 Inch,720 x 1600 Pixels (~259 PPI),
f243af23b9286f57690273f5b4728d196962f4dac64dfc435b8770e323284b72,IPS LCD,6.6 Inch,720 x 1600,
dec093affaa071a6ab62ec1761e66cec49f00ed01f40aa0424d9f22dd650fe71,,,,
6ea3e43be42933fb6c43f6beb4062625bf1ecf9ccbbc26d0977abb143c8ff8bb,,,,
59c8b4fff246c977a46a145ad88f72a9c3394293bdd8727235fab297f8ef3547,,,,
6375b3984bfdb6a76528ccb2a2dafb5d1e971369d83e113a347ee7a662a77803,LCD,6.68 inch,1608 × 720,
af89407ec63759b1ce59e9d27d5329b6272421c4f29ab3ced7b1b034feaf4d43,,6.74 Inch,720 x 1600 Pixels (~260 PPI),
1e5c0c5f3e84539f47022f32909684bf11167b15ff30cb7ba5f910958e59bbf2,,6.74 Inch,720 x 1600,
79ec30e43636cb725882efde075d1fdf06dc0701a7dc8efe8262f2bcd9c78ce2,IPS LCD,"6.6 inches, Refresh Rate: 90Hz",720 × 1612,
7f11b30a4f3161adb53a252298aaae26b593d3c02ff5818293f86704960d5938,IPS LCD,,,
e70e3bfb0a1d3d5ce66476d852f7aaada3c749455c2f453a6978ffd30d17a2ed,,"6.6""",,
f23df18f4612df73f0e4a2c345b26fd80d88138040f758defd22db2a21d00110,,"6.75""",720×1600,
8059a862613536138c42b9c82dbc7881a3a151b9b24e343e3e6c550d90e06d63,,,,
b0a2c9797e02ce4d811b4e62a509e6f77394ba0554076c990d8a6811f812d01f,IPS LCD,"6.6""",720 x 1612,
5504d92447bd657892cf6b89a272094747b0020312202f0643892da878de84aa,,"6.6""",,
5a21c02907e4840f72fa6528384c855f471652cdf5a4edfdab3d203a29fb2806,,"6.75""",,
915de0fef17ac13d4938366c8a847f268617b7b134d8e9aa7c51e5ff84fa49c6,,6.78 Inches,,
ddfe4495953770e14c63d35bce358a57b6c3946780de16965ba6dd10721fd756,,6.78 Inch,720 x 1576,
5393f8465ce98e42183ea624adc0b4862408c5845aef00611a454bf6d48e5340,,6.78 Inch,,
cff6be92db8bbe5b1e5703bfbc3d33bfb3c42baa88f6cea568f1e562a8c0cf6c,LCD,6.78 Inch,720 x 1576 Pixels (~256 PPI),
49a2c9466fd7f3aaf3ac9120913dcd98ab0438574587b67bea6e40f2b8e0e71e,LCD,"2.4""",,
78887c7a4da23f032901fb727f6cfdedce10b630b5da2f79f0513c4af04e2e50,LCD,"2.0""",,
30f83b2791e2b53ae1bd316d2a9d42b691b3b965f8890bd0f5ae8bafb68d6b97,AMOLED,6.78 Inch,1080 x 2436,
8779be2e2dc65a77f81cdcbce8600e26474c862c57c7329123cd7ad990a35a1b,IPS LCD,6.6 Inches,720 x 1612 Pixels,N/A
9ca54554c5419daf200432fae47cd9544325d78612064a4829803a3f8212a96d,,,,
3fae6aa8caeeb70c4a1486555ffd7bf556c2ef35a04611e5d22e1248b922efa0,,,,
36631094253636582743cefb6ecb3e817d98aeb79f9ce9fc63d945ffa717fa00,,,,
06d072772884d6294f01c840d9e10d9ce635686aab1df5031c6ccd9e1ee04a4b,,5.7 Inch,,
034e815d9c89e3842f20c8f32372e2d0fd4a24e53c2334087833adab44c8b539,LCD,6.2 inch,,
6fc6a6a0581c6d4618d6054287ce4fc2d63bcf62703ab09eb5c9d0e08490fd82,,,,
6d7c20659b396ec4fbbb23a9fd09a302be1e1c4114b17268b2d9c55abe3a1856,,,,
3d9fb084cf3ef7f67706215d8970f187ed52f3b329385c49ebc7a9607e4847c5,,,,
e5396590de8497720ec2c6b8ded46b44d4743bef59aeaed77457165a52239c15,OLED,62inch,,
da086a2d02618af6fa867794ba32956565fb47a68a08558c4ff689bba0686687,TFT,1.77 inch,120 x 160,
b4ea70fbf6efd93b9588dec994751f1623144bb6612f72dff7dd2976ebf7bb4a,IPS LCD,6.49 Inch,,
83dc53bec1f3aa0bbd51f2654855d8202f137dec3124cd96d85131ba594a84d0,IPS LCD,6.5 Inch,,
719c48b857ddb792c6230bf85e260bd4e4316c1ccb7ced9109e8600dbd72991e,,,,
9a0f1a67724f532b2b830c43148058fc565438413a4af8e5d425185cff461603,,,,
ee121ac28f431c8580c2b624660f86bf1d814e1ed136de1faab44a953e830dfe,IPS LCD,6.52 inches,720 x 1600 pixels,N/A
5ee32d6126c67ce15d61baa0ad5552ac6df7db3ed00648faf80557ff42912cb7,,,,
bff7887d1b1ad9ee0ca85661834e59924e0d18c481824564fc96fa16a0cf754b,AMOLED,"7.5""",,
978892b59107253867f1753b788b8d5bc79b3c5618f40c3ca0055fc75bf2c065,,,,
6f03869a8e79197dbfdca794ad1930089dced4b2ec5471720e71e92319214a0f,,8 inch,,
435ce9975bd6b720624529c9e9b0e42bc1d0e01c72b2111c5d365db928cffdd8,,,,
38dbf2bd1ca3d3591c367e75b61e226b7619b463d3294bfe4e24651ce7547b55,,,,
afad55d3b0a4172d05de65fc4e9e6c0406e988c7c9fa7c44a13e4af9f24b211b,IPS LCD,6.75 inch,720 x 1600,
7aa811cea623b452823e48ca41e4c0a6cb68f7a682e56b1ae4b30a440b5e64f4,,,,
e0a9fa4c373d367737b9b82bd3eebbdc728897d80ec800facde0452f17b715aa,,,,
b3b67afea2b015959b9f0ad0fc2fa1337985ebe56368a594c6c109592dca14c4,AMOLED,"6.78""",1224 × 2720,
1616a56a23dc072319dc7458acd8803673026598c47da5c14567c6b1eea037eb,AMOLED,6.78inch,1224 x 2720,
a97bd52527301b30781a837b5100cb31af85bcc9482ca3e16cca98844e8976a0,AMOLED,"6.83""",1260 × 2800,
260327c850c11c3dabbf00c001faca25b40d67462b326625746ea6292ab935e7,,"6.6""",,
29947b816ecfd06f9420978ca400e0593f63a806ec4c1792c0f471e81cc9576c,,,,
587f4f350f8df615e5f1bc33e6533e96ddc1b77b146493cfd19b6ac3b07e0a98,,,480 × 854,
53fa0c802e09400e6fe00166d7284475ffbf16d9a3e677093835c7e64976205a,,6.5 Inch,,
347ea319b47fb718fb18d5314cc6f5f5ff7ad465df40fe7949fb4c5e7cf58063,,6.5 Inch,,
cf4fbb52db1597afb71cfb6a946c370af2f9b4689474392a408a1f95f3d63915,,,,
2ba717ccae35fd5be1ee974aba379f165686f8d93905823dfbc1457f21add261,IPS LCD,"5.2""",720 x 1280,
cf4632544d01f9951cdc2c78b198e690ab25034ee27ec6d87fc7e553fa5920f2,,6.75 Inch,,
ced55b5d5a89a26030e7349134a386d059a1f66030b372770a6b08216fd9b2ed,LCD,6.75 Inch,720 x 1570 Pixels (~256 PPI),
44d710534f5a81658efadf1105a9f6222e7edc95e2dc7244a4f06f98d6be23f3,IPS LCD,"6.75""",720x1570,
70770ae2274d7bc2046a21dca65e6cc9f2f7604cd5ed82f0282cd85a6fe651b4,IPS LCD,"6.75""",720x1570,
f70c126daec3c4bf43b1d56d6d7499052d9b477813c5100120bc7c1019f4f8f1,LCD,,,
fa006414d1774de01c3895818abdcdc7af7d545c249b6772417d72c74953e8ee,LCD,,,
59298177b6eb0d4e58947b4f821a73af9450a8c6ddd6e65c015aa7b385e396b3,LCD,,,
f799b33da99d617e152d6a3b3813ac002f5b26472d34f952e6a9715f73f0f715,LCD,,,
322d2b16572cef384a38b264b7ca1ba589f7c87f76b6cdc1763afbef160603cf,AMOLED,,,
0df8c5395b4a0535f2ccc33fa15e8eec8ee10f25534c822ea66d66cda8058706,,,,
755948d93950aef6a0d8c12be4738c9b584137041ec260e757c869c26a70b290,IPS LCD,"6.75""",,
b8d2ca24aa659da92b0ad5859a9408e9d166bb541d7e9577bcf5f1d148027a62,IPS LCD,"6.75""",,
c93cf6b0a077c762d8ef7402307c74b77115e47a8e4bfbb1566f4f41a54d53a8,LCD,6.75 Inch,720 x 1570 Pixels (~256 PPI),
308edd36c95772970d286e8eddac7373e988073485f4a67693e8b1406cbbe2fe,,6.75 inch,,
42eb2497e57c8cb6c54f4f4c1ea6f28c19968640681b99c99f0663ccc142ff1e,LCD,,,
99d080feb9e506057b93a4e7004151a677febf81537eb95babdfafe14d82889c,IPS LCD,"6.75""",,
e1f748f8499039c451569e8f9d01a36e3ba9b91bf381df92a6cf4f0220c0642e,LCD,,,
ffd02bd354d1a36f4adfdce044b736c2449c9766413ef97d4a33ed21a1b0ef74,LCD,,,
be5c840e91378db12073710729a2be2c14ef4e18b281d80d150c336dbad0e5a5,LCD,,,
21dd93a0e8ec692ff07014ddd9806e90875ce0a44d1ceedf14d48f71798d0d3d,IPS LCD,"6.75""",,
7ee63b0c38c2f9cfb91b76ca87689e7a93c22dacb106883f2c9a6660c9bca8c5,IPS LCD,"6.75""",,
49f1066c13ab1af32b159a103acdd28757de11904af97a0220f30a4f89ddcffc,LCD,,,
6a4701daf00e313770776dc96d5f7d108983642b1cefdd72d4635bcd58e6b8a9,LCD,,,
b22212b554781d2d7060c93208d1f9762faa7b1dfe1f5eaad428d4449e639d0c,OLED,6.57 Inch,1080 x 2372 Pixels (~397 PPI),
c62bcd3a68de1019225d036b27b60eb325c8985f7c65fdba8826b1f5bebdb8dc,AMOLED,,,
b3db33fd7177201167c549a687e1ca1d47eaeb55c88bf989634a2a434a7aad6f,AMOLED,,,
f37ab55b906353196d63216080e0af945d7dd9974cdd13d296faebfc56ef72b7,AMOLED,"6.57""",,
1e6d398e4e433bbe12f5fd635be85ccb003c7dd31a6ea9eae4e4b6cd34854e32,IPS LCD,"6.75""",,
aa5bfb4f659e4e7f4b3cd9ef763f574c503a77a1c167521ba6626dda8deb2263,IPS LCD,6.53 Inch,,
3cb392fd7f87279c8d3071e127d47ab66c4ce3d56723f98c511862de23e979f6,AMOLED,6.4 Inch,,
c8647610c30048228fccec8dd8e4d2843a1db98c46cd6a331d90c5bbb682b7bd,AMOLED,"6.59""",1256x2760,
5fd0b72940fc5b8701ad51e5b615cf1ad45c511df9a305f33c897cd091386e84,AMOLED,"6.57""",2372 × 1080,
22b08f5f454c9b65082f8070ac28c6e9741a018b4c3e35fe0062979d40e78c0e,AMOLED,6.57 inch,2372 × 1080 Pixels (397 PPI),
52108780769e76e7a7d5d75bcd99b9dd66007103cc84951e3066face4e25b70b,AMOLED,"6.57""",1080 x 2400,
801f7bce5e137fb010e1bd0b3659f5b6f26bd9f8a0cce8e34f262f0488376c34,AMOLED,,,
9ead57905a255924fdfffce34a0796ad35cbc258a044a25d7030aae746a341a0,AMOLED,,,
d532255d64ded293332731fdb7de1260dd973189cdc2e310178c7ac50e4be7cb,AMOLED,"6.83""",,
93084852bb39a0d5ab833151a5c1b3d8722c81b9f823752752dd8b09ef5a7bdb,OLED,,,
adfc2dda863a76db3b3e3391b9999e53a43894bef15e02dfd082fb19d5471bf2,AMOLED,,,
3604b054a1bd7facd6fef64f4fe503a63d9f20ddab792679c8192500654da391,OLED,"6.59""",,
4e705f59baa127afc8118dc527ea298ab007f344f6bdddbe3a62448463b02e82,OLED,"6.59""",,
5af74d12c58aba8bfff512f7e6ee667aa256b2d557cb8da3b8e675745141a37d,OLED,"6.59""",,
8ae805a3a2d29c6e160f630aa4ca61fa1ab7bdee96dc5ce90066b9b448831c2c,OLED,"6.32""",,
d176389d393413877d55f56df1d9700cb1210e28e53e45fa854ea520c66d116f,,2.4 inch,,
b5b4bb0ed9666018a0f853cde27a5afddd329a934aef03a35d583b74a8cd5132,,"2.4""",,
88f3711033fcd11bdbaa79c8a93d9167667cbaf59c4237eaf1fccc9d2c4b49ef,,"2.8""",,
83a5e461e2eda06fdcecb796f4b75902bcba06f4a17c62fb9756cdf7051be511,,,,
d525125401d6661363fa83b32aeef45307a4757a338d71d95469afec7859b889,IPS LCD,"6.6""",720 x 1080,
dd1a75c90c7aa30a40bad0f8625e84584004a06a92b2691d6f1d14e44ca57db6,,"6.7""",,
3cd567b26b753aa6a8a383347673d0b09fc035514a04d9b385f943fabeaed475,,5.2 inch,,
faa27ca707917fc4182d4b7c9eaa41a8e6501fb8c3bf395bd6015585f22b9f66,IPS LCD,5.2 inch,,
63a46536fe7bb4cf6811a49ad117b8b37f14e0320cd2426dede67984ccb4e7b9,,6.6 Inches,720 x 1612 Pixels,N/A
f06d046c8e00530e7d0df07f7ebf254e2c829a0c8974ff7843421c2dc60454bc,,6.6 Inches,720 x 1612 Pixels,N/A
0d0b4c79dc0a7b07b6b6c3f941e8da9c4ff0dd8344ea7320fe3c6e0c29c67580,LCD,6.7 Inches,720 x 1600 pixels,N/A
5af414726da559f5bcad4648afd89ad627d1f2bccebda30541ee48e1b9f6207c,,6.6 Inches,1612 x 720,N/A
980714094b6ec86eec45442430412bcd62671bfa8caab17cd8472c24b1f119e6,,"6.6""",1612 x 720,
f2f7c06cdc4c83288a90596827bcde1aca06eec27ad04e43bedfe17be349d576,,6.67 inches,1600 x 720 Pixels,N/A
7000d658f0f028d85175eba8f407f896eed4a0448fc6d91c461dc1eb9261a0c0,,,,
2aadfd8ead4851bdb0159f20e1cca29cbf6c25c57042da495aa63e06761beefc,,"6.88""",1920x1080,
60e86d7fbf60ad3e720dee73de06affa6273de35510134f0973d16ad4975350c,,"6.9""",,
56eb22ba8f02350363b64b357fbc6379ff7dc8141df94eeaa530757ee821f143,AMOLED,6.7 Inch,1080 x 2400 Pixels (~395 PPI),
0516c4b024ef9b39f0023f04913a7cb3b8cd4603e1507bbf4f33e53812ec0f8f,,,,
a008469549768f0ae028d5a5d799d406c0832145efd3497a22fd49f31bf7a8a8,,,,
d5ba37fecae32e8db940eaf2b89e714b05dfce1b2a5e257b2eebcb8b76925c78,LCD,"2.0""",,
6c76377aba9ee35c456b54068cf02fa377e5b931221b8891eb42c8ce4fe204f6,,"3.5""",,
98a9eab94e63a29078ef4cf7657b19b15b900ee2375b14f8642d6dcb07a331b0,OLED,,,
cd3b1a6c97e09599dad1bcb587200361b53735bdab3c698610d5147c70db1e83,IPS LCD,6.53 Inch,,
7a1390656b2cda9d5bade096be2cf5b8ca2897e9b90af83435c27a2e38b79063,IPS LCD,6.6 Inches,720 x 1600 Pixels,N/A
0a9b03078c9c886da4e519d4c026e4e5e4af8b0cdc33dc3e4f357e82b479bb8b,,6.8 Inches,HD Display,null
f28315862cb48ab2935ea9cc8c0bcd09e38eeaa8715cb6e44dfeb7ef9c3790cf,,,1440x3040,
78ca2c54c6cd2fbc981b96cda9094dbbd0a1594601c51d9fc216d934eb7843a8,IPS LCD,"6.0""",1440x3040,
78fc1a8ab4eab325f40ec8cec45d8ec4e2837bb4fc74fa404f060e778f0aa699,,6.0 inch,,
89f693bda821b21008a314c122b80dd1ca113573d07b567212f441fcc3aa2557,,6.0 inch,1440x3040,
e463fb067842af823a2edef4fb7e1c893ba6115f62b87cff5673b9aa6be43df1,,6.2 inch,,
454b21ba572321c5fbaefe602ed5a5e16ebec42551d0d2f27b7e4411113f537b,,6.5 inch,,
6a3201f0f39ba21bda21a13e9e2bb34715b0521e67ac9e8af324fb284192e1f7,,,,
2cd0d2e767ab9ac49cf5f5d4540b14f4bff20c2e20421fc55f71fed01e07ef3e,,,,
3c4bc7ce19567b56773273337b6483c03cb81276bf17370c3e2278a598de13d6,,,,
d47f5853435a5385e0685b295ae2805f9a93d0fb34a57074af4b121e1a31ead6,AMOLED,,,
31bb4163ee2b8125500294058173446e80e36be52598fc88688af2c1143005cf,,,,
13c268d464eb093117e4bf911014edeb83b686601c55f0fffba06e5635eaf0e1,IPS LCD,6.52 Inch,1600 x 720,
0b87e1fa8732ca2abb1311ec5eae84735e875c6b4106be4edd4c1c18cceae725,LCD,6.8 inch,,
4a3dcc6d49d326087102fb58c2304cee65ea54c67c67b538dc9271968f8fdf08,,,,
d9d0a885694fb607ab0734d7a8dcc12b1c9ba7914052487f0f7d9fbf6eacc571,LCD,6.8 inch,720×1570,
5681759b9f01d6e11c74aa4a1b311a4833ffcf977685daeaa9c70325496ec4f9,,,,
2123760f2e7d982ffba07e83e280b46ad2dab3b8fc53b8dcac41f3e526f17a61,,,,
65a365f14ae945043f2b807cbc53530c6b3170b1d9a0d2bc1603b4f9f0494ca6,,,,
37f691e74454cdbc6f8e3c37e73c208687088017fbd46e0470497297e5fc07eb,LCD,6.8 Inch,720×1570,
7a439ad0a5344164c8aad1311c79cd84ed634423528f26d257552132df96ae50,LCD,6.8 Inch,"720 x 1570 pixels, 19.5:9 ratio (~254 ppi density)",
66b0cddc0f258945773573386776adca7f9d89fea8d1fdcc150404de564b8450,,,,
e550da83b6109bb0bc336a19dab9fd794af2d09a7b3f5c089c9a98ac59858f81,,,,
3098d582d1b926d20f047a949ba5653827f22343ec6ffba8af542ac99ea660c4,IPS LCD,"6.5""",720x1600,
ae10f70b9ef81253b722fc965b433920125ca0f3d7b4eb0cf131e2036c955dab,IPS LCD,"6.5""",720x1600,
be6cd85b9f0dcd860049d5d58f26654b0e5c0bc8f894f3a816e00789ab06e50f,,,,
695a5e50dae00761a2aa8f80cf2eb185455bf35ef09f977a2464778414720501,,,,
cc328f69700aa053458d890699ed599de5b19c6f2eb5429526151134904b76b7,,,,
cc616721fee946042b3de3aeccc7bd71cb8af61e422a2053d151ce314c3d38e3,,,,
3ba72e0d85c29a8f37f75afe326bccd8c942a93a7330e5a611eb3912ba2ce3a3,LTPS,,,
70388bed1e76b694d9ebb28eab8d37a00d80e1beb128d96942f155deb195c6ce,,,,
75cc3e160d06a58d069d4c7f5eb740733f9aff5831294a96bbedb0cc23130e3d,,,,
5cb281d862fca368547cf93305f43bb9557e5b3c56e01759c06240e196f634df,,6.74 Inch,,
57f20f8ff1e7b8fe672328d66960657b2f310d3e1d8c9a5fc88ccff0f3ebb8ff,,,,
4ea0b7e29645a49fdd07dd18a64db0ea45ddc675611bfb13d646615afef8e458,,6.74 Inch,,
ff443dcfcc19464dc719d4bc22c73a2d3adb7159257c88b4fd100f92b8311d77,,6.74 Inch,,
3e8fd93afc7bde1d8d099d6042cf6d8cc6aad330e29774958599d5e8d6e9b15c,LCD,6.74 Inch,1600 x 720 Pixels,N/A
7e95f623f700847ff3179aa94befd36e7d515e558d3908200e24caccb097b015,,6.74 Inch,"720 x 1600 pixels, 20:9 ratio (~260 ppi density)",
763f302582e58c7a56e2eda3d0dad4822493d55254a4325ae271d9350ebc5f0d,LCD,6.74 Inch,1600 x 720 Pixels,N/A
6a6e694d1503e42bb58377200a060e8502270130a52938e53925be3c706bccfa,LCD,6.74 Inch,"720 x 1600 pixels, 20:9 ratio (~260 ppi density)",
2a7f2c54afb8fb8ee1a6fd109cd69a83c1d71610889e3eeda6448217dc46adbc,,,,
e55b70f4d735a1531fde18bf5616ebcdddf644421d46f635190ebd8dab7efae4,,,,
2196c92a8345499b4d8629850130c845ca75e823bf35d3d5cb89aa8cdab0e409,,6.74 Inch,720 x 1600,
7c80eb6609c7946982f972c1e2b11c52e903381166c67ddd62438133ae3d0113,LCD,"6.74 inches , Sensors Fingerprint (side-mounted), accelerometer, proximity, compass",720 x 1600,
08ce73d4905186bc116e9702036dc7f32ba36da173015baeff697e12a3306b39,,,,
38d6bf9f268805b4e549bb81dafd1d839da72ab20f3051c14e9b63adc26dcbdd,,,,
c42c0dd63c64c034eba1f8eb9d42629a70acb650fe3c4390efb863d23b039c9f,,"6.53""",720 x 1600,
d4b59cc5912d5740317a2e4f9d475015b759dc883a63ae7465e6136652825fa4,IPS LCD,6.71 inch,720 x 1650,
7a4e7a06bc4572f67bb2a7563bb9e2e75545da46186bf3e5766396846a07f948,IPS LCD,6.79 inch,1080 x 2460 pixels (~396 ppi density),
bf30abc3d2626ea365c16757d65e61c6227010854bbac2f8675bc370db52330e,,"6.88""",1920x1080,
47c7b8c2a88b3568c545d368e82da3c7b7743ee24c2b2c0e336658badff4f1f6,,"6.88""",1920x1080,
59ad212f8fc1e1721687e30124cadd271a9d01f305ba654ffb44cfe4413f7b02,,,,
93ca83e747ea44c0e00649b5adaec7afa6bd766aab4c0aaa7f99da3f687bb5ef,IPS LCD,6.9 inch,720 x 1600,
0974a29cc208e1c27016fdfb56b86e438e0dbf2f21df56013e159f5317f20108,,,,
47e32fd413f5dae2e3adb5809c2a3647491de4f661096e9b2c3284b5eced54aa,,6.9 Inch,720 x 1600,
1df2a1a7156e780c505557f332fb1e7d95f801dc497e95c8026f0d2a638253bc,LCD,6.9 Inch,"720 x 1600 pixels, 20:9 ratio (~254 ppi density)",
d3681835c3af1711fd4946c6ae899e7a7e1aa22baae7380f53735ade24f88a60,,6.9 Inch,720 x 1600,
8d3e7a57e0d9971d42ba4d6ebcb409ce30d493cbd2e01c264a9107954fb2fb99,LCD,6.9 Inch,"720 x 1600 pixels, 20:9 ratio (~254 ppi density)",
17e6100647e2f5564a0977324b6073e70835cbab1ca8cea98770ba194daad6cf,,,,
7e229f2167595c6344beee786dfbf9bf2db9cbd6e4abd738ef727708637d4d3d,IPS LCD,6.52 inch,720 x 1600,
ad8c863ed9f52409db5ea1dcf7b0238228e6a059bb4c2ea54d65af6e95dc7f54,IPS LCD,"6.71""",,
31dd9bc99bd76efbd7314b75f1d2c5272ca61255475d9ad947e1b5de480d41a9,IPS LCD,6.71 inch,720 x 1650,
ac745f68a73f03bda2843e19913d4f11678abd9845a0261a75a77e92c20694f6,,"6.88""",1920x1080,
67bcb66b9f78dc8d456c4eaf6e9196048aa86f917a24738bfcf190110f4665fc,,"6.88""",1920x1080,
98856725de541d71fe22f69528bc42de5193c0027cae76915ca2d608a87c64a8,,"6.88""",,
e9a68191ac26b6e580b49f1a0108fdd49610beeff17f5f7f73c9dfa1683b410b,LCD,"6.9""",1600 × 720,
be11a2202d4977317f0ce96bddfd1d39fe68db9979eb0416b18ab0540c5dc72f,,,,
b1290d765165b7b75d5b6fd93264b1c4270c03b6a0959f1b45728114825085a0,AMOLED,6.67 Inch,2400 × 1080,
2b23d4df5e6f7ddcd0430c32af9f3a38c1127ef77ac7c03c316465a40d7021a7,AMOLED,"6.67""",2400 x 1080,
7da995e6a1d3007323165787830dff9e022100980d115caadf14025b8d157957,AMOLED,"6.67""",2400 x 1080,
5fbefbf9f073936d34cb0359b0fa8ff629d40696dc1d476817f37452c5d40d27,AMOLED,6.67 Inch,1080 x 2400 Pixels (~395 PPI),
704649bdecbdf4a156bd0f2e4cc504c6ac35f95b2319d579b40a853b06db5a8e,,,,
84f6afe02a67807a8c6fbdcbe1ee2ff4748fc902bbdaf81eb5d5202bf0b898f8,,,,
56ed3173aa53c88ad3ae3cdf17e1f2432100e0ec0e0cb80b3ac32240997a857b,AMOLED,6.77 Inch,1080 x 2392 Pixels (~388 PPI),
848ca85c67a01364d2fbe9295a13a74b3b5978eca8ee6d33dfde37de80a10996,,,,
9cbf23718c9581428d60139b0ddac6a9deb13545db3b813c66fa652b72539d13,,,,
a2c336f00a07abfd1e3e84487b90a208a6fdddc00112ea02f7c85d1f0475f890,Super AMOLED,6.38 Inch,1080×2340,
a3e0b62f161c5dd6f3a034772b5ac6e3d59afbefe6050a5e914d3b8128928f63,Dynamic AMOLED,6.8 inch,1440 x 3080,
e2937002a45828de151267e904d4ad9ec94251f78b145b02d6a6894372f4308b,AMOLED,,,
eb20d868f70c504273bcf73fe835cc6d1f96ccb8159b769cce517b83becbe30a,Dynamic AMOLED,6.8 inch,1440 x 3088,
f3bcf38dbc76732011801fd1f9096c8ba6f5e13ec2e8d7337338702e3e379969,,"6.8""",3088 x 1440,
eb273eb3dc5ad2a7c4579042a8d0636f5974a856a7e1246dbffc7b58a175395e,IPS LCD,6.6 Inches,720 x 1600 Pixels ),N/A
566c7d9ca765587787c4855ae1e835c0fee50702075307621a4a8cf60f846725,Dynamic AMOLED,"1.3""",1440 x 3088,
da58a95707676e5219bb590b86eacd347eae590aa2fca8aab1dd627de6304200,,,,
149038a5b831bc7e3aa0b735a338d42f87fd08294ebea5df97ad1065312680bd,,6.6 inches,720 x 1612 pixels,N/A
8baeed49c37368c4c253096ac2fe28272d73c3d6c6797c9520fe6c4f01ce3a9b,,6.6 inches,720 x 1612 pixels,N/A
58482bae80efd32467148f842a93b06678400fac35c6f4bfb87b415334197fa1,,6.6 inches,720 x 1612 pixels,N/A
b8188273549391ff18cbba3122e3ee015b14c5e9f3be05bfa192f87ae73b5180,,6.6 inches,720 x 1612 pixels,N/A
863942688bf32b7a7d1f9e6880a82bcea78aa57313880d2dc4e7bea43989ec41,,"6.7""",,
bd65cb664d1a081b06531b112c093a03b6b438e973420f0ab17e2f43ffbc8455,Dynamic AMOLED,6.9 Inches,3120 x 1440 Pixels,N/A
5f4145d8e5082d58a597066719a1160470b7d2f05a06fba58def043d10ba5c3f,AMOLED,,,
27603a75896a792c7293209da5e40a7db69ba136eb0ac6a6616c3af362458172,Dynamic AMOLED,"6.9""",1440 x 3120 Pixels (~498 PPI),
2a7fecc9d8e82cde427fcdb1d0bb1324f8f90d31a2f2c39170d52db9006dd9ae,AMOLED,6.78 inches,1080 x 2436 Pixels,N/A
f3723fe3dad58673300bf5d55c00240c4cd64be3eccca22064cdbcfcc92c3081,AMOLED,6.78 inches,1080 x 2436 Pixels,N/A
fb57293af73a6c541a3f2595f2eb2afe3ace81309514b55c5d46f4851a5e2ca3,AMOLED,6.78 inches,1080 x 2436 Pixels,Gorilla Glass 7i
642ab4feb6e006a68f2dd25f819de3c16286ac565e599099e222ab434ad267b5,AMOLED,6.78 inches,1080 x 2436 Pixels,Gorilla Glass 7i
2f50f3fb6c4b49cdfd932e487e9d577a78e6107db6ab6afdcdf388975c62cd90,AMOLED,6.78 Inch,1080 x 2436 Pixels (~393 PPI),
2f6f9e18252459c7b3758ebdd17034fbee0f8a2cc457c5a507f24efdbfbf9f1a,Dynamic AMOLED,6.7 Inch,1080 x 2340,
43bc4d308f8d3ebde0c0cb4b699fdaf6a4c0c84b2eb113f7d58dfc6d19992fe7,Dynamic AMOLED,6.7 Inch,"1080 x 2340 pixels, 19.5:9 ratio (~385 ppi density)",
fb11ae24ab8c7db85d677621b15c78486daec1e607087914a86b325518267db4,Dynamic AMOLED,"6.7""",1080 x 2340,
d462fa0676b5722e8b57ee3a2aac6eb054469a87bfb69347aeaea76808b67bee,Dynamic AMOLED,6.7 Inch,1080 x 2340,
527ec691eced48e8c1387adc7574fe9858dce010a27734551a6143ee6196fdc1,,"6.7""",,
f3354b2886a900eba98428d23e6115bbe0c23e8502c1abc14d3750eb72fe2775,Dynamic AMOLED,,3120 x 1440,
5ad3600732f6f5bcc0313af681e67a4ad7d4f176c1039988b253238820a7a2cb,,6.9 inch,3120 x 1440,
ee8622654586c91e4129bdb3d412961a7d54c51f8f786335195e22b8ac55183b,AMOLED,,,
d13b768f88926fad1eb4b77648fea2029807b410011e065ac3ef0a90cb0fe603,AMOLED,6.78 Inch,1080 x 2436,
7184b390c31f58318c2453800b8772d0c952350fe906ee48c704e8996c4df175,AMOLED,6.78 Inch,1080 x 2436,
dde4f9259d3d5841576021cf3b1737d44a39abdaf0c682429df3617bec257f4a,,5.45 inches,480 x 960,N/A
b2865fc89887338fe3cf534245a47737d56949337e70a1d8261cdc363f305c3e,,,,
2afc076c22ab547f313ab7ed3d76fe53e1f92bbbb38b897687f4ec91ab5533e8,Super AMOLED,"6.7""",1080 x 2340,
008742a47d8e92324121c4b2759982f637c5e70262c7de46e3302e67e0ddf8be,,,,
34521f6dbd90f69091e9d4d352efaea913d70834d4398efdf384a6dd820ea8a4,Super AMOLED,"6.7""",1080 x 2340,
79a4d203e632d1b2ef91140ed5a067df324829333f503d2829f534accb1b07cc,Super AMOLED,"6.7""",1080 x 2340,
2dbe18601e9924987b390e6aae96848dea9d25c6daa60152109ebaa1703bba4a,Super AMOLED,"6.7""",1080 x 2340,
64abb9aac91f1526946e0b2060539dd8060c1d43db177e1975c9b6a4069ff7f8,AMOLED,"6.3""",1080 × 2340,
91c2d5a48451bb7fba64177b700ce063c5eb9253f56b2fbd7ef89e964574741e,AMOLED,"6.3""",1080 × 2340,
973a9ccd50a711920d47cada523a2f887058a0d64ae7c854200e6bba0703180e,AMOLED,"6.3""",1080 × 2340,
584eb6fcb145d5d7ffbffce336a81a5b8f9d3ef8d230d5e99e67036608d00d5e,AMOLED,"6.3""",1080 × 2340,
726dce954a5a6260f12b20eec977b88e3ded865ca5967464b7575ff20b507ac5,LCD,"6.7""",,
89b9dad9c90f60620f0b7d676bacd11f6ae95b2b4b7072c3c1814b3dc365a063,IPS LCD,6.7 Inch,720 x 1600,
f83e078b8b00514aec099942f5d939a9048bc9e492d405e1a070a6b47c896fae,LCD,6.7 inch,720 × 1600,
540a1ea518a524341a4b5ac81127e2c24dbb2b305d5adb7036dab91970114531,IPS LCD,6.7 Inch,720 x 1600,
daaabcbfe13618a51770cf223bd69955579e2f7af86d9b1d6fe9662839aafb7a,LCD,6.7 inch,720 × 1600,
6862a202caf8f7c9834af9537ea5b5e487a2f6c3e6faa274112c4c1cb2c5dc2a,Super AMOLED,6.7 inch,1080 × 2340,
97e6bb0cf2b09a144d0ddfa5633e08ce0bfefb6723fdc0f0a35f8fa561c8e6fa,Super AMOLED,6.7 inch,1080 × 2340,
f02b0461cc8198b934e5227b138aee6028132246d9efa38cc6c3396eae3376d5,AMOLED,"2.0""",,
87f670e0c320a826499700782e944e8095c0e61226ac3d5bdca64fb1c1c65511,Super AMOLED,6.7 inch,1080 x 2340,
e6b64e34290be50a0530e100b972f5edc0cb4dc2a53aa8eb8d182dfe9d95af02,,,,
c6023c242d114493176fc9ffc403be965df7d59475d658e8df01929c455cb920,Super AMOLED,"6.6""",1080 x 2340,
f7410f2089a1cfaa89964da6eb70dcfcf933c323d71125b03711a22fd2cdd6fb,Super AMOLED,,,
7bd96484dfc3d2b73b8a58403ff67db7abcb922c860d9d8809a24b87b31974fe,Super AMOLED,"6.7""",,
ec3758ded3dedd386361f2c2bee527502ba3bd6f87e63ff173a79e3984219512,Super AMOLED,"6.7""",,
77ada95f2c2ff25a1e3dd3853abab783a5696854b8ac5a94e87b52680ecb319e,Super AMOLED,"6.7""",,
d95d7800d0ae4f032e16a311098d16db7928e08153f68d2cf453b652e74c51a7,AMOLED,6.7 inch,1080 x 2340,
0dece313ae083f4340a9669f244e965a044d0b85f563b6b5e82170461e231825,,,,
2dc0fa9d2e6c70e277e44ed05e81a91f62107726719ebd807ae9efc474a37fe6,,,,
84cd10d108aaedb471fcce6a0ff1c8529611038bdd7b2127c791d8a56f6f2eea,AMOLED,6.9 Inch,1440 x 3120,
99bd60c2b9d9e1cd0c848a2bd070887f8a83e82b250645442df08088e2976310,AMOLED,6.9 Inch,1440 x 3120,
6261088ed1fa90828f6535f4b47eb62cff355682a72cefc0987e78f6e8ed104d,Dynamic AMOLED,"6.7""",1080 x 2340,
32688ea26c2acda2a8bdad236e78f4b2b9662f12681a2edc0c6a2573ddcba6f7,TFT,"5.5""",960 × 480,
92d3b47372e3be09a2d50d5c35a6a2b38a0fe88de2ec7b8cb163a14b2835f702,,"3.5""",,
c4e0e3affb2b8e3b1a9dc0b4126bb35336a2b36c7723bb1762ac0acfba0463fc,,"6.7""",,
2c360cbbd788c80b00198554351e58c5536ea67c6186c839e53c3e9860daa009,,,,
be0400556e9ded60ad3aec046983b98931300fa403ffcfe07eb91633a860ed13,OLED,6.5 Inch,,
273768f60b82efcc52e779f985c4a915b3e1670149bd432af8e69eebd4dd3d88,,6.1 inch,,
c7aef5bd3ccc9c2d145ea4c6978326747b25e5d4973ddb83c18fbe51ccf69018,,6.1 inch,,
0eedf751f13508f08e7cd30b701d6d249c761909f1df0fd345e98e4cd02fa400,OLED,6.1 Inch,1080 x 2520,
5cac00f4d578dc1e37861d256c7c98557980feaacaf784b2ba796f62c649085c,,5.7 Inch,,
373a50028e23575764207988a287246f81e8a64dec00b1aa69040f7cc6c2ab3b,AMOLED,,,
80dde59fa489c71a91322702bdc98c4d55fd3524ed248c827d0cbfeb5fd6aa69,,,,
ee3a334eb587714f7711e418e2b4a907dde32707040a6ad933b89bf12c1c765b,,,,
915db9c0cc91b734868106538b692b877226bfa399b28278c67fc7d147a78b5d,AMOLED,,,
4117059f06dab305020ddb5690f15ea375eda06f0b174ba30216ea0aac07d442,,,,
5ff341545edd89e9927a241f5734f31466fb81d2c63b2a806299879fea8a80ed,LCD,2.4 inch,128x160,
be15db45d7ee5c0085b49f783347411f0614f1897ca6c83808b451182588ed4c,,"7""",,
eb0b719ac63bebb5701d42455968554eaa55855de7cd2cb0769d62b959322d11,AMOLED,"1.56""",1080 x 2436,
03f1e7c695cface58cd889ea8ad414061e95dea97def28dcb7bc4ec1a279a650,AMOLED,,1080 x 2436,
1dbb83e814746d124d4eee7bd0bcee1240121a209f9175acb85adcd043c4f945,AMOLED,"6.78""",1208×2644,
037973492da7c57d010c98ef4a822a6a5ae31e164919e63929ba62deaeefca49,AMOLED,"6.78""",1208×2644,
dc0e0269f2743233600cae2bda59dd3782d91d7dbc81db3ed6a2dc73a238a07a,AMOLED,"6.78""",,
d278a49dd758ba45796cac0f3ba4c3e185f0282ded9df28603f16dde7dc659db,,"6.67""",,
6cb31681254cca85fa09988512319c1d900ff3b48e143ebc6f4f9372ed607efe,,,,
ed414b2ef812a8cddee1ad421cc1606619bb8e27f313eb747e08ae8812bd7ffa,AMOLED,6.78 Inch,"1224 x 2720 pixels, 20:9 ratio (~440 ppi density)",
7c2a3b1b50acbca5d62a00653bd5cf529d4beb52c45f6afa1c53203d708768f4,AMOLED,6.78 Inch,1220 x 2712 Pixels (~439 PPI),
3941c14ec45cf722829749863fc657fced75e0e85d644b9f869564ab3a3073fa,AMOLED,,1224x2720,
b3841e667f7c6002bd4d008167be6081cd61c6b0cfee50bbf94269dd2460d731,,"6.67""",,
6c0725e18b0bf5d941bdb9bfae8712b6db8eea9d332877f8312865b3387af8ab,,,,
e2f79f7440628a4aebb2de670266ad491c76b58f0ee33193c8ef3b6a6dacdf4b,,,,
7b5e895766af67c78380b858ee11b0d6c9c3575a5eb07ea64ca81af68432a1b1,,,,
1293bd54ec3f07bbd7b6b13dcc7f086dd1b5b38bc1914244d7f485097aed0042,,,,
b93c5bba62d39b9d74f89ff6608502b119f63a29efcf2c28476d7eec84b2ceba,,,,
c16fe2a2d0dee28c7cde48b9ec740e1e1c8f69f97913e1c019fed0ae9290b436,AMOLED,6.77 Inches,2392 × 1080 Pixels,N/A
87e59bf585e3162a7d8a6005172f499252d2af0f22423f690b01600ec867973f,,,,
78874b892082f31a39b233d810482df6a322c2a8a64fdbdd8aa2f61aed449f5a,Amoled,,2392 × 1080,
13bd1d5752adc9a1d4c8ef2463d824b794dddef46fce2da34f4007b54c5d4fa9,AMOLED,6.77,2392 × 1080,Four-corner-Air
14b8e448bf00eac659c8a0835f3fc2e09ac135533f13328cccd8509b245ec681,,,,
66fb610c9c1430307ac2a159c289605e5864f8e7fb848bf761b67405f78075c5,,,,
96d93f11f3a3710b800fdb00a0ccc3f3fe8f89adfea89a87c5d02782572cdbc4,,,,
fd1d2dd833471fb1dddd774acfc589aa898c4cc64b3df1e9d6cfee8ca61bd6eb,,,,
337834ae23016218a2a6eebd06a637d3f541f86b15bd05cc42f1b2fa44dcb828,,,,
4b8afe4131c1102c3b971eae8ba8d0a82e4b6baa41d4c431021dc27cfd616aae,,,,
341a5839896ac8befd026478f0434875bd0684b6cb71e0bdf312d4d2a1ffa893,AMOLED,,2392 × 1080,
6fb1c6495b1e0bf04a37273d732aed0d19f1fffd48224cdc770f69be36f0224a,,6.52 Inch,,
396186a2acc96f0c40c361237cf83d255a06b1a9a4335649c2ae70749769c5e6,IPS LCD,6.52 Inch,,
de508932f3aa11a8a87380ff44aad7d940421006f281ad514700e2cd800b44e5,AMOLED,"6.77""",2392 × 1080,
6d838c68510b2d96777e73bb65da2694b1e41834f06a17377a63ec38f5881f0c,,,,
b6f537d68ffc54b329f49943cb425543960506606b6941d06318630931b48bba,,,,
0154b02f9a974521245520f5d8a1929c82933715e9cc6caac9146550cdb3c7ba,,,,
dabfbd46e628d7316a7cb5ce5894ebb510ca03fd82c6dcf2fd6f4d3dcb040d4e,AMOLED,,2392 × 1080,
c96be96069952489523e8c1a1f8c220b81019bcc67f2149542c215fa5bb218a5,,,,
07595c139c0cb27f56b59616d974d1a469b5128aef9dfef74c6b3d203faad5ec,OLED,6.8 inch,1080 x 2460,
66f7a423d9f2f56067555bbf89f999c4cf57f9acf19804ba03cbb8ec84358a83,OLED,6.8 inch,1080 x 2460,
c8a70c5c2fef5e57f9136b782917b4fdbbc7aa6f57620b07b4e20a49638d4ff5,,6.8 inch,,
307935ab8786e81bc61db9d3e189fe68a1ad76852763f5dd51cf8c52a2e46b0a,,,,
9b1f156b83f3ca1eab613226bc3ee4c667a158141f3aea955ab6c008b862dab2,,,,
91c433da44110456f5f40a3c59c2103e17408d78cd665ec9ddc8d03d1bab752e,,,,
a56fdee328cb6f64b94d810da5bfd06b643e7509a6e41964f87a8970ddf23164,,,,
fc99d28c1ce96705f7375c77872f5066be3d296975b385ed98ee4e8a37bbd3da,AMOLED,6.59 inch,2750 × 1260,
687e8f00fb18e0d385345c9fb350c7ce6f638caf569e8e8bbb32cb51dfd519d4,AMOLED,6.83 Inch,2800 × 1260,
35e5df3aa24da423297680f4513387334447239d37296fac98987ba419219afc,AMOLED,6.83 Inch,2800 × 1260,
8579175277808551b5e4c88c6aa97844e10d317b2c68c86009090b78bd5b010c,AMOLED,6.83 Inch,2800 × 1260,
20eaf5a6bf98d88e8f673242d0940ee7ccc35cba5613b582309e3f0d1a015733,,6.52 Inch,720×1600,
a0e807eb025ea942db35e89121c96c18babbb7fedb62320ae75906b7694fc502,,,,
b48f1b2079c79c0f2376686741df3e2e104c8671fc307d4fbe1e80904a6116ed,,,,
1c5b24e10f04bb5407277a75bee9f156771adda8deb8f7f98e262f518fab9627,,,,
295c5593b44d745ed51f89f7615dd8d6232cc4bf96f4dba658fc0b44e6a5792f,,,,
688fd929f20abc5d8ad5efdaa5c64c3a4be21345ea8e974f56ffb8295b503dcb,,,,
75721e5c2d859bc43a373ee5f0be4afe98621f6dcccf1127dc1cce1bd8e3e6c8,,"6.745""",720×1612,
0c90f427c31669ded3ad423081d5914e74cbca100793b0d9b3962565984ad9c7,LCD,5 Inch,,
9b1e1a726188abe8ec7711d887159e524fba1f2670a00ccd989c1d0768d5e421,LCD,5 Inch,,
4c4d757594d39ecf05edcb12aa6b73128b442739edd2db94300c2c709d991fec,IPS LCD,"6.52""",720 × 1600,
e91afd36986b51268706a6a8056060e6353d75c538fd63f7c9bf83f1c67a38c8,,6.52 Inch,,
e2cb57f7c3d91bb31ef1fdd7f8a9b1a97b41b96eb9910fb72364e20367d1e939,Super AMOLED,6.38 Inch,,
7cc0e659b9542c9fd7f483aa5e2d53b5e911689934c4af37c64379afd349ce97,,6.53 Inch,1080×2340,
789de37e133c0f3764419a60c359d69bd4775659a466be3b72d733494e456253,,6.53 Inch,1080×2340,
982daee0d1145bea356591de851ff574c9378e15005e154dc280a78d007862c1,AMOLED,,2750 x 1260,
afd6bcdb8fc38e0dee22a503964d4caa5265c2419ec4bd9c4aae61894384cd2d,AMOLED,6.59 inch,2750 × 1260,
0b941ece8c1de68d06daaa46d7898c42d2631becaf1a19b468de9359f946a28e,AMOLED,6.59 inch,2750 × 1260,
69ad6f4bcf7cbcebae25384b90241d10eb765a3ba4527121678abce1f691ad4b,AMOLED,6.59 inch,2750 × 1260,
cc71fc495f800b17da6c0e6a2df87ed4b5b503a12f17763bb0e26f9a152b1a92,,,,
e9a340354054e86c1a252b20667ed6bad3d891a2c97a00fa1a01a238d2f7233c,,,,
e1b9a843839397707ac1b69f5557b5214fc067ba2386a6d3cb0091740595b91c,AMOLED,6.59 Inch,2750 × 1260,
1af02e9cf8f8246a975c04a17429c6be5ed2f8db4f1d10a2c2bf46381eb72501,,,,
2adf1ade34b09731df2ee0e0ab1c0d6597b531a8e80f87891410d522996593dc,AMOLED,6.59 inch,2750 × 1260,
f434601ce9e71b17dfaa136a0fccd00862dca20ece36b077c18fe11be72553df,,,,
ec86e171b9dae1e6cefc598b7605d7a2c5f0f201f412a4779d75d390fccaf64b,AMOLED,"6.83""",2800 × 1260,
1b7d3e119f330c041310b302d0b45316c08dbaa8474727771e173896ed519b6e,AMOLED,"6.83""",2800 × 1260,
ce15df8f4d21350a85f3792150f3bf527e1d0d4c9bb7c16242ce2f7a208f8bff,,,,
d5922dca9ad744693548c6fc8c810c4bfc9fcb9493b39e7b2f4f8e4052359f91,AMOLED,6.83 Inch,2800 × 1260,
9b2bcd90e5cdcdfda4ef99a4f6e688f50a3d0d070dd4f5acbef5bdaf4327589a,AMOLED,6.83 Inch,"1260 x 2800 pixels, 20:9 ratio (~449 ppi density)",
e9a4d7e2ee6f5e0fa2be2aa2d3f2d35ce9087fed3fc87ee26f4e3bfd48e46310,AMOLED,6.83 Inch,"1260 x 2800 pixels, 20:9 ratio (~449 ppi density)",
b4ccb0447b14a5be04722b815d57ab3975ce920e96c9eb1e24fcb748375e5606,AMOLED,6.59 inch,2750 × 1260,
fbdf245fa08a1a82b3a6b80b2cbeea1be02efefb2f8871d3acb08d07972a7964,,,,
53508598333973e51a089a4149f7087a02774273e0abf925dba053a6bd16793b,AMOLED,6.31 Inch,1216 x 2640 Pixels (~461 PPI),
d5a85c2b00c278c0183dfa11f5f7e407800a19e181d673f62c38fd4f2c1c3de3,AMOLED,6.31 Inch,"1216 x 2640 pixels, 19.5:9 ratio (~461 ppi density)",
01958440a1519bba8ff6a52bc70ca1da79c3473dbf9978d59d6faa7dd4324895,,,,
8af809c80e75a7aec6dd7fa00ba90d9051e73a050f5e7c43bfe4576c0e4911f7,,,,
566a95bae5dbe21cf27262d483659d5c412b834217e2cb717ae39cb90ec7b8b2,LCD,"6.74""",1600 × 720,
b8578d495b588f723afbb58615feb5ee92cf0f6c61236f30a15f70b9a66e8d92,LCD,"6.74""",1600 × 720,
29d8739ae1d1062291a477fbc0802353140b477e17e3da7388c01d052414df76,LCD,6.74 Inch,1600 × 720,
734b634b794f4cdde217bccb1717077f69e04a0f7075bc0b9559883ceaa5a7e0,LCD,6.74 Inch,"720 x 1600 pixels, 20:9 ratio (~260 ppi density)",
45bd35d51c462ef271ad047e16505e9b65dd6d81009eab082b64032f9c220821,,6.74 Inch,1600 × 720,
ea1dae9eae5a0c3207d9734bb7b8114e1086a6e277957dfd2a59e46a6ee7b732,LCD,"6.74""",1600 × 720,
68b58085b26df3f645e71750e857ca445c4d4115912f34bda217ff089cb020d0,,"6.74""",,
36a0b62fde6d396fcd743b64dda1a4e32928b0fc8b14e8ba3a2d5ecd1900e207,,,,
cadb03092297be908fbcf531084a29904f0f41a657a68be30624d8095bd2ac79,LCD,6.74 Inch,1600 × 720,
d162d00948f512673a1302377cad4a9d5f6d54adc62b8df3d7515b26fcfa41e5,LCD,6.74 Inch,1600 × 720,
ff0aee528a748b472a89e4ff82d16c5d77e24d704f80257132ff1a90807ec813,LCD,6.74 Inch,1600 × 720,
c0914176b23480ec53818f8c30e90c981690bd300528d940a34cb02cd0b24003,LCD,6.74 Inch,1600 × 720,
94d010a2cc5a9cbe5a145bf2098ae6c67da05d6583fe4b57386aa15b80003ccf,LCD,6.74 Inch,720 x 1600 Pixels (~260 PPI),
245d257aed68185f424c3a7165e3893f11c8499916f25b283721e53ccae19c18,LCD,6.74 Inch,1600 × 720,
48b442f8010a77458de8beac705d3c9c60cd580a047ceba30b6b05afa7ba8b8a,LCD,6.74 Inch,720 x 1600 Pixels (~260 PPI),
367ce153ac83d7058872a237b78cab8ad816561386d33e396931be1a9f1b706f,,,,
07b33bd0eb3bfcc9e6ef77073ece367a94fb4efe6323c1ce60080d9e1f76c9dc,LCD,6.74 Inch,1600 × 720,
5c4cb45aba9447a4e0ce2932856cf554b4763915bbcc82c58db5a5793f5e6bc2,LCD,6.74 Inch,1600 × 720,
dc25199990c766661ef08802f1dd0ee0ab8c065b9c8e933662dd6f6d327dc017,IPS LCD,6.35 Inch,,
767d2e4dead4887a9c7e5a55d9079f7b608dab8bd8095e6268f655edaa3ebf5a,LCD,6.56 Inch,1612 × 720,
c97b60c0f6b9a21b04838b05fd45d655cf4abab145fe0835bbc9866a0837dba5,LCD,6.53 Inch,1080 × 2340,
31dce6c83215d00a418797cfdfadd09ce850a6db74077fea6c300a970fcd1907,IPS LCD,6.74 Inch,,
992886e83558b13e106ad58f3203eccb46ed880ffce575494547964beca8a61e,IPS LCD,6.68 inch,,
e1246015fb59b3e191603845329f7dac495338f830dd0f4317b2fa4a6239d658,IPS LCD,6.51 Inch,,
2541ab2c30293b5e352568eae83061772ce93e5f95cdd6bd36ac6e45b8d85943,LCD,6.51 inch,,
88f139691d805cc2c145ebae3bd485cb6f0d8bcad9ed26042f0ada00add5f213,IPS LCD,6.68 Inch,720 x 1608 Pixels (~264 PPI),
72681e790480d2e411d9e9193d538990134ab9acfcf764f1c4d69d697e9ba7c7,LCD,6.75 Inch,1570 × 720,
3b40dc4481b06ea8b291cc047d0eb70d06b35d5a4a7f50dca8c1ab44026a785f,LCD,"6.75""",1570 × 720,
220cdfd2528a6d3d5606132619ab15b8c30fbdc75ccf82f2e8b3db1708391803,,6.75 Inch,720 x 1570 Pixels (~256 PPI),
0610cd3bf13cd42cbc8591cc73c34b20866fd68a5de777d3209390d1393fcdf1,LCD,6.75 Inch,"720 x 1570 pixels, 19.5:9 ratio (~256 ppi density)",
1f16868d70096ec978e55c498f990d96a22560fcd9702f37ff0bb31ab6564b49,,6.75 Inch,720 x 1570 Pixels (~256 PPI),
eb658dcee2617f431370c758c6a95ef00b2e6f81e84ff1ef6ac1b27ee4766093,LCD,6.75 Inch,1570 × 720,
836cb8c151c75f7c9d73f1154bcc0cd18417ec97b98fbea8d539530e5e1ed846,LCD,6.75 Inch,"720 x 1570 pixels, 19.5:9 ratio (~256 ppi density)",
89028d8ce7ce64febf429cb56659d0316ce7a9486305ee67ed83f082253800d3,,,,
8a90f549d8175d21ae9049d4c05841fa7f0ad3b0e832f2a84e8e85180d71d30d,LCD,,720 × 1570,
dd635e29812e733cf33803fb7b7fdad0b6f9fc12730a114170c862ed353a1e83,LCD,"6.75""",1570 × 720,
567ce1867b5096db7e1b6e8832c961740606c44225cd519ce4b4c9498c252a7d,,6.75 inch,1570 × 720,
99731b0e5f77a3f9e516dd89fa1564416afe01068352859a4e5d8618d8b00c31,LCD,"6.75""",1570 × 720,
d23fc57346b2b9a948d0685986276e7b94ffc611c1957e77fb6e7674e4c6cc5a,,,,
fa0c490626666d675a30c8f9d9b4432174302c4131e08cc928a93131a18e4fc4,,,,
a22a4a41a1d7512efe76bc771dc94e5e9ebfb301a6ac389576536849734d0f56,AMOLED,"6.83""",2800 × 1260 Pixels (449 PPI),
88b1cf63f3e3da4f4832a61732e3da8e8d46e6f640393f50b2d8d60c5ed2795c,AMOLED,"6.83""",2800 × 1260 Pixels (449 PPI),
1a2db23ce4898c93d5d63fb147859b245738ecc467756a1b8176406f9d7d344f,AMOLED,,,
f8f9575647991cb88a28d5c66bdbf696c710b989b95adf9e46389b166ae9263a,AMOLED,6.83 inch,2800 × 1260,
7314df17b53e854a6947ab8a9b4aaa5a8e7659695128c9f0417640a599f2176a,AMOLED,,,
821d46f0a2b0cf1aa6648a9aefe7eeab72f7032f5fd3c4321f4cd1d5b9675869,AMOLED,,,
5051d08b83900008597988ca602bb46f2a05d3a03d7276965d5418c15cf089a5,IPS LCD,"6.0""",,
950656d2b6c6136aea6161efe186bda0e1cbf2fab5ec9d513c14261fb8e26c50,IPS LCD,"6.0""",,
a882c693c7824adbe8eeb1547c487e0c169bf557cb16d56f8b0f14d879c43fd7,IPS LCD,6.22 inch,,
348a5da836ca3793087da3c6b9857fd709c8fd1d8037691da3f6ad84b2b92f89,IPS LCD,6.22 inch,,
dcd07710f732f68f3df2a0ce926e63926c354c53bf7e336017c5f84fe5dde4e4,IPS LCD,6.22 Inch,720 x 1520,
8d927e1c5a192961501ff1cd13f5062fc0ca73de9ba549ef7e1ae82140c2011e,,,,
70c3979e0c88cea657179fd96750923c321a4b02de6f4623cf22fed9585daffb,LCD,"6.22""",,
343e5f72d93866bf3729e95dc48d9b510cb25c7e96f85c456d1bdd01305f0e5e,,6.6 Inches,null,null
da5f9af3b239370860f83390c9a5ae830ef30b0cfad5e5ea3068cae6f188384a,,6.6 Inches,null,null
9ae648c68b75baf79c6695d188a5b0881825f28727dfbb6772e8d1318c92775c,,6.6 Inches,null,null
3834c5673df2d33ba150358a5b2b286ba559d7a4275ea44aa9d9f9913154b5c1,,,,
c063e60520eaf6c7caf7115f5d45532c58da85c5d1708cad9e632d8efaf24c61,,,,
0249ab61df9ecf6efcd4883ac1e2d883c0dddd9b3212ed0289b3bfa4ddae2233,,,,
882380df0574a4602ccd0cce5073103a2adc3c5fd74f333b553cb036b723edc3,IPS LCD,6.5 Inches,720 x 1600 Pixels,N/A
8ee6c6b909ed8e44d92b0b1640f707c07a3f1095e3e51e3494c6b0b0dc8dabcb,IPS LCD,6.5 Inches,720 x 1600 Pixels,N/A
e4c969733d238afc67ab3e1a4c62fca94a6b5b61f227bc8cd981bd777f708e4b,IPS LCD,6.5 Inches,720 x 1600 Pixels,N/A
d008f7ed6cafb486b94889df126cd06659b315ace119934b5a24e7d65e1efe50,AMOLED,8.03 Inch,2480 × 2200,
b4acd987016d7026286daa4bdaa23d744781eaebbecb0eb00f02842419a1224a,AMOLED,Main screen: 8.03″ (20.38 cm) Cover screen: 6.53″ (16.58 cm),Main screen: 2480 × 2200 Cover screen: 2748 × 1172,N/A
1f28853a52ab7f2db17b05669626ce45f24147788c244029ebc6c1f9706ebe4a,AMOLED,8.03 Inch,2200 x 2480 pixels (~413 ppi density),
51d776b0b40002fb6bf471d524d213088b71cc19515a31be1da44d5753e50ad5,,"6.8""",,
6350b45ebaf83acfbd19c41aa41f2d9c9e49e03e698f55478fa6e160def799e1,,"2.8""",,
c8d219660f281e624d0b7fc7510c8847424e90e633ec78bc4f75ef1b6d8c425c,AMOLED,,2800 × 1260,
dc0897ac259b1c10b08d687dfe802fa5c84e80130d03f865749241239d3a8a71,,,,
ca32836b7f92f20fdf9a2d86dc9f0226c5bac5819f2e3eb6a8ce8a4154d29408,,,,
4f5bfeedbeedf4c5e074a0ba7f1ec98f336d54c9d13ba2aa50337006ed849f25,AMOLED,6.31 Inch,2640 × 1216,
99d76dd5fccc036e441ed3950df7a47eeadb6a6a78fd91b5f1ec52e1e03faead,,,,
68cbc4ef4e818cf17dd2e7fc2c6bcd79e1619601b611112e67b3e56cca30c596,TFT,6.56 inches,720 x 1612 pixels,N/A
6d1e9704eb81eea23f11d4e0a0c37758b378a11e0f8dd312f2616cdfda45386e,TFT,6.56 inches,720 x 1612 pixels,N/A
e91c1e62bad17e5fce712c9bcfbab77bbd2febcdaec48cca7a9c4b802c09c9c9,TFT,6.56 inches,720 x 1612 pixels,N/A
940000f2e29413973f15b8199498d8b5d85cb6d4725c5786600e452acdb65c95,TFT,6.74 inch,720 x 1600,
737846c1dbd96c0a201dadd4f9e256ac6af1db3a4786eb066d3e5eff1b60bcd5,TFT,6.74 Inch,"720 x 1600 pixels, 20:9 ratio (~260 ppi density)",
0e125a2242f6f44be11bc5b3396430397cd596cdbd15ff30cdbce0b7694357a6,TFT,6.74 Inch,720 x 1600,
ef01e621272839f29027cdf5f8ff1946d77cab98872bcc6fdd6b1fcd2e35a0e9,TFT,6.61 inches,720 x 1604 pixels,TFT LCD
db74099d1d46ab244f8b14efa385f6b988bde1b36caa6411eb752c20c546a4c4,TFT,6.61 inches,720 x 1604 pixels,TFT LCD
3cb37e9ee8a9f6eebafbd702b032fb926156dabf399cda1693ac30406e148906,TFT,6.61 inches,720 x 1604 pixels,TFT LCD
dcaa3b7098926e9a32c5d7a7f72b27ee0ede0edeba0703f7163d5b4d7e32f335,TFT,6.61 inches,720 x 1604 pixels,TFT LCD
8eb08acdc166e70e60a9ab61bfe41b54590459ba332189962ea86552ad4cbe86,TFT,6.61 Inch,,
3ec781a9d4b4daa99667df9894ad48054ac56d80059811ce7925f1fb20c7e697,TFT,6.61 inches,720 x 1604 pixels,TFT LCD
7230176b6174bf4e72fab0cd22d6c39d8ab9d52c29ba5718de706a9168932cc7,IPS LCD,6.8 inches,1080 x 2412 pixels,null
2b45ecdc1a6d75e23e181b357c1b60ce2bb67dc77145587462f70569c1a77f7b,TFT,6.77 inches,720 x 1610 pixels,Tempered glass
9aa732db2adc9ce296dd3f485bee931391175ebd5e0ae01e59cbd04cc9d769d6,TFT,6.77 inches,720 x 1610 pixels,Tempered glass
453b88e4fc973f2f8f2b66d1689460bed91851803eb3f61fb8c29ddf84bbf2d0,AMOLED,6.7 inches,2412*1080,N/A
ce18cdb49b067ad16e6ef2f181ebc8ca5ddfefe38ba86a6fbc009eac27d19c40,OLED,,1200 x 2640,
5a6b9188e87d96e96fc033c5c716c7fe06e85af732b40819e7cc5ee6c3e482e3,,,,
979d9e4e40ca019ca1433238594737ffdf0a6088478e643f3a3fd78fe71eefbf,,,,
8fdaab523ec9ceed97b4dbc0d4d1a85955876f61c8785304b707dc9313bfc475,OLED,"6.9""",,
7977e4fd9cdcd0ae9ef1f708312d6e82b69e7bf21387b6c0921fa46b7fec104b,AMOLED,6.59 Inch,,
b30a52886a992086378ceb5686315a900d8da19c6b8e57e7ca44f6bcb757c94e,,"6.9""",,
71f99e07d03dcf8124aba1c8f060ce3c8eae7936ec7a00cfe0ad85c1d3419688,,,,
18ad74c2bee27ad91fe7c3689d1e0cfa590e7466e2e24dd7a7a5a4636c0c4958,,,,
c2da87bfe7f05cadd5c6ceeebdb00eb3b706a6e396c5ed1914578a49d39e0c57,,,,
27893f988197d47c0a23533477c1802eb35cc37ab43fce3bda988c08bfbb9261,OLED,5 inch,1080 x 2160,
8ef8760c44cdb4ae28b2ccc34e34ba0931133fd66351e5480a9fc8ab7cafc093,LCD,5.7 Inch,,
4148bd45118958aea9ba65f8d343e2cb82080c76e5fa5ef1f6b58108e8235ecb,LCD,5.7 Inch,,
0dd9cff43ba514628c210ecc20a511b95ca1d617b4c7238984f027e4e047e183,,,,
dc3c7d9a9a0c2f88f5dcf839fc63697b8de828cb2f145449c63c20d052036e0a,,,,
9fbc1c0b02ecfa404b01e948c499ce5f3b93246044ad286e72d6814f43c725aa,,,,
414504ea98dd4d2ee25f614057368389aef523de0928812459645a9933a3baa3,,,,
4b3d6b73ccb77cca22e4e5926cee5ad2c597cbc12c026aa5d4663ef78dd3e1ce,,,,
ca48af3553fb9137568e369afa3f11b101caa237c91298dca60d3eaf559c6687,,,,
02f66e4ac232e3c72c540088dcf295259c26605e9e41538e6cdcac41467a9bb7,,,,
ae44c3c9a6bc982da427ad2722fb3eab2b1c589e63078cd5fd5e8ce455dc7e14,LCD,6.74 inches,1600 × 720,N/A
e6386b50e79399cd9fc59677d66ff8656c91d5ccd8b0c3e876f18b1ff53f5b53,LCD,6.74 inches,1600 × 720,N/A
d974121dfeac2efa33315ca78b5392e9f2a460b01bef5cf91a0b7dd0fd698cce,LCD,6.74 inches,1600 × 720,N/A
4a53be7df3794a2d3ea4395cac542d5a9a07053bcc05434f5d2c317af87dff47,LCD,6.74 inches,1600 × 720,N/A
e032dff129b0832dc4e238e237a850dc22710ae055c1b87cccf71741abc6b7fc,,,,
ffadf01794f30f3b9132b9c822200a7ba26be123a7d1ff325b3853cefb62ea46,,,,
0f57778833be298ba0ffb79d41e737a45746280e37c0128a02906f3599233ffe,,,,
53c6162da67900aa748078c7435adb50971b2a8b5e74f6ec43a2551663aebe68,,,,
40db9edc86265a6aa351850e1a9b17e8f4289dde874b299e586c4e611efde53c,,,,
24face84d1213653784ebd19398d042e4e9d2d9ffcd121511197e95a9d8c33b3,AMOLED,6.67 Inches,2400*1080,N/A
2341ffdbe7106099d6cb62fae6610d95bf064369a01ae0ee736acbfe2248fb77,,,,
2060debeb304e49e3b862a71a715b4dbcfbc5c231126e2a519644525ecf2edf0,,,,
b9d2efaab15f62c814d46d22112c64af0485103195ec25ee9ea288ab997fd9c6,,"6.51""",,
c41d24f4ea73c7d61ec6e0e21ae891cf76a6d080ec09fa208102e955ae1a222c,IPS LCD,6.56 Inches,720 x 1612 Pixels,N/A
86aac71491b20ebdc4dbcd7663c9a17f5e890c314bd64c85415123860cf34c29,IPS LCD,6.56 Inches,720 x 1612 Pixels,N/A
54569e138bff692af7af015b80940299f5c9d9773291050b81d659185441b372,LCD,6.56 Inch,1612 × 720,
1f4c674ec002aa9669db39c5be0639f5394b4398f208304bfd4fc9309a672845,,,,
708e2691c7f56f04aa772ad6ddb258cb803d4e9a39587e87ef0d28d6a41059cf,,,,
75483a4248b3b149db888eb1bb231bacb4dc564960c4f672faff18a8e9ded2dc,LCD,6.68 inches,1608 × 720,N/A
042a548d846bb8dc433127f16c12cc15aabe27b2c19582df5f5a7164c219fb19,LCD,6.68 inches,1608 × 720,N/A
913948e9b76e1481a29a8abe9e750ac8cc84aaedb396fc7f4f5d3aa890d4c474,IPS LCD,6.68 inch,,
394ad3e9f761b402185dc641e257d624e4a536c51edaaaa4093f84920b778962,,,,
a78c8770caaadb26f5a72d347379594aa9c481e3d812844a30ed905a824d49f0,LCD,"6.68""",1608 × 720,
beeb2f08c2fcbbcdcdae7a8a3f908655f4187dc7f5074d838d3351c702ab9fff,LCD,6.68 inches,1608 × 720,N/A
3fc38a343cb150a217148db29e319c6122eed270dde19ee461e0a36e7a41770a,IPS LCD,6.68 inches,720×1608,N/A
5886fb8a2110388e1c51e38029ec8e2dbd755675edb53a2dbf46f0b7c9fd511a,LCD,6.74 Inch,720 x 1600,
1067c03c682eb9053953f70eee0e201372848090261710040b76961c03d15cb5,,,,
588d570f4fb82135a3500a7a349078e2ec8811920eaf1a03ae3cc7422990661d,,,,
9fffb881cfeea4e2410139099e1180ce7b65bc7d61733b52d5902e69c5b1fa76,,,,
56f416fb95b5ac6a13ea2b5af7c39d143b399c265afa802ddaf6129e823d8e17,AMOLED,6.67 inches,1080 x 2400,N/A
f080c8aaec7249d5ef2a3d082e0bfe42a920513aba2bf11d4790c4d69c4a910c,AMOLED,6.67 inches,1080 x 2400,N/A
fcc5dcf079b74fa380e31e3bde9a889b74fe6d6897469653a9080613b319029f,,,,
250052ae8fe216f10019c62a36f3314c9451284135eb493d6330c7741c76da3f,,,,
8267c246463a6f9829c6fae6e8ffd027ef2bb466c944c326d67e233839178413,,,,
075603ecea4e82d8049c4d6430f62d60e4ce982d76bef02b6dc5a5cb4bbb5cd8,,,,
34b73c30a9b3e3599d01247f6a6a10cd9939a9db1b2b9eb09bf1c6b299b4077d,,,,
2a913d2dbb61b1481e3ac1a58e87c00905fa6261d47b962b42267ded75c6a2fa,,,,
d2eb1605edc58b2c93f27aea4a7187cc383127a0a167b784efdf119acb515c62,,,,
bee1b8d3b2e7ad9891c2d751c798a5e46bccb181b9f3bfb39703df04e745d2bc,,"6.5""",,
a67a5dc6050ae8564806678430a42ec7291d0f5461fb69f155fc99896fb597ce,,"6.5""",,
44f5cd6df35874383650e9e3172b6266e9d08dbf5f301a9ec61037f716934fc8,,,,
6960ef197c4cc56580974d9bd3282f0580f6ace28883c680603f4a0dc75266d2,,,,
a115ed61bf276b8971ca3e74aecacc8ecc6b3aa02141ad3cbefd9d359d16ddb6,,,,
dd28fec4b9c141a99567fdd3a57fc13b0ef9bd637ec6ed354a00e0d9e5001402,,,,
97b5fe96e1db7b6236898896bdc7110d159ab307f40691db1d7090aa2485a02f,IPS LCD,6.68 inches,1608 × 720,Schott Glass
9850f36ea1d65b662ef3f6cfb61159b9f61747e39701e9cbaca22437bf93255f,IPS LCD,6.68 inches,1608 × 720,Schott Glass
f092a3cba1c44aac591989549d61c70378ab59f9a7a353800359336e6411d417,IPS LCD,6.68 inches,1608 × 720,Schott Glass
016886d3e4ac69d59f378b79b31aaf4d3d3551bfce19a02e61da447b46c181e4,IPS LCD,6.68 inches,1608 × 720,Schott Glass
b328d29b5cd4d89f5774b483dac38b0d3492341dae3173bf2bd064dde2d97d7d,IPS LCD,6.68 inch,720 x 1608,
3328c1bb5a744cb216182835cf160a75fa99fad3f266f8910b285dec8bb91975,,,,
3c364c48cfeb405fdf744bb4994be962d8521d7730a1d5d89d0786ae79128fbd,IPS LCD,6.64 Inches,1080 x 2388 pixels,null
75aa075a48ef4228d10383d9221be723a9e8b6ff914744ea7092af0221706768,,,,
fa9fd19e3e3b27639ee45153da71467be57f450f4423e68ef584474dd27a7adb,,,,
def3336ed2cec43868a954c5f59cc2c4d4f6f403fba92bf91d852ce00b0e0c70,,5.5 inch,,
7b8d9dc11acc37c292717b8903ef54c75770abed49ef899824a6a496e1d908eb,IPS LCD,,,
17ac923531e2627f19562afc0054a61c6cb53cde2a16e1cbf6d384c4e2d355e2,IPS LCD,6.22 inch,,
6a1a22bb95eacf20bda680a457e25d192e2d46b3f82cb7adabe1119f34a55760,IPS LCD,6 Inch,,
7f7c508f6249f2a6c1d57c338b25fb71b47bc0b097e74c16c413179cc74cb551,,"6.51""",,
46637276cb096bf00f0f885233476f11c9bf055dcfc22e8a931c7f5f3ea82901,,6.3 Inch,720x1520,
5b29c1e5996759b396b5999b397248031ea6bffba0a2535997f55aed21a61dd9,IPS LCD,6.3 Inch,1080 x 2280,
4bb1e276e01c3c5ecb2e6ab5be60c16386baf7231a0edcab86a29c01b46fc036,IPS LCD,6.26 inch,,
83aa2ac24bf84bf04e282da026524dbaaeded8f6a74c0d25c41251b9328654a7,LCD,"6.26""",2280 x 1080,
88cc59451a4aca84dd41dcef3db7e420fc8f5f028c9a61039d58b629e387302a,Dynamic AMOLED,7.6 Inch,1536 x 2208,
9e6908d68034d65f2647f8e1e71882ff5c81b893130f76815c953c8d713e2068,,6.4 inch,1080 x 2340,
0122ef05f40d3fdbee22bc4cd30baf7fa1f5c348bbf97f5e683c88c8205c49fc,lcd,,,
fefc2027fea8978c22b312fe2be633e60c46ac4fde4c0cc10de565cf69014eeb,LCD,6.72 inches,1080 x 2400 pixels,N/A
30c05a7fd1be9c09cb4f5d4de7d1b175704a6c04166a5fd2062c17650cc1b63b,IPS LCD,6.72 Inches,1080 x 2400 pixels,N/A
04c3a49108755e1e71f3e4af7bbe0c0c64de428b6dd814a020993e621f16ca79,IPS LCD,6.72 Inches,1080 x 2400 pixels,N/A
9c72248d9f5272d289e9e9bdca4350af7e890c1fa3f55047ebce5b54f12800da,LCD,6.6,90Hz 720 x 1612 pixels,N/A
6e4d46450fb870a0a069d44e0a26b401255a4d754eb967e11b6d4835f81e975f,IPS LCD,6.6 inches,720 x 1612 pixels,N/A
9d0f94454c0a8922b2ddf846fd976702e68af368130ceaa49a1b364298877789,LCD,6.75 Inches,1600×720,N/A
0547ae045b3f1db7b7512265094a4909f63ba911047043562355a8cc57a61739,,6.52 Inch,,
f34230ba4764936ebda625aae1456e36c5d7cbfd6a1944b25c0529e3e26a0c51,,6.52 Inch,576 x 1280 Pixels (~215 PPI),
a3101489f650f166a43caccd38e8613618591679eddfb726b764676ba920a58e,LCD,6.52 Inch,576 × 1280 pixels (HD+),
0ec509fecf9d3edbc0fd8f3bfc6ed163e6ad5df3fe2c651082357f98c23d03d0,,6.75 inch,1600×720,
1f5612b8574042fab87beacfe375a5b558e7ecfa4f0c25918b61621f216b9603,,6.75 inch,1600×720,
a81c6612a508f44dcb26aeb6ecbdf738d2e58238d4e4ff0fdfceee78cb73c71a,IPS LCD,6.6 inches,720 x 1612 pixels,N/A
65f2728665e62e5f8500d7878652caffb52ea19dc58495561594c943fe78b6e6,LCD,6.75 inch,1080 x 2400 Pixels (~395 PPI),N/A
f095112b0db1195d7a92f8f86d63756fa89d26914e522a74bf7dcd1d8637906f,LCD,6.75 Inch,"720 x 1600 pixels, 20:9 ratio (~260 ppi density)",
1421c44b5f42be2084db0b1af9e458b44be68233bf01e22000c912161f813ed9,IPS LCD,6.52 Inches,,
9daf2b560b8c5f01ca7fcfc1fcbbde90a9f9b5ae2afde6a86b680abcd936f1d3,IPS LCD,"6.52""",,
ffd186e8f2054adec14e295037dbe053d4f6e321926989fd8299186d7da6e3b9,IPS LCD,"6.52""",,
39cb30bd11bc59f766b73aed09a66db51f5c2af732008ec5c8ef029776bc9d32,,6.75 Inch,720 x 1600 Pixels (~260 PPI),
513eb3855337077ec6b25f8d0cac3e10ee8cf4fe0fe2d635e8106f81db72bedd,,6.75 inch,1600×720,
6bc0a041cd46832b94e597691f63e3cfeafd41e412cd27290452c50be9c01025,LCD,6.72 inches,1080 x 2400 pixels,N/A
a5c13b02eb4e84e1374c139c42859c40806e736926d7442ef8bb5f43a9748121,,,,
acce66480461e9aa0819de45bb090e67fa2ce9714d722cbf4ed0b56ae8a1038f,,6.75 Inch,1600×720,
ff5894a042973228e4d5d519eef91976b537171d4c85ac3471ed3fa6bf2eabbf,IPS LCD,"6.75""",720 x 1600,
1ea4ac508a859d8e7764ec8b9241e415cffdd3cb20e1d29f3583568fa126df5d,,6.75 Inch,"720 x 1600 pixels, 20:9 ratio (~260 ppi density)",
942d427bd7dc1b59e4bec1168123648ddea4579547fade220b97d9bd58afc1de,LCD,6.75 Inch,720 x 1600 Pixels (~260 PPI),
04007da7c954f8d7cea51da838072532384ee97391b8bd53e74408c4c89b3f63,,,,
70250cdecb2efce66270c6f7a93845de3ab11304a997f99f6f370bc10a2ea8fc,IPS LCD,6.75 inch,720 x 1600,
930e33b5c0a2ab983e783d3cfe03243906577feadfafb835be338c7332075b67,IPS LCD,6.75 inch,720 x 1600,
9f271012b3ebfca228337f6acee1af65d78fb3dc3c7812fdf462cc6f859635d7,,6.6 Inch,,
96907042e5f6b65d9a6848a3ef3ede80b48b57c713274736fd83cce5627b1294,IPS LCD,"6.6""",720 x 1612,
13146fa0b4463d4f1d579c700ab6eab8ed1356855db4fdd3c8bc09b6ef4562fa,LCD,6.6 Inches,720 x 1612 Pixels,N/A
d4da47053d87af7e9cd8e2985b335a4883e060a7fc7b7d5a66fac0323d9c4806,LCD,6.6 Inches,720 x 1612 Pixels,N/A
2659b8b14451ec25338858ea88bc038a42848784610d084a39c0609b8646072a,LCD,6.6 Inch,720 x 1612,
ccb2e1103092e5cbd8870a82e89fe793c0db8eb4048a4f9c6f4444b4cb75db7b,LCD,6.6 Inch,720 x 1612 Pixels (~267 PPI),
deb70035baec9a321d9bb2f3b2218fcd74ce87fea9b4463924a94ae1a4076212,LCD,6.6 Inches,720 x 1612 Pixels,N/A
2cf446676cdea8d48011e0094e37cc7eeedfd1ea6038c18cc675ee5d66c3be1d,LCD,6.6 Inches,720 x 1612 Pixels,N/A
89c0f0390782ab06b870f26d7d1346e8a302212dd79576b9ef5fba982da36fbc,IPS LCD,"6.6 inches , Sensors Fingerprint (side-mounted), accelerometer, proximity",720 x 1612,
b6b091054fb1f35b6447306b784b16330e29e0f1fa9436538f6df5bb81da2c24,LCD,6.9 Inch,720 x 1640,
03dac3df41974e90ce41af5ef8b1fc4d7672f873a6a9cc734ce413ea58adc6c0,LCD,6.9 Inch,720 x 1640 pixels (~260 ppi density),
84e2341310d4d59316a5fe15dd75a692ac73b63702d925f9c4d488255e0642ad,IPS LCD,6.9 inch,720 x 1640,
0ba40b51bfe61cf47b80dd487477c7b72729060fe938146bae093918e747ba95,IPS LCD,6.75 inch,900 x 1940,
f0a99e4ff1406bb192415cd82cf538037cb1310848d61bc96d81344288be3efc,IPS LCD,6.75 inch,900 x 1940,
077c6ce925542b6ea44a43bfce14293c81732abd7a4dd9ede9fae3e385e460f6,IPS LCD,6.75 inch,900 x 1940,
be1d319cf47fc5998564f4613d9a295ee98aa9599c6fa911356a9ed2b7d174d3,IPS LCD,6.9 inch,720 x 1640,
cc44a52190e9b3b2ab0218816f10e35ad5a04ed4bb73144ea00a855c2fa02ff4,IPS LCD,6.9 inch,720 x 1640,
e385c9c31f4082dcee18b475f19bd9ff9d9fa96bc3c0bb9d03d71bfa6f16664d,LCD,6.9 Inch,720 x 1640 Pixels (~260 PPI),
ea12bfa95f3e8e2ba85296470786db896244ee16705fdeae1f744492b421c1f2,LCD,6.6,1612×720,N/A
ef2dbec968849a898798e4ac20e768adfcd4622c5a16bca73eb730c57af6410d,LCD,6.75 Inch,900 x 1940,
cc74eb9f1eb1ec21b4165119553ca24771d31db22ae2342312a13961ad45619d,LCD,6.75 Inch,900 x 1940 Pixels (~317 PPI),
71e739cf0401a712ef0e46700eaa7d57663c73a8d6dc57efb9e09e06337ac101,LCD,6.75 Inch,"900 x 1940 pixels, 19.5:9 ratio (~317 ppi density)",
