record_key,data_snapshot,name,url,sound_loudspeaker,sound_cable_jack,colors_json,weight,price_json,source_file,file_sha256,completeness_score
12245ec3ff125e14933c130dda863ef2622742ee18dc5c46dba7eb5ca136a75c,2026-08-15T13:06:25+00:00,Vivo Y04 - 6.74'' Dispaly 6GB RAM 128GB ROM 5500mAh Battery PTA Approved 1 Year Official Brand Warranty,https://www.daraz.pk/products/04-674-6-128-5500-1-i945028157.html,,false,[],Weight Unknown,[49999.0],daraz.pk/daraz__04-674-6-128-5500-1-i945028157.html.json,f96026e77b4805fa62b38bdccd32d92fa95ed721c747384c31c09707fbdb8c42,0.41667
fa945e21bfef7d74e6eb9d7f868eb448293690ebca02c4d7182dcfcefc725ac7,2026-08-15T14:00:44+00:00,Carrefour Samsung Galaxy A05 Smartphone 128GB ROM 4GB RAM Black (281113),https://www.daraz.pk/products/05-128gb-4gb-281113-i933093946.html,,false,[],Weight Unknown,[30500.0],daraz.pk/daraz__05-128gb-4gb-281113-i933093946.html.json,4e49495dfe3047cb3028874b9526167df0a4ced04d25501b2010e12b0ae023b3,0.16667
02fb3369208895cb4e7cadb786f3450b752a8b75ad92d7ddbca28043e7d140fb,2026-08-15T13:18:40+00:00,Carrefour Samsung Galaxy A05 Smartphone 128GB ROM 4GB RAM Light Green (281115),https://www.daraz.pk/products/05-128gb-4gb-281115-i933104245.html,,false,[],Weight Unknown,[30847.0],daraz.pk/daraz__05-128gb-4gb-281115-i933104245.html.json,999e6383650dc33ca2977b324785372b174ac959e3db3ca65b7eb405930aa9a1,0.16667
93473da6449dbb2bc25fe4b2cd37c962fc2236695528fa9227aa6b609215114c,2026-08-15T11:22:14+00:00,"Samsung Galaxy A07 With 25W Charger – 4GB RAM + 128GB Storage | 50MP Dual Camera | 6.7” 90Hz Display | Helio G99 (6nm) | 5000mAh Battery 25W Fast Charging | Android 15 (OneUI 7, 6 Years Updates)",https://www.daraz.pk/products/07-25-4-128-50-67-90hz-99-6-5000mah-25w-15-7-6-i930311232.html,,false,"[""Black"",""Light Violet"",""Dark Green""]",Weight Unknown,[54999.0],daraz.pk/daraz__07-25-4-128-50-67-90hz-99-6-5000mah-25w-15-7-6-i930311232.html.json,cc0d8e41e30bc0aed4e4072c36c457b5fd9d2b66d1baa212426cc2ebe78ac2c9,0.70833
a8d746b85f76518c05332323deb646919fb02d0e40a4575401029368496c5c69,2026-08-15T10:40:30+00:00,"Samsung Galaxy A07 With 25W Charger – 4GB RAM + 64GB Storage | 50MP Dual Camera | 6.7” 90Hz Display | Helio G99 (6nm) | 5000mAh Battery 25W Fast Charging | Android 15 (OneUI 7, 6 Years Updates)",https://www.daraz.pk/products/07-25-4-64-50-67-90hz-99-6-5000mah-25w-15-7-6-i930094495.html,,false,"[""Black"",""Light Violet"",""Dark Green""]",Weight Unknown,[39999.0],daraz.pk/daraz__07-25-4-64-50-67-90hz-99-6-5000mah-25w-15-7-6-i930094495.html.json,2ee89a2ce147d6a908b8a9a8f91f42268fd31c376bb10c0087da9cd0257fc5fa,0.70833
e120c525f2ffd051d6f85a97871b8ef0b839b1a2cd97fec9a420c1f0c5ea7b74,2026-08-15T11:15:45+00:00,"Samsung Galaxy A07 With 25W Charger – 6GB RAM + 128GB Storage | 50MP Dual Camera | 6.7” 90Hz Display | Helio G99 (6nm) | 5000mAh Battery 25W Fast Charging | Android 15 (OneUI 7, 6 Years Updates)",https://www.daraz.pk/products/07-25-6-128-50-67-90hz-99-6-5000mah-25w-15-7-6-i930103454.html,,false,"[""Black"",""Light Violet"",""Dark Green""]",Weight Unknown,[65999.0],daraz.pk/daraz__07-25-6-128-50-67-90hz-99-6-5000mah-25w-15-7-6-i930103454.html.json,3691db08fcf313bb3e6aae1107c12321313b1cf8ff3dc29d8c7aba498cfe0e94,0.70833
d8070c799e8da81efc896fc0ac3d8f495d6ecaf59784f800e41a3c4cf147cd80,2026-08-15T11:22:04+00:00,Samsung Galaxy A07 || 4GB Ram 128GB Rom || 5000mAh Battery,https://www.daraz.pk/products/07-4-128-5000mah-i934316674.html,,false,[],Weight Unknown,[48999.0],daraz.pk/daraz__07-4-128-5000mah-i934316674.html.json,55b2b63b1a7b6216cf68b03ae10f16f315271218283358b57069c2e0ba2ed0d8,0.41667
d87346c9910c3a1e38ff554631a9b50c0a0cb4d39dd0b49b7f99252fafd0f5e0,2026-08-15T10:10:34+00:00,Samsung Galaxy A07 4GB RAM 64GB/4GB RAM128GB ROM 5000 mAh Battery 50 MP + 2 MP Back Camera ONE YEAR BRAND WARRANTY,https://www.daraz.pk/products/07-4-64-128-5000-50-2-i924652536.html,,false,[],Weight Unknown,[50000.0],daraz.pk/daraz__07-4-64-128-5000-50-2-i924652536.html.json,f393ce9dc4c01eeba79d45a7d772a725af5ff2624c17a49e9885a4556817fe47,0.45833
079635940ae284077e0cf48c452990ca5e585634125d8ca0d4f9b85d06bbc6c2,2026-08-15T11:02:54+00:00,Samsung Galaxy A07 4GB RAM + 64GB Storage | 50MP Dual Camera | 6.7” 90Hz Display | Helio G99,https://www.daraz.pk/products/07-4-64-50-67-90hz-99-i914995982.html,,false,"[""Black"",""Light Violet"",""Dark Green""]",Weight Unknown,[44999.0],daraz.pk/daraz__07-4-64-50-67-90hz-99-i914995982.html.json,756be15918a58ea8e40dadb3bbc69df5e1ce01fa32941ad75dfd48e9fcaaf639,0.66667
27b0b0848dd5cc6110ac8795427d28649b046f44197a158447990617cc931e74,2026-08-15T10:51:41+00:00,Samsung Galaxy A07 4/128 | 50MP Dual Camera | 6.7” 90Hz Display | Helio G99 (6nm) | 5000mAh Battery 25W Fast Charging,https://www.daraz.pk/products/07-4128-50-67-90hz-99-6-5000mah-25w-i915057354.html,,false,"[""Black"",""Light Violet"",""Dark Green""]",Weight Unknown,[49999.0],daraz.pk/daraz__07-4128-50-67-90hz-99-6-5000mah-25w-i915057354.html.json,b4dcec2a94c721f54e4b3ed3277ead81e747b89663b528b184848407c4b5b72a,0.66667
27961ee15b409a1ad4e1beabaf15cddb35355cc06baa6ae6184330e9680ac1bd,2026-08-15T13:06:03+00:00,Carrefour Samsung Galaxy A07 4+64GB Violet-303658,https://www.daraz.pk/products/07-464-303658-i1960471759.html,,false,[],Weight Unknown,[37500.0],daraz.pk/daraz__07-464-303658-i1960471759.html.json,9f1e67b971cbd2222450ce3fc9acdba2fc52068cf4f0ca38a9cfe1b58c549e99,0.12500
0d16d792c2eb6556680ea131aff4176cd5dce57ebc18c2d0634b593a366c7101,2026-08-15T10:55:14+00:00,"Samsung Galaxy A07, 6GB RAM + 128GB Storage | 50MP Dual Camera | 6.7” 90Hz Display | Helio G99 (6nm) | 5000mAh Battery 25W Fast Charging",https://www.daraz.pk/products/07-6-128-50-67-90hz-99-6-5000mah-25w-i915045726.html,,false,"[""Black"",""Light Violet"",""Dark Green""]",Weight Unknown,[65999.0],daraz.pk/daraz__07-6-128-50-67-90hz-99-6-5000mah-25w-i915045726.html.json,01d8c00a8204c7b4c2041ffe3defd24012906adfba2a3197d38908a05d50fe4e,0.66667
e36674d41554823d6b335865a4582d1c81d3c697e4589c82a81eb677c405e8d6,2026-08-15T10:57:35+00:00,Samsung Galaxy A07 6GB RAM 128 ROM 5000 mAh Battery 50 MP + 2 MP Back Camera ONE YEAR BRAND WARRANTY,https://www.daraz.pk/products/07-6-128-5000-50-2-i924642926.html,,false,[],Weight Unknown,[60000.0],daraz.pk/daraz__07-6-128-5000-50-2-i924642926.html.json,8d15398aa2a2ce50b98ecde3e61c0e75d33247bf053be25ad90600ddd57d277e,0.45833
003fc726d90bbe05591189374107c285a6b6abdc7d5c3c0d2b6c9f764b3ca4a7,2026-08-15T11:40:37+00:00,Samsung Galaxy A07 || 6GB Ram 128GB Rom || 5000mAh Battery,https://www.daraz.pk/products/07-6-128-5000mah-i934314759.html,,false,[],Weight Unknown,[57499.0],daraz.pk/daraz__07-6-128-5000mah-i934314759.html.json,59b2bc75b1729bb94c8c2143ad3cd765ebd92db0a5d985bb9ede67af075c1d15,0.41667
085987072084ed4fa2b04b9c4ff4a755b9d5e7825e61377794ec9ebb25acbc51,2026-08-15T14:57:58+00:00,Carrefour Samsung Galaxy A07 6+128GB Green-303663,https://www.daraz.pk/products/07-6128-303663-i1961146747.html,,false,[],Weight Unknown,[52500.0],daraz.pk/daraz__07-6128-303663-i1961146747.html.json,fb19be159206fcc6e74c9427508f7fdb81d0b8dcfce341a0fd54d6bdc6e1b44d,0.12500
effb616818568f30cb03e7850908082cc8a366c70f1e0b7fad8d5c6683b09843,2026-08-15T13:49:33+00:00,Carrefour Samsung Galaxy A07 6+128GB Black-303666,https://www.daraz.pk/products/07-6128-303666-i1960461803.html,,false,[],Weight Unknown,[52500.0],daraz.pk/daraz__07-6128-303666-i1960461803.html.json,42fbc82c3b06b2094cd248f62daba55d9fff52018840d8fdff21a70223805632,0.12500
11c2fbbf51b2d92d80106ab99e0298c98bd1e06fa2bd89cae7705bf463506cbe,2026-08-15T10:07:04+00:00,Samsung Galaxy A07 - 6.7'' Display 4GB RAM 128GB ROM 50MP Rear Camera 25w FastCharge 5000mAh Battery PTA Approved 1 Year Official Brand Warranty,https://www.daraz.pk/products/07-67-4-128-50-25-5000-1-i924764315.html,,false,[],Weight Unknown,[48999.0],daraz.pk/daraz__07-67-4-128-50-25-5000-1-i924764315.html.json,3885d4d13f59c877ffb0702a8375ad8e583987fc8dae5bce5d7dfbd06dd34313,0.41667
008638a16acde394bd7ad708844718d3f3ad4f177a33a205f9e7787f6a7cc11a,2026-08-15T10:38:09+00:00,Samsung Galaxy A07 - 6.7'' Display 4GB RAM 64GB/128GB ROM 50MP Rear Camera 25w Fast Charge 5000mAh Battery PTA Approved 1 Year Official Brand Warranty,https://www.daraz.pk/products/07-67-4-64-128-50-25-5000-1-i924768099.html,,false,[],Weight Unknown,[44999.0],daraz.pk/daraz__07-67-4-64-128-50-25-5000-1-i924768099.html.json,b1771765559f096f0320cfb55de7fdac6fa7f0d8219bfc77188aad4e0f70f3d9,0.41667
c766afc3cb782da099a407da975db11e86e1ef8f3db57f4ae1df4b91d951ef0e,2026-08-15T10:27:11+00:00,Samsung Galaxy A07 - 6.7'' Display 6GB RAM 128GB ROM 50MP Rear Camera 25w FastCharge 5000mAh Battery PTA Approved 1 Year Official Brand Warranty,https://www.daraz.pk/products/07-67-6-128-50-25-5000-1-i924754552.html,,false,[],Weight Unknown,[54980.0],daraz.pk/daraz__07-67-6-128-50-25-5000-1-i924754552.html.json,12d578a9f5122c433bc7ef77a724daf9822ef6bbaa8173ddc4399b50dfedf253,0.41667
06c6fefbe45ffac08f20de11d8c6316234c2a2f48ed63be25e15b0a41d762128,2026-08-15T11:29:10+00:00,Samsung A07 - 6.7 Inches Display - 6GB RAM 128GB ROM - 8MP Front Camera - 50MP+2MP Rear Camera - Mediatek Helio G99 Chipset - Dual SIM - 5000mAh Battery,https://www.daraz.pk/products/07-67-6-128-8-50-2-99-5000-i926730374.html,,true,[],Weight Unknown,[53000.0],daraz.pk/daraz__07-67-6-128-8-50-2-99-5000-i926730374.html.json,113b2f82b900a8d72bca4856993772b2b285b2b3d772020b145886a23a67a208,0.58333
870e1bd940a633e0b13252e38bb2a8340eccbc4b7373ab5c527166b447147df7,2026-08-15T12:10:11+00:00,"Nokia 108(2024) 2.0"" Display 1000mAh Battery Porperiety OS PTA Approved officail 1 Year Brand Warranty",https://www.daraz.pk/products/1-108-2024-mah-os-pta-1-i798941626.html,,false,[],Weight Unknown,[4999.0],daraz.pk/daraz__1-108-2024-mah-os-pta-1-i798941626.html.json,f58897ddf935de896f10ec7ead7bdfcac091a6d67d23aaf6613b03cd2b77afdd,0.20833
9c9506847e2b0e868a3a9398b492924dc25e1c4660322b45ecefd011d2a99c5b,2026-08-15T10:10:14+00:00,Sony Xperia 1 Mark 3 - RAM 12GB - ROM 256GB - 4500mAh Battery - 6.5 Inch Display - Dust & Water Resistant - Official PTA Approved - Original Japanese Variant,https://www.daraz.pk/products/1-3-12-256-4500-65-i927059485.html,,false,[],Weight Unknown,[95600.0],daraz.pk/daraz__1-3-12-256-4500-65-i927059485.html.json,768f8c2da2291b849578fb98eaf41d4f0efd1506ae3f29b95144a85640f99f16,0.33333
1cca672094caecd93d9a36d836263c100fe076c662ecc77a6a3570e33b0357d4,2026-08-15T09:14:47+00:00,Sony Xperia 1 Mark 3 - RAM 12GB - ROM 256GB - 4500mAh Battery - 6.5 Inch Display - Dust & Water Resistant - Official PTA Approved,https://www.daraz.pk/products/1-3-12gb-256gb-4500mah-65-pta-i217238781.html,,false,[],Weight Unknown,[85900.0],daraz.pk/daraz__1-3-12gb-256gb-4500mah-65-pta-i217238781.html.json,6acd25d9c4967bc436d60ae53a13b6ec02a77d0f435ab73b8dbbde4b0b340ca5,0.37500
365b20895ae8439c657a7491a9f961abeed7a3606f9fc23ee7918a28edcf4740,2026-08-15T10:50:08+00:00,Sony Xperia 1 Mark 4 - RAM 12GB - ROM 256GB - 5000mAh Battery - Dual SIM - Dust & Water Resistant - Official PTA Approved - Original Japanese Variant,https://www.daraz.pk/products/1-4-12-256-5000-i927807997.html,,false,[],Weight Unknown,[165000.0],daraz.pk/daraz__1-4-12-256-5000-i927807997.html.json,851924472810a22b0435f2c5275674d70f007f2dcf87eb9a7e5ed63516a7487f,0.29167
82df6c8185de881525797613f2913d6eced58e9b4c3ccce2d47792c1a8240834,2026-08-15T14:26:48+00:00,Carrefour Tecno Mobile Spark GO1 4 GB RAM 64 GB ROM Black (289118),https://www.daraz.pk/products/1-4-64-289118-i933092983.html,,false,[],Weight Unknown,[24499.0],daraz.pk/daraz__1-4-64-289118-i933092983.html.json,8b3ba4897c6f67db095a29520b16772cef88f7501478bcc988392128e9b46369,0.16667
c401dcc4d573049ea5cfff5f6e0c710e7b74fc196c9a35f08328cac60aee9476,2026-08-15T12:59:26+00:00,TECNO SPARK GO 1 = 4GB RAM = 128GB ROM = 5000mAh BATTERY,https://www.daraz.pk/products/1-4gb-128gb-5000mah-i615803734.html,,false,[],Weight Unknown,[27999.0],daraz.pk/daraz__1-4gb-128gb-5000mah-i615803734.html.json,94d6fa2e6024331887c0c8fbd129c3ce697e554aed109fece006de7a9376999b,0.62500
c896fc2c1401f7481d245d5c9781af5ac5ebf0ae0c433b416b25f84b918142f4,2026-08-15T12:55:09+00:00,TECNO SPARK GO 1 = 4GB RAM =128GB ROM = 5000mAh BATTERY,https://www.daraz.pk/products/1-4gb-128gb-5000mah-i616358206.html,,false,[],Weight Unknown,[28499.0],daraz.pk/daraz__1-4gb-128gb-5000mah-i616358206.html.json,fe90f1f8bedfa459c425e004f1228e247ab58b336a7de97519f670c3348da519,0.62500
47de4f4695219eb6f7a6ac5f4275b36d9257633f2f12c0b52c7334eed7eb5dcd,2026-08-15T12:39:09+00:00,TECNO SPARK Go 1 4GB RAM 128GB ROOM Battery Capacity 🔋5000mAh PTA APPROVED,https://www.daraz.pk/products/1-4gb-128gb-5000mah-pta-i626412324.html,,false,[],Weight Unknown,[27500.0],daraz.pk/daraz__1-4gb-128gb-5000mah-pta-i626412324.html.json,6912d02fad2476bb2e1c4e86d2590ddf44ad439fb3d398167ea652930e714be8,0.37500
4bcb73e95285cdeeb8faed77b01e96907f88087b8585ae7f8a9ac2252fb77961,2026-08-15T09:34:14+00:00,"Tecno spark go 1 4GB + 4GB Extended Ram 128GB Rom , 6.67"" Smooth 120Hz Display , 5000 mAh - Fast charging 15W",https://www.daraz.pk/products/1-4gb-4gb-128gb-667-hz-120-mah-15-i615865481.html,,false,[],Weight Unknown,[45999.0],daraz.pk/daraz__1-4gb-4gb-128gb-667-hz-120-mah-15-i615865481.html.json,bfa67384e1a3b2c5a22775a23289b75447d9182d689ea0f196e2f86278abd7f3,0.37500
8625461d44ca6c87b14191fb090500c88c10a30dd5c2f854ffdc5ab3366d8ef0,2026-08-15T09:13:57+00:00,"Tecno spark go 1 4GB + 4GB Extended Ram 64GB Rom , 6.67"" Smooth 120Hz Display , 5000 mAh - Fast charging 15W",https://www.daraz.pk/products/1-4gb-4gb-64gb-667-120hz-5000-mah-15-i595493546.html,,false,[],Weight Unknown,[41999.0],daraz.pk/daraz__1-4gb-4gb-64gb-667-120hz-5000-mah-15-i595493546.html.json,36b623c52297b26b6339d74a9b9b69e8e3602b3652845006cc966bb686d7e505,0.37500
bb797ac3c5bc6bc985e53e705243e205bbca074ed3f5b3d8203c7d2f7890d984,2026-08-15T13:00:17+00:00,TECNO SPARK GO 1 = 4GB RAM = 64GB ROM = 5000mAh BATTERY,https://www.daraz.pk/products/1-4gb-64gb-5000mah-i598931677.html,,false,[],Weight Unknown,[24999.0],daraz.pk/daraz__1-4gb-64gb-5000mah-i598931677.html.json,8db67f4799dd8e09ae1861d43fda74a607ecaed8f30b432ec647e370e978c387,0.62500
a1b33f03b5206067b596bb1a302b5f27b00c7e3d980dbfc22f78b1f901768d7e,2026-08-15T13:55:01+00:00,1+ c to c pd 100% China original,https://www.daraz.pk/products/1-c-to-c-pd100-china-original-i1960777204.html,,false,[],Weight Unknown,[1450.0],daraz.pk/daraz__1-c-to-c-pd100-china-original-i1960777204.html.json,263a98b55deffd2510a2b62575cc7e36a94925e4164a4167d5a17e1e2ad973c5,0.12500
96f6d03622809415f0899af4dbd947e7f51153fed784c8e4e4a8d8e7c4223980,2026-08-15T12:16:36+00:00,TECNO SPARK Go 1 📲64GB ROM+8GB RAM*(4GB+4GB Extended) Battery Capacity 🔋5000mAh || PTA APPROVED,https://www.daraz.pk/products/1-i595374973.html,,false,[],Weight Unknown,[25999.0],daraz.pk/daraz__1-i595374973.html.json,fe62dcc636652ba439ea881c6ee79eae174beed5afa5bee99165858c06fde66b,0.37500
6aa894394dc66b21bd2f80cb827d8ed073c28b76da09a976dc498b5fcb3c5fb5,2026-08-15T13:31:26+00:00,1 Piece Melamine Cruise Raita Bowl - Serving Bowl - Melamine Material - White & Black,https://www.daraz.pk/products/1-piece-melamine-cruise-raita-bowl-serving-bowl-melamine-material-white-black-i1960765376.html,,false,[],Weight Unknown,[1885.0],daraz.pk/daraz__1-piece-melamine-cruise-raita-bowl-serving-bowl-melamine-material-white-black-i1960765376.html.json,581d0b3c764a836a592d618bbdfedae44b38eb57be21e1721d0d0d4e404794c0,0.12500
90a2b05793725d975862d45232feab7361f896c66e1c044f25dcbf050a7cae32,2026-08-15T14:47:09+00:00,"SEGO Mate 10 Tablet | 10.1"" HD+ Display | Octa-Core Processor | 13MP Rear Camera | 8MP Front Camera | 6000mAh Battery | Type-C Charging | 128GB Storage | 16GB RAM (8GB + 8GB Extended) | Android 15 | Wi-Fi + 4G LTE",https://www.daraz.pk/products/10-100-hd-lacta-13mp-raw-8mp-law2-000mah-c-20-gb-ace-16gb-8gb-8gb-15-ace-wifi-4g-lte-i1965914939.html,,false,[],Weight Unknown,[49999.0],daraz.pk/daraz__10-100-hd-lacta-13mp-raw-8mp-law2-000mah-c-20-gb-ace-16gb-8gb-8gb-15-ace-wifi-4g-lte-i1965914939.html.json,82d87ff48af88fe9ca477f4b28760eb097e47e9293787e843882aeea8b463e88,0.33333
05571d6a6ca8f72c52c10f2dba8c2528238b314464d026ad8805b1fe2f157302,2026-08-15T12:16:07+00:00,VGOTEL NEW 10 = 2GB RAM = 32GB ROM = 4000mAh BATTERY,https://www.daraz.pk/products/10-2gb-32gb-4000mah-i479051917.html,,false,[],Weight Unknown,[13999.0],daraz.pk/daraz__10-2gb-32gb-4000mah-i479051917.html.json,c0fdbccb66ebc641eda8e9ff712e2f6673c781e340258281082ae4cd350e5476,0.29167
0846c9b8ff1289b7a997884e4f92245764a7fcff77bb5258c457841bb090ed8a,2026-08-15T14:05:15+00:00,VGOTEL NEW 10 = 2GB RAM = 32GB ROM = 4000mAh BATTERY,https://www.daraz.pk/products/10-2gb-32gb-4000mah-i752139414.html,,false,[],Weight Unknown,[14999.0],daraz.pk/daraz__10-2gb-32gb-4000mah-i752139414.html.json,117ad08f361ffc19d803f68a258b69bb3fa46cc42bb3f01f6bdf18795a19bfc7,0.58333
29661afc44dae854041215c7f08e23e403ef758c45e97d04ef8be3f844ef2002,2026-08-15T14:17:37+00:00,"Infinix Smart 10 HD | 4 GB RAM (2GB+2GB) + 64GB ROM | 5000mAh Li-Po Battery | Android 14 - 6.6"" HD+ IPS LCD, 90Hz Refresh Rate | Unisoc T606 Smartphone | Official PTA Approved.",https://www.daraz.pk/products/10-4-2-2-64-5000mah-14-66-90-606-i938364752.html,,false,"[""Sleek Black"",""Titanium Grey"",""Jelly Green"",""Twilight Gold""]",Weight Unknown,[34999.0],daraz.pk/daraz__10-4-2-2-64-5000mah-14-66-90-606-i938364752.html.json,fdcd286a4a3baed379c9d8d61a32864014d1ea20fb732bb6d9942453a394db35,0.70833
fa72d012d9828606a2e8298d85746cad8c5394366efe221838770d64b47c1984,2026-08-15T10:30:05+00:00,Sego Smart 10 - 4GB RAM 64GB ROM 6.6'' HD+ Display 5000mAh Battery PTA Approved 1 Year Official Brand Warranty,https://www.daraz.pk/products/10-4-64-66-5000-1-i1954252392.html,,false,[],Weight Unknown,[27999.0],daraz.pk/daraz__10-4-64-66-5000-1-i1954252392.html.json,e2192fd68917c30fa0474ba6b0d2061fe81dea0931514056bf52831f6be34599,0.33333
fd6289945b2ec5e47ba7b790937b7f6555436b8d138eb9368808b386ba391f42,2026-08-15T09:55:42+00:00,"Itel VistaTab 10 mini 4G 3+5GB Extended Ram 64GB Rom , 8"" High-Brightness Display 620Hz , 5100 mAh Battery",https://www.daraz.pk/products/10-4g-3-5gb-64gb-8-620hz-5100-mah-i615827592.html,,false,[],Weight Unknown,[34999.0],daraz.pk/daraz__10-4g-3-5gb-64gb-8-620hz-5100-mah-i615827592.html.json,3b0af33a4b84342c97cc0491bf2ff8baf2feddce0ca1182800f92f7b6afa3677,0.37500
2687a30973582c818c5820607998d2368bf49028ae889d138f8092d7d6773098,2026-08-15T14:47:01+00:00,INFINIX SMART 10 PLUS = 4GB RAM = 128GB ROM = 6000mAh BATTERY,https://www.daraz.pk/products/10-4gb-128gb-6000mah-i907252664.html,,false,[],Weight Unknown,[36999.0],daraz.pk/daraz__10-4gb-128gb-6000mah-i907252664.html.json,dea19e882956e490e6f2b834c0820efb9f9941de4d38d25049d04403b894e4b8,0.62500
6ad5b8fd3493d5c0d37d86cbf6505d7052e5793b4c86a832d9a67599b2529d09,2026-08-15T14:40:47+00:00,INFINIX SMART 10 PLUS = 4GB RAM = 128GB ROM = 6000mAh BATTERY,https://www.daraz.pk/products/10-4gb-128gb-6000mah-i908194195.html,,false,[],Weight Unknown,[36999.0],daraz.pk/daraz__10-4gb-128gb-6000mah-i908194195.html.json,dea19e882956e490e6f2b834c0820efb9f9941de4d38d25049d04403b894e4b8,0.62500
b4b26ea4ffbc6171a8213978ff5edbff3d03e04dd521f3a188efd833a771adc2,2026-08-15T10:26:52+00:00,"Infinix Smart 10 Plus 4GB + 4GB Extended RAM 128GB Rom , 6.67"" IPS Display 120Hz , 5000 mAh - Battery 18W Fast charging",https://www.daraz.pk/products/10-4gb-4gb-128gb-ips-667-hz-120-mah-18-i896971840.html,,false,[],Weight Unknown,[44999.0],daraz.pk/daraz__10-4gb-4gb-128gb-ips-667-hz-120-mah-18-i896971840.html.json,d0ec4762a59f736beb72de45de8f29237aef5d6fb4e5685e7457bcd1c05b2e19,0.41667
bc31032df250dc61f0b0aa3f909ce8e02822cc882602d105cb6f1d8bf7bf3fc1,2026-08-15T10:51:55+00:00,"Infinix Smart 10 4GB Ram 64GB Rom , 120Hz 6.67"" Ultra-Smooth Display , 5000 mAh - Battery charging 10W",https://www.daraz.pk/products/10-4gb-64gb-120hz-667-mah-10w-i890975419.html,,false,[],Weight Unknown,[41999.0],daraz.pk/daraz__10-4gb-64gb-120hz-667-mah-10w-i890975419.html.json,522fa20cf0cf10826540743cbc4646540b17e11f79f34dde3e0a9e270ff3e1d3,0.41667
c9427ae57036956c5e66c5e8d63189f395d8c001b3f1db53e52b584815bde27c,2026-08-15T10:55:42+00:00,Sego Smart 10 4GB RAM 64GB ROM 13MP Back Camera 5000 mAh Battery 1 Year SEGO PK Warranty,https://www.daraz.pk/products/10-4gb-64gb-13mp-5000-mah-1-pk-i924581495.html,,false,[],Weight Unknown,[30000.0],daraz.pk/daraz__10-4gb-64gb-13mp-5000-mah-1-pk-i924581495.html.json,b29671870f571841bdd0891d3606fea07fe6bfc459436ad239b8092eff0458c6,0.25000
2168d54f35a2992bd71bba90aeb4a19c8913bf4a9cada019effe02da5bfe0e17,2026-08-15T13:05:11+00:00,"Infinix Smart 10 – 4GB RAM 64GB ROM – 5000mAh Battery – 6.6"" HD+ Display – Dual AI Camera – PTA Approved – Official Warranty",https://www.daraz.pk/products/10-4gb-64gb-5000mah-hd-ai-pta-i889096548.html,,false,[],Weight Unknown,[46000.0],daraz.pk/daraz__10-4gb-64gb-5000mah-hd-ai-pta-i889096548.html.json,899f1244362917ca7cd2892c1d7bfc8ac8143db35ae50105a4580f6ed5e17f04,0.66667
92d72d5607c130eede7e6e8dc375250920c88f550a96dc59c7cdefb40c7d14c5,2026-08-15T14:49:16+00:00,INFINIX SMART 10 = 4GB RAM = 64GB ROM = 5000mAh BATTERY,https://www.daraz.pk/products/10-4gb-64gb-5000mah-i891460771.html,,false,[],Weight Unknown,[32999.0],daraz.pk/daraz__10-4gb-64gb-5000mah-i891460771.html.json,637b990b6f4b6e3b6f0ecffcfb3de62443f026030c25ce75d4ad4f898fed0809,0.62500
1f9c0d824025ef4694cf5a6640267e6645fd941f054484682b2ca6e862944b22,2026-08-15T14:33:21+00:00,INFINIX SMART 10 = 4GB RAM = 64GB ROM = 5000mAh BATTERY,https://www.daraz.pk/products/10-4gb-64gb-5000mah-i891540030.html,,false,[],Weight Unknown,[32999.0],daraz.pk/daraz__10-4gb-64gb-5000mah-i891540030.html.json,637b990b6f4b6e3b6f0ecffcfb3de62443f026030c25ce75d4ad4f898fed0809,0.62500
dcabbc50f85a8e36e51f61ba47cdd866f377ade70da015fa55a2ac2db98488bf,2026-08-15T13:12:00+00:00,Infinix Smart 10 Plus - 4GB RAM | 128GB Storage | 6.67” 120Hz IPS Display | Massive 6000mAh Battery,https://www.daraz.pk/products/10-4gb-a2-000-gb-128-hz-ips-667-mah-i896614082.html,,false,[],Weight Unknown,[44999.0],daraz.pk/daraz__10-4gb-a2-000-gb-128-hz-ips-667-mah-i896614082.html.json,c22bb48110a431f7fb5ceab878d372182019edaa7df2348d74f2239e9d8d4c41,0.37500
dd985c545729b1760c16c82e0dff3d60c616483e8ee17b0d40b2ba04ebd3f808,2026-08-15T13:08:15+00:00,TECNO SPARK 10 PRO = 8GB RAM 256GB ROM = 5000 mAh BATTERY,https://www.daraz.pk/products/10-8gb-256gb-5000mah-i437931766.html,,false,[],Weight Unknown,[35999.0],daraz.pk/daraz__10-8gb-256gb-5000mah-i437931766.html.json,a09ebee38d10151b7f6a1735b23486bfb569eabdafa86939a5c94113368c4c00,0.58333
daac54c1e4f40a96f2c95bd004e62fc491191aa495b706395583a64a07415ead,2026-08-15T14:45:00+00:00,"SEGO Smart 10 Limited Edition Smartphone | 6.6"" HD+ Waterdrop Display | 1.6GHz Octa-Core Processor | 13MP + Dual Rear Camera | 13MP Selfie Camera | 5000mAh Battery | 64GB Storage | 12GB RAM (4GB + 8GB Extended) | Android 14 | Dual SIM | 4G LTE",https://www.daraz.pk/products/10-hd-100-ghz-13mp-13-20-000mah-64gb-12gb-4gb-8gb-14-wanch-4g-i1965884098.html,,false,[],Weight Unknown,[27999.0],daraz.pk/daraz__10-hd-100-ghz-13mp-13-20-000mah-64gb-12gb-4gb-8gb-14-wanch-4g-i1965884098.html.json,820251d15029855cc970435e831642e48bdff21b3286df0aea3509c1803b7f89,0.33333
b9313df55773cceb29840e9e174e0c05c530e0998ea4ff3f2b0ebed7913c150b,2026-08-15T14:48:27+00:00,INFINIX SMART 10 HD = 2GB RAM = 64GB ROM = 5000mAh BATTERY,https://www.daraz.pk/products/10-hd-2gb-64gb-5000mah-i938154213.html,,false,[],Weight Unknown,[23299.0],daraz.pk/daraz__10-hd-2gb-64gb-5000mah-i938154213.html.json,fef38346e937e7c7ecefb34b0854c410696b077eb49ae1f7594df22ffaaf7f9c,0.37500
9a49b7596bbd6094dc5dfafbdc16aa50ec5736b6a776383251d2a54e0159b986,2026-08-15T14:46:18+00:00,INFINIX SMART 10 HD = 2GB RAM = 64GB ROM = 5000mAh BATTERY,https://www.daraz.pk/products/10-hd-2gb-64gb-5000mah-i938326940.html,,false,[],Weight Unknown,[25999.0],daraz.pk/daraz__10-hd-2gb-64gb-5000mah-i938326940.html.json,06980c92e4b39ceca71ea8ee2b31c779ef3f76e07a8e5f20e36865448f31c0b0,0.37500
b78c9fffd6ce2e709a98bcc159814811582c44510b41665db1d0a9a1b0cbb126,2026-08-15T09:33:17+00:00,OnePlus 10 Pro Dual Sim Official PTA Approved (DUTY PAID) 12GB Ram 256/512 GB Rom,https://www.daraz.pk/products/10-pta-12-gb-256512-gb-i452359060.html,,false,[],Weight Unknown,[202000.0],daraz.pk/daraz__10-pta-12-gb-256512-gb-i452359060.html.json,d6d6859c399df3626a5cc8369fd098877e5b7e0177410338eec1106489a258ab,0.16667
fba4f451aab5773a8e64343510a610aaa2196f54c3dd5b7da6db4787af6225a9,2026-08-15T14:59:15+00:00,itel A100 – 128GB Storage | Up to 12GB* RAM | 6.75″ 90Hz Display | 5000mAh Battery | Android 15,https://www.daraz.pk/products/100-128-12-675-90hz-5000mah-15-i922344996.html,,false,[],Weight Unknown,[34999.0],daraz.pk/daraz__100-128-12-675-90hz-5000mah-15-i922344996.html.json,a5651276e4352616aa7391d35fd7b71e7bfa5115f7f350a9cedec3ee03c52171,0.29167
1dcdd8319b3899bec27a113818f3b60bfc051e4b940121b6b62a3529a31bb28e,2026-08-15T13:20:01+00:00,Carrefour Vivo Y100 Smartphone 256GB ROM 8GB RAM Breeze Green (284334),https://www.daraz.pk/products/100-256gb-8gb-284334-i933100468.html,,false,[],Weight Unknown,[63499.0],daraz.pk/daraz__100-256gb-8gb-284334-i933100468.html.json,f3ddcde7519fed0907a9d8e8f27957883d0f9cb79eca65008f584978395b409c,0.16667
555f3376ec80d142601c8d1923e8c72c87cf700b388e6a2980d66386c4f6ffcb,2026-08-15T11:37:02+00:00,ITEL A100C SPECIAL EDITION = 3GB RAM = 128GB ROM = 5000mAh BATTERY,https://www.daraz.pk/products/100-3-128-5000-i1968646146.html,,false,[],Weight Unknown,[34999.0],daraz.pk/daraz__100-3-128-5000-i1968646146.html.json,6ed82b124ce22f51852c9a05a0043f69de634e27353accb55e14c8fdbe750a6a,0.29167
b943376d9a5dfe266c3584f7c04084ea20fbbf0aa8f404046b5ae8c8865f519c,2026-08-15T12:55:29+00:00,ITEL CITY 100 = 6GB RAM = 128GB ROM = 5200mAh BATTERY,https://www.daraz.pk/products/100-6gb-128gb-5200mah-i826771548.html,,false,[],Weight Unknown,[31999.0],daraz.pk/daraz__100-6gb-128gb-5200mah-i826771548.html.json,2634a0a8c78d2a16e1dfc29e288f82f378eed6ae551cca330ab5e3698fff173f,0.58333
69451290080c089ccf677b0dd3efde222a15ef2f5cdca4ce71b1288dcff407f8,2026-08-15T12:09:52+00:00,ITEL CITY 100 = 6GB RAM = 128GB ROM = 5200mAh BATTERY,https://www.daraz.pk/products/100-6gb-128gb-5200mah-i827282096.html,,false,[],Weight Unknown,[29999.0],daraz.pk/daraz__100-6gb-128gb-5200mah-i827282096.html.json,965de4659767a284de4a1e4c5dd62d365cb4192c781640ea310a8d6dc6dbaad0,0.58333
941c2bdd3954607a204d0f975fb3b5b3861d87d2a6c64b7b1afc8b1711fe8694,2026-08-15T14:58:20+00:00,"SEGO Hot 100 Smartphone | 6.8"" HD+ 90Hz Waterdrop Display | Up to 1.8GHz Unisoc T7100 Octa-Core Processor | 13MP AI Rear Camera with AI Imaging Engine | 8MP Selfie Camera | 6000mAh Super-Lasting Battery | Type-C Charging | 128GB Storage | 12GB RAM (4GB +",https://www.daraz.pk/products/100-hd-90hz-68-ghz-t7100-lax-13mp-ai-ai-lax-8mp-lafe-18-mah-c-12gb-4gb-i1965888563.html,,false,[],Weight Unknown,[29999.0],daraz.pk/daraz__100-hd-90hz-68-ghz-t7100-lax-13mp-ai-ai-lax-8mp-lafe-18-mah-c-12gb-4gb-i1965888563.html.json,f53193943a425ac4002e65126e55c66e7ed5a49f37f9a286eb8814c19b793120,0.33333
9ec2d4a37cc6d2ca335e15bf9a30b2589b0080a9cedbe320e493e7a2fb1e6894,2026-08-15T14:56:16+00:00,Carrefour MOBILE X1000 MUSIC BARPHONE SPARX-286675,https://www.daraz.pk/products/1000-286675-i1960463746.html,,false,[],Weight Unknown,[3450.0],daraz.pk/daraz__1000-286675-i1960463746.html.json,678687b1b9b1e839dd90f270e92d41d8e12e42f3e9510d2c51e55bf4133c1895,0.12500
af88dc669c8c14858e768014d76357ffd30b42a3e32ae7823e5e3464c8990bfb,2026-08-15T09:42:30+00:00,New Nokia 106 2018 Dual Sim High Quality Keypad 2000 Contact,https://www.daraz.pk/products/106-2018-i380135517.html,,false,[],Weight Unknown,[9998.0],daraz.pk/daraz__106-2018-i380135517.html.json,732e81f0e55d423d88f29538d4006009e4caf8008cf63f712b0aa29595f2addf,0.20833
3741627ce8d40e1de645cec2ccb915e99b8587cdb807d90e7088187e529debf4,2026-08-15T10:14:43+00:00,Redmi 10a New 4Gb Ram 64Gb Rom Only Mobile With Charger Cover Protector And Packaging Box PTA Approved Kit By NADEEM TRADERS,https://www.daraz.pk/products/10a-4gb-64gb-pta-i437919345.html,,false,[],Weight Unknown,[32000.0],daraz.pk/daraz__10a-4gb-64gb-pta-i437919345.html.json,7ae96359bf9f249e1651a37e6ee103edc5c288b5ac7f0d0b160574e200b4c36c,0.25000
945f665889b648b490aa4e1e1e309bced30fe9df6b1b44f246b4c17cf04f1598,2026-08-15T09:45:24+00:00,Redmi 10C || 4GB Ram 64GB Rom || 6.71 Inches IPS Display || 5000 mAh - Fast charging 18W,https://www.daraz.pk/products/10c-4gb-64gb-671-ips-18-i414220089.html,,false,[],Weight Unknown,[44999.0],daraz.pk/daraz__10c-4gb-64gb-671-ips-18-i414220089.html.json,b732e1378ea56c7005e252815ad37d712930ec2ec3c2335d6bf19672e05a5518,0.62500
ca995eaf645fdc6b6098e05d6011f62ce836d1096f3639b74d1b3eeab688b187,2026-08-15T13:54:24+00:00,Carrefour Sparx Ultra 11 Smartphone 128GB ROM 8GB RAM Starlight White (282305),https://www.daraz.pk/products/11-128gb-rom-8gb-ram-282305-i933097822.html,,false,[],Weight Unknown,[30499.0],daraz.pk/daraz__11-128gb-rom-8gb-ram-282305-i933097822.html.json,3e8865e90eeaf3cdd2c377622705fa29f0639dfed5c4a053e9be29a06f2b34f1,0.16667
16e511601646a0ff7b521e02f9926351a41f2738765f9243bd443f502ec3f33b,2026-08-15T12:57:00+00:00,SPARX NEO 11 = 4GB RAM = 128GB ROM = 5000mAh BATTERY,https://www.daraz.pk/products/11-4gb-128gb-5000mah-i748786496.html,,false,[],Weight Unknown,[24199.0],daraz.pk/daraz__11-4gb-128gb-5000mah-i748786496.html.json,2d3292c9ff30ee531cb3d2d17f20e2e3a2c673c33a3ec4e6bab15c2a0435f0bc,0.62500
e46c6035eab5a2340139e6a9c31aef1ce18244818552f6175c53892b8c7df17f,2026-08-15T14:56:46+00:00,Carrefour Oppo Mobile Reno11 5G 12 GB RAM 256 GB ROM Grey (290494),https://www.daraz.pk/products/11-5g-12-256-290494-i933092991.html,,false,[],Weight Unknown,[93499.0],daraz.pk/daraz__11-5g-12-256-290494-i933092991.html.json,13d4bebaf7a01582737d01827cb878bd80ca64a680e88b150f443c427aee9e10,0.16667
c3bc55323baad806e5d1decaae12cf72ff0fa3bdd9d6b7b4f2122039aa1ad058,2026-08-15T09:32:17+00:00,"Nokia 1100 MOBILE PHONE | 1.77"" DISPLAY |",https://www.daraz.pk/products/1100-177-i383997363.html,,false,[],Weight Unknown,[6000.0],daraz.pk/daraz__1100-177-i383997363.html.json,49f673188eb51f3e80abc9e0bf1b2efe67310696d49b8441734bdbb655a7ff86,0.16667
9312c93d8e18119a3b06487325f6c9cdd8bf23f8c3948fb601780977c9cab08d,2026-08-15T13:28:09+00:00,VGOTEL NEW 12 = 2GB RAM = 64GB ROM = 5000mAh BATTERY,https://www.daraz.pk/products/12-2gb-64gb-5000mah-i752145630.html,,false,[],Weight Unknown,[15999.0],daraz.pk/daraz__12-2gb-64gb-5000mah-i752145630.html.json,1de362fee14227252edb6d9adc29570e7a1f83272cff90dd50b60180cff8c589,0.58333
ac39fcaf36808b5c60fdc58af3aec57590af0598f550f35e5bf008eb59502691,2026-08-15T15:01:47+00:00,Carrefour MOBILE NOTE12 4+128 AQUA BLUE SPARX-287851,https://www.daraz.pk/products/12-4128-287851-i1960461807.html,,false,[],Weight Unknown,[28499.0],daraz.pk/daraz__12-4128-287851-i1960461807.html.json,2020107a05d7fc5f164fa13417bde1480d5e293657337e51cadc95ee76f00236,0.12500
7038df85fb1bd1fee5c327f13ce7a0dbfc0553e283e0c24299cc8ce51d642bdf,2026-08-15T14:41:21+00:00,Carrefour MOBILE NOTE12 4+128 LIME GREN SPARX-287852,https://www.daraz.pk/products/12-4128-287852-i1960493716.html,,false,[],Weight Unknown,[28499.0],daraz.pk/daraz__12-4128-287852-i1960493716.html.json,30cd34e7b18d019d8206d21e594643aab6cf972a193ca797027dcd707de2d13e,0.12500
26fc541e9dc40e97e4706efe6e90e3c8f54a06b2b94f5fe17a8328a00ff0fe58,2026-08-15T14:00:20+00:00,Carrefour Oppo Mobile Reno12 F 4G 8 GB RAM 256 GB ROM Grey (288765),https://www.daraz.pk/products/12-4g-8-256-288765-i933092974.html,,false,[],Weight Unknown,[61499.0],daraz.pk/daraz__12-4g-8-256-288765-i933092974.html.json,1b91887ebd57091c58aade4fe2ac3e96985e1b28296b03bafbee1125d1b78553,0.16667
61545498b654a4741f06c864b7191e9ece2f25b531f4d10a1d18dc0a7c2cb490,2026-08-15T13:35:53+00:00,Carrefour OPPO Reno12F 4G 8GB RAM 256GB ROM Green (288763),https://www.daraz.pk/products/12-4g-8gb-256gb-288763-i933103253.html,,false,[],Weight Unknown,[61499.0],daraz.pk/daraz__12-4g-8gb-256gb-288763-i933103253.html.json,2c547b14ca23997ce0155cfc74131d063282350390d6fd6e0180daf664d779df,0.16667
1e84bb8c328d79fda8dd3bfe9c6c53de86f450b560854a734cdec4d035a78e58,2026-08-15T13:37:03+00:00,Carrefour OPPO Reno12F 4G 8GB RAM 256GB ROM Orange (288764),https://www.daraz.pk/products/12-4g-8gb-256gb-288764-i933102249.html,,false,[],Weight Unknown,[61499.0],daraz.pk/daraz__12-4g-8gb-256gb-288764-i933102249.html.json,f750ed69d8fe7f2765ad99009f8ed883ae6ece751f0f6c95e8e65238c7e7f60e,0.16667
14f1b6727fa8b752c2e13dce1ceb54ad0ee0f5f24f3acdcfcbee4959143a0674,2026-08-15T12:11:10+00:00,Realme 12 4G || 8GB Ram 256GB Rom || 5000mAh Battery,https://www.daraz.pk/products/12-4g-wach-8gb-256gb-5000mah-i588822510.html,,false,[],Weight Unknown,[59999.0],daraz.pk/daraz__12-4g-wach-8gb-256gb-5000mah-i588822510.html.json,b373fba1c628613b6bf16c56c26bcb70f3c85461bd52327c2d08e882d42117fa,0.29167
3adbec68f71b3e49929a0e9257c29411ac24cd7a564aa88336fab25f0094beeb,2026-08-15T12:48:04+00:00,SPARX NOTE 12 = 4GB RAM = 128GB ROM = 6000mAh BATTERY,https://www.daraz.pk/products/12-4gb-128gb-6000mah-i573195551.html,,false,[],Weight Unknown,[27999.0],daraz.pk/daraz__12-4gb-128gb-6000mah-i573195551.html.json,257a3a86b372c9e536d4cbb9f6e75c7df1f0a2245919d0b91c210cfe37d771a5,0.62500
0b4d1f5e0bf73af179d01aad7aa7c076bb1f55dfdeb815a85a00244e94b0ae7a,2026-08-15T13:54:32+00:00,Carrefour OPPO Reno12F 5G 12GB RAM 256GB ROM Green (288761),https://www.daraz.pk/products/12-5-12-256-288761-i933105162.html,,false,[],Weight Unknown,[82500.0],daraz.pk/daraz__12-5-12-256-288761-i933105162.html.json,ebec134861aa3bce5430e4f3df34eb325f1d346f4c102f1879ecf4e6b7a8f495,0.16667
01499871167e61886de9207467e6a24fb041412687811c654560b52fdde95cec,2026-08-15T14:50:49+00:00,Carrefour OPPO Reno12F 5G 12GB RAM 256GB ROM Orange (288762),https://www.daraz.pk/products/12-5-12-256-288762-i933104265.html,,false,[],Weight Unknown,[82999.0],daraz.pk/daraz__12-5-12-256-288762-i933104265.html.json,b6955778351d50cc6d3580d96a4b4f38eae9f98284ffd83032109b665d591e32,0.16667
3adb60112724416bd08cc51c829ae6d439b07e5d1bd8dfd3a51a6794499ccb67,2026-08-15T15:26:59+00:00,Carrefour OPPO Reno12 5G 12GB RAM 512GB ROM Silver (288759),https://www.daraz.pk/products/12-5g-12gb-512gb-288759-i933100481.html,,false,[],Weight Unknown,[164999.0],daraz.pk/daraz__12-5g-12gb-512gb-288759-i933100481.html.json,c8ba7bb35ca707013a7309ad4cc3793c78866d44d6a58e1be8d10727dca81a7f,0.16667
8f49fa7ee7a909ee15089407eca8c0ab7d3bcbb0ac8cce105af4ea21672ee277,2026-08-15T15:23:20+00:00,Carrefour OPPO Reno12 5G 12GB RAM 512GB ROM Brown (288760),https://www.daraz.pk/products/12-5g-12gb-512gb-288760-i933100482.html,,false,[],Weight Unknown,[164999.0],daraz.pk/daraz__12-5g-12gb-512gb-288760-i933100482.html.json,cd4efdcb71862094777e3c73c0b78680d668f2b3abdce8be61dd16575e9ea3ae,0.16667
9aa99023a59a1388f0f04a6a0869c36d36b011ff0987396b274b385946e74186,2026-08-15T12:38:46+00:00,Infinix Hot 12 - 6GB Ram - 128GB Rom - 5000mAh Battery,https://www.daraz.pk/products/12-6gb-128gb-5000mah-i588267956.html,,false,[],Weight Unknown,[40700.0],daraz.pk/daraz__12-6gb-128gb-5000mah-i588267956.html.json,5803d898f3af8786f4066c3ef1c59de6bb28f75e4fc67f4f09b77892825d3afc,0.37500
e68ecf7149a89d242ae306c90fb99d5a1c5f6e394f8ded1378f8adbe4b79d2f3,2026-08-15T14:32:52+00:00,Carrefour MI Mobile Note12 8 GB RAM 128 GB ROM O/Gray (273815),https://www.daraz.pk/products/12-8-128-273815-i933092949.html,,false,[],Weight Unknown,[66000.0],daraz.pk/daraz__12-8-128-273815-i933092949.html.json,dcfba105bf6b0ffb98c7de905e2c470b0eac967d2bbcf662a3c9e7a345982734,0.16667
e4fe50651d4cb95ab38f8e1ac0753fb3c8fb588e6e01f9645920a8b629c019a7,2026-08-15T14:31:59+00:00,REDMI 12 - 8GB RAM 128GB ROM - 5000 mAh Battery,https://www.daraz.pk/products/12-8gb-128gb-5000-mah-i433642527.html,,false,[],Weight Unknown,[39999.0],daraz.pk/daraz__12-8gb-128gb-5000-mah-i433642527.html.json,1d3d3eac418cd2b0c8a28c557ec3ea9f9a1b27cc4563bb188101fdcdeb4f982b,0.62500
b5e9d3438abf76f61dfe48721fe9f8ea13c78d5919ff144d68c30e226e5e0d54,2026-08-15T11:04:24+00:00,Nokia 1200 with Good LCD,https://www.daraz.pk/products/1200-lcd-i1951578716.html,,false,[],Weight Unknown,[5200.0],daraz.pk/daraz__1200-lcd-i1951578716.html.json,6fc30f31a9725e673ada8b5a6f446d5972cc9dc9f554462f0d108bf700c8f4b5,0.16667
877be623b898cbfd46f421a9c0e400b677962db0a98df783b2388d19f5dd15ab,2026-08-15T13:37:30+00:00,OPPO RENO 12F = 8GB RAM =256GB ROM = 5000mAh BATTERY,https://www.daraz.pk/products/12f-8gb-256gb-5000mah-i539137077.html,,false,[],Weight Unknown,[60999.0],daraz.pk/daraz__12f-8gb-256gb-5000mah-i539137077.html.json,733e7f8bf12eedb4b34be5a91f0eaeb4af90330876a61ae3fdbeb49a5136f037,0.62500
71eec2f28d4b4f9e47640945f983af000f2513abeae6132619e2461b1bda1e21,2026-08-15T11:19:33+00:00,OPPO Reno 15 256GB - 12GB RAM 6500 mAh Battery Screen Protection Corning® Gorilla® Glass 7i Processor Qualcomm Snapdragon® 7,https://www.daraz.pk/products/12gb-1-gb-15-7i-7-i1965458909.html,,false,[],Weight Unknown,[179999.0],daraz.pk/daraz__12gb-1-gb-15-7i-7-i1965458909.html.json,041303a0d8f91b9a95b01a0ac492029d7d3957f028116c12b29efa40c04a27f9,0.33333
300d4a05fc579971cb4aa6ccb9bf27fa3aed91609036f52cc6a8bd8bf8b17629,2026-08-15T09:19:17+00:00,Motorola Moto Edge Plus 2020 12GB Ram 256GB Rom Single Sim PTA Approved,https://www.daraz.pk/products/12gb-1-gb-pta-i433242717.html,,false,[],Weight Unknown,[82000.0],daraz.pk/daraz__12gb-1-gb-pta-i433242717.html.json,557bd5055b584453f5f57742ad69e72369d8d11fa0d024c25217a2ae3484419e,0.29167
96f91e1ac6ff077a06ccb93a2938a9f37e0b4791c80a7b3ac5b4b0c3867a5453,2026-08-15T11:25:01+00:00,Oppo Reno 12 5G 512GB - 12GB RAM 5000 mAh Battery 50 MP + 8 MP + 2 MP Back Camera Screen Protection Corning Gorilla Glass 7i,https://www.daraz.pk/products/12gb-12gb-12-mah-50-mp-8-mp-2-mp-7i-i1965189758.html,,false,[],Weight Unknown,[189999.0],daraz.pk/daraz__12gb-12gb-12-mah-50-mp-8-mp-2-mp-7i-i1965189758.html.json,ec1deb302ce6a08a5f985563b3acde86261e225b8e997af571e605e41465111f,0.41667
54f1dc652210f3d5f66671170e21773aa06ec2bd5b4eabd6fc816df28fc2633e,2026-08-15T09:49:47+00:00,Vivo V50 12GB + 12GB Expandable RAM 512GB ROM 6.77″ AMOLED Display 120 Hz IP69 6000 mAh Battery 90W Fast Charge,https://www.daraz.pk/products/12gb-12gb-v50-512gb-90-i751596983.html,,false,[],Weight Unknown,[209999.0],daraz.pk/daraz__12gb-12gb-v50-512gb-90-i751596983.html.json,86d984477a2ba298cc225561a84315acc6abd9d34316a1f5cdf4a4a198823f0d,0.37500
1a394f1d30962cb4c512ed317877e8ac0de61a419238aa811988447507e3e552,2026-08-15T10:38:48+00:00,Samsung Galaxy S26 12GB RAM 256GB/512GB ROM 50.0 MP + 10.0 MP + 12.0 MP Back Camera 4300 mAh Battery One Year Brand Warranty,https://www.daraz.pk/products/12gb-256gb512gb-500-mp-100-mp-1-mah-i1948323627.html,,false,[],Weight Unknown,[400000.0],daraz.pk/daraz__12gb-256gb512gb-500-mp-100-mp-1-mah-i1948323627.html.json,77680a4561a1b7aca6223ff9a18bc994cae8eddd94f462cd1abfe5dc7d7c17d1,0.33333
65a680252b31f5cbb59f2953ebbc54d8d5dcf954abbc53783133181138db446e,2026-08-15T13:32:48+00:00,OPPO RENO 12F 5G = 12GB RAM = 256GB ROM = 5000mAh BATTERY,https://www.daraz.pk/products/12gb-5g-12f-256gb-5000mah-i558880482.html,,false,[],Weight Unknown,[80999.0],daraz.pk/daraz__12gb-5g-12f-256gb-5000mah-i558880482.html.json,9d84f110ef3d50ffe2d30438e4389e749e04764363815f1e889b0da13d88f539,0.62500
c3a19adcab78814abc9cfe0c3cf0f7ebc8888d2e267c1f0f1a5568d97e72a55e,2026-08-15T10:20:30+00:00,Realme 15 5G - 12GB RAM 512GB ROM - Dual 50MP Dual 4K (Front & Rear) - Dimensity 7300+ 5G Chipset - 144Hz AMOLED Display - 7000mAh Titan Battery 80W Ultra Charge - Official PTA Approved,https://www.daraz.pk/products/12gb-5g-15-gb-50mp-4k-7300-5g-144hz-7000mah-80-pta-i927207363.html,,false,"[""Silk Pink"",""Suit Titanium""]",Weight Unknown,[141999.0],daraz.pk/daraz__12gb-5g-15-gb-50mp-4k-7300-5g-144hz-7000mah-80-pta-i927207363.html.json,b5f7663ab8d9b28298ce3e6920bc65b55ab622f0387bf0f2a0311be350dd5889,0.66667
132152ea22ac90c95218781538c8d8c3b3b77a0c84cdd10e4569e645f33f3f80,2026-08-15T10:09:05+00:00,"Samsung Galaxy S25 5G - 12GB RAM, 512GB ROM - Snapdragon 8 Elite, 50MP Triple Camera, 6.2"" Dynamic AMOLED 120Hz, Gorilla Glass Victus 2, IP68, Android 15, 4000mAh Battery",https://www.daraz.pk/products/12gb-5g-512gb-8-50mp-62-120hz-2-ip68-15-4000mah-i721773998.html,,false,"[""Icy Blue"",""Mint"",""Navy"",""Silver Shadow"",""Pink Gold"",""Coral Red"",""Blue Black""]",Weight Unknown,[349999.0],daraz.pk/daraz__12gb-5g-512gb-8-50mp-62-120hz-2-ip68-15-4000mah-i721773998.html.json,be8aec7f1c444eab3accc6d75988e514d685f698fc19a58fa5cdd8faf0e2405f,0.70833
246222c3093e92954c75e2b29da5bd7bb15473c3ada9fc2524bed9f3d69c3c24,2026-08-15T12:04:29+00:00,"Samsung Galaxy A56 5G 12GB RAM 256GB ROM (With 45w Super Fast Charger)6.7"" FHD+ Super AMOLED 120Hz HDR10+ Display | Android 15 One UI 7 | Exynos 1580 | 50MP Triple OIS Camera | 45W Fast Charging | PTA Approved",https://www.daraz.pk/products/12gb-5g-a56-256gb-45w-fhd-67-hz-hdr10-15-ui-7-ace-exynos-120-50mp-ois-45-fla-i824518829.html,,false,"[""Black"",""other colors""]",Weight Unknown,[169999.0],daraz.pk/daraz__12gb-5g-a56-256gb-45w-fhd-67-hz-hdr10-15-ui-7-ace-exynos-120-50mp-ois-45-fla-i824518829.html.json,ed5474fe8ffa52d6cb666caaab1c9463d5fcba5cdcf40dcd7698c95d8304b541,0.70833
d5daec71adb1ac79be605a1c85f716d3c9cae44dff8045e52eee8440753eb4e4,2026-08-15T12:16:56+00:00,"Vivo V30 5G 12GB Ram 256GB (NON Active) Rom 6.78"" Display 108MP OIS Rare Camera 5000mAh Battery PTA Approved One Year Brand Warranty",https://www.daraz.pk/products/12gb-5g-v30-1-gb-5-108mp-ois-256-mah-pta-i626366051.html,-26.9 LUFS (Good),false,[],Weight Unknown,[139999.0],daraz.pk/daraz__12gb-5g-v30-1-gb-5-108mp-ois-256-mah-pta-i626366051.html.json,3c69946703996a4c135f5cabfc8014119bbd804d0c31743e4307179f5a05c792,0.70833
9a88a9bca1a6963fe409145147817fcc321a3a0cfd3cb181a9614bb44c4c75b1,2026-08-15T12:02:47+00:00,Vivo V40 5G - 12GB RAM 256GB ROM 6.78'' 3D AMOLED Display 5500mAh Battery 80w FlashCharge PTA Approved 1 Year Official Brand Warranty,https://www.daraz.pk/products/12gb-5g-v40-1-gb-5-mah-80w-pta-1-i593161853.html,,false,[],Weight Unknown,[139999.0],daraz.pk/daraz__12gb-5g-v40-1-gb-5-mah-80w-pta-1-i593161853.html.json,359241e268f298ef7766244b92ffc4e89b24ae303c28ae628f25fa4dcd821e51,0.33333
e9180c71f85a29e8a4d98deb05573a75f9af6feb446d9fe5006e23c74e04f0a2,2026-08-15T10:17:46+00:00,Vivo V60 5G - 12GB RAM 256/512GB ROM 6.77'' AMOLED Display 6500mAh Battery 90w FlashCharge PTA Approved 1 Year Official Brand Warranty,https://www.daraz.pk/products/12gb-5g-v60-4256-gb-512-mah-90w-pta-1-i924567883.html,,false,[],Weight Unknown,[159999.0],daraz.pk/daraz__12gb-5g-v60-4256-gb-512-mah-90w-pta-1-i924567883.html.json,2c733fc9081b09bea227c17b11949ff597b8af684aeee3699e4dc6201419d92f,0.37500
0fe19499f0061c2e7c7d53ae7df15758aa8998bd1e5988409f56c49e75861628,2026-08-15T11:18:47+00:00,Vivo V60 5G - 12GB RAM 512GB ROM 6.77'' AMOLED Display 6500mAh Battery 90w FlashCharge PTA Approved 1 Year Official Brand Warranty,https://www.daraz.pk/products/12gb-5g-v60-512gb-677-mah-90-pta-1-i927666484.html,,false,[],Weight Unknown,[169999.0],daraz.pk/daraz__12gb-5g-v60-512gb-677-mah-90-pta-1-i927666484.html.json,e29ca6c3696cfa26a2b592469a33c74cd64eb4512fc9fe8c1f15ad55fddc1d7d,0.37500
cec126cba6c6b235d2f1f473b7a19785ff00f81f32691d928522e6e7664d2c18,2026-08-15T09:22:05+00:00,"Itel City 100 6Gb + 12GB Extended RAM 128GB ROM 6.75” 3D IPS Display 90Hz 5200 mAh -18W Fast Charging , Side Fingerprint",https://www.daraz.pk/products/12gb-6gb-100-gb-3d-ips-90hz-128-mah-18w-i806706663.html,,false,[],Weight Unknown,[39999.0],daraz.pk/daraz__12gb-6gb-100-gb-3d-ips-90hz-128-mah-18w-i806706663.html.json,0e2605226811c5911dca1868fa8af22ca442f2d2be8968b61901a6e731c36289,0.37500
2b66ff854c8c47c0a446277def0eadcb047b4db6fb0f457439c3a142eae3ca25,2026-08-15T09:23:31+00:00,"Realme C61 6GB+12GB Dynamic RAM 128GB Rom,6.74'' Eye Comfort Display 90Hz,5000 mAh-Fast charging 15W",https://www.daraz.pk/products/12gb-6gb-c61-128gb-90hz-674-mah-15w-i583340128.html,,false,[],Weight Unknown,[49999.0],daraz.pk/daraz__12gb-6gb-c61-128gb-90hz-674-mah-15w-i583340128.html.json,235151cc2ad4097e8c171d1d8aab92af7d7a81022fe0b8fe04ed198d93d0b827,0.37500
ebb8e287ce6225a1c37f1074aec4aaff8ffb44955994a942606e9c80cabdc4c0,2026-08-15T09:47:49+00:00,OnePlus 8T 12GB Ram 256GB Rom Dual Sim,https://www.daraz.pk/products/12gb-8t-256gb-i442280033.html,,false,[],Weight Unknown,[94000.0],daraz.pk/daraz__12gb-8t-256gb-i442280033.html.json,514071ed07a29f1779b96a0eb466fbde342083970b2cbb44dcab3e9595e09cad,0.20833
c5517db177d73de8394887b823f0b22a37a94342cc1b09a7b581457aebde65c8,2026-08-15T11:52:38+00:00,VIVO V70 FE 12GB RAM 256GB ROM 7000 mAh Battery Health Front Camera 50 MP Back Camera 200 MP One Year Brand Warranty,https://www.daraz.pk/products/12gb-fe-v70-256gb-50-mp-7000-mp-i1960913344.html,,false,[],Weight Unknown,[150000.0],daraz.pk/daraz__12gb-fe-v70-256gb-50-mp-7000-mp-i1960913344.html.json,e24ab304f2f9d8839ce8e74ef6b804c2f3218a5024ba096fd0420d7003c85a02,0.33333
c26500722119999cd6d1857f8a80c2f73546ad6da17ed103630159ee6ca0480f,2026-08-15T09:31:54+00:00,Realme Note 60x 12GB Dynamic RAM [4GB +8GB] ROM 64GB + 5000mAh Massive Battery 8MP Super Clear Rear Camera + 5MP Front Camera + 1 Year Brand Warranty,https://www.daraz.pk/products/12gb-x-60-4gb-8gb-64gb-5000mah-8mp-5mp-1-i865133381.html,,false,[],Weight Unknown,[40000.0],daraz.pk/daraz__12gb-x-60-4gb-8gb-64gb-5000mah-8mp-5mp-1-i865133381.html.json,fc57cb1b6e9ed2f4c875e57b68b25e84cbd44f88afd1f61ed0fd5f4e9c71a5b9,0.50000
2733065fe82cb1fef0db6a447441fc103863b4461a9437feae8093ecad56fe82,2026-08-15T14:38:18+00:00,Carrefour Oppo Mobile Reno13 Pro 12 GB RAM 512 GB ROM Purple (294662),https://www.daraz.pk/products/13-12-512-294662-i933105180.html,,false,[],Weight Unknown,[225000.0],daraz.pk/daraz__13-12-512-294662-i933105180.html.json,4d4d2d8d51794a1d3afde910dd47adad717b29940b0e88e69c2adc38ce27e7f2,0.16667
226e6c62682d6461972c708b2c43a5615c99895500083be5c78c559525f071cc,2026-08-15T14:37:55+00:00,Carrefour Oppo Mobile Reno13 Pro 12 GB RAM 512 GB ROM Gray (294663),https://www.daraz.pk/products/13-12-512-294663-i933104277.html,,false,[],Weight Unknown,[151999.0],daraz.pk/daraz__13-12-512-294663-i933104277.html.json,564960a7670d8a2179ef1338c48b5e5483b08945ad02ca8c86c4943cff39c797,0.16667
aad89c6c504808dd0508f7930bde13ca4aaf1ad851a0ff3f6f657e600497b6fa,2026-08-15T13:47:49+00:00,VGOTEL SMART 13 = 4GB RAM = 128GB ROM = 5000mAh BATTERY,https://www.daraz.pk/products/13-4gb-128gb-5000mah-i922606203.html,,false,[],Weight Unknown,[28999.0],daraz.pk/daraz__13-4gb-128gb-5000mah-i922606203.html.json,5c399a7ea3db6d33c372e8e698bee01a9ea15404a1a95f5c6d1ab99899e06812,0.25000
6dc628f357c69908bcd189a50df6754e81f4d0db66f420aca54e359808c93257,2026-08-15T14:13:02+00:00,VGOTEL SMART 13 = 4GB RAM = 128GB ROM = 5000mAh BATTERY,https://www.daraz.pk/products/13-4gb-128gb-5000mah-i923145812.html,,false,[],Weight Unknown,[23999.0],daraz.pk/daraz__13-4gb-128gb-5000mah-i923145812.html.json,03f5cf15f821730a507b613261e807e05f63034ad015acd5c4324287546c8d65,0.25000
74765d27a489b5114d47aad29cc54d14663a2ae90caf286de2068be5e48220bf,2026-08-15T14:30:48+00:00,Carrefour Oppo Reno13 5G 12 GB RAM 256 GB ROM Pearl White (294659),https://www.daraz.pk/products/13-5g-12-256-294659-i933098711.html,,false,[],Weight Unknown,[151999.0],daraz.pk/daraz__13-5g-12-256-294659-i933098711.html.json,114ba473042777eed4e55298e042d16b7ddc30d2e2692f14929092ec8089f147,0.16667
9a8915bf58bfd2d8dbe35265a3cb594a430b80c623d920756be7963e56a1bb1c,2026-08-15T12:26:24+00:00,REALME 13+ 5G = 12GB+14GB RAM = 256GB ROM = 5000mAh BATTERY,https://www.daraz.pk/products/13-5g-12gb-14gb-256gb-5000mah-i616214968.html,,false,[],Weight Unknown,[91999.0],daraz.pk/daraz__13-5g-12gb-14gb-256gb-5000mah-i616214968.html.json,77ff6479c83788791f53803acd6660334377072221e82ec25c46bf28022f39ac,0.62500
ab5d10dcbc149792a544ac0bf4f4686abc5d61e77a4c715da008714dd9ac01bf,2026-08-15T14:02:14+00:00,Carrefour MI Mobile Note13 Pro 8 GB RAM 256 GB ROM Purple (289749),https://www.daraz.pk/products/13-8-256-289749-i933097839.html,,false,[],Weight Unknown,[76499.0],daraz.pk/daraz__13-8-256-289749-i933097839.html.json,7f56d6aa378197a5ffc83088e1502a698b7bf96197546cb920a14c05ac3144e7,0.16667
c274c9e2746358e3c959b6e9120d46019484b22efcb5c8930944d814ed7e797b,2026-08-15T13:45:23+00:00,Carrefour MI Mobile Note13 Pro 8 GB RAM 256 GB ROM Green (289750),https://www.daraz.pk/products/13-8-256-289750-i933097840.html,,false,[],Weight Unknown,[76499.0],daraz.pk/daraz__13-8-256-289750-i933097840.html.json,2bdbb294d7cde64c5e36488c88068c9a3928f787c38f49f40f3828b3099ff62c,0.16667
61df89ecf6c9a3ff8f3941716f397b72aa6d9a59ba440b9f6446a82fade64e6f,2026-08-15T13:55:29+00:00,Carrefour Oppo Mobile Reno13 F 8 GB RAM 256 GB ROM Purple (294657),https://www.daraz.pk/products/13-8-256-294657-i933093982.html,,false,[],Weight Unknown,[81499.0],daraz.pk/daraz__13-8-256-294657-i933093982.html.json,f8ea006856fa429916249c0555fa5e64c458669f3de72a1f66a6bed9186040d3,0.16667
9016a34c95d7b4cedc764687c6a96e09ca6abf46170e00216cca482e85f9231e,2026-08-15T14:13:53+00:00,Carrefour Oppo Mobile Reno 13F 8 GB RAM 256 GB ROM Gray (294658),https://www.daraz.pk/products/13-8-256-294658-i933098710.html,,false,[],Weight Unknown,[81499.0],daraz.pk/daraz__13-8-256-294658-i933098710.html.json,f8b20bcd62489c7828148f264b04b8b2abc0b932474c7ada5c99ed319f91a53a,0.16667
5d8c8633b8489935254b391bc3f964f53cdbfa3097e050fa1fb05b7cfd8c77b2,2026-08-15T13:57:51+00:00,Carrefour MOBILE REDMI 13 8+128 GOLD MI (289740),https://www.daraz.pk/products/13-8128-289740-i933103267.html,,false,[],Weight Unknown,[43500.0],daraz.pk/daraz__13-8128-289740-i933103267.html.json,cf8d82cc352d1025eda7fc81ad2461d35b4789a073f34809af3d61213ab77d05,0.12500
dde6ef6405f5c62219caec1582fc526c7e181918aaf8ef1bb74caa470d32a418,2026-08-15T14:12:08+00:00,Carrefour MOBILE REDMI 13 8+128 BLACK MI (289743),https://www.daraz.pk/products/13-8128-289743-i933100494.html,,false,[],Weight Unknown,[36999.0],daraz.pk/daraz__13-8128-289743-i933100494.html.json,31d577a59583144bce8211bc0325db2e2b142ec9f7dd81497df51ddb3f5a4e68,0.12500
d636866b047aea8e40e36c4f257fb860bc130a9d99314826aca97ad4c706f23d,2026-08-15T14:24:06+00:00,Carrefour MOBILE NOTE13 8+256 GREEN MI (286430),https://www.daraz.pk/products/13-8256-286430-i933100477.html,,false,[],Weight Unknown,[57999.0],daraz.pk/daraz__13-8256-286430-i933100477.html.json,a0589537fa3884e64e3b139a6f87cdaa99c708e94197ce5449f468cb1f639196,0.12500
a0de4d34b6778d06164506dd7002a788571d24a8564659270c69533cf7ea5009,2026-08-15T12:19:36+00:00,REDMI 13 = 8GB RAM = 128GB ROM = 5030mAh BATTERY,https://www.daraz.pk/products/13-8gb-128gb-5030mah-i503281840.html,,false,[],Weight Unknown,[38999.0],daraz.pk/daraz__13-8gb-128gb-5030mah-i503281840.html.json,ad62c17d00589ad19d76978cc528b387668641eb4ad349281d6869fc7c2af021,0.62500
2d7f7bdfd10d6b882fa07dbf2b84ca0c1849f2a221f5fd8ed142d9b9f08a1b2b,2026-08-15T13:03:39+00:00,REDMI 13 = 8GB RAM = 128GB ROM = 5030mAh BATTERY,https://www.daraz.pk/products/13-8gb-128gb-5030mah-i617947603.html,,false,[],Weight Unknown,[37999.0],daraz.pk/daraz__13-8gb-128gb-5030mah-i617947603.html.json,38c77998ceac87e3dd7f0117a1a0195ec571898965bbc1e7cc2f10434757f56f,0.62500
7c8c24b329c6c0b36f32b3337760b405510fd611ef86b43b5ee5c988e961cb18,2026-08-15T14:22:27+00:00,REDMI 13 = 8GB RAM = 256GB ROM = 5030mAh BATTERY,https://www.daraz.pk/products/13-8gb-256gb-5030mah-i617962523.html,,false,[],Weight Unknown,[44999.0],daraz.pk/daraz__13-8gb-256gb-5030mah-i617962523.html.json,715236706453fe9b528f6be2985570cc1e3684bbf6fbd7b19bbcfc7f7c2ec417,0.62500
b88b8222b083917c819589542ef96b9dd80db8701f1513e193e09c5d0d1ecc21,2026-08-15T14:45:09+00:00,Carrefour MOBILE NOTE138+256 BLACK MI (286428),https://www.daraz.pk/products/138256-286428-i933099551.html,,false,[],Weight Unknown,[57999.0],daraz.pk/daraz__138256-286428-i933099551.html.json,1a5a902596b8b9e8747397df59c8b5fa570c16c73f5a677cdf2884dcb7c5b49b,0.12500
5ffd3a34668a7163f47a00dccc3efcd7291b2da946233325e6c1af70e70dd71e,2026-08-15T14:57:27+00:00,Carrefour MOBILE NOTE138+256 BLUE MI (286429),https://www.daraz.pk/products/138256-286429-i933105156.html,,false,[],Weight Unknown,[57999.0],daraz.pk/daraz__138256-286429-i933105156.html.json,0ff81408cbcf61e9128459b4354b371d81a8635a1592208074023aee6c8896e9,0.12500
dfb662bacffc7794d659013c78b6f7ddf4f2e84a18d61a32a9193e1c00098117,2026-08-15T13:33:12+00:00,REDMI 13C = 4GB RAM = 128GB ROM = 5000mAh BATTERY,https://www.daraz.pk/products/13c-4gb-128gb-5000mah-i541761908.html,,false,[],Weight Unknown,[33999.0],daraz.pk/daraz__13c-4gb-128gb-5000mah-i541761908.html.json,f5dea1e641007a61d920920540b1f60ab31710023a9fd3bf76caa1ff50893637,0.62500
e9fa2c5cb2843ae5a33412ab09ae75ec9f3c2a5a496902fbe5ffd7fd172df3f2,2026-08-15T12:51:42+00:00,Redmi 13C 4GB RAM 128GB Storage 50MP Camera MediaTek Helio G85 5000 mAh Battery 18W Charge PTA Approved Box Packed,https://www.daraz.pk/products/13c-4gb-128gb-50mp-g85-5000-mah-18-pta-i478172506.html,,false,[],Weight Unknown,[29999.0],daraz.pk/daraz__13c-4gb-128gb-50mp-g85-5000-mah-18-pta-i478172506.html.json,9b360e07aa78dbbc49db7c83fa63f724ed964ad6898105ee565ce052121679fd,0.37500
2b57ad5dddba821853ff3b6eae87e8ebdd8467509b964a2fea8ac54b6d38634f,2026-08-15T13:08:29+00:00,REDMI 13C = 6GB RAM = 128GB ROM = 5000mAh BATTERY,https://www.daraz.pk/products/13c-6gb-128gb-5000mah-i446717296.html,,false,[],Weight Unknown,[31999.0],daraz.pk/daraz__13c-6gb-128gb-5000mah-i446717296.html.json,384781abe7c73d126369be08685baf64126a5db0baa7e26905576f28f7137619,0.62500
4b8a28f1ea765f2af56cd28490a9f8911dd7e5aa1e6e34ceb081e144949f07cf,2026-08-15T14:20:19+00:00,REDMI 13C = 6GB RAM = 128GB ROM = 5000mAh BATTERY,https://www.daraz.pk/products/13c-6gb-128gb-5000mah-i541787785.html,,false,[],Weight Unknown,[37999.0],daraz.pk/daraz__13c-6gb-128gb-5000mah-i541787785.html.json,e60d7ab718d30f835d7328bbeef95b65d01e99cf295a28bee8f2d83daac62863,0.62500
99241aa8a0b7eee57eb0dd7aeec14b32a01f43631920da32de21c37a02316e32,2026-08-15T12:50:20+00:00,Redmi 13C 6GB 128GB 6.7 inches Display 50MP Camera MediaTek Helio G85 5000 mAh Battery 18W Fast Charging PTA Approved Box Packed,https://www.daraz.pk/products/13c-6gb-128gb-50mp-g85-67-mah-18-pta-i477727249.html,,false,[],Weight Unknown,[34999.0],daraz.pk/daraz__13c-6gb-128gb-50mp-g85-67-mah-18-pta-i477727249.html.json,8ce8be82011035f67817ea059398feab37ef6197094efa60958ce5f982655046,0.37500
f4da9996ec6339389391080c0712a00e5520662d640bf44ad491e0b8a4638db5,2026-08-15T12:05:39+00:00,Redmi 13C || 6GB Ram 128GB Rom || 5000mAh Battery,https://www.daraz.pk/products/13c-air-6gb-128gb-wach-5000mah-i498812958.html,,false,[],Weight Unknown,[33999.0],daraz.pk/daraz__13c-air-6gb-128gb-wach-5000mah-i498812958.html.json,193e8bb7822334a5d1750eca2ebc633210ae954f79221d3474febac177a8394e,0.33333
d7db0123de394cd68555b4b868303343c8ede3a99bf0998c962adde426da82c2,2026-08-15T14:28:26+00:00,Carrefour MI Mobile 14T 12 GB RAM 512 ROM Blue (289752),https://www.daraz.pk/products/14-12-512-289752-i933103269.html,,false,[],Weight Unknown,[177999.0],daraz.pk/daraz__14-12-512-289752-i933103269.html.json,04bcf80a6a74d63301a62a036980754c069cf70b557272a582355b34abe0f303,0.16667
37096df69a535b7a8fefd6e8001aa2fdfd3307e2e2d2edddc5aab7f4cd22e988,2026-08-15T15:15:41+00:00,Carrefour MOB NOT 14 PRO PLS 12+512 BLCK MI (291813),https://www.daraz.pk/products/14-12512-291813-i933092997.html,,false,[],Weight Unknown,[146999.0],daraz.pk/daraz__14-12512-291813-i933092997.html.json,d99363a8deecf4a3070227a890070e623a1adf6203d4c59a2f3ebdc04c9c6299,0.12500
dbe15df963f54e62280e99926e4f2de9c2b660cc34800ca02ad7c71e7ac2f6d9,2026-08-15T14:39:39+00:00,Carrefour MOB NOT 14 PRO PLS 12+512 PRPLE MI (291814),https://www.daraz.pk/products/14-12512-291814-i933104270.html,,false,[],Weight Unknown,[146999.0],daraz.pk/daraz__14-12512-291814-i933104270.html.json,fe7c71acea4c5ee8c9d96c0a3744e315cc1eebc74419ebac7c4b32773b9b06e8,0.12500
98c22bf451ea7875fa464f560637e516af839b938c8410d98a28cbccad7d1669,2026-08-15T15:22:05+00:00,Carrefour MOB NOT 14 PRO PLS 12+512 BLUE MI (291815),https://www.daraz.pk/products/14-12512-291815-i933103273.html,,false,[],Weight Unknown,[146999.0],daraz.pk/daraz__14-12512-291815-i933103273.html.json,4875c472ba75acbce59b99384b30dd0d0b72a07865b1a7c97ffd211ee87d2ba9,0.12500
2c98e4f0d8f0cb99484d756512bf610330006b7223cf59530abf687c56a936ba,2026-08-15T12:56:36+00:00,REDMI NOTE 14 PRO = 12GB RAM = 512GB ROM = 5500mAh BATTERY,https://www.daraz.pk/products/14-12gb-512gb-5500mah-i750041818.html,,false,[],Weight Unknown,[104999.0],daraz.pk/daraz__14-12gb-512gb-5500mah-i750041818.html.json,10a1b8f1e7bb57fe522556d98b6e36c312b3c41575b0747ccad6f0afecf40c88,0.62500
68819812b255744c9812dde2d193a6e67bb23c6a95a1f7c5a96f570628bc4ba3,2026-08-15T09:18:41+00:00,"Redmi Note 14 Pro 12GB + 512GB , 6.67"" AMOLED display 120Hz, IP64 , 200MP main 32MP front , 5500 mAh - 45W turbo charging",https://www.daraz.pk/products/14-12gb-512gb-667-amoled-120hz-ip64-200mp-32mp-5500-mah-45w-i658134702.html,,false,[],Weight Unknown,[134999.0],daraz.pk/daraz__14-12gb-512gb-667-amoled-120hz-ip64-200mp-32mp-5500-mah-45w-i658134702.html.json,61b53b98ac16ac0f45a8f13e67a199ba27dd6c2aaae507f91d02e0bf379219a8,0.37500
3e7c859bddef37a2e0dea4c567d3f9cba14b391594a1f6b1381c091f6139681e,2026-08-15T15:25:23+00:00,Carrefour RENO 14F 5G 8+256 BLU OPPO (300274),https://www.daraz.pk/products/14-5-8256-300274-i933505811.html,,false,[],Weight Unknown,[101499.0],daraz.pk/daraz__14-5-8256-300274-i933505811.html.json,6b8e3a4a40405889c2c22764d4c46936d79b1bea932eddbc63fa19389c42026b,0.12500
1ec5acfc347321a2a0e3902b6e758b7653f86b323c6b78e93f74aeaba77cd48a,2026-08-15T14:59:07+00:00,Carrefour RENO 14F 5G 8+256 GR OPPO (300275),https://www.daraz.pk/products/14-5-8256-300275-i933510346.html,,false,[],Weight Unknown,[101499.0],daraz.pk/daraz__14-5-8256-300275-i933510346.html.json,cb94aa199c4af57496745b71d9881fbd6dc21da36ff0170525d7d3237d384468,0.12500
0808eba1b03a7dcf0629e4592f237fa394cee66513c84f45d156368774fe02e7,2026-08-15T14:26:40+00:00,REALME 14 5G = 12GB RAM = 512GB ROM = 6000mAh BATTERY,https://www.daraz.pk/products/14-5g-12gb-512gb-6000mah-i891473626.html,,false,[],Weight Unknown,[104999.0],daraz.pk/daraz__14-5g-12gb-512gb-6000mah-i891473626.html.json,6201bfdba664c5c90b14eaedcd05066cb2b545426671f27e33b5c5cf798ab740,0.62500
21811b2e750612c38ca9271511033197f685cd40d6707696fdfc6ab18f075bb1,2026-08-15T09:59:32+00:00,"Redmi Note 14 Pro + 5G 12GB + 512GB , 6.67"" CrystalRes AMOLED display 120Hz, IP68 , 200MP main 20MP front ,5110mAh Battery 120W HyperCharge",https://www.daraz.pk/products/14-5g-12gb-512gb-i750713462.html,,false,[],Weight Unknown,[209999.0],daraz.pk/daraz__14-5g-12gb-512gb-i750713462.html.json,216f767e6f5c9630e5190c0e0e18837aaa0e070e850bea399d2f220bc45c7e0f,0.45833
d60d22860e989a5af6354ae4c62bccd36274bffe2b9732c9f2c10060db675e27,2026-08-15T14:58:11+00:00,"Oppo Reno 14 5G - Ai Phone 12GB RAM 512GB ROM, 6000mAh with 80W Charge",https://www.daraz.pk/products/14-5g-ai-12gb-512gb-80w-6000mah-i896600180.html,,false,[],Weight Unknown,[164999.0],daraz.pk/daraz__14-5g-ai-12gb-512gb-80w-6000mah-i896600180.html.json,373d83af63987eadea216c9a9cf1afae663a9fc0c901012b21db16e776638a10,0.75000
3283f0d48de9a0efa8520fecea45af5a490c610d8fe65c428900b89399b62591,2026-08-15T14:31:15+00:00,Oppo Reno 14 5G - Ai Phone 12GB + 256GB 6000mAh with 80W Charge,https://www.daraz.pk/products/14-5g-ai-80w-12gb-256gb-i895966160.html,,false,[],Weight Unknown,[170999.0],daraz.pk/daraz__14-5g-ai-80w-12gb-256gb-i895966160.html.json,ed103ee0e02716c8660f36cd0ac26ee744cd47e48c219b2f816d6b617232eea8,0.75000
646224a9e660736fb669441f38f44928fe78919f5198c6b602095d34436ec9cf,2026-08-15T09:17:49+00:00,Redmi Note 14 Pro - 6.67 Inches Display - 12GB RAM - 512GB ROM - 32MP Front Camera - 200MP+8MP+2MP Rear Camera - Dual SIM - 5500mAh Battery,https://www.daraz.pk/products/14-667-12gb-512gb-32mp-200mp-8mp-2mp-5500mah-i657305561.html,,false,[],Weight Unknown,[101000.0],daraz.pk/daraz__14-667-12gb-512gb-32mp-200mp-8mp-2mp-5500mah-i657305561.html.json,cfdcaa8fab8f1ae8935cb944a628c74092150ccb9b252e0feebc5e2d4f9597fe,0.62500
f40054e2fd16b22fb0cea6c89324f672abf22d4db00da60d5055e0a28ca5ae4c,2026-08-15T14:48:38+00:00,Carrefour MI Mobile Note14 8 GB RAM 256 GB ROM Green (291808),https://www.daraz.pk/products/14-8-256-291808-i933092996.html,,false,[],Weight Unknown,[58999.0],daraz.pk/daraz__14-8-256-291808-i933092996.html.json,7d01c174ba635744c466490848a03a6173614aaeeb448cb5bbe9eeb7d5f358a7,0.16667
849520b99a7bbec71a8e034e30f02e2f87724f675be0be3f73d6730d8cf04242,2026-08-15T14:39:52+00:00,Carrefour MOBILE NOTE 14 8+128 BLACK MI (291805),https://www.daraz.pk/products/14-8128-291805-i933092994.html,,false,[],Weight Unknown,[54999.0],daraz.pk/daraz__14-8128-291805-i933092994.html.json,a17471f098e66e7d7e9c4a4abc1ba5b9cd29ba15853f9537952757d5c64876f2,0.12500
fa93e9c0d21771b816c104f61764cf01fb6e231d1266b4c74c89f294ae072be6,2026-08-15T13:46:11+00:00,Carrefour MOBILE NOTE 14 8+128 GREEN MI (291806),https://www.daraz.pk/products/14-8128-291806-i933092995.html,,false,[],Weight Unknown,[54999.0],daraz.pk/daraz__14-8128-291806-i933092995.html.json,67212c40cadb842ed57f9c8a6dbf6feaf50450250760d2db754b0a522580de09,0.12500
e6c4b3b3f0c96521ab1b34f78137dff83b42bd287126f18ae398d06f4450d77b,2026-08-15T14:20:30+00:00,Carrefour MOBILE NOTE 14 8+256 BLACK MI (291807),https://www.daraz.pk/products/14-8256-291807-i933105173.html,,false,[],Weight Unknown,[58999.0],daraz.pk/daraz__14-8256-291807-i933105173.html.json,ff84ac16c87ba5a4427b1bf02aacc285f312c87368171c36561d9a5d782c9912,0.12500
c7e068fb84fa8498cd9f900d16f7ed92f9f135b97e494d2645a6d742e30b70ad,2026-08-15T14:10:17+00:00,Carrefour MOBILE NOTE 14 8+256 BLUE MI (291809),https://www.daraz.pk/products/14-8256-291809-i933097842.html,,false,[],Weight Unknown,[58999.0],daraz.pk/daraz__14-8256-291809-i933097842.html.json,476f3a7250c3ebaa2e603ef14e644c7a1dbaacc46aae29cec309919af05b3b2d,0.12500
58c7930c9b2d5a7dffbdde10fcabcdba5cf54d31d13e1e6ce0cebdd5dc1e5402,2026-08-15T13:26:11+00:00,Carrefour MOBILE NOTE 14 PRO 8+256 BLACK MI (291810),https://www.daraz.pk/products/14-8256-291810-i933102268.html,,false,[],Weight Unknown,[80999.0],daraz.pk/daraz__14-8256-291810-i933102268.html.json,28f3936d1971ff2f209cc03e9a7eff7d81611d33affce5b8b8c32939f7032566,0.12500
9906ba2f448f1968580f10686648fd9fa47908f3e0a02e80726071cf534d6fd3,2026-08-15T13:29:24+00:00,Carrefour MOBILE NOTE 14 PRO 8+256 PURPLE MI (291811),https://www.daraz.pk/products/14-8256-291811-i933099567.html,,false,[],Weight Unknown,[80999.0],daraz.pk/daraz__14-8256-291811-i933099567.html.json,d012187c750dde0d4ea9fb396a69be709999bd602bcc928fd1f50dbd5b224695,0.12500
b4b80f0a8a0477a436be4fe02508403b96d8da47b6c1f40f063bd15d1a0ae8ea,2026-08-15T13:34:00+00:00,Carrefour MOBILE NOTE 14 PRO 8+256 BLUE MI (291812),https://www.daraz.pk/products/14-8256-291812-i933093973.html,,false,[],Weight Unknown,[80999.0],daraz.pk/daraz__14-8256-291812-i933093973.html.json,c3ccdd8f1d6611ca19d846d8a6628200c6ae58729047c869eb11784e7e76a077,0.12500
60de647de67ed5fe4df93f26f09907c56363a8ede09b0771cfaa05264cd77e84,2026-08-15T12:10:40+00:00,"Redmi Note 14 - 8GB RAM 128GB ROM 6.7"" AMOLED Display 108MP Camera 5500mAh Battery PTA Approved 1 Year Brand Warranty",https://www.daraz.pk/products/14-8gb-128gb-108mp-108mp-pta-1-i656039304.html,,false,"[""Midnight Black"",""Mist Purple"",""Ocean Blue"",""Lime Green""]",Weight Unknown,[61999.0],daraz.pk/daraz__14-8gb-128gb-108mp-108mp-pta-1-i656039304.html.json,6c30c43c712cd6c7fde3d3f9d86da36e438da5db21646fc45eafca7e9e646255,0.66667
5b5d8ce78dcb47ab0084bae055692a7306eeac6027bbb5da9d9d8817e7c33023,2026-08-15T12:26:32+00:00,"Redmi Note 14 - 8GB RAM 256GB ROM 6.7"" AMOLED Display 108MP Camera 5500mAh Battery PTA Approved 1 Year Brand Warranty",https://www.daraz.pk/products/14-8gb-128gb-108mp-108mp-pta-1-i656042712.html,,false,"[""Midnight Black"",""Mist Purple"",""Ocean Blue"",""Lime Green""]",Weight Unknown,[65999.0],daraz.pk/daraz__14-8gb-128gb-108mp-108mp-pta-1-i656042712.html.json,5cbf5ff954cd2b6f28a2853c6f15028389422bbfc2e26ddb48cd6030a2c7de89,0.66667
c685f6c1e8c4e7e8cebee0c752aedef64d62136c3829151d17450c29c4ee7a8d,2026-08-15T09:13:33+00:00,"Redmi Note 14 Pro - 8GB RAM 256GB ROM 6.67"" AMOLED Display 210MP Camera 5500mAh Battery PTA Approved 1 Year Brand Warranty",https://www.daraz.pk/products/14-8gb-256gb-210mp-1-mah-pta-1-i657047128.html,,false,"[""Midnight Black"",""Aurora Purple"",""Ocean Blue""]",Weight Unknown,[89999.0],daraz.pk/daraz__14-8gb-256gb-210mp-1-mah-pta-1-i657047128.html.json,34f6c9aadc61445954951f9eb6f7f8b5e49e81f7ac04750338aa15330d6fcb03,0.66667
bbe49695b4a69f9a55358fe8b0bab60edc38db6b6cbaceddec64b1f9acd2857f,2026-08-15T09:48:59+00:00,"Redmi Note 14 Pro - 12GB RAM 512GB ROM 6.67"" AMOLED Display 210MP Camera 5500mAh Battery PTA Approved 1 Year Brand Warranty",https://www.daraz.pk/products/14-8gb-256gb-210mp-1-mah-pta-1-i831056445.html,,false,"[""Midnight Black"",""Aurora Purple"",""Ocean Blue""]",Weight Unknown,[99999.0],daraz.pk/daraz__14-8gb-256gb-210mp-1-mah-pta-1-i831056445.html.json,3dff50b777b7bed661f2447d8335b2b7cc3ef10d84b8a3acaa330aa2d4f4ddeb,0.66667
72ca1689541e44aba78b6da58e1f426979fc19b9bbc084ccf35da4930b13b3c6,2026-08-15T09:41:14+00:00,Redmi Note 14 Pro || 8GB Ram 256GB Rom || 5500mAh Battery,https://www.daraz.pk/products/14-8gb-256gb-5500mah-i658196900.html,,false,[],Weight Unknown,[90000.0],daraz.pk/daraz__14-8gb-256gb-5500mah-i658196900.html.json,04bbc6571d8b4c8d36566ca2e375ccb359de6020d283b5b1a9515b9dea0084e0,0.62500
f26000da08c698f4b334f4935aed3d780519cd3376a69ed8832f5bd0c79d34bd,2026-08-15T12:26:07+00:00,REDMI NOTE 14 = 8GB RAM = 256GB ROM = 5500mAh BATTERY,https://www.daraz.pk/products/14-8gb-256gb-5500mah-i659926043.html,,false,[],Weight Unknown,[61999.0],daraz.pk/daraz__14-8gb-256gb-5500mah-i659926043.html.json,7e35d05ae0e0d2854ef21b2d8c61aca43e984417397d116c38838ac5407a59b4,0.62500
36edeffaeb4c52b26e737a2e260ce1a45ef8090d11086515d88f1e5e3a7bcd91,2026-08-15T12:24:56+00:00,REDMI NOTE 14 PRO = 8GB RAM = 256GB ROM = 5500mAh BATTERY,https://www.daraz.pk/products/14-8gb-256gb-5500mah-i750011850.html,,false,[],Weight Unknown,[84999.0],daraz.pk/daraz__14-8gb-256gb-5500mah-i750011850.html.json,0bafbcb4f8fd57984165a2dc82c2bd7bb6259348867f506f8e01022d52bdacd5,0.62500
8176b74a327cdb8efce19996112b5d48dae05943208803b064f30039007e13cc,2026-08-15T09:18:16+00:00,"Redmi Note 14 Pro 8GB + 256GB , 6.67"" AMOLED display 120Hz, IP64 , 200MP main 32MP front , 5500 mAh - 45W turbo charging",https://www.daraz.pk/products/14-8gb-256gb-667-amoled-120hz-ip64-200mp-32mp-5500-mah-45w-i658130895.html,,false,[],Weight Unknown,[104999.0],daraz.pk/daraz__14-8gb-256gb-667-amoled-120hz-ip64-200mp-32mp-5500-mah-45w-i658130895.html.json,bd4674223dce9a1fc5d10d48b5b490f23920dd73fe24c2a5995f531163e086f0,0.37500
2d46d3df9d9e0ad00e500852da1aba2208dd241aa9de55174a335ce1b513d5a9,2026-08-15T12:49:15+00:00,Redmi Note 14 || 8GB Ram 128GB Rom || 5500mAh Battery,https://www.daraz.pk/products/14-8gb-8gb-128-mah-i657288878.html,,false,[],Weight Unknown,[57999.0],daraz.pk/daraz__14-8gb-8gb-128-mah-i657288878.html.json,38a02cf736beb189ae0ee239521ec0f7d2b0fe261304cc5e51eb27e2ce73aa6b,0.62500
afe87b9c2b1ddb17b16c552f126af79a793101bbccbf42f1579247612c500b08,2026-08-15T10:03:36+00:00,Redmi Note 14 Pro - AMOLED LCD - 6.67 Inches Display - 8GB RAM - 256GB ROM - 32MP Front Camera - 200MP+8MP+2MP Rear Camera - Dual SIM - Mediatek Helio G100 Ultra Processor - 5500mAh Battery,https://www.daraz.pk/products/14-amoled-lcd-667-8-256-32-200-8-2-100-5500-i657303574.html,,false,"[""Midnight Black"",""Aurora Purple"",""Ocean Blue""]",Weight Unknown,[88000.0],daraz.pk/daraz__14-amoled-lcd-667-8-256-32-200-8-2-100-5500-i657303574.html.json,45dba64d3c4fd131703acb5ab36055e69e6b33fd6abe4b32060a6bd96cd30b7d,0.66667
46ed46afdd6b1bc33b0c4e6b31d9a9984c2fe000a1cdcee015d592d75132ecdc,2026-08-15T09:32:36+00:00,Redmi Note 14 Pro - AMOLED LCD - 6.67 Inches Display - 8GB RAM - 256GB ROM - 32MP Front Camera - 200MP+8MP+2MP Rear Camera - Dual SIM - 5500mAh Battery,https://www.daraz.pk/products/14-amoled-lcd-667-8-256-32-200-8-2-5500-i657298585.html,,false,[],Weight Unknown,[84000.0],daraz.pk/daraz__14-amoled-lcd-667-8-256-32-200-8-2-5500-i657298585.html.json,70d6c9dbe8722292b86e2fa028f81d457032aa2d2141ae5f9f97c5ad3f0ac901,0.41667
c673687ee6b8609bfd53162a76c8629183e408706387159acc2345de6a45f9b4,2026-08-15T09:31:01+00:00,Redmi Note 14 Pro - AMOLED LCD - 6.67 Inches Display - 12GB RAM - 512GB ROM - 32MP Front Camera - 200MP+8MP+2MP Rear Camera - Dual SIM - 5500mAh Battery,https://www.daraz.pk/products/14-lcd-667-12gb-1-gb-32mp-200mp-8mp-2mp-1-mah-i657320124.html,,false,[],Weight Unknown,[101000.0],daraz.pk/daraz__14-lcd-667-12gb-1-gb-32mp-200mp-8mp-2mp-1-mah-i657320124.html.json,2877300103db842f63c16fd300908d7ebec6c91517d1c592035b40e1de263e25,0.41667
eb9e5dcab12c69b0e8ede95651df071259b065d8cc6949b65b6dacbd74a5af02,2026-08-15T13:16:39+00:00,Carrefour MOBILE14C 6+128 BLUE MI (289736),https://www.daraz.pk/products/14c-6128-289736-i933099562.html,,false,[],Weight Unknown,[31000.0],daraz.pk/daraz__14c-6128-289736-i933099562.html.json,471c49872614d4c66a5e313dd100bc4a93992034576f59fa1a714863b2960ec5,0.12500
3ed94010471e6288bdbaa28e12b8dc2d57945c6c9dae2d6c3eaace1a6bbe97a9,2026-08-15T13:33:22+00:00,Carrefour MOBILE14C 6+128 PURPLE MI (289737),https://www.daraz.pk/products/14c-6128-289737-i933103263.html,,false,[],Weight Unknown,[31500.0],daraz.pk/daraz__14c-6128-289737-i933103263.html.json,a519b3a326da667b74fefc9fc67c83129bf52009350a1b69b34372f63afaf6ee,0.12500
b134450b0cadf29d9b48a6df2f09b2527431eac4b44886251b78ae7dddf795ae,2026-08-15T13:12:26+00:00,Carrefour MOBILE 14C 6+128 GREEN MI (289738),https://www.daraz.pk/products/14c-6128-289738-i933092988.html,,false,[],Weight Unknown,[30999.0],daraz.pk/daraz__14c-6128-289738-i933092988.html.json,c3e5639da8d05308ec64fa70a2c6a313f586ed20c42289a8a1ab46b4a5fb9400,0.12500
6ac23e1526131b09c217df6fb96ca4fb865981d786779eb7855ccb7d0780d760,2026-08-15T13:11:13+00:00,Carrefour MOBILE 14C 6+128 BLACK MI (289739),https://www.daraz.pk/products/14c-6128-289739-i933103265.html,,false,[],Weight Unknown,[30999.0],daraz.pk/daraz__14c-6128-289739-i933103265.html.json,57336f74a1fdd17ab6ecf63a10bce7682cce92de21829c631ae013d87ada956b,0.12500
bdd8c16e135122f5af3a4c803ef17cd35561a375bf7c4d6930e7ce017ff95770,2026-08-15T12:48:34+00:00,REDMI 14C = 6GB RAM = 128GB ROM = 5160mAh BATTERY,https://www.daraz.pk/products/14c-6gb-128gb-5160mah-i589638536.html,,false,[],Weight Unknown,[32999.0],daraz.pk/daraz__14c-6gb-128gb-5160mah-i589638536.html.json,4f9652be88641fdca6ca289d68209c2521ab8506d431d603e1f4c855c22d7232,0.62500
617f79f841686f44cfd6320a862572efbcf17b69885c18708dd33d0454f41fa0,2026-08-15T12:38:36+00:00,REDMI 14C = 6GB RAM = 128GB ROM = 5160mAh BATTERY,https://www.daraz.pk/products/14c-6gb-128gb-5160mah-i615809972.html,,false,[],Weight Unknown,[35999.0],daraz.pk/daraz__14c-6gb-128gb-5160mah-i615809972.html.json,40f18f59762437af2723a2b58acd8061d273e25f773b901f35b3d4e4b7bb1b6b,0.62500
c68abaadd0f227583275c32cc93dabe88ab6f3448fa572dd636cc8dcfab87c35,2026-08-15T10:25:50+00:00,Redmi Note 15 Pro || 12GB Ram 512GB Rom || 6500mAh Battery,https://www.daraz.pk/products/15-12-512-6500mah-i1953604590.html,,false,[],Weight Unknown,[119999.0],daraz.pk/daraz__15-12-512-6500mah-i1953604590.html.json,3175427f58f44cb54745d5529c3aa100da67b78bf82bbc6df176e2376d6e89a1,0.33333
78772cc4e73c75917db510a9d21d08e7b4da0fb0618494c750c9e250c2a3ea9a,2026-08-15T14:24:29+00:00,Carrefour Samsung Galaxy A15 Smartphone 128GB Rom 6GB RAM Blue Black (281126),https://www.daraz.pk/products/15-128gb-6gb-281126-i933103235.html,,false,[],Weight Unknown,[54499.0],daraz.pk/daraz__15-128gb-6gb-281126-i933103235.html.json,71ed3856098ac92e9d02dd9b96e654a968271acfcd9976e73dde826b817c019d,0.16667
d987dafd7b4a95e922b4b1ee42015ea8e17107b795993e3dd1b1d4e69c807cab,2026-08-15T11:57:44+00:00,Realme 15 pro || 12GB Ram 512GB Rom || 7000mAh Battery,https://www.daraz.pk/products/15-12gb-1-000-gb-20-000mah-i934321275.html,,false,[],Weight Unknown,[169999.0],daraz.pk/daraz__15-12gb-1-000-gb-20-000mah-i934321275.html.json,0c1862b4aaec02a80556d62c2afee6ce8c0b8c7e9006e2dcf2f0fa1653622e4c,0.33333
f0e7a6f8110466dcab6bfdbe0786a29a0003f426a7ddbfe3629265ff2259c7f5,2026-08-15T11:27:39+00:00,Oppo Reno 15 Pro 512GB - 12GB RAM 512GB - 12GB RAM 200MP Back Camera,https://www.daraz.pk/products/15-12gb-4-gb-12gb-12gb-200mp-i1964953764.html,,false,[],Weight Unknown,[259999.0],daraz.pk/daraz__15-12gb-4-gb-12gb-12gb-200mp-i1964953764.html.json,cd48a1acbc83c7b05c32b71c24a44beafdf7ff6c69bccdac99337c88093eb48e,0.37500
d64dea1f71a6437b2e3a0d2b216ea02b6b07760e39d8c323dc59181fb8af8ed5,2026-08-15T11:10:56+00:00,Redmi Note 15 Pro 12GB RAM 512GB ROM 200MP+8MP+2MP Back Camera 32MP Front Camera 6500 mAh Battery One Year Brand Warranty,https://www.daraz.pk/products/15-12gb-4-gb-200mp-8mp-2mp-32mp-i1957453745.html,,false,[],Weight Unknown,[130000.0],daraz.pk/daraz__15-12gb-4-gb-200mp-8mp-2mp-32mp-i1957453745.html.json,bf544c6727809aca5884f6658abe45f9c4894468ed8cd3c44703eccd6c44f95a,0.33333
2dcde7e549de3504b2f2353f8d80d7d5509986cfed8c96011665bb5b7407989d,2026-08-15T10:22:39+00:00,Redmi Note 15 Pro Plus || 12GB Ram 512GB Rom || 6500mAh Battery,https://www.daraz.pk/products/15-12gb-512gb-6500mah-i1953606520.html,,false,[],Weight Unknown,[169999.0],daraz.pk/daraz__15-12gb-512gb-6500mah-i1953606520.html.json,46970ddc7bb274d39bbbae1e0d040473bfb144ee8b84bd9773be5f70190d0da9,0.37500
dd323a227d94aec9653b183064593a9482892ceff8438388e9808d299f762926,2026-08-15T13:12:16+00:00,Carrefour Samsung Galaxy A15 Smartphone 256GB Rom 8GB RAM Light Blue (281128),https://www.daraz.pk/products/15-256-8-281128-i933100459.html,,false,[],Weight Unknown,[61499.0],daraz.pk/daraz__15-256-8-281128-i933100459.html.json,a025046876d30bcf4c0c4227103b758a4e77acd18bc7547b37fe916bb70b0786,0.16667
964543dc45f596c4b413ca6410d85eeccaa82766302d0dd89cbf5177d62d6e56,2026-08-15T13:32:56+00:00,Carrefour Samsung Galaxy A15 Smartphone 256GB Rom 8GB RAM Blue Black (281129),https://www.daraz.pk/products/15-256-8-281129-i933098675.html,,false,[],Weight Unknown,[61499.0],daraz.pk/daraz__15-256-8-281129-i933098675.html.json,e3fb9190be186a137f4c6fcedf3f3e9f4136cbe1191f2b9bbc1553d1d6f82b06,0.16667
88a337cc59d9a27e463e57b096676ee24f9bdd1cb08eafc7fef3050d46ea774e,2026-08-15T12:31:32+00:00,VGOTEL NEW 15 - 4GB+4GB RAM 64GB ROM - 5000 mAh Battery,https://www.daraz.pk/products/15-3-3gb-64gb-5000-mah-i427534229.html,,false,[],Weight Unknown,[18499.0],daraz.pk/daraz__15-3-3gb-64gb-5000-mah-i427534229.html.json,54bb7699373abb4459212b474ecf125965f613d10acc663dda69fa8ec0495cc1,0.58333
e152482c68ecb397665a688665e1b4d3eacd1260db6bdb6b0b6ed89cb1501b09,2026-08-15T11:13:58+00:00,Redmi 15C - 4GB RAM 128GB ROM 6.9'' Display 6000mAh Battery 33W Fast Charge PTA Approved 1 Year Official Brand Warranty,https://www.daraz.pk/products/15-4-128-69-6000-33-1-i937489281.html,,false,[],Weight Unknown,[48999.0],daraz.pk/daraz__15-4-128-69-6000-33-1-i937489281.html.json,ab07534c6dc9b6c891f6dc8a39bd22865c378f839e5fbc5ad401d844ef75f756,0.37500
85da65ebc43745957e8e8c606c976d64ec0b1c9aca778ba951f54bad2f65b8b0,2026-08-15T09:58:04+00:00,Redmi Note 15 4G - 8GB Ram - 256GB Rom - 6000mAh Battery,https://www.daraz.pk/products/15-4-8-256-6000-i1965830991.html,,false,[],Weight Unknown,[74999.0],daraz.pk/daraz__15-4-8-256-6000-i1965830991.html.json,4408150552a4a98625e2dbc5c365f8380d4858bbe0b342ef90b002593d869658,0.41667
66652d097d2a9976918a1c0bad5f73ef58a02a97d1aab6c45255769da6ce86b2,2026-08-15T10:26:01+00:00,Redmi 15 4G - 8GB Ram - 128GB Rom - 7000mAh Battery,https://www.daraz.pk/products/15-4g-8gb-128gb-7000mah-i1965530692.html,,false,[],Weight Unknown,[55700.0],daraz.pk/daraz__15-4g-8gb-128gb-7000mah-i1965530692.html.json,f3c2fbc054f1eca9a439a025f5ab3e48c7292eb273fa0232d7a102f60a996b21,0.45833
289395745795007a78dd89b3d9d27ec009ea0828137c3e9be12044890a4639f0,2026-08-15T11:45:50+00:00,Redmi Note 15 Pro 4G - 8GB Ram - 256GB Rom - 6500mAh Battery,https://www.daraz.pk/products/15-4g-8gb-256gb-6500mah-i1965337389.html,,false,[],Weight Unknown,[94999.0],daraz.pk/daraz__15-4g-8gb-256gb-6500mah-i1965337389.html.json,c3d57e5f07d1ce9a8ff36ae1ac3adb6459f64d8d159a388e53a8405650a9a27e,0.45833
2003af5f7fbdd8c383336b10a7de48a82d9e7faf60377526ce6580e130008695,2026-08-15T13:10:19+00:00,SPARX NEO 15 PRO = 4GB RAM = 128GB ROM = 5000mAh BATTERY,https://www.daraz.pk/products/15-4gb-128gb-5000mah-i947555071.html,,false,[],Weight Unknown,[26999.0],daraz.pk/daraz__15-4gb-128gb-5000mah-i947555071.html.json,9bb0cc1c3acd6db47482145d9e79a5d07bc678f2f01bcde54e46ba5bb7bd078d,0.25000
1835913dea42e6ab0595691ea21f08ca52ac7acd57ca65135bb1e07fe6b052cb,2026-08-15T13:13:46+00:00,SPARX NEO 15 PRO = 4GB RAM = 128GB ROM = 5000mAh BATTERY,https://www.daraz.pk/products/15-4gb-128gb-5000mah-i947558075.html,,false,[],Weight Unknown,[26999.0],daraz.pk/daraz__15-4gb-128gb-5000mah-i947558075.html.json,9bb0cc1c3acd6db47482145d9e79a5d07bc678f2f01bcde54e46ba5bb7bd078d,0.25000
01d12fceab028cc579485546b62c472d18df3f899b0f4e826c54abe9aee32d37,2026-08-15T14:43:05+00:00,SPARX NEO 15 = 4GB RAM = 64GB ROM = 4500mAh BATTERY,https://www.daraz.pk/products/15-4gb-64gb-4500mah-i947534521.html,,false,[],Weight Unknown,[22999.0],daraz.pk/daraz__15-4gb-64gb-4500mah-i947534521.html.json,4fcb844b0bc96ed2b7e6835deeb32dc379faee224b5a768d99c4f20ac030463b,0.25000
545378d93087b9b1a2eae9618bdbcc002c3f94d3fee782f991e0ad63802fada5,2026-08-15T14:09:53+00:00,SPARX NEO 15 = 4GB RAM = 64GB ROM = 4500mAh BATTERY,https://www.daraz.pk/products/15-4gb-64gb-4500mah-i947541414.html,,false,[],Weight Unknown,[23999.0],daraz.pk/daraz__15-4gb-64gb-4500mah-i947541414.html.json,a549b54978019aa83f7895778a9a6c9fe6c529ec9f06359af76e41ed94843873,0.25000
0ca050987d055eaf57eff6e54ae1e97a9bc4774e739688753124529fcf0d634f,2026-08-15T13:04:38+00:00,VGOTEL NEW 15 PRO = 4GB RAM = 64GB ROM = 5000mAh BATTERY,https://www.daraz.pk/products/15-4gb-64gb-5000mah-i676405712.html,,false,[],Weight Unknown,[24999.0],daraz.pk/daraz__15-4gb-64gb-5000mah-i676405712.html.json,f3dd6aae756f6537fc4e7e56c10452bdbcb1ed446158dfe1929c52676b6654a2,0.58333
f7a49dd2b99eb88a78c5d217bc49730e16c7f788ef6f2d211e087ffea3d02f91,2026-08-15T12:55:39+00:00,VGOTEL NEW 15 = 4GB RAM = 64GB ROM = 5000mAh BATTERY,https://www.daraz.pk/products/15-4gb-64gb-5000mah-i752145738.html,,false,[],Weight Unknown,[18499.0],daraz.pk/daraz__15-4gb-64gb-5000mah-i752145738.html.json,75634df7192a2da90066c0b945e0e119b327176d476921f7ebd80c875c436e02,0.58333
9bd3b9b05782755af4f25d86e25a56ac3259971834876b31fb05fbab67d331b5,2026-08-15T12:29:15+00:00,VGOTEL NEW 15 PRO = 4GB RAM = 64GB ROM = 5000mAh BATTERY,https://www.daraz.pk/products/15-4gb-64gb-5000mah-i832342117.html,,false,[],Weight Unknown,[24999.0],daraz.pk/daraz__15-4gb-64gb-5000mah-i832342117.html.json,f3dd6aae756f6537fc4e7e56c10452bdbcb1ed446158dfe1929c52676b6654a2,0.58333
5a6eff58e7be0fef8ccd13bc15771a19034b49f11d4762485339b54145f4f0f6,2026-08-15T11:50:19+00:00,Oppo Reno 15 5G Ai-Smartphone | 12GB + 256GB | 6.59 inches Display | Qualcomm Snapdragon® 7 Gen 4 | 6500mAh Battery With 80 Watt Super Fast Charging | Official PTA Approved With One Year Official Brand Warranty.,https://www.daraz.pk/products/15-5-12-256-659-qualcomm-snapdragon-7-4-6500mah-80-i948566183.html,,false,[],Weight Unknown,[184999.0],daraz.pk/daraz__15-5-12-256-659-qualcomm-snapdragon-7-4-6500mah-80-i948566183.html.json,ffe4141ae7d5ee1ff376db866488b91f0b734df99b0c5c2b2f9fa185cad11538,0.66667
b7aee1bb08ad29a35b6243ce23c89abe81ff801607197dd9280168a2422e3bb7,2026-08-15T11:32:37+00:00,Realme 15 Pro 5G -12GB + 512GB Storage - 50MP 4K Rear and Front OIS Cameras - 7000mAh Large Battery - Snapdragon 7 Gen 4 Chipset - IP69 Dust and Water Resistance,https://www.daraz.pk/products/15-5-12-512-50-4-7000-7-4-69-i927208014.html,,false,[],Weight Unknown,[185999.0],daraz.pk/daraz__15-5-12-512-50-4-7000-7-4-69-i927208014.html.json,37ca762a42d88413cdc1e9002dff7cb4242c0aa16da96b9a4f60320314a8eaf2,0.66667
c41c8db10c6203c7a7836e89b50556cc8c0fb3e06ed98ea932b7f5bbf034a8f3,2026-08-15T13:59:46+00:00,Carrefour OPPO Reno 15F 5G 8+256GB Aurora Blue-307163,https://www.daraz.pk/products/15-5-8256-307163-i1960443737.html,,false,[],Weight Unknown,[134999.0],daraz.pk/daraz__15-5-8256-307163-i1960443737.html.json,a223fda3435ff7247284ef29b43dc0f0dacaa9faae395003916c40493652a929,0.12500
d7b47c6106241e3ed9d3f3e8b380e194b67ad2666a490d047ab74470cab1f3e6,2026-08-15T11:17:54+00:00,Carrefour OPPO Reno 15F 5G 8+256GB Twilight Blue-307164,https://www.daraz.pk/products/15-5-8256-307164-i1961170673.html,,false,[],Weight Unknown,[134999.0],daraz.pk/daraz__15-5-8256-307164-i1961170673.html.json,4f7cf18caad2305acc0ee6738cfb85da18d2979dd8299f12ead1d5cc142b18e2,0.12500
332f24c40325c5910ace3c84e49dbe04358de93b7751860e28c2b8494591747a,2026-08-15T15:03:57+00:00,Carrefour Oppo Reno 15 5G 12GB+256GB White-307160,https://www.daraz.pk/products/15-5g-12gb256gb-307160-i1961126755.html,,false,[],Weight Unknown,[179999.0],daraz.pk/daraz__15-5g-12gb256gb-307160-i1961126755.html.json,ddecc030509d3b5e7c754f8a4fcf07e6f0f442143767e4b94c2ba3f082744aee,0.12500
b3548f24d640069ba11ec02cb5c2f819fac1931c61bb1d04199182f7a5e17361,2026-08-15T14:26:59+00:00,Carrefour Oppo Reno 15 5G 12GB+256GB Blue-307161,https://www.daraz.pk/products/15-5g-12gb256gb-307161-i1961120774.html,,false,[],Weight Unknown,[185000.0],daraz.pk/daraz__15-5g-12gb256gb-307161-i1961120774.html.json,b5b5d29dbb40b69244901c5f52a8ef7ea165e15a6a85a824e790f8aaaad2c6e9,0.12500
4c56909c044af027f7c6309db0a639503c371c5616eae64df3742de0605d7577,2026-08-15T14:44:01+00:00,Carrefour Oppo Reno 15 5G 12GB+512GB White-307158,https://www.daraz.pk/products/15-5g-12gb512gb-307158-i1960471761.html,,false,[],Weight Unknown,[189999.0],daraz.pk/daraz__15-5g-12gb512gb-307158-i1960471761.html.json,c7956439bf062ef59c473e361e4e07bb849e99c6b3a26b736cf3cd19418e5269,0.12500
334ebfca941e00609409b805a8c914d0afd363ed2b8b9bca58035631ed5c5fa9,2026-08-15T14:41:31+00:00,Carrefour Oppo Reno 15 5G 12GB+512GB Blue-307159,https://www.daraz.pk/products/15-5g-12gb512gb-307159-i1960443736.html,,false,[],Weight Unknown,[189999.0],daraz.pk/daraz__15-5g-12gb512gb-307159-i1960443736.html.json,03200ed0e0c77dde6132689a6604e8dd1ecf93994608cb7750220f9a7dc7056e,0.12500
4f07570a9da1a67a5eac45bab987ddd3454931eebfec3203f749fa7d54c6048f,2026-08-15T11:50:39+00:00,Realme 15 Pro 5G - 144Hz HyperGlow 4D Curve+ LCD - 6.8 Inches Display - 12GB RAM 512GB ROM - 50MP Front Camera - 50MP+50MP Rear Camera - Snapdragon 7 Gen 4 Chipset - Dual SIM - 7000mAh Battery,https://www.daraz.pk/products/15-5g-144hz-4d-lcd-68-12gb-1-gb-50mp-50mp-50mp-7-4-7000mah-i930855016.html,,false,"[""Flowing Silver"",""Velvet Green""]",Weight Unknown,[170000.0],daraz.pk/daraz__15-5g-144hz-4d-lcd-68-12gb-1-gb-50mp-50mp-50mp-7-4-7000mah-i930855016.html.json,6468fd7c719c9e05731a5ca7f7986bffba011172ebdfb7d2ddeaa6bf3091de52,0.66667
f844df690290555a33ef03289bc54881784dd047b93783f075c8526a9280055d,2026-08-15T11:43:59+00:00,Realme 15 Pro 5G - 6.8 Inches Display - 12GB RAM 512GB ROM - 50MP Front Camera - 50MP+50MP Rear Camera - Dual SIM - 7000mAh Battery,https://www.daraz.pk/products/15-5g-68-12gb-512gb-50mp-50mp-50mp-7000mah-i930855015.html,,false,[],Weight Unknown,[165000.0],daraz.pk/daraz__15-5g-68-12gb-512gb-50mp-50mp-50mp-7000mah-i930855015.html.json,8823e52770ed744ab193fcd2bec957751cc4ef88e2a23685493bc12e79615886,0.33333
db169f3f033fa74d0e549b76cea72e467ba2fbe192c3d1508d3a3aac36c4a43c,2026-08-15T10:56:31+00:00,Oppo Reno 15 5G Ai-Smartphone | 12GB - 512GB | 6.59 inches Display | Qualcomm Snapdragon® 7 Gen 4 | 6500mAh Battery With 80 Watt Super Fast Charging | Official PTA Approved With One Year Official Brand Warranty.,https://www.daraz.pk/products/15-5g-ai-12gb-7-4-4-mah-80-pta-i1947239734.html,,false,[],Weight Unknown,[199999.0],daraz.pk/daraz__15-5g-ai-12gb-7-4-4-mah-80-pta-i1947239734.html.json,3c79b891894c69093355108e41d3579e9aaaee351611a5f8080abebc88cdcade,0.66667
f19dc83bab58c164ec2a0d542ad9e589f7868352aab88aa6ca58ca54b4d20cde,2026-08-15T11:00:14+00:00,Redmi Note 15 - 6.77 Inches Display - 8GB RAM 128GB/256GB ROM - 20MP Front Camera - 108MP+2MP Rear Camera - Dual SIM - 6000mAh Battery,https://www.daraz.pk/products/15-677-8-128-256-20-108-2-6000-i1950922492.html,,false,[],Weight Unknown,[75000.0],daraz.pk/daraz__15-677-8-128-256-20-108-2-6000-i1950922492.html.json,1fd4c8af7cfc9851167dc061a84ac63c2ad8c444418154c55764c38d93be8f23,0.41667
bc4ef0f1a76f89098ae4198579742bdb36c9d664452acecda317cc619a272f5a,2026-08-15T11:38:15+00:00,Redmi Note 15 Pro - 6.77 Inches Display - 8GB RAM 256GB ROM - 32MP Front Camera - 200MP+8MP Rear Camera - Dual SIM - 6500mAh Battery,https://www.daraz.pk/products/15-677-8gb-256gb-32mp-200mp-8mp-6500mah-i1951017731.html,,false,[],Weight Unknown,[100000.0],daraz.pk/daraz__15-677-8gb-256gb-32mp-200mp-8mp-6500mah-i1951017731.html.json,e7811ee9e964f9cb0877460a83a27464a706d9b0ee97a82abbc62234a8137f7a,0.41667
7650601ddddc200915565a48bde091f46a02c7e0e98a436c76b70d6ac5cb1df5,2026-08-15T15:04:10+00:00,"Redmi 15 – 6.9"" 144Hz Display – Snapdragon 6s Gen 3 – 8GB RAM 128GB Storage – 7000mAh Battery 33W Fast Charging – 50MP Dual Camera – Android 15 (Official PTA Approved)",https://www.daraz.pk/products/15-69-144-6-3-8-128-7000-33-50-15-i924431417.html,,false,"[""Midnight Black"",""Titan Gray"",""Sandy Purple""]",Weight Unknown,[56999.0],daraz.pk/daraz__15-69-144-6-3-8-128-7000-33-50-15-i924431417.html.json,1b2590f98609f8279a50da15355cc297195ea3bf6796fc3c5dc7423c5eb2eef7,0.70833
5b92cb48748bbc324f7770cc7658e82d6a6b4ccd31070ed799e9b698478a656b,2026-08-15T10:41:37+00:00,Redmi 15 - 6.9 Inches Display - 8GB RAM 128GB ROM - 8MP Front Camera - 50MP Rear Camera - Snapdragon® 685 Mobile Platform - Dual SIM - 7000mAh Battery,https://www.daraz.pk/products/15-69-8-128-8-50-685-7000-i924515331.html,,false,[],Weight Unknown,[60000.0],daraz.pk/daraz__15-69-8-128-8-50-685-7000-i924515331.html.json,1856087de7fdc5bddcc2e127bee41677ab85a6a73c739373102ebf593dea33b5,0.33333
75a947a2e60eea8c03786c33d7e8ec6a45fbb0487bb633e380fd1747cb7d2fc9,2026-08-15T11:04:42+00:00,Redmi 15 - 6.9 Inches Display - 8GB RAM 128GB ROM - 8MP Front Camera - 50MP Rear Camera - Dual SIM - 7000mAh Battery,https://www.daraz.pk/products/15-69-8-128-8-50-7000-i1947512466.html,,false,"[""Midnight Black"",""Titan Gray"",""Sandy Purple""]",Weight Unknown,[60000.0],daraz.pk/daraz__15-69-8-128-8-50-7000-i1947512466.html.json,054474719f6307ff5ed9dc7380dba44875cff23465bb2a9f136a11bbe8e8ccb9,0.66667
d6fdae9ad7e8462921dc2fc056aebbc3c16c1e959b0306b44127565dc8111d65,2026-08-15T10:59:26+00:00,Redmi 15 - 6.9 Inches Display - 8GB RAM 128GB ROM - 8MP Front Camera - 50MP Rear Camera - Dual SIM - 7000mAh Battery,https://www.daraz.pk/products/15-69-8-128-8-50-7000-i924503574.html,,false,[],Weight Unknown,[60000.0],daraz.pk/daraz__15-69-8-128-8-50-7000-i924503574.html.json,bda11dbc6473b3a5628f6ee411aae2ee570b3cb8c118400d19487298c5628406,0.33333
ee430913ba14b9dbe722ab6c28db311d53f9960daf0527de7e6cc574df9cc5e7,2026-08-15T10:41:28+00:00,Redmi 15 - 6.9'' FHD+ Display 8GB RAM 128GB ROM 50MP Rear Camera 7000mAh Battery 33w Fast Charge PTA Approved 1 Year Official Brand Warranty,https://www.daraz.pk/products/15-69-fhd-8gb-128gb-50mp-7000mah-33-pta-1-i938794413.html,,false,[],Weight Unknown,[59999.0],daraz.pk/daraz__15-69-fhd-8gb-128gb-50mp-7000mah-33-pta-1-i938794413.html.json,99dbd983a9cbc6bd78be8e94c5463fa32e75d2e0b786279cb1b6a046dfb60407,0.33333
e6bd477345318f499c5bc9508375e185866429b52a187e1f25c3da89a1d6b012,2026-08-15T13:39:03+00:00,SPARX NEO 15 ULTRA = 6GB RAM = 128GB ROM = 5000mAh BATTERY,https://www.daraz.pk/products/15-6gb-128gb-5000mah-i947540296.html,,false,[],Weight Unknown,[33999.0],daraz.pk/daraz__15-6gb-128gb-5000mah-i947540296.html.json,30b2da861951bd6d97dcee10cf57e8bd6073d30367a86b5d7c67047d2f529590,0.25000
5203fc78698345102dc9f7f1a795c4179f5e158dfe9fba35bb78dde9d2aa1b11,2026-08-15T13:37:41+00:00,SPARX NEO 15 ULTRA = 6GB RAM = 128GB ROM = 5000mAh BATTERY,https://www.daraz.pk/products/15-6gb-128gb-5000mah-i947541407.html,,false,[],Weight Unknown,[33999.0],daraz.pk/daraz__15-6gb-128gb-5000mah-i947541407.html.json,30b2da861951bd6d97dcee10cf57e8bd6073d30367a86b5d7c67047d2f529590,0.25000
9c6af201a5815e8e7476b1eb3f2f8e260f92a0891891ff8210a30024523e734e,2026-08-15T11:25:30+00:00,Redmi 15 8GB RAM 128GB ROM 50MP main camera 8MP front camera 7000mAh Battery One Year Brand Warranty,https://www.daraz.pk/products/15-8gb-128gb-50mp-8mp-1-mah-i920459424.html,,false,[],Weight Unknown,[60000.0],daraz.pk/daraz__15-8gb-128gb-50mp-8mp-1-mah-i920459424.html.json,0ba254f0686ca338e1e0a4ac6dd2e8f86bfe69114dc0d1957f9589bddd20eb4b,0.33333
e7fca76d65a577ae18a0a5169e30c25afea69824b4c070849152ed1e1231f657,2026-08-15T13:43:17+00:00,REDMI NOTE 15 = 8GB RAM = 128GB ROM = 6000mAh BATTERY,https://www.daraz.pk/products/15-8gb-128gb-6000mah-i1953905022.html,,false,[],Weight Unknown,[83999.0],daraz.pk/daraz__15-8gb-128gb-6000mah-i1953905022.html.json,d14a3acbdfdce9d39cbb1e54d50454c1e57b86a9ddcbbf9fc32d54f377951140,0.37500
50122e489b2a391ea75421c0b21bcf40da0dc3f7938453d60576c3b00c4a8e61,2026-08-15T14:48:58+00:00,REDMI 15 = 8GB RAM = 128GB ROM = 7000mAh BATTERY,https://www.daraz.pk/products/15-8gb-128gb-7000mah-i924483549.html,,false,[],Weight Unknown,[54999.0],daraz.pk/daraz__15-8gb-128gb-7000mah-i924483549.html.json,2307a3d1d4f61dadd70d542850e853ef28c4c5d04119af3e935b0d70194b50f8,0.33333
5de090288440b21146ad3c206e607e18dc11b1528da1315a72813143bfd7c8f8,2026-08-15T14:08:40+00:00,REDMI 15 = 8GB RAM = 128GB ROM = 7000mAh BATTERY,https://www.daraz.pk/products/15-8gb-128gb-7000mah-i924604653.html,,false,[],Weight Unknown,[56999.0],daraz.pk/daraz__15-8gb-128gb-7000mah-i924604653.html.json,d86fcb217b50850ebbd3c34a1ec01629b3cf4a92fd182b6ff5b6304d1d368cd9,0.33333
8462d5ef255974471a27e93f862493769638066ad29660ab1fdda77992f2bb64,2026-08-15T10:42:37+00:00,Redmi Note 15 8GB RAM 128GB/256GB ROM 108MP Back Camera 20MP Front Camera 6000mAh Battery One Year Brand Warranty,https://www.daraz.pk/products/15-8gb-128gb256gb-108mp-20mp-6000mah-i1957736735.html,,false,[],Weight Unknown,[80000.0],daraz.pk/daraz__15-8gb-128gb256gb-108mp-20mp-6000mah-i1957736735.html.json,92c4cdb5e4da2f4aec919bb28dc6536a33316d3698e7508d06ffe3868464a84c,0.37500
5412a7dd555027bd19a920d091e649f5d66015bea10815f80f68d55b37600a36,2026-08-15T10:52:56+00:00,Redmi Note 15 Pro 8GB RAM 256GB ROM 200MP+8MP+2MP Back Camera 32MP Front Camera 6500 mAh Battery One Year Brand Warranty,https://www.daraz.pk/products/15-8gb-256gb-200mp8mp2mp-32mp-6500-mah-i1957461198.html,,false,[],Weight Unknown,[110000.0],daraz.pk/daraz__15-8gb-256gb-200mp8mp2mp-32mp-6500-mah-i1957461198.html.json,eb0f92a8709abbb6010afc0979d4e335ab3c389f99ae1920d4fbb78ea1cf7ba3,0.33333
3bcc3566ba25704f623120e18b18baf1c222a3aa5d8ef64868b6b31d651d16d0,2026-08-15T15:13:51+00:00,REDMI NOTE 15 = 8GB RAM = 256GB ROM = 6000mAh BATTERY,https://www.daraz.pk/products/15-8gb-256gb-6000mah-i1953905011.html,,false,[],Weight Unknown,[89999.0],daraz.pk/daraz__15-8gb-256gb-6000mah-i1953905011.html.json,2e5d91088e01bd4faeaa327582da8e6f2bc9f12ba4d00a7961e3169141fd4367,0.37500
c0e5ff4851d63bdeae0c666a5fc205c9c17c55d83307694c01434b30b9152f56,2026-08-15T11:43:32+00:00,Redmi Note 15 Pro || 8GB Ram 256GB Rom || 6500mAh Battery,https://www.daraz.pk/products/15-8gb-256gb-6500mah-i1953688126.html,,false,[],Weight Unknown,[97999.0],daraz.pk/daraz__15-8gb-256gb-6500mah-i1953688126.html.json,f18509dadd94dc93483a94ce27bd715ae17f002773c1ca26bb35d708b9e2a437,0.33333
e6b7e10f832f63fbcf2443d8f515babf20317739a651a16a0a88273b138d235f,2026-08-15T10:59:06+00:00,Redmi Note 15 || 8GB Ram || 6000mAh Batttery,https://www.daraz.pk/products/15-ace-8gb-6000mah-i1953716011.html,,false,[],Weight Unknown,[71999.0],daraz.pk/daraz__15-ace-8gb-6000mah-i1953716011.html.json,88b8c36ea31184e9d49c6bbe725f3b86a8b49d35f31a52e966ef282abcdd6e73,0.37500
66b4d79c7d6d8c1cd01fdbbbaf44793fa3c7357eadb8f035fca59b329656b7f7,2026-08-15T09:31:44+00:00,"Redmi 15 || 8GB + 8GB Extended Ram 128GB Rom || 6.9"" FHD+ Dot Display || Li-ion Si-Ca 7000 mAh - Fast battery 33W wired",https://www.daraz.pk/products/15-ace-8gb-8gb-8gb-fhd-ace-li-ion-si-ca-128-mah-33w-i414214979.html,,false,[],Weight Unknown,[59999.0],daraz.pk/daraz__15-ace-8gb-8gb-8gb-fhd-ace-li-ion-si-ca-128-mah-33w-i414214979.html.json,ccba09c52d10d00d48471dc71eef1f5e794fe54bfdcd6df1bf00d847c20774a3,0.33333
b16ee733d65ffe0f307b6e2fc2ac3967b67832ad5e4cc09f622efded32ccbeb5,2026-08-15T11:35:26+00:00,Redmi Note 15 Pro - AMOLED LCD - 6.77 Inches Display - 8GB RAM 256GB ROM - 32MP Front Camera - 200MP+8MP Rear Camera - MediaTek Helio G200-Ultra - Dual SIM - 6500mAh Battery,https://www.daraz.pk/products/15-amoled-lcd-677-8-256-32-200-8-200-6500-i1951268539.html,,false,"[""Titanium Color"",""Glacier Blue"",""Black""]",Weight Unknown,[100000.0],daraz.pk/daraz__15-amoled-lcd-677-8-256-32-200-8-200-6500-i1951268539.html.json,ce6a9f06bc4c15dd672026e209fa070dca22f5ac66ca36758e903f1d2fb0416c,0.66667
be3131da990cb121a19a60afb1daea0122e1d7e50b045eac9f2f3a6a5ee844a9,2026-08-15T10:50:45+00:00,Redmi Note 15 - AMOLED LCD - 6.77 Inches Display - 8GB RAM 128GB/256GB ROM - 20MP Front Camera - 108MP+2MP Rear Camera - Dual SIM - 6000mAh Battery,https://www.daraz.pk/products/15-amoled-lcd-677-8gb-ram-128gb256gb-rom-20mp-108mp2mp-6000mah-i1950980400.html,,false,[],Weight Unknown,[75000.0],daraz.pk/daraz__15-amoled-lcd-677-8gb-ram-128gb256gb-rom-20mp-108mp2mp-6000mah-i1950980400.html.json,1f9eb36d928477e52e24b29712027a1f15c74ecb2019f4bfd0da423742fe299d,0.41667
0b1194933ac80594b6dd76d012d296384805e069e50889d10be2abd78e256dd1,2026-08-15T11:35:56+00:00,REDMI 15 II 8GB RAM 128GB ROM II 7000 MAH BATTREY,https://www.daraz.pk/products/15-ii-8gb-128gb-ii-7000-mah-i924570622.html,,false,[],Weight Unknown,[56999.0],daraz.pk/daraz__15-ii-8gb-128gb-ii-7000-mah-i924570622.html.json,1328666519a0c44e7d642a663fc82599ba82bd1fcde4eb9a4d3932f902d40c12,0.33333
4eb82852a9ee8c6f941665b546f116d3954608740eacf26c74962f31e5a26d2a,2026-08-15T11:20:33+00:00,Redmi Note 15 Pro - AMOLED LCD - 6.77 Inches Display - 8GB RAM 256GB ROM - 32MP Front Camera - 200MP+8MP Rear Camera - Dual SIM - 6500mAh Battery,https://www.daraz.pk/products/15-lcd-677-8gb-256gb-32mp-200mp-8mp-6500mah-i1951021668.html,,false,[],Weight Unknown,[100000.0],daraz.pk/daraz__15-lcd-677-8gb-256gb-32mp-200mp-8mp-6500mah-i1951021668.html.json,dbe1b261e63352c5c2ce6bea2ebd6d852d272eb8dd2831327b235035704f7c09,0.41667
4e9745194ff512a1a51cf514ae73074b7af278bfb8b744a7ed778db60d3da6d2,2026-08-15T12:54:35+00:00,"Nokia 150 mobile, PTA Approved dual sim 1 Year official Brand Warranty",https://www.daraz.pk/products/150-pta-1-i801080058.html,,false,[],Weight Unknown,[15999.0],daraz.pk/daraz__150-pta-1-i801080058.html.json,fc33fdeffc7c7914be868f7a3900e7544cccaaa16a73fa0668c8fcd5905cfb2e,0.20833
6fc1832b86864b76507626e6aeb41cf3bd7535dc4c1220715767c4facc519fde,2026-08-15T11:50:57+00:00,Redmi 15C || 4GB Ram 128GB Rom || 6000mAh Battery || 33W Charging,https://www.daraz.pk/products/15c-4gb-128gb-6000mah-33-i922426332.html,,false,[],Weight Unknown,[39999.0],daraz.pk/daraz__15c-4gb-128gb-6000mah-33-i922426332.html.json,130740b6978d11b02f14a431d762d6769df9ee02bea81cf0353ef4d25f4dec01,0.37500
4bf9a7822bed07745943e7af99571ec08c670e832ad092f0af0c732551475550,2026-08-15T15:16:09+00:00,REDMI 15C = 4GB RAM = 128GB ROM = 6000mAh BATTERY,https://www.daraz.pk/products/15c-4gb-128gb-6000mah-i922610165.html,,false,[],Weight Unknown,[41999.0],daraz.pk/daraz__15c-4gb-128gb-6000mah-i922610165.html.json,b028bea2c99130e63dde8302917795e309f2c955cf910e46810dc0d4b8396bc2,0.41667
e0bdb7da823d1581922ce91488998f0284241680d76459b827bdf0d492fd99ec,2026-08-15T15:04:39+00:00,REDMI 15C = 4GB RAM = 128GB ROM = 6000mAh BATTERY,https://www.daraz.pk/products/15c-4gb-128gb-6000mah-i923141865.html,,false,[],Weight Unknown,[35999.0],daraz.pk/daraz__15c-4gb-128gb-6000mah-i923141865.html.json,e3ad383102eaaf44cb2f946760799c8aefee1b4229b93309ccff9981369bdf52,0.41667
f00e28026d0324d7ff7c1f16cf205bae2e24e6a59e0d5b7a65dbcbcb29edda8e,2026-08-15T11:51:59+00:00,Redmi 15C - 6.9 Inches Display - 4GB RAM 128GB ROM - 8MP Front Camera - 50MP Rear Camera - Dual SIM - 6000mAh Battery,https://www.daraz.pk/products/15c-69-4gb-128gb-8mp-50mp-6000mah-i923624668.html,,false,[],Weight Unknown,[46000.0],daraz.pk/daraz__15c-69-4gb-128gb-8mp-50mp-6000mah-i923624668.html.json,3e3f797123919e5d7393b45839fbe45f9c709154840023c883b0d7d747f08a2a,0.33333
0b5a3edf45d549a3826de1a64cbd946f633308ee31c0bc2d8afce93119f147b6,2026-08-15T10:45:35+00:00,Redmi 15C || 6GB Ram 128GB Rom || 6000mAh Battery || 33W Charging,https://www.daraz.pk/products/15c-6gb-1-000-gb-33-i922432172.html,,false,[],Weight Unknown,[49999.0],daraz.pk/daraz__15c-6gb-1-000-gb-33-i922432172.html.json,bd6b1b279c51367b3b3971253c9f49c8d0587831d80ad4d547d284e51467a16f,0.37500
4c6f819f63b67d368751e4fc0d3a7bc2020a13d4aa63d52790f575918b7817b5,2026-08-15T13:16:06+00:00,REDMI 15C = 6GB RAM = 128GB ROM = 6000mAh BATTERY,https://www.daraz.pk/products/15c-6gb-128gb-6000mah-i922582891.html,,false,[],Weight Unknown,[44999.0],daraz.pk/daraz__15c-6gb-128gb-6000mah-i922582891.html.json,1f214164c178c3f8857e665599471184c3c78ca39bde2a0c7ba72954c965f938,0.41667
335320bbb590f74eadc5e6166f749bde6fc5d4d3f219591ba577c18285fc1578,2026-08-15T14:57:49+00:00,REDMI 15C = 6GB RAM = 128GB ROM = 6000mAh BATTERY,https://www.daraz.pk/products/15c-6gb-128gb-6000mah-i923145820.html,,false,[],Weight Unknown,[38999.0],daraz.pk/daraz__15c-6gb-128gb-6000mah-i923145820.html.json,7a0f56c9f93dbfb5c4265ffe0eaf4530d2450de97968da51af53af644bfa7247,0.41667
ebff9854da3fe1c2ba4782ca10d2e6940346f611de94d48547c2f857b679a745,2026-08-15T09:30:16+00:00,"Redmi 15C || 6GB + 128GB || 6.9"" Dot Drop display 120Hz, IP64 || 6000mAh Battery 33W fast charging || MediaTek Helio G81-Ultra processor",https://www.daraz.pk/products/15c-6gb-128gb-dot-drop-69-hz-ip64-120-mah-33w-ace-6000-i429690781.html,,false,[],Weight Unknown,[47999.0],daraz.pk/daraz__15c-6gb-128gb-dot-drop-69-hz-ip64-120-mah-33w-ace-6000-i429690781.html.json,0cfb184b9e8d64c8e6d66876283ae9b4a1898f0f885e10d131a6a90b85ecdacc,0.45833
0dbb0579b19e0688954b639ee64d6434818e251921959363dc78776c30ce1b60,2026-08-15T11:50:48+00:00,Redmi 15C - 6.9 Inches Display - 6GB RAM 128GB ROM - 8MP Front Camera - 50MP Rear Camera - Dual SIM - 6000mAh Battery,https://www.daraz.pk/products/15c-6gb-69-gb-128-mah-i923633565.html,,false,[],Weight Unknown,[51000.0],daraz.pk/daraz__15c-6gb-69-gb-128-mah-i923633565.html.json,a4e730ba9e63cdfa7a4695fd824e4c0b75653b6be3446f6eb5d8fbe5744692c2,0.33333
63d89b012ac7a41eec9a721e5562416e07425425380defafc79c2b68303bcb80,2026-08-15T11:41:23+00:00,"Oppo Reno 15F 8GB Ram 256GB Rom 5G 6.57"" AMOLED Display 7000 mAh Battery 80W Fast Charging PTA Approved",https://www.daraz.pk/products/15f-8gb-5-gb-5g-256-657-mah-80-pta-i1963988421.html,,false,[],Weight Unknown,[134999.0],daraz.pk/daraz__15f-8gb-5-gb-5g-256-657-mah-80-pta-i1963988421.html.json,f0b60213524447bbfe446fe0da60ad13159829460195642fc40d7bb36d5e4bcd,0.45833
672955cd3f8529917e20b5590fc562d59bcd40debd670cddc155a4a9efda1c52,2026-08-15T10:12:37+00:00,Realme 15T 5G Mobile Phone - 8GB + 256GB - 50MP Front & Rear AI Cameras - 7000mAh Titan Battery 60W Fast Charge - IP66/68/69 Water Resistance - Official PTA Approved,https://www.daraz.pk/products/15t-5g-8-256-50-7000-60-666869-i927260311.html,,false,"[""Flowing Silver"",""Suit Titanium""]",Weight Unknown,[101999.0],daraz.pk/daraz__15t-5g-8-256-50-7000-60-666869-i927260311.html.json,6d92ef89a92094d0555eaf15f3fcf159f29dce2555a152f2a909fb8588b636b3,0.70833
86650bbcf3676729b079f05c71c4245ed08daa6d4ba1170e6b89eea74d440a65,2026-08-15T13:32:37+00:00,REALME 15T 5G = 8GB RAM = 256GB ROM = 7000mAh BATTERY,https://www.daraz.pk/products/15t-5g-8gb-256gb-7000mah-i930326794.html,,false,[],Weight Unknown,[80999.0],daraz.pk/daraz__15t-5g-8gb-256gb-7000mah-i930326794.html.json,7ae8f5d01f534592c0acc6291ca847e1bf2b1fc20cb588d3d2ff7281aaad7324,0.37500
24513215947e0f7c97c35a275be9f794e009cccdf2dba11b65fbb2b93424ae25,2026-08-15T12:38:26+00:00,VGOTEL NEW 16 = 4GB RAM = 64GB ROM = 5000mAh BATTERY,https://www.daraz.pk/products/16-4gb-64gb-5000mah-i752201026.html,,false,[],Weight Unknown,[19499.0],daraz.pk/daraz__16-4gb-64gb-5000mah-i752201026.html.json,70375fee5a4a7bd8074ddf694dbe7b6ca24f54d4948c7f5a500592a321bfa9ff,0.62500
68389bf2104988ca1640c1b15b14b34fe294be780d1e7c497e7dcf27f25e122e,2026-08-15T13:20:30+00:00,VGOTEL NEW 16 PRO = 4GB RAM = 64GB ROM = 6000mAh BATTERY,https://www.daraz.pk/products/16-4gb-64gb-6000mah-i913614145.html,,false,[],Weight Unknown,[28999.0],daraz.pk/daraz__16-4gb-64gb-6000mah-i913614145.html.json,2ef4ea773121bd1efd90de66f3258e77e834700f3fabb52ed4923141dee47e89,0.58333
c9bc65164472a96ef158b15d03d4a9b2d33a97de57fe12b5823b398fd0e1b9a8,2026-08-15T11:25:40+00:00,VGOTEL NEW 16 PRO = 4GB RAM = 64GB ROM = 6000mAh BATTERY,https://www.daraz.pk/products/16-4gb-64gb-6000mah-i913630395.html,,false,[],Weight Unknown,[28999.0],daraz.pk/daraz__16-4gb-64gb-6000mah-i913630395.html.json,2ef4ea773121bd1efd90de66f3258e77e834700f3fabb52ed4923141dee47e89,0.58333
945f786eb090a12ef96a62ea06e0d3af8b98dae30f5f081f97657bc1f5cd18c8,2026-08-15T10:22:59+00:00,Realme 16 5G 8GB RAM 256GB ROM 50MP Back Camera 50MP Front Camera 7000 mAh Battery One Year Brand Warranty,https://www.daraz.pk/products/16-5g-8gb-256gb-50mp-50mp-1-mah-i1956903226.html,,false,[],Weight Unknown,[145000.0],daraz.pk/daraz__16-5g-8gb-256gb-50mp-50mp-1-mah-i1956903226.html.json,4ff9a7a8e7eda3c3cb32eb214098d246064bc75ea1209a6fcbba1af6266e46a0,0.41667
51a75a724ee15a452f3ba21aa7f520ae28e2b98c526ebb4ee8b867fb3bb80edd,2026-08-15T10:33:39+00:00,16pro box pack one year warranty,https://www.daraz.pk/products/16-i1950266043.html,,false,[],Weight Unknown,[7000.0],daraz.pk/daraz__16-i1950266043.html.json,3a6d4c5fcbce28039fd007caf9be0b75e7bc66bb93893dba93f6c48c8a2faff9,0.20833
a816885a3800a62d6c8601ca8c97c5be4249967bc8997c81adde7a100c54b5d6,2026-08-15T13:30:43+00:00,16pro box pack one year warranty,https://www.daraz.pk/products/16pro-box-pack-one-year-warranty-i1961462474.html,,false,[],Weight Unknown,[5500.0],daraz.pk/daraz__16pro-box-pack-one-year-warranty-i1961462474.html.json,97dd7bf16f95a6057b36a154574dde58038339546cdef0b58100c51d48d58e0c,0.20833
3c88b6d32f684a4a7afd37c1ed17d1cd4fdc88471e104e376e2a697e11463dec,2026-08-15T13:20:10+00:00,Samsung Galaxy A17 With 25W Charger – 6GB RAM + 128GB Storage | 50MP Triple Camera OIS | 6.7” Super AMOLED Display | Exynos 1330 (5nm) | Gorilla Glass Victus | 5000mAh Battery 25W Fast Charging | Android 15 (OneUI 7.0),https://www.daraz.pk/products/17-25-6-128-50mp-ois-67-1330-5nm-5000mah-25w-15-70-i932074726.html,,false,"[""Black"",""Gray"",""Blue""]",Weight Unknown,[74999.0],daraz.pk/daraz__17-25-6-128-50mp-ois-67-1330-5nm-5000mah-25w-15-70-i932074726.html.json,186b29ac7166ff200d1ea763821aee3e97ec6d5e86d7d224701faa7528e16dbf,0.70833
9980ce87d8005e036ba03deb1ed92bea80354856e257c613bfe1322d1413b7e0,2026-08-15T11:27:07+00:00,Samsung Galaxy A17 With 25W Charger – 8GB RAM + 256GB Storage | 50MP Triple Camera OIS | 6.7” Super AMOLED Display | Exynos 1330 (5nm) | Gorilla Glass Victus | 5000mAh Battery 25W Fast Charging | Android 15 (OneUI 7.0),https://www.daraz.pk/products/17-25-8-256-50mp-ois-67-1330-5nm-5000mah-25w-15-70-i929931483.html,,false,"[""Black"",""Gray"",""Blue""]",Weight Unknown,[89999.0],daraz.pk/daraz__17-25-8-256-50mp-ois-67-1330-5nm-5000mah-25w-15-70-i929931483.html.json,2ef719b3f9856d81fe2627a4ba4d408944b0d8543c969fadad268fa791272420,0.70833
b7bc5ca7af9d61903a2b299f8b84bce10105adb7bc5872ba985223a1d3dc83d0,2026-08-15T10:08:26+00:00,Vivo Y17 Phone | 4GB RAM 128GB Storage | 5000 MAH Battery | Dual Sim | 6 Inch Big Notch Display | FingerPrint Sensor | Fast Charging Option | PTA Approve × Memory Card Support | Box Charger & Phone | Mobile Phone On Installment,https://www.daraz.pk/products/17-4-128-5000-6-i1950750354.html,,false,[],Weight Unknown,[37667.0],daraz.pk/daraz__17-4-128-5000-6-i1950750354.html.json,b2fadb1b9cb3dc06ca6db0336bb7ea7bd69814fdea934acad0660ae6497793d2,0.29167
e0b1d6a254bfa7e700bf9156842c2d76ff3d9b4ccba8b83bdf716ab5ac2ff399,2026-08-15T14:13:29+00:00,VGOTEL NEW 17 = 4GB RAM = 64GB ROM = 5000mAh BATTERY,https://www.daraz.pk/products/17-4gb-64gb-5000mah-i930333301.html,,false,[],Weight Unknown,[26999.0],daraz.pk/daraz__17-4gb-64gb-5000mah-i930333301.html.json,41b9e93f7320626f4ac0926192c3f4482b1fc40c3330fc626c16927ad20287da,0.33333
6887f5c6f37566c13fc2c8f61efc61ed97a65b7b446054907b6429747c2c5b84,2026-08-15T14:13:16+00:00,VGOTEL NEW 17 = 4GB RAM = 64GB ROM = 5000mAh BATTERY,https://www.daraz.pk/products/17-4gb-64gb-5000mah-i932052903.html,,false,[],Weight Unknown,[26499.0],daraz.pk/daraz__17-4gb-64gb-5000mah-i932052903.html.json,f27527fed116af1a3792e691ee64e7bc24641f1cea97ba0a05994cb81c76e077,0.33333
9d0472d6439ef7dbe90d048b6a1a9d77eca6fc4e564d6dbdafcada3040f0abdd,2026-08-15T15:21:51+00:00,Samsung Galaxy A17 6GB RAM + 128GB Storage | 50MP Triple Camera | Gorilla Glass Victus,https://www.daraz.pk/products/17-6-128-50-i914660289.html,,false,"[""Black"",""Gray"",""Blue""]",Weight Unknown,[79999.0],daraz.pk/daraz__17-6-128-50-i914660289.html.json,0ff66b8979b7b3b32b2c9ac92b4b0b30d05c4cd542fa638ea837f10aa1ff77bb,0.66667
182c514865dfa11373f45782a0ede83892f9c82575f10d7d4e069c280a8ea77f,2026-08-15T10:02:42+00:00,Samsung Galaxy A17 - ROM 6.7'' AMOLED Display 6GB RAM 128GB 500mAh Battery PTA Approved 1 Year Official Brand Warranty,https://www.daraz.pk/products/17-6-128-67-500-1-i924767299.html,,false,[],Weight Unknown,[75999.0],daraz.pk/daraz__17-6-128-67-500-1-i924767299.html.json,afa6f737f496c8b1b8b101a03a640d83f7febf7be5f8222ec106d6b5a2ef95e8,0.41667
e665d755e5002b5a5e18d97a0a4715732f7281b700a9896171b8e1dfb4128342,2026-08-15T10:18:13+00:00,Samsung A17 - Super AMOLED LCD - 6.7 Inches Display - 6GB RAM 128GB ROM - 13MP Front Camera -50MP+5MP+2MP Rear Camera - Dual SIM - 5000mAh Battery,https://www.daraz.pk/products/17-67-6-128-13-50-5-2-5000-i926628798.html,,false,[],Weight Unknown,[66000.0],daraz.pk/daraz__17-67-6-128-13-50-5-2-5000-i926628798.html.json,fd2c911ce6f876d7f10b2a136993136dd3d1e2656fed1d86a0026416518dcedb,0.62500
bfe76d30f5ae51d686a2417f234d5f055a88af891eba83267c138ab8158e6fac,2026-08-15T10:02:18+00:00,Samsung A17 - Super AMOLED LCD - 6.7 Inches Display - 8GB RAM 256GB ROM - 13MP Front Camera -50MP+5MP+2MP Rear Camera - Exynos 1330- Dual SIM - 5000mAh Battery,https://www.daraz.pk/products/17-67-8-256-13-50-5-2-1330-5000-i926774211.html,,false,"[""Black"",""Gray"",""Blue""]",Weight Unknown,[83000.0],daraz.pk/daraz__17-67-8-256-13-50-5-2-1330-5000-i926774211.html.json,210cb68a58d774662e16325cd4edcf2534a1e53e0db9eea933f866ad00906ef2,0.66667
032a78ba99c77ef679797fc787b656e02912379b6e521273d8aa8842abdc3752,2026-08-15T11:27:25+00:00,Samsung Galaxy A17 – 8GB RAM + 256GB Storage | 50MP Triple Camera OIS 5000mAh Battery 25W Fast Charging | Android 15 (OneUI 7.0),https://www.daraz.pk/products/17-8-256-50mp-ois-5000mah-25w-15-70-i914650812.html,,false,"[""Black"",""Gray"",""Blue""]",Weight Unknown,[109999.0],daraz.pk/daraz__17-8-256-50mp-ois-5000mah-25w-15-70-i914650812.html.json,f62682b00a59606facc0f0f5db4fd2235a96a6fdce1b10383617b8a7db7fe5e8,0.70833
aab5260465c51163bd5ee454028381ebb241c258608534855998d29477faed0a,2026-08-15T13:14:12+00:00,Carrefour Samsung Galaxy A17 8+256 Black-304646,https://www.daraz.pk/products/17-8256-304646-i1960499744.html,,false,[],Weight Unknown,[87500.0],daraz.pk/daraz__17-8256-304646-i1960499744.html.json,f0cb7540a19faeecebea98636a756002025f93c80f500f60869efad46e6aa60c,0.12500
e5b81e1e2204a97858362a0b2cc61db2f24b467ef3b4c01e17416ca0fa5b01d8,2026-08-15T13:31:35+00:00,Carrefour Samsung Galaxy A17 8+256 Blue-304647,https://www.daraz.pk/products/17-8256-304647-i1960471760.html,,false,[],Weight Unknown,[87500.0],daraz.pk/daraz__17-8256-304647-i1960471760.html.json,28c8069212f0f7d9c195155b6059ba58bb692fa2cd07e2bda3e282de85b5d34c,0.12500
6f93b0eff2b71031f9629b3e5c8c61a804f7ae84aa9b3b0b655ac035baf71138,2026-08-15T13:11:51+00:00,Carrefour Samsung Galaxy A17 8+256 Grey-304648,https://www.daraz.pk/products/17-8256-304648-i1961138755.html,,false,[],Weight Unknown,[87500.0],daraz.pk/daraz__17-8256-304648-i1961138755.html.json,f09907dc85902324d9c46c2eb974350d2af7e72553a63b8978c60d436b86fbba,0.12500
b8128620de3f1c26bd2efb8559fea1a49a10c017f8d6cdd5f42520a153f630d8,2026-08-15T11:45:00+00:00,Samsung Galaxy A17 II 6Gb Ram 128Gb Rom II 5000mAh,https://www.daraz.pk/products/17-ii-6-128-ii-5000-i934946665.html,,false,[],Weight Unknown,[74999.0],daraz.pk/daraz__17-ii-6-128-ii-5000-i934946665.html.json,b3ed02218e7aad8db7998b3452dd851a2993fc3014e116d20221a9dc3ddf8d26,0.41667
7466e1a8f30d534fd7105897ee6fa50369d4ea452730217193ee50da4462046c,2026-08-15T11:53:05+00:00,Samsung Galaxy A17 II 8Gb Ram 256Gb Rom II 5000mAh,https://www.daraz.pk/products/17-ii-8-256-ii-5000-i934940744.html,,false,[],Weight Unknown,[89999.0],daraz.pk/daraz__17-ii-8-256-ii-5000-i934940744.html.json,dff28032857ebb8948be71addff0cef88891ba8d2cf4568cee4316755458e7a4,0.41667
8b86886ceaa2ef30f3317f0faaffbb0a43ae5e252f3c0847cf2e9860d77befe5,2026-08-15T11:55:19+00:00,Xiaomi 17T Pro || 12G Ram 512GB Rom || 7000mAh Battery,https://www.daraz.pk/products/17t-12g-1-000-gb-i1968285747.html,,false,[],Weight Unknown,[289999.0],daraz.pk/daraz__17t-12g-1-000-gb-i1968285747.html.json,24c037eb7d078a6091139ca8d0c0d9597ea4c87c489ab709e0659df38f680368,0.41667
acb3ea3da8974f5990de23af24a47a3c457ba5caaec24bbc945754f332bde9cd,2026-08-15T13:04:57+00:00,Vivo Y19 | 4GB RAM | 128GB Storage | Dual Sim | PTA Approve | 5000 MAH Big Battery | Dual Speaker | FingerPrint + Face Unlock | Vivo Mobile On Installment,https://www.daraz.pk/products/19-4-128-5000-i1951287793.html,,false,[],Weight Unknown,[25234.0],daraz.pk/daraz__19-4-128-5000-i1951287793.html.json,d9f34fe8b4156bd303d9f760660e4a44c20210c69e59f9acada0bad8f8b92495,0.33333
4b71be9b28acf518e7ef75a3d68ba6244b1c29ce3b8149763df2811e256cafde,2026-08-15T09:36:18+00:00,Aquos Zero 2 | 256GB ROM | 8GB RAM | Snapdragon 855 | 3130 mAh Battery | 20 MP Camera | Official PTA Approved,https://www.daraz.pk/products/2-1-gb-8gb-256-mah-20-pta-i353667396.html,,false,[],Weight Unknown,[45000.0],daraz.pk/daraz__2-1-gb-8gb-256-mah-20-pta-i353667396.html.json,c69c537f8932becf38bac3e3ef127e4304ea59e2c7bd2864b9a9ea514104b3d2,0.37500
caa95bed8830c37961c2d41e554a41d88872b6e327cb7bae26ccfb578da8395c,2026-08-15T10:31:45+00:00,Aquos Zero 2 | 256GB ROM | 8GB RAM | Snapdragon 855 | 3130 mAh Battery | 20 MP Camera | Official PTA Approved | Gaming Phone,https://www.daraz.pk/products/2-1-gb-8gb-256-mah-20-pta-i377428033.html,,false,[],Weight Unknown,[42500.0],daraz.pk/daraz__2-1-gb-8gb-256-mah-20-pta-i377428033.html.json,1018e81989455e802abe208889c373eb04a9b6ee87c3970a6a0735d9f596fe1a,0.37500
32942ae933becd07947b82b9953c1d023676c79487de2dcdda837056b0971e0d,2026-08-15T10:50:27+00:00,Aquos Zero 2 | 256GB ROM | 8GB RAM | Snapdragon 855 | 3130 mAh Battery | 20 MP Camera | Official PTA Approved,https://www.daraz.pk/products/2-1-gb-8gb-256-mah-20-pta-i885281225.html,,false,[],Weight Unknown,[42500.0],daraz.pk/daraz__2-1-gb-8gb-256-mah-20-pta-i885281225.html.json,797d4952a0496560fdf743ba89625cfacb8fa028d4fb5c0bfa22fca114d6e41b,0.37500
b56763c3c0acd113d448db22c23837ea95c8338d89e1e02d5e3aa3f1f5244f6b,2026-08-15T09:57:43+00:00,Aquos Zero 2 | 256GB ROM | 8GB RAM | Snapdragon 855 | 3130 mAh Battery | Official PTA Approved,https://www.daraz.pk/products/2-1-gb-8gb-256-mah-pta-i363518887.html,,false,[],Weight Unknown,[42600.0],daraz.pk/daraz__2-1-gb-8gb-256-mah-pta-i363518887.html.json,3051dba78b1239989fe94ba9cb12e755a1a6636e9bceb0d2cf210904d7d2a94f,0.37500
efd52d76b02692990d219f9052868ee92c98119eddd47e3807c45e6bd5f6031b,2026-08-15T09:27:00+00:00,"Itel A50C 2+2 GB Extended RAM 32GB ROM 6.6” HD Big Screen , 4000mAh Battery 5W PowerCharge/Type-C , side fingerprint",https://www.daraz.pk/products/2-2-gb-a50c-32gb-hd-5-mah-5w-c-i631867307.html,,false,[],Weight Unknown,[29999.0],daraz.pk/daraz__2-2-gb-a50c-32gb-hd-5-mah-5w-c-i631867307.html.json,66b87cc3079448e5b6a711e44455f4b8d0615c2f6999f9f5bc600bf2966082b6,0.29167
797fcb1895da7e6a30784d5cac5eabf8f084aec5b3e4f0456c2e087de6cee60d,2026-08-15T12:45:41+00:00,VGOTEL FLEX 2 = 2GB RAM = 32GB ROM = 5000mAh BATTERY,https://www.daraz.pk/products/2-2gb-32gb-5000mah-i620345853.html,,false,[],Weight Unknown,[14999.0],daraz.pk/daraz__2-2gb-32gb-5000mah-i620345853.html.json,12b1df7b0137f94910f48c9327fb53183055839d00ec803ffbc03f84ca57c042,0.58333
adea8b64e826372c818032f8eb98054e134d5fb1da7e7e54f5656570ff581d4f,2026-08-15T12:44:06+00:00,VGOTEL FLEX 2 = 2GB RAM = 32GB ROM = 5000mAh BATTERY,https://www.daraz.pk/products/2-2gb-32gb-5000mah-i620359854.html,,false,[],Weight Unknown,[16999.0],daraz.pk/daraz__2-2gb-32gb-5000mah-i620359854.html.json,c03befc7d62e845fe8ec9d44faf5789c14edd909f967ace370a4a0c3d8e33887,0.58333
412d8f35d1ed1d00f5af62ce4efe93aacf561ca02a19db6999b68ff0c0a4ae62,2026-08-15T10:42:58+00:00,VGOTEL ONYX 2 = 3GB RAM = 32GB ROM = 3000mAh BATTERY,https://www.daraz.pk/products/2-3-32-3000-i1968648084.html,,false,[],Weight Unknown,[16999.0],daraz.pk/daraz__2-3-32-3000-i1968648084.html.json,a8dec4c694e14ac3ba08d7c3a4833caea6921e923af81b79eeced7c633a6f060,0.29167
76eb6808d1c408b3006484f2f46ba0b99ac4645721df6859de75104d1e81a146,2026-08-15T13:20:51+00:00,Carrefour Tecno Spark Go2 Black-301995,https://www.daraz.pk/products/2-301995-i1961168657.html,,false,[],Weight Unknown,[26999.0],daraz.pk/daraz__2-301995-i1961168657.html.json,363563daacdcaa279bd32d292239e76af3eee0a4ffdf5d9cdbee1a95cd4795aa,0.12500
5e266937841cbf376be8de3b598a1b9d48fcbfef14402b21bd0ef8985e5098a1,2026-08-15T13:18:58+00:00,Carrefour Tecno Spark Go2 Green-301996,https://www.daraz.pk/products/2-301996-i1961120770.html,,false,[],Weight Unknown,[26999.0],daraz.pk/daraz__2-301996-i1961120770.html.json,3d428255315a7b7dd40b7c68fae3802b223877230ed5d4792ac6af27456d42fd,0.12500
cf0157a7fb74271b008d16a04fa2fb0322a00ef291fc374f8d8255daba0111e4,2026-08-15T14:56:08+00:00,Carrefour Tecno Spark Go2 White-301997,https://www.daraz.pk/products/2-301997-i1960471756.html,,false,[],Weight Unknown,[26999.0],daraz.pk/daraz__2-301997-i1960471756.html.json,6622c6994a4375921b2aa9d1ab61d1c81bf85ad7cabfed37e8928e7f8cd80812,0.12500
bc4e8a52128dc3bc8f6791b6a29e77d731d5f26a568295c648e6f47c5221f03c,2026-08-15T14:43:13+00:00,Carrefour Tecno Spark Go2 Grey-301998,https://www.daraz.pk/products/2-301998-i1960499739.html,,false,[],Weight Unknown,[26999.0],daraz.pk/daraz__2-301998-i1960499739.html.json,b1209e905d851eff0adb974e76c453af5d903fac4ca78deaf3300d7f47cc01cc,0.12500
37bca8f8a8072504f4e9899ad05260574b11343f25e90e500572138e3455911f,2026-08-15T13:52:16+00:00,Nokia HMD Aura 2 - 4GB RAM 256GB ROM 6.52'' HD Display 5000mAh Battery PTA Approved 1 Year Official Brand Warranty,https://www.daraz.pk/products/2-4-256-652-5000-1-i1961292874.html,,false,[],Weight Unknown,[29999.0],daraz.pk/daraz__2-4-256-652-5000-1-i1961292874.html.json,c974f3945eb7a3a0d7d9d7b0a399c4efaa870baa19ca48ad72081a82a8baa7cd,0.33333
5e3f3e3ee11a766ba850352c186a940e11918582b67de18d1f87f3486b50a76c,2026-08-15T10:48:55+00:00,"Tecno Spark Go 2 4GB + 4GB Extended RAM 64GB Rom , 6.67"" Display 120Hz , 5000 mAh - Battery charging 15W Charging , PTA APPROVED",https://www.daraz.pk/products/2-4gb-4gb-64gb-667-120-mah-15-pta-i894496384.html,,false,[],Weight Unknown,[41999.0],daraz.pk/daraz__2-4gb-4gb-64gb-667-120-mah-15-pta-i894496384.html.json,7e894de30deab044ac38024072c6971b2f6545bf0dff1e7df7ab191ece8a7312,0.41667
dcd04f00be708991c0dd0f92fa03a5884ee945d974a867720906e83ddacd6d95,2026-08-15T14:04:35+00:00,TECNO SPARK GO 2 = 4GB RAM = 64GB ROM = 5000mAh BATTERY,https://www.daraz.pk/products/2-4gb-64gb-5000mah-i894738950.html,,false,[],Weight Unknown,[28499.0],daraz.pk/daraz__2-4gb-64gb-5000mah-i894738950.html.json,ab578a95a715c9ed9e7c75e781fe09ac4aaf76b9a37c0a39b65ece0eff3129f2,0.62500
397a139b5042a658f3292dfe7ff262959a1b2753531ae10221577ef025205c06,2026-08-15T15:05:02+00:00,TECNO SPARK GO 2 = 4GB RAM = 64GB ROM = 5000mAh BATTERY,https://www.daraz.pk/products/2-4gb-64gb-5000mah-i894769347.html,,false,[],Weight Unknown,[30499.0],daraz.pk/daraz__2-4gb-64gb-5000mah-i894769347.html.json,8da75c1e000657c882676cfae62e8f05c35d1981ab903f2ee30dccdaf00a5a84,0.62500
3a1736b32c662edc0079370fe3e2105c458f100f4aa0fb3dd9a5fefd1ae4be07,2026-08-15T13:06:48+00:00,"Tecno Spark Go 2 - 4GB RAM, 64GB Storage, 6.67” HD+ 120Hz Display, 5000mAh Battery",https://www.daraz.pk/products/2-4gb-64gb-667-hd-120hz-5000mah-i896600216.html,,false,[],Weight Unknown,[34999.0],daraz.pk/daraz__2-4gb-64gb-667-hd-120hz-5000mah-i896600216.html.json,21997cf48bd0089a5be73459876d0f9ac89f084749b0a778f0817dec2cedaa11,0.37500
1bb5f5cdc40acf3f1547c1af12653aaf33fc1c51c64962ff4e4e995cfc060ca9,2026-08-15T10:37:59+00:00,Aquos R2 | 64GB Storage | 4GB RAM - Official PTA Approved - Water Resistant,https://www.daraz.pk/products/2-64-4-i936566057.html,,false,[],Weight Unknown,[32500.0],daraz.pk/daraz__2-64-4-i936566057.html.json,336e4593505fbbad600540018eaa31575ab62b2ade9b1816b8d8a676071d6af2,0.33333
e800443b3b475064eefd9721aafbf9a749f59cc1f4b86dc3c2edd1b49eb15bc4,2026-08-15T12:03:14+00:00,VGO TEL FLEX 2 || 6.6″ HD+ IPS Display With Octa Core 1.6GHz Processor,https://www.daraz.pk/products/2-i666793174.html,,false,[],Weight Unknown,[14150.0],daraz.pk/daraz__2-i666793174.html.json,b5e01f2934158125423312686fe8b71e8bc323570a2c836df8d7fb2855c4b1f0,0.54167
5b21492884dbef8276eb70e589c1afcfba170a96a4ecb3828eb28bd09299ff32,2026-08-15T11:01:55+00:00,2 in 1 OTG CABLE TYPE C & MICRO,https://www.daraz.pk/products/2-in-1-otg-cabletype-c-micro-i1960769278.html,,false,[],Weight Unknown,[1450.0],daraz.pk/daraz__2-in-1-otg-cabletype-c-micro-i1960769278.html.json,eb3f807522ec974268ae352b74a043fff9e2335773c9edffc1a76955e0356f59,0.12500
b75e244eb8fa6a226e658e32b60446bbcbbcf360d4a22ca74e3e8bb8ddc6efe0,2026-08-15T12:04:59+00:00,"Oppo Reno2 Z - 6.53 Inches Full HD+ AMOLED Display - 8GB RAM - 256GB ROM (128GB Usable) - 16MP Motorize Popup Camera - Dual Sim PTA Approved - Phone with Box Only, Accessories Not Included) - Multi Color",https://www.daraz.pk/products/2-z-653-hd-8gb-256gb-128gb-16mp-pta-i493138096.html,,false,[],Weight Unknown,[45999.0],daraz.pk/daraz__2-z-653-hd-8gb-256gb-128gb-16mp-pta-i493138096.html.json,8c682aea20232e2795ca8a0a739067c2deb9477b6d7701f52c68cffa8db3db0a,0.45833
91c329ec7bb03f81c5e5f64abc94e030ba367a55eb781eacae6bd7580b546ebb,2026-08-15T12:15:50+00:00,"SEGO Neo 20 Smartphone, PTA Approved, 64GB xAI OS, 6.6"" HD+ Display, MediaTek 1.3GHz Quad-Core, 13MP AI Dual Camera, 5MP Selfie, 5000mAh Battery, 10W Type-C Charging, 7GB RAM (3GB + 4GB Extended), Dual SIM.",https://www.daraz.pk/products/20-13ghz-64gb-7gb-i761299632.html,,false,[],Weight Unknown,[21000.0],daraz.pk/daraz__20-13ghz-64gb-7gb-i761299632.html.json,bf965bcec30ec3bf13f69bd842b95a1b48bc6a5f055bfebbcd2162b60dc439a4,0.29167
f7a384161c01aa2518fda50ae9234513efe88e4af724051dc9145ad1a3d6dda2,2026-08-15T12:58:59+00:00,Tecno Spark 20 Pro + 16GB RAM (8GB+8GB) 256GB Memory 108MP Camera MediaTek G99 6.7 Inches Amoled Curved Display 5000 mAh Battery PTA Approved Box Packed,https://www.daraz.pk/products/20-16gb-8gb-8gb-256gb-108mp-g99-67-5000-mah-pta-i477119030.html,,false,[],Weight Unknown,[59999.0],daraz.pk/daraz__20-16gb-8gb-8gb-256gb-108mp-g99-67-5000-mah-pta-i477119030.html.json,3dcfa91cf768e105417ad6002aee405a51f6b9a7fa3869ace58f332e458b5c8b,0.62500
6cf7f9b2ecd0ce0d4002076c9e0d6cf789f399da3b6e560240566d15043746b2,2026-08-15T13:15:24+00:00,Carrefour Tecno Spark 20 Pro+ Smartphone 256GB ROM 8GB RAM Lunar Forest (281983),https://www.daraz.pk/products/20-256gb-8gb-281983-i933099536.html,,false,[],Weight Unknown,[61499.0],daraz.pk/daraz__20-256gb-8gb-281983-i933099536.html.json,1a739ed87c4b86f1d01203b8e409c1cf050ad8b33dcda0ddf219c84fbadd677e,0.16667
28b0fa2e15e9514ed3554d140220dcb3afb430244d32c5ef9934f29831ee7d42,2026-08-15T13:29:36+00:00,Carrefour Tecno Spark 20 Pro+ Smartphone 256GB ROM 8GB RAM Temporal Orbits (281982),https://www.daraz.pk/products/20-256gb-rom-8gb-ram-281982-i933105138.html,,false,[],Weight Unknown,[61499.0],daraz.pk/daraz__20-256gb-rom-8gb-ram-281982-i933105138.html.json,023fc342c243abe8d07dbd7c0d7ba8ce2bdec6c1dd091e90b3c1413024f14f95,0.16667
e9e555cdeab94a987afad3c8e82c8f19be7532cc13c1738060c4e89573d37536,2026-08-15T10:29:33+00:00,Infinix Smart 20 - 4GB RAM 128GB ROM 6.78'' Display 5200mAh Battery PTA Approved 1 Year Official Brand Warranty,https://www.daraz.pk/products/20-4gb-1-pta-128-mah-i1959216362.html,,false,[],Weight Unknown,[44999.0],daraz.pk/daraz__20-4gb-1-pta-128-mah-i1959216362.html.json,ef55353ad9486c01771e36d9c33569878b11878c00c3a3444426707df5849df0,0.45833
73743a72005e5c205c98b8900f97a332eb8457c57eea2ba75788cbad5e415a9d,2026-08-15T11:44:18+00:00,INFINIX SMART 20 = 4GB RAM = 128GB ROM = 5200mAh BATTERY,https://www.daraz.pk/products/20-4gb-128gb-5200mah-i1958234299.html,,false,[],Weight Unknown,[47999.0],daraz.pk/daraz__20-4gb-128gb-5200mah-i1958234299.html.json,4e690497a1974ef7814920ebfd0d8535e38e621e0f8b7b9619263afad96c3082,0.37500
8c7b77e3786e8056ab0d1b1c890b39455a5e3f86629e0a79f155aa022eabd75e,2026-08-15T11:41:51+00:00,INFINIX SMART 20 = 4GB RAM = 128GB ROM = 5200mAh BATTERY,https://www.daraz.pk/products/20-4gb-128gb-5200mah-i1958272023.html,,false,[],Weight Unknown,[47999.0],daraz.pk/daraz__20-4gb-128gb-5200mah-i1958272023.html.json,4e690497a1974ef7814920ebfd0d8535e38e621e0f8b7b9619263afad96c3082,0.37500
b50c3eb5a84d56393833b3f78d513497af7524003fff95d225d7961a2e298eb0,2026-08-15T11:55:42+00:00,Infinix Smart 20 || 4GB+4GB Ram || 5200mAh Battery With Official Warranty,https://www.daraz.pk/products/20-4gb-4gb-5200mah-i1968263985.html,,false,[],Weight Unknown,[38999.0],daraz.pk/daraz__20-4gb-4gb-5200mah-i1968263985.html.json,86816ae9306697a13f101608848b09213ac07659336345d0eecdbceb95f05f2d,0.37500
d63acb9b336beac347e371eb08a4e93922b72e618d9785b1f7c3722450a9dfa8,2026-08-15T11:44:26+00:00,INFINIX SMART 20 = 4GB RAM = 64GB ROM = 5200mAh BATTERY,https://www.daraz.pk/products/20-4gb-64gb-5200mah-i1957909070.html,,false,[],Weight Unknown,[41999.0],daraz.pk/daraz__20-4gb-64gb-5200mah-i1957909070.html.json,868eabfd1147b9c3f08eae2273fa5fd6339330615457a5d3f1f77f637aca2070,0.37500
abc8b9cdc916ae8f6ed4435c05d55dd68a653120444afdd89d3e87e47b18fd61,2026-08-15T11:46:25+00:00,INFINIX SMART 20 = 4GB RAM = 64GB ROM = 5200mAh BATTERY,https://www.daraz.pk/products/20-4gb-64gb-5200mah-i1957909082.html,,false,[],Weight Unknown,[41999.0],daraz.pk/daraz__20-4gb-64gb-5200mah-i1957909082.html.json,868eabfd1147b9c3f08eae2273fa5fd6339330615457a5d3f1f77f637aca2070,0.37500
14275c031279548bb630e7b7455f03e2a5753bfde06991acfdf7ef234e4e95f2,2026-08-15T10:30:13+00:00,Infinix Smart 20 4GB RAM 64GB/128GB ROM 8 MP Back Camera 8 MP Front Camera 5200 mAh Battery One Year Brand Warranty,https://www.daraz.pk/products/20-4gb-64gb128gb-8-mp-8-mp-5200-mah-i1958224640.html,,false,[],Weight Unknown,[45999.0],daraz.pk/daraz__20-4gb-64gb128gb-8-mp-8-mp-5200-mah-i1958224640.html.json,7841db1eb3643d3cec43cade7e93f05d1f146d5d8872fe278e182fc4b9c37f26,0.37500
d29e94e3376915eed91a4b655268d915dbc075a4cbfc39682e7cf7b09135055d,2026-08-15T10:49:04+00:00,Infinix Smart 20 - 6.78 Inches Display - 4GB RAM 64GB/128GB ROM - 8MP Front Camera - 8MP Rear Camera - Dual SIM - 5200mAh Battery,https://www.daraz.pk/products/20-678-4-64-128-8-8-5200-i1959086287.html,,true,[],Weight Unknown,[40000.0],daraz.pk/daraz__20-678-4-64-128-8-8-5200-i1959086287.html.json,7e29d0cc4e4e1b4434e3680ca228582ccb69a59ebed3ba520b72b9c52532c771,0.62500
554f6dbc728f88ebb4f4160c9c97c4d9c06f6f4eae99948ad38564844892a104,2026-08-15T10:20:19+00:00,Infinix Smart 20 - 6.78 Inches Display - 4GB RAM 64GB/128GB ROM - 8MP Front Camera - 8MP Rear Camera - Dual SIM - 5200mAh Battery,https://www.daraz.pk/products/20-678-4gb-64gb128gb-8mp-8mp-5200mah-i1959086286.html,,false,[],Weight Unknown,[43000.0],daraz.pk/daraz__20-678-4gb-64gb128gb-8mp-8mp-5200mah-i1959086286.html.json,9c648fb2043e695ed15139d14f56a3d00e202cc52bd026a323df365979faf632,0.37500
bd5a62cffb24a8a04aef0235a7f4d2971b87641bbd776b1c765952ebf4907400,2026-08-15T09:21:15+00:00,"Vivo Y20s | 8GB Ram 128GB Storage | 5000 MAH Battery + 18w Fast Charging | PTA Approve | Side FingerPrint | 6.51"" HD+ Halo Big Display | 13MP AI Triple Camera | Phone, Box, Charger | Mobile Phone On Installment",https://www.daraz.pk/products/20-8-128-5000-18-651-13mp-ai-i1950856002.html,,false,[],Weight Unknown,[32305.0],daraz.pk/daraz__20-8-128-5000-18-651-13mp-ai-i1950856002.html.json,777335fae3f9395bb347cb4225efcabe03df9e063adb8c15087eb0cf51a5b7c7,0.29167
8109eba896f4c33b2f6816e09a29de74afa4e4612b33fa8b940e44e68b6d06ab,2026-08-15T13:24:10+00:00,Carrefour Sparx Edge 20 8Gb / 256Gb E Green (279959),https://www.daraz.pk/products/20-8-256-279959-i933092953.html,,false,[],Weight Unknown,[51499.0],daraz.pk/daraz__20-8-256-279959-i933092953.html.json,139e507e803810b593940039dd1e1ee9212739c03c173ebac65209a87d7eb964,0.12500
8a6883f452a558e2c9232394841b88070a8fa86f4101833ce7cca86c299a0ffc,2026-08-15T14:44:11+00:00,Carrefour MOBILE SPARK 20 8+128 GOLD TECNO (286042),https://www.daraz.pk/products/20-8128-286042-i933099548.html,,false,[],Weight Unknown,[34499.0],daraz.pk/daraz__20-8128-286042-i933099548.html.json,4af6c4ae0e75b5615f7d382427ee314a96cc4924eada700288bd2bfe73dc76ff,0.12500
fa4773f345a73fb2ca314b928c71ee6be498b011e35d72510b0a89e16f374d47,2026-08-15T13:36:14+00:00,Carrefour MOBILE SPARK 20 8+128 BLACK TECNO (286043),https://www.daraz.pk/products/20-8128-286043-i933105155.html,,false,[],Weight Unknown,[32999.0],daraz.pk/daraz__20-8128-286043-i933105155.html.json,87adecb45be56767b8ac4678ee5f6a99794feb2072c87d5c4f8eb17b673925e6,0.12500
9c4cfe5e8c0305516ca673ebb01844469e64ec423b0479f2d55eb3f1ce738e1b,2026-08-15T13:21:42+00:00,Carrefour MOBILE SPARK 20 8+128 WHITE TECNO (286044),https://www.daraz.pk/products/20-8128-286044-i933099549.html,,false,[],Weight Unknown,[32999.0],daraz.pk/daraz__20-8128-286044-i933099549.html.json,73eaea8cad5ebf3db58efc90af43176734b663d55c5c67b4386fdadc84e270df,0.12500
cf745bb6b15fd54778a2a3fe996203ce0a293892f00a63a05fbd134277f1c5bb,2026-08-15T14:24:47+00:00,Carrefour MOBILE SPARK 20 8+256 M/WHITE TECNO (279278),https://www.daraz.pk/products/20-8256-279278-i933098671.html,,false,[],Weight Unknown,[35999.0],daraz.pk/daraz__20-8256-279278-i933098671.html.json,a4cbc791264d83d28d2475ad37a8953c3b0949b8d8257ba76fcd2e18f93781e2,0.12500
ef5dae4329e879e89e8050795d72b351b67a811442937b91284d8dee65240a67,2026-08-15T13:24:19+00:00,Carrefour Tecno Spark 20 8Gb / 256Gb Gold Mobile (279281),https://www.daraz.pk/products/20-8gb-256gb-279281-i933098672.html,,false,[],Weight Unknown,[35999.0],daraz.pk/daraz__20-8gb-256gb-279281-i933098672.html.json,7194012dd8dfb270f4f6a2bff0a98679a864a694bba2c4e73b8ab89e5ea0e2ab,0.12500
0501ed6a3b10896626f61e0d95d3c422c651051109dd4d81810c6a9d562bd185,2026-08-15T13:59:58+00:00,TECNO CAMON 20 PRO = 8GB RAM = 256GB ROM = 5000mAh BATTERY,https://www.daraz.pk/products/20-8gb-256gb-5000mah-i478861778.html,,false,[],Weight Unknown,[49999.0],daraz.pk/daraz__20-8gb-256gb-5000mah-i478861778.html.json,89e91bea5f8ec9163f85e8746157cbaefd6fca0d440e7dbd6b1fe7d4f01fff59,0.62500
55f4b7f1e9892d97eb94986e54d6d2165523e344fc86d07b5ae7e894d37ff6e7,2026-08-15T13:23:59+00:00,Carrefour Sparx Edge 20 8gb / 256Gb E Grey (279961),https://www.daraz.pk/products/20-8gb-256gb-e-279961-i933102235.html,,false,[],Weight Unknown,[51499.0],daraz.pk/daraz__20-8gb-256gb-e-279961-i933102235.html.json,39ab16f59384df3c1aa0b7a15d16425511599b0b6f71f834e982fa729fdab914,0.12500
2f8cf7a0e50da0537777091a3b9587ce6ba62873bbbc4042fd7e22e82b5a515f,2026-08-15T13:45:07+00:00,SPARX EDGE 20 PRO = 8GB+8GB = 16GB RAM = 256GB ROM = 5000mAh BATTERY,https://www.daraz.pk/products/20-8gb-8gb-16gb-256gb-5000mah-i466052368.html,,false,[],Weight Unknown,[52999.0],daraz.pk/daraz__20-8gb-8gb-16gb-256gb-5000mah-i466052368.html.json,c83f456f245701cf7b6237d0061219d39071b0f407c8b4786c7fa5ff8dd77919,0.62500
6a3c07e5544dfa1a01605f45e3fc750a8f7e3c25fdcbbc267a2b9bfcd2ed085a,2026-08-15T14:44:39+00:00,TECNO CAMON 20 - 8GB+8GB RAM 256GB ROM - 5000 mAh Battery,https://www.daraz.pk/products/20-8gb-8gb-256gb-5000-mah-i427974187.html,,false,[],Weight Unknown,[50999.0],daraz.pk/daraz__20-8gb-8gb-256gb-5000-mah-i427974187.html.json,b7fa17bd4b10e625a031e1b0bae38ea2c5855747aea751ad235fc767d85f41cc,0.62500
99886b51b3fbb8ab8342e786630bf515d3c7d5779472fc055d67874299a9c9a1,2026-08-15T13:35:18+00:00,SPARX EDGE 20 PRO = 8GB + 8GB RAM = 256GB ROM = 5000mAh BATTERY,https://www.daraz.pk/products/20-8gb-8gb-256gb-5000mah-i748767502.html,,false,[],Weight Unknown,[52999.0],daraz.pk/daraz__20-8gb-8gb-256gb-5000mah-i748767502.html.json,15d5b67e8652f815adf106f78d1f7a98a08d8aeb8b75282837e4006edbece90d,0.62500
f64ccafec9b310891b268e067f2296c10a7af28e13268799c3c106230e46753a,2026-08-15T14:30:56+00:00,Carrefour Tecno Spark 20 8Gb / 256Gb Grey Black (279279),https://www.daraz.pk/products/20-8gb256gb-279279-i933100455.html,,false,[],Weight Unknown,[35999.0],daraz.pk/daraz__20-8gb256gb-279279-i933100455.html.json,bc30d8a4966b7b3e7b05eb5770af7c4b1bf3ec1824a425ab43285608a3a97108,0.12500
b0f61f25d298052e7fc740270952bf0a9ea2b6c5376082d6f3b2e64a75eb5ca2,2026-08-15T14:11:55+00:00,Carrefour Tecno Spark 20 8Gb / 256Gb Space Blue (279280),https://www.daraz.pk/products/20-8gb256gb-279280-i933103228.html,,false,[],Weight Unknown,[35999.0],daraz.pk/daraz__20-8gb256gb-279280-i933103228.html.json,72afae7fc406b4bafde9946100a569a1378e80d9717684eb47ec7d26f7618c16,0.12500
619ff6b5f68aafa706c2e5200e4097719475356ae2fe113e9202deac0102829b,2026-08-15T14:55:11+00:00,"SEGO Smart 20 Smartphone | 6.6"" HD+ Large Waterdrop Display | Dynamic Bar | 1.6GHz Octa-Core Processor | 13MP AI Rear Camera with Flash | 8MP Selfie Camera | 5000mAh Battery | Type-C Charging | 64GB Storage | 12GB RAM (4GB + 8GB Extended) | Android 16 | D",https://www.daraz.pk/products/20-hd-100-ghz-13mp-ai-law-8mp-c-64gb-12-gb-4gb-8gb-16-i1965387354.html,,false,[],Weight Unknown,[27999.0],daraz.pk/daraz__20-hd-100-ghz-13mp-ai-law-8mp-c-64gb-12-gb-4gb-8gb-16-i1965387354.html.json,16a3c97593869064a3e222d7291b867d9de1caedce30cd9734d6eba24c330b62,0.33333
6e5ff8709088399ad409b0afad0aa493d7cb8b76daf32f7942682050b5ebdd14,2026-08-15T11:11:19+00:00,ITEL CITY 200 = 4GB RAM = 128GB ROM = 5200mAh BATTERY,https://www.daraz.pk/products/200-4gb-128gb-5200mah-i1950512280.html,,false,[],Weight Unknown,[39999.0],daraz.pk/daraz__200-4gb-128gb-5200mah-i1950512280.html.json,25051bbe35f49c0b82fec28de9efb628437a7efff70a29b02e2dfa5f6e8f4ae1,0.33333
dc00dcfa666c62ebcab10e609de71ed1319bc8540e53b18c69d5b40d85ef061a,2026-08-15T11:12:40+00:00,ITEL CITY 200 = 4GB RAM = 128GB ROM = 5200mAh BATTERY,https://www.daraz.pk/products/200-4gb-128gb-5200mah-i1954084111.html,,false,[],Weight Unknown,[44999.0],daraz.pk/daraz__200-4gb-128gb-5200mah-i1954084111.html.json,0fd1c3e661d711edd0f4228b5cc97c1f2e283b9a9bb09dc9a78e24cbbbe3e565,0.33333
51f3db2b95e6f81c983828383a97201ada061c2dde5144488f3cd48ae4cf161c,2026-08-15T10:19:57+00:00,Itel City 200 4GB RAM 128GB ROM Front Camera 8MP Back Camera 50MP 520018 mAh Battery One Year Brand Warenty,https://www.daraz.pk/products/200-4gb-128gb-8mp-50mp-520018-mah-i1951438521.html,,false,[],Weight Unknown,[40000.0],daraz.pk/daraz__200-4gb-128gb-8mp-50mp-520018-mah-i1951438521.html.json,dcf68621ce03a3f50d4b7eec80e483c5630fecf5b3e6e6d28f7bd936a652a9b2,0.33333
d70603d77e36f8862c0d8cbf32b93254f3277fc156255f78abcf13b58d824252,2026-08-15T14:42:25+00:00,"itel City 200 | 6.78"" 120Hz Display | 50MP Camera | 5200mAh Battery | 18W Fast Charging | Android 15 | Octa-Core Processor | 4G Dual SIM Smartphone",https://www.daraz.pk/products/200-50-hz-50mp-rame-10-000-mah-18-15-4g-i1949945805.html,,false,[],Weight Unknown,[36999.0],daraz.pk/daraz__200-50-hz-50mp-rame-10-000-mah-18-15-4g-i1949945805.html.json,08a0d0cc6c0b64b93ea198f4045c95c52daa736c1f30aa8a2145c83227cd7ca4,0.29167
7402a4a68a3a711ec4e9b6767012aebb4f5813262ae57c9d040efb4c431ae34d,2026-08-15T11:56:19+00:00,Itel City 200 || 4GB+4GB Ram 128GB Rom || 6000mAh Battery,https://www.daraz.pk/products/200-ace-4gb-4gb-1-000-gb-128-mah-i1953588143.html,,false,[],Weight Unknown,[38999.0],daraz.pk/daraz__200-ace-4gb-4gb-1-000-gb-128-mah-i1953588143.html.json,a3217c99e71a4d7660b5b3e03603dbd9f3410aacb00497e1a24a390dca27855b,0.33333
36a232e44c2a01141b59a9699127f84ca3d60d44aee1b1c7e9385be63a28b5d5,2026-08-15T12:32:59+00:00,Tecno Spark Go (2024) 2GB + 2GB Extended RAM 64GB Memory 6.6 inches Display 5000 mAh Battery 13MP Camera PTA Approved Box Packed,https://www.daraz.pk/products/2024-2gb-2gb-64gb-66-5000-mah-13mp-pta-i477114091.html,,false,[],Weight Unknown,[25999.0],daraz.pk/daraz__2024-2gb-2gb-64gb-66-5000-mah-13mp-pta-i477114091.html.json,55cf4aa44f65ab03c308bfafa537f68db7a80b0f7a9c6cf0d695ef261db0c035,0.58333
2abbe47e88726c98b8a26ac0aa0c6e5e8f3d32ded64d674d188b402941d556b2,2026-08-15T12:34:59+00:00,TECNO SPARK GO 2024 = 2GB RAM = 64GB ROM = 5000mAh BATTERY,https://www.daraz.pk/products/2024-2gb-64gb-5000mah-i568302154.html,,false,[],Weight Unknown,[20499.0],daraz.pk/daraz__2024-2gb-64gb-5000mah-i568302154.html.json,cdb1e47f3d207cdb04e3dfabb0aaa9f3d4032082840676f12ccbcd2b4ee6fb99,0.58333
077f8c30c22db00e85c5cd887ac8f40793ab1835092e5c85588cb85db41c2f64,2026-08-15T12:33:57+00:00,Moto Stylus 2024 5G - 6.7 Inches Full FHD+ Display - 8GB RAM 128GB ROM - Sim Lock - Snapdragon 6 Gen 1 - In-Screen Fingerprint Sensor - Mix Color (Phone Only - Box Charger Accessoires Not Included),https://www.daraz.pk/products/2024-5g-67-8-128-6-1-i1953808395.html,,false,[],Weight Unknown,[64999.0],daraz.pk/daraz__2024-5g-67-8-128-6-1-i1953808395.html.json,c3e301def5f2af2306381363dc0aaabd91bf08a9a6ffcafc636f5efdd1ee66c5,0.45833
138cc965b7764419bc3b3ba7ee022037c5260bdac8b0378e8bc05416820196a2,2026-08-15T09:14:12+00:00,Motorola Mobile Phone Moto G Play 2024 - Tot 8GB RAM(4+4) - No Sims(WiFi Device) - Free Accessories - Android 14 - Snapdragon 680 - PubG Around 60 Fps - 50MP Camera - 5000mAh Battery - 90Hz Display - Motorola Mobile Phones Low,https://www.daraz.pk/products/2024-8-44-14-680-60-50-5000-90-i1958243102.html,,false,[],Weight Unknown,[30000.0],daraz.pk/daraz__2024-8-44-14-680-60-50-5000-90-i1958243102.html.json,efe7f906629435e33c024694a8e0b177857364a1fde2bb315271d18d4974b3ca,0.37500
f12d2b29bc2c834e4a781fa4da6b433be113ecc176d7f19eb486a7149b73f62d,2026-08-15T14:18:02+00:00,Carrefour Tecno Spark 20C 4GB / 128Gb Grey Blck (279274),https://www.daraz.pk/products/20c-4gb-128gb-279274-i933103227.html,,false,[],Weight Unknown,[28999.0],daraz.pk/daraz__20c-4gb-128gb-279274-i933103227.html.json,e37e4153bc98dc4311b6d368f587b1a67dd215f9d6a0dc3c0c1a1b3248dd3ad4,0.12500
af588d09f188a69786c342d9089639678bf0ac95900066c1e5bddc623dce966e,2026-08-15T14:01:12+00:00,Carrefour Tecno Spark 20C 4Gb / 128Gb Mighty White (279275),https://www.daraz.pk/products/20c-4gb128gb-279275-i933104239.html,,false,[],Weight Unknown,[28999.0],daraz.pk/daraz__20c-4gb128gb-279275-i933104239.html.json,e053831106d561dabfa020037c62def41f1998f270298287524f1b48fc8dfbbc,0.12500
f0292439c9161f4d1ec58c7e98f7c18911297ec661543ed6e91b99a66a6ec3bf,2026-08-15T14:30:23+00:00,Carrefour Tecno Spark 20C 4Gb / 128Gb Magic Skin Green Mobile (279276),https://www.daraz.pk/products/20c-4gb128gb-279276-i933102232.html,,false,[],Weight Unknown,[28999.0],daraz.pk/daraz__20c-4gb128gb-279276-i933102232.html.json,393ef01586a2768775b24d198d9d9502795db23f31dc35379bb22269c455b02d,0.12500
b78a29be1ae2a028475f9ebcf5e767fd56a863d2c6f68d3b91d129a21f77b1a5,2026-08-15T14:34:34+00:00,Carrefour Tecno Spark 20C 4Gb / 128Gb Alpenglow Gold (279277),https://www.daraz.pk/products/20c-4gb128gb-279277-i933102233.html,,false,[],Weight Unknown,[28999.0],daraz.pk/daraz__20c-4gb128gb-279277-i933102233.html.json,249fcdb5e0bfaa866dbceb455e8335d554e4b569b606df3ea9d992bccc6391bb,0.12500
6a3991d3f82a8acb6ab3bcf2444e124cf5a9763ad1855a35f759a7711af79862,2026-08-15T09:41:36+00:00,"""Samsung Galaxy S21 Ultra Official PTA Approved 12GB RAM, 128GB Dual Sim",https://www.daraz.pk/products/21-12-128-i468898545.html,,false,[],Weight Unknown,[175000.0],daraz.pk/daraz__21-12-128-i468898545.html.json,1aad1280cf839b017e0e78806ff8394812229da5d4bd6459eaf1eb5df02d9531,0.33333
e3c1662b6a3de48740a185d570b28c09fa217b8a95b3768eca208753baca8da2,2026-08-15T09:37:47+00:00,Samsung Galaxy S21 Plus Official PTA Approved 8GB 128GB Dual Sim,https://www.daraz.pk/products/21-8-128-i534781823.html,,false,[],Weight Unknown,[120000.0],daraz.pk/daraz__21-8-128-i534781823.html.json,4fa5e8c09db54bb18bf45112c4ace17a2443b38a1b37ddc6fb36ecd3ad06d2c5,0.41667
64c5d5288d5b9356e12bb58fb256d53a426c8184d6e321df54d54bf2999f3f8c,2026-08-15T09:21:42+00:00,"Samsung Galaxy S22 Ultra Official PTA Approved Dual SIM - 128GB, 256GB, and 512GB",https://www.daraz.pk/products/22-128-256-512-i534781852.html,,false,[],Weight Unknown,[180000.0],daraz.pk/daraz__22-128-256-512-i534781852.html.json,5c767dc588657dfcbc5860957471c04c7ab92f72ad320388e84e0c922f9007a6,0.45833
8ce0977289f311b510686ebe8f4f51b8c67864bff2a0054b7f6a7686ec5466e4,2026-08-15T13:30:59+00:00,VGOTEL NEW 22 - 4+3 =7GB RAM 128GB ROM - 5000 mAh Battery,https://www.daraz.pk/products/22-4-3-7gb-128gb-5000-mah-i430378891.html,,false,[],Weight Unknown,[20999.0],daraz.pk/daraz__22-4-3-7gb-128gb-5000-mah-i430378891.html.json,3030b476dc1523f139b978293634adb309c800102beb6a45164e37cbaa14c496,0.58333
3789c64f5657043c402d7fe817e9f0595e634fcc048f4df30a7b18c8da6f2aed,2026-08-15T09:42:48+00:00,Samsung S22 Plus 8GB Ram 128GB Official PTA Approved Rom Dual Sim,https://www.daraz.pk/products/22-8-128-i468513307.html,,false,[],Weight Unknown,[160000.0],daraz.pk/daraz__22-8-128-i468513307.html.json,93bbce4b0424aca5768e3749fc6c8d00a7120e091bbd75239b070456fed73655,0.37500
873eca65b62d6814e4c1030fbb88d68de0b7fbf0cbf514b27262ef730c9d867b,2026-08-15T09:16:43+00:00,Samsung Galaxy S23 Ultra Official PTA Approved Dual SIM - 256GB and 512GB,https://www.daraz.pk/products/23-256-512-i534783794.html,,false,[],Weight Unknown,[260000.0],daraz.pk/daraz__23-256-512-i534783794.html.json,46596868fdb7457219baa1481703adb962a4ca8b906e12569d442615efd35225,0.45833
334666aa721e211ad66a8c56bc24e64d0be077ddaa6a7596298161e202eed9e7,2026-08-15T14:09:40+00:00,Carrefour Samsung S23 FE 256 GB ROM 8 GB RAM White (285004),https://www.daraz.pk/products/23-256-8-285004-i933098684.html,,false,[],Weight Unknown,[207949.0],daraz.pk/daraz__23-256-8-285004-i933098684.html.json,6a1907a0bfbf98ce2bec637f80ee11134cc683a0f855ceaecdbeaaf6714f9a73,0.16667
ee87e51d952826809b920f6eb10fcc0d55ce23c925741a33a7951b861f1dadf8,2026-08-15T15:06:24+00:00,Carrefour Samasung Galaxy S23 FE Smartphone 8GB RAM 256GB ROM Mint (285001),https://www.daraz.pk/products/23-8-256-285001-i933105145.html,,false,[],Weight Unknown,[207949.0],daraz.pk/daraz__23-8-256-285001-i933105145.html.json,c8c854c60ccae23548250b81cbe2368fb15de10b1ca1e5ec05a3a26bf0bf9f16,0.16667
feac76aa88e6b96259218a993e1da9bad88a52bd9859f511a9f94ced438a7554,2026-08-15T14:25:44+00:00,Carrefour Samasung Galaxy S23 FE Smartphone 8GB RAM 256GB ROM Graphite (285002),https://www.daraz.pk/products/23-8-256-285002-i933093958.html,,false,[],Weight Unknown,[207949.0],daraz.pk/daraz__23-8-256-285002-i933093958.html.json,b17c4bc18a6f9ac9533123a53624c0afadd0ec705c0ede4559651ced2393dc99,0.16667
b2dac7fb86550708817bfbb7ea516e0635db72c39d98c2be009b973316a31370,2026-08-15T14:55:32+00:00,Carrefour Samasung Galaxy S23 FE Smartphone 8GB RAM 256GB ROM Purple (285003),https://www.daraz.pk/products/23-8-256-285003-i933092967.html,,false,[],Weight Unknown,[207949.0],daraz.pk/daraz__23-8-256-285003-i933092967.html.json,56ede3ed22d1944ae9fb8ddcc5f96b2220ceb960781696fa848b890d569f75d7,0.16667
c94c4ac0b80b0b23751d85f34b416fe726ec8ffa6ab282f06bd106bcde74e918,2026-08-15T12:03:34+00:00,VGOTEL NOTE 23 8+8=16GB RAM 256GB ROM = 5000mAh BATTERY,https://www.daraz.pk/products/23-8-8-16gb-256gb-5000mah-i438405502.html,,false,[],Weight Unknown,[29999.0],daraz.pk/daraz__23-8-8-16gb-256gb-5000mah-i438405502.html.json,104c6a0871e8cbacb7e6027f7dab4e63111855fe8f7f3dca83c936d3f672fd7c,0.33333
23a48bddeeff1f063499cdb4568839f74a1592ba9e1e174e92ac1cf2326ec65b,2026-08-15T12:37:17+00:00,VGOTEL NOTE 23 = 8GB RAM = 256GB ROM = 5000mAh BATTERY,https://www.daraz.pk/products/23-8gb-256gb-5000mah-i752187326.html,,false,[],Weight Unknown,[30499.0],daraz.pk/daraz__23-8gb-256gb-5000mah-i752187326.html.json,dfe8d657291a2aa1b59b14e0df83b1915bf13e818eb8e9544daac6a23214cd3d,0.58333
fc5ead9850eaf13c310428e95c36c4b7d315c79b1fe12278390d4dfae6c99475,2026-08-15T14:23:56+00:00,Carrefour Samsung Galaxy S24 Ultra Smartphone 12GB RAM 512GB ROM Titanium Black (280772),https://www.daraz.pk/products/24-12-512-280772-i933093945.html,,false,[],Weight Unknown,[469999.0],daraz.pk/daraz__24-12-512-280772-i933093945.html.json,cff91ecad0478c128c812335f201990e32f9065c8b7efd5eafd92192e79282cd,0.16667
f07923b1ebad948867425914c2086025059972bab1ea05e76183a2a2a918505e,2026-08-15T15:04:24+00:00,Carrefour Samsung S24 Ultra 512 GB ROM 12 GB RAM Violet (280774),https://www.daraz.pk/products/24-512-12-280774-i933105134.html,,false,[],Weight Unknown,[471999.0],daraz.pk/daraz__24-512-12-280774-i933105134.html.json,983b116143f5f74fee8c99d23774a91314cbe0a6478c1a94da6cf6691e2862f4,0.16667
f978d50df05f91030daa59496f8b14d88dbf2e68938fa428d195924975a43963,2026-08-15T14:59:42+00:00,Carrefour Samsung S24 Ultra 512 GB ROM 12 GB RAM Yellow (280775),https://www.daraz.pk/products/24-512-12-280775-i933092954.html,,false,[],Weight Unknown,[479999.0],daraz.pk/daraz__24-512-12-280775-i933092954.html.json,166b13372a182f1fea0df0be60843049fff956ab0a65a4ad10428eb75ca40887,0.16667
783d56e1ef8addedcb40ff9a5d0493043f0b23f2b80f9d75d8903a0f25e245bf,2026-08-15T14:42:16+00:00,Carrefour Samsung Galaxy S24 Smartphone 8GB RAM 256GB ROM Marble Gray (280768),https://www.daraz.pk/products/24-8-256-280768-i933104242.html,,false,[],Weight Unknown,[291999.0],daraz.pk/daraz__24-8-256-280768-i933104242.html.json,fb1c6a21616631c3a8972fb0600b59d22c93d0bbde4981f46145edc317e8f447,0.16667
13ee58850180a4ccc79fba78486edb52bfda20707851437aeed1c1fdd1a99fb9,2026-08-15T15:13:25+00:00,Carrefour Samsung Galaxy S24 Smartphone 8GB RAM 256GB ROM Onyx Black (280769),https://www.daraz.pk/products/24-8-256-280769-i933097811.html,,false,[],Weight Unknown,[289999.0],daraz.pk/daraz__24-8-256-280769-i933097811.html.json,c4b56a0b1d08f4925eb4a36b94e7ffc0d05c11490c6ace6907fd2f7e3e0cb08e,0.16667
a04ab16c8fd0e8b4bf05add1cd5199a101860113d46bb88fc2affe55fa9fa266,2026-08-15T15:02:40+00:00,Carrefour Samsung Galaxy S24 Smartphone 8GB RAM 256GB ROM Cobalt Violet (280770),https://www.daraz.pk/products/24-8-256-280770-i933103230.html,,false,[],Weight Unknown,[298999.0],daraz.pk/daraz__24-8-256-280770-i933103230.html.json,67a07dd91ecc05b969279dafe75c608e17e288a6a70759feac699f1144f2db3d,0.16667
61786e5103a2903b7c72fad18b67c927fbc675d8e2479935155c54d455feb69c,2026-08-15T15:13:06+00:00,Carrefour Samsung Galaxy S24 Smartphone 8GB RAM 256GB ROM Amber Yellow (280771),https://www.daraz.pk/products/24-8-256-280771-i933104243.html,,false,[],Weight Unknown,[298999.0],daraz.pk/daraz__24-8-256-280771-i933104243.html.json,3e033153c55ae4c926376ced9743f4f8bac445caea5c350851b0bfa51f45a705,0.16667
8a0ed7f4a5b9a6496c36e310b49b1c00f1b0117317eb62a5c4f5b2a17ffbab3d,2026-08-15T13:13:54+00:00,VGOTEL NOTE 24 = 8GB+8GB RAM = 256GB ROM = 5000mAh BATTERY,https://www.daraz.pk/products/24-8gb-8gb-256gb-5000mah-i463839046.html,,false,[],Weight Unknown,[35999.0],daraz.pk/daraz__24-8gb-8gb-256gb-5000mah-i463839046.html.json,d5eab256324a3e023bcd1b98d9a59bcb6313fcbad0decdf510e75c372edc0d06,0.33333
783ec05b0586e81fb8f2886d978d4ce6f28861670ef94162153e2586051af360,2026-08-15T14:24:39+00:00,Carrefour Samsung Mobile S25 12 GB RAM 512 GB ROM Icy Blue (293263),https://www.daraz.pk/products/25-12-512-293263-i933100502.html,,false,[],Weight Unknown,[316999.0],daraz.pk/daraz__25-12-512-293263-i933100502.html.json,d8b72a828145335624f75a617dba418f5dfa432c1fdcc9c00d22984bbfc131f0,0.16667
bd3ccf015a25a1558f1c78578129428bbcf55cd60c897080bd0499d6a3e2b5f5,2026-08-15T15:12:51+00:00,Carrefour Samsung Mobile S25 Ultra 12 GB RAM 512 GB ROM Silver Blue (293264),https://www.daraz.pk/products/25-12-512-293264-i933093978.html,,false,[],Weight Unknown,[441999.0],daraz.pk/daraz__25-12-512-293264-i933093978.html.json,3f9c0536459144ba0d2fcdaeb14b73daaf490126e48e87d8ba8d07423c3a5dc6,0.16667
bf1ca06471680becb3138b4358272c9d2852094668144b151c6ba180816690f5,2026-08-15T14:17:05+00:00,Carrefour Samsung Mobile S25 Ultra 12 GB RAM 512 GB ROM Black (293265),https://www.daraz.pk/products/25-12-512-293265-i933093000.html,,false,[],Weight Unknown,[441999.0],daraz.pk/daraz__25-12-512-293265-i933093000.html.json,4c8a556ae7cc943049e4e1c8e6a3d833a925cada3595e30f6f46456995fe53bf,0.16667
4bbfe3b6f5e5ee8aa86e4d388ee84bbb1f2a54e4e365f79c37446ed5f1d3c2d4,2026-08-15T14:44:19+00:00,Carrefour Samsung Mobile S25 Ultra 12 GB RAM 512 GB ROM White Silver (293266),https://www.daraz.pk/products/25-12-512-293266-i933106001.html,,false,[],Weight Unknown,[441999.0],daraz.pk/daraz__25-12-512-293266-i933106001.html.json,25af4e18cb2e1065125281cdcb81fc5eb0ccb2e8d83aa7e14e00d9cd744f153e,0.16667
8be26f2fe05cdc1fa05b9c21f497cd796238071b5c31a1d0cff55caa86e07d61,2026-08-15T14:33:55+00:00,Carrefour Samsung Mobile S25 Ultra 12 GB RAM 512 ROM Grey (293267),https://www.daraz.pk/products/25-12-512-293267-i933098706.html,,false,[],Weight Unknown,[441999.0],daraz.pk/daraz__25-12-512-293267-i933098706.html.json,907d6f2044912a4333434fbfd5efc29608cd37bb366f5d43caf818fd17ecc9ab,0.16667
134c5501a97c59325c50de81a6f38235e20f468a2116b8979b7fb27010b9c882,2026-08-15T13:41:27+00:00,Carrefour Samsung Galaxy A25 Smartphone 256GB Rom 8GB RAM Blue Black (281132),https://www.daraz.pk/products/25-256-8-281132-i933093949.html,,false,[],Weight Unknown,[101500.0],daraz.pk/daraz__25-256-8-281132-i933093949.html.json,df2b38ef30fe5caeb488bbc0a8f4235d533b1828e9eb786dcd3409f786192c1b,0.16667
426061c249d5d1f82cd882b95b6ea30baadf3fddaf4527bf5e4062358f1c3b3e,2026-08-15T11:51:06+00:00,"Samsung Galaxy S25 FE , 8GB RAM + 256GB Storage | 50MP Triple Camera, 6.7” Dynamic AMOLED, 2X 120Hz HDR10+, Gorilla Glass Victus 4500mAh Battery",https://www.daraz.pk/products/25-8-256-50mp-67-amoled-2x-120hz-hdr10-4500mah-i915989314.html,,false,[],Weight Unknown,[299999.0],daraz.pk/daraz__25-8-256-50mp-67-amoled-2x-120hz-hdr10-4500mah-i915989314.html.json,61d2d05d3828fcf635402f3cd43f1fb605c7fefb3a9e3ec7397e1569cbb3b5d2,0.41667
bfea6610867087e3b38d3e434ab013efa16c198b8ee8c08e8d34daa158f0d177,2026-08-15T14:46:35+00:00,Carrefour Samsung Galaxy S25 FE 8+512GB Navy-304091,https://www.daraz.pk/products/25-8512-304091-i1961138761.html,,false,[],Weight Unknown,[254999.0],daraz.pk/daraz__25-8512-304091-i1961138761.html.json,ae14c5f71131aa162e3b681e23c4d3ab92f9b41a382b9ee1d19f8438e98555f9,0.12500
fe29b984d60871ccc734f75dd111615ce36aaeed12c2c9134b19cc4dc22f869d,2026-08-15T14:45:33+00:00,Carrefour Samsung Galaxy S25 FE 8+512GB Icy Blue-304092,https://www.daraz.pk/products/25-8512-304092-i1961164729.html,,false,[],Weight Unknown,[254999.0],daraz.pk/daraz__25-8512-304092-i1961164729.html.json,4fd941a47d87dddf37195b8eea7d828c27b5082a660118e44533240f9576056c,0.12500
450a2eed505759a37639d98a03e63cfb697890adcc2207a18745b2c3c481d7c3,2026-08-15T14:12:36+00:00,Carrefour Samsung Galaxy S25 FE 8+512GB Jet Black-304093,https://www.daraz.pk/products/25-8512-304093-i1961180647.html,,false,[],Weight Unknown,[254999.0],daraz.pk/daraz__25-8512-304093-i1961180647.html.json,220618c431627db9b61c10d2227a72733b0331879d054904eb5a28e3fe7ef8b0,0.12500
90c7af0c227842456a4ca16158a8a2471dd1c4059e280932a886a862cfe365bf,2026-08-15T14:33:35+00:00,Carrefour Samsung Galaxy S25 FE 8+512GB White-304094,https://www.daraz.pk/products/25-8512-304094-i1960465772.html,,false,[],Weight Unknown,[254999.0],daraz.pk/daraz__25-8512-304094-i1960465772.html.json,20380bcb1b2e77e41a2e185a2356943fc9784b629ac3168067a5798e564eef8f,0.12500
bc045abe0175606924c1edb852b171e3f533d9a038c8849a12d7519444414e37,2026-08-15T12:29:34+00:00,VGOTEL NEW 25 = 8GB RAM = 128GB ROM = 6000mAh BATTERY,https://www.daraz.pk/products/25-8gb-128gb-6000mah-i604431735.html,,false,[],Weight Unknown,[26999.0],daraz.pk/daraz__25-8gb-128gb-6000mah-i604431735.html.json,73074a88fc3cd3879dca508e5bed7e2a8f5fa15eab9d23525a29aa83e4b658ec,0.45833
260aef4e6acb192e8205da2b901efb33e2d7e684ab3e51fae49782a583cc7294,2026-08-15T13:00:30+00:00,VGOTEL NEW 25 = 8GB RAM = 128GB ROM = 6000mAh BATTERY,https://www.daraz.pk/products/25-8gb-128gb-6000mah-i615785310.html,,false,[],Weight Unknown,[27999.0],daraz.pk/daraz__25-8gb-128gb-6000mah-i615785310.html.json,9bef96479e495ff2f17fcf12f38f2ed549ee8d5746b1027a99573fff09933ad4,0.58333
f4c3cc936e4fbb68d940c2dff5393eae17bb0728500990d5e5eec229db040343,2026-08-15T15:27:13+00:00,Carrefour Samsung Mobile S26 12GB RAM 256GB ROM Blue-308273,https://www.daraz.pk/products/26-12-256-308273-i1951671851.html,,false,[],Weight Unknown,[319999.0],daraz.pk/daraz__26-12-256-308273-i1951671851.html.json,71d637c28fc30bfd91db599e1979c4513352b90706f6f30e9a2144b36c807a5d,0.41667
6e5ae4003f00812a4fe10a4c0488632fc5d5ee5fdb6f8f2a0a92d5a3407c1306,2026-08-15T15:24:16+00:00,Carrefour Samsung Mobile S26 12GB RAM 256GB ROM Black-308275,https://www.daraz.pk/products/26-12-256-308275-i1951876510.html,,false,[],Weight Unknown,[319999.0],daraz.pk/daraz__26-12-256-308275-i1951876510.html.json,3149675fa9137bd0c348668cabb10fa05a54db884e716a4976072e679da5ec3b,0.41667
aea0c99f8ef458a7064723a31aff8b8c3067b650cea795d537b2f22e4baa0721,2026-08-15T15:24:01+00:00,Carrefour Samsung Mobile S26 12GB RAM 256GB ROM Violet-308277,https://www.daraz.pk/products/26-12-256-308277-i1951928016.html,,false,[],Weight Unknown,[319999.0],daraz.pk/daraz__26-12-256-308277-i1951928016.html.json,36456795a6d737845b49c2a8c6b766389c15e0fb4b9cbfd504b7bcaeca6ee986,0.41667
9583eba85f924dc9ff9d189f7af551fe82121de6453d1c8115a89c381a8a06a2,2026-08-15T15:11:55+00:00,Carrefour Samsung Mobile S26 12GB RAM 256GB ROM White-308279,https://www.daraz.pk/products/26-12-256-308279-i1951906449.html,,false,[],Weight Unknown,[319999.0],daraz.pk/daraz__26-12-256-308279-i1951906449.html.json,2528147df8f66da30f14d65c5bd0413a1484b11f96634774a0d4858f58180485,0.41667
09f7e60e5f12f681e1e11c9418915927d873105c2dd74e27a96f70124a0a89dd,2026-08-15T15:16:33+00:00,Carrefour Samsung Mobile S26 Plus 12GB RAM 256GB ROM Blue-308281,https://www.daraz.pk/products/26-12-256-308281-i1951924121.html,,false,[],Weight Unknown,[384999.0],daraz.pk/daraz__26-12-256-308281-i1951924121.html.json,2f6a54f60803617dd918905ced56654496446cb94883f0d004b6430d7b18c93b,0.33333
0b751c4c645d53a625833ba1b14d978c729e3a03a8665d8644217a57bbd3c2b2,2026-08-15T15:18:08+00:00,Carrefour Samsung Mobile S26 Plus 12GB RAM 256GB ROM Black-308283,https://www.daraz.pk/products/26-12-256-308283-i1951862995.html,,false,[],Weight Unknown,[384999.0],daraz.pk/daraz__26-12-256-308283-i1951862995.html.json,bb0a92c5fb7bcea2ba07e362ff7406ed92847c896675fc40b361d1e58412bb63,0.33333
8585b7202d40cde6599aa7191e8e2e1f47378ea11e6fed8f1293ceb758db1456,2026-08-15T14:34:54+00:00,Carrefour Samsung Mobile S26 Plus 12GB RAM 256GB ROM Violet-308285,https://www.daraz.pk/products/26-12-256-308285-i1951872560.html,,false,[],Weight Unknown,[384999.0],daraz.pk/daraz__26-12-256-308285-i1951872560.html.json,37ee379406bb618d6acabf088aa58b7ea1e68ea201d24f212aaddbbfc5b7056d,0.33333
f15b6e6ddf72afe88ba67da97d432a5555e39a08c2f10fca48a1bb08d8312e39,2026-08-15T15:08:39+00:00,Carrefour Samsung Mobile S26 Plus 12GB RAM 256GB ROM White-308287,https://www.daraz.pk/products/26-12-256-308287-i1951669786.html,,false,[],Weight Unknown,[384999.0],daraz.pk/daraz__26-12-256-308287-i1951669786.html.json,b0c7fc2b3ce34068691e5ce926e23a5a8b85adfdfee1e009395ce1d7a39bfe7b,0.33333
d0b9fb8139d9d2547489409cbd158436e623ea63e8c1dda48215e43cb232a775,2026-08-15T15:10:20+00:00,Carrefour Samsung Mobile S26 Ultra 12GB RAM 256GB ROM Blue -308298,https://www.daraz.pk/products/26-12-256-308298-i1951677654.html,,false,[],Weight Unknown,[449999.0],daraz.pk/daraz__26-12-256-308298-i1951677654.html.json,e83940d8fdc2251b17f69a2c4c989a76a1402440224ac42c78baaacd2d791496,0.41667
1805543b7f2a317215a404947ae0bbab6220fa120f2b898b653b8f9d65bfc9f2,2026-08-15T14:31:25+00:00,Carrefour Samsung Mobile S26 Ultra 12GB RAM 256GB ROM Black -308300,https://www.daraz.pk/products/26-12-256-308300-i1951918325.html,,false,[],Weight Unknown,[449999.0],daraz.pk/daraz__26-12-256-308300-i1951918325.html.json,503e9c51a853b125957f80f9cb926476350e020a5e103ca39133dd4910c0a110,0.41667
0fa99aec713ea28a2d405a79c7df8332d678c9de45bd32d00edfc50ae8a6a468,2026-08-15T15:02:25+00:00,Carrefour Samsung Mobile S26 Ultra 12GB RAM 256GB ROM Violet -308302,https://www.daraz.pk/products/26-12-256-308302-i1951675721.html,,false,[],Weight Unknown,[449999.0],daraz.pk/daraz__26-12-256-308302-i1951675721.html.json,e9f642ba8109f50871c73a72e8cab4bf9401652773e8ad271ab88f21b121f7a9,0.41667
1ea9d4ad42698ef514bb75c5c75c9666229ef701fd78ec670a66acb241ff34ac,2026-08-15T15:03:42+00:00,Carrefour Samsung Mobile S26 Ultra 12GB RAM 256GB ROM White -308304,https://www.daraz.pk/products/26-12-256-308304-i1951916427.html,,false,[],Weight Unknown,[449999.0],daraz.pk/daraz__26-12-256-308304-i1951916427.html.json,be1f0a8ad0409681c9062ebab1cf6673416f88dcb6f884329c131409f3f04e58,0.41667
e1969cee41df69a65791c46fd911c0dd334739b60ea134ada2f23e5c5310f455,2026-08-15T15:25:49+00:00,Carrefour Samsung Mobile S26 12GB RAM 512GB ROM Blue-308274,https://www.daraz.pk/products/26-12-512-308274-i1951681539.html,,false,[],Weight Unknown,[379999.0],daraz.pk/daraz__26-12-512-308274-i1951681539.html.json,ef7291dd9ef5d17f9267925a0df8242e60dcd28d91185679a351c8d01e8c17f4,0.41667
d5274ff251ed52364f2eaab6ab6d5d2469037fbbc7a8d518821c6a616f646e41,2026-08-15T12:51:29+00:00,Carrefour Samsung Mobile S26 12GB RAM 512GB ROM Black-308276,https://www.daraz.pk/products/26-12-512-308276-i1951677657.html,,false,[],Weight Unknown,[379999.0],daraz.pk/daraz__26-12-512-308276-i1951677657.html.json,27c1ff01710101df8461457679da91e10e2c3b38ddc5a9ac10f95961518fd958,0.41667
2cd853fb0eee42ce7ae14e24c3309fee7711c25d6f2b026a76e38241939919d6,2026-08-15T15:24:30+00:00,Carrefour Samsung Mobile S26 12GB RAM 512GB ROM Violet-308278,https://www.daraz.pk/products/26-12-512-308278-i1951671852.html,,false,[],Weight Unknown,[379999.0],daraz.pk/daraz__26-12-512-308278-i1951671852.html.json,339f39e50f5bd3f1aef1528e735aebf1d10f8d5db1692c20db3d205ed809937e,0.41667
4780b0f6e365aa3b792fcd1170cd00710081f4d488f199971f70d1ec5a8a53af,2026-08-15T15:23:05+00:00,Carrefour Samsung Mobile S26 12GB RAM 512GB ROM White-308280,https://www.daraz.pk/products/26-12-512-308280-i1951667863.html,,false,[],Weight Unknown,[379999.0],daraz.pk/daraz__26-12-512-308280-i1951667863.html.json,2015064d9caa4d1a38eb9b02f5fe9a77f9cdbb00bfea8514281694ef510fb464,0.41667
40164b75668f99d12fbb44b64befcd6902dbb531d15060c062e101ee9e987c1a,2026-08-15T15:20:23+00:00,Carrefour Samsung Mobile S26 Plus 12GB RAM 512GB ROM Blue-308282,https://www.daraz.pk/products/26-12-512-308282-i1951916428.html,,false,[],Weight Unknown,[444999.0],daraz.pk/daraz__26-12-512-308282-i1951916428.html.json,0a0f292d8689156b86ec1327f1cc45bc44d15f16219cbb6c01ce71ddaa8fdfe8,0.33333
b3d812dfb0fce013ab27203859e0c33e8d9807dc6a86c89c2e34a69d1b8f4a15,2026-08-15T15:30:22+00:00,Carrefour Samsung Mobile S26 Plus 12GB RAM 512GB ROM Black-308284,https://www.daraz.pk/products/26-12-512-308284-i1951701079.html,,false,[],Weight Unknown,[444999.0],daraz.pk/daraz__26-12-512-308284-i1951701079.html.json,63b46099322306432e98be3614183d26bbee3195ce73c5480a9132cd1244a43d,0.33333
800b3b2b90384ef60e45acf563e9a7879674a49cb59c658ff9ac01de008f1adf,2026-08-15T15:12:43+00:00,Carrefour Samsung Mobile S26 Plus 12GB RAM 512GB ROM Violet-308286,https://www.daraz.pk/products/26-12-512-308286-i1951703017.html,,false,[],Weight Unknown,[444999.0],daraz.pk/daraz__26-12-512-308286-i1951703017.html.json,c15c286b2ff2f60fa86f6c1ebaa0571eea6ffb7f2aef6289fb2d6dcb70790d00,0.33333
fab1717c719ad64735598fce15e0662647a27b9216256c2f8af56ef8ba4c6294,2026-08-15T14:51:05+00:00,Carrefour Samsung Mobile S26 Plus 12GB RAM 512GB ROM White-308288,https://www.daraz.pk/products/26-12-512-308288-i1951681540.html,,false,[],Weight Unknown,[444999.0],daraz.pk/daraz__26-12-512-308288-i1951681540.html.json,3b4b23b70cefceb5a34a66d7184576d1fef9a703a74f5564fb5adf19175faae3,0.33333
041767e3924d12ae09ae81ec1de49ff9a41348483062a4bd6ff15bf68428072b,2026-08-15T14:28:08+00:00,Carrefour Samsung Mobile S26 Ultra 12GB RAM 512GB ROM Blue -308299,https://www.daraz.pk/products/26-12-512-308299-i1951683490.html,,false,[],Weight Unknown,[519999.0],daraz.pk/daraz__26-12-512-308299-i1951683490.html.json,987e46cd3e5e3fb7825972a8fe8519ddd1a586936f061eb387206dc7c323660d,0.41667
93bc9ceb6eb6d7bb479ca5b9977139e4557cecce36f61570975c7241f0e144e1,2026-08-15T15:22:28+00:00,Carrefour Samsung Mobile S26 Ultra 12GB RAM 512GB ROM Black -308301,https://www.daraz.pk/products/26-12-512-308301-i1951685505.html,,false,[],Weight Unknown,[519999.0],daraz.pk/daraz__26-12-512-308301-i1951685505.html.json,f4894128d1079487f026012f187a939608cce7b3dadb5347b508f9d4fe05d5e8,0.41667
c5da12fbbded752472be22f8aab38ff0e936971d45013228c39f409ae8cd05e9,2026-08-15T15:11:02+00:00,Carrefour Samsung Mobile S26 Ultra 12GB RAM 512GB ROM Violet -308303,https://www.daraz.pk/products/26-12-512-308303-i1951866961.html,,false,[],Weight Unknown,[519999.0],daraz.pk/daraz__26-12-512-308303-i1951866961.html.json,1bfbc094e2c040f6b1415c6bbf60da50a27faa024ec79d44a048e4d29a318ed1,0.41667
e7936fb3cabbcc09d5db3a7b9f65fa5098ec90a13c38a920051f98d392ea6add,2026-08-15T14:55:03+00:00,Carrefour Samsung Mobile S26 Ultra 12GB RAM 512GB ROM White -308305,https://www.daraz.pk/products/26-12-512-308305-i1951703015.html,,false,[],Weight Unknown,[519999.0],daraz.pk/daraz__26-12-512-308305-i1951703015.html.json,ebc86ed9bb7a9b5d1751f4774965727f57e416d580cab9c4d91c65dbb9daa907,0.41667
94024010b9f7906ce41e7a35f32d6fcabe453a65a4ab78b6748e77d966eaed77,2026-08-15T13:34:08+00:00,VGOTEL NEW 26 LITE = 6GB RAM = 128GB ROM = 5000mAh BATTERY,https://www.daraz.pk/products/26-6gb-128gb-5000mah-i913598560.html,,false,[],Weight Unknown,[26999.0],daraz.pk/daraz__26-6gb-128gb-5000mah-i913598560.html.json,d9c0e2cf0369010ebc9c4ddbe3671e1713a45123c21c5e8241eac3952ccc6115,0.58333
2425fa93cd4fe68901b0fdc2fb7558eb2d0391c1601c7749a47b49e08a8fa129,2026-08-15T14:34:05+00:00,VGOTEL NEW 26 LITE = 6GB RAM = 128GB ROM = 5000mAh BATTERY,https://www.daraz.pk/products/26-6gb-128gb-5000mah-i913638233.html,,false,[],Weight Unknown,[28999.0],daraz.pk/daraz__26-6gb-128gb-5000mah-i913638233.html.json,2df4fa0366255643070aca8633f69456e3c6fc02ff0b7a4b72357b024b818720,0.58333
156075b38bd75b61d741828381ff021f9d8b9b03a616146d56dedea6c47a79fe,2026-08-15T12:43:08+00:00,VGOTEL NEW 26 = 8GB RAM =128GB ROM = 5000mAh BATTERY,https://www.daraz.pk/products/26-8gb-128gb-5000mah-i595221058.html,,false,[],Weight Unknown,[27999.0],daraz.pk/daraz__26-8gb-128gb-5000mah-i595221058.html.json,fe9cc56e12fb75314e6d103236c867c5fa02a0f2791b02b333dc28208614e385,0.58333
907e2b5be6eac8c721de40fe81084febd1bc9741084cb12e235724977a90fdbb,2026-08-15T12:35:45+00:00,VGOTEL NEW 26 = 8GB RAM = 128GB ROM = 5000mAh BATTERY,https://www.daraz.pk/products/26-8gb-128gb-5000mah-i615788347.html,,false,[],Weight Unknown,[27999.0],daraz.pk/daraz__26-8gb-128gb-5000mah-i615788347.html.json,aa2f592009cd1722df6665d6068a35615abf91e6274691384a5fd374f1628ca2,0.58333
8b55db6d750327f345269775a1e8afed041608b09c4523cd62daabfe2ebd6772,2026-08-15T13:47:06+00:00,Carrefour MOBILE MUSIC KING BARPHONE SPARX-286664,https://www.daraz.pk/products/286664-i1961168665.html,,false,[],Weight Unknown,[3100.0],daraz.pk/daraz__286664-i1961168665.html.json,4fc9e9c5ba44297b6ea508d03a55e7dce881239eab78ddb6ea565ab7245a2895,0.12500
ea9ef9734e9d516b42e77dbb2174990ef0adb8c9c28e71e8dd6c330ffe0f66f4,2026-08-15T14:14:07+00:00,Carrefour MOBILE X4 BARPHONE SPARX-286667,https://www.daraz.pk/products/286667-i1960495708.html,,false,[],Weight Unknown,[3100.0],daraz.pk/daraz__286667-i1960495708.html.json,272b69250dffa3f385f6b9e944e3528cff1c0a292327433a16f138579c1213e8,0.12500
abbca5f3b3dafd7b1655bcd27f0e5026e1d49c26ca8aa15223bdda7c63b088b0,2026-08-15T14:11:42+00:00,Carrefour MOBILE MUSIC MASTER BARPHONE SPARX-286673,https://www.daraz.pk/products/286673-i1961126760.html,,false,[],Weight Unknown,[3000.0],daraz.pk/daraz__286673-i1961126760.html.json,018a844c4923da7ec8937ca6fe2017b978d7caf429b75c9d865028e0bd20b521,0.12500
6abd5bafd91706c9b24fb646d90feaad9e8908e98d946f620be0b7bcc7590b0a,2026-08-15T15:21:05+00:00,Carrefour MOBILE MEGA GABBAR BARPHONE SPARX-286674,https://www.daraz.pk/products/286674-i1961108812.html,,false,[],Weight Unknown,[3850.0],daraz.pk/daraz__286674-i1961108812.html.json,925eecc0766e2d041647b7b275d2a16a2a8f8b0de6dd53687241526d9ed1251f,0.12500
643f3231b38a9790b9eab9fba67c446a40a810d2ed6eb1fe68af5afec21e4a4f,2026-08-15T10:34:30+00:00,Nothing Phone 2A 12/256GB - PTA Approved - 1 Year Warranty - Nothing Phone,https://www.daraz.pk/products/2a-12256gb-pta-1-i941761533.html,,false,[],Weight Unknown,[133199.0],daraz.pk/daraz__2a-12256gb-pta-1-i941761533.html.json,016e9194c0fd22213eacc9e94e32ddfebf21b3369ec9524106c4cc83c687236c,0.75000
7c5ecf4a9d582558c9a9b5d618fd9d1d8c524fc4b3f1ad5fbb71656852d6dc92,2026-08-15T12:34:39+00:00,TECNO SPARK GO = 2GB RAM = 64GB ROM = 5000mAh BATTERY,https://www.daraz.pk/products/2gb-64gb-5000mah-i777921053.html,,false,[],Weight Unknown,[20999.0],daraz.pk/daraz__2gb-64gb-5000mah-i777921053.html.json,bcc3d8561144aafb3f497fe297b0862b1ad98fd5715002f8466904ebca85422f,0.58333
7757bbde2d90e444990286fa4ae33af5aa6f2e0af7c4c0aa96fc9d34e199247e,2026-08-15T10:37:41+00:00,itel A100c - 2GB RAM 64GB ROM 6.56'' HD+ Display 500mAh Battery PTA Approved 1 Year Brand Warranty,https://www.daraz.pk/products/2gb-a100c-64gb-hd-656-mah-pta-1-i948488155.html,,false,"[""Blaze Blue"",""Pure Black"",""Silk Green"",""Titanium Gold""]",Weight Unknown,[26999.0],daraz.pk/daraz__2gb-a100c-64gb-hd-656-mah-pta-1-i948488155.html.json,ac30d331e0b7c3b23a68047cdb08fdfc21426f3cdbab427dbe27ac60372c38e2,0.58333
876ff7e2d5298bea6da3b4b1c1c6d062a115446435a02350b76fa348c06df85e,2026-08-15T14:28:51+00:00,ITEL A27 - 2GB RAM 32GB ROM - 4000 mAh Battery BATTERY,https://www.daraz.pk/products/2gb-a27-32gb-4000-mah-i427339092.html,,false,[],Weight Unknown,[14999.0],daraz.pk/daraz__2gb-a27-32gb-4000-mah-i427339092.html.json,dd8f500c535bd2889020d827816a7876f647cfb2ffbd3cfd199926012a0b5793,0.62500
4f9e0cd39fa3f48ef2cc2eeb9546714b36b8974450e29f330088a11450c1c022,2026-08-15T10:02:05+00:00,"Itel A49 - 2GB Ram - 32GB Rom - Large Display 6.6"" - 4000 Mah Battery",https://www.daraz.pk/products/2gb-a49-32gb-66-mah-i432533528.html,,false,[],Weight Unknown,[21500.0],daraz.pk/daraz__2gb-a49-32gb-66-mah-i432533528.html.json,2fbfb91a8ca84f6a99262708c9af9383191c9387379970e788d9793e35734922,0.25000
930f1df0a7b5c34916fb8de89361f5cdb885fb56fcb92db52465ff152e5174fd,2026-08-15T10:28:49+00:00,Nothing Phone 3A 12/256GB - PTA Approved- Free CMF Buds 2 Nothing Phone,https://www.daraz.pk/products/3-12256gb-pta-cmf-2-i941770284.html,,false,[],Weight Unknown,[161499.0],daraz.pk/daraz__3-12256gb-pta-cmf-2-i941770284.html.json,0c52c18cdc3fc7a9b803b1f2e3ac500bdd61269ad654405e5edcd6232723baae,0.75000
bbb4208622428d10afd876a86f74703ba1abbace368cb8dedfd00d4cf1ffc4b2,2026-08-15T11:23:22+00:00,Nothing Phone 3 16GB/512GB - PTA Approved - Free Nothing Earbuds - Nothing Phone,https://www.daraz.pk/products/3-16gb512gb-pta-i941763870.html,,false,[],Weight Unknown,[350599.0],daraz.pk/daraz__3-16gb512gb-pta-i941763870.html.json,6981cd752e13c6df976772d3d40f49767ad429414f8079239c09cafb856834c8,0.75000
e5c473f5f79e0a9bc964309f66a4485592842c59816ce8168e00e0e2d17fac38,2026-08-15T10:08:55+00:00,VGOTEL FLEX 3 = 3GB RAM = 32GB ROM = 5000mAh BATTERY,https://www.daraz.pk/products/3-3gb-32gb-5000mah-i1950478871.html,,false,[],Weight Unknown,[21499.0],daraz.pk/daraz__3-3gb-32gb-5000mah-i1950478871.html.json,046da5915f29d77a50db37ddd2bcdcffce1a82b4ce031edf5802f1f1d9bc9236,0.29167
33119a3ff278a485ab91975df627ec207bd32fd6a03e0be5fd3864f67eeaeec4,2026-08-15T10:19:12+00:00,VGOTEL FLEX 3 = 3GB RAM = 32GB ROM = 5000mAh BATTERY,https://www.daraz.pk/products/3-3gb-32gb-5000mah-i1950707398.html,,false,[],Weight Unknown,[22999.0],daraz.pk/daraz__3-3gb-32gb-5000mah-i1950707398.html.json,68d25a3c55a436cea63574e9efbdd0284a0f2854bf8295f264d829a6928153ea,0.29167
a33b93708acf382f92c9f118c4028164e4c6bf022bcad62506d7854c9ff4fecd,2026-08-15T12:45:59+00:00,ITEL VISION 3 - 3GB RAM 64GB ROM - 5000 mAh Battery,https://www.daraz.pk/products/3-3gb-64gb-i427338370.html,,false,[],Weight Unknown,[21999.0],daraz.pk/daraz__3-3gb-64gb-i427338370.html.json,b07790fbe622219af8e9271f333649de04c8906b94acf7f391093434bd96a958,0.62500
6acb6f1ea7a1eb558cb41ac029ecd7f0bfee434271015c2653ef42f4a409c045,2026-08-15T11:12:20+00:00,Tecno Spark Go 3 - 4Gb Ram / 128Gb Storage - Official PTA Approved with 1 Year Official Brand Warranty.,https://www.daraz.pk/products/3-4-128-1-i1950382066.html,,false,"[""Titanium Grey"",""Ink Black"",""Galaxy Blue"",""Aurora Purple""]",Weight Unknown,[45999.0],daraz.pk/daraz__3-4-128-1-i1950382066.html.json,c4fd9cf37b67e94b98ffddcdbc7997e7df537bae517386160d262cdec073ca4b,0.70833
6797da86113fc4af19a50dfaf0d1f519a2ebbc3294627d6ee494c82d22818851,2026-08-15T13:54:14+00:00,Carrefour OPPO A3X 4GB RAM 128GB ROM Ocean Blue (288770),https://www.daraz.pk/products/3-4-128-288770-i933102253.html,,false,[],Weight Unknown,[40500.0],daraz.pk/daraz__3-4-128-288770-i933102253.html.json,42c866bdd36de145c3bda71793477cc824640c2cd60ec90bc2db697c3df6e0d9,0.16667
f763ef9c890a7cb53c5f966836b33bb7acb0c116b6298b5cc317a1c88dd85d9b,2026-08-15T13:55:15+00:00,Carrefour OPPO A3X 4GB RAM 128GB ROM Nebula Red (288771),https://www.daraz.pk/products/3-4-128-288771-i933099557.html,,false,[],Weight Unknown,[40500.0],daraz.pk/daraz__3-4-128-288771-i933099557.html.json,625f3de6f7b17537aebf7917c5e10738399ad0de771a825284b8a390f8e3d94f,0.16667
da3bdd2bb95cb34f0caac8f644c64e5fbb200674a317d3c4c5b9a9e2e2313df6,2026-08-15T13:44:41+00:00,DECODE CYGNAL 3 - 4+3=7GB RAM 64GB ROM - 5000 mAh Battery,https://www.daraz.pk/products/3-4-3-7gb-64gb-5000-mah-i430399202.html,,false,[],Weight Unknown,[21999.0],daraz.pk/daraz__3-4-3-7gb-64gb-5000-mah-i430399202.html.json,ea177d98d79dcf8007485d2ce357e89696e53209e515835c58a4964c0a5648ef,0.58333
657e299b43cd41cd7d996e8b5af788829e498e09bc221149099bccf3e657bb1d,2026-08-15T10:38:35+00:00,Tecno Spark Go 3 - 4Gb Ram / 64Gb Storage - Official PTA Approved with 1 Year Official Brand Warranty.,https://www.daraz.pk/products/3-4-64-1-i1950388028.html,,false,"[""Titanium Grey"",""Ink Black"",""Galaxy Blue"",""Aurora Purple""]",Weight Unknown,[45999.0],daraz.pk/daraz__3-4-64-1-i1950388028.html.json,9e24dc134c677fddd99eb429d13673625b876af491cc5235cb9324ef3d639c17,0.70833
159c83740f422f7536fc87368daa4dfe6d94e80357ec4231769d2621b32d487d,2026-08-15T14:11:14+00:00,Carrefour OPPO A3X 4GB RAM 64GB ROM Ocean Blue (288768),https://www.daraz.pk/products/3-4-64-288768-i933103254.html,,false,[],Weight Unknown,[35500.0],daraz.pk/daraz__3-4-64-288768-i933103254.html.json,4b771a6a635f96a6f2ad4003a615069f0e27db1d8b0da7d6087faf17dd3cc90c,0.16667
cb6f6044f2bb859ac4f067db869b74366af500fdfe24e58227cb0c8317f4090c,2026-08-15T14:16:25+00:00,Carrefour OPPO A3X 4GB RAM 64GB ROM Nebula Red (288769),https://www.daraz.pk/products/3-4-64-288769-i933100485.html,,false,[],Weight Unknown,[35500.0],daraz.pk/daraz__3-4-64-288769-i933100485.html.json,1caa9d15302aba3c8131b76c0dffe8e7e1f6ce4941e6848dc281faabffc228e7,0.16667
8838c3c6917191b3511236d582ac315e7bd2fd89069e9e069ef1e828874f376e,2026-08-15T11:47:10+00:00,TECNO SPARK GO 3 = 4GB RAM = 128GB ROM = 5000mAh BATTERY,https://www.daraz.pk/products/3-4gb-128gb-5000mah-i1950170227.html,,false,[],Weight Unknown,[47999.0],daraz.pk/daraz__3-4gb-128gb-5000mah-i1950170227.html.json,62517f7746d2145cd723333661379d60acb9cb65bb659d41722d578828096701,0.29167
9c872ba20e9427aebfe51db7e72760907c434ccd8687dd84f307e5d9231c8090,2026-08-15T11:46:53+00:00,TECNO SPARK GO 3 = 4GB RAM = 128GB ROM = 5000mAh BATTERY,https://www.daraz.pk/products/3-4gb-128gb-5000mah-i1950808919.html,,false,[],Weight Unknown,[47999.0],daraz.pk/daraz__3-4gb-128gb-5000mah-i1950808919.html.json,62517f7746d2145cd723333661379d60acb9cb65bb659d41722d578828096701,0.29167
a6a1fc2f6fa45547fbb2c85ede3023de7e6a3867d7b15e50c938583f70c03245,2026-08-15T13:42:48+00:00,DECODE CYGNAL 3 PRO = 4GB+3GB RAM - 128GB ROM =5000 mAh Battery,https://www.daraz.pk/products/3-4gb-3gb-128gb-5000-mah-i433333961.html,,false,[],Weight Unknown,[23499.0],daraz.pk/daraz__3-4gb-3gb-128gb-5000-mah-i433333961.html.json,f185f788fcb4f8813c2702333d6e48773cf1549b18c98143edbfc6ec87a4e665,0.58333
4202e4d922a559591d09d2d11140bc10fa07989f72c191266f90369f07b2809c,2026-08-15T11:32:17+00:00,Infinix Spark Go 3 || 4GB+4GB Ram || 5000mAh Battery,https://www.daraz.pk/products/3-4gb-4gb-wach-5000mah-i1953602812.html,,false,[],Weight Unknown,[42999.0],daraz.pk/daraz__3-4gb-4gb-wach-5000mah-i1953602812.html.json,cfc89be1dfc0c7178f133b40a3831efb0e862b27cdc76ea6187b5271f56dd925,0.29167
44fe07afc2a90aab06f6e48b059b819cac2efa3c9446ca777e79a4c3bf575b66,2026-08-15T11:31:00+00:00,TECNO SPARK GO 3 = 4GB RAM = 64GB ROM = 5000mAh BATTERY,https://www.daraz.pk/products/3-4gb-64gb-5000mah-i1950007709.html,,false,[],Weight Unknown,[41999.0],daraz.pk/daraz__3-4gb-64gb-5000mah-i1950007709.html.json,d739c56dcb4e80432c2d58ca9eb105bf5cff28459c661d1f419044adb9a4604d,0.29167
59d70a6c3cefb0c0cf0bd197ced3d9bd962c452b6ff9725071a805f052b86e78,2026-08-15T11:44:39+00:00,TECNO SPARK GO 3 = 4GB RAM = 64GB ROM = 5000mAh BATTERY,https://www.daraz.pk/products/3-4gb-64gb-5000mah-i1950828305.html,,false,[],Weight Unknown,[41999.0],daraz.pk/daraz__3-4gb-64gb-5000mah-i1950828305.html.json,d739c56dcb4e80432c2d58ca9eb105bf5cff28459c661d1f419044adb9a4604d,0.29167
5b0763963c126c95ec8c8e1946c9827c28f62527b9263892afb8c08980647376,2026-08-15T10:01:38+00:00,Vgotel Flex 3 - 6.6 Inches Display - 3GB RAM 32GB ROM - 5MP Front Camera 13MP Rear Camera - Dual SIM - 5000mAh Battery,https://www.daraz.pk/products/3-66-3gb-32gb-5mp-13mp-5000mah-i1965321776.html,,false,[],Weight Unknown,[21000.0],daraz.pk/daraz__3-66-3gb-32gb-5mp-13mp-5000mah-i1965321776.html.json,a26868b6ab6d225f77e32d6eb1c53ed52cf82876acb76fc1e92ac99cc81bef5b,0.54167
e968aed7c65071038fa64948247be10ad217407af6c63c43182dfb72b6f4c304,2026-08-15T10:31:03+00:00,Vgotel Flex 3 - 6.6″ HD+ Display - 3GB RAM 32GB ROM - 5MP Front Camera 13MP Rear Camera - Dual SIM - 5000mAh Battery,https://www.daraz.pk/products/3-66-hd-3gb-32gb-5mp-13mp-5000mah-i1965401162.html,,false,[],Weight Unknown,[22000.0],daraz.pk/daraz__3-66-hd-3gb-32gb-5mp-13mp-5000mah-i1965401162.html.json,278805283554873910cc15362d2fd65567d8e3c68d10e25a14c381d48e6a641d,0.50000
67761a1f9a81450e7b8d6c2fe13ff47097647e6f6e43619422c5056239a276df,2026-08-15T11:23:48+00:00,Vgotel Flex 3 - 6.6″ HD+ Display - 3GB RAM 32GB ROM - 5MP Front Camera 13MP Rear Camera - Octa Core Processor - Dual SIM - 5000mAh Battery,https://www.daraz.pk/products/3-66-hd-3gb-32gb-5mp-13mp-5000mah-i1965894664.html,,false,[],Weight Unknown,[22000.0],daraz.pk/daraz__3-66-hd-3gb-32gb-5mp-13mp-5000mah-i1965894664.html.json,121a06624bf3b10cf75f6cd1c48102f70565fafee3f03f083dd373357481b4fb,0.29167
32578e28d863605fcdce2654ef3c48416c6ebe1a594935cf9fdf9162edfaa46c,2026-08-15T11:11:28+00:00,Tecno Spark Go 3 - 6.75 Inches Display - 4GB RAM 64GB/128GB ROM - 8MP Front Camera - 13MP Rear Camera - Dual SIM - 5000mAh Battery,https://www.daraz.pk/products/3-675-4-64-128-8-13-5000-i1948983169.html,,false,[],Weight Unknown,[42000.0],daraz.pk/daraz__3-675-4-64-128-8-13-5000-i1948983169.html.json,75242da410dc22585985fce7a5d401b4a4155397d15eabbb36c58bad0eeb806c,0.29167
2315e768ae8bf070bc317cdafd8caa8a3d11fe890fcf42b94885a22283a966e7,2026-08-15T11:02:35+00:00,Tecno Spark Go 3 - 6.75 Inches Display - 4GB RAM 64GB/128GB ROM - 8MP Front Camera - 13MP Rear Camera - Dual SIM - 5000mAh Battery,https://www.daraz.pk/products/3-675-4-64-128-8-13-5000-i1948993068.html,,false,[],Weight Unknown,[40000.0],daraz.pk/daraz__3-675-4-64-128-8-13-5000-i1948993068.html.json,d42e3c790fca1d8c2022ea7edfe5b984e73f285badc90a5f8949164510f05c82,0.33333
f4011027333d23c6bab7473740bee9723b4d4380a6a6018166b90e211edc7dc0,2026-08-15T10:36:40+00:00,Tecno Spark Go 3 - 6.75 Inches Display - 4GB RAM 64GB/128GB ROM - 8MP Front Camera - 13MP Rear Camera - Unisoc T7250 - Dual SIM - 5000mAh Battery,https://www.daraz.pk/products/3-675-4-64-128-8-13-7250-5000-i1948993081.html,,false,"[""Titanium Grey"",""Ink Black"",""Galaxy Blue"",""Aurora Purple""]",Weight Unknown,[45000.0],daraz.pk/daraz__3-675-4-64-128-8-13-7250-5000-i1948993081.html.json,150b4da9fa55705702854892201ab7784698ca4597741074fe1a04b57dab03cd,0.66667
b51bd801f15d04a1f0a75b60934719dec811d4871f22aa2125c634938fefac48,2026-08-15T11:20:51+00:00,Tecno Spark Go 3 - 6.75'' Smooth Display 4+4GB RAM 128GB ROM 5000mAh Battery 15w Fast Charge PTA Approved 1 Year Official Brand Warranty,https://www.daraz.pk/products/3-675-44-128-5000-15-1-i1948197288.html,,false,[],Weight Unknown,[49999.0],daraz.pk/daraz__3-675-44-128-5000-15-1-i1948197288.html.json,12f67b95a798b9c819b270f3de8484ebfde445841ba9897e00c12cc245b46943,0.37500
0ff95fadc723543feeeaaabb84053a78e42095ca2e130d7d845be2c816e40092,2026-08-15T11:08:33+00:00,Tecno Spark Go 3 - 6.75'' Smooth Display 4+4GB RAM 64GB ROM 5000mAh Battery 15w Fast Charge PTA Approved 1 Year Official Brand Warranty,https://www.daraz.pk/products/3-675-44-64-5000-15-1-i1948199150.html,,false,[],Weight Unknown,[41999.0],daraz.pk/daraz__3-675-44-64-5000-15-1-i1948199150.html.json,d306e884fc0e9ae668d9965f76c55f7c5613c933215a7219a3e2cd9aa5f8bcea,0.37500
8cf27cd30572c18b50cd5ce923a60c092b7c82e089da173a625e3a1271090532,2026-08-15T10:10:05+00:00,Oneplus 3 - 6gb/64gb - Dual SIM - 3000mAh Battery - PTA Approved,https://www.daraz.pk/products/3-6gb64gb-3000mah-pta-i347024675.html,,false,[],Weight Unknown,[26500.0],daraz.pk/daraz__3-6gb64gb-3000mah-pta-i347024675.html.json,19066ff306a5c18da07c9060e80a61e364462ddf99970e7773475a47079e8e75,0.33333
1861f66876e762eec22b3d3c43ddcb910d7eff8dedea13d87ce9814e69b8d0d6,2026-08-15T14:21:34+00:00,3 Pec Tap LED Light With Remote Control Cell Operated,https://www.daraz.pk/products/3-pec-tap-led-light-with-remote-controlcell-operated-i1961466464.html,,false,[],Weight Unknown,[2175.0],daraz.pk/daraz__3-pec-tap-led-light-with-remote-controlcell-operated-i1961466464.html.json,4d9a3dc5fe8ba270abda14b6fd33f2dfd46b1653c6b30c157f8d9983255ce121,0.12500
e7fd04aae09aade3aa2dcad83c4d9827f21946cb91676734f4985181a7969f78,2026-08-15T14:07:44+00:00,Carrefour MOBILE CAMON 30 12+256 WHITE TECNO (286969),https://www.daraz.pk/products/30-12256-286969-i933097828.html,,false,[],Weight Unknown,[62999.0],daraz.pk/daraz__30-12256-286969-i933097828.html.json,142537ab656d2383bcef12498453aab09b2c0033e787e32a504f31c843a9bb26,0.12500
5f7b3a604d8c77ab8ae25e141440c1dc569b8cd2ce6f36dfed17d00a2e2a67c2,2026-08-15T13:14:03+00:00,Carrefour MOBILE CAMON 30 12+256 BLACK TECNO (286970),https://www.daraz.pk/products/30-12256-286970-i933103252.html,,false,[],Weight Unknown,[62999.0],daraz.pk/daraz__30-12256-286970-i933103252.html.json,a2663204a9edbcf97d9cd8109a6ce6ca2f91b2b570f93c87b2989117bae466ae,0.12500
ace9bad0d4a512361e998f534e974366c4bf444780d6eccc855064a16b649eda,2026-08-15T12:48:55+00:00,Tecno Spark 30 Pro || Display 120Hz 6.78'' || 128GB ROM+16GB RAM*(8GB+8GB Extended),https://www.daraz.pk/products/30-16gb-8gb-8gb-i595602371.html,,false,[],Weight Unknown,[45999.0],daraz.pk/daraz__30-16gb-8gb-8gb-i595602371.html.json,0f21af43f6f0ec34fd2793c2fd3c302cca6b0163c743a9882c294de837014eb5,0.37500
3504759367682b847ceb2b2bfccc9e7f12817a05126c907fc7b14847fb967444,2026-08-15T13:30:34+00:00,Carrefour TECNO Mobile SPARK30 Pro 8 GB RAM 128 GB ROM Black (289112),https://www.daraz.pk/products/30-8-128-289112-i933092981.html,,false,[],Weight Unknown,[46500.0],daraz.pk/daraz__30-8-128-289112-i933092981.html.json,5ffa11087ba932581001f716f8ff163ee07b539a49f3db9fc2a564d19cbf2798,0.16667
d0ba0ae2f1627408fc0a2ddf8de975bd79f1561cc5996484994bc1fd2832fa20,2026-08-15T12:41:39+00:00,Tecno CAMON 30 RAM 12GB ROM 256GB Front Camera 50 MP Back Camera 50MP 1/1.57'+2MP Battery Type 5000mAh,https://www.daraz.pk/products/30-8-gb-256-gb-50-mp-50mp-1157-2mp-5000mah-i585378612.html,,false,"[""Basaltic Dark"",""Salt White"",""Sahara Sand Brown""]",Weight Unknown,[63000.0],daraz.pk/daraz__30-8-gb-256-gb-50-mp-50mp-1157-2mp-5000mah-i585378612.html.json,7638c46752da5fa9e1f44d0bd9afdbf25e7a5b54ba3011345990c2ab28b2bca0,0.66667
2b036f973468dee5f3105bd543130f08f75bf48e2ced6685697ce6b5302ff8de,2026-08-15T14:35:41+00:00,Carrefour MOBILE SPARK30 PRO 8+128 WHTE TECNO (289110),https://www.daraz.pk/products/30-8128-289110-i933093967.html,,false,[],Weight Unknown,[46999.0],daraz.pk/daraz__30-8128-289110-i933093967.html.json,46bb848d1e806801b37023a4686996f3323e2ef990985ec268c6803306f9adb6,0.12500
c3b3caca44c5f56839237e823b5a6608749e72e98cb0a1ef2b560ef3751c020e,2026-08-15T14:09:27+00:00,Carrefour MOBILE SPARK30 PRO 8+128 GREN TECNO (289111),https://www.daraz.pk/products/30-8128-289111-i933102259.html,,false,[],Weight Unknown,[47499.0],daraz.pk/daraz__30-8128-289111-i933102259.html.json,c7d44a8e3666d10b2b5b6017d26e2b95ebd812336fe071b71ec66756480b0f05,0.12500
4c6e1cbaaf433535ae23eae57fcaecdb7c22326ed67010b410c60f416aa9e6dd,2026-08-15T14:17:49+00:00,Carrefour MOBILE CAMON 30 8+256 BLACK TECNO (287410),https://www.daraz.pk/products/30-8256-287410-i933092972.html,,false,[],Weight Unknown,[59499.0],daraz.pk/daraz__30-8256-287410-i933092972.html.json,b93e68f5df7a728b2613c26e090cfe3dd60c9ea90b2f1d1b96d9ff56e4369ad2,0.12500
06635b6e3a75588b50c8038b6574d8a99f8c9d8ff83ae403bf255c994c346cd7,2026-08-15T14:06:26+00:00,Carrefour MOBILE CAMON 30S 8+256 BLACK TECNO-288845,https://www.daraz.pk/products/30-8256-288845-i1961174715.html,,false,[],Weight Unknown,[55999.0],daraz.pk/daraz__30-8256-288845-i1961174715.html.json,bece7b253691dac19b168227861b033c225dd0f695d5babdee13f6cf47f47456,0.12500
2cb2ab14749b56fb152374a8adcaa4c71cb8d6e1eaf05f594fbdaca147bc4f47,2026-08-15T09:37:55+00:00,"Tecno Spark 30 Pro 8GB + 128GB , 120Hz 6.78'' AMOLED Hole Screen , Fingerprint Under-display, 5000mAh 33W Super Charge",https://www.daraz.pk/products/30-8gb-128gb-120hz-678-mah-33w-i602926059.html,,false,[],Weight Unknown,[79999.0],daraz.pk/daraz__30-8gb-128gb-120hz-678-mah-33w-i602926059.html.json,f42abdd36afce51f6758491c42c55f0d3205f59c94e891f6e11851084418bb6d,0.33333
396bc282ceae1cdab5572b9999afcf7eb230b33d1e9d4eda3f9778a6c8b15e73,2026-08-15T12:14:12+00:00,TECNO SPARK 30 PRO = 8GB RAM = 128GB ROM = 5000mAh BATTERY,https://www.daraz.pk/products/30-8gb-128gb-5000mah-i602693935.html,,false,[],Weight Unknown,[43999.0],daraz.pk/daraz__30-8gb-128gb-5000mah-i602693935.html.json,c7c3922ccf40213a0d9097bf9789d589eda3532239057bb541bf0f747706a6fd,0.62500
ea27b262845f45683b557ec4fd7a03f3db297c7337021669bb4a47081be5cd9c,2026-08-15T12:24:26+00:00,TECNO SPARK 30 = 8GB RAM = 128GB ROM = 5000mAh BATTERY,https://www.daraz.pk/products/30-8gb-128gb-5000mah-i604509318.html,,false,[],Weight Unknown,[38999.0],daraz.pk/daraz__30-8gb-128gb-5000mah-i604509318.html.json,b2f96a8eba29c6b24bceb96be05cd2fad7ff1c0a68ce63b830f0014b44b0df29,0.58333
ec08957e65426c6ea7aa907a33fcb0c77ead05636e60cbec190b8eb1230a84e7,2026-08-15T12:32:25+00:00,TECNO SPARK 30 = 8GB RAM = 128GB ROM = 5000mAh BATTERY,https://www.daraz.pk/products/30-8gb-128gb-5000mah-i617653376.html,,false,[],Weight Unknown,[37999.0],daraz.pk/daraz__30-8gb-128gb-5000mah-i617653376.html.json,cba8ec094e70e1a08719d9239c1511cd91b2fc6400da064b495ae131f71f8ecb,0.58333
e37256b38288d7d421f84f12a5f48e4f77258476f865df6612791dd10124723b,2026-08-15T12:37:27+00:00,TECNO SPARK 30 PRO = 8GB RAM = 128GB ROM = 5000mAh BATTERY,https://www.daraz.pk/products/30-8gb-128gb-5000mah-i617707277.html,,false,[],Weight Unknown,[41999.0],daraz.pk/daraz__30-8gb-128gb-5000mah-i617707277.html.json,7d13d326dae85894d5b17c86197b7472858dd98ca708f9b5cc7a873b0105e3c6,0.62500
0db48a0c9cf799e51ee2d05f7175ed83bd5b491447bba2257523b9a648fe769a,2026-08-15T12:58:06+00:00,Tecno Spark 30 8GB RAM 128GB ROM MediaTek Helio G91 64MP Main Camera 5000mAh Battery PTA Approved Box Pack,https://www.daraz.pk/products/30-8gb-128gb-g91-64mp-5000mah-pta-i622296594.html,,false,[],Weight Unknown,[43000.0],daraz.pk/daraz__30-8gb-128gb-g91-64mp-5000mah-pta-i622296594.html.json,3ea711711733ae50efec670a2f92f14061df7a61b302d7a83315c60e2ba0bbb0,0.29167
d71aaebc4b2347243b4a5e987e96c97b2f9db1c501e0c1417705508628a921d6,2026-08-15T12:47:14+00:00,Tecno CAMON 30 RAM 8GB ROM 256GB Front Camera 50 MP Back Camera 50MP 1/1.57'+2MP Battery Type 5000mAh,https://www.daraz.pk/products/30-8gb-256gb-50-mp-50mp-1157-2mp-5000mah-i585802194.html,,false,"[""Basaltic Dark"",""Salt White"",""Sahara Sand Brown""]",Weight Unknown,[58000.0],daraz.pk/daraz__30-8gb-256gb-50-mp-50mp-1157-2mp-5000mah-i585802194.html.json,4b648741a4f4e2c51e7cc33740f10b74ad40412e9d4f08ce43b8c2e5d74ceb1e,0.66667
a80b3ab74684c897b15dac2414459e2cb75f255e9cc29a780d670ab8cfeeb0ab,2026-08-15T14:41:44+00:00,TECNO CAMON 30 = 8GB RAM = 256GB ROM = 5000mAh BATTERY,https://www.daraz.pk/products/30-8gb-256gb-5000mah-i777844651.html,,false,[],Weight Unknown,[48999.0],daraz.pk/daraz__30-8gb-256gb-5000mah-i777844651.html.json,d4dc7802199f59700ddf6f57fa5e60819675188efb29c32556aa4ce5bf7f2918,0.62500
d62e0fe3dd3e240dc1951d81ef4efd708743035cf932245796d46a894e79be9b,2026-08-15T12:19:03+00:00,Tecno Spark 30 Pro 8GB RAM 128GB ROM 108MP Main Camera MediaTek Helio G100 AMOLED Display 5000mAh Battery Brand New Box Pack PTA Approved,https://www.daraz.pk/products/30-8gb-8gb-108mp-g100-128-mah-pta-i622240885.html,,false,[],Weight Unknown,[47000.0],daraz.pk/daraz__30-8gb-8gb-108mp-g100-128-mah-pta-i622240885.html.json,83fa3e15488ba949116df363717ed885dc0edb78a16c275174dfe31cc8528052,0.37500
c7cb2609a0e6ea0b06f37d4ffdfaf802410875fb65b98827660d7d0fe37fd3dc,2026-08-15T13:30:14+00:00,INFINIX NOTE 30 - 8GB+8GB =16GB RAM 256GB ROM - 5000 mAh Battery,https://www.daraz.pk/products/30-8gb-8gb-16gb-256gb-5000-mah-i428410536.html,,false,[],Weight Unknown,[43999.0],daraz.pk/daraz__30-8gb-8gb-16gb-256gb-5000-mah-i428410536.html.json,f573aae780598b9cb93eb28b1132889cb8cf184bb3e89a2a41cd71ffddcf1b36,0.62500
63b6e0f34e86170d974102408fe92ef8fadb7db25d2b58d00877ead1073d0245,2026-08-15T09:55:33+00:00,"Tecno Camon 30 8GB + 8GB Extended Ram 256GB Rom 6.78"" FHD+AMOLED 120Hz, Display 5000mAh 70W Ultra Charge Type-C",https://www.daraz.pk/products/30-8gb-8gb-256gb-fhd-678-hz-120-mah-70w-c-i760825004.html,,false,[],Weight Unknown,[99999.0],daraz.pk/daraz__30-8gb-8gb-256gb-fhd-678-hz-120-mah-70w-c-i760825004.html.json,643a2d16c241ad7c2f73690d3d485697de526717da0037f47ec11d5b0108289a,0.37500
1a4074854c99ae5f78a749ba81ef644d62ffe0dcfd6289be4adb515219c0df0a,2026-08-15T12:37:08+00:00,Tecno Spark 30 || Display 120Hz 6.67'' Hole Screen || 128GB ROM+8GB RAM +8GB Extended,https://www.daraz.pk/products/30-8gb-8gb-i595573611.html,,false,[],Weight Unknown,[40000.0],daraz.pk/daraz__30-8gb-8gb-i595573611.html.json,e1ab6044c576b9eb84aec9b671bf69ded9124d2ee023e9b3f6262a1116944c71,0.33333
7eca7505206c6a2894c7751c1dc13180b01a6eddf1158d7e5d3fc10a788d8e0f,2026-08-15T13:44:13+00:00,Carrefour MOBILE SPARK 30PRO8+128 OPTMS TECNO (289113),https://www.daraz.pk/products/308128-289113-i933103259.html,,false,[],Weight Unknown,[46500.0],daraz.pk/daraz__308128-289113-i933103259.html.json,b6ec5075649632adfe9cfd8ac55c7ce4492d211b4038d1c49829aba0a0d823cd,0.12500
bda80c47fb56c50238aef39c5bd0b1b5ff1cd8e049971c6252ccf0cd90c5c789,2026-08-15T12:14:20+00:00,Tecno Spark 30c || Display 120Hz 6.67'' Hole Screen || 128GB ROM+12GB RAM*(6GB+6GB Extended) ||,https://www.daraz.pk/products/30c-120hz-12gb-12gb-6gb-6gb-i595590346.html,,false,[],Weight Unknown,[29999.0],daraz.pk/daraz__30c-120hz-12gb-12gb-6gb-6gb-i595590346.html.json,b99be83d9a561203fd7804ff9d52029235118ec45a24127e8c6cb5cde9be6f47,0.29167
e6f001250282d0321b1a3f70f6c62f6e2a09acb9f5eac767fb515b6be84e5fa0,2026-08-15T14:14:47+00:00,Carrefour MOBILE SPARK 30C 6+128 BLACK TECNO (289121),https://www.daraz.pk/products/30c-6128-289121-i933100487.html,,false,[],Weight Unknown,[31499.0],daraz.pk/daraz__30c-6128-289121-i933100487.html.json,f1a07498d6566c43f3e6dc2f2ad7367aec1215787c07ea51240e661fbd08b6cf,0.12500
dbed82b981c99a12357db8175bcfc03cf93af02a72e8c9bab7e1f48dd104ac14,2026-08-15T13:15:35+00:00,Carrefour MOBILE SPARK 30C 6+128 WHITE TECNO (289122),https://www.daraz.pk/products/30c-6128-289122-i933093968.html,,false,[],Weight Unknown,[33500.0],daraz.pk/daraz__30c-6128-289122-i933093968.html.json,40d96e9adfc19e0a07af52ff01fae1f05b6ccb69d7a9fb38a264ed535266d5fb,0.12500
369bfa01ad634479e002cdb57aa2a07fcd4d3420c096d410ae49993491919492,2026-08-15T14:04:22+00:00,Carrefour Tecno Mobile Spark 30C 6GB RAM 128 GB ROM Lime (289123),https://www.daraz.pk/products/30c-6gb-128-gb-289123-i933097835.html,,false,[],Weight Unknown,[31499.0],daraz.pk/daraz__30c-6gb-128-gb-289123-i933097835.html.json,a0eb05a7d41fe7461458217fe8feebc1ac6c8e3f73ce4fc32fe43cad980be48a,0.16667
69ac9aa187b26e4060029c40bccf1cbcda9dbec18483c0d38bbc96a1760f0689,2026-08-15T12:43:16+00:00,CAMON 30S 8GB 256GB SONY AI CAMERA 50MP MEDIATEK G100 PROCESSOR 6.78 AMOLED CURVED SCREEN,https://www.daraz.pk/products/30s-8gb-256gb-ai-50mp-g100-678-i590661108.html,,false,"[""Nebula Violet"",""Celestial Black"",""Dawn Gold""]",Weight Unknown,[60000.0],daraz.pk/daraz__30s-8gb-256gb-ai-50mp-g100-678-i590661108.html.json,4d12f6479fd237d731d5d11b2bc95a4ee6b49fce012ad4a2a2565f5a7dd1393f,0.66667
8d2c8f1fe6dea1d322482e661d41ba85d81e7bf0cd0dd4f03fc8c62d37785bc3,2026-08-15T12:53:58+00:00,Tecno Camon 30S 8GB RAM 256GB ROM 120Hz Curved AMOLED ScreenMediaTek Helio G100 50MP OIS Main Camera 33W Super Charge PTA Approved Box Pack,https://www.daraz.pk/products/30s-8gb-256gb-g100-50mp-ois-33w-pta-i622272713.html,,false,[],Weight Unknown,[65000.0],daraz.pk/daraz__30s-8gb-256gb-g100-50mp-ois-33w-pta-i622272713.html.json,a04c30263bb8914bd3ef81c4e87ec93881dfec6fc5c4afe0f34d3493f7dbaf87,0.33333
a3946bd2197cf3bda1175c46fd5105106ff87de679da66d67543926a2722e2eb,2026-08-15T10:18:05+00:00,digiland 32GB STORAGE TYPE C,https://www.daraz.pk/products/32-i1954187863.html,,false,[],Weight Unknown,[17000.0],daraz.pk/daraz__32-i1954187863.html.json,53980a9031ec6db508de946da4f70396f0bf9f4079b4b4a2a0ee68129fa711a6,0.16667
dec1626b094803c0e4d56b901cf263ac65be66bac2d5a0ebf19450dd3aa0f75e,2026-08-15T09:37:37+00:00,NOKIA 3310-Original imported copy- DUAL SIM PTA APPROVED (WITHOUT INTERNET) WITH MEMORY CARD SUPPORTED,https://www.daraz.pk/products/3310-pta-i490509568.html,,false,[],Weight Unknown,[6900.0],daraz.pk/daraz__3310-pta-i490509568.html.json,64d359a7dca39b00e8829a6fc9e0fd316ff5b70da16db03de90602be41654a92,0.12500
6b76599be0f2a929496e9858863793d9176142d84bb17c39c38e60206499de8e,2026-08-15T11:38:45+00:00,Nothing Phone 3A Pro With Watch Pro RAM 12 ROM 256 Front Camera 50MP Back Camera 50MP+50MP+8MP Battery 5000mAh One Year Brand Warranty,https://www.daraz.pk/products/3a-12-256-50mp-50mp-50mp-8mp-i930361976.html,,false,[],Weight Unknown,[210000.0],daraz.pk/daraz__3a-12-256-50mp-50mp-50mp-8mp-i930361976.html.json,56428eac4fd1c4d276817813e9cc4f55fc1abf1c8e402d99bdae9c5776547263,0.41667
15082093d2db816acde0e21279c044dfdb24a549b6e3ebb618d3d0ba6abe91e8,2026-08-15T11:40:45+00:00,Nothing Phone 3A RAM 12 GB ROM 256 Front Camera 32 MP Back Camera 50MP+8MP+50MP Battery 5000mAH One Year Brand Warranty,https://www.daraz.pk/products/3a-12-gb-256-32-mp-50mp-8mp-50mp-1-mah-i930405019.html,,false,[],Weight Unknown,[174999.0],daraz.pk/daraz__3a-12-gb-256-32-mp-50mp-8mp-50mp-1-mah-i930405019.html.json,e6f443373536138ab33a494528ade78a5c52153a22a75ec318fe17a3fa62c855,0.41667
95e12b0daf55c646d28b6e1c952be874d7f616a6da2b135679ca8e089c13af79,2026-08-15T11:44:50+00:00,Nothing Phone 3A Pro 12/256GB - PTA Approved - Free CMF Watch Pro - Nothing Phone,https://www.daraz.pk/products/3a-12256gb-pta-cmf-i941763638.html,,false,[],Weight Unknown,[191499.0],daraz.pk/daraz__3a-12256gb-pta-cmf-i941763638.html.json,2ebd7f71f3e6c56892ab3c5f1fcb9735d717f21818a2696c8efea2562fa1847b,0.75000
eacb5722d7009f76d0656eeb3048c9ccae3875251b2940a6f52c1cd94cd7111a,2026-08-15T11:57:53+00:00,Nothing Phone (3a) Pro - 6.77 Inches Display - 12GB RAM 256GB ROM - 50MP Front Camera - 50MP+50MP+8MP Rear Camera - Dual SIM - 5000mAh Battery - PTA APPROVED - Free CMF Pro SmartWatch,https://www.daraz.pk/products/3a-677-12-256-50-50-50-8-5000-i933107898.html,,false,[],Weight Unknown,[210000.0],daraz.pk/daraz__3a-677-12-256-50-50-50-8-5000-i933107898.html.json,0807443418d9466ebca86ca11113b1f87f2861dbdd438627a55ea683c4f77205,0.45833
a536a697e2432be77b036edc559658456656c7df736cf797d51dfb547fe9fec2,2026-08-15T11:42:31+00:00,Nothing Phone (3a) - 6.77 Inches Display - 12GB RAM 256GB ROM - 32MP Front Camera - 50MP+50MP+8MP Rear Camera - Dual SIM - 5000mAh Battery - PTA APPROVED - Free CMF Buds 2,https://www.daraz.pk/products/3a-677-12gb-256gb-32mp-50mp-50mp-8mp-5000mah-pta-cmf-2-i933122231.html,,false,[],Weight Unknown,[175000.0],daraz.pk/daraz__3a-677-12gb-256gb-32mp-50mp-50mp-8mp-5000mah-pta-cmf-2-i933122231.html.json,cf2eda64725a5a34da00d3fddf6072e6012bdf22d04a9416fb44b399f4ca8696,0.45833
42cd6a083f87dddeea81ad4f016c168255357171c51440e495ff5460c845abab,2026-08-15T13:31:58+00:00,Nothing Phone 3A Lite 8GB/256GB - PTA Approved - Nothing Phone,https://www.daraz.pk/products/3a-8gb256gb-pta-i941777349.html,,false,[],Weight Unknown,[117899.0],daraz.pk/daraz__3a-8gb256gb-pta-i941777349.html.json,08b339873429655ab32d0b914b60b825abc02629c17582f74111a9152542b610,0.75000
bfb7f7083a2892c118be3200190ee1ddb88638f53abcce270502eb664e56117a,2026-08-15T09:24:59+00:00,"Realme Note 60x - 3GB RAM 64GB ROM 6.7"" Display Screen 5000mAh Battery PTA Approved 1 Year Brand Warranty",https://www.daraz.pk/products/3gb-60x-64gb-67-5000mah-pta-1-i663579898.html,,false,"[""Wilderness Green"",""Marble Black""]",Weight Unknown,[34980.0],daraz.pk/daraz__3gb-60x-64gb-67-5000mah-pta-1-i663579898.html.json,0f9928b07eaac92ed4d91e7d19cb87712ab7abf16b621eb3eb9e8f243ddd495e,0.66667
d7adf9c4c1532cbd54237d389411ee16e6afcb0ce96e3362dad847b2db8c934a,2026-08-15T12:09:33+00:00,"Oppo A57 - 5.2"" HD Display - 3GB RAM - 32GB ROM - Dual Sim - PTA Approved - only Phone , No Charger Any Accessories Included",https://www.daraz.pk/products/3gb-a57-32gb-pta-i457902871.html,,false,[],Weight Unknown,[13000.0],daraz.pk/daraz__3gb-a57-32gb-pta-i457902871.html.json,0fb350fec8f4d23a5d2b9838958dc4b23a8f4e77a28a1560e8319b20055f117b,0.45833
d2a767d3c20871ad47b6ee9ddc8f80f3128e4c9d1fa09e8bb9a805ef05d83c85,2026-08-15T09:27:52+00:00,"Itel A80 3GB + 5GB Ram 128GB Rom 6.7 Inches IPS Display 120Hz, IP54 , Side Fingerprint , 5000mAh Battery 10W Type-C",https://www.daraz.pk/products/3gb-a80-5gb-128gb-ips-67-hz-ip54-10-mah-10w-c-i659563288.html,,false,[],Weight Unknown,[39999.0],daraz.pk/daraz__3gb-a80-5gb-128gb-ips-67-hz-ip54-10-mah-10w-c-i659563288.html.json,82bfa12385fd4c29563198f7638f6abc9bbffd0bdc9e4b4354d2e4b8cba1b9bc,0.29167
f80e6327509f6592ac6fea7fa4a55ae1b59397f23fbcf21ab2daab093a3a6b38,2026-08-15T13:53:00+00:00,digit 4g Z1 2gb 16gb,https://www.daraz.pk/products/4-1-2-16-i1951526327.html,,false,[],Weight Unknown,[9800.0],daraz.pk/daraz__4-1-2-16-i1951526327.html.json,aa449725b2dc40816fed3683589a0e647187cd9125ee994c15438f433b6418d7,0.20833
bf46e629596465e6d0fa636391108bd33e8a377d8cec5f6903fabe126e2e34d1,2026-08-15T11:06:20+00:00,Kyocera Basio 4 - 5.6 Inches AMOLED Display - 3GB RAM + 32GB ROM - Single Sim PTA Approved - Android 10 (12 Upgradable) - Japanese Phone - Phone with Charger (No box - Color Mix),https://www.daraz.pk/products/4-56-3-32-10-12-i1964086511.html,,false,[],Weight Unknown,[19999.0],daraz.pk/daraz__4-56-3-32-10-12-i1964086511.html.json,31555493e27723981038613249ac1a313a58101cdb1a731d9c505e300003f3ab,0.45833
7441a86b79a96055c288c6c6510d36ecdd541282804fd5a849ab03cba9cc6454,2026-08-15T11:39:39+00:00,Kyocera Basio 4 - 5.6 Inches AMOLED Display - 3GB RAM + 32GB ROM - Single Sim PTA Approved - Android 10 (12 Upgradable) - Japanese Phone - Phone with Charger (No box - Color Mix),https://www.daraz.pk/products/4-56-3gb-32gb-pta-10-12-i1962953010.html,,false,[],Weight Unknown,[19999.0],daraz.pk/daraz__4-56-3gb-32gb-pta-10-12-i1962953010.html.json,31555493e27723981038613249ac1a313a58101cdb1a731d9c505e300003f3ab,0.45833
08b52e257d5d8015d38a0e87697c1d1f750b889e1f04297366d65651fc3d820b,2026-08-15T13:19:26+00:00,DCODE CYGNAL 4 PRO = 6GB RAM = 128GB ROM = 5000mAh BATTERY,https://www.daraz.pk/products/4-6gb-128gb-5000mah-i924645229.html,,false,[],Weight Unknown,[25499.0],daraz.pk/daraz__4-6gb-128gb-5000mah-i924645229.html.json,e181258ab30a7a09fdf2bb231290210e86ad3fbc9f2bf86895b53a9a76ae3dd3,0.33333
866a2a60073e882eb9874dafb4aca8a117db3c825a2f41eedf5ccd143bd61581,2026-08-15T09:54:15+00:00,Aquos Sense 4 Plus - RAM 8GB - Storage 128GB - Dual SIM - Official PTA Approved - Original & Water Resistant,https://www.daraz.pk/products/4-8-128-i936550936.html,,false,[],Weight Unknown,[53500.0],daraz.pk/daraz__4-8-128-i936550936.html.json,d8dce089a1274bdba67023815a430217b13a53a019624807286e1873a8758769,0.29167
cc195d94b6d339f368ef29ea015d2ed0ee9b0cbad625485922b9c2f3a44d13f5,2026-08-15T10:32:37+00:00,Vivo Y83 4gb ram ram 64 GB memory doul sim 4G support PTA Aproved (without box),https://www.daraz.pk/products/4-gb-y83-64-gb-4g-pta-i589692059.html,,false,[],Weight Unknown,[17000.0],daraz.pk/daraz__4-gb-y83-64-gb-4g-pta-i589692059.html.json,ab078edc01228f2c8e55f9bfd49b4ea1baab1ff18da88a2896d62b184da63430,0.25000
da8087fcad5e942f4ff92fbcb7042de5a18d422b191bc5a5257c504008672f77,2026-08-15T13:08:39+00:00,"4 in 1 cable 1.5 Metre Fast Charging USB To Type C PD Cable Fast Charger For All iPh , Android , TYPE C , Laptop cable",https://www.daraz.pk/products/4-in-1-cable-15-metre-fast-charging-usb-to-type-c-pd-cable-fast-charger-for-all-iph-android-type-c-laptop-cable-i1961458601.html,,false,[],Weight Unknown,[1078.0],daraz.pk/daraz__4-in-1-cable-15-metre-fast-charging-usb-to-type-c-pd-cable-fast-charger-for-all-iph-android-type-c-laptop-cable-i1961458601.html.json,2519b3ef6befacaa0ee917814ae50ab6f23b1bda224a6400e65cc992778db9fd,0.12500
591453e652f1a6c2413626d2287974b401688a2720240ffbe36bfb529c1cecc0,2026-08-15T11:33:06+00:00,Tecno Spark 40 Pro + - 144Hz AMOLED LCD - 6.78 Inches Display - 8GB RAM 256GB ROM - 13MP Front Camera - 50MP Rear Camera - Dual SIM - 5200mAh Battery,https://www.daraz.pk/products/40-144hz-lcd-678-8gb-256gb-13mp-50mp-5200mah-i912101722.html,,false,[],Weight Unknown,[80000.0],daraz.pk/daraz__40-144hz-lcd-678-8gb-256gb-13mp-50mp-5200mah-i912101722.html.json,e174757a6fa4a2a5397bcabf2ce03eaeb4de132f7dbcbdf5ca2d9a1de34fe588,0.62500
3d4168e8b8d4cb84331ab0a659fbe7a086726ed5a7ab30e72f7f1405474ed245,2026-08-15T12:44:24+00:00,Infinix Hot 40 Pro upto 16GB RAM 8+8 Extended 256GB Memory 108MP Camera MediaTek Helio G99 5000 mAh Battery 33W Fast Charging,https://www.daraz.pk/products/40-16gb-8-8-256gb-108mp-g99-5000-mah-33-i476523682.html,,false,[],Weight Unknown,[46999.0],daraz.pk/daraz__40-16gb-8-8-256gb-108mp-g99-5000-mah-33-i476523682.html.json,e63ec7e9f2d632742137b261dcadc99e1e0d7defb7199b217ebb46188fbdde44,0.62500
56e8646bed012a42748fc791d8fff464f9dbf32389a31308adccdfefe9ea7e8e,2026-08-15T11:23:39+00:00,Tecno Spark 40 Pro+ – 16GB RAM (8GB+8GB) | 256GB Storage | 50MP AI Camera | 6.78” 144Hz 1.5K 3D AMOLED | Helio G200 | 5200mAh Battery | 45W + 30W Wireless Charging | Android 15,https://www.daraz.pk/products/40-16gb-8gb-8gb-256gb-air-50mp-ai-1-000-hz-678-k-3d-g200-45w-30w-15-i904234173.html,,false,"[""Various""]",Weight Unknown,[99999.0],daraz.pk/daraz__40-16gb-8gb-8gb-256gb-air-50mp-ai-1-000-hz-678-k-3d-g200-45w-30w-15-i904234173.html.json,4e675f7de2de4d1c48e630718a386cc7b7fb91dc32cbecebbb5180abcff9736d,0.70833
2eaa32e5f9bb568763b2bb97917ce3adb09c97e2e4219baf884cac4c373935ae,2026-08-15T13:18:07+00:00,Carrefour Tecno Mobile Camon 40 Pro Black-301988,https://www.daraz.pk/products/40-301988-i1961174699.html,,false,[],Weight Unknown,[75999.0],daraz.pk/daraz__40-301988-i1961174699.html.json,1b52c6cf821da25a2bbc05f12d6036097091dd9c742a6a4220068352798adddc,0.12500
0d667c5afff3a5f2dcff9f4147baad45d4fd154d9ce1997ab4c2f4faa4a2dea8,2026-08-15T13:40:50+00:00,Carrefour Tecno Mobile Camon 40 Pro Glacier White-301989,https://www.daraz.pk/products/40-301989-i1961164718.html,,false,[],Weight Unknown,[75999.0],daraz.pk/daraz__40-301989-i1961164718.html.json,66359bcc6b84dac88cc69eea09c5915d937ba3f4ce461952677c9fc14208b2ab,0.12500
7ef07be521e18523740785266ad981c5d21b8ec001dd79ffaed2e6dd5173ac4f,2026-08-15T14:08:05+00:00,Carrefour Tecno Spark 40 Pro Plus (White)-301990,https://www.daraz.pk/products/40-301990-i1961138754.html,,false,[],Weight Unknown,[65999.0],daraz.pk/daraz__40-301990-i1961138754.html.json,4f72c160098e53e0740941fa00f0f13be02e8fa43722dd195c130b6f593fde9a,0.12500
56dd8be7379ea95467f5271ee9a6d75dc9bc5ca6c62243ff501be65508e6149f,2026-08-15T13:40:30+00:00,Carrefour Tecno Saprk 40 Pro Plus (Green)-301991,https://www.daraz.pk/products/40-301991-i1961174700.html,,false,[],Weight Unknown,[65999.0],daraz.pk/daraz__40-301991-i1961174700.html.json,38bc812cb3478aba5449ba5e183ac1128626df4f8d21145a5c733003f25a6fce,0.12500
ce597aba0b04f894dab180bf77b2e696d07ab71173790d7287694a835dcdc5ab,2026-08-15T13:16:49+00:00,Carrefour Tecno Spark 40 Pro Plus (Black)-301992,https://www.daraz.pk/products/40-301992-i1960497775.html,,false,[],Weight Unknown,[65999.0],daraz.pk/daraz__40-301992-i1960497775.html.json,a262a18e25686ce4c324f42f54afebdad2e64ae38425c63b7a0c8101a4f9fd97,0.12500
89e9652917443e3c0b855a2a886f077e1049018ba0c36d92024a30a4316cb7e6,2026-08-15T13:41:10+00:00,Carrefour Tecno Spark 40 Pro Plus Titanium-301993,https://www.daraz.pk/products/40-301993-i1960447757.html,,false,[],Weight Unknown,[65999.0],daraz.pk/daraz__40-301993-i1960447757.html.json,b5b508fef53e27df8c2a3b9924e4f4d3ec3a975f230182b7ba4b3d9f489f224a,0.12500
4278b2cbd42d809c851b4af7ff849b262acf0e9b7f913587a99b110516d3e900,2026-08-15T13:51:20+00:00,Carrefour Tecno Spark 40 pro Titanium-301994,https://www.daraz.pk/products/40-301994-i1961108801.html,,false,[],Weight Unknown,[58999.0],daraz.pk/daraz__40-301994-i1961108801.html.json,4f065028f7b17d748fe871f1eab1c98010387e8d0e9397a7c7e7f17d904ed490,0.12500
3602f39a35a09f88f3b5c7df5fa03e79432d12bf693b984f4946a51923552b5a,2026-08-15T13:36:04+00:00,INFINIX ZERO 40 4G = 8GB RAM = 256GB ROM = 5000mAh BATTERY,https://www.daraz.pk/products/40-4g-8gb-256gb-5000mah-i891469823.html,,false,[],Weight Unknown,[63999.0],daraz.pk/daraz__40-4g-8gb-256gb-5000mah-i891469823.html.json,3bf665a6aac8df216434b66d905119177f12f2b45134f04f76b3013d348efc9c,0.62500
e5e552861d98154eaf9161508a981873ae23672861f73336afc80efe34724ad1,2026-08-15T13:23:52+00:00,Carrefour Tecno Mobile Spark 40 6+128GB Black-306284,https://www.daraz.pk/products/40-6128-306284-i1960469717.html,,false,[],Weight Unknown,[39999.0],daraz.pk/daraz__40-6128-306284-i1960469717.html.json,a29a728f75150354b6522840075ec7050c2621147e50513a9105b729dc74c9de,0.12500
213bbb9d1c13d76f59c95aba40adaf0e2f6d54812a8340377b8696dad1d7b0ad,2026-08-15T13:34:49+00:00,Carrefour Tecno Mobile Spark 40 6+128GB Titanium Grey-306281,https://www.daraz.pk/products/40-6128gb-306281-i1961120773.html,,false,[],Weight Unknown,[39999.0],daraz.pk/daraz__40-6128gb-306281-i1961120773.html.json,5ec4f04a933921a36576bfcde622c5bb21a4b5a6c17fb44ccc7127c416d10038,0.12500
2fdde22725396188e4574de83786e0f7c879068de257006367874af8a5923942,2026-08-15T13:28:18+00:00,Carrefour Tecno Mobile Spark 40 6+128GB White-306282,https://www.daraz.pk/products/40-6128gb-306282-i1961166752.html,,false,[],Weight Unknown,[39999.0],daraz.pk/daraz__40-6128gb-306282-i1961166752.html.json,9bb76dbf5f0f0be57077368b8d48497e2d33c217c526d6a26c5a5c70ce8f5228,0.12500
bc7ea4a1bbe6ca6d9e76e865839805364d9c17e3a3a029ab693c6e17921918e6,2026-08-15T14:41:04+00:00,Carrefour Tecno Mobile Spark 40 6+128GB Blue-306283,https://www.daraz.pk/products/40-6128gb-306283-i1961144740.html,,false,[],Weight Unknown,[39999.0],daraz.pk/daraz__40-6128gb-306283-i1961144740.html.json,c8088b5d5aa3af2defc12111cf245fcd04a8d0bb21652ee6d61975d868ffcafc,0.12500
0abddb4c11930a138acf2688544fde7dbff940d687a494f509afedd39a9609c6,2026-08-15T11:41:02+00:00,Tecno Spark 40 Pro + - 6.78 Inches Display - 8GB RAM 256GB ROM - 13MP Front Camera - 50MP Rear Camera - Dual SIM - 5200mAh Battery,https://www.daraz.pk/products/40-678-8gb-256gb-13mp-50mp-5200mah-i912166626.html,,false,[],Weight Unknown,[78000.0],daraz.pk/daraz__40-678-8gb-256gb-13mp-50mp-5200mah-i912166626.html.json,5a0568d1c0f9c38365acd9e0bc862848c15dbd9d122b1607ce41e72ef37322db,0.37500
9e8d593de921ede2c79b15b9842a60e29a477a7780ee0b6cb7b72b643a7f5f6e,2026-08-15T10:05:18+00:00,Tecno spark 40 6GB RAM 128 GB ROM 5200 mAh Battery 50 MP + AI Back Camera 1 Year Tecno PK Warranty,https://www.daraz.pk/products/40-6gb-1-pk-50-mah-50-mp-ai-i920205183.html,,false,[],Weight Unknown,[59999.0],daraz.pk/daraz__40-6gb-1-pk-50-mah-50-mp-ai-i920205183.html.json,8a42e47a4a9c4034f2399e11c6526eccd357d91619aa88a9f44b6b760ffaa997,0.41667
c22ecd88329ac9f1cfe9ff88530cf998123304f6f91fab3121d5ec89f095c622,2026-08-15T11:29:19+00:00,TECNO SPARK 40 = 6GB RAM = 128GB ROM = 5200mAh BATTERY,https://www.daraz.pk/products/40-6gb-128gb-5200mah-i922612036.html,,false,[],Weight Unknown,[59999.0],daraz.pk/daraz__40-6gb-128gb-5200mah-i922612036.html.json,054a1b52e582481810ff280abfdb5d7aed8beaa0fcb20d03a2e22297d5e5c25b,0.41667
9d639e28f2cbbfd663cdd81b1a93857dc372d492f786f823dfc13301a4c3a1b6,2026-08-15T15:09:26+00:00,TECNO SPARK 40 = 6GB RAM = 128GB ROM = 5200mAh BATTERY,https://www.daraz.pk/products/40-6gb-128gb-5200mah-i923141827.html,,false,[],Weight Unknown,[53999.0],daraz.pk/daraz__40-6gb-128gb-5200mah-i923141827.html.json,e2b59764565ebfb812e67a212e09da442746db80580b61d5aa7e7cace34e6f68,0.41667
3021605a99cdeebe6bbb0d97c9548fb25e53ea4ab54c4cf93d075ea68a1ed454,2026-08-15T13:12:46+00:00,"Tecno Spark 40 – 6GB RAM + 128GB Storage | 6.67” FHD+ 120Hz Display | Helio G81 (12nm) | 50MP AI Camera + 8MP Selfie | 5200mAh Battery, 45W Fast Charging | Android 15 (HIOS 15)",https://www.daraz.pk/products/40-6gb-128gb-fhd-667-hz-g81-12nm-law-50mp-ai-8mp-120-mah-45-15-15-i920195558.html,,false,"[""Ink Black"",""Titanium Grey"",""Veil White"",""Mirage Blue""]",Weight Unknown,[59999.0],daraz.pk/daraz__40-6gb-128gb-fhd-667-hz-g81-12nm-law-50mp-ai-8mp-120-mah-45-15-15-i920195558.html.json,a3b701c816763a5884d9e04a2ebc0ca3565b35a504f74836c911de65d005b70b,0.70833
2052e13a2af0325312e911b81f142c812aaecbd79b15f75f9516f9604320db8c,2026-08-15T10:18:48+00:00,"Tecno Spark 40 6GB + 128GB 6.67"" IPS Display 120Hz, 5200mAh 45W Super Charging MediaTek Helio G81",https://www.daraz.pk/products/40-6gb-128gb-ips-667-hz-120-mah-45w-g81-i923886945.html,,false,[],Weight Unknown,[59999.0],daraz.pk/daraz__40-6gb-128gb-ips-667-hz-120-mah-45w-g81-i923886945.html.json,f09b2f7815eed4b36a0dd80e8c9de5f8316e996e57bff58379ba340301338130,0.33333
c9e49d6a5008fb82af40ec1b883151018602f40bde668044199683cae359bc02,2026-08-15T14:06:12+00:00,Carrefour Infinix Hot 40 Pro Samrtphone 8GB RAM 256GB ROM Starfall Green (281986),https://www.daraz.pk/products/40-8-256-281986-i933102239.html,,false,[],Weight Unknown,[45999.0],daraz.pk/daraz__40-8-256-281986-i933102239.html.json,6cd35661b28912e3ca14f7eed15e4a00f7f044ebc44237773accf3b3df2c73f6,0.16667
5c8ee1f0da3067ac9cd98c74e2ca83ad9e8c910745f31f9af301107db7be04a6,2026-08-15T13:29:14+00:00,Carrefour Infinix Hot 40 Pro Samrtphone 8GB RAM 256GB ROM Starlit Black (281988),https://www.daraz.pk/products/40-8-256-281988-i933098676.html,,false,[],Weight Unknown,[46499.0],daraz.pk/daraz__40-8-256-281988-i933098676.html.json,1a5ab695cc1679f5e9b842606efc217a0191320efef5b9bfce0201f9681d5ea4,0.16667
b356a4583d561307b41ea499bb8bc17d312c7085c50f2c6133338645a4f88e3a,2026-08-15T14:29:01+00:00,Carrefour Infinix Hot 40 Pro Samrtphone 8GB RAM 256GB ROM Horizon Gold (285209),https://www.daraz.pk/products/40-8-256-285209-i933093959.html,,false,[],Weight Unknown,[45999.0],daraz.pk/daraz__40-8-256-285209-i933093959.html.json,ead5bd0ba09aadca66aa7d4252634325e397fb4d38b0c160f4d185ee6ba95bce,0.16667
80c72408ea1948b6a56aa01e0061633edc608f90beb21fb14d8cc9b2216b9286,2026-08-15T14:35:12+00:00,Carrefour Infinix Note 40 Samrtphone 8GB RAM 256GB ROM Obsidian Black (285213),https://www.daraz.pk/products/40-8-256-285213-i933097825.html,,false,[],Weight Unknown,[59499.0],daraz.pk/daraz__40-8-256-285213-i933097825.html.json,ce072bbaa9f80c8e97778ca479c92928ee68328e35be1313dddf2396859d6175,0.16667
713d4797ecf7bb49c3bd0cda7de4582dab057f5844b8567cb719326dc80e545f,2026-08-15T14:13:40+00:00,INFINIX HOT 40 = 8+8 = 16GB RAM = 256GB ROM = 5000mAh BATTERY,https://www.daraz.pk/products/40-8-8-16gb-256gb-5000mah-i451769677.html,,false,[],Weight Unknown,[38499.0],daraz.pk/daraz__40-8-8-16gb-256gb-5000mah-i451769677.html.json,36965fc954e39f938427713b84c53ae054ea23ca4032254f94a47089ad7b5593,0.62500
e5a2f5cacfc6de370ef77c7f97cbdba4d1430fd240372b3d495af803cb1eec9e,2026-08-15T13:19:15+00:00,INFINIX HOT 40 PRO = 8+8 = 16GB RAM = 256GB ROM = 5000mAh BATTERY,https://www.daraz.pk/products/40-8-8-16gb-256gb-5000mah-i451771580.html,,false,[],Weight Unknown,[44999.0],daraz.pk/daraz__40-8-8-16gb-256gb-5000mah-i451771580.html.json,e982a063a8ecaea60ec5c2906044c76024af5ae703ef156687f0e3dc012361d6,0.62500
b49aa158eb7f36adf5deeeeb52fcee5acfc9b287100c65c40f93f495b6355dea,2026-08-15T13:37:20+00:00,Carrefour MOBILE NOTE 40 8+256 GREY INFINIX (286661),https://www.daraz.pk/products/40-8256-286661-i933103249.html,,false,[],Weight Unknown,[59499.0],daraz.pk/daraz__40-8256-286661-i933103249.html.json,5cca6e370564b86d9476b5925bc4df7e6d076e4f1be1283982081530e82377ab,0.12500
b6b2a0742da28a05b3c02d6a8256a21ad0370f4af6a4c886bd289c14a84beae5,2026-08-15T13:14:22+00:00,Carrefour Tecno Mobile Spark 40 8+256GB Blue-306286,https://www.daraz.pk/products/40-8256-306286-i1960467760.html,,false,[],Weight Unknown,[49999.0],daraz.pk/daraz__40-8256-306286-i1960467760.html.json,9f7069fa28d14717f8dc3efc8c748d1f27230530d98e7d8cc85c892768df4384,0.12500
3c2b8f6c0f7bde4a3a4b779fbfc0a789baa675f80a8d45e34c4e87c8472537ef,2026-08-15T13:53:49+00:00,Carrefour Tecno Mobile Spark 40 8+256GB Titanium Grey-306287,https://www.daraz.pk/products/40-8256gb-306287-i1961126754.html,,false,[],Weight Unknown,[49999.0],daraz.pk/daraz__40-8256gb-306287-i1961126754.html.json,4001dde78246ba57ce956cdf6e0bbd8571c3c6e76d50579b400cbfdd361e50f8,0.12500
52cf5fdc6a4071b3c2a952995e97053f27bff5b042b929257fba832ecd4ebfee,2026-08-15T13:56:58+00:00,Carrefour Tecno Mobile Spark 40 8+256GB Black-306288,https://www.daraz.pk/products/40-8256gb-306288-i1960495706.html,,false,[],Weight Unknown,[49999.0],daraz.pk/daraz__40-8256gb-306288-i1960495706.html.json,b9a86c8511037576808860ea8e3aedcdbfaac986b488760e4d150d041961f8ab,0.12500
f694ec77bf5e9f5b3e493dd51027e7832d14b81c7dbf6d71ec2e59b82423576f,2026-08-15T11:36:14+00:00,Tecno Spark 40 Pro Plus 8GB RAM 256GB ROM 50MP Back Camera 5200 mAh Battery 6.78 inches Display 1 Year Tecno PK Warranty,https://www.daraz.pk/products/40-8gb-1-pk-50-gb-1-mah-1-i907863215.html,,false,[],Weight Unknown,[79999.0],daraz.pk/daraz__40-8gb-1-pk-50-gb-1-mah-1-i907863215.html.json,a8a1210bd5388bfbdd79d9b3266e9c457ca12eb4e93e59320ee8ac5df0ac59a1,0.62500
69e418997e75a7a3cc8c61036bae1fc811a39ebe3569e69510d71695e3b39139,2026-08-15T13:21:00+00:00,Tecno Camon 40 Pro 8GB Ram 256GB Rom 144Hz Display,https://www.daraz.pk/products/40-8gb-256gb-144hz-i890833419.html,,false,[],Weight Unknown,[79999.0],daraz.pk/daraz__40-8gb-256gb-144hz-i890833419.html.json,5a82ed02ce45d2cbdbef0ef74b66d9733443fa355d984e2ba28a7df4df721fe2,0.50000
96f3bf692679b3a2c19113ab8d00e383aff0d989a33e18bd162d10ae477fb938,2026-08-15T13:26:44+00:00,Carrefour Infinix Hot 40 Pro Samrtphone 8GB RAM 256GB ROM Palm Blue (281987),https://www.daraz.pk/products/40-8gb-256gb-281987-i933092959.html,,false,[],Weight Unknown,[45999.0],daraz.pk/daraz__40-8gb-256gb-281987-i933092959.html.json,3ceb5c718765073e9f74f2d4ee2418f85eb8a7484372fac91b314ee3f7756b60,0.16667
7e0c20f576ca2b1ee9ab4a8f9d63eeae51d0273f456bad37d646f0c926900f7c,2026-08-15T14:37:21+00:00,Carrefour Infinix Note 40 Samrtphone 8GB RAM 256GB ROM Titan Gold (285212),https://www.daraz.pk/products/40-8gb-256gb-285212-i933098686.html,,false,[],Weight Unknown,[59499.0],daraz.pk/daraz__40-8gb-256gb-285212-i933098686.html.json,a1a4409586ee0388af1c16d886d1f44d984d9fb190eca97a6a9638de0fddc538,0.16667
122774412d60c19029e98f5f9d3e982a2b03b5e088650e94b4d00c094883a2d7,2026-08-15T12:13:51+00:00,INFINIX ZERO 40 = 8GB RAM = 256GB ROM = 5000mAh BATTERY,https://www.daraz.pk/products/40-8gb-256gb-5000mah-i578909263.html,,false,[],Weight Unknown,[64999.0],daraz.pk/daraz__40-8gb-256gb-5000mah-i578909263.html.json,95fbcd308e8afe2f438bcb358ca59d7aef555145ef753b9762047fdd2fb3ea2d,0.62500
70a70f87c774e7cef07e66cc3797f2a7153d1f8ef915d28f71971623b160933a,2026-08-15T12:42:10+00:00,TECNO CAMON 40 PRO = 8GB RAM = 256GB ROM = 5200mAh BATTERY,https://www.daraz.pk/products/40-8gb-256gb-5200mah-i776432709.html,,false,[],Weight Unknown,[86999.0],daraz.pk/daraz__40-8gb-256gb-5200mah-i776432709.html.json,8ee1ac71517bb7d61d130fd041fcad23f2fdccea6e21e65442aad51c87ca020f,0.62500
76bbfb7937a77bdcbcffdd6aac4e6886bf7fb5253965ae6ee4ab3741a821b06a,2026-08-15T12:31:41+00:00,TECNO CAMON 40 = 8GB RAM = 256GB ROM = 5200mAh BATTERY,https://www.daraz.pk/products/40-8gb-256gb-5200mah-i776432852.html,,false,[],Weight Unknown,[63999.0],daraz.pk/daraz__40-8gb-256gb-5200mah-i776432852.html.json,7ae83c2dbc2e15334ac918c9e2a0dde7fe33fcbd76228c5e859f57e499d16f33,0.62500
5a22e11305da94c792c18f765c8792e8d4f51a4610a1f46009449457cacc45f7,2026-08-15T11:36:04+00:00,TECNO SPARK 40 PRO = 8GB RAM = 256GB ROM = 5200mAh BATTERY,https://www.daraz.pk/products/40-8gb-256gb-5200mah-i908171991.html,,false,[],Weight Unknown,[79999.0],daraz.pk/daraz__40-8gb-256gb-5200mah-i908171991.html.json,b741a41e9b15e5519d055f4bb91b9e22ad3cd308c1c71d283e2aba9af574a92d,0.62500
4cc4a3698818ac834f62993ba9f5bf6685b43c0e37bc597e1ec45b313052f19d,2026-08-15T11:52:18+00:00,TECNO SPARK 40 PRO PLUS = 8GB RAM = 256GB ROM = 5200mAh BATTERY,https://www.daraz.pk/products/40-8gb-256gb-5200mah-i908180757.html,,false,[],Weight Unknown,[86999.0],daraz.pk/daraz__40-8gb-256gb-5200mah-i908180757.html.json,1e132537c90b0e780433181024e4ca20649e3b1c016007c4610c13980255ed25,0.62500
48d93b1cb2b2dc7ea1479fb192dd39ef4f3bb1769a71535315d3661e4e41db88,2026-08-15T15:02:01+00:00,TECNO SPARK 40 PRO = 8GB RAM = 256GB ROM = 5200mAh BATTERY,https://www.daraz.pk/products/40-8gb-256gb-5200mah-i911857513.html,,false,[],Weight Unknown,[75999.0],daraz.pk/daraz__40-8gb-256gb-5200mah-i911857513.html.json,c8f5f03132f907539ebaf80879b1ce012d95af0de1b97d5d35f7c567b5db3dea,0.62500
cb52f4c3ccdfb1510eec78ae297c7419dd5e6cc73f1a51acb3db9d715123a21d,2026-08-15T14:56:38+00:00,TECNO SPARK 40 PRO PLUS = 8GB RAM = 256GB ROM = 5200mAh BATTERY,https://www.daraz.pk/products/40-8gb-256gb-5200mah-i911864281.html,,false,[],Weight Unknown,[80999.0],daraz.pk/daraz__40-8gb-256gb-5200mah-i911864281.html.json,1e1baeed8e5b3da01427e9a18fdd26ba581a8b04dedbe003ff406f3217fb82c4,0.62500
33c93df4cb0aeb22c446cf85c0f5e70981ea82f4a1bb36a9feb76b8927480172,2026-08-15T13:00:45+00:00,"Infinix Zero 40 – 8GB RAM, 256GB Storage – 6.78″ Curved AMOLED 120Hz Display – 108MP + 50MP + 2MP Triple Camera – 5000 mAh Battery 45W Fast Charging – Android 14 – Brand New",https://www.daraz.pk/products/40-8gb-256gb-678-120hz-108mp-50mp-2mp-5000-mah-45-14-i575785262.html,,false,[],Weight Unknown,[80455.0],daraz.pk/daraz__40-8gb-256gb-678-120hz-108mp-50mp-2mp-5000-mah-45-14-i575785262.html.json,754e5ab11dfb38dfa206ae49cf3733e7fa270a62ce1c6f5eca0c8c55a4c0060b,0.41667
4e712628b6dab91c88be00e2c74b28c3c8149da5a2d35ce104592a9d030b47a6,2026-08-15T11:51:50+00:00,"Tecno Spark 40 Pro 8GB + 256GB 6.78"" AMOLED Display 144Hz, 5200mAh 45W Super Charging",https://www.daraz.pk/products/40-8gb-256gb-678-hz-144-mah-45w-i923913111.html,,false,[],Weight Unknown,[74999.0],daraz.pk/daraz__40-8gb-256gb-678-hz-144-mah-45w-i923913111.html.json,aa1078a6d2b50d7d9c851172bddd556caac6b3192eede82b74b2b987fae88adc,0.37500
92f72ecf523e521d418f7c5ca5c9cd1add4b42586432375a00f4a8251b65d0e1,2026-08-15T11:19:07+00:00,"Tecno Spark 40 Pro Plus 8GB + 256GB 6.78 Inched AMOLED Display 144Hz , Mediatek Helio G200 (6 nm) 5200 mAh Battery 45W",https://www.daraz.pk/products/40-8gb-256gb-678-hz-g200-6-nm-144-mah-45w-i911675745.html,,false,[],Weight Unknown,[84999.0],daraz.pk/daraz__40-8gb-256gb-678-hz-g200-6-nm-144-mah-45w-i911675745.html.json,1bbb7cb45031646951af610049bafce8ce5ab1014b3d8e0a6e102357791b5b0f,0.37500
0c744f6a9d5c3da948c670c2ba3af916c0f279c5d0c1d18567b1f88110d4a1a4,2026-08-15T11:45:11+00:00,Tecno Spark 40 Pro Plus - 8GB RAM 256GB ROM 6.78'' Amoled Display 5200mAh Battery 45w Super Charge PTA Approved 1 Year Official Brand Warranty,https://www.daraz.pk/products/40-8gb-256gb-678-mah-45-pta-1-i932118518.html,,false,[],Weight Unknown,[89999.0],daraz.pk/daraz__40-8gb-256gb-678-mah-45-pta-1-i932118518.html.json,4b3863900e8ae2d4440728aa58e18fa834a76b52be2ca11f2bfa294621ca0ffe,0.37500
4362c92396a8fd494b37201339d88ee638c0ee3eca800622e52ba5ed586cc608,2026-08-15T11:26:55+00:00,Tecno Spark 40 Pro - 8GB RAM 256GB ROM 6.78'' AMOLED Display 5200mAh Battery 45w Super Charge PTA Approved 1 Year Official Brand Warranty,https://www.daraz.pk/products/40-8gb-256gb-678-mah-45-pta-1-i932120552.html,,false,[],Weight Unknown,[78999.0],daraz.pk/daraz__40-8gb-256gb-678-mah-45-pta-1-i932120552.html.json,6cb1a47cdb12fd7fee706acff9475983a420721dfaef1249691331a948f6875d,0.37500
2bd0552d71838cefdfc6e92e2946f7c7b55d7ba2450c919ea707c49a1fa31d5f,2026-08-15T12:47:25+00:00,Infinix Note 40 8GB RAM 256GB ROM MediaTek Helio G99 Ultimate AMOLED Display 108MP Camera 45W Charge 5000 mAh Battery PTA Approved Box Pack,https://www.daraz.pk/products/40-8gb-256gb-g99-108mp-45-5000-mah-pta-i622195914.html,,false,[],Weight Unknown,[56000.0],daraz.pk/daraz__40-8gb-256gb-g99-108mp-45-5000-mah-pta-i622195914.html.json,e52d1f6285f45aa0bd4d8d75df7eb570f64d93ccfa48332291f172090b7d627d,0.33333
17007f0c38abdebf5f7c8bf7743a97b351cc5a1a03769b62c7fbe0ea612fd6b5,2026-08-15T14:23:27+00:00,INFINIX NOTE 40 = 8GB+8GB = 16GB RAM = 256GB ROM = 5000mAh BATTERY,https://www.daraz.pk/products/40-8gb-8gb-16gb-256gb-5000mah-i482582189.html,,false,[],Weight Unknown,[54999.0],daraz.pk/daraz__40-8gb-8gb-16gb-256gb-5000mah-i482582189.html.json,6aa7e0fa76c3845aa6198714d2f16d24923cc6ed3c652d343c74d5536be5bca5,0.62500
0dda3c5aaacc82e34fd72b98dbdb14293fb1f106e1aefc43872ae09eb70f7ff2,2026-08-15T09:17:20+00:00,"Tecno Camon 40 Pro 8GB + 8GB Extended Ram 256GB Rom , 6.78” AMOLED 3D Curved Display 120Hz , 5200 mAh - 45W Super Charge",https://www.daraz.pk/products/40-8gb-8gb-256gb-3d-678-hz-45-mah-45w-i750523698.html,,false,[],Weight Unknown,[104999.0],daraz.pk/daraz__40-8gb-8gb-256gb-3d-678-hz-45-mah-45w-i750523698.html.json,165c97502788469de9d503bd37a9634b68543153dd1b6d054536edcde0cd07e7,0.37500
abf069c6a0c08957420c1b2d9b21deecc6762c38e87586a8216e8fc28e4c9d32,2026-08-15T12:34:49+00:00,TECNO CAMON 40 PRO = 8GB + 8GB RAM = 256GB ROM = 5200mAh BATTERY,https://www.daraz.pk/products/40-8gb-8gb-256gb-5200mah-i749150973.html,,false,[],Weight Unknown,[92999.0],daraz.pk/daraz__40-8gb-8gb-256gb-5200mah-i749150973.html.json,b7bb7872143ee42b7eceed8ab68ab4fea9fb7a15a06835f330568921a04c0838,0.62500
7fdf6406cd6a4c8d157977fb9a34e96efbbbb4f882735650f59a816a480bf95d,2026-08-15T11:39:12+00:00,Tecno Spark 40 Pro Plus || 8GB+8GB Ram 256GB Rom || 5200mAh Battery,https://www.daraz.pk/products/40-wach-8gb-8gb-256gb-5200mah-i907274252.html,,false,[],Weight Unknown,[79999.0],daraz.pk/daraz__40-wach-8gb-8gb-256gb-5200mah-i907274252.html.json,9abd3560ec93618783e9e54c87b4c9f9e39a08f29f57a6208df29b7db8387dec,0.62500
563bc6b2cec0e4ad3ef45594aa58b19ca78c8a96f68c5ce3237fa962cda1126c,2026-08-15T11:36:25+00:00,Tecno Spark 40 pro || 8GB+8GB Ram 256GB Rom || 5200mAh Battery,https://www.daraz.pk/products/40-wach-8gb-8gb-256gb-wach-5200mah-i907264373.html,,false,[],Weight Unknown,[69999.0],daraz.pk/daraz__40-wach-8gb-8gb-256gb-wach-5200mah-i907264373.html.json,a115dadf8d96ff3f64ba8b5f594a18115013409851fd0972ed30b5c761346ab7,0.62500
8944ea1b168225f2b4d2ea2130ede0c3abf1744d74d2e421eeb54be0b42b93ee,2026-08-15T13:33:40+00:00,Carrefour Tecno Spark 40C 4+128GB Black-303748,https://www.daraz.pk/products/40c-4128gb-303748-i1961160718.html,,false,[],Weight Unknown,[29999.0],daraz.pk/daraz__40c-4128gb-303748-i1961160718.html.json,2715d1be813d159e82a5b54691c0995bd82125dbad10527a53373b39f103b9cb,0.12500
62aa8b1343b8e9a4f442bd4aa7902e51e552a897bb2719fbebeec506d5d66567,2026-08-15T13:10:29+00:00,Carrefour Tecno Spark 40C 4+128GB Grey-303749,https://www.daraz.pk/products/40c-4128gb-303749-i1960443729.html,,false,[],Weight Unknown,[29999.0],daraz.pk/daraz__40c-4128gb-303749-i1960443729.html.json,88c03c3a158ae242ef413aaaa6703c38554567278e58cc7b5cb3c669526b07d1,0.12500
24f37f31b75305c9cc79ab89d50b9978556e7edfe910af1de7c1ee5b7338f4ad,2026-08-15T14:19:18+00:00,Carrefour Tecno Spark 40C 4+128GB Blue-303750,https://www.daraz.pk/products/40c-4128gb-303750-i1961172709.html,,false,[],Weight Unknown,[29999.0],daraz.pk/daraz__40c-4128gb-303750-i1961172709.html.json,6395543ab921bb8681097637791e10a574e02c6f34dcdaa8c9de0508d6a208d0,0.12500
041649a02a7ee509e34bf9b771c3ebf0093a291debf85d9122947e4b8758605f,2026-08-15T14:15:16+00:00,Carrefour Tecno Spark 40C 4+128GB White-303751,https://www.daraz.pk/products/40c-4128gb-303751-i1961144739.html,,false,[],Weight Unknown,[29999.0],daraz.pk/daraz__40c-4128gb-303751-i1961144739.html.json,363b8b82159f70a8efebfad048f79f9b72b837fafddf2351fc62f83493a65c27,0.12500
27122d21e85e995aeb38066490daa7cc5ced7fedada29b3b8a28cbd814d92789,2026-08-15T13:26:22+00:00,TECNO SPARK 40C = 4GB RAM = 128GB ROM = 6000mAh BATTERY,https://www.daraz.pk/products/40c-4gb-128gb-6000mah-i924498162.html,,false,[],Weight Unknown,[32999.0],daraz.pk/daraz__40c-4gb-128gb-6000mah-i924498162.html.json,79e74b01488ae688cf8c6b2a527ac5d2dbb6516567022b312083bd1f29935488,0.29167
5bb02a66578cc910864c6a8617d9947a2d6985e6f9319a328da93593286a4c16,2026-08-15T14:34:14+00:00,TECNO SPARK 40C = 4GB RAM = 128GB ROM = 6000mAh BATTERY,https://www.daraz.pk/products/40c-4gb-128gb-6000mah-i924654371.html,,false,[],Weight Unknown,[36999.0],daraz.pk/daraz__40c-4gb-128gb-6000mah-i924654371.html.json,eb74fb0ad589a70bf89a8ad29a2ab3b969478b22ef59aa4c4bdf4e4258a1198a,0.29167
f596b0216f1d4dd6d351cc0b0757d5fdded83134bf9ed027b65148e6c31ecc0a,2026-08-15T12:58:41+00:00,Infinix Hot 40i 4GB RAM 128GB Memory 50MP Camera 5000 mAh Battery Brand New Box Packed PTA Approved,https://www.daraz.pk/products/40i-4gb-128gb-50mp-5000-mah-pta-i458972233.html,,false,[],Weight Unknown,[31999.0],daraz.pk/daraz__40i-4gb-128gb-50mp-5000-mah-pta-i458972233.html.json,9a12d6b9be55045c7e0e5622eea7a999c74fd3fe72902c765a86919dd1956d07,0.62500
bc1f6fd91da2695c1bfa0c9c4bf7ef00110d748891823a7dcf73bcda8493c166,2026-08-15T13:22:21+00:00,INFINIX HOT 40i = 8GB RAM = 128GB ROM = 5000mAh BATTERY,https://www.daraz.pk/products/40i-8gb-128gb-5000mah-i458971969.html,,false,[],Weight Unknown,[29999.0],daraz.pk/daraz__40i-8gb-128gb-5000mah-i458971969.html.json,9761d26c124ec10974ebe94dc0c74389b3cb4b7a7a49bab5a862bf83c231c0d0,0.62500
15de4d285ebea228f4709177365d7b94c90fc2201e67e3457a43b9aef5fc50e9,2026-08-15T13:14:40+00:00,INFINIX HOT 40i = 8GB RAM = 256GB ROM = 5000mAh BATTERY,https://www.daraz.pk/products/40i-8gb-256gb-5000mah-i457012783.html,,false,[],Weight Unknown,[35999.0],daraz.pk/daraz__40i-8gb-256gb-5000mah-i457012783.html.json,4a8091b82115f370534e0930b401d020e27309712dec76494023ce873cd55e38,0.62500
65ff387b74586c1bdf94e640c9c0cf4b1aa23cfa15d48531f218d33fb9cd6a7b,2026-08-15T11:50:09+00:00,Nothing Phone Nothing 4a 12+256 - 2 Year Warranty - PTA Approved - Nothing Phone,https://www.daraz.pk/products/4a-12-256-2-pta-i1951919195.html,,false,[],Weight Unknown,[240299.0],daraz.pk/daraz__4a-12-256-2-pta-i1951919195.html.json,3fae465e69597ebacb2be2678a173847bed5c527d519b2d5418992b1f6fa16c0,0.12500
dccb7a43ca1a14094fb14f8d52cdcd636f5663e101e6de905d05199e1a4750b0,2026-08-15T11:35:16+00:00,Nothing Phone Nothing 4a Pro 12+256 - 2 Year Warranty - PTA Approved - Nothing Phone,https://www.daraz.pk/products/4a-12256-2-i1951871827.html,,false,[],Weight Unknown,[273699.0],daraz.pk/daraz__4a-12256-2-i1951871827.html.json,ef73ba98d31e16103c7553c7cddd613e1eb81fd4b913f7dc8d2e1a685230c1b9,0.12500
276cbb4f9a73203b98a959f70f2e5727d0f9c21f883b2692448f7dd74835116a,2026-08-15T10:48:46+00:00,4G - Android One - Dual Sim - 16 GB - 2 GB RAM - Black,https://www.daraz.pk/products/4g-android-one-dual-sim-16-gb-2-gb-ram-black-i1260424.html,,false,[],Weight Unknown,[21299.0],daraz.pk/daraz__4g-android-one-dual-sim-16-gb-2-gb-ram-black-i1260424.html.json,12495478d35f4b734a6ed841d744afe7e3aa32fb8567b7e7227f244c31a37576,0.41667
b725ff75efc609ae081b20e472e32a6807fc9dfb0a13666a646158ec69b2253c,2026-08-15T12:42:50+00:00,Rugged phone/unbreakable waterproof Smartphone | 4G n side finger unlock| | Shockproof | Long Battery Life | Android Mobile Phone,https://www.daraz.pk/products/4g-i1963777161.html,,false,[],Weight Unknown,[8500.0],daraz.pk/daraz__4g-i1963777161.html.json,b37a1995d68d93914eca1173577eb0cd7106203db32c4948f6b2017476d46203,0.12500
39777b251c6353963f8921a13e5be0eaf08e4d6c6e4a0c3410323c58864d2db9,2026-08-15T12:55:48+00:00,Qmobile Smart 8 - 4GB ram 128GB rom || 5000mah battery,https://www.daraz.pk/products/4gb-1-000-gb-wach-128-mah-i525146895.html,,false,[],Weight Unknown,[18999.0],daraz.pk/daraz__4gb-1-000-gb-wach-128-mah-i525146895.html.json,235cf4045f43022f8ce384568e5365af9586fe9cbeb5f78dfc3c5b724ebbc3e8,0.29167
8d3c5489b88dffd516470de7561552454aaf45dea44ccf60fd42a67851ddde4d,2026-08-15T13:20:41+00:00,ITEL S23 - 8GB +8GB RAM 128GB ROM - 5000 mAh Battery,https://www.daraz.pk/products/4gb-128gb-5000-mah-i427507631.html,,false,[],Weight Unknown,[22999.0],daraz.pk/daraz__4gb-128gb-5000-mah-i427507631.html.json,5139a32d92f790da79f0a33889ba661a91ff6dec594238c7f5380368f21a71c5,0.62500
394ee15bb70ce3ed517a76a6fd0eafddcd35140f1f17d0d6f5f7786e406aeac9,2026-08-15T14:04:14+00:00,REDMI 12C + 4GB RAM 128GB ROM + 5000 mAh Battery,https://www.daraz.pk/products/4gb-12c-128gb-5000-mah-i425900283.html,,false,[],Weight Unknown,[29999.0],daraz.pk/daraz__4gb-12c-128gb-5000-mah-i425900283.html.json,04f4417d30b7829cf5a51e5278c62ba51be1add9b23c6b649da750a88b383a98,0.62500
5b3feb639f9f23f37f2d2d52c2830f638b82edd461755abcf9267c1a8ff5f0c0,2026-08-15T09:34:55+00:00,"Redmi 14C 4GB + 128GB , 6.88 Inches IPS HD+ Display 120Hz , Mediatek Helio G81 Ultra , 5160 mAh - 18W wired,",https://www.daraz.pk/products/4gb-14-gb-14c-128-ips-hd-688-hz-g81-1-mah-18w-i602041296.html,,false,[],Weight Unknown,[49999.0],daraz.pk/daraz__4gb-14-gb-14c-128-ips-hd-688-hz-g81-1-mah-18w-i602041296.html.json,8ad093f5363973fc8855cfdfb9823785c0a795fa1f317dfb4ec535a1bc7dd738,0.41667
ea1a883655bcbb3d8ac2f90fcf1f98cd32098693a207250169ba2980c7c0aa15,2026-08-15T13:05:22+00:00,Redmi 15C – 4GB RAM + 128GB Storage | 50MP Dual Camera | 6.9” 120Hz Display | Helio G81 Ultra | 6000mAh Battery 33W Fast Charging | Android 15 (HyperOS 2.0),https://www.daraz.pk/products/4gb-15c-128gb-50mp-69-hz-hlio-g81-ah-33w-15-120-i913156554.html,,false,"[""Moonlight Blue"",""Mint Green"",""Midnight Gray"",""Twilight Orange""]",Weight Unknown,[39999.0],daraz.pk/daraz__4gb-15c-128gb-50mp-69-hz-hlio-g81-ah-33w-15-120-i913156554.html.json,6174bd333ef529dc7f670ec8c58c8850c1ac40b319b03e80af8cbfb17c1cf682,0.70833
656653da93f9a120f744ee511e99bf5b693cc18d56341c59f6241e28aba6b86a,2026-08-15T11:52:08+00:00,Redmi 15C 4GB RAM 128GB ROM 50MP main camera 8MP front camera 6000mAh Battery One Year Brand Warranty,https://www.daraz.pk/products/4gb-15c-128gb-50mp-8mp-1-mah-i920470108.html,,false,[],Weight Unknown,[50000.0],daraz.pk/daraz__4gb-15c-128gb-50mp-8mp-1-mah-i920470108.html.json,0e1a5575762ccd4785dd3154d59ca1c9a70e721259de248287cabf4b8bb992a0,0.41667
dd9e9ea28734fcf361b4f293c4eecccde26d749be15899f80a2fd4f4bcd97c7d,2026-08-15T14:55:42+00:00,Infinix Smart 20 128GB - 4GB RAM 6.78 inches Display 5200 mAh Battery 8 MP Back Camera,https://www.daraz.pk/products/4gb-20-128gb-678-5200-mah-8-mp-i1958474600.html,,false,[],Weight Unknown,[44999.0],daraz.pk/daraz__4gb-20-128gb-678-5200-mah-8-mp-i1958474600.html.json,5befd8dd047338862c9a618abbf13d97f4a2b1aec89d1c266c23b65778be864e,0.37500
0d785a8b481af458519fac9c23793c5f1967f9a0cab0f865b332b20f66372b53,2026-08-15T09:40:13+00:00,Tecno Spark 40C 4GB Ram 128GB Rom || 6.67'' Smooth Display 120Hz || 6000mAh 18W Fast Charging || IP64,https://www.daraz.pk/products/4gb-40c-1-000-gb-128-hz-18-18w-ip64-i602953525.html,,false,[],Weight Unknown,[46999.0],daraz.pk/daraz__4gb-40c-1-000-gb-128-hz-18-18w-ip64-i602953525.html.json,579500422370aafe83999788239316443fa1abdcf4024c62b78f0357f6d8cdbd,0.45833
dac511fb1c3bb30a793d2a56d27ed16edd88d9daf24907b4cb82a940e5ee6032,2026-08-15T13:08:52+00:00,"Tecno Spark 40C – 4GB RAM + 128GB Storage | 6.67” 120Hz Display | 13MP AI Camera + 8MP Selfie | Helio G81 Octa-core | 6000mAh Battery, 18W Fast Charge | Android 15, HIOS 15.1",https://www.daraz.pk/products/4gb-40c-128gb-667-13mp-ai-8mp-g81-che-1-mah-18-15-151-i924369316.html,,true,[],Weight Unknown,[50000.0],daraz.pk/daraz__4gb-40c-128gb-667-13mp-ai-8mp-g81-che-1-mah-18-15-151-i924369316.html.json,31f6342b6f4843339b381fcb2204df8ce5ba13864b67e53c95b372b855c76d0b,0.75000
db8462818f38b6a7ffee113390fb3d0e787558dd492a229f85c7b13f14876fdd,2026-08-15T12:49:44+00:00,ZTE NUBIA MUSIC = 4GB + 4GB RAM = 128GB ROM = 5000mAh BATTERY,https://www.daraz.pk/products/4gb-4gb-128gb-5000mah-i581719478.html,,false,[],Weight Unknown,[25999.0],daraz.pk/daraz__4gb-4gb-128gb-5000mah-i581719478.html.json,c063b57e098f0555ca915d11e9f2440f56cfe814caa83ed4ff9ab9260f8a7044,0.62500
306205aaa76c4bd3a1c30d8c170fad419a7af5917bc92d55e23a531138699858,2026-08-15T09:16:23+00:00,"Redmi A 5 4GB + 4GB Extended Ram 64GB Rom 6.88"" Inches DIsplay 120Hz, 5200 mAh - Battery Fast charging 15W",https://www.daraz.pk/products/4gb-4gb-a-5-64gb-688-hz-15-i762614802.html,,false,[],Weight Unknown,[37999.0],daraz.pk/daraz__4gb-4gb-a-5-64gb-688-hz-15-i762614802.html.json,e9f24b75cce8c970e18a299a2c223be05de7d99e1a47550c9b01a1742370ae4f,0.37500
7ef00a4f09ae5611ee23ba1667b7c529f221bf75e1341a9bb9241058d34caa1e,2026-08-15T09:47:19+00:00,"Redmi A5 4GB + 4GB Extended Ram 128GB Rom 6.88"" Inches DIsplay 120Hz, 5200 mAh - Battery Fast charging 15W",https://www.daraz.pk/products/4gb-4gb-a5-128gb-688-hz-15-i761322659.html,,false,[],Weight Unknown,[44999.0],daraz.pk/daraz__4gb-4gb-a5-128gb-688-hz-15-i761322659.html.json,a55992603e0be6f6df4f9e519d5e25b19fdc193f899a6b5c2d0d251586169196,0.37500
41ee5b02b2d4fa231c741b18e05e31548aaf66ad297e0351149eae4a55e15c48,2026-08-15T13:51:07+00:00,"Redmi A5 4GB + 4GB Extended Ram 64GB Rom 6.88"" Inches DIsplay 120Hz, 5200 mAh - Battery Fast charging 15W",https://www.daraz.pk/products/4gb-4gb-a5-64gb-688-hz-15-i923258457.html,,false,[],Weight Unknown,[33999.0],daraz.pk/daraz__4gb-4gb-a5-64gb-688-hz-15-i923258457.html.json,5c704c42e6135d640f3966c71b7f48c2ab690251d88863a5ee81b1013027e4f5,0.41667
38213091b578686a07bba99293667a96b50c2bf6828ea2e481f1b5886202aeb6,2026-08-15T11:02:24+00:00,"Vivo Y04 4GB + 128GB , 6.74 inches Display 90Hz, 5500 mAh - Battery charging 15W wired , Fingerprint (side-mounted)",https://www.daraz.pk/products/4gb-4gb-y04-128-90hz-674-mah-15w-i887025971.html,,false,[],Weight Unknown,[54999.0],daraz.pk/daraz__4gb-4gb-y04-128-90hz-674-mah-15w-i887025971.html.json,f47dbdf4e8b8a012e1e94795c031e9eb92b5526f962eec81586b777de3237783,0.41667
1f7449a54fd1765c5738a6465d6dc7edc6003673d9b00fd898e5699580274c93,2026-08-15T09:15:27+00:00,"Vivo Y19s 4GB+128GB , 6.68 inches IPS Display 90Hz, 5500 mAh - Battery charging 15W wired , Fingerprint (side-mounted)",https://www.daraz.pk/products/4gb-4gb-y19s-128-ips-90hz-668-mah-15-i631414051.html,,false,[],Weight Unknown,[67999.0],daraz.pk/daraz__4gb-4gb-y19s-128-ips-90hz-668-mah-15-i631414051.html.json,5bcd98b5e261a1850ce2ba2cd096c6a1bafbda53bf0d518779193abab3301169,0.37500
296921e3cc3705645a3b03612df74f5e86944bc966fd49b79b80823f2fedb05b,2026-08-15T09:44:29+00:00,OnePlus N200 5G 4GB Ram 64GB Rom Single Sim,https://www.daraz.pk/products/4gb-5g-n200-64gb-i434672534.html,,false,[],Weight Unknown,[38000.0],daraz.pk/daraz__4gb-5g-n200-64gb-i434672534.html.json,a976087cb187f403ff2030c691534986be634dbc1d0810d6709b141dfb4d67c9,0.29167
2f20de827668532c4ea01645a3ca13cfa90964c973727557681849cc5b8558c7,2026-08-15T13:38:44+00:00,Realme Note 60x - 4GB RAM 128GB ROM - 5MP Front Camera - 8MP Rear Camera - Dual SIM - 5000mAh Battery,https://www.daraz.pk/products/4gb-60x-128gb-5mp-8mp-5000mah-i890988028.html,,false,[],Weight Unknown,[49999.0],daraz.pk/daraz__4gb-60x-128gb-5mp-8mp-5000mah-i890988028.html.json,056051b269bdb377b9d3f789d0ea508d8936e844c9b3d4124fb8a27a298ee80f,0.41667
ccfe2014fa5eb2080a110b0218585a605c650c81bd4fbcbb92146d8671671cba,2026-08-15T11:30:22+00:00,Infinix Smart 20 64GB - 4GB RAM 6.78 inches Display 5200 mAh Battery 1 Year Infinix PK Warranty,https://www.daraz.pk/products/4gb-64gb-20-678-5200-mah-1-pk-i1958492075.html,,false,[],Weight Unknown,[39999.0],daraz.pk/daraz__4gb-64gb-20-678-5200-mah-1-pk-i1958492075.html.json,4c1ccf4733a0c81752b440d48d1b13197277de6b61db23ac1735bf2636c82d70,0.37500
8ed895aff540ae561bcf9876e81514f622a65a07b2e72a377d053291cd9c34e2,2026-08-15T13:11:43+00:00,TECNO SPARK GO 2023 = 4GB RAM = 64GB ROM = 5000mAh BATTERY,https://www.daraz.pk/products/4gb-64gb-5000-mah-i422304779.html,,false,[],Weight Unknown,[22999.0],daraz.pk/daraz__4gb-64gb-5000-mah-i422304779.html.json,27af07599c74d1e4b728c7482e29c519829e0cad310b5f4e80e7377d5d9b0346,0.62500
70f3d5a9432920e6061513ad066e74807267892d76f12d996e7a977b11dd4020,2026-08-15T10:06:29+00:00,"Samsung Galaxy A06 4GB + 64GB , 6.7 IPS Display , Fingerprint (side-mounted), Mediatek Helio G85 , 5000 mAh - Fast charging 25W",https://www.daraz.pk/products/4gb-64gb-a4-g85-1-mah-25-i605791519.html,,false,[],Weight Unknown,[41999.0],daraz.pk/daraz__4gb-64gb-a4-g85-1-mah-25-i605791519.html.json,117c6feaaa0c60582254e3cd80369caa1df8ef19bf29b207ef1735a72290ba59,0.41667
b5fc155f1f2b61adcd41e2193894d799af86d83fdf7c04418f7a608a32537b3a,2026-08-15T10:45:55+00:00,"Vivo Y04 4GB + 64GB , 6.74 inches Display 90Hz, 5500 mAh - Battery charging 15W wired , Fingerprint (side-mounted)",https://www.daraz.pk/products/4gb-64gb-y04-90hz-674-mah-15-i886926300.html,,false,[],Weight Unknown,[49999.0],daraz.pk/daraz__4gb-64gb-y04-90hz-674-mah-15-i886926300.html.json,0344a3344b251b7ec893423025dd42c75555dc8973f5c15153920e9a5601c2db,0.41667
d9e114c277f4e47707fced92145d27ee014f3416011e80a039ffc2e8a4e7aa04,2026-08-15T09:39:53+00:00,"Samsung Galaxy A06 4GB+ 128GB , 6.7 IPS Display , Fingerprint (side-mounted), Mediatek Helio G85 , 5000 mAh - Fast charging 25W",https://www.daraz.pk/products/4gb-a06-128gb-g85-67-mah-25-i605823436.html,,false,[],Weight Unknown,[49999.0],daraz.pk/daraz__4gb-a06-128gb-g85-67-mah-25-i605823436.html.json,c50c5f7c7cff9682af56cc65b4113baf9dce2d5dadc720b5a144354080b8af92,0.41667
5a7341096db5b561502b6f111e2e4a02cd9db1cc554cb738c1faf74516ac21e5,2026-08-15T10:03:51+00:00,Galaxy A06 - 6GB Ram - 128GB Rom - 5000mAh Battery,https://www.daraz.pk/products/4gb-a06-64gb-5000mah-i632907433.html,,false,[],Weight Unknown,[46000.0],daraz.pk/daraz__4gb-a06-64gb-5000mah-i632907433.html.json,79e748efbc166f4afb9b5cc3778ab50bc287a99d5cc855580bcdc0eaff58299c,0.37500
d477dfedf4a0ddfa847f9492da903090b6ccb91f55c8212d3149edd2393370b7,2026-08-15T09:31:30+00:00,Galaxy A06 - 4GB Ram - 128GB Rom - 5000mAh Battery,https://www.daraz.pk/products/4gb-a06-64gb-5000mah-i632953288.html,,false,[],Weight Unknown,[35300.0],daraz.pk/daraz__4gb-a06-64gb-5000mah-i632953288.html.json,bc0b242c72114d64973bf9c59baee703ff92c224994b24278b742802dc3d41d3,0.37500
9c4b47b0e510c29b3a2587680c7435b4f043b26b202d0778998a279fd66abcd8,2026-08-15T09:36:57+00:00,Samsung Galaxy A06 4GB RAM 64GB ROM,https://www.daraz.pk/products/4gb-a06-64gb-i779267859.html,,false,[],Weight Unknown,[35000.0],daraz.pk/daraz__4gb-a06-64gb-i779267859.html.json,e6b36c94260a07a0ec6463ce238d645d627f7b0decec4421c38412955c6b76e8,0.25000
1ebf1e30a6c35db63ff2a35fd0514006806e317c68a38219fbb68598c3fc578b,2026-08-15T09:26:24+00:00,Samsung Galaxy A06 4GB RAM 64GB ROM,https://www.daraz.pk/products/4gb-a06-64gb-i797819985.html,,false,[],Weight Unknown,[30000.0],daraz.pk/daraz__4gb-a06-64gb-i797819985.html.json,5a1519ea3f2045cc1b8c18704095f59d9958574a8c5fe530cdc992cb1ae80724,0.20833
09c0feed97693c4473ade2664cf98b2c178ebc90c0a4d546fa3ae7b0d9b7daa8,2026-08-15T12:35:54+00:00,"Samsung Galaxy A06 - 6.7"" LCD Display 6GB RAM 128GB ROM (Side Fingerprint) 50MP 5000mAh Battery Camera PTA Approved 1 Year Official Brand Warranty",https://www.daraz.pk/products/4gb-a06-64gb-lcd-pta-1-i651669130.html,,false,"[""Blue"",""Gold"",""White""]",Weight Unknown,[39999.0],daraz.pk/daraz__4gb-a06-64gb-lcd-pta-1-i651669130.html.json,c7b31d9c7b3d14116cf4782574d3279db869d88f0943d0dec066c5261696cb20,0.70833
3ca8b86e8871790dbbf14fc106e980cf8ad71830c8e0b504d27c8f461cf8a5f9,2026-08-15T11:02:16+00:00,Itel A100 4GB RAM 128GB ROM 8MP Rear Camera 5000mAh Battery One Year Brand Warranty,https://www.daraz.pk/products/4gb-a100-128gb-8mp-5000mah-i920892569.html,,false,[],Weight Unknown,[40000.0],daraz.pk/daraz__4gb-a100-128gb-8mp-5000mah-i920892569.html.json,4e024b0b7be0c3be196eb56f07ed768dbb4dcf8730d47df111b08fbd04906a7d,0.33333
3abb37afcfc1c9dafcbc88f0b0fe5c6b6162c1a55603f0c6ec41c4f5998f03d5,2026-08-15T12:54:09+00:00,SAMSUNG A13 4GB RAM with 64GB ROM AND 128GB OFFICIAL 12 MONTH WARRANTY,https://www.daraz.pk/products/4gb-a13-64gb-12-gb-12-i375669662.html,,false,[],Weight Unknown,[44000.0],daraz.pk/daraz__4gb-a13-64gb-12-gb-12-i375669662.html.json,0a9f930b05e41c0b254c62aece41574b318bce0342f9f6a260316f2ab95eea66,0.41667
ee4d7ce79ec6ee9cfa877c621b6841b5b87df7870ead958211c9f5a05b57056e,2026-08-15T12:13:13+00:00,Oppo A18 4GB RAM 128GB Memory 6.5 inches Display 90Hz Refresh Rate 5000 mAh Battery MediaTek Helio G85 PTA Approved Box Packed,https://www.daraz.pk/products/4gb-a18-128gb-65-90hz-5000-mah-g85-pta-i477340882.html,,false,[],Weight Unknown,[36999.0],daraz.pk/daraz__4gb-a18-128gb-65-90hz-5000-mah-g85-pta-i477340882.html.json,57d2bd5860bf1ba7271e7f29046be3aeca9a9948a42711910374622e3d194bae,0.62500
320312a3c5208f8f7029aa856f16632c9421359c57654286096b5f432e00b5ce,2026-08-15T12:42:18+00:00,Redmi A3 4GB RAM 128GB Memory 6.7 Inches Display 5000 mAh Battery 90Hz Refresh Rate MediaTek Helio G36 PTA Approved Box Packed,https://www.daraz.pk/products/4gb-a3-128gb-67-5000-mah-90hz-g36-pta-i477722352.html,,false,[],Weight Unknown,[27999.0],daraz.pk/daraz__4gb-a3-128gb-67-5000-mah-90hz-g36-pta-i477722352.html.json,f9b4b4e6f11f32354e81b43c29bf7f442ff1c16193b87af6b5029cba4e21ed2b,0.41667
6fccd525ac006643fc6ff3b3ab2a12a387c9c70ed6804cb9b16f68bb596bb881,2026-08-15T12:41:10+00:00,REDMI A3 4GB RAM-128GB ROM 6.71-inch display 5000 mAh PTA APPROVED,https://www.daraz.pk/products/4gb-a3-ram-128gb-671-mah-pta-i500839354.html,,false,[],Weight Unknown,[26499.0],daraz.pk/daraz__4gb-a3-ram-128gb-671-mah-pta-i500839354.html.json,0c2575594b7fce04c724f8b6d52523362efaffb5ab4dac0517d7cc324db60564,0.29167
42c82da00b32a6e2781e9a8a13d41c66c5efe38ef094f670216d84ec7e2a8c9f,2026-08-15T12:35:26+00:00,REDMI A3 4GB RAM-64GB ROM 6.71-inch display 5000 mAh PTA APPROVED,https://www.daraz.pk/products/4gb-a3-ram-64gb-671-mah-pta-i500819750.html,,false,[],Weight Unknown,[24999.0],daraz.pk/daraz__4gb-a3-ram-64gb-671-mah-pta-i500819750.html.json,584330b4b78b969d937c7e4ad8cb2b82df2a85cab678d4f0f57de1ad7cce2b97,0.29167
6fe05bb8f63c410981b2170ae625b2c784c668b0ef3c73b98bdad7d0214c5d15,2026-08-15T09:56:05+00:00,"Oppo A3x 4GB Ram 128GB Rom , 6.67 Inches Display 90Hz, Qualcomm Snapdragon 6s Gen 1 , 5100 mAh - Fast battery 45W wired,",https://www.daraz.pk/products/4gb-a3x-128gb-667-90hz-6s-1-5100-mah-45-i585318938.html,,false,[],Weight Unknown,[59999.0],daraz.pk/daraz__4gb-a3x-128gb-667-90hz-6s-1-5100-mah-45-i585318938.html.json,e3c39b152b373e49f272615b4924add9c8e10261d99bac81cd0f2558fd7b9770,0.41667
fa0fb1c143a93501baf2a744c2010c63a7ef32415bc5d8bea4c3c549f4d8ec41,2026-08-15T12:49:04+00:00,"Redmi A5 - 4GB RAM, 128GB Storage ✨ Affordable Everyday Companion 😊",https://www.daraz.pk/products/4gb-a5-128gb-i762528742.html,,false,[],Weight Unknown,[28549.0],daraz.pk/daraz__4gb-a5-128gb-i762528742.html.json,bf31387a9a1027609787f3d600d9513d90fc6f7397d5e82b9f1b6da06b8cd3f5,0.33333
78727727734e51406ad0b310ee0b2c6b1617ba80053a4e1af36a03955ea5ece4,2026-08-15T09:26:38+00:00,Redmi A5 - 4GB RAM 64GB ROM 6.88'' Display 32MP Camera PTA Approved 1 Year Brand Warranty,https://www.daraz.pk/products/4gb-a5-64gb-688-32mp-pta-1-i780103928.html,,false,[],Weight Unknown,[34999.0],daraz.pk/daraz__4gb-a5-64gb-688-32mp-pta-1-i780103928.html.json,95291054fb9a339d35e44107574aeb6729d0fb7cc7fa7e686389d99bb357eb69,0.37500
d10f9092773ae133b4f07f908229e45f11fea136c9534e1b48fdacddb1723f04,2026-08-15T12:38:10+00:00,Redmi A5 - 4GB RAM 128GB ROM 6.88'' Display 32MP Camera PTA Approved 1 Year Brand Warranty,https://www.daraz.pk/products/4gb-a5-64gb-688-32mp-pta-1-i780114691.html,,false,[],Weight Unknown,[39999.0],daraz.pk/daraz__4gb-a5-64gb-688-32mp-pta-1-i780114691.html.json,808027dfa293bc1a9a7ad04e4d5178f8de94ad284904c2aed459773d6235dd80,0.37500
9c5dee6bde3e1dba10a19b1b3a9f89ac6e2a3e341bc4ab22fb06b6a8ffbb1c93,2026-08-15T10:03:13+00:00,"Oppo A5i 4GB Ram 64GB Rom || 6.67 Inches Display 90Hz, || Qualcomm Snapdragon 6s 4G Gen 1|| 5100 mAh - Fast battery 45W wired",https://www.daraz.pk/products/4gb-a5i-64gb-667-90hz-6s-4g-gen-1-west-45w-i585315101.html,,false,[],Weight Unknown,[49999.0],daraz.pk/daraz__4gb-a5i-64gb-667-90hz-6s-4g-gen-1-west-45w-i585315101.html.json,723c8e814d7c8807db40682dac2b414876bc1df9a604b183bdb6ca00b6675918,0.45833
b0ece71c1293a5e64b1014e2c9c1806afdd3e4013d11d10ca78335bd27da77b9,2026-08-15T14:58:45+00:00,OPPO A5x 4GB RAM 128GB ROM 32MP Rear Camera 5MP Front Camera 6000mAh Battery 1 Year Brand Warranty,https://www.daraz.pk/products/4gb-a5x-128gb-32mp-5mp-1-i890916596.html,,false,[],Weight Unknown,[38999.0],daraz.pk/daraz__4gb-a5x-128gb-32mp-5mp-1-i890916596.html.json,32571bd46db1884b95723a5ed174e36646d5a2fc4dd36192384354773c4d7790,0.45833
b94a400b7505b7c1512f471db9e9426709bfdadee5cbdea1b5e01f4d9e570b68,2026-08-15T12:34:11+00:00,Itel A60s - 4GB Ram - 128GB Rom - 5000mAh Battery,https://www.daraz.pk/products/4gb-a60s-128gb-5000mah-i432554024.html,,false,[],Weight Unknown,[26800.0],daraz.pk/daraz__4gb-a60s-128gb-5000mah-i432554024.html.json,a9e1bdbe63c0ced66f6f077e0ff7266bea4eef1afd4c9b725641e5816b5b06ef,0.41667
228fa5a1647ab54694418517b7f5a4aea29a6c705653472cd984e86b0102d02a,2026-08-15T11:11:59+00:00,Oppo A6C 4GB RAM 64GB ROM Front Camera 5MP Back Camera 13MP 7000 mAh Battery One Year Brand Warenty,https://www.daraz.pk/products/4gb-a6c-64gb-5mp-13mp-7000-mah-i1953467464.html,,false,[],Weight Unknown,[50000.0],daraz.pk/daraz__4gb-a6c-64gb-5mp-13mp-7000-mah-i1953467464.html.json,86f3f5466f45a8c3e4771e05f0586615e26701e7f12cebd298b4c0cebf29b4ca,0.37500
63efe23092e16eadc43b4627bef9b324187e65cc52f9f6d2a5b548f5dd6dc316,2026-08-15T10:36:50+00:00,Oppo A6X 4GB RAM 128GB ROM 6500 mAh Battery Health Front Camera 5MP Back Camera 13MP One Year Brand Warranty,https://www.daraz.pk/products/4gb-a6x-128gb-6500-mah-5mp-13mp-i1961698145.html,,false,[],Weight Unknown,[60000.0],daraz.pk/daraz__4gb-a6x-128gb-6500-mah-5mp-13mp-i1961698145.html.json,8bd82adcac1bf1b033b941ea0978442fd4e2840df375edc30a7ae968ceb7d193,0.37500
6deef367297b8fcd8b59df3c1410b40174d00e303f7111b22ab3864b607a4f48,2026-08-15T10:33:59+00:00,OPPO a6x 4GB RAM 64GB ROM 5MP Front Camera 13MP Back Camera 6500mAh Battery One Year Brand Warranty,https://www.daraz.pk/products/4gb-a6x-64gb-5mp-13mp-6500mah-i946135008.html,,false,[],Weight Unknown,[42999.0],daraz.pk/daraz__4gb-a6x-64gb-5mp-13mp-6500mah-i946135008.html.json,51f245543e47e37c0863018d533023809d26b5f30bb1340fd05620bf2f256bd4,0.37500
9887f950a29a3a910ebc5a4d54c385473fcb12b87d2bda51820ad77c559ec13f,2026-08-15T09:59:56+00:00,Itel P40 - 4GB Ram - 64GB Rom - Official Warranty,https://www.daraz.pk/products/4gb-p40-64gb-i432550882.html,,false,[],Weight Unknown,[27400.0],daraz.pk/daraz__4gb-p40-64gb-i432550882.html.json,d779508693393abc109771ed36f279dd00d59dbe2b5ccf016c48b7b10d95c600,0.41667
15945d6965a6a8b659c9c1e905403e20dd07830ab5188b6057756f12c63b64d0,2026-08-15T09:52:19+00:00,Itel P40 - 4GB Ram - 128GB Rom - Official Warranty,https://www.daraz.pk/products/4gb-p40-64gb-i462499187.html,,false,[],Weight Unknown,[28400.0],daraz.pk/daraz__4gb-p40-64gb-i462499187.html.json,5411b5b5f7619c72733d6841e3d5b21312e658140626373c9f51d25f90a0d93d,0.41667
75a849b770177a45bbf3a53e9f7cf76dbdbd719209b5aec72b039e48abe977a4,2026-08-15T09:33:27+00:00,Sony Xperia XZ3 4GB Ram 64GB Rom curved Display Official PTA Approved Single Sim,https://www.daraz.pk/products/4gb-xz3-64gb-pta-i434158784.html,,false,[],Weight Unknown,[36000.0],daraz.pk/daraz__4gb-xz3-64gb-pta-i434158784.html.json,fc89d2152acc20e4a6629bf1f47f8a2475c45f10ce74182da661f7b08ebf1d6d,0.29167
d27ab6efa09072e95e5ca6077e73a78b1b9bc088e203a2ae5888b809c9c8a84e,2026-08-15T12:48:15+00:00,Vivo Y04 - 6.74'' Dispaly 4GB RAM 128GB ROM 5500mAh Battery PTA Approved 1 Year Official Brand Warranty,https://www.daraz.pk/products/4gb-y04-64gb-1-mah-pta-1-i725039068.html,,false,[],Weight Unknown,[41999.0],daraz.pk/daraz__4gb-y04-64gb-1-mah-pta-1-i725039068.html.json,9996f436f1b4e45f946bee69e4964e059e91e335c90f80de2fe22994ded03410,0.41667
1b06f2fa25d6293c3c479fd5786774893b814a1b40bb38a47cce61aa22d12a02,2026-08-15T11:56:00+00:00,Vivo Y05 4GB RAM 64GB/128GB ROM 8 MP Back Camera 6500 mAh Battery One Year Brand Warranty,https://www.daraz.pk/products/4gb-y05-64gb128gb-8-mp-1-mah-i1968187001.html,,false,[],Weight Unknown,[48000.0],daraz.pk/daraz__4gb-y05-64gb128gb-8-mp-1-mah-i1968187001.html.json,fb9a98bf114d0b162c7afd479b87f7242440a6bfcb1343ac590f8434b3901615,0.33333
f289007282907213571f90b8808640cdd2e351332aa19c863a4a47741c1bc506,2026-08-15T12:25:25+00:00,Vivo Y83 4gb Ram 64gb Rom Dual Sim PTA Approved Without Box Nd Charger,https://www.daraz.pk/products/4gb-y83-64gb-pta-nd-i723777366.html,,false,[],Weight Unknown,[18000.0],daraz.pk/daraz__4gb-y83-64gb-pta-nd-i723777366.html.json,69709938708f21a92b18ff776d9ae629fb68e9fa027e7eefda912fb6a94f6a82,0.41667
72095a6a309e05a7b99da85b8d1aae66355d6ad06e36ac00e902f5783f264a93,2026-08-15T09:51:30+00:00,Vivo Y85 4gb RAM 64gb Memory Charger Back cover end packing box..,https://www.daraz.pk/products/4gb-y85-64gb-i456722608.html,,false,[],Weight Unknown,[13000.0],daraz.pk/daraz__4gb-y85-64gb-i456722608.html.json,0ada4e4af0a21e539b3773c0c8637e9d12056a72b9d66253c8ea0723009a300f,0.16667
d567921ac35ed5baf385a802d3cc6ba71023c800cc2ebadc5689a6637ee94941,2026-08-15T09:57:12+00:00,Vivo Y85 4gb RAM 64gb Memory Charger back cover end packing box..,https://www.daraz.pk/products/4gb-y85-64gb-i456936595.html,,false,[],Weight Unknown,[13999.0],daraz.pk/daraz__4gb-y85-64gb-i456936595.html.json,805c6c7e6166a33653f2d165718ed14e9c2fd76c1b7505cbb7779d91c83accea,0.16667
55748492cb03cc9264229932c4199e5c5d5e86bf920484d6561a5df9e3e4604f,2026-08-15T09:54:26+00:00,Vivo Y85 4gb RAM 64gb Memory Charger back cover end packing box..,https://www.daraz.pk/products/4gb-y85-64gb-i456939283.html,,false,[],Weight Unknown,[13999.0],daraz.pk/daraz__4gb-y85-64gb-i456939283.html.json,805c6c7e6166a33653f2d165718ed14e9c2fd76c1b7505cbb7779d91c83accea,0.16667
8047f65bf35556ea4f73c5ddd17b3ccbaacfb9107714048abad8098012f20484,2026-08-15T13:20:19+00:00,Vivo Y85 4gb Ram 64gb Rom Dual Sim Fingerprint PTA Approved,https://www.daraz.pk/products/4gb-y85-64gb-pta-i888774379.html,,false,[],Weight Unknown,[13500.0],daraz.pk/daraz__4gb-y85-64gb-pta-i888774379.html.json,910f4c56b40718ba8d896542fc8e6e5cf01ea07100791bf48a68b4123fe35c6c,0.29167
7ebf68a69df755611fbbc3eedc2ed41a90ba2bb6a73f3722068dd7a7515f3bab,2026-08-15T12:56:17+00:00,Vivo Y93 4gb Ram 64gb Rom Dual Sim With Box Nd Charger But Not A Box Pack,https://www.daraz.pk/products/4gb-y93-64gb-nd-i423880088.html,,false,[],Weight Unknown,[22000.0],daraz.pk/daraz__4gb-y93-64gb-nd-i423880088.html.json,b1e9f086a0f330830d3bccd0aafc1880000029a7cf8a8b17826fb0afe6311e8b,0.16667
c3e07936d232b5d913de6de2b771a8f97e4ed65776d4546830acf7b7679c6ef8,2026-08-15T12:31:03+00:00,Vivo Y97 4gb Ram 128gb Rom Dual Sim PTA Approved with box nd charger,https://www.daraz.pk/products/4gb-y97-128gb-pta-nd-i724706079.html,,false,[],Weight Unknown,[19500.0],daraz.pk/daraz__4gb-y97-128gb-pta-nd-i724706079.html.json,74deffc0d14febf39a72181ac696c86d7d22b00f76c2f9eabc8e5cfea87b9a24,0.45833
67c994ae3aa3cc1dfc9ffd2bbf99de36488f295153782f08b017bc5bb1249924,2026-08-15T10:49:24+00:00,"Spice S5 Mobile, Dual Sim, PTA Approved, 1 Year Brand Warranty, 1.8 inch display, 1800 mah battery, Bluetooth Dialer, Auto Call Recording, Blacklist Caller, Torch Light, Games, Big Speaker, Long Lasting Battery, Power Saving Mode",https://www.daraz.pk/products/5-1-18-1800-i1957921098.html,,false,[],Weight Unknown,[6000.0],daraz.pk/daraz__5-1-18-1800-i1957921098.html.json,a7a8563e718f25258e1721b1842629a44d249f61bf73e299db6531d35aff2686,0.20833
774db5620d5203000d893dcb3c6b02e5752b0c53debeb23cbb5c169038fd1c73,2026-08-15T10:22:49+00:00,Aquos R5G | 256GB Storage | 12GB RAM | Snapdragon 888 5G | 6.67” OLED Display | Official PTA Approved - Water Resistant - Aquos R5 Best for PubG,https://www.daraz.pk/products/5-256-12-888-5-667-oled-5-i946200143.html,,false,[],Weight Unknown,[60500.0],daraz.pk/daraz__5-256-12-888-5-667-oled-5-i946200143.html.json,e2b2387db160fe0a92ebdb4088eb122b4c1caf0daab99b264d83a7cb702dcfb5,0.41667
1a4aaf0aa5f7e16f8db48873cdc341fa2a21b19d8b04bd3de009ee7cee280180,2026-08-15T10:32:47+00:00,Aquos R5G | 256GB Storage | 12GB RAM | Snapdragon 888 5G | 6.67” OLED Display | Official PTA Approved - Water Resistant - Aquos R5 Best for PubG,https://www.daraz.pk/products/5-256-12-888-5-667-oled-5-i947317793.html,,false,[],Weight Unknown,[65400.0],daraz.pk/daraz__5-256-12-888-5-667-oled-5-i947317793.html.json,207668fda1c42f3ca9ef74ee997b06717d4b38597eba18b9189a9e16c9732215,0.41667
2a4ae5557ec8ddcd1da1b946f77d492a7aef9ec9dcbece548d39cecf4632e77f,2026-08-15T10:23:29+00:00,Aquos R5G | 256GB Storage | 12GB RAM | Snapdragon 888 5G | 6.67” OLED Display | Official PTA Approved - Water Resistant - Aquos R5 Best for PubG,https://www.daraz.pk/products/5-256-12-888-5-667-oled-i936557758.html,,false,[],Weight Unknown,[61500.0],daraz.pk/daraz__5-256-12-888-5-667-oled-i936557758.html.json,76300ed35c444d21b14a2708f676c75d323f96ec300027c591530fe8c0f4c4f2,0.41667
2c18e485959d19173ee5385a500b383735e2862b3f6cbdf1e48ab6532967a02b,2026-08-15T09:28:39+00:00,Aquos R5G | 256GB Storage | 12GB RAM | Snapdragon 888 5G | 6.67” OLED Display | Official PTA Approved,https://www.daraz.pk/products/5-256-12-888-5-667-oled-i946202281.html,,false,[],Weight Unknown,[58500.0],daraz.pk/daraz__5-256-12-888-5-667-oled-i946202281.html.json,5a759ac14ac6d17d3559e2816585c1fd16ff0f3dafe56ac1841bc9ba76e7b62f,0.41667
682198ab54fc1de67ca8133b4a1534f1335241a09ddd8103cb7e9f5e6456b9af,2026-08-15T13:02:36+00:00,SPARX NEO 5 PRO = 2GB RAM 32GB ROM = 5000mAh BATTERY,https://www.daraz.pk/products/5-2gb-32gb-5000mah-i748788800.html,,false,[],Weight Unknown,[17999.0],daraz.pk/daraz__5-2gb-32gb-5000mah-i748788800.html.json,527efbfedf4bcc8a10ff337d538415337266859e139da288f49630f34b3cb0ee,0.58333
c07ba021235e79eac43d8d5cfe0a4d53f83c5989eab79be7433821ff68dd25cf,2026-08-15T14:27:18+00:00,Carrefour Sparx Neo 5 Plus 3Gb / 64Gb Light Blue (277457),https://www.daraz.pk/products/5-3-64-277457-i933104238.html,,false,[],Weight Unknown,[21500.0],daraz.pk/daraz__5-3-64-277457-i933104238.html.json,8c329bfde888d0200f5e5e93e09493eeb1bb09744127e13154359bfd838b5126,0.12500
236239e46c520391f238afb5fd52413196e86adb97343bc96e9cf3e9cebc9efb,2026-08-15T13:30:51+00:00,Carrefour OPPO Mobile A5I 4 GB RAM 64 GB ROM Red (297542),https://www.daraz.pk/products/5-4-64-297542-i933102277.html,,false,[],Weight Unknown,[28999.0],daraz.pk/daraz__5-4-64-297542-i933102277.html.json,c3c68cd0b78b67a64030600a72cc4211fafeeb7bfebd49429adb1b770d2cda13,0.16667
2b2360cc78524d9e1acfb99b40515281da698e7717705add0f21a2808c641242,2026-08-15T13:15:02+00:00,Carrefour Oppo Mobile A5X 4GB RAM 64GB ROM White-304180,https://www.daraz.pk/products/5-4-64-304180-i1960499743.html,,false,[],Weight Unknown,[30999.0],daraz.pk/daraz__5-4-64-304180-i1960499743.html.json,a27943e06ecb5dd51f1032e6c138bd34b64f57f2f051b6a325eb63408e885a98,0.16667
73f5e945826ee2e42c52beb616920e9d3684dccb780d880c24ebb908944d391c,2026-08-15T10:11:13+00:00,Redmi A5 || 4GB Ram 64GB Rom || 5200MAh Battery,https://www.daraz.pk/products/5-4-64-5200mah-i911682293.html,,false,[],Weight Unknown,[32000.0],daraz.pk/daraz__5-4-64-5200mah-i911682293.html.json,d2366ef63527464c63ad824d580851bdc05b79a0aa16fac6dfa454224d38e2d1,0.25000
5c8d7b07acbd9eafe8bd3923de3c7e26d94891077f180ddb047b4a7631751708,2026-08-15T13:58:23+00:00,"Oneplus 5 - Dual Sim - 6.01 Inches Full HD+ - Snapdragon 835 - 8GB RAM + 128GB ROM - Fingerprint Sensonr - PTA Approved - 100% Original (Imported Stock, Phone Only, No Box, No Charger, No Accessories Included)",https://www.daraz.pk/products/5-601-835-8-128-100-i930361917.html,,true,[],Weight Unknown,[30000.0],daraz.pk/daraz__5-601-835-8-128-100-i930361917.html.json,fb932e21905efca21513fae4e793cff7b4b6f145a23faec9b52db228c46d8f81,0.75000
f5b8a4765be1e989864784f9dbac15394431d6614921f17da3296b0f307598fc,2026-08-15T09:43:29+00:00,Aquos sense 5G - RAM 4GB - ROM 64GB | Snapdragon 690 5G | 4070 mAh Battery | Official PTA Approved,https://www.daraz.pk/products/5-64gb-4gb-690-12-mah-pta-i585492578.html,,false,[],Weight Unknown,[31500.0],daraz.pk/daraz__5-64gb-4gb-690-12-mah-pta-i585492578.html.json,43fd5dbec89308c162c1aa866b8a0c4d94298e0a2a52db02db5f76ae2866a91f,0.37500
aab4c7c3cd764736ab09189b5f5159a49c3ad15509f5b2c007c19bf8b975a27c,2026-08-15T10:52:06+00:00,SONY Xperia 5 - 6GB RAM - 64GB ROM - Official PTA Approved - Water Resistant Device,https://www.daraz.pk/products/5-6gb-64gb-pta-i270924992.html,,false,[],Weight Unknown,[65000.0],daraz.pk/daraz__5-6gb-64gb-pta-i270924992.html.json,4be5d8d2cff52a129214c37a636b3d915ab0081cdb70e4932a0b321fa0e6be25,0.37500
44637ddf90133aeab0ab711a8ee0ae507b463df50801b587394400f8cdc50f7e,2026-08-15T12:12:54+00:00,Sony Xperia 5 - 6GB RAM - 64GB ROM - Official PTA Approved,https://www.daraz.pk/products/5-6gb-64gb-pta-i408415990.html,,false,[],Weight Unknown,[59500.0],daraz.pk/daraz__5-6gb-64gb-pta-i408415990.html.json,7d88ae227ae2e97a2adbabd3d52cbdb8ab99653ba7c0910c76c996209156c3f8,0.41667
8f5b5adb2fccf485e4c9e4d7dc3b314cee35731e61eb32852a9629b1d4e1cd3a,2026-08-15T09:41:49+00:00,SONY Xperia 5 - 6GB RAM - 64GB ROM - Official PTA Approved - Water Resistant Phone,https://www.daraz.pk/products/5-6gb-64gb-pta-i408427399.html,,false,[],Weight Unknown,[46500.0],daraz.pk/daraz__5-6gb-64gb-pta-i408427399.html.json,8998735da3d1461e59e0e4a11611b26629ad104a9e5610ff5982fdbb5104cfd2,0.41667
b3e7a6fd589da3b5149d6fecef5c2a4b42eb2a93870347db25dcc496a1ea3cf7,2026-08-15T09:21:23+00:00,Sony Xperia 5 6GB Ram 64GB Rom Single Sim PTA Approved,https://www.daraz.pk/products/5-6gb-64gb-pta-i492359548.html,,false,[],Weight Unknown,[40000.0],daraz.pk/daraz__5-6gb-64gb-pta-i492359548.html.json,a17e4344241f19bd9435a19d21eae7093f2c1e8c134b77c37b9b9d5124a29bbf,0.41667
62ddd304655690cd9a9ab18e8e86a11f062398ffd0a1543c557745d1ed72671b,2026-08-15T09:18:02+00:00,SONY Xperia 5 - 6GB /64GB- Official PTA Approved - Original & Water Resistant,https://www.daraz.pk/products/5-6gb64gb-pta-i293029826.html,,false,[],Weight Unknown,[48500.0],daraz.pk/daraz__5-6gb64gb-pta-i293029826.html.json,8d3216450701198cfa1467983d7966d84c728c6b8f794303e1a3fcfa94b9548c,0.37500
6cdf1a4761a8fea1f97589728bee69d75a807efe7c87c22f103dbb7b22e2c165,2026-08-15T09:22:55+00:00,SONY Xperia 5 - 6GB /64GB- Official PTA Approved - Original & Water Resistant,https://www.daraz.pk/products/5-6gb64gb-pta-i414197419.html,,false,[],Weight Unknown,[60500.0],daraz.pk/daraz__5-6gb64gb-pta-i414197419.html.json,60c90daf5d5c26e3b9019c102061e12a50207ae690948ff3df72259ec6348a2e,0.37500
ced8aaaeb8148591b6af451068daf9e6dd6fa6e85ced7d881a05e468ab0141bc,2026-08-15T09:26:03+00:00,SONY Xperia 5 - 6GB /64GB- Official PTA Approved - Original & Water Resistant,https://www.daraz.pk/products/5-6gb64gb-pta-i596339521.html,,false,[],Weight Unknown,[42500.0],daraz.pk/daraz__5-6gb64gb-pta-i596339521.html.json,b811fee7f376b75f45abddc6b2545b37d8f0497ad01788f71f2a6c519967ed2a,0.33333
f60ceb8984dbfc6de18f9b51c193d41df9ccf82e01c1e03d51b0264ef794ad3a,2026-08-15T09:40:44+00:00,SONY Xperia XZ3 - 4GB /64GB- Official PTA Approved - Original & Water Resistant,https://www.daraz.pk/products/5-6gb64gb-pta-i639145024.html,,false,[],Weight Unknown,[32500.0],daraz.pk/daraz__5-6gb64gb-pta-i639145024.html.json,62c9dd19341bfdab0fab31da1b3fdf5aaf0f3d940648f0e1bfde516732d94b0e,0.37500
a8726d878d1d2f03793295bdc9c02dcabd012343bb0802ed108cbb490ad05fb7,2026-08-15T14:33:46+00:00,Carrefour Oppo A5 Pro 8 GB 128 GB Olive Green (295297),https://www.daraz.pk/products/5-8-128-295297-i933105181.html,,false,[],Weight Unknown,[56499.0],daraz.pk/daraz__5-8-128-295297-i933105181.html.json,4ba4d22f20a1ec0b8c3d6bc389012fa4737aadb3deb019163c78814393f4d7c4,0.12500
fedf8033ba8562f02d884da5024ab1fe5acb0f255b3b1e965a70c88ffb3d22f4,2026-08-15T14:57:37+00:00,Carrefour Oppo A5 Pro 8 GB 128 GB Mocha Brown (295298),https://www.daraz.pk/products/5-8-128-295298-i933102275.html,,false,[],Weight Unknown,[54999.0],daraz.pk/daraz__5-8-128-295298-i933102275.html.json,a6a0654e5d026c2add4d097ae17a9c2f260b1852391ed86bf9a7bad164285a1a,0.12500
24f5d73463bc589862beefe0f322c3d24eb34b0a0e58dfa9ce405f5ae4e705ce,2026-08-15T13:52:31+00:00,Carrefour Oppo A5 Pro 8 GB 256 GB Olive Green (295300),https://www.daraz.pk/products/5-8-256-295300-i933106006.html,,false,[],Weight Unknown,[59999.0],daraz.pk/daraz__5-8-256-295300-i933106006.html.json,bb4f4d179d352f9225f4dbd4eb212e70d8f772f2cda108e459e13d2990778794,0.12500
05349bb3d1074ecb9bfa311198d9d0bbb97d33d0d287b5d70df1655e50c5d012,2026-08-15T14:08:50+00:00,Carrefour Oppo A5 Pro 8 GB RAM 256 GB ROM Mocha Brown (295301),https://www.daraz.pk/products/5-8-256-295301-i933098714.html,,false,[],Weight Unknown,[61499.0],daraz.pk/daraz__5-8-256-295301-i933098714.html.json,2b3af8ea3678c1dca252ade4ed974ce0c90b483849b3b6815accc6a03ed11d7c,0.16667
496edb0e202bd8dacb839ad072bd0c89fae8732fa62dc58efd02776f336fca37,2026-08-15T11:42:01+00:00,Infinix Note Edge 5G || 8GB+8GB Ram 256GB || 6500mAh Battery,https://www.daraz.pk/products/5-8gb-8gb-256gb-100-mah-i1953684342.html,,false,[],Weight Unknown,[99999.0],daraz.pk/daraz__5-8gb-8gb-256gb-100-mah-i1953684342.html.json,7b7b8c7c55c4edd9e198b5fe7f60ec795546461a182cfae8151be7b254718120,0.37500
c553321c3bc044c1b65cb70484c1d2a57316e8827c94c8709e33f5928a4d140f,2026-08-15T14:53:41+00:00,Honor X5C Plus,https://www.daraz.pk/products/5-i1948030201.html,,false,[],Weight Unknown,[29999.0],daraz.pk/daraz__5-i1948030201.html.json,8c6d9d847c0625ef7e5212314671d94a7d7f293c3308d1d881236f48b29e4127,0.41667
8baa81b900635523f021dddac8817636da20348940c608748c655080b794de56,2026-08-15T12:27:11+00:00,INFINIX NOTE 50 PRO = 12GB +12GB = 24GB RAM = 256GB ROM = 5200mAh BATTERY,https://www.daraz.pk/products/50-12gb-12gb-24gb-256gb-5200mah-i776418689.html,,false,[],Weight Unknown,[88999.0],daraz.pk/daraz__50-12gb-12gb-24gb-256gb-5200mah-i776418689.html.json,154784892f7d62fb3460d29bdcee679b224b9d48eb67859b30d78a0284e67680,0.62500
4d81234d9b61c171ffd8e25c97a51483dcb9b8b691df0ba6071370c22aaa0c57,2026-08-15T12:13:22+00:00,INFINIX NOTE 50 PRO = 12GB RAM = 256GB ROM = 5200mAh BATTERY,https://www.daraz.pk/products/50-12gb-256gb-5200mah-i756131268.html,,false,[],Weight Unknown,[90999.0],daraz.pk/daraz__50-12gb-256gb-5200mah-i756131268.html.json,57ae56f9582335f5f6a4718abed247a70aacad3706274062531edc2eb5d1fbfc,0.62500
0d8a776403c4f5a15f14da84d53dc0a49633714a469306fbf23c7b04437fabb7,2026-08-15T11:32:02+00:00,Tecno Camon 50 Pro - 16GB RAM* (8+8 Extended) - 256GB ROM - 50MP OIS Triple Camera with 3X Zoom - 144Hz 1.5K AMOLED Display,https://www.daraz.pk/products/50-16gb-8-8-256gb-50mp-ois-3x-144hz-15k-i1957481913.html,,false,[],Weight Unknown,[114999.0],daraz.pk/daraz__50-16gb-8-8-256gb-50mp-ois-3x-144hz-15k-i1957481913.html.json,e7588b3db5ddd9f27f26f66224f3ca355810475cc424ce257b2e64001971f30a,0.33333
2e54c6e7f1532561ff91324e7662d535b9384b460db530652389f3647a7f1b91,2026-08-15T14:36:36+00:00,"Infinix NOTE 50 Pro (24GB RAM, 256GB ROM) – 50MP OIS Night Camera – 144Hz AMOLED – 90W FastCharge – Helio G100 – MagCharge – AI Features",https://www.daraz.pk/products/50-24gb-256gb-50mp-ois-144hz-90-g100-ai-i887872119.html,,false,[],Weight Unknown,[94999.0],daraz.pk/daraz__50-24gb-256gb-50mp-ois-144hz-90-g100-ai-i887872119.html.json,d81463e611e81a0e11b0238921f6b126edfc49d1e3a8f462745dbe7efe15b2a0,0.58333
da738409ab6f67b6b51be211a148dd9b11f6a584d95c0c61583a5ff6999e4a7b,2026-08-15T13:27:34+00:00,REALME NOTE 50 = 4GB RAM =128GB ROM = 5000mAh BATTERY,https://www.daraz.pk/products/50-4gb-128gb-5000mah-i543688248.html,,false,[],Weight Unknown,[29999.0],daraz.pk/daraz__50-4gb-128gb-5000mah-i543688248.html.json,6eb2ff7afae03ea8127434b70200ce929f113d65f404ed93c7520cc216824864,0.58333
f8f3cb18cbaf77e72f4807653d4e0d7244f7add0c22476a9639de2ec66cb0177,2026-08-15T12:19:15+00:00,Realme Note 50 4GB RAM 64GB Memory 5000 mAh Battery 6.7 inches Display 13MP Camera PTA Approved Box Packed,https://www.daraz.pk/products/50-4gb-64gb-5000-mah-67-13mp-pta-i477295982.html,,false,[],Weight Unknown,[25999.0],daraz.pk/daraz__50-4gb-64gb-5000-mah-67-13mp-pta-i477295982.html.json,93f1edf6cdaecdbfe2ceb4dda2faa2d5dd8934bd1d47072d6b9e82ead696b917,0.58333
d7f92628317e01c9127fe55b8112042bfb184945d5a70d0ace61a20b2a15f4d8,2026-08-15T14:40:56+00:00,REALME NOTE 50 = 4GB RAM = 64GB ROM = 5000mAh BATTERY,https://www.daraz.pk/products/50-4gb-64gb-5000mah-i543632741.html,,false,[],Weight Unknown,[27999.0],daraz.pk/daraz__50-4gb-64gb-5000mah-i543632741.html.json,040941cae9ef068b6dc550c9a9db153d19b888b777ae0eceb7621d20616d2931,0.58333
3e09114f3bd2e0c31554b19eff87e26460b126e7d059f12b9a71d586c752da4e,2026-08-15T10:31:12+00:00,Tecno Camon 50 Ultra 5G 12GB RAM 256GB ROM Front Camera 50 MP Back Camera 50 MP 6500 mAh Battery One Year Brand Warenty,https://www.daraz.pk/products/50-5g-12gb-256gb-50-mp-50-mp-6500-mah-i1954384191.html,,false,[],Weight Unknown,[140000.0],daraz.pk/daraz__50-5g-12gb-256gb-50-mp-50-mp-6500-mah-i1954384191.html.json,1449327e7c05feef0c9c98e3eb5ecf816a9c448a709cf033d6bda04f483fa339,0.41667
1bf26410d90bf71ba73e8b31fd11963f3ed1c95bc14b79c8c0290ca26e2752cf,2026-08-15T10:40:03+00:00,Tecno Spark 50- 6.78 Inches Display - 6GB RAM 128GB ROM - 8MP Front Camera - 50MP Rear Camera - Dual SIM - 7000mAh Battery,https://www.daraz.pk/products/50-678-6-128-8-50-7000-i1960339542.html,,false,[],Weight Unknown,[60000.0],daraz.pk/daraz__50-678-6-128-8-50-7000-i1960339542.html.json,86e8ba06edaf74e529b842714e1f598c76bce0944d85bd6b679ef9dd4a45e977,0.41667
0ac234c6cb802ffeca13b04393026d4198d9906ea930482626fe964e9e717948,2026-08-15T11:18:04+00:00,Tecno Spark 50 - 6.78 Inches Display - 6GB RAM 128GB ROM - 8MP Front Camera - 50MP Rear Camera - MediaTek Helio G81 - Dual SIM - 7000mAh Battery,https://www.daraz.pk/products/50-678-6-128-8-50-81-7000-i1961002207.html,,false,"[""Aurora Purple"",""Halo Blue"",""Ink Black"",""Titanium Grey""]",Weight Unknown,[60000.0],daraz.pk/daraz__50-678-6-128-8-50-81-7000-i1961002207.html.json,c7ef0e957c7bac2ee01461417c917f7dc28df670adeef95f01eb42cab9b31d8d,0.54167
8808cf3213463251bfb64e8a993f6501b6b4854e0b28252eadcfe5dd8191a63c,2026-08-15T11:10:35+00:00,Tecno Spark 50 - 6.78 Inches Display - 6GB RAM 128GB ROM - 8MP Front Camera - 50MP Rear Camera - Dual SIM - 7000mAh Battery,https://www.daraz.pk/products/50-678-6gb-128gb-8mp-50mp-7000mah-i1960890888.html,,false,"[""Halo Blue"",""Titanium Grey"",""Ink Black"",""Aurora Purple""]",Weight Unknown,[60000.0],daraz.pk/daraz__50-678-6gb-128gb-8mp-50mp-7000mah-i1960890888.html.json,e33fd47c165b40ce9897466df54e17b0302cf09632d259afedb652da58fe45c2,0.66667
9560670510af0a0a7e91b79ca5752631667b64f82578627ca0dd1c06f86a9a32,2026-08-15T11:11:10+00:00,Tecno Camon 50 Pro - 6.78 Inches Curved Display - 8GB RAM 256GB ROM - 32MP Front Camera - 50MP+50MP+8MP Rear Camera - Dual SIM - 6500mAh Battery,https://www.daraz.pk/products/50-678-8-256-32-50-50-8-6500-i1952130561.html,,false,[],Weight Unknown,[110000.0],daraz.pk/daraz__50-678-8-256-32-50-50-8-6500-i1952130561.html.json,c927696a23d15f30bffa8f4fe91fc2f00460bd94a1f8e6180e01a58d7338cf05,0.37500
56df24e0acab21f8f67a643fc61f06d36cdb460b72fe3430482e5f4190c61a98,2026-08-15T11:30:49+00:00,Tecno Camon 50 - 6.78 Inches Display - 8GB RAM 256GB ROM - 32MP Front Camera - 50MP+8MP Rear Camera - Dual SIM - 6500mAh Battery,https://www.daraz.pk/products/50-678-8-256-32-50-8-6500-i1952184256.html,,false,[],Weight Unknown,[99000.0],daraz.pk/daraz__50-678-8-256-32-50-8-6500-i1952184256.html.json,ca1f0cb5fd5e5f2880684282a08130de15f51a406fbc301508f9115bbbeefc9e,0.37500
5f24133c2795732136a783e7ecd341c6ecb0291d402bb4751d4d59f1dac06a9e,2026-08-15T13:07:15+00:00,Infinix Note 50 Pro - 12GB RAM 256GB ROM 6.78'' FHD+ AMOLED Display 50MP Rear Camera 5200mAh Battery PTA Approved 1Year Offical Brand Warranty,https://www.daraz.pk/products/50-678-fhd-50mp-5200mah-pta-1-i878879599.html,,false,[],Weight Unknown,[105999.0],daraz.pk/daraz__50-678-fhd-50mp-5200mah-pta-1-i878879599.html.json,945efedb9e8e17e6c6c7d12d209b174decbe0ca3f11ea32b5955aa19cb034377,0.33333
4dc0323d322a313e8e3a56a1fd59a4cc19b7670a373139f5e6bf4826bb3ef0df,2026-08-15T10:27:51+00:00,Tecno Spark 50 - 6GB RAM - 128GB ROM - 7000mAh Battery - 50MP Camera - Official Brand Warranty,https://www.daraz.pk/products/50-6gb-128gb-7000mah-50mp-i1957483630.html,,false,[],Weight Unknown,[66999.0],daraz.pk/daraz__50-6gb-128gb-7000mah-50mp-i1957483630.html.json,2dd0d568e2cd3f4af7b2733d4db3dfa824417abead4b441e959b2b57d18a63e4,0.41667
5850ea8d888ea6d07d0696bc0393b7440ed7e26ec5adb6b8a9cb7121682ca61c,2026-08-15T11:16:56+00:00,TECNO SPARK 50 = 6GB RAM = 128GB ROM = 7000mAh BATTERY,https://www.daraz.pk/products/50-6gb-128gb-7000mah-i1954546983.html,,false,[],Weight Unknown,[61999.0],daraz.pk/daraz__50-6gb-128gb-7000mah-i1954546983.html.json,ed74df224d303bbc44ce9db621a8e4119d3ffc9824d18cd886cfca344d7a6fc6,0.41667
29b30b033ba227668ffb033827dfd995aaf8ca1efbf6a56d143486207bfe809c,2026-08-15T11:20:24+00:00,TECNO SPARK 50 = 6GB RAM = 128GB ROM = 7000mAh BATTERY,https://www.daraz.pk/products/50-6gb-128gb-7000mah-i1957302806.html,,false,[],Weight Unknown,[62999.0],daraz.pk/daraz__50-6gb-128gb-7000mah-i1957302806.html.json,a35385cc3911cae1cbc9f74a030f54e1dc6de196340a55b7b5b4653ddc43ab5a,0.41667
a0fc162fd8345b0a1d99e6bf99d057a8bb9dee101e5ff106f161acec94ac0517,2026-08-15T10:40:13+00:00,Tecno Spark 50 6GB RAM 128GB ROM 50 MP + AI Back Camera 7000 mAh Battery One Year Brand Warranty,https://www.daraz.pk/products/50-6gb-50-gb-50-mp-ai-1-i1957057709.html,,false,[],Weight Unknown,[65000.0],daraz.pk/daraz__50-6gb-50-gb-50-mp-ai-1-i1957057709.html.json,1a85f5d426706b2fd2c8463e16be6318fe35bddc921f323d8dc034efebbe8d47,0.41667
6a02e0d2e6b68b9f1fcc7c58ee7896d24fe7abb876758cbce404163ffb8fed3d,2026-08-15T11:54:40+00:00,Tecno Spark 50 || 6GB+6GB Ram 128GB rom || 7000mAh Battery,https://www.daraz.pk/products/50-6gb-6gb-1-000-gb-128-mah-i1968295274.html,,false,"[""Halo Blue"",""Titanium Grey"",""Ink Black"",""Aurora Purple""]",Weight Unknown,[59999.0],daraz.pk/daraz__50-6gb-6gb-1-000-gb-128-mah-i1968295274.html.json,4e60a24f69458c345a320bcad1a36e470fc3031c02f4b78ff1ecdea515780d87,0.66667
32c1be3069a9c9d08d1fea1e81c2161430c40b4593ac901b2f536c7dea962142,2026-08-15T11:04:14+00:00,Tecno Camon 50 Pro || 8GB+8GB Ram 256GB Rom || 6500mAh Battery,https://www.daraz.pk/products/50-8-8-256-6500mah-i1953381191.html,,false,[],Weight Unknown,[109999.0],daraz.pk/daraz__50-8-8-256-6500mah-i1953381191.html.json,17d6507d3e1bbf18b8d226c1dd21b6ed58b76ca0a5ef1e80bbef0786f4dedcaa,0.37500
3a6c5b2df5311ef40910c27275514c640a04fd6eebcf4dfae577d2c03e749a00,2026-08-15T12:02:56+00:00,INFINIX HOT 50 PRO = 8GB RAM = 128GB ROM = 5000mAh BATTERY,https://www.daraz.pk/products/50-8gb-128gb-5000mah-i604424607.html,,false,[],Weight Unknown,[43999.0],daraz.pk/daraz__50-8gb-128gb-5000mah-i604424607.html.json,29df99570d8211f293fa7b727cf89b7cce511ddc21ac8e0a0465d66333036dec,0.62500
1a11b8c398c8f8943c204d2121d9f72964651d1f061d89c566c642ab7d193607,2026-08-15T12:13:41+00:00,INFINIX HOT 50 PRO = 8GB RAM =128GB ROM =5000mAh BATTERY,https://www.daraz.pk/products/50-8gb-128gb-5000mah-i618341328.html,,false,[],Weight Unknown,[45999.0],daraz.pk/daraz__50-8gb-128gb-5000mah-i618341328.html.json,78f5333570c5e353a5984993131ff8bf952a3030c70fb0bb6a668bb16d9dcdbe,0.62500
a31b513ec0b1b7e35416f5e57ba62604af3ba7c672ee51c9003fe50dad221602,2026-08-15T09:23:07+00:00,"Infinix Hot 50 Pro 8GB + 128GB , 6.78 Inches AMOLED Display 120Hz , Fingerprint under display , 5000 mAh Battery - 33W wired,",https://www.daraz.pk/products/50-8gb-128gb-678-120hz-5000-mah-33w-i603571131.html,,false,[],Weight Unknown,[74999.0],daraz.pk/daraz__50-8gb-128gb-678-120hz-5000-mah-33w-i603571131.html.json,a9a15d978f4344bacc87676c64a86f4e10b59ab1181bf1f9a7aed6675cffe0fc,0.37500
aa609933630b8cab4bb9db2e9faef5b5d1e3a840987e9f7f90d0ad4c05870cb8,2026-08-15T12:28:18+00:00,Infinix Hot 50 Pro 8GB RAM 128GB ROM FHD+AMOLED Display MediaTek Helio G100 5000mAh Battery PTA Approved Box Packed,https://www.daraz.pk/products/50-8gb-128gb-fhd-g100-5000mah-pta-i622215729.html,,false,[],Weight Unknown,[48000.0],daraz.pk/daraz__50-8gb-128gb-fhd-g100-5000mah-pta-i622215729.html.json,b2c636a0162e73249d82a2cd24ae52c4857bc03ad964e74ab1b1923facf177c4,0.37500
75a3cc4dd797aa71e8bbfe128b6c232d61ea2f1d8b6d2d4d3e3f4353679f5508,2026-08-15T10:05:31+00:00,"Sego Zero 50 8GB + 16GB Extended Ram 256GB Rom || 6.67"" FHD+ 3D AMOLED Dual Curved Edge || 5000mAh Battery 33W Fast Charge || Main Camera 64MP Front 32MP",https://www.daraz.pk/products/50-8gb-16gb-256gb-fhd-3d-667-mah-33-64mp-32mp-i1947682609.html,,false,[],Weight Unknown,[59999.0],daraz.pk/daraz__50-8gb-16gb-256gb-fhd-3d-667-mah-33-64mp-32mp-i1947682609.html.json,5c5574d9c6a94480de5359270f35ab4c79a9d6c360738eae9c1b7cc1920fafaf,0.45833
62ec58d216c692b2c3eed8951e5b8ad2eb38bdc569d96d9cd75b6e2d705dd501,2026-08-15T12:25:14+00:00,Infinix Hot 50 Pro Plus 8GB RAM 256GB ROM 3D Curved AMOLED Display MediaTek Helio G100 5000mAh Battery PTA Approved Box Packed,https://www.daraz.pk/products/50-8gb-256gb-3d-g100-5000mah-pta-i622383017.html,,false,[],Weight Unknown,[69999.0],daraz.pk/daraz__50-8gb-256gb-3d-g100-5000mah-pta-i622383017.html.json,049fbc8985c42df77450a0a228dd701e4c5d8f2ae777e1fc5db794d708d0d56b,0.45833
48f819915fd8210315629140011ce6ff6f993b818d9d08c606e9e004588c83ba,2026-08-15T15:14:05+00:00,TECNO CAMON 50 = 8GB RAM = 256GB ROM = 6500mAh BATTERY,https://www.daraz.pk/products/50-8gb-256gb-6500mah-i1952211921.html,,false,[],Weight Unknown,[99999.0],daraz.pk/daraz__50-8gb-256gb-6500mah-i1952211921.html.json,7d8b3521b6cb51858acd9eb33844e11a35cf34751915e717e7f79ede1483d656,0.41667
4809411bcaf51361078ffde650e22fe35bd519ecfd944a323d21f0fa7184e595,2026-08-15T15:11:12+00:00,TECNO CAMON 50 PRO = 8GB RAM = 256GB ROM = 6500mAh BATTERY,https://www.daraz.pk/products/50-8gb-256gb-6500mah-i1952458935.html,,false,[],Weight Unknown,[112999.0],daraz.pk/daraz__50-8gb-256gb-6500mah-i1952458935.html.json,a2faa74d99dc56bf79ce6f508d33208dae6ca6979311ab8480ac62c9f8dd83bf,0.37500
fcccb3a55ab508e8f013622de8c2fcd19894e25c6af8751b0bf548664f4632f9,2026-08-15T11:48:04+00:00,TECNO CAMON 50 = 8GB RAM = 256GB ROM = 6500mAh BATTERY,https://www.daraz.pk/products/50-8gb-256gb-6500mah-i1953665696.html,,false,[],Weight Unknown,[109999.0],daraz.pk/daraz__50-8gb-256gb-6500mah-i1953665696.html.json,69d0ac4ff96589f353b285d934d8dfcdd349238a65c4f0ba0f2c26c1905f645f,0.37500
57d20c465059c24c0b7976b1411f4204b57cb72c33a5da76dd2f5d5822713df9,2026-08-15T11:35:06+00:00,TECNO CAMON 50 PRO = 8GB RAM = 256GB ROM = 6500mAh BATTERY,https://www.daraz.pk/products/50-8gb-256gb-6500mah-i1953711050.html,,false,[],Weight Unknown,[119999.0],daraz.pk/daraz__50-8gb-256gb-6500mah-i1953711050.html.json,5c1b93240ee0de2b4425f5bff1c7fe4ea4675c2a6cf8c9e407fac120158267c6,0.37500
1bb3533d2a07f4dc75c2f28e3e967b50a1c6f283b3e3c2ecca2db110482e9174,2026-08-15T11:21:08+00:00,Tecno Camon 50 - 8GB RAM - 256GB ROM - 6500mAh Battery - 144Hz AMOLED Display - Official Brand Warranty,https://www.daraz.pk/products/50-8gb-256gb-6500mah-i1957820433.html,,false,[],Weight Unknown,[102999.0],daraz.pk/daraz__50-8gb-256gb-6500mah-i1957820433.html.json,83ed8faa33c4e488310a9433274a654817c6a858704a1899c969749c5d3ea57f,0.37500
9de5334fcd092ecdb65edeb48c9e6a215c1351d8a0fa71ed9158a06d88a2fdb0,2026-08-15T13:26:34+00:00,"INFINIX NOTE 50 - 8GB RAM 256GB ROM, 6.78"" AMOLED DISPLAY, 5200MAH BATTERY",https://www.daraz.pk/products/50-8gb-256gb-678-5200mah-i887805674.html,,false,"[""Titanium Grey"",""Ruby Red"",""Mountain Shade"",""Shadow Black""]",Weight Unknown,[80999.0],daraz.pk/daraz__50-8gb-256gb-678-5200mah-i887805674.html.json,22da6bda1252f571a9f7a9255489cd115115ba5570048271b29f355e1d15e710,0.70833
4364a3f700256e430201419c9b64cad3f74e987f8cad934569ae0c46671028f9,2026-08-15T12:25:49+00:00,Infinix Hot 50 8GB+8GB RAM 128GB ROM MediaTek Helio G100 50MP Camera 5000mAh Battery PTA Approved Brand New Box Pack,https://www.daraz.pk/products/50-8gb-8gb-128gb-g100-50mp-5000mah-pta-i622226662.html,,false,[],Weight Unknown,[46000.0],daraz.pk/daraz__50-8gb-8gb-128gb-g100-50mp-5000mah-pta-i622226662.html.json,47b83cf61d466cb0c61a888fe8753ee4164899b767cb7c5afebd82fe2a38f817,0.45833
42512ed2d513b8a3474e8b8ed0d6883f9aae23ef1b74af6ff8ff78ef49f1dc5e,2026-08-15T12:27:50+00:00,INFINIX HOT 50 PRO PLUS = 8GB + 8GB = 16GB RAM = 256GB ROM = 5000mAh BATTERY,https://www.daraz.pk/products/50-8gb-8gb-16gb-256gb-5000mah-i604445393.html,,false,[],Weight Unknown,[60999.0],daraz.pk/daraz__50-8gb-8gb-16gb-256gb-5000mah-i604445393.html.json,47f1fb1440161949daaace0d01c23936fd1d2583202d8da9c16def58307e9bd0,0.62500
7854d4d1e1dd424a21ad8001b98e47b3c7d9dc50c65ed587d961c4359e03bc56,2026-08-15T13:04:13+00:00,INFINIX HOT 50 PRO PLUS = 8GB + 8GB = 16GB RAM = 256GB ROM = 5000mAh BATTERY,https://www.daraz.pk/products/50-8gb-8gb-16gb-256gb-5000mah-i776432132.html,,false,[],Weight Unknown,[57999.0],daraz.pk/daraz__50-8gb-8gb-16gb-256gb-5000mah-i776432132.html.json,9e51f015762f75065601035d0d46ba5d4f304f358c8e82ea193ed93266415ed2,0.62500
61d55f2decce177c50bcefe227d19ca654e7bad4de884af9df70efa339de4b88,2026-08-15T12:22:04+00:00,INFINIX NOTE 50 = 8GB + 8GB = 16GB RAM = 256GB ROM = 5200mAh BATTERY,https://www.daraz.pk/products/50-8gb-8gb-16gb-256gb-5200mah-i776319893.html,,false,[],Weight Unknown,[78999.0],daraz.pk/daraz__50-8gb-8gb-16gb-256gb-5200mah-i776319893.html.json,312be7dd2f1add7d68125cb2095d2a2f02a3b3ba78654a9593370dc9a730f959,0.62500
c4d955f81234c6de3bea779c1889370c28af472c72ecd06155b172c20cc531c6,2026-08-15T12:43:34+00:00,INFINIX NOTE 50 = 8GB + 8GB RAM = 256GB ROM = 5200mAh BATTERY,https://www.daraz.pk/products/50-8gb-8gb-256gb-5200mah-i749167480.html,,false,[],Weight Unknown,[75999.0],daraz.pk/daraz__50-8gb-8gb-256gb-5200mah-i749167480.html.json,1b8bc624486864782361490850bb40cdeb3e6eb83746577841a6fb4d5eddde83,0.62500
2ac2ddb5a8785c5ab8c130fddc2b06daedd5668a9e94c1502ba3b358f94757ea,2026-08-15T09:43:06+00:00,"Infinix Note 50 Pro 8GB+8GB Extended RAM 256GB Rom , 6.78” AMOLED Display 144Hz , IP64 , 5200 mAh - 90W Super Charge",https://www.daraz.pk/products/50-8gb-8gb-256gb-678-90-ip64-ip64-144hz-i750669293.html,,false,[],Weight Unknown,[119000.0],daraz.pk/daraz__50-8gb-8gb-256gb-678-90-ip64-ip64-144hz-i750669293.html.json,bde4340da93e185796d9701e4a6aadc160ddbb9ec73901f6d33de94c5c75802f,0.45833
10b04325044475c3e9e16e0520aae96df19c079dfbeba7c011b859523ca1379f,2026-08-15T09:49:09+00:00,"Infinix Note 50 8GB+8GB Extended RAM 256GB Rom , 6.78” AMOLED Display 144Hz , IP64 , 5200 mAh - 45W Super Charge",https://www.daraz.pk/products/50-8gb-8gb-256gb-678-ip64-ip64-4-mah-45w-i750642577.html,,false,[],Weight Unknown,[104999.0],daraz.pk/daraz__50-8gb-8gb-256gb-678-ip64-ip64-4-mah-45w-i750642577.html.json,69309f528ac21eb1ec1ad2793765bdb1dda2840037551c2f9ea4eced84bf00fe,0.45833
ab90b8f1a2cf4603e454a25c3f9be1be6a7c5e4f900ab385a9dd315f70cdb49f,2026-08-15T11:17:05+00:00,Tecno Camon 50 Pro - AMOLED LCD - 6.78 Inches Curved Display - 8GB RAM 256GB ROM - 32MP Front Camera - 50MP+50MP+8MP Rear Camera - Dual SIM - 6500mAh Battery,https://www.daraz.pk/products/50-amoled-lcd-678-8-256-32-50-50-8-6500-i1951937743.html,,false,[],Weight Unknown,[110000.0],daraz.pk/daraz__50-amoled-lcd-678-8-256-32-50-50-8-6500-i1951937743.html.json,ee1f95fe0ff31134a4c080f42e064d7eda6aafcbb8626642c46234271fd7d157,0.41667
3db520e9c7933c7696aed9d1d2eeb6812254622d33eae173da81144c2503a364,2026-08-15T11:48:13+00:00,Tecno Camon 50 - AMOLED LCD - 6.78 Inches Display - 8GB RAM 256GB ROM - 32MP Front Camera - 50MP+8MP Rear Camera - Dual SIM - 6500mAh Battery,https://www.daraz.pk/products/50-amoled-lcd-678-8-256-32-50-8-6500-i1951891800.html,,false,[],Weight Unknown,[100000.0],daraz.pk/daraz__50-amoled-lcd-678-8-256-32-50-8-6500-i1951891800.html.json,09214634b449b2bb6eb5ae12d39d29ab7a33e335d1a995b6ee8a9e6ad80e9a5d,0.41667
1715449631fdbf81d74ac2266df617b00f076630dd244f65dddae8b610531799,2026-08-15T15:05:13+00:00,Tecno Camon 50 Pro - AMOLED LCD - 6.78 Inches Curved Display - 8GB RAM 256GB ROM - 32MP Front Camera - 50MP+50MP+8MP Rear Camera - MediaTek Helio G200 Ultimate Processor - Dual SIM - 6500mAh Battery,https://www.daraz.pk/products/50-amoled-lcd-678-8gb-ram-256gb-rom-32mp-50mp50mp8mp-mediatek-helio-g200-ultimate-6500mah-i1952192099.html,,false,"[""Moonshadow Black"",""Malachite Green"",""Nebula Titanium""]",Weight Unknown,[110000.0],daraz.pk/daraz__50-amoled-lcd-678-8gb-ram-256gb-rom-32mp-50mp50mp8mp-mediatek-helio-g200-ultimate-6500mah-i1952192099.html.json,1cd5eb6061a79ce65cdb05043e14b01902384da525c134a61d036c92fef706d9,0.66667
05f44b283903a8065d04b897ea67be0fc9aaf5338bb8c84219c37c3c6e355df5,2026-08-15T11:12:49+00:00,Tecno Camon 50 - AMOLED LCD - 6.78 Inches Display - 8GB RAM 256GB ROM - 32MP Front Camera - 50MP+8MP Rear Camera - MediaTek Helio G200 Ultimate Processor - Dual SIM - 6500mAh Battery,https://www.daraz.pk/products/50-amoled-lcd-678-8gb-ram-256gb-rom-32mp-50mp8mp-mediatek-helio-g200-ultimate-6500mah-i1952118758.html,,false,"[""Moonlight black"",""Malachite green"",""Nebula titanium"",""Fir green"",""Lavender mist"",""Mint cream""]",Weight Unknown,[98000.0],daraz.pk/daraz__50-amoled-lcd-678-8gb-ram-256gb-rom-32mp-50mp8mp-mediatek-helio-g200-ultimate-6500mah-i1952118758.html.json,3091f42d8e42fd7d86d808813cecb6656f4e3b35ab6245bd3c048b0750c35e54,0.66667
2249f276ffa37623008388c41d0ce4a07d4ece55bc5be4297c13d9ffe5363369,2026-08-15T12:07:42+00:00,"SEGO ZERO 50 | 6.67"" Curved FHD+ Display | MediaTek Helio G99 | 256GB ROM + 24GB* RAM",https://www.daraz.pk/products/50-fhd-g99-24gb-i649621943.html,,false,[],Weight Unknown,[44999.0],daraz.pk/daraz__50-fhd-g99-24gb-i649621943.html.json,bf24608af08f761d65b0329091009dfd9d3e4653745cc45f1bb9e1f305497f5c,0.33333
f6fb5c966aad229bddfb2f7c3639aa626541f50a7b31ff7808fd8412b3e786c7,2026-08-15T14:15:03+00:00,"SEGO Epic 5.0 Smartphone | 7.2"" HD+ 120Hz Display | MediaTek Helio G81 Processor | 50MP + Dual Rear Camera | 16MP Selfie Camera | 7000mAh Battery | 128GB Storage | 18GB RAM (6GB + 12GB Extended) | Android 15 | Dual SIM | 4G LTE",https://www.daraz.pk/products/50-hd-72-hz-g81-stang-50mp-qang-16mp-law120-mah-18gb-6gb-12gb-15-4g-i1965381273.html,,false,[],Weight Unknown,[38999.0],daraz.pk/daraz__50-hd-72-hz-g81-stang-50mp-qang-16mp-law120-mah-18gb-6gb-12gb-15-4g-i1965381273.html.json,71819d5f8a3ffb6e9dc2b7788cdfe71113aca74a246779a6925e9e4dd63857e0,0.37500
4c0f0f5d4dcc403a7deec0b1970df375b8aba302a8d058c7b48a0dd5a20ed79c,2026-08-15T13:49:47+00:00,"SEGO ZERO 50 Smartphone G100 , PTA Approved, 256GB, 6.67"" FHD+ 120Hz 3D AMOLED Display, 64MP AI Triple Camera, 32MP Selfie, 5000mAh Battery, 24GB RAM (8GB + 16GB Extended), Helio G100, Dual SIM, In-Screen Fingerprint, Fast Charging",https://www.daraz.pk/products/50-pta-256gb-fhd-667-hz-3d-64mp-ai-32mp-120-mah-24gb-8gb-16gb-g100-i879000920.html,,false,[],Weight Unknown,[45999.0],daraz.pk/daraz__50-pta-256gb-fhd-667-hz-3d-64mp-ai-32mp-120-mah-24gb-8gb-16gb-g100-i879000920.html.json,6f0f0a97c89acde7c5577a4d222a5366fb94922a95afb3c7b6224251186cbff7,0.37500
79001e1910ceb6168dde7e61ad4dee29181c9bb9a2e27524a48da26717e5091a,2026-08-15T11:49:47+00:00,Tecno Camon 50 || 8GB+8GB Ram 256GB Rom || 6500mAh Battery,https://www.daraz.pk/products/50-wach-8gb-8gb-256gb-6500mah-i1953654477.html,,false,[],Weight Unknown,[99999.0],daraz.pk/daraz__50-wach-8gb-8gb-256gb-6500mah-i1953654477.html.json,20be61a9dd96483db04ea89fb792d1b83ea5b32f25c7e215ea3c5d78d6100f9a,0.41667
86a2ecbb718e71631749c3b68a98500a92fc75a1d33f2d7ad8c2cd207b313f89,2026-08-15T12:04:49+00:00,INFINIX HOT 50i = 6GB RAM = 128GB ROM = 5000mAh BATTERY,https://www.daraz.pk/products/50i-6gb-128gb-5000mah-i599967236.html,,false,[],Weight Unknown,[31999.0],daraz.pk/daraz__50i-6gb-128gb-5000mah-i599967236.html.json,27708c92a97be9d3058a75048a0ba1d8afb389cdcd432e8686f04fdf48959a0c,0.62500
13528a1cf04f6188400be2279d311f55067606d33fea40f6445fa9034a74aece,2026-08-15T12:29:24+00:00,INFINIX HOT 50i = 6GB RAM = 128GB ROM = 5000mAh BATTERY,https://www.daraz.pk/products/50i-6gb-128gb-5000mah-i616856995.html,,false,[],Weight Unknown,[33999.0],daraz.pk/daraz__50i-6gb-128gb-5000mah-i616856995.html.json,726f1b49f60ae9d473dd1eab8df9adf292a9f55968540071e66857456b23eb3e,0.62500
3897084cf84699cb0b92fcd19de4e70149ccd4faf798d17ecc04aad9b53a2ca0,2026-08-15T12:29:43+00:00,Infinix Hot 50i 6GB RAM 128GB Storage Helio G81 Processor 48MP Camera 5000 mAh Battery PTA Approved Box Pack,https://www.daraz.pk/products/50i-6gb-128gb-g81-48mp-1-mah-pta-i621279242.html,,false,[],Weight Unknown,[34000.0],daraz.pk/daraz__50i-6gb-128gb-g81-48mp-1-mah-pta-i621279242.html.json,1553926b2c928879d69c3ec4e97470cc6cf956c0d0118c4453a1b2881a3728f3,0.41667
b92bbac1f5c0b0c914c6c9656b3d594056940de8a13f999bfd82f434a0138ae9,2026-08-15T13:36:23+00:00,"Vivo Y51 | 4GB Ram 64GB Storage | Dual Sim | 4G Support | 3000 MAH Battery | Pocket Size Phone | Best For Hotspot Mobile | PTA Approve | Memory Card Support | Vivo Mobile Phone | Budget Phone | Box, Charger Sim Injector & Phone",https://www.daraz.pk/products/51-4-64-4g-3000-i1952144562.html,,false,[],Weight Unknown,[8280.0],daraz.pk/daraz__51-4-64-4g-3000-i1952144562.html.json,f032316a327a312dd1188adab5a637aacc04ebfb6251c166fa01662720398252,0.25000
9aa8901b39b9cb3791deabe9b7107e245f1962e21a5fb03fa8664f8c1bf46004,2026-08-15T14:20:53+00:00,Carrefour Oppo Mobile A51 4+128GB Red-304178,https://www.daraz.pk/products/51-4128-304178-i1960443730.html,,false,[],Weight Unknown,[35999.0],daraz.pk/daraz__51-4128-304178-i1960443730.html.json,308673e41ba705f038b07ba70fc41c25c91454af8ebe6373ef10889daad0f5df,0.12500
975332a0b3cd21c2e54ff31c6838aaa6aa55ea92d87389e529f8b4e686677acf,2026-08-15T13:04:02+00:00,American Schok Volt SV55 Mobile Phone | No Sims(WiFi Only) | Android 11 | Free Compatible Charger | Snapdragon 425 | Best Economical Smart Mobile Phone | Mobile Phones Low Price | Globally Customized,https://www.daraz.pk/products/55-11-425-i1955994425.html,,false,[],Weight Unknown,[9500.0],daraz.pk/daraz__55-11-425-i1955994425.html.json,d656d65c351e20504e14465eb5dfc9891d0f360d6f5daeb5e3733d02e883fbed,0.33333
e61eeabbdb5fd3d314e0730a378758de516335dd6ee6df021453219f50945fd4,2026-08-15T15:10:33+00:00,Carrefour Samasung Galaxy A55 Smartphone 8GB RAM 256GB ROM Awesome Lilac (284940),https://www.daraz.pk/products/55-8-256-284940-i933099541.html,,false,[],Weight Unknown,[141499.0],daraz.pk/daraz__55-8-256-284940-i933099541.html.json,a1d3173734e34e47b60a981c8f36e2c2543c34f41940a343f4225428fc6605bf,0.16667
53cdccaae641f3094757e164dc7195c55b4b83534ccbe5b83c471f5d386d7de7,2026-08-15T15:12:32+00:00,Carrefour Samasung Galaxy A55 Smartphone 8GB RAM 256GB ROM Awesome Lemon (284942),https://www.daraz.pk/products/55-8-256-284942-i933092964.html,,false,[],Weight Unknown,[144999.0],daraz.pk/daraz__55-8-256-284942-i933092964.html.json,2623ecdffdfd4d11a3d6c148487193c6aa40fe5502c83ff736d96cab5188034e,0.16667
8c5f57b76f781665006e48d9b0bb02e19265285ca6a27cbd82d91ea5517b7ef2,2026-08-15T14:32:40+00:00,*55w Metal Car Shoe* Super Fast Charging 2.0,https://www.daraz.pk/products/55w-metal-car-shoesuper-fast-charging-20-i1960763568.html,,false,[],Weight Unknown,[1450.0],daraz.pk/daraz__55w-metal-car-shoesuper-fast-charging-20-i1960763568.html.json,03d1b6ed048904dbcc87a53ca1c3644730c5732d289e74eb9feaabd0ee4203bc,0.12500
5e145390cc45679e3456c8435d76b7e328ff1af6cb8f9775a4df0b1280a84075,2026-08-15T09:36:36+00:00,Samsung A56 - Super AMOLED LCD - 6.7 Inches Display - 8GB RAM 256GB ROM - 12MP Front Camera - 50MP+12MP+5MP Rear Camera - Dual SIM - 5000mAh Battery,https://www.daraz.pk/products/56-67-8-256-12-50-12-5-5000-i773658667.html,,false,[],Weight Unknown,[145000.0],daraz.pk/daraz__56-67-8-256-12-50-12-5-5000-i773658667.html.json,220709f565a680a291e1d016d2e2bce30d848512cb903fef2058635d7862c7f5,0.58333
bf6bc9b3219f8f06939cb686b9acc51062f63f2c6b6f945db03fb642c7381760,2026-08-15T10:24:19+00:00,ZTE Blade A56 - 6.75 Inches Display - 4GB RAM 128GB ROM - 8MP Front Camera - 13MP Rear Camera - Dual SIM - 5000mAh Battery,https://www.daraz.pk/products/56-675-4-128-8-13-5000-i927762946.html,,false,[],Weight Unknown,[34000.0],daraz.pk/daraz__56-675-4-128-8-13-5000-i927762946.html.json,9b815f092e0b5163b2858f4032eb7a5158953275e9bb5e6846d684c5c546828b,0.33333
100d0bf7687cba62e51498ad5b71cf55603f066b6dd64ac4ceeb6e7810ec6c73,2026-08-15T11:49:26+00:00,Samsung Galaxy A57 5G 12GB RAM 256GB ROM 50.0 MP + 12.0 MP + 5.0 MP Back Camera 5000 mAh Battery 1 Year Brand Warranty,https://www.daraz.pk/products/57-5-12gb-256gb-500-120-50-5000-1-i1956793519.html,,false,[],Weight Unknown,[250000.0],daraz.pk/daraz__57-5-12gb-256gb-500-120-50-5000-1-i1956793519.html.json,b8e65cd8ce3f8d5a428e33938a02f3f3a440f6ba4f7ebeefb4c3847dda6f8fde,0.33333
e52ea7fcf5689f92277ee883875af8b7744180807a84d4945d1530cbf91cdf8f,2026-08-15T11:34:58+00:00,Samsung Galaxy A57 5G 12GB RAM 512GB ROM 50.0 MP + 12.0 MP + 5.0 MP Back Camera 5000 mAh Battery 1 Year Brand Warranty,https://www.daraz.pk/products/57-5-12gb-512gb-500-120-50-5000-mah-1-i1957242205.html,,false,[],Weight Unknown,[250000.0],daraz.pk/daraz__57-5-12gb-512gb-500-120-50-5000-mah-1-i1957242205.html.json,59f3f4ba88b65676a39b9488757c8cb5561934771b31e8aa834c20d9c29c23d3,0.33333
be3be730850c813416be871b1c2d7f6548da80ec251ba93c1035edf2c1e34816,2026-08-15T11:37:43+00:00,Samsung A57 - 6.7 Inches Display - 12GB RAM 256GB/512GB ROM - 12MP Front Camera - 50MP+12MP+5MP Rear Camera - Dual SIM - 5000mAh Battery,https://www.daraz.pk/products/57-67-12-256-512-12-50-12-5-5000-i1965347505.html,,false,[],Weight Unknown,[185000.0],daraz.pk/daraz__57-67-12-256-512-12-50-12-5-5000-i1965347505.html.json,92fc78a4fd553e0d26a34a33554488f966ccdc4971badc0275e6441817cf0b04,0.37500
d06dd4b0757bc63f3506b1f4533a148c46b0803b03d22ef2f75e9e3ff4e30d10,2026-08-15T11:12:29+00:00,Honor X5c 4GB RAM 64GB ROM 5260 mAh Battery Health Front Camera 5MP Back Camera 13MP + 0.08MP One Year Brand Warranty,https://www.daraz.pk/products/5c-4gb-64gb-5260-5mp-13mp-008mp-i1961075587.html,,false,[],Weight Unknown,[36000.0],daraz.pk/daraz__5c-4gb-64gb-5260-5mp-13mp-008mp-i1961075587.html.json,93f25d97ff367ca2ddf1b88595e9221fe3e2b50b4eff0b3ed8ed3af971e4fde4,0.37500
75534a93727abf16bef2c449a0c57fd9b3f56ac5e69b935db25add4bbb07f10a,2026-08-15T10:35:38+00:00,Aquos Zero 5G | 64GB Storage | 6GB RAM | Snapdragon 765G | 4050 mAh Battery | 48 MP Camera | Official PTA Approved,https://www.daraz.pk/products/5g-64gb-6gb-5-1-mah-48-pta-i456254974.html,,false,[],Weight Unknown,[34500.0],daraz.pk/daraz__5g-64gb-6gb-5-1-mah-48-pta-i456254974.html.json,b35c96594c5f542fec6f258e419924bec76c1487098a4338a9346042b0a51521,0.37500
87bc4953705c493f4ab46a88c9bc90ee910d5c3025dcf007423e9e3028897dda,2026-08-15T10:09:55+00:00,Aquos Zero 5G | 64GB Storage | 6GB RAM | Snapdragon 765G | 4050 mAh Battery | 48 MP Camera | Official PTA Approved,https://www.daraz.pk/products/5g-64gb-6gb-5-1-mah-48-pta-i944317577.html,,false,[],Weight Unknown,[36500.0],daraz.pk/daraz__5g-64gb-6gb-5-1-mah-48-pta-i944317577.html.json,f48da8805c6771376451ae8f5fcaac90bf6a790c811bf9347d9a4f6c6dd64139,0.37500
9744099248aa591c8754099a1719c9cd9eeb7886779d0765ceb24aa0f80d0d0c,2026-08-15T11:52:57+00:00,INFINIX NOTE EDGE 5G = 8GB RAM = 256GB ROM = 6500mAh BATTERY,https://www.daraz.pk/products/5g-8gb-256gb-6500mah-i1960358771.html,,false,[],Weight Unknown,[106999.0],daraz.pk/daraz__5g-8gb-256gb-6500mah-i1960358771.html.json,e6a5f1e41e1b0b9fc1cb65e438452c31807874769d1e55a8d1531ba5425a3b17,0.37500
506fca9d06da5600a6ab672062d0b9067d69642d45fb83999be49703f144bd2c,2026-08-15T13:04:23+00:00,SAMSUNG GALAXY A26 5G = 8GB RAM = 256GB ROM = 5000mAh BATTERY,https://www.daraz.pk/products/5g-a26-8gb-256gb-5000mah-i791657367.html,,false,[],Weight Unknown,[89999.0],daraz.pk/daraz__5g-a26-8gb-256gb-5000mah-i791657367.html.json,f300af4559119c4865afe52355527ba843ee6049f785055e3e310c909cab2820,0.62500
422d42384585e85d60522eb1fdac60bcc85c69100ab33c29808142f9a2aea5d5,2026-08-15T11:53:20+00:00,"Samsung Galaxy A56 5G || 12GB + 256GB || 6.7 inches Sensors Fingerprint Display || Li-Po 5000mAh Battery Fast Charging 45W,",https://www.daraz.pk/products/5g-a56-12gb-256gb-67-5000mah-45-i887998087.html,,false,[],Weight Unknown,[159999.0],daraz.pk/daraz__5g-a56-12gb-256gb-67-5000mah-45-i887998087.html.json,6d63026e10ad28a74b987f89fdec3bb5a68520157aa7bb265720fed1eca987ff,0.45833
38abae5a2ad57ad287aed78d79dab4c1fae4cfae8354263e41fdd2eee76c8ce1,2026-08-15T09:19:32+00:00,Samsung Galaxy A56 5G - 6.7'' Super AMOLED Display 8GB RAM 256GB ROM 1Year Offical Brand Warranty PTA Approved,https://www.daraz.pk/products/5g-a56-8gb-1-gb-1-pta-i828474783.html,,false,[],Weight Unknown,[149999.0],daraz.pk/daraz__5g-a56-8gb-1-gb-1-pta-i828474783.html.json,04d11466ee62cb93f7b5fac104a1ccdfcaccfe42bc7166b39cb70e01508f1384,0.45833
0ef8bfed9c971aa7df8aede25607b29b3a8d0a7b0faec16c314c5fd729950b91,2026-08-15T09:38:53+00:00,Samsung Galaxy A56 5G - 6.7'' Super AMOLED Display 12GB RAM 256GB ROM 1Year Offical Brand Warranty PTA Approved,https://www.daraz.pk/products/5g-a56-8gb-1-gb-1-pta-i828482619.html,,false,[],Weight Unknown,[159999.0],daraz.pk/daraz__5g-a56-8gb-1-gb-1-pta-i828482619.html.json,455dfd4d6430aa84a9a79ce370ee920fad7c34d7867aed7ae84f25db4897498b,0.45833
865062edcc28f270b7f52d6fcda4a74ae852f9310609f92182098af60f17b28f,2026-08-15T09:16:32+00:00,Samsung Galaxy A56 5G || 8GB RAM + 256GB ROM || 5000mAh Battery,https://www.daraz.pk/products/5g-a56-8gb-256gb-i762578078.html,,false,"[""Black"",""other colors""]",Weight Unknown,[145999.0],daraz.pk/daraz__5g-a56-8gb-256gb-i762578078.html.json,7a3d8a0c6a7e19a99cd043cbb8bd0270bf620801ea66fb85abd39b0b808e9638,0.66667
a0ee1b5412b40116e5317adb9273d5c63d18da3bde153faf40ae477765d9386a,2026-08-15T12:03:05+00:00,Vivo V50 5G - 12GB RAM 256/512GB ROM 6.77'' 4D AMOLED Display 6000mAh Battery 90w Fast Charge PTA Approved 1 Year Official Brand Warranty,https://www.daraz.pk/products/5g-v50-12gb-256gb512gb-4d-677-mah-90-pta-1-i725645377.html,,false,[],Weight Unknown,[159999.0],daraz.pk/daraz__5g-v50-12gb-256gb512gb-4d-677-mah-90-pta-1-i725645377.html.json,fa70b334912e4c3f6751d014586c95d25eb26388a2297ad1a374d371e2fc0944,0.37500
c0aa0be71b707ee97a5942772b27006372956b501c1be2f1fd57a30f625c2ee7,2026-08-15T12:52:49+00:00,VIVO V50 5G = 12GB RAM = 512GB ROM = 6000mAh BATTERY,https://www.daraz.pk/products/5g-v50-12gb-512gb-6000mah-i756192019.html,,false,[],Weight Unknown,[157999.0],daraz.pk/daraz__5g-v50-12gb-512gb-6000mah-i756192019.html.json,652f22e51b9b0fa94da2d868e08feec6faf20b275740362bcbbded4395d7c9d6,0.62500
a4c56b391b69bc97d5065f12f896a0faf143353e50c2fe2504d9a39fc4858b7b,2026-08-15T14:45:23+00:00,HONOR X9B 5G = 12GB RAM = 256GB ROM = 5800mAh BATTERY,https://www.daraz.pk/products/5g-x9b-12gb-256gb-5800mah-i494000150.html,,false,[],Weight Unknown,[130999.0],daraz.pk/daraz__5g-x9b-12gb-256gb-5800mah-i494000150.html.json,8162b097ca4d376cb24a0350e0ea0a277d10f062f117fbdb2243043c38888ee3,0.62500
a8afe2d26673ac19392f5643d758888d8b50a995feee9c3d35d1ad240b149949,2026-08-15T14:43:32+00:00,HONOR X9D 5G = 12GB RAM = 256GB ROM = 8300mAh BATTERY,https://www.daraz.pk/products/5g-x9d-12gb-256gb-8300mah-i948688757.html,,false,[],Weight Unknown,[142999.0],daraz.pk/daraz__5g-x9d-12gb-256gb-8300mah-i948688757.html.json,29ba507b2fced76f76dc8533eae6c2cd60f25943b7644115f060b304282e2540,0.45833
8a16ef858e1e29fce30ddb3800c24769c41c80160994640c031390086b5cfb24,2026-08-15T11:36:51+00:00,"Realme Note 60x 3GB+5GB Dynamic Ram 64GB Rom , 6.74'' 90Hz Display , IP54 Dust & Water Resistant , 5000 mAh - Fast charging 10W",https://www.daraz.pk/products/5gb-3gb-60x-64gb-90hz-ip54-1-mah-10w-i885384906.html,,false,[],Weight Unknown,[34999.0],daraz.pk/daraz__5gb-3gb-60x-64gb-90hz-ip54-1-mah-10w-i885384906.html.json,3264822598ff24999b0aa27897881a6fd9ba6a1fa87a8e79e3daca21404b26cf,0.41667
d4a66561777f91712a88b1b2f8c0417868ae067d7f05e786b2c7cd0b6516922d,2026-08-15T09:38:39+00:00,Realme 5i - 6.5 Inches HD+ Display - Dual Sim Official PTA Approved - 6GB RAM / 128GB ROM (Usable ROM 32GB) - Qualcomm Snapdragon 665 AIE Processor - (Phone with Universal Box and Charger - Mix Color),https://www.daraz.pk/products/5i-hd-pta-6gb-65-gb-32gb-665-aie-i1957895771.html,,false,[],Weight Unknown,[24999.0],daraz.pk/daraz__5i-hd-pta-6gb-65-gb-32gb-665-aie-i1957895771.html.json,7f2dcb51f05744369005d5b9375bcda6fe768c203b08ce62411c114a7fefe3ae,0.37500
4568cf74c2046ba368ab079b75d7f2aced51258013f6693b9cde7a0e2247288b,2026-08-15T10:39:27+00:00,"5V/1A Mini Mobile Charger - Quick Charging, Universal Compatibility, Durable Design",https://www.daraz.pk/products/5v1a-mini-mobile-charger-quick-charging-universal-compatibility-durable-design-i1960765381.html,,false,[],Weight Unknown,[399.0],daraz.pk/daraz__5v1a-mini-mobile-charger-quick-charging-universal-compatibility-durable-design-i1960765381.html.json,0a55d207761ac9f06986d5d77466b25c8fdf6400de138be374c3c664f2425163,0.12500
aa608498cd9ac515804050cde304c1b5b6fa3fa389163a1fcba4c070148abb0f,2026-08-15T10:29:00+00:00,Google Pixel 6 pro | official PTA approved | 12GB Ram | 128GB & 256GB storage | just like new condition without box,https://www.daraz.pk/products/6-12-128-256-i927555860.html,,false,[],Weight Unknown,[95000.0],daraz.pk/daraz__6-12-128-256-i927555860.html.json,a3488c361dc92b5661eadb71b1bef0dbe7ae18398d3b0334076039c40c1b8eef,0.37500
8bf24cf392df1e2839f394bf4eff6b0f6f08d2dcb4baa9cc6cfdc9e4f3a18337,2026-08-15T09:23:42+00:00,Google Pixel 6 Pro Official PTA Approved 12GB Ram 128/256/512GB Rom Dual Sim,https://www.daraz.pk/products/6-12-128256512-i495091801.html,,false,[],Weight Unknown,[102000.0],daraz.pk/daraz__6-12-128256512-i495091801.html.json,a78ce07e68ad706aadbafaed5090101a94177f871ecd8d07c53f8f36908eb928,0.45833
0cf35500b0d99298145f530c97b02309b8f702d70b9656df57fd2028caa73d6d,2026-08-15T10:17:35+00:00,Aquos R6 | 128GB Storage | 12GB RAM | Snapdragon 888 5G | 6.67” OLED Display | Official PTA Approved - Water Resistant,https://www.daraz.pk/products/6-128-12-888-5-667-oled-i936562068.html,,false,[],Weight Unknown,[75200.0],daraz.pk/daraz__6-128-12-888-5-667-oled-i936562068.html.json,811414441e4b2ba2fbef5d1f9de754279bb80520cd505b1cb6936c4116f9fc52,0.41667
25e3d533646cbc2e52b8e6b7363ec98a6d2f14b6d68ccfbaa87d22c2c62d1021,2026-08-15T09:53:36+00:00,Google Pixel 6A | 128GB Storage | 6GB RAM | Google Tensor | Android 12 | 12MP Dual Camera | 4410 mAh Battery | Official PTA Approved,https://www.daraz.pk/products/6-128-6-12-12-4410-i1947201971.html,,false,[],Weight Unknown,[59500.0],daraz.pk/daraz__6-128-6-12-12-4410-i1947201971.html.json,bb7f7e8c6d35c0fedd3e4136167cc48bd4a814f2f8ae01b613b758e9501ac058,0.33333
071b158d8e539ac4033bd766dc96347e0969e46d7941e1b5f546db54c2abe492,2026-08-15T12:56:52+00:00,Carrefour MOBILE NEO6 PLUS ORG 2/64 SPARX (293077),https://www.daraz.pk/products/6-264-293077-i933092999.html,,false,[],Weight Unknown,[19499.0],daraz.pk/daraz__6-264-293077-i933092999.html.json,158976acfc719d5b4f930f200fa980d3d2ceef6309362c2c724802eaa1131c19,0.12500
354bdb872a0d467c9ff7f14c7a660a3c6e0fdcb4fed2c985b29028ef3941be4f,2026-08-15T12:52:41+00:00,SPARX NEO 6 PLUS = 2GB RAM = 64GB ROM = 5000mAh BATTERY,https://www.daraz.pk/products/6-2gb-64gb-5000mah-i748812165.html,,false,[],Weight Unknown,[18499.0],daraz.pk/daraz__6-2gb-64gb-5000mah-i748812165.html.json,3f441a4f67ea8707f43b7a197d160796065248ac24058288af02190fec78f66a,0.62500
742371253f533b655205e0b170f790bde5fbddde8478d826e4aa77282861e23e,2026-08-15T10:37:31+00:00,Digit 6 32GB 3GB RAM RAM 4000 mAh Battery,https://www.daraz.pk/products/6-32gb-3gb-4000-mah-i1964557733.html,,false,[],Weight Unknown,[24999.0],daraz.pk/daraz__6-32gb-3gb-4000-mah-i1964557733.html.json,b11067f713489aead74826dce9a3b857ff04f03307dfcd82cc08bab63e5341dd,0.29167
3028973980c1f12b7c124caebe44e6520cab69c6554df10fd72fd4479af40aca,2026-08-15T12:39:26+00:00,SPARX NEO 6 = 3GB RAM = 32GB ROM = 4250mAh BATTERY,https://www.daraz.pk/products/6-3gb-32gb-4250mah-i748812334.html,,false,[],Weight Unknown,[17999.0],daraz.pk/daraz__6-3gb-32gb-4250mah-i748812334.html.json,84156677a659dad15508edb458d5f0b52032891163b6f00c790ff14bb9c732a8,0.62500
25fd9fb489ae038ea6eb49993cc4b636af141dc3370befeb5277ce696fdfab7d,2026-08-15T13:58:38+00:00,Oppo A6x 4GB RAM 128GB ROM | Snapdragon 685 | 6500mAh Battery | 120Hz Ultra Bright Display | Official PTA Approved.,https://www.daraz.pk/products/6-4-128-685-6500mah-120hz-i947882939.html,,false,"[""Violet Purple"",""Plum Purple""]",Weight Unknown,[49999.0],daraz.pk/daraz__6-4-128-685-6500mah-120hz-i947882939.html.json,8f569b0981d70244f02389bbd3c70bd9028197f0309effc1ac850b6a64d19a43,0.66667
4783b927edb11db956de536f919b1371906eead063e835ee15a2b6d4b286d3d5,2026-08-15T14:36:28+00:00,Oppo A6x 4GB RAM 64GB ROM | Snapdragon 685 | 6500mAh Battery | 120Hz Ultra Bright Display | Official PTA Approved.,https://www.daraz.pk/products/6-4-64-685-6500mah-120hz-i946711304.html,,false,"[""Violet Purple"",""Plum Purple""]",Weight Unknown,[39999.0],daraz.pk/daraz__6-4-64-685-6500mah-120hz-i946711304.html.json,9695e50f655fd1d02f9656ed603e92a1dcd3a11086a1f7871ce29ba506cb64b4,0.66667
301a319154abdcf6148acd0aa1c0086de9c0d2f9288e8c4ba74e04dc0eddc99b,2026-08-15T14:36:10+00:00,Carrefour Samsung Galaxy Z Flip6 512 GB ROM 12 GB RAM Silver (286701),https://www.daraz.pk/products/6-512-12-286701-i933100478.html,,false,[],Weight Unknown,[393999.0],daraz.pk/daraz__6-512-12-286701-i933100478.html.json,e228905e1cb35f15d991138952a3bfa274b687c96925bbb8d8748eb1b1bf08cb,0.16667
934a840e84ef906c7d9b9361c3f135587be919cc2cd97d92f6b6f8bdf2ebc8de,2026-08-15T15:08:14+00:00,Carrefour Samsung Galaxy Z Flip6 512 GB ROM 12 GB RAM Yello (286702),https://www.daraz.pk/products/6-512-12-286702-i933092970.html,,false,[],Weight Unknown,[393999.0],daraz.pk/daraz__6-512-12-286702-i933092970.html.json,5661c10c709dd56449753b64cebede240434eb199dbe16322320a10eac1a42fc,0.16667
9febda0cfd2911f1d87e917281fcfb3f882cc22f8d8146fa35d2672b4608b5a0,2026-08-15T14:50:30+00:00,Carrefour Samsung Galaxy Z Flip6 512 GB ROM 12 GB RAM Mint (286704),https://www.daraz.pk/products/6-512-12-286704-i933099553.html,,false,[],Weight Unknown,[393999.0],daraz.pk/daraz__6-512-12-286704-i933099553.html.json,5d36deef001b90bec94356db25bd954b9b3ecdaa6cf636b4ef71423902cb0a65,0.16667
59c034405b0e6d88e2195b561accca4b8009ca927d47b44b4f7f601e8e66e7b2,2026-08-15T14:04:48+00:00,Carrefour Samsung Galaxy Z Fold6 512 GB ROM 12 GB RAM Navy (286706),https://www.daraz.pk/products/6-512-12-286706-i933098691.html,,false,[],Weight Unknown,[617999.0],daraz.pk/daraz__6-512-12-286706-i933098691.html.json,2e1e275964c4787ef21af354a8f49086eb2e5017224f15d4a52262f0b5481735,0.16667
481996012995fa120758d2923a0f11aafe0031a8f417e2815677f92eede9bff5,2026-08-15T15:14:32+00:00,Carrefour Samsung Galaxy Z Fold6 512 GB ROM 12 GB RAM Silver (286707),https://www.daraz.pk/products/6-512-12-286707-i933104263.html,,false,[],Weight Unknown,[617999.0],daraz.pk/daraz__6-512-12-286707-i933104263.html.json,60f6929f656642550d7e956529122429abe2fef6975e1b557d99052ca6aba332,0.16667
6b0b6a0e15c26ce13a5d4c78684744a96a4bd92354176198511ea33987392c62,2026-08-15T14:34:23+00:00,Oppo A6x 6GB RAM 128GB ROM | Snapdragon 685 | 6500mAh Battery | 120Hz Ultra Bright Display | Official PTA Approved.,https://www.daraz.pk/products/6-6-128-685-6500mah-120hz-i947884890.html,,false,"[""Violet Purple"",""Plum Purple""]",Weight Unknown,[54999.0],daraz.pk/daraz__6-6-128-685-6500mah-120hz-i947884890.html.json,a9504cff87a251c9cf9f2a8aeac1878ea9866bb482cf14045d567dd0ffa3de10,0.66667
9f82123a84098c2e3c4f5d52afbdddffe25fedd60836aab805eaf604d25477fc,2026-08-15T10:53:06+00:00,Google Pixel 6a Official PTA Approved 6 GB - 128 GB Dual Sim,https://www.daraz.pk/products/6-6-128-i1950557989.html,,false,[],Weight Unknown,[64000.0],daraz.pk/daraz__6-6-128-i1950557989.html.json,c301938d31c62c4f488f9230e31e570758fce67e97225661353ecc1eeac4e5ce,0.37500
e3e4219791abcec57ee833ea16c3282296007eebc6a1377ba72eb6dc6e7d4955,2026-08-15T10:05:09+00:00,Google Pixel 6a | 6GB Ram | 128GB storage | official PTA approved | just like new condition without box,https://www.daraz.pk/products/6-6-128-i927565597.html,,false,[],Weight Unknown,[62000.0],daraz.pk/daraz__6-6-128-i927565597.html.json,889cde55f86930cc74c7d4c3cc79c918eb9b0d89b9b1c97616e0623e31f050b2,0.41667
ba9324aa420d6674b0e8617c79db7863c646fabacb2c39f084eff940d6e70f6d,2026-08-15T10:48:10+00:00,"Oneplus 6 - Dual Sim - 6.29 Inches Full HD+ - Snapdragon 845 - 8GB RAM + 128GB ROM - Fingerprint Sensonr - PTA Approved - 100% Original (Imported Stock, Phone Only, No Box, No Charger, No Accessories Included)",https://www.daraz.pk/products/6-629-845-8-128-100-i930400157.html,,true,[],Weight Unknown,[40000.0],daraz.pk/daraz__6-629-845-8-128-100-i930400157.html.json,06aa2fa0b6b9173eca8bcd371bd165c413256d9b452f0a77c14ecf137edb44d9,0.75000
67af7256db6dad032fc4cd313abb45de4db8de2b5eb23fdf1a68de7167a27c3d,2026-08-15T10:39:35+00:00,Digit 6 - 6.5 Inch HD+ Incell screen Display - 3GB Ram and 3GB Extendable ram = 6GB RAM & 32GB Memory - 4000mAH Battery - Face Unlock - Octacore 4G processor - Android 15 Go - 8MP Back and 5MP Front camera - Dual Sim - PTA Approved - 1 Year brand warranty,https://www.daraz.pk/products/6-65-3-3-6-32-4000-4-15-8-5-i1954496989.html,,false,[],Weight Unknown,[28999.0],daraz.pk/daraz__6-65-3-3-6-32-4000-4-15-8-5-i1954496989.html.json,3e1cbab0f7b653803e97eb35135446d7ce655f5842310a64a3f13f8f0db104dd,0.33333
b2316b9557977126bb371724906a2e3d04ff0650e0786b4bcbcba36200e5f2f3,2026-08-15T10:18:23+00:00,Digit 6 - 6.5 Inch HD+ Incell screen Display - 3GB Ram and 3GB Extendable ram = 6GB RAM & 32GB Memory - 4000mAH Battery - Face Unlock - Octacore 4G processor - Android 15 Go - 8MP Back and 5MP Front camera - Dual Sim - PTA Approved - 1 Year brand warranty,https://www.daraz.pk/products/6-65-3-3-6-32-4000-4-15-8-5-i1954500119.html,,false,[],Weight Unknown,[28999.0],daraz.pk/daraz__6-65-3-3-6-32-4000-4-15-8-5-i1954500119.html.json,3e1cbab0f7b653803e97eb35135446d7ce655f5842310a64a3f13f8f0db104dd,0.33333
50a29694ab1510a2c900ff8d4ebe9b20672bb84c02f5deb9f0d0f3d9836f753f,2026-08-15T11:26:07+00:00,Oppo A6c - 6.75 Inches Display - 4GB RAM 64GB /128GB ROM - 5MP Front Camera - 13MP Rear Camera - Side Fingerprint - Dual SIM - 7000mAh Battery,https://www.daraz.pk/products/6-675-4-64-128-5-13-7000-i1965041601.html,,false,[],Weight Unknown,[45000.0],daraz.pk/daraz__6-675-4-64-128-5-13-7000-i1965041601.html.json,44c23834d09ae1eba147ed8dd597cd15b2c4609ed244b31117e503f9d211a0ef,0.37500
dbc057e8e2d46edc93993d22f6daf65e24a4a87587d2025c51e2e39c17ee6855,2026-08-15T10:24:28+00:00,Oppo A6c - 6.75 Inches Display - 4GB RAM 64GB /128GB ROM - 5MP Front Camera - 13MP Rear Camera - Dual SIM - 7000mAh Battery,https://www.daraz.pk/products/6-675-4-64-128-5-13-7000-i1965618261.html,,false,[],Weight Unknown,[45000.0],daraz.pk/daraz__6-675-4-64-128-5-13-7000-i1965618261.html.json,fc0adb9adf887554ef4a1c8c1ce2023e262a207d06de4aa963339252d3f49f69,0.37500
9a2f00a01928ca01c4086a9284bb3b4422c1c901717bcb34d9a2d660f69e76ce,2026-08-15T10:23:56+00:00,Google Pixel 6a - 6GB Ram -128GB Rom - Dual Sim (Physical + E-Sim) - PTA Approved - 4410MAH Battery - Original Phone - Phone Only (Box Charger Accessoires Not Included) - Multi Color,https://www.daraz.pk/products/6-6gb-128gb-pta-4410mah-i913881720.html,,false,[],Weight Unknown,[64999.0],daraz.pk/daraz__6-6gb-128gb-pta-4410mah-i913881720.html.json,11efde78b22e5228953dba443ff776e349509b287dae7511f82868f3dbfffb43,0.41667
a59cfbcaef4297e5b02aef591d7c684a336c95e0277ab4316656b1420e4ca2cc,2026-08-15T14:22:00+00:00,Oppo A6x 8GB RAM 128GB ROM | Snapdragon 685 | 6500mAh Battery | 120Hz Ultra Bright Display | Official PTA Approved.,https://www.daraz.pk/products/6-8-128-685-6500mah-120hz-i947898170.html,,false,"[""Violet Purple"",""Plum Purple""]",Weight Unknown,[59999.0],daraz.pk/daraz__6-8-128-685-6500mah-120hz-i947898170.html.json,4e14f788f1d68f7309bc1cc528230c46ffbe193342d2e81b26c2aca7e4ea608c,0.66667
2143feaaa77a2321b5fab7ea8d0c82c8f4c7dacdf0486e09379fe6bb8b3a3d4f,2026-08-15T13:11:33+00:00,Oppo A6 - 8GB RAM 128GB ROM | Snapdragon 685 | 7000mAh Battery | 45W SuperVOOC Charger | 50MP Ultra Clear Ai Camera | IP69 Dust And Water Resistance.,https://www.daraz.pk/products/6-8-128-685-7000mah-45w-50-69-i938892644.html,,false,"[""Sapphire Blue"",""Aurora Gold""]",Weight Unknown,[79999.0],daraz.pk/daraz__6-8-128-685-7000mah-45w-50-69-i938892644.html.json,3e5e389a0c1b4c5c952b73de84d54461d6e0e11234dba4ae727ba9efc874c198,0.75000
63267d549471ca0d37c9cb68b46c69d7867de9888756c4cbbe6aae67d4d74243,2026-08-15T11:56:48+00:00,OPPO A6k | 8GB RAM + 128GB ROM,https://www.daraz.pk/products/6-8-128-i1948617182.html,,false,[],Weight Unknown,[69999.0],daraz.pk/daraz__6-8-128-i1948617182.html.json,fa75754c0a01b91c20d8b582a07c4e4a889a27074050a34f041ef052aeb6399a,0.29167
8585bedf89e23c6675697bbef477385d3421bc7b8967852b2e26f3e7a10a1bee,2026-08-15T09:45:49+00:00,Google Pixel 6 Official PTA Approved 8GB Ram 128GB Rom Dual Sim,https://www.daraz.pk/products/6-8-128-i601335514.html,,false,[],Weight Unknown,[72000.0],daraz.pk/daraz__6-8-128-i601335514.html.json,8aa03c2879a3244165c9398b069fd3abd0abc475047994c2a22dd587d3680ec6,0.45833
5951c5573b6ea04cb83a02b547dc8693341bf6389c07b1d586a0e0fd11368177,2026-08-15T10:35:57+00:00,Google Pixel 6 | official PTA approved | 8GB Ram | 128GB Storage | just like new condition without box,https://www.daraz.pk/products/6-8-128-i927554000.html,,false,[],Weight Unknown,[65000.0],daraz.pk/daraz__6-8-128-i927554000.html.json,17b1d404b528e9e70644a04eb47cf3b88aee5f88d7e192af7c7f9ad7a7d5d4af,0.37500
51c5c4a6b2278da706cddebbb9de390db37511578d311b9695cc861287c751cd,2026-08-15T13:16:26+00:00,Oppo A6 - 8GB RAM 256GB ROM | Snapdragon 685 | 7000mAh Battery | 45W SuperVOOC Charger | 50MP Ultra Clear Ai Camera | IP69 Dust And Water Resistance.,https://www.daraz.pk/products/6-8-256-685-7000mah-45w-50-69-i939207606.html,,false,"[""Sapphire Blue"",""Aurora Gold""]",Weight Unknown,[79999.0],daraz.pk/daraz__6-8-256-685-7000mah-45w-50-69-i939207606.html.json,fdcc4d1251b7b8803e7065d46d12d380eff687b22995c55a811989eb5f48f0be,0.75000
fb86a46dc27f7509154ef380364bd93292e9db0ff14e80c4486510fcecd8f122,2026-08-15T14:07:36+00:00,Carrefour Oppo A6 Pro 8+128GB Red-302159,https://www.daraz.pk/products/6-8128-302159-i1961168658.html,,false,[],Weight Unknown,[74999.0],daraz.pk/daraz__6-8128-302159-i1961168658.html.json,927ca6a33ec17b9707b56ac6de1abfae944547dda676883efe2f9099da642dc6,0.12500
6faa67cc3ecbb267c8bf6d40350ae5e89378361b059d747eb7189353fab8b617,2026-08-15T15:19:14+00:00,Carrefour MOB A6 PRO 8+256GB BLU OPPO (302156),https://www.daraz.pk/products/6-8256-302156-i933512225.html,,false,[],Weight Unknown,[105000.0],daraz.pk/daraz__6-8256-302156-i933512225.html.json,531e387aa332a6ef31654a92df01b112df8e3acc32a1be85c0134f146a19ea1b,0.12500
4cf28eb0080da657fed46adc3a28b87c619573ebd0794e10f20f5dea8775813a,2026-08-15T14:59:56+00:00,Carrefour MOB A6 PRO 8+256GB RED OPPO (302157),https://www.daraz.pk/products/6-8256-302157-i933515040.html,,false,[],Weight Unknown,[105000.0],daraz.pk/daraz__6-8256-302157-i933515040.html.json,c741a71b9a7c91eeaad23db35fbc5c3bed976f24a78f0ad2f7100f378e434a95,0.12500
42722c98f38452fe77ce7af7b3c100d78d16317d820f237b33cdc2e3eb273c94,2026-08-15T15:17:28+00:00,Carrefour | Oppo Mobile A6 8+256GB Gold (306237),https://www.daraz.pk/products/6-8256-306237-i1951227479.html,,false,[],Weight Unknown,[89999.0],daraz.pk/daraz__6-8256-306237-i1951227479.html.json,e35152f65a5eacd96cdc08a2e3ea06add0b130f6caa8c0c20e5d5349657b681c,0.12500
697b2ed391eb53f73b9fb12c68d66a5b077917fd0b84e88939f567896597e5b1,2026-08-15T09:41:22+00:00,Google Pixel 6 | 8GB Ram | 128GB storage | dual sim | just like new condition | without box |,https://www.daraz.pk/products/6-ace-8gb-wach-128gb-i897580765.html,,false,[],Weight Unknown,[65000.0],daraz.pk/daraz__6-ace-8gb-wach-128gb-i897580765.html.json,0083bdca20a5798ee631974cc34eecf2978c59f159068ae1407d243b30969933,0.41667
b91ad8399de70a670de172d24d77d52e7768148b5509fa97166d66c3599853cb,2026-08-15T13:22:42+00:00,Infinix Hot 60 Pro Plus - 6.78'' 3D-Curved AMOLED Display 8GB RAM 256GB ROM 5160mAh Battery 45w FastCharge PTA Approved 1 Year Official Brand Warranty,https://www.daraz.pk/products/60-3-8gb-678-gb-45-pta-1-i924713287.html,,false,[],Weight Unknown,[74999.0],daraz.pk/daraz__60-3-8gb-678-gb-45-pta-1-i924713287.html.json,3b969e7fd5aa28d805d6b7df7306a5522b6d3ed8ffd47e394234b7bb2b4f969f,0.41667
6a633f415e5f2427618370535b2ec8550ee9b64e1481f88a4967043a0442aaf3,2026-08-15T12:23:30+00:00,"Realme Note 60 4/128, 32MP camera, 90Hz display, Armor Shell™ Protection, 5000mAh battery, Officially PTA Approved, 2 Years Official Warranty",https://www.daraz.pk/products/60-4128-32mp-90hz-5000mah-pta-2-i593056908.html,,false,[],Weight Unknown,[49122.0],daraz.pk/daraz__60-4128-32mp-90hz-5000mah-pta-2-i593056908.html.json,58cc226f230dbf90c298715209c9c427c4a9c2bc8696693662219e036fd1f9e9,0.25000
86ff1d7f487cc551788619318498e0809951097434d57f1d02e840c46b54eeea,2026-08-15T12:25:35+00:00,Realme Note 60 RAM 4GB ROM 128GB Front Camera 5 MP Back Camera 32 MP Battery Type 5000 mAh,https://www.daraz.pk/products/60-4gb-128gb-5-mp-32-mp-5000-mah-i626338878.html,,true,[],Weight Unknown,[28200.0],daraz.pk/daraz__60-4gb-128gb-5-mp-32-mp-5000-mah-i626338878.html.json,3c82478dd9987f7fc751e27cf38d089b15063ca94f8793ceac0c0464b59f3011,0.70833
d535b86997b868fabc0ff4dae2668cc8b20939b99e78357344f16fc34aebc2d0,2026-08-15T12:46:52+00:00,REALME NOTE 60 = 4GB RAM = 128GB ROM = 5000mAh BATTERY,https://www.daraz.pk/products/60-4gb-128gb-5000mah-i751130958.html,,false,[],Weight Unknown,[27999.0],daraz.pk/daraz__60-4gb-128gb-5000mah-i751130958.html.json,0c71b8272ca04ddfe6b0ce66f7e959d628e1fc114043ae90124ff3c07b6f5441,0.62500
7289832bf82c5cafa4ff7207e86ea7c3394930d2b86faf0fe1cb1e2066867667,2026-08-15T12:01:04+00:00,REALME NOTE 60 = 4GB RAM = 64GB ROM = 5000mAh BATTERY,https://www.daraz.pk/products/60-4gb-64gb-5000mah-i594347244.html,,false,[],Weight Unknown,[26999.0],daraz.pk/daraz__60-4gb-64gb-5000mah-i594347244.html.json,66ad2a31dc562fef3771998c62d93f90dd51e0a88f3ec71e7dc6764ce9562fc7,0.62500
3b9cefad0c08218f696f76b1762ca561d7ca512b604d5e9c29d910b2c94ba664,2026-08-15T12:51:19+00:00,REALME NOTE 60 = 4GB RAM = 64GB ROM = 5000mAh BATTERY,https://www.daraz.pk/products/60-4gb-64gb-5000mah-i751141845.html,,false,[],Weight Unknown,[25999.0],daraz.pk/daraz__60-4gb-64gb-5000mah-i751141845.html.json,52eb6a0075b0145bd6e02169eb9575ab56c032af0ed77ce2805f01d295888a82,0.62500
33de96578cfeca0640481f35b5f717b62bf125ce07bf75bd44d791c7ef2c93e2,2026-08-15T09:23:21+00:00,"Realme Note 60x - 4GB RAM 64GB ROM 6.7"" HD+ Display 32MP Rear Camera 5000 mAh Battery PTA Approved 1 Year Official Brand Warranty",https://www.daraz.pk/products/60-4gb-64gb-67-hd-32mp-5000mah-pta-1-i593081686.html,,false,[],Weight Unknown,[39999.0],daraz.pk/daraz__60-4gb-64gb-67-hd-32mp-5000mah-pta-1-i593081686.html.json,acda966b3fcf7206ce378adeaeb9cf0653bd389d82b798bb2b24dc3e2b8d82f5,0.33333
9c00c302110f88221bd5a07b73daaa658021db91f02ab541434e15c184b5e693,2026-08-15T09:42:20+00:00,"Realme Note 60 4GB+8GB Dynamic RAM* 64GB Rom , 6.74 Inches 90Hz, UNISOC T612 Chipset 5000mAh Massive Battery 10W Fast Charge",https://www.daraz.pk/products/60-4gb-8gb-64gb-674-90hz-t612-5000mah-10-i585429264.html,,false,[],Weight Unknown,[36999.0],daraz.pk/daraz__60-4gb-8gb-64gb-674-90hz-t612-5000mah-10-i585429264.html.json,a5bf6623d71b1d03e43b408898e5c8854716e8e07d2149f25307570b6151df5c,0.37500
1a6164ee5630aa45ea90d85ca5d8ee0f328c1ea57f6b233fec730210ed273135,2026-08-15T11:00:04+00:00,Infinix Note 60 Edge 5G - 6.78'' AMOLED Display 8GB RAM 256GB ROM 6500mAh Battery PTA Approved 1 Year Official Brand Warranty,https://www.daraz.pk/products/60-5g-678-8gb-1-gb-256-mah-pta-1-i1958607875.html,,false,[],Weight Unknown,[105999.0],daraz.pk/daraz__60-5g-678-8gb-1-gb-256-mah-pta-1-i1958607875.html.json,4a7e1853dada72f88dcf26a68badff0b19fb3514193457bb5488d41509893c45,0.37500
7a133f120ed1cc368721a5975dbfecc97e0c64d9bc2f1a6f8a250193588e4a33,2026-08-15T15:08:01+00:00,Infinix Hot 60 5G 8GB+256GB BLACK PTA Approved,https://www.daraz.pk/products/60-5g-8gb-256gb-pta-i889170155.html,,false,[],Weight Unknown,[94999.0],daraz.pk/daraz__60-5g-8gb-256gb-pta-i889170155.html.json,c90e6c517921807bd071e7ad1560e35984b460c642afa5536066a7aaeed5150c,0.37500
585419a733a1e37a3a8050e961aa7b0e77d76e52e2666ffbf90caa9eec696140,2026-08-15T10:03:01+00:00,"Infinix Note 60 Pro 5G 8GB + 8GB Ram 256GB Rom || 6.78 Inches AMOLED 144Hz 1.5K Display || IP64 , Snapdragon 7s Gen 4 || 6500 mAh Fast Charging 90W || Wireless 30W,",https://www.daraz.pk/products/60-5g-8gb-8gb-256gb-678-hz-144-k-ip64-7s-gen-4-wanch-6500-mah-90w-ace-30w-i1950531354.html,,false,[],Weight Unknown,[129999.0],daraz.pk/daraz__60-5g-8gb-8gb-256gb-678-hz-144-k-ip64-7s-gen-4-wanch-6500-mah-90w-ace-30w-i1950531354.html.json,b688f90533a0837529c3b8ad935ee0a6ba6392209714a192383ce4e978f2e48b,0.45833
2d3c9d885d267ab5ed0d092655de34ab12bacb71c2ab815dd7e91a8fabf1435e,2026-08-15T10:43:56+00:00,Infinix Note 60 Pro - 6.78 Inches Display - 8GB RAM 256GB ROM - 13MP Front Camera - 50MP + 8MP Rear Camera - Dual SIM - 6500mAh Battery,https://www.daraz.pk/products/60-678-8-256-13-50-8-6500-i1950601100.html,,false,[],Weight Unknown,[127000.0],daraz.pk/daraz__60-678-8-256-13-50-8-6500-i1950601100.html.json,fb40eb65e28c134ccec25ec8d4706a34b231e7b2ed0c4b8c59b9e7c27a37f583,0.41667
ea55a7626fca47e79cfc457a04c769418b2e5e558ae7d6482809de3e26f10d98,2026-08-15T11:46:33+00:00,Infinix Note 60 - 6.78 Inches Display - 8GB RAM 256GB ROM - 13MP Front Camera - 50MP+8MP Rear Camera - Dual SIM -. 6500mAh Battery,https://www.daraz.pk/products/60-678-8-256-13-50-8-6500mah-i1951588650.html,,false,[],Weight Unknown,[111000.0],daraz.pk/daraz__60-678-8-256-13-50-8-6500mah-i1951588650.html.json,598f397fe876a9a6c9e0f346f38b72495ff54c2e058cabc6def728ffc9c63c3a,0.41667
b975af040fc05a2e2cefd70671dab960e3f7b80de5a33741bd9f6a2cc76f1256,2026-08-15T11:07:10+00:00,Infinix Hot 60 Pro - 6.78 Inches Display - 8GB RAM 128GB ROM - 13MP Front Camera - 50MP Rear Camera - Dual SIM - 5160mAh Battery,https://www.daraz.pk/products/60-68-8gb-128gb-13mp-50mp-5160mah-i912636190.html,,false,[],Weight Unknown,[76000.0],daraz.pk/daraz__60-68-8gb-128gb-13mp-50mp-5160mah-i912636190.html.json,ceec34a58dfa150cdb6976a42046789022dcbeaca3a659516a151a73c37c6437,0.62500
8792e90c3dd83aa4aef987c0c9fb950304d25c842c3638a7daab73955b811ab0,2026-08-15T10:56:45+00:00,Infinix Hot 60 Pro - 6.8'' Amoled Display 8GB RAM 128GB ROM 5160mAh Battery 45w Fast Charge PTA Approved 1 Year Official Brand Warranty,https://www.daraz.pk/products/60-68-8gb-128gb-5160mah-45-pta-1-i911872421.html,,false,[],Weight Unknown,[79999.0],daraz.pk/daraz__60-68-8gb-128gb-5160mah-45-pta-1-i911872421.html.json,2a3180280701b89326264509ed46f8f600a1e303ee5b348982200f43c22460ec,0.45833
495e0ad4ddf418818ebac8d6eccdf93dc012efd52106978f314643cfdfd4de8e,2026-08-15T09:37:19+00:00,"Realme Note 60x - 4GB RAM 128GB ROM 6.7"" HD+ Display 32MP Rear Camera 5000 mAh Battery PTA Approved 1 Year Official Brand Warranty",https://www.daraz.pk/products/60-6gb-128gb-hd-32mp-67-mah-pta-1-i593108588.html,,false,[],Weight Unknown,[44999.0],daraz.pk/daraz__60-6gb-128gb-hd-32mp-67-mah-pta-1-i593108588.html.json,dd26ab722303a87e4ebc89aabb090a84363037a8812cca1fa1bce4c4ee067f88,0.33333
395de5a7dff6630e2407103032524675cf4f30ac4c57cbb7e2e92ef1dd5b6bb4,2026-08-15T13:28:44+00:00,Carrefour OPPO A60 8GB RAM 256GB ROM Purple (288767),https://www.daraz.pk/products/60-8-256-288767-i933098693.html,,false,[],Weight Unknown,[56499.0],daraz.pk/daraz__60-8-256-288767-i933098693.html.json,0a199abbf1cea9f94acad3e0a7c69d5d879b69567193e79af713a15d08c63015,0.16667
9d2b37f644025b8766c8deab50dd308b3f7d3e4d5c50ca31fbb59742e1e53de9,2026-08-15T10:50:17+00:00,"Infinix Hot 60 Pro Plus, 8GB RAM + 256GB Storage 50MP Camera + 13MP Selfie",https://www.daraz.pk/products/60-8-256-50-13-i915156048.html,,false,"[""Sleek Black"",""Titanium Silver"",""Coral Tides"",""Misty Violet"",""Sonic Yellow"",""Moco Cyber Green""]",Weight Unknown,[109999.0],daraz.pk/daraz__60-8-256-50-13-i915156048.html.json,728093b3b54a6b8001bd658f563fad7d45557c7c33b55d45983c74928d345dc6,0.66667
4e7ed6ff53604225ffa5660f2393777455be986b00adb3633e13e768fa140e77,2026-08-15T15:26:32+00:00,Infinix Hot 60 Pro 128GB - 8GB RAM6. 8 Inches Display 5160 mAh Battery 50 MP Back Camera Android 15 OS Corning Gorilla Glass 7i,https://www.daraz.pk/products/60-8gb-1-gb-8-5160-mah-50-mp-15-os-7i-i1954627396.html,,false,[],Weight Unknown,[70999.0],daraz.pk/daraz__60-8gb-1-gb-8-5160-mah-50-mp-15-os-7i-i1954627396.html.json,53cb3feb4f78296168cbdc17144e6c9af8b2891e589051f4b727e158455db441,0.45833
d1d2e06765b9a089db9936691b8728703ce5aafb4d71f866c4dc33537bc4cf10,2026-08-15T14:34:44+00:00,INFINIX HOT 60 PRO = 8GB RAM = 128GB ROM = 5160mAh BATTERY,https://www.daraz.pk/products/60-8gb-128gb-5160mah-i911839620.html,,false,[],Weight Unknown,[75999.0],daraz.pk/daraz__60-8gb-128gb-5160mah-i911839620.html.json,34a54d6eeff8e3559970f56d74b07390dda7d5758519fc59edaece1d9422374f,0.62500
e699d0378c2ac7b00a5d7caa96a9726e0141500455aa82d399defca7ef96b076,2026-08-15T14:42:05+00:00,INFINIX HOT 60 PRO = 8GB RAM = 128GB ROM = 5160mAh BATTERY,https://www.daraz.pk/products/60-8gb-128gb-5160mah-i911844365.html,,false,[],Weight Unknown,[72999.0],daraz.pk/daraz__60-8gb-128gb-5160mah-i911844365.html.json,252b9a9e74f1db6ec53d75f780b73ad41707e22f4bf176b65adb96c4bd14bb89,0.62500
06a05ff555510f802988c1e82f993347285226df6538cf014d8075249666d10b,2026-08-15T11:47:20+00:00,Infinix Note 60 8GB RAM 256GB ROM Front Camera 13MP Back Camera 50MP 6500mAh Battery One Year Brand Warrenty,https://www.daraz.pk/products/60-8gb-256gb-13mp-50mp-6500mah-i1949607961.html,,false,[],Weight Unknown,[125000.0],daraz.pk/daraz__60-8gb-256gb-13mp-50mp-6500mah-i1949607961.html.json,1e92a6c2d645c2cd3e0d01559a8513216d2e67e4c4722de43dbce942b2294884,0.41667
6d31c4c64bf482345082529174e0fbd72771ed215678e08725a7b8d25a8eef64,2026-08-15T11:14:50+00:00,"Infinix Note 60 - 8GB RAM+256GB ROM - 50 MP Rear + 13 MP Camera - Octa-core Mediatek Mali-G615 MC2 Processor - 6.78"" Inches AMOLED + Display - Fast battery 45W",https://www.daraz.pk/products/60-8gb-256gb-50-mp-13-mp-mali-g615-mc2-678-45w-i1962967834.html,,false,[],Weight Unknown,[109899.0],daraz.pk/daraz__60-8gb-256gb-50-mp-13-mp-mali-g615-mc2-678-45w-i1962967834.html.json,84776a7bb788986b3aeea6a2d9927e6a2bde83ab4c4863f41ec8d467bf8a3dd7,0.45833
679ec6546dc87d22f682e96483ff24d41c5bb19059c45295a63f950084307a52,2026-08-15T11:22:51+00:00,"Infinix Note 60 Pro - 8GB RAM+256GB ROM - 50MP Rear + 13 MP Camera - Octa-core Snapdragon 7s Gen 4 (4 nm) Processor - 6.78"" Inches AMOLED + Display - - Fast battery 90W",https://www.daraz.pk/products/60-8gb-256gb-50mp-13-mp-7s-4-4-nm-678-90-i1962653765.html,,false,[],Weight Unknown,[126899.0],daraz.pk/daraz__60-8gb-256gb-50mp-13-mp-7s-4-4-nm-678-90-i1962653765.html.json,2ad0c9fe4af5b2b053487708a933fa695c86bc814be6c23900ab98fc6647304e,0.41667
3b7a529b0a5c19681501bf6d8027b9dcad086329556d8ee9ffc62ac74ed8d7c4,2026-08-15T14:35:04+00:00,INFINIX HOT 60 PRO PLUS = 8GB RAM = 256GB ROM = 5160mAh BATTERY,https://www.daraz.pk/products/60-8gb-256gb-5160mah-i915772176.html,,false,[],Weight Unknown,[74499.0],daraz.pk/daraz__60-8gb-256gb-5160mah-i915772176.html.json,ea335a5cda1679ce193e7a6bde9d258dde9f61a0a5c450c71337845a9dcb3930,0.62500
50ba2f17d768de236864204c5587dd2f2d66bbe82bd42f6f1864777c683ac82d,2026-08-15T14:38:46+00:00,INFINIX HOT 60 PRO PLUS = 8GB RAM = 256GB ROM = 5160mAh BATTERY,https://www.daraz.pk/products/60-8gb-256gb-5160mah-i915798187.html,,false,[],Weight Unknown,[74999.0],daraz.pk/daraz__60-8gb-256gb-5160mah-i915798187.html.json,74b5191ee8e439086b3fd2460382dc936de131c5d3f01db0a744e9be492ad928,0.62500
74b94d51fda2c0174a628c507545aaf69a6235ba62145a42a2aa02204c934602,2026-08-15T15:19:56+00:00,INFINIX NOTE 60 = 8GB RAM = 256GB ROM = 6500mAh BATTERY,https://www.daraz.pk/products/60-8gb-256gb-6500mah-i1951287939.html,,false,[],Weight Unknown,[105999.0],daraz.pk/daraz__60-8gb-256gb-6500mah-i1951287939.html.json,02de1980fe2ab2ad0834260a9b935158a21557ff0112f71b56e6ff7af222ab09,0.41667
f718a63b40d25760d353336df4ca636ffd55fa56a5b209ec07880116fe26e0c5,2026-08-15T15:19:46+00:00,INFINIX NOTE 60 PRO = 8GB RAM = 256GB ROM = 6500mAh BATTERY,https://www.daraz.pk/products/60-8gb-256gb-6500mah-i1953346593.html,,false,[],Weight Unknown,[124999.0],daraz.pk/daraz__60-8gb-256gb-6500mah-i1953346593.html.json,0b6e71799d9e4e92d26bef4e1a085724d2f214b84023de0faa9c34f066b9fb66,0.41667
2c99f4570de3a5f3c313fdf27953e991da62d7a706ccc16df6faf6e1b1b0b162,2026-08-15T11:39:57+00:00,INFINIX NOTE 60 = 8GB RAM = 256GB ROM = 6500mAh BATTERY,https://www.daraz.pk/products/60-8gb-256gb-6500mah-i1960496187.html,,false,[],Weight Unknown,[117999.0],daraz.pk/daraz__60-8gb-256gb-6500mah-i1960496187.html.json,c8d34c558d3c1e23532751d422b19667fec50712b863414d1b6a37f3e0c62cc8,0.41667
b7177f9d056e8fabe662f9513fa60372aa9d7374b11ade0f6c193a4eee9ad86c,2026-08-15T11:18:58+00:00,"Infinix Hot 60 Pro + 8GB + 256GB , 6.78"" AMOLED Display 144Hz Corning Gorilla Glass 7i , Li-Po 5160 mAh Battery Charging 45W",https://www.daraz.pk/products/60-8gb-256gb-678-hz-7i-144-mah-45w-i923888812.html,,false,[],Weight Unknown,[84999.0],daraz.pk/daraz__60-8gb-256gb-678-hz-7i-144-mah-45w-i923888812.html.json,fd26df3ccac1aba054ebe89e2407ed8dcd11b969573a8fb87777e89d5e081b52,0.45833
b2d5e9aad2e4a174fe3670ffadf15f22c9070e6e9c95bfd8959d65dc17eee152,2026-08-15T10:47:31+00:00,"Infinix Hot 60 Pro 8GB + 8GB Extended RAM 128GB ROM 6.78"" AMOLED Display 144Hz , Li-lon 5160 mAh 45W , Mediatek Helio G200",https://www.daraz.pk/products/60-8gb-8gb-128gb-678-hz-144-mah-45w-g200-i911540100.html,,false,[],Weight Unknown,[74999.0],daraz.pk/daraz__60-8gb-8gb-128gb-678-hz-144-mah-45w-g200-i911540100.html.json,c459cac01f8ec8f61cb292f6a583c4b62265520a10b7f86cd6974963a00a1314,0.45833
182df72d6b88aa56fea223ed5f0d8abc813957edabe7a0efc4b7a2335e4145d0,2026-08-15T11:49:57+00:00,Infinix Note 60 || 8GB+8GB Ram 256GB Rom || 6500mAh Battery,https://www.daraz.pk/products/60-8gb-8gb-256gb-6500mah-i1953283741.html,,false,[],Weight Unknown,[114999.0],daraz.pk/daraz__60-8gb-8gb-256gb-6500mah-i1953283741.html.json,e7674a9668583689934cc3348cae27591bd2bbd39152bdebdefe2bed5566193b,0.41667
fc61b53e04ec934ef2bef607d001848f6f5b7c09a8a251e045782cfcabc86cd8,2026-08-15T12:08:55+00:00,"SEGO Note 60 Smartphone, PTA Approved, 128GB xAI OS, 6.8"" HD+ Display, MediaTek 2.0GHz Octa-Core, 13MP AI Triple Camera, 8MP Selfie, 5000mAh Battery, 10W Type-C Charging, 8GB RAM (4GB + 4GB Extended), Dual SIM, 4G LTE.",https://www.daraz.pk/products/60-hd-8gb-i760825802.html,,false,[],Weight Unknown,[24999.0],daraz.pk/daraz__60-hd-8gb-i760825802.html.json,c5eeab83247e4c8eba289a389ec1286990df8f9fd7b1a102935c457f6bdfbed4,0.29167
c028520cdc5b189dc10a14db38ee1c87cbaf4282c9e7e2f624470984201e4a3e,2026-08-15T11:22:23+00:00,Infinix Hot 60 Pro - AMOLED LCD - 6.78 Inches Display - 8GB RAM 128GB ROM - 13MP Front Camera - 50MP Rear Camera - Dual SIM - Mediatek Helio G200 Chispset - 5160mAh Battery,https://www.daraz.pk/products/60-lcd-678-8gb-128gb-13mp-50mp-5160mah-i912633296.html,,true,[],Weight Unknown,[85000.0],daraz.pk/daraz__60-lcd-678-8gb-128gb-13mp-50mp-5160mah-i912633296.html.json,c9cde01c9e14e10943a930c7ce496183c677fab2227c842683a361be930d2933,0.62500
774b3fd0e8e10acc43c884658cf9a0b30a76ecbbfe79b51b1c4b6fb761c8bced,2026-08-15T11:03:09+00:00,Infinix Hot 60 Pro || 8GB+8GB Ram 128GB Rom || 5160mAh Battery,https://www.daraz.pk/products/60-wach-8gb-8gb-128gb-wach-5160mah-i910904871.html,,false,"[""Sleek Black"",""Titanium Silver"",""Coral Tides"",""Sapphire Blue"",""Jungle Breath"",""Orange Rose Valley""]",Weight Unknown,[79999.0],daraz.pk/daraz__60-wach-8gb-8gb-128gb-wach-5160mah-i910904871.html.json,acc5a91c06ff19c494a7dee6e53fc6755d33e17e465c01c5cd76ce84af135ef2,0.66667
409068e39d34990c63552725c64dcba2682a73c7f7b75bd244489511b4572542,2026-08-15T11:51:26+00:00,INFINIX Note 60 Pro || 8GB+8GB Ram 256GB Rom || 6500mAh Battery,https://www.daraz.pk/products/60-wach-8gb-8gb-256gb-wach-6500mah-i1953654459.html,,false,[],Weight Unknown,[124999.0],daraz.pk/daraz__60-wach-8gb-8gb-256gb-wach-6500mah-i1953654459.html.json,087c4a1aaf5bbe53ee8122e50eaf53873eb756a15c5d2eed4c524e085ad71673,0.41667
19239fd6949aa06c3b416bd3f4475fc2c24fdf4ae08d2852fd9390f4f8e14ef4,2026-08-15T10:26:10+00:00,Infinix Hot 60i 12GB RAM 6+6 128GB ROM 6.7'' 120hZ Display 5160mAh Battery 45W Fast Charging PTA Approved 1 Year Official Brand Warranty,https://www.daraz.pk/products/60i-12gb-6-6-128gb-67-hz-120-mah-45-pta-1-i911251693.html,,false,[],Weight Unknown,[64999.0],daraz.pk/daraz__60i-12gb-6-6-128gb-67-hz-120-mah-45-pta-1-i911251693.html.json,8a102a80e597095012027a32c65f1a00223f061f9d2256a06d4914d415b76165,0.41667
d70fc647d7285b93b8c1e17044adb9de59d65722912ba551aee2e85ae1254ad2,2026-08-15T11:58:26+00:00,Infinix Hot 60i - 6.7 Inches Display - 6GB RAM 128GB ROM - 8MP Front Camera - 50MP Rear Camera - Dual SIM - 5160mAh Battery,https://www.daraz.pk/products/60i-67-6gb-128gb-8mp-50mp-5160mah-i912584537.html,,false,[],Weight Unknown,[60000.0],daraz.pk/daraz__60i-67-6gb-128gb-8mp-50mp-5160mah-i912584537.html.json,9241eb764c41bdcb6e1b868e584e711471ff7f69a826952b295e6c5256e274d1,0.62500
956358759a0ec9c95afb84128dfb4b6341f1a2ec73f3fd1184870a6c38411b36,2026-08-15T11:47:40+00:00,INFINIX HOT 60i = 6GB RAM = 128GB ROM = 5160mAh BATTERY,https://www.daraz.pk/products/60i-6gb-128gb-5160mah-i907231934.html,,false,[],Weight Unknown,[65999.0],daraz.pk/daraz__60i-6gb-128gb-5160mah-i907231934.html.json,935fe6303a7656dcc363aca376ba486c2e27db6ef31edbb9b07774eb487fddec,0.62500
9272e61a920c9670a880e62c128a573d6c552f574d44079c5bf8c397de3d7606,2026-08-15T11:23:31+00:00,INFINIX HOT 60i = 6GB RAM = 128GB ROM = 5160mAh BATTERY,https://www.daraz.pk/products/60i-6gb-128gb-5160mah-i908194201.html,,false,[],Weight Unknown,[66999.0],daraz.pk/daraz__60i-6gb-128gb-5160mah-i908194201.html.json,9579e40f41ad42a00aeaf33c54efdbf343aeb0d835ba972c11272862d0fcb184,0.62500
4ef99e73df37dd05d789193e4f0c35acd4d12dce01ed083a4ccbb05bf0eae9ef,2026-08-15T10:14:51+00:00,"Infinix Hot 60i 6GB+6GB Extended RAM 128GB Rom , 6.7"" IPS Display 120Hz , Li-lon 5160 mAh Fast Charging 45W",https://www.daraz.pk/products/60i-6gb-6gb-128gb-ips-67-hz-120-mah-45w-i907247817.html,,false,[],Weight Unknown,[59999.0],daraz.pk/daraz__60i-6gb-6gb-128gb-ips-67-hz-120-mah-45w-i907247817.html.json,f3383f40cc6e71149b74a37da38ee482088a0a2114f34262489b4d202900fa5f,0.45833
70a1d6a55dfbafd00434ed8028c4ec016ccd9ad62ed5b492cc1709873229d3bb,2026-08-15T13:48:30+00:00,INFINIX HOT 60i = 8GB RAM = 256GB ROM = 5160mAh BATTERY,https://www.daraz.pk/products/60i-8gb-256gb-5160mah-i1947205814.html,,false,[],Weight Unknown,[52999.0],daraz.pk/daraz__60i-8gb-256gb-5160mah-i1947205814.html.json,bbc287ac2f3003bac7bf083773f2a1c682b2cb84b3fd9d23d5e99a0442fa5d05,0.41667
9e498bd7be3b9a7280deb7dceb85b8e0acc0016494f31007568bfd9d00bbc430,2026-08-15T10:11:28+00:00,Infinix Hot 60i || 6GB+6GB Ram 128GB Rom || 5160mAh Battery,https://www.daraz.pk/products/60i-wach-6gb-6gb-128gb-5160mah-i907251886.html,,false,[],Weight Unknown,[59999.0],daraz.pk/daraz__60i-wach-6gb-6gb-128gb-5160mah-i907251886.html.json,ed601e12cdde3d0220a908d67b2656413e1a8290a2a22618d2bd0cdfb2e7cd6b,0.62500
3b3ab6f222bfe08b66144056d7f643ee5973cff8e801e2afb0c3cdf07c965c5f,2026-08-15T12:51:56+00:00,REALME NOTE 60X = 3GB RAM = 64GB ROM = 5000mAh BATTERY,https://www.daraz.pk/products/60x-3gb-64gb-5000mah-i751168059.html,,false,[],Weight Unknown,[25499.0],daraz.pk/daraz__60x-3gb-64gb-5000mah-i751168059.html.json,ebf6810ddd171bea5163025f7e69b6b2bdb0f80b4750c6972b0b5daa9814a94b,0.62500
ef2d4ac3d81fb5328e723ddefd268e60cd17e0890a0dd2b6034258f9695df9d5,2026-08-15T15:12:13+00:00,REALME NOTE 60X = 4GB RAM = 128GB ROM = 5000mAh BATTERY,https://www.daraz.pk/products/60x-4gb-128gb-5000mah-i877522847.html,,false,[],Weight Unknown,[47999.0],daraz.pk/daraz__60x-4gb-128gb-5000mah-i877522847.html.json,0d1a5aa0c6c49a5f9de78911d48f4f03724e4edcc54922a7622c834378de974d,0.62500
1f3c8078e80f22f9337893e16b3fd591eef4739e011c00d5ec205e217de1d5c4,2026-08-15T11:05:20+00:00,Realme Note 60x || 4GB RAM + 128GB ROM || 5000mAh Battery,https://www.daraz.pk/products/60x-4gb-128gb-5000mah-i878874417.html,,false,[],Weight Unknown,[45000.0],daraz.pk/daraz__60x-4gb-128gb-5000mah-i878874417.html.json,971ced2dbeac56162b1d81bc4ae770c0ed0d14dce47db23529a3b8991c0a0fb4,0.62500
7f2f9c20e4900ffc886d20bcfe2361d86747cb8ec244691e389097de9411795d,2026-08-15T09:34:27+00:00,Realme Note 60x || 3GB+5GB Ram 64GB Rom || 5000mAh Battery,https://www.daraz.pk/products/60x-4gb-4gb-64gb-5000mah-i658622378.html,,false,[],Weight Unknown,[40000.0],daraz.pk/daraz__60x-4gb-4gb-64gb-5000mah-i658622378.html.json,89cf76525ac41b7d7c2d16893e9b25d3a4a013cb49ba40e12c7726be12905263,0.33333
115de2cbd4562a93b34e4e6d2dc080c4346ae90b5af3e73c26b5d1688b6bee7d,2026-08-15T15:06:10+00:00,REALME NOTE 60X = 4GB RAM = 64GB ROM = 5000mAh BATTERY,https://www.daraz.pk/products/60x-4gb-64gb-5000mah-i877532600.html,,false,[],Weight Unknown,[39999.0],daraz.pk/daraz__60x-4gb-64gb-5000mah-i877532600.html.json,0b3e4dbab363b62d4883f00549676679ec87f5a8942686e0cf85c048b27a37ed,0.62500
6265c2e15529412eb164110c7ba69247b944b9842d77bfe07d4c70a2f5ccccb7,2026-08-15T14:55:23+00:00,REALME NOTE 60X = 4GB RAM = 64GB ROM = 5000mAh BATTERY,https://www.daraz.pk/products/60x-4gb-64gb-5000mah-i877710756.html,,false,[],Weight Unknown,[39999.0],daraz.pk/daraz__60x-4gb-64gb-5000mah-i877710756.html.json,0b3e4dbab363b62d4883f00549676679ec87f5a8942686e0cf85c048b27a37ed,0.62500
b4f10729df9f3b4a67b8b5a08eb33e8303af2a38986a84f28b0171702a0760a0,2026-08-15T10:22:04+00:00,Realme Note 60x || 4GB RAM + 64GB ROM || 5000mAh Battery,https://www.daraz.pk/products/60x-4gb-64gb-wach-5000mah-i878852844.html,,false,[],Weight Unknown,[40000.0],daraz.pk/daraz__60x-4gb-64gb-wach-5000mah-i878852844.html.json,3264ab43f20d586847f478a195f2feb9fd4e57996e80c78da922a8dd3dffc0d1,0.62500
e992c35f4aa72ee1b59c354bf54b26c34467485d45b1399ec371fb7895239d74,2026-08-15T12:37:39+00:00,REALME NOTE 60X = 3GB + 5GB RAM = 64GB ROM = 5000mAh BATTERY,https://www.daraz.pk/products/60x-5gb-3gb-64gb-5000mah-i659927592.html,,false,[],Weight Unknown,[27999.0],daraz.pk/daraz__60x-5gb-3gb-64gb-5000mah-i659927592.html.json,22509d5acae18ee99a12af3d1faa020076a76bb772a0df56a6d98685ec27801d,0.62500
8d9845d4874581964f034d869e698d5ec4de9c17eb2c5b278bdaed21dc368ad2,2026-08-15T09:29:49+00:00,Realme Note 60x - 6.74 Inches Display - 3GB RAM 64GB ROM - 5MP Front Camera - 8MP Rear Camera - Dual SIM - 5000mAh Battery,https://www.daraz.pk/products/60x-674-3gb-64gb-5mp-8mp-5000mah-i697345211.html,,false,[],Weight Unknown,[34000.0],daraz.pk/daraz__60x-674-3gb-64gb-5mp-8mp-5000mah-i697345211.html.json,3515efa72ffdbefb56d961c0f368e3825c5583b8e847af78e4815ea3dd91c7e8,0.33333
b6c54a1094f103c7ce18cae0fd449b9440ff15846cdf1a23295960db6a6335b4,2026-08-15T14:58:30+00:00,Realme Note 60x - 6.74 Inches Display - 4GB RAM 64GB ROM - 5MP Front Camera - 8MP Rear Camera - Dual SIM - 5000mAh Battery,https://www.daraz.pk/products/60x-674-4gb-64gb-5mp-8mp-5000mah-i890900923.html,,false,[],Weight Unknown,[39999.0],daraz.pk/daraz__60x-674-4gb-64gb-5mp-8mp-5000mah-i890900923.html.json,5c4120e3f9e8356233591e564cba72a91cede43d077c843437404b66f0bb3474,0.45833
1bcca4df83c95fa1a0cd4411f54f84c10d6aaeca9f38f0268304c2456b80ad23,2026-08-15T10:08:07+00:00,Realme Note 60x - 6.74 Inches Display - 4GB RAM 64GB/128GB ROM - 5MP Front Camera - 8MP Rear Camera - Dual SIM - 5000mAh Battery,https://www.daraz.pk/products/60x-674-4gb-64gb128gb-5mp-8mp-5000mah-i871869581.html,,false,[],Weight Unknown,[44000.0],daraz.pk/daraz__60x-674-4gb-64gb128gb-5mp-8mp-5000mah-i871869581.html.json,8dd11e19dd41b8429ff4526f04c710faf9871ca1fab0e85ec9499e6a3207c033,0.33333
66cd9944c77ec19763631300e3450d9996e80b831caeb9a527b460e0b4b9d623,2026-08-15T11:36:40+00:00,"Realme Note 60x 4GB Ram 128GB Rom , 6.74'' 90Hz Display , IP54 Dust & Water Resistant , 5000 mAh - Fast charging 10W",https://www.daraz.pk/products/60x4gb-128gb-90hz-ip54-1-mah-10w-i885838026.html,,false,[],Weight Unknown,[44999.0],daraz.pk/daraz__60x4gb-128gb-90hz-ip54-1-mah-10w-i885838026.html.json,df935a385c78d0a6bf52718dcef80145fb80d406721b36c292c6744e0e221065,0.41667
a8f09f98f01afa81d443195c2d1eee43cf0b234de32379e11d69a0a451c28b06,2026-08-15T11:44:08+00:00,"Realme Note 60x 4GB Ram 64GB Rom , 6.74'' 90Hz Display , IP54 Dust & Water Resistant , 5000 mAh - Fast charging 10W",https://www.daraz.pk/products/60x4gb-64gb-90hz-ip54-1-mah-10w-i885789574.html,,false,[],Weight Unknown,[39999.0],daraz.pk/daraz__60x4gb-64gb-90hz-ip54-1-mah-10w-i885789574.html.json,ffabf22b46fa06eeeae43434b9a50593ba108a63c5f3b3f13fd0711b1e64148f,0.41667
da7fb57a9ae1491962220efc2c09394071529b25cebcfdaa5c7a7f51d08c1cf4,2026-08-15T13:33:04+00:00,Carrefour MOBILE NOTE X 6+128 BLACK SPARX-289766,https://www.daraz.pk/products/6128-289766-i1961166758.html,,false,[],Weight Unknown,[29999.0],daraz.pk/daraz__6128-289766-i1961166758.html.json,125137b9b8c73112df57df5c524b2167230eb8f664bff61cb7a1490e46d5c7e4,0.12500
19a2259fcdcc8040c9b310345e9bc6afafba5504f851c5c8a8edf6e6f92dd987,2026-08-15T13:53:37+00:00,Carrefour MOBILE NOTE X 6+128 BLUE SPARX-289767,https://www.daraz.pk/products/6128-289767-i1960471765.html,,false,[],Weight Unknown,[29999.0],daraz.pk/daraz__6128-289767-i1960471765.html.json,372ceb40ad6ad57fda09336f9e5847d801bcf420dca430315598cffbf9e5e94c,0.12500
af946942dbebdbb1bb903ce912d1271368e97992b70e09d9d693f03483f48dc0,2026-08-15T09:14:26+00:00,Vivo Y66 | 100% Inspected Fresh Stock | 4GB RAM 64GB ROM(3/32 for user) | 13MP Camera | Dual Sim Approved | With Box & Charger | Premium Quality | Vivo Mobile Phone | Globally Customized,https://www.daraz.pk/products/66-100-4-64-332-13-i1958245084.html,,false,[],Weight Unknown,[15000.0],daraz.pk/daraz__66-100-4-64-332-13-i1958245084.html.json,7e4ed7e6d4323bb38113004be866aae7774d04687f948cb5732bd82aff9006ee,0.37500
07d7b3b9c59e39ff0c6e7607230617a8f84ae54e297d21f49d99f6de4b3dfdee,2026-08-15T09:34:03+00:00,"Vivo Y66 | Dual Sim | PTA Approve | 4GB Ram 64GB Storage | Long Lasting 3000 MAH Battery | Memory Card Suppirt | Vivo Box , Charger Sim Injector Tool & Phone | Vivo Mobile | Mobile Phone On Easy Installment | Whatsapp , Youtube Facebook & Tiktok Working",https://www.daraz.pk/products/66-4-64-3000-i1950750341.html,,false,[],Weight Unknown,[22000.0],daraz.pk/daraz__66-4-64-3000-i1950750341.html.json,c24fa826a0a7c3aa80c13b4f84a34d34fd5faf2f39b38b8a00ef88cad41bb9c7,0.25000
1ccf6d1f88a1edbbd28f5232a615a08ae72f005f24519ea0228780c0a5667d7e,2026-08-15T13:15:58+00:00,"SEGO Smart 10 Smartphone 6.6"" HD+ Waterdrop Display | SC9863A1 1.6GHz Octa-Core Processor | 13MP + VGA Dual Rear Camera | 8MP Selfie | 5000mAh Battery | Type-C Charging | 64GB Storage | 8GB RAM (4+4GB Extended) | Android U | Dual SIM | 4G LTE",https://www.daraz.pk/products/66-hd-sc9863a1-16ghz-13mp-vga-qu-8mp-5000mah-c-64gb-ace-8gb-4-4gb-u-4g-lte-i915263287.html,,false,[],Weight Unknown,[19999.0],daraz.pk/daraz__66-hd-sc9863a1-16ghz-13mp-vga-qu-8mp-5000mah-c-64gb-ace-8gb-4-4gb-u-4g-lte-i915263287.html.json,f924d29f59b3c6bac46e352e2667870c79de640bbc2dbbdbda0b02b93847e51c,0.29167
260dfbf1026a7f56510189a3f829e6db7627328a7e708317a88217433d9e25d6,2026-08-15T09:57:00+00:00,Moto G Stylus 2022 128GB Storage 4GB RAM Mediatek Helio G88 5000 mAh Battery 50MP Camera Mobile Phone,https://www.daraz.pk/products/67-g-2022-gb-4gb-g88-50-i428255318.html,,false,[],Weight Unknown,[50000.0],daraz.pk/daraz__67-g-2022-gb-4gb-g88-50-i428255318.html.json,e1ce7e6701b81daef12821e22000061ef4e86587b1b8e128730270ab5dc31662,0.41667
930975577874287517c0da1d38029bd2bc7e53f04c7ffb7d1c960f0165b5e6e4,2026-08-15T11:52:48+00:00,Infinix Note Edge - 6.78 Inches Display - 8GB RAM 256GB ROM - 13MP Front Camera - 50MP Rear Camera - Dual SIM - 6500mAh Battery,https://www.daraz.pk/products/678-8-256-13-50-6500-i1953695137.html,,false,[],Weight Unknown,[100000.0],daraz.pk/daraz__678-8-256-13-50-6500-i1953695137.html.json,15b29fe87aab244f706315ea7f051c66ac5915daf44dbeeb3bae5af1f63e255c,0.37500
dd044b9f4e1dbeeac77f14c650987f088941e53a339036ee182508809ac9e071,2026-08-15T14:44:50+00:00,"SEGO Shark Smartphone 6.8"" HD+ 90Hz Display | 2.2GHz Octa-Core Processor | 50MP + AI Dual Rear Camera | 8MP Selfie Camera | 5000mAh Battery | Type-C Fast Charging | 128GB Storage | 18GB RAM (6GB + 12GB Extended) | Android V | Dual SIM | 4G LTE",https://www.daraz.pk/products/68-90hz-22ghz-50mp-8mp-5000mah-128gb-18gb-6gb-12gb-v-4g-lte-i924499128.html,,false,[],Weight Unknown,[28999.0],daraz.pk/daraz__68-90hz-22ghz-50mp-8mp-5000mah-128gb-18gb-6gb-12gb-v-4g-lte-i924499128.html.json,8ddd5ab41fec2bde84d4ea4b56412fa4a873dfa5f88a145e30c1ab2dd125d521,0.29167
d0b971db2a15d5b6d41d69c39eea7d39bd4561847fb137abc7df87f81b354348,2026-08-15T14:50:10+00:00,Infinix Hot 60i 128GB - 6GB RAM 5160 mAh Battery 50MP Back Camera,https://www.daraz.pk/products/6gb-1-gb-60i-128-mah-50mp-i1965189904.html,,false,[],Weight Unknown,[59999.0],daraz.pk/daraz__6gb-1-gb-60i-128-mah-50mp-i1965189904.html.json,153837d6b2d9349fdd85140c79befc8ff594e1925989ea07f4c06d774bf80f70,0.41667
d46ef77b91baea6b8a27a1ced018946a1f1342a360a4325870c08ed405362126,2026-08-15T11:21:24+00:00,Samsung Galaxy A07 128GB - 6GB RAM 6.7 Inches Display 5000 mAh Battery 50 MP + 2 MP Back Camera,https://www.daraz.pk/products/6gb-1-gb-a07-128-mah-50-mp-2-mp-i1952068572.html,,false,[],Weight Unknown,[59999.0],daraz.pk/daraz__6gb-1-gb-a07-128-mah-50-mp-2-mp-i1952068572.html.json,89c946b518dfd7b284f7ea4f2b71ad258f1f87b75fa7a622905826f68072144f,0.41667
e2afbceedbda0d49e1c0d4b0e66593392c13f3c9aac9ae59ea4c69e6dcb4d750,2026-08-15T10:11:04+00:00,Sego Shark Limited Edition 6GB RAM 128GB ROM 5000 mAh Battery Health Front Camera 8 MP Back Camera 50MP+ One Year Brand Warranty,https://www.daraz.pk/products/6gb-128gb-5000-mah-8-mp-50mp-i1961491239.html,,false,[],Weight Unknown,[37999.0],daraz.pk/daraz__6gb-128gb-5000-mah-8-mp-50mp-i1961491239.html.json,03b454c601eaef90dc89d55bfe53e61b2cc489b5bca27f3ed2968c76d30006d6,0.33333
15242cd53d6aadef72fc47674bbde88cc2eac955e570d551388403bc4df5a7be,2026-08-15T13:56:24+00:00,DCODE CYGNAL PRIME = 6GB RAM = 128GB ROM = 6000mAh BATTERY,https://www.daraz.pk/products/6gb-128gb-6000mah-i936795820.html,,false,[],Weight Unknown,[28299.0],daraz.pk/daraz__6gb-128gb-6000mah-i936795820.html.json,7400bbab9d7cc720b58f4683be6a99309871ba49d2515325bceb106b6e41818e,0.25000
4467c63fc5a080a900d446d5adb8c3becf985f9be8adae74c1ddbecd3b762773,2026-08-15T09:18:30+00:00,"Redmi 14C 6GB + 128GB , 6.88 Inches IPS HD+ Display 120Hz , Mediatek Helio G81 Ultra , 5160 mAh - 18W wired,",https://www.daraz.pk/products/6gb-14-gb-14c-128-ips-hd-688-hz-g81-1-mah-18w-i595173423.html,,false,[],Weight Unknown,[49999.0],daraz.pk/daraz__6gb-14-gb-14c-128-ips-hd-688-hz-g81-1-mah-18w-i595173423.html.json,32dbdd1bd65ff1279aac27075acc40bb56d1bdd8c7def89bda1b5d34c604813d,0.41667
fe87b0c5c6335b82d0c0093c52f59833d62e44d415f35a5a04ba4ed923d03a33,2026-08-15T10:30:54+00:00,Redmi 15C – 6GB RAM + 128GB Storage | 50MP Dual Camera | 6.9” 120Hz Display | Helio G81 Ultra | 6000mAh Battery 33W Fast Charging | Android 15 (HyperOS 2.0),https://www.daraz.pk/products/6gb-15c-128gb-50mp-69-hz-hlio-g81-ah-33w-15-120-i913167286.html,,false,"[""Moonlight Blue"",""Mint Green"",""Midnight Gray"",""Twilight Orange""]",Weight Unknown,[50999.0],daraz.pk/daraz__6gb-15c-128gb-50mp-69-hz-hlio-g81-ah-33w-15-120-i913167286.html.json,2d82100fb923c955e553a35e4101722debafe0eec47d6d7e92337a87fdc6199c,0.70833
20cd9b3367ac2ebaa0e36397fdcd9b3ce9266c0eca79e3cdb744bd12744be011,2026-08-15T11:32:47+00:00,Redmi 15C 6GB RAM 128GB ROM 50MP main camera 8MP front camera 6000mAh Battery One Year Brand Warranty,https://www.daraz.pk/products/6gb-15c-128gb-50mp-8mp-1-mah-i920467182.html,,false,[],Weight Unknown,[55000.0],daraz.pk/daraz__6gb-15c-128gb-50mp-8mp-1-mah-i920467182.html.json,dc393f01cb3935af8e99eeca7dbfb38c36850fe3e047618e12d71b8a5c2441df,0.41667
d2f086a66f50789d5d2a8d2412b0ac4d3968d94c169c14a05e7f4c93554bb242,2026-08-15T10:58:03+00:00,Redmi 15c - 6GB Ram - 128GB Rom - 6000mAh Battery,https://www.daraz.pk/products/6gb-15c-128gb-6000mah-i1964267105.html,,false,[],Weight Unknown,[47000.0],daraz.pk/daraz__6gb-15c-128gb-6000mah-i1964267105.html.json,a2a8e248a9278e91a888e359054f2fe331637e6c0c84754c2888aa98266a48cf,0.45833
ede51c8ad7d88dfff6a9b4ed5190ba73c56be48a7bffe1890e41b46827496a1e,2026-08-15T10:29:55+00:00,Redmi 15C - 6GB RAM 128GB ROM 6.9'' Display 6000mAh Battery 33W Fast Charge PTA Approved 1 Year Official Brand Warranty,https://www.daraz.pk/products/6gb-15c-128gb-69-mah-33w-pta-1-i937492164.html,,false,[],Weight Unknown,[52999.0],daraz.pk/daraz__6gb-15c-128gb-69-mah-33w-pta-1-i937492164.html.json,b9ecf630a0fc505809076e6798471e3ffa3d120ddcfbcc0ba5c79cbe67cf6520,0.37500
b113cc3b63bf36fa684d0a6dd51c015a048086e103c9e10b62d45a4fa3fdb51b,2026-08-15T12:10:03+00:00,Tecno Spark 30C 6GB RAM 128GB ROM MediaTek Helio G81 50MP Main Camera 5000mAh Battery PTA Approved Box Pack,https://www.daraz.pk/products/6gb-30c-1-gb-g81-50mp-1-mah-pta-i622309414.html,,false,[],Weight Unknown,[34000.0],daraz.pk/daraz__6gb-30c-1-gb-g81-50mp-1-mah-pta-i622309414.html.json,5b53316b7d1d17ca01386caefa58efea848dd0aa1df392a77ab25d61f27519dd,0.37500
8629d9d719740c8427cf5f61b3a07770c08cb3234a760e4f89fd61c5875ad1f7,2026-08-15T09:20:07+00:00,Google Pixel 4A 5G - 6GB RAM - 128GB Storage - 3885mAh Battery - Official PTA Approved 5G Phone,https://www.daraz.pk/products/6gb-5g-4a-128gb-3885mah-pta-5g-i391074593.html,,false,[],Weight Unknown,[59500.0],daraz.pk/daraz__6gb-5g-4a-128gb-3885mah-pta-5g-i391074593.html.json,52b0808c7dc75563cb05303fb4fde5a26c60b9716d5b0b246338f14134fb3130,0.37500
2f1f379b071ad1d0222c7c4151f683610a6fc461964ac4d747b767fad9b66219,2026-08-15T10:01:51+00:00,Google Pixel 4A 5G - 6GB RAM - 128GB Storage - 3885mAh Battery - Single SIM - Official PTA Approved 5G Phone,https://www.daraz.pk/products/6gb-5g-4a-128gb-3885mah-pta-5g-i438070549.html,,false,[],Weight Unknown,[59500.0],daraz.pk/daraz__6gb-5g-4a-128gb-3885mah-pta-5g-i438070549.html.json,d8fc32774c9614ea6ae126e6e3dd6e8393abae1dbb27b85039cdcf3c3c24f299,0.37500
440ef165d9822501b065c17497a5c3c247c6fecce7f5ed4fcaa71690661d4e4a,2026-08-15T09:52:49+00:00,Google Pixel 4A 5G - 6GB RAM - 128GB Storage - Official PTA Approved 5G Phone - Box Pack Device,https://www.daraz.pk/products/6gb-5g-4a-128gb-3885mah-pta-5g-i588270338.html,,false,[],Weight Unknown,[65500.0],daraz.pk/daraz__6gb-5g-4a-128gb-3885mah-pta-5g-i588270338.html.json,a0e563188e342b8d52c043dcd7e35a3c7292c414933afe421208dafe938eb4f6,0.37500
f31d6bc8dc35c5ea1ee1a651ac13831354dce9911e226f0ad45865c7ac85c4f2,2026-08-15T09:38:17+00:00,Google Pixel 4a 5G 6GB Ram 128GB Rom,https://www.daraz.pk/products/6gb-5g-4a-128gb-i434321554.html,,false,[],Weight Unknown,[62000.0],daraz.pk/daraz__6gb-5g-4a-128gb-i434321554.html.json,c1a85d22ccde758d18ebb6fa7447a7047bc87a067d0b39c6f82807a63cd893c9,0.25000
1d688094a61b91d9307cfc800b7a8bba7094555a0caa0635d893b8ce7f1547e7,2026-08-15T09:40:02+00:00,"Samsung Galaxy A06 6GB + 128GB , 6.7 IPS Display , Fingerprint (side-mounted), Mediatek Helio G85 , 5000 mAh - Fast charging 25W",https://www.daraz.pk/products/6gb-6gb-a06-128-ips-g85-67-mah-25-i605787679.html,,false,[],Weight Unknown,[59999.0],daraz.pk/daraz__6gb-6gb-a06-128-ips-g85-67-mah-25-i605787679.html.json,acd43812352744f2ee2b031fa3f204d43af018efedf459c8d4d73d6ecf55b326,0.41667
033c619189bbf7504c77cbf3c53cf6e1495f273060fcc681a6d539269b3be700,2026-08-15T10:59:17+00:00,Samsung Galaxy A17 6GB RAM 128GB ROM 50 MP + 5 MP + 2 MP Back Camera 5000 mAh Battery ONE YEAR BRAND WARRANTY,https://www.daraz.pk/products/6gb-a17-50-gb-5-mp-2-mp-2-mah-i924701028.html,,false,[],Weight Unknown,[70000.0],daraz.pk/daraz__6gb-a17-50-gb-5-mp-2-mp-2-mah-i924701028.html.json,59c8d2f4001658d61e26208abe7e5c44a1222f7b47b755832bd5bb977f16eae8,0.41667
14e48bdcac505c0434a2c20d2a6b3e8b770ced16d87af4283020a817bcfb008b,2026-08-15T10:04:07+00:00,"Oppo A3 6GB Ram 128GB Rom , 6.67 Inches Display 90Hz, IP54 Qualcomm Snapdragon 6s Gen 1 , 5100 mAh - Fast battery 45W wired,",https://www.daraz.pk/products/6gb-a3-128gb-667-90hz-ip54-6s-1-5100-mah-45-i832217820.html,,false,[],Weight Unknown,[71999.0],daraz.pk/daraz__6gb-a3-128gb-667-90hz-ip54-6s-1-5100-mah-45-i832217820.html.json,da551f1998f6c98e55aae5654e336d4a839e3a770824884bd45c8cb397f322da,0.45833
75386c484bb97d7897507b52ed8a3a1f7b4c1ad8f3b0ff6ec7b8d2fe89b5674a,2026-08-15T09:51:58+00:00,OnePlus N10 5G 6GB Ram 128GB Rom Single Sim,https://www.daraz.pk/products/6gb-n10-1-gb-i434680136.html,,false,[],Weight Unknown,[44000.0],daraz.pk/daraz__6gb-n10-1-gb-i434680136.html.json,65b5bbc7215c79b0cc57523065a04a10491e9d4a0fae6795a8ff972ac8fcf9aa,0.25000
cdf97488a3e3b67a0a372d679b4702f99bec86794fb44a85e77f361ccc50edc8,2026-08-15T10:05:42+00:00,Google Pixel 7 Pro | official PTA approved | 12GB Ram | 128GB & 256GB storage | just like new condition without box,https://www.daraz.pk/products/7-12-128-256-i927589072.html,,false,[],Weight Unknown,[135000.0],daraz.pk/daraz__7-12-128-256-i927589072.html.json,2c34c3bb34340a1da205343a44dc323823fd4a58ff09bc3377088062924f1bc0,0.41667
627056b651dc5152548635f710e5263aefd23e46f3b333cb1703535cb22f3e44,2026-08-15T09:39:13+00:00,Google Pixel 7 Pro Official PTA Approved 12GB RAM 128GB/256/512GB ROM Dual Sim,https://www.daraz.pk/products/7-12-128-256512-i468624782.html,,false,[],Weight Unknown,[118000.0],daraz.pk/daraz__7-12-128-256512-i468624782.html.json,1969557dd17d7a0789e7a8898f8336623fc3a3b2d57c556133a4bf37c2774d50,0.41667
c7910a04dd83a551aad68af0b2f4eb1751bf7e708eb1caebd5d35f33a3bf0f0c,2026-08-15T10:21:54+00:00,Samsung Galaxy Z Fold7 12GB RAM 256GB ROM | Official PTA Approved | Complete Box | Used,https://www.daraz.pk/products/7-12-256-i1964323583.html,,false,[],Weight Unknown,[520000.0],daraz.pk/daraz__7-12-256-i1964323583.html.json,b7c0a34b6eb7634d9cab34cd211e62b26fbb6dbd980483d38840df953c2b8d06,0.33333
1bb5131c352050c210b00e413890a4ce382ad839c5dc44dd03aa873b22483337,2026-08-15T10:18:34+00:00,Google Pixel 7A | 128GB Storage | 8GB RAM | Google Tensor | Android 12 | 12MP Dual Camera | 4410 mAh Battery | Official PTA Approved,https://www.daraz.pk/products/7-128-8-12-12mp-4410-i1948488558.html,,false,[],Weight Unknown,[68500.0],daraz.pk/daraz__7-128-8-12-12mp-4410-i1948488558.html.json,ae84495030370e21abb698dd4a21152a1d6d134fe249418a54750a262750c0d6,0.41667
f2a6500180fa39d18faba60acce303311c777e81d72dd1f820fe505add97508b,2026-08-15T11:06:09+00:00,Google Pixel 7 | 128GB Storage | 8GB RAM | Google Tensor G2 | 64 MP Dual Camera | 4355 mAh Battery | Dual SIM | Official PTA Approved,https://www.daraz.pk/products/7-128-8-2-64-4355-i947567549.html,,false,[],Weight Unknown,[95000.0],daraz.pk/daraz__7-128-8-2-64-4355-i947567549.html.json,87d6f328c5ba20984e660712814c636fc2f0a97e3ed8ce14d6cf7060a9ae3a5e,0.37500
c6765574990bbbd8a80ec3a7170a70dbf73a3c7686fc82cc1fa5439a2a0278af,2026-08-15T10:51:20+00:00,Google Pixel 7 Pro | 128GB Storage | 12 GB RAM | Google Tensor G2 | 5000 mAh Battery | Dual SIM | Official PTA Approved | Water Resistant | Wireless Charging,https://www.daraz.pk/products/7-128-8-2-64-4355-i947683843.html,,false,[],Weight Unknown,[135666.0],daraz.pk/daraz__7-128-8-2-64-4355-i947683843.html.json,cd4bb2fa85506798db83d5dea539e8176cfbf710691f8ff67dc9a65c444355e6,0.41667
30925352f19e92ed4c308e1b643e3f686f0803bd4fb553c584f8f0ce915013ef,2026-08-15T10:14:32+00:00,Google Pixel 7A | 128GB Storage | 8GB RAM | Google Tensor G2 | 64 MP Dual Camera | 4385 mAh Battery | Dual SIM | Official PTA Approved,https://www.daraz.pk/products/7-128-8-2-64-4385-i1949344399.html,,false,[],Weight Unknown,[69500.0],daraz.pk/daraz__7-128-8-2-64-4385-i1949344399.html.json,73e3dfc83dddcaff550d887aeebf3fc13c08fb6a10b623de6ba00f690c5f7f39,0.41667
186f62a8b4a59e0a19a1861ae38b37e95b536df41ee7e1bc38ec302ad5615b69,2026-08-15T09:56:52+00:00,Google Pixel 7A | 128GB Storage | 8GB RAM | Google Tensor G2 | 64 MP Dual Camera | 4385 mAh Battery | Dual SIM | Official PTA Approved,https://www.daraz.pk/products/7-128-8-2-64-4385-i945797302.html,,false,[],Weight Unknown,[68500.0],daraz.pk/daraz__7-128-8-2-64-4385-i945797302.html.json,c4f7d412958f6d373ee704473dc7c96cff1119c6ee068194cb3821d8a085f1d7,0.41667
a08e4a7b74914b377be91be33e0864583fd38ca13b4daa142bf4983442f81009,2026-08-15T10:34:20+00:00,Google Pixel 7A | 128GB Storage | 8GB RAM | Google Tensor G2 | 64 MP Dual Camera | 4385 mAh Battery | Dual SIM | Official PTA Approved,https://www.daraz.pk/products/7-128-8-2-64-4385-i947327173.html,,false,[],Weight Unknown,[70555.0],daraz.pk/daraz__7-128-8-2-64-4385-i947327173.html.json,9b1dd38620d5cbd36ae39b99f8ec9905e33bfe73fa7ce4859a69f05f87b6fa7d,0.41667
44c68803bc0a55eca5da9b484f42409cc53df07e592841cf0d3404b77ef3c737,2026-08-15T13:29:54+00:00,VGOTEL NEW 7 = 1GB RAM = 16GB ROM = 2000mAh BATTERY,https://www.daraz.pk/products/7-1gb-16gb-2000mah-i492007548.html,,false,[],Weight Unknown,[9999.0],daraz.pk/daraz__7-1gb-16gb-2000mah-i492007548.html.json,b446ac472ecdcfa7a8c130b999ddafd699082a0571462f9a6c2739a4ed000aff,0.62500
d81329d0e75b91f1f933c43bd15aa74bb47c03c9febab08319cd6f67d97727c3,2026-08-15T13:48:43+00:00,Carrefour Sparx S7 2Gb / 32Gb Mighty Blue (277472),https://www.daraz.pk/products/7-2-32-277472-i933097807.html,,false,[],Weight Unknown,[16999.0],daraz.pk/daraz__7-2-32-277472-i933097807.html.json,0b50ec87ca733e19136832396ee13b71eb649c2635eb495c14028708ecdfe51c,0.12500
cf27b9eb0bb523c094778090672c1579607c07ebee74c73aace79ece5c5b9641,2026-08-15T14:33:12+00:00,Carrefour Sparx S7 2Gb / 32Gb Dark Blue (277473),https://www.daraz.pk/products/7-2-32-277473-i933093938.html,,false,[],Weight Unknown,[16999.0],daraz.pk/daraz__7-2-32-277473-i933093938.html.json,f77656af33799cae7f67c21dcbb32c6f4da3af4d36e625b6bebc0d0b2c6f3d1d,0.12500
dde23ab93861c1cd29d28ccd19ed36816628110267fcc2d05fbf850bdc89ed9a,2026-08-15T13:14:54+00:00,Carrefour Ifinix Smart 7 Smartphone 2GB RAM 64GB ROM Coastal Green (282012),https://www.daraz.pk/products/7-2-64-282012-i933099537.html,,false,[],Weight Unknown,[19499.0],daraz.pk/daraz__7-2-64-282012-i933099537.html.json,801248f6a7a6cbb6d288e42dc15e660c6ff5b170bae47a7bc1701b055caa6b1c,0.16667
9d1edbee9d5287e26fcf91fed854e9a2e8711ba3d7111c86289293325520b7b5,2026-08-15T14:05:46+00:00,Carrefour Ifinix Smart 7 Smartphone 2GB RAM 64GB ROM Polar Black (282014),https://www.daraz.pk/products/7-2-64-282014-i933104249.html,,false,[],Weight Unknown,[19499.0],daraz.pk/daraz__7-2-64-282014-i933104249.html.json,fc9642720021b0794f8b287fc279d5a99475b2fd3c0ef09fd4ea71cf431b6ba3,0.16667
75c9ee5d39f4a7aab0e60e0116206a778c7dc7ecd6480f12255235ded92ced9f,2026-08-15T13:25:34+00:00,TECNO POP 7 = 2GB+2GB = 4GB RAM = 64GB ROM = 5000mAh BATTERY,https://www.daraz.pk/products/7-2gb-2gb-4gb-64gb-5000mah-i467302988.html,,false,[],Weight Unknown,[19999.0],daraz.pk/daraz__7-2gb-2gb-4gb-64gb-5000mah-i467302988.html.json,6ba72301e63c51157e945130090b318c9d8f6c9d6e3965ffac089f3ae8e0f3f4,0.58333
68489ba5e043f7274d9dc7f82eeb031a7b99199104fe2c66cf387abe925c6589,2026-08-15T13:52:02+00:00,infinix smart 7 HD - 2gb +2gb RAM 64GB ROM - 5000 mAh Battery,https://www.daraz.pk/products/7-2gb-2gb-64gb-5000-mah-i425943081.html,,false,[],Weight Unknown,[19999.0],daraz.pk/daraz__7-2gb-2gb-64gb-5000-mah-i425943081.html.json,1173a6fe869f15b1b674fc99e93c80407fb9c8860d6b7d74e4f9c24889677647,0.62500
83736f8f3599d6b707f80dcd484f52958e465c17ae24f298ac15ab4bed8e68fa,2026-08-15T11:39:48+00:00,Redmi A7 Pro 4GB RAM 128GB ROM 6000 mAh Battery Front Camera 8MP Back Camera 13MP One Year Brand Waranty,https://www.daraz.pk/products/7-4-128-6000-8-13-i1960567846.html,,false,[],Weight Unknown,[45000.0],daraz.pk/daraz__7-4-128-6000-8-13-i1960567846.html.json,02aaa51bf8be7243a37cfdbbd85b797cc700e5d4415d4921e2da2604988e7ad0,0.37500
acd873b7ff471398a97e45c9dc20c1d61f485e3b4760d944005926630a0fde79,2026-08-15T11:31:38+00:00,REDMI A7 PRO = 4GB RAM = 128GB ROM = 6000mAh BATTERY,https://www.daraz.pk/products/7-4-128-6000-i1960938404.html,,false,[],Weight Unknown,[48999.0],daraz.pk/daraz__7-4-128-6000-i1960938404.html.json,33561a3390e417fd036f660167079d1a6df04cbcfb68dc6a9e048458ce1c438f,0.37500
8e380695027678048703c4194f808c82d5e17d1fd076e6d1f6820504f0696756,2026-08-15T10:32:56+00:00,"Redmi A7 Pro - 4GB RAM 128GB ROM | 6.9"" Massive 120Hz Display | 6000mAh Mega Battery | 32MP Dual Camera | 100% Original Box Packed",https://www.daraz.pk/products/7-4-128-69-120hz-6000mah-32mp-100-i1960657190.html,,false,[],Weight Unknown,[44999.0],daraz.pk/daraz__7-4-128-69-120hz-6000mah-32mp-100-i1960657190.html.json,53165e2ff3401f09fec04bd53d5e6172ac9723dd822ac7eaeddddf7fde35a08f,0.37500
84e8af563353c391c13ac82f9614191485b00e2b2db649a38c91731f7cf4ee95,2026-08-15T11:46:08+00:00,Redmi A7 Pro 4GB RAM 64GB ROM 6000 mAh Battery Front Camera 8MP Back Camera 13MP One Year Brand Waranty,https://www.daraz.pk/products/7-4-64-6000-8-13-i1960587225.html,,false,[],Weight Unknown,[39999.0],daraz.pk/daraz__7-4-64-6000-8-13-i1960587225.html.json,0b6a7786c4abb9687aa95fd1db77ffac00a4a2a299bbd8b1fdc05deadea847fb,0.37500
235bc61113ea17af740261b0695dfb0b1cb4fec8e51943119e9e8a7d01f2a2d3,2026-08-15T11:40:08+00:00,REDMI A7 PRO = 4GB RAM = 64GB ROM = 6000mAh BATTERY,https://www.daraz.pk/products/7-4-64-6000-i1960349008.html,,false,[],Weight Unknown,[43999.0],daraz.pk/daraz__7-4-64-6000-i1960349008.html.json,86aec2266968b2e4d43e07be0d74815e817573a5d5941cc2bff3690208912b28,0.37500
ae41ab2c83ac0a64dd9f63ad81af381d81cba7aa5eabb6cad88ff0e11595cb38,2026-08-15T10:55:04+00:00,"Redmi A7 Pro - 4GB RAM 64GB ROM | 6.9"" Massive 120Hz Display | 6000mAh Mega Battery | 32MP Dual Camera | 100% Original Box Packed",https://www.daraz.pk/products/7-4-64-69-120hz-6000mah-32mp-100-i1961342160.html,,false,[],Weight Unknown,[39999.0],daraz.pk/daraz__7-4-64-69-120hz-6000mah-32mp-100-i1961342160.html.json,eee1ac7967c8b04087d5e2abea54800db3e4d64f3e396e1c08a213fde722103c,0.37500
905a3969723863de667189fec3914a5b6cad9cc1fc11b790241c923ef6b39da6,2026-08-15T14:23:37+00:00,SPARX NEO 7 PRO - 4GB RAM 64GB ROM - 5000 mAh BATTERY,https://www.daraz.pk/products/7-4gb-64gb-5000-mah-i423509923.html,,false,[],Weight Unknown,[20499.0],daraz.pk/daraz__7-4gb-64gb-5000-mah-i423509923.html.json,b77b585fd1c718eda0f368be09af4c55ee9f755eb3a968e47e488ade94e51d47,0.58333
be9027f9748f5f018fabd9f03b8f1abecd68a415bfcb7162130f311636d7abbd,2026-08-15T12:31:22+00:00,SPARX NEO 7 PLUS = 4GB RAM + 64GB ROM = 5000 mAh Battery,https://www.daraz.pk/products/7-4gb-64gb-5000-mah-i433340600.html,,false,[],Weight Unknown,[21499.0],daraz.pk/daraz__7-4gb-64gb-5000-mah-i433340600.html.json,45e732bbd6ff692cc6c13ff421e0fde91418da5e7303b167dc0d1ed3e2ecdb6f,0.62500
a01aed18329ec1c7898c7f2a3094d9e2d3748a1b75ed5ec193d34bb9bf3025d0,2026-08-15T13:55:44+00:00,Carrefour Sparx Neo7 Plus 4Gb / 64Gb M/Magic Mobile (277468),https://www.daraz.pk/products/7-4gb-64gb-m-277468-i933099527.html,,false,[],Weight Unknown,[24500.0],daraz.pk/daraz__7-4gb-64gb-m-277468-i933099527.html.json,154f10a804093c7cc6ddd1f8bb0b806ea9998611c6d6f948f3ad3cdeeced3787,0.12500
9fb99f7ec719300268c6951762d6dbfecfe97ed6a1b69b89c591b1e96ad3eb0b,2026-08-15T15:14:19+00:00,Tecno Pova 7 Pro 5G Mobile Phone - 16GB (8GB + 8GB) RAM + 128GB ROM - 64MP Dual Flash Camera - 6000mAh 45W Flash Charge + 30W Wireless Charge - Official PTA Approved,https://www.daraz.pk/products/7-5-16-8-8-128-64-6000-45-30-i928771194.html,,false,"[""Geek Black"",""Dynamic Grey"",""Neon Cyan""]",Weight Unknown,[99999.0],daraz.pk/daraz__7-5-16-8-8-128-64-6000-45-30-i928771194.html.json,6b93f9794042848a393190be48a3ad2f94226b1c6ee3cfd0a5525b98bd590c5a,0.66667
5f4a1cf9473fa718cd4e114090bd96df9876f735704d04322e2dbd9abc62f4d3,2026-08-15T12:08:31+00:00,"OnePlus 7 // 6-12 GB Ram // 128-256 GB ROM //48MP Camera // Dual sim // 3700 mah battery //6.41"" 1080x2340 pixels//Snapdragon 855// 182g, 8.2mm thickness Android 9.0, up to Android 12, OxygenOS 12.1//1plus // oneplus mobile phone",https://www.daraz.pk/products/7-6-12-gb-128-gb-48mp-256-mah-3700x641-1080-2340-82-90-12-121-i538571318.html,,false,[],Weight Unknown,[49999.0],daraz.pk/daraz__7-6-12-gb-128-gb-48mp-256-mah-3700x641-1080-2340-82-90-12-121-i538571318.html.json,49f549b7f132f7dccb4c1195686aab5f0a6998eee7b7c3d528eed9d9eab8c5c7,0.70833
6197923a7e0cec6155b379d1b12e320f0746a324e1a7e44f97d1f9b8edf68330,2026-08-15T10:06:06+00:00,"Google Pixel 7A – 6.1"" QHD+ Display, 128GB, 8GB RAM, Dual Sim (Physical + E-SIM) Official PTA Approved - Imported, Phone Only (100% Original - Mix Color)",https://www.daraz.pk/products/7-61-128-8-100-i947537338.html,,false,[],Weight Unknown,[99999.0],daraz.pk/daraz__7-61-128-8-100-i947537338.html.json,6300e9e8866e32a8cacafe3a69606af69009388562c06977fc2a3f41756b2b69,0.41667
c41724c625fde67e3dd426643f9abfa94c35be96a4473b38b74e9b878f4ed31d,2026-08-15T09:47:09+00:00,Sharp Aquos R7 - 6.6 QHD+ Display - Dual Sim Physical + E-Sim - 12GB RAM - 256GB ROM +SD Card Supported - Snapdragon 8 Gen 1 Processor - In-Screen Fingerprint (Phone Only - Box Charger Accessoires Not Included - Official PTA Approved),https://www.daraz.pk/products/7-66-12-256-8-1-i1947261821.html,,false,[],Weight Unknown,[99999.0],daraz.pk/daraz__7-66-12-256-8-1-i1947261821.html.json,a0fd7f5a36c31ca1be90eaed6005307a980c68df22f52dc4c4586338746799bc,0.29167
4c2cb053a13938e2ba732a854aacb3fa5c455d5fa39425e80b767b1562d89805,2026-08-15T10:20:06+00:00,Sharp Aquos R7 - 6.6 QHD+ Display - Dual Sim Physical + E-Sim - 12GB RAM - 256GB ROM +SD Card Supported - Snapdragon 8 Gen 1 Processor - In-Screen Fingerprint (Phone Only - Box Charger Accessoires Not Included - Official PTA Approved),https://www.daraz.pk/products/7-66-12-256-8-1-i946844267.html,,false,[],Weight Unknown,[99999.0],daraz.pk/daraz__7-66-12-256-8-1-i946844267.html.json,a0fd7f5a36c31ca1be90eaed6005307a980c68df22f52dc4c4586338746799bc,0.29167
5284cdf5b1cf4b9399c4b87e6398d0a03fa66febdefe1987d0f55b5b643ffb44,2026-08-15T13:05:35+00:00,"Sharp Aquos R7 - 6.6 Inches IGZO QLED QHD+ Display - Dual Sim (Physicall + ESIM) Official Approved- 12GB RAM + 256GB ROM (SD Card Supported) - Snapdragon 8 GEN 1 (Phone Only - No Box, No Charger, No Accessories Included) - Mix Color",https://www.daraz.pk/products/7-66-igzo-qled-qhd-esim-12-256-8-1-i947539674.html,,false,[],Weight Unknown,[99999.0],daraz.pk/daraz__7-66-igzo-qled-qhd-esim-12-256-8-1-i947539674.html.json,5ce85e432b0535a07873af72c337a372f0c9b4604f3eb6808a568a6b97a1584b,0.45833
5583e515b8690be86bfa826d60591db5ee7d759a3e61cd135e347ffaccbd782e,2026-08-15T09:19:41+00:00,Google Pixel 7 Pro – 6.7″ QHD+ 120Hz | dual sim approved | Tensor G2 | 50MP Triple Camera | 12GB RAM | 128 and 256GB Storage 5000mAh with Fast Wired & Wireless Charging | just like new condition without box,https://www.daraz.pk/products/7-67-qhd-120hz-2-50-12-128-256-5000-i913535930.html,,false,[],Weight Unknown,[124999.0],daraz.pk/daraz__7-67-qhd-120hz-2-50-12-128-256-5000-i913535930.html.json,684d5ea89e61294c41c7c0ae13f9f6de85f8971b400c1b6bf56665baccb01eb4,0.37500
7a94d5eb98dad164bcd99fc6eddc39a74ce7fb984fa065480245d296af4d483e,2026-08-15T12:15:38+00:00,Google Pixel 7 | 8GB Ram | 128GB storage | dual sim approved | Tensor G2 chipset | 10/10 condition | just like new condition without box,https://www.daraz.pk/products/7-8-128-2-1010-i912010459.html,,false,[],Weight Unknown,[89999.0],daraz.pk/daraz__7-8-128-2-1010-i912010459.html.json,6a26f74a90ff1a7b73783aed49b161a5834455ccb7230a86509d9af48fc40916,0.37500
b40eb2e84d32ccc07d112b1627643f7f8ec5e6532597e5c3c5a42806e020b140,2026-08-15T10:36:08+00:00,Google Pixel 7a Official PTA Approved 8 GB - 128 GB Dual Sim,https://www.daraz.pk/products/7-8-128-i1950684611.html,,false,[],Weight Unknown,[74000.0],daraz.pk/daraz__7-8-128-i1950684611.html.json,232fa23155b480e07b68c464b0feb3125e37dc0bd0534b333f9e35329465367d,0.41667
11dfd9c870adadd676f5c310e142af0bb2a8257cbbdcd0fa0e11938e4b77f389,2026-08-15T09:35:11+00:00,Google Pixel 7 | Official PTA approved | 8GB ram | 128GB storage | just like new condition without box,https://www.daraz.pk/products/7-8-128-i927565729.html,,false,[],Weight Unknown,[84699.0],daraz.pk/daraz__7-8-128-i927565729.html.json,4f77ba8d8a08644c6f2aa6b12453540405ce2d9f94e4746c9e009aee0aeb4585,0.37500
32891a79b5c0f559c56124157209c2dc0ae9ceea6138891d89e15298a191aa5f,2026-08-15T10:23:38+00:00,Google Pixel 7 Official PTA Approved 8 GB - 128/256 GB Dual Sim,https://www.daraz.pk/products/7-8-128256-i1950672858.html,,false,[],Weight Unknown,[76000.0],daraz.pk/daraz__7-8-128256-i1950672858.html.json,17f337f6dbc9c822ded7c1319b85d5434508cbff4e11d93ed3585fd0f3a25241,0.37500
7eb27164879bd93d0ffb3ce9340410687a04790980da06484d15aabfbea94cfa,2026-08-15T09:25:38+00:00,OnePlus 7 Pro Dual Sim 8GB Ram 256GB Rom,https://www.daraz.pk/products/7-8gb-256gb-i452329418.html,,false,[],Weight Unknown,[78000.0],daraz.pk/daraz__7-8gb-256gb-i452329418.html.json,228802e71b71ac1dc82fb02b2fbae7bf6c7999b31b3abc2f3abba51052a56336,0.29167
b9e465b324f56858c16d9bc1094371ff8b6e11e6f231f32445abf6e51135c39c,2026-08-15T13:54:00+00:00,INFINIX SMART 7 HD = 2GB RAM = 64GB ROM = 5000mAh BATTERY,https://www.daraz.pk/products/7-hd-2gb-64gb-5000mah-i616859920.html,,false,[],Weight Unknown,[19999.0],daraz.pk/daraz__7-hd-2gb-64gb-5000mah-i616859920.html.json,51301b65a5ed631d521492174148969388f0dfc569ee200889cd8b4a025387f7,0.62500
2eb2f9d659ee92037eb04eb625543c95e8b6c75da779777a1a728a6b715bae3d,2026-08-15T11:10:14+00:00,Realme Note 70 – 4GB RAM + 128GB Storage | 50MP AI Camera | 6.74” AMOLED 120Hz Display | Unisoc T7250 | 6000mAh Battery 15W Fast Charging | Android 15 (Realme UI),https://www.daraz.pk/products/70-4gb-128gb-50mp-ai-674-hz-unisoc-t7250-x7-250-mah-15-15-ui-i913144844.html,,false,"[""Various""]",Weight Unknown,[47999.0],daraz.pk/daraz__70-4gb-128gb-50mp-ai-674-hz-unisoc-t7250-x7-250-mah-15-15-ui-i913144844.html.json,438ce954f1d138bdc88e8501caf1b00acb97d2bf37b5231f15a8b131a5cf3cdc,0.70833
f58b203637e9d559a0991725b17014c11d340eefbfe4aa4fac33a2b617613af2,2026-08-15T13:17:38+00:00,REALME NOTE 70 = 4GB RAM = 128GB ROM = 6300mAh BATTERY,https://www.daraz.pk/products/70-4gb-128gb-6300mah-i915716841.html,,false,[],Weight Unknown,[49999.0],daraz.pk/daraz__70-4gb-128gb-6300mah-i915716841.html.json,b95daca76a6d748a6b57de4fadc5c84d0ab9e30725a873b15643407cc18405ef,0.58333
c0406d45ddf8f0e99f8452acb863ae61aeb4ea49b48073f983ba286b685f6c24,2026-08-15T14:56:26+00:00,REALME NOTE 70 = 4GB RAM = 128GB ROM = 6300mAh BATTERY,https://www.daraz.pk/products/70-4gb-128gb-6300mah-i915729599.html,,false,[],Weight Unknown,[47999.0],daraz.pk/daraz__70-4gb-128gb-6300mah-i915729599.html.json,1a4dec88c3c434fca55fbbe61cb1f50fe82ce092e4394e70467b4f1b18b92e0e,0.58333
d0a81138705fa527547509a4a25dc2027030bc20dc302e7c461e681d610a517e,2026-08-15T11:52:30+00:00,INFINIX HOT 70 PRO 5G = 8GB RAM = 128GB ROM = 6000mAh BATTERY,https://www.daraz.pk/products/70-5g-8gb-128gb-6000mah-i1968085927.html,,false,[],Weight Unknown,[102999.0],daraz.pk/daraz__70-5g-8gb-128gb-6000mah-i1968085927.html.json,256c9a9e626389e571a23889a88f42fade27c470167982aec43e74645c26f832,0.37500
2c973eeed3bec42246c07a6b36a2bef7eed33d4e06c4259a6e85ad6614e24907,2026-08-15T10:54:53+00:00,INFINIX HOT 70 PRO 5G = 8GB RAM = 128GB ROM = 6000mAh BATTERY,https://www.daraz.pk/products/70-5g-8gb-128gb-6000mah-i1968304182.html,,false,[],Weight Unknown,[103999.0],daraz.pk/daraz__70-5g-8gb-128gb-6000mah-i1968304182.html.json,01f4576a870e3ff0389c9b8e38ad6b4fb1bd8e37bfce4a685b173aeb215c25ae,0.37500
fd24e36d390f7455656da4317eaa583f2dd8d42760991b06d26b8653ffd700ff,2026-08-15T11:53:39+00:00,Infinix Hot 70 Pro 5G || 8GB RAM + 128GB ROM || 50MP Sony IMX882 Camera || 6000mAh Battery 45W Fast Charging || 1 Year Official Brand Warranty || PTA Approved,https://www.daraz.pk/products/70-5g-wach-8gb-128gb-50mp-imx882-1-mah-45-1-pta-i1969040353.html,,false,[],Weight Unknown,[94999.0],daraz.pk/daraz__70-5g-wach-8gb-128gb-50mp-imx882-1-mah-45-1-pta-i1969040353.html.json,6afa1f64878185d8dee162f1d31cb6b729c8f735259c99e97ac09a572635d687,0.41667
3abea2d4b4f9cc6d36d24536d46f4b3d4e6b9a092cf5448653bfa011e1d09d9c,2026-08-15T11:54:01+00:00,Infinix Hot 70 Pro 5G || 8GB+8GB Ram 128GB Rom || 6000mAh Battery,https://www.daraz.pk/products/70-5g-wach-8gb-8gb-128gb-6000mah-i1968814952.html,,false,[],Weight Unknown,[87999.0],daraz.pk/daraz__70-5g-wach-8gb-8gb-128gb-6000mah-i1968814952.html.json,b85837ce8a8d726e9aa48b5c46f71af3ef25d12abcb7d49c7d7586982d752129,0.41667
e7e74435278500ea24a55649742bc61c1f58ff03badeb0d5c5c99d1dcb37eed8,2026-08-15T13:28:26+00:00,"SEGO Note 70 Smartphone, 6.8"" HD+ Display, Octa-Core Processor, 13MP Triple Rear Camera, 8MP Selfie, 5000mAh Battery, 128GB Storage, 12GB RAM (8GB Extended), xAI OS, Dual SIM, 4G LTE.",https://www.daraz.pk/products/70-68-hd-13mp-8mp-5000mah-128gb-16gb-8gb-xai-os-4g-lte-i911682307.html,,false,[],Weight Unknown,[23999.0],daraz.pk/daraz__70-68-hd-13mp-8mp-5000mah-128gb-16gb-8gb-xai-os-4g-lte-i911682307.html.json,b14b591d0185c5680c08ca6bc619407fe77f5b3cd053b5852924f0e503ac75d6,0.33333
ac9aec4a11999396b443418e52a538602e16c8ec2e5416cfafe93c67dabd79e8,2026-08-15T15:03:17+00:00,REALME NOTE 70 = 6GB RAM = 128G ROM = 6300mAh BATTERY,https://www.daraz.pk/products/70-6gb-128-6300mah-i915770278.html,,false,[],Weight Unknown,[54999.0],daraz.pk/daraz__70-6gb-128-6300mah-i915770278.html.json,896d886bb4ea4a70a3a6a6324b0b52c2881183c806c5cd86c433cda48abfc921,0.58333
73cff8001136ad95155c37a3bb459eaad362b23a3798dff2d6a40854b8777987,2026-08-15T15:03:03+00:00,Realme Note 70 – 6GB RAM + 128GB Storage | 50MP AI Camera | 6.74” AMOLED 120Hz Display | Unisoc T7250 | 6000mAh Battery 15W Fast Charging | Android 15 (Realme UI),https://www.daraz.pk/products/70-6gb-128gb-50mp-ai-50-674-hz-unisc-t7250-x7-250-mah-15-15-ui-i913145865.html,,false,"[""Various""]",Weight Unknown,[49999.0],daraz.pk/daraz__70-6gb-128gb-50mp-ai-50-674-hz-unisc-t7250-x7-250-mah-15-15-ui-i913145865.html.json,52ad5d111ab3a5e1a58a78ddd2e7b90ad87d839bbd7ff9558510af6d2061440a,0.70833
3ee202dfa3c6ee236d6fd9888d854fedf3e6d49d190f8b2a0e62533b04a4cc08,2026-08-15T11:14:08+00:00,INFINIX HOT 70 = 6GB RAM = 128GB ROM = 6000mAh BATTERY,https://www.daraz.pk/products/70-6gb-128gb-6000mah-i1968085934.html,,false,[],Weight Unknown,[71999.0],daraz.pk/daraz__70-6gb-128gb-6000mah-i1968085934.html.json,8b3c5dd6f3de6c813f75808c680d211ade1e6b147c6a72238ac62b054074981d,0.33333
2dd17f6fa0e1ecceffe11d7857f75c6042dae72cf137a1a7159b85a21a18d3b5,2026-08-15T11:16:04+00:00,INFINIX HOT 70 = 6GB RAM = 128GB ROM = 6000mAh BATTERY,https://www.daraz.pk/products/70-6gb-128gb-6000mah-i1968304237.html,,false,[],Weight Unknown,[72999.0],daraz.pk/daraz__70-6gb-128gb-6000mah-i1968304237.html.json,7b6a0caea65ef9ac3f9b5f3ba8915c121f39dec0bb3e309e6ddcbb208972d9f1,0.37500
5bd7a72d05a188fe2e02353c6f49a02051d36cf55096bb214bbb32737209b038,2026-08-15T14:52:08+00:00,REALME NOTE 70 = 6GB RAM = 128GB ROM = 6300mAh BATTERY,https://www.daraz.pk/products/70-6gb-128gb-6300mah-i915769322.html,,false,[],Weight Unknown,[59999.0],daraz.pk/daraz__70-6gb-128gb-6300mah-i915769322.html.json,f89f305ab7aad186bb8bda2703bdc9293b19e6b7aceea6c2bed948f9339cc6a9,0.58333
36098077f28251972f2bbfe8b1e9918575ecbfb9b3241951b1c1b22545977d20,2026-08-15T11:54:22+00:00,"Infinix Hot 70 - 6GB RAM 128GB ROM - 6.78"" 120Hz Ultra Bright Display - 6000mAh Battery - 50MP AI Camera - Official Brand Warranty - PTA Approved Mobile Phone",https://www.daraz.pk/products/70-6gb-128gb-678-hz-120-mah-50mp-ai-pta-i1968527320.html,,false,[],Weight Unknown,[64999.0],daraz.pk/daraz__70-6gb-128gb-678-hz-120-mah-50mp-ai-pta-i1968527320.html.json,dd31d9c0e5ec32faa3dc34d51b3a4fd317bbdc0d6eaca2473d0c9e327c18277d,0.33333
a5f152903a99735b24d542c1697fae623df28346cebad6212a7eff165eab5ee5,2026-08-15T11:55:33+00:00,Infinix Hot 70 || 6GB+6GB ram 128Gb Rom || 6000mAh Battery,https://www.daraz.pk/products/70-ace-6gb-6gb-1-000-gb-1-mah-i1968281478.html,,false,[],Weight Unknown,[61999.0],daraz.pk/daraz__70-ace-6gb-6gb-1-000-gb-1-mah-i1968281478.html.json,84e36d0d1749c53345bf16aab5f0587920d8dfc9c94dab040cc6d480487d1972,0.33333
893224b75a0b0c107b7d6c067c78564c72f8aad9dbcce3f914b18a5f99ecbd20,2026-08-15T14:40:10+00:00,"SEGO Note 70 Limited Edition Smartphone | 6.8"" HD Display | Octa-Core Processor | 13MP Rear Camera | 8MP Selfie Camera | 5000mAh Battery | 128GB Storage | 20GB RAM (12GB + 8GB Extended) | Android 14 | Dual SIM | 4G LTE",https://www.daraz.pk/products/70-hd-13mp-raw-8mp-20gb-20gb-12gb-8gb-14-wanch-4g-lte-i1965882513.html,,false,[],Weight Unknown,[30999.0],daraz.pk/daraz__70-hd-13mp-raw-8mp-20gb-20gb-12gb-8gb-14-wanch-4g-lte-i1965882513.html.json,25e45491dce80fda499b52e6a147779b711d0b7803449bf275c6c955cab9fe51,0.33333
62f004579d6bda86ef9121b94763a67e40d84a26c89e3fb942104ae6d48f9b26,2026-08-15T09:21:55+00:00,"Vivo Y71 | 6GB Ram | 128GB STORAGE | Dual Sim + Memory Card | 3430 MAH Long Lasting Battery | Normal Games Support Like Subway Surfar, Candy Crush, Roblox & many More | PTA Approve | With Free Gift Box, Charger Sim Injector Tool | Vivo Y71 On Installment",https://www.daraz.pk/products/71-6-128-3430-i1951405254.html,,false,[],Weight Unknown,[15763.0],daraz.pk/daraz__71-6-128-3430-i1951405254.html.json,a6693877008dbd431136374cab169e25ab5c93e1c54137d8c30b0cc91dba7fcd,0.29167
23b90f20d8bd39a19fbceb7098c57719ed1bfc98ad784301be5bf43fcf75d3e0,2026-08-15T10:56:21+00:00,"Google Pixel 7A – 6.1"" QHD+ Display, 128GB, 8GB RAM, Dual Sim (Physical + E-SIM) Official PTA Approved - Imported, Phone Only (100% Original - Mix Color)",https://www.daraz.pk/products/7a-qhd-8gb-8gb-61-pta-128-i1947253975.html,,false,[],Weight Unknown,[99999.0],daraz.pk/daraz__7a-qhd-8gb-8gb-61-pta-128-i1947253975.html.json,6300e9e8866e32a8cacafe3a69606af69009388562c06977fc2a3f41756b2b69,0.41667
42b91b43cc1bfe4dcbf62426df89d64c36eaa45b7d6fbb36821c1060167f1a30,2026-08-15T13:24:37+00:00,"Huawei Honor 7s - 5.45 Inches Display - Dual SIM - 2GB RAM - 16GB ROM - PTA Official Approved - 8/5 MP Camera (Refurb - Phone Only, No Box No Charger Included - Mix Colors)",https://www.daraz.pk/products/7s-545-2gb-16gb-pta-85-mp-i1949539952.html,,false,[],Weight Unknown,[10999.0],daraz.pk/daraz__7s-545-2gb-16gb-pta-85-mp-i1949539952.html.json,3f6c02ab3e7eff454141ca5911ed15262eb62422abbcd017f11bbf287426ac88,0.41667
07ebb7fe8a13d3cd57658e99ba09e068955f4e2fa0fb2add6c35c2adc9662c6a,2026-08-15T09:27:42+00:00,"Google Pixel 8 Pro Official PTA Approved (12GB RAM, 128GB/256GB ROM)",https://www.daraz.pk/products/8-12-128-256-i601324863.html,,false,[],Weight Unknown,[168000.0],daraz.pk/daraz__8-12-128-256-i601324863.html.json,d50d82e713bedff28a9b71eb67a530e45d28943c0752aa6491868acf5ec8c540,0.45833
4ce37708a51ccb4f863f7c00361fa81757f6b7ef1d4952e7e3d302d02e85ab5b,2026-08-15T10:16:13+00:00,Google Pixel 8 Pro | 12GB Ram | 128GB/256GB storage | Official PTA approved | Without box,https://www.daraz.pk/products/8-12-128-256-i927462482.html,,false,[],Weight Unknown,[220000.0],daraz.pk/daraz__8-12-128-256-i927462482.html.json,44ea9afd4756fe1061ac372de735300669aaca4cedfb46592019033815abde94,0.41667
8f49e3e361199cbc5567e9b49317521d8b8f0e3b4cf70445a7cdcccdd5b9b6b6,2026-08-15T09:32:46+00:00,OnePlus 8 Pro Dual Sim 12GB Ram 256GB Rom,https://www.daraz.pk/products/8-12gb-256gb-i452329546.html,,false,[],Weight Unknown,[104000.0],daraz.pk/daraz__8-12gb-256gb-i452329546.html.json,ca97b67d7b5554a38b3d42369ed9fcf3da401e50a4a017fb7aa4ec1b0c6a7191,0.29167
14f70f1a6e35a23f9f850c388b3b282302bf4a1aa70a53e2eed9828145caf57c,2026-08-15T13:01:54+00:00,INFINIX SMART 8 = 2GB RAM = 64GB ROM = 5000mAh BATTERY,https://www.daraz.pk/products/8-2gb-64gb-5000mah-i625652723.html,,false,[],Weight Unknown,[21999.0],daraz.pk/daraz__8-2gb-64gb-5000mah-i625652723.html.json,6791d9823156c1591e38a40856d982f875166cbf243b44a91635da7223e44f18,0.62500
fc741082bb6cd1acf321a1883add471be392d4ffbead9bfea36c0d53690786f2,2026-08-15T12:52:19+00:00,INFINIX SMART 8 = 2GB RAM = 64GB ROM = 5000mAh BATTERY,https://www.daraz.pk/products/8-2gb-64gb-5000mah-i769382763.html,,false,[],Weight Unknown,[21999.0],daraz.pk/daraz__8-2gb-64gb-5000mah-i769382763.html.json,6791d9823156c1591e38a40856d982f875166cbf243b44a91635da7223e44f18,0.62500
fd84a041be0f7d15182e2b495d0c4fc9f8736604f7f3e7c0b03e59a55c0dcc04,2026-08-15T12:49:25+00:00,SPARK NEO 8 LITE = 3GB RAM = 64GB ROM = 5000mAh BATTERY,https://www.daraz.pk/products/8-3gb-64gb-5000mah-i598887676.html,,false,[],Weight Unknown,[19999.0],daraz.pk/daraz__8-3gb-64gb-5000mah-i598887676.html.json,de0901e557d890242c96e7f9401ec4160336e62dd4ef7857dce8cedd5b2d0ddc,0.58333
b263848ccc373facc86878cf6731ea78634a90267535dd1e270fc054f88ab1d2,2026-08-15T12:58:50+00:00,SPARX NEO 8 LITE = 3GB RAM = 64GB ROM = 5000mAh BATTERY,https://www.daraz.pk/products/8-3gb-64gb-5000mah-i748811060.html,,false,[],Weight Unknown,[19699.0],daraz.pk/daraz__8-3gb-64gb-5000mah-i748811060.html.json,240c8982476a57bfefde5ec214cb36aaecac57abc589a44ff1383f2aeb8e8708,0.58333
55bf9a694e5e2e8c9a4fea9d08a62c5d8ee13a86adb53d78b9ed492ed6d80b77,2026-08-15T13:33:52+00:00,INFINIX SMART 8 PLUS = 4+4 = 8GB RAM = 64GB ROM = 6000mAh BATTERY,https://www.daraz.pk/products/8-4-4-8gb-64gb-5000mah-i455039158.html,,false,[],Weight Unknown,[28499.0],daraz.pk/daraz__8-4-4-8gb-64gb-5000mah-i455039158.html.json,8d999e8dbee35ad773922f0eefc3a2fc5aa521067aa582385af5b3741f6e91d4,0.62500
3996dc0f79871ddcc4ddd1f3862447a4b376880d693de0c11ef47b56bf4e84de,2026-08-15T13:12:36+00:00,VGO Tel Smart 8 Go 4GB RAM 64GB ROM 5000 mAh Battery Health Front Camera 5 MP Back Camera 13 MP With One Year Brand Warranty,https://www.daraz.pk/products/8-4-64-5000-5-13-i1962134857.html,,false,[],Weight Unknown,[30000.0],daraz.pk/daraz__8-4-64-5000-5-13-i1962134857.html.json,6800cb42ac74226208229605dd99fe8aeef8d21327eecd0e056e3e2d23f55811,0.29167
ba5f72993ce1984956adf87ce0b3483878ec671270cb69f95060a704b0f25cbf,2026-08-15T14:51:48+00:00,Carrefour Sparx Neo 8 Pro Smartphone 4GB RAM 128GB ROM Champagne Gold (279844),https://www.daraz.pk/products/8-4gb-128gb-279844-i933092952.html,,false,[],Weight Unknown,[25499.0],daraz.pk/daraz__8-4gb-128gb-279844-i933092952.html.json,bdf57797cd6e32fa6d790f9ee37ecb77d13506b037177c349c83444a6a6496e8,0.16667
2716cff24b844a56628cbdcd9239646177d2d10712a377eae1ccbbac85ec9528,2026-08-15T15:08:48+00:00,Carrefour Sparx Neo 8 Pro Smartphone 4GB RAM 128GB ROM Glitter Gold (279845),https://www.daraz.pk/products/8-4gb-128gb-279845-i933099529.html,,false,[],Weight Unknown,[25499.0],daraz.pk/daraz__8-4gb-128gb-279845-i933099529.html.json,a6754119750af06b5cc535a3fd319f41043be7a572a5c3a25790f106fef65b41,0.16667
5dac1d50c8f16c9b7dab35e052d7ed41f70ef029af03623aa275a6ef586848f3,2026-08-15T13:35:43+00:00,Carrefour Infinix Smart 8 Pro Smartphone 4GB RAM 128GB ROM Rainbow Blue (282017),https://www.daraz.pk/products/8-4gb-128gb-282017-i933102241.html,,false,[],Weight Unknown,[25999.0],daraz.pk/daraz__8-4gb-128gb-282017-i933102241.html.json,2a3b932e6193105d2ac3dfa109a7a8b2d3464e42dca282c73c8b1c254e0dccf7,0.16667
9fb671af8c9e29001dcfa8f35bb7104167378ddfde3d41d50e742be799e2e23e,2026-08-15T14:00:06+00:00,Carrefour Infinix Smart 8 Pro Smartphone 4GB RAM 128GB ROM Galaxy White (282018),https://www.daraz.pk/products/8-4gb-128gb-282018-i933093952.html,,false,[],Weight Unknown,[25999.0],daraz.pk/daraz__8-4gb-128gb-282018-i933093952.html.json,861aef66c1d4aa6f769036b0dbd81898e304b992efcdd816b8c1adff998cd2b8,0.16667
ac96c84a6b75a5c6fbd003955a46e70ca561c023ae80012fa3e932aaf34eb8b1,2026-08-15T13:22:33+00:00,Carrefour Infinix Smart 8 Pro Smartphone 4GB RAM 128GB ROM Alpenglow Gold (282019),https://www.daraz.pk/products/8-4gb-128gb-282019-i933104251.html,,false,[],Weight Unknown,[25999.0],daraz.pk/daraz__8-4gb-128gb-282019-i933104251.html.json,c0e77a173ec397a079b3f7a9c50dde9154a43943b7fd5c86724b946327aa4581,0.16667
2083de9064295c622b49b802b399479368f6b7403c98819757f4734434e5fe60,2026-08-15T14:46:00+00:00,Carrefour Infinix Smart 8 Pro Smartphone 4GB RAM 128GB ROM Timber Black (282020),https://www.daraz.pk/products/8-4gb-128gb-282020-i933100463.html,,false,[],Weight Unknown,[27999.0],daraz.pk/daraz__8-4gb-128gb-282020-i933100463.html.json,03d87235a084f6704ec5bb6d52b0d572062eefe5bd3c9296a89f352712de42ea,0.16667
4a57d39be57a03650e741f9497afaebcf23bc47141d986a0ef5209617a5f1b68,2026-08-15T12:48:45+00:00,SPARX NEO 8 = 4GB RAM = 128GB ROM = 5000mAh BATTERY,https://www.daraz.pk/products/8-4gb-128gb-5000mah-i748769865.html,,false,[],Weight Unknown,[23999.0],daraz.pk/daraz__8-4gb-128gb-5000mah-i748769865.html.json,02d834ea28f24b50af4a39a4e485a4907da5aeb62bac099335d95f69a3ddaccb,0.58333
4b652051e15253c16d160390df89504cd3a057fb07dd6febdd5be97963999bce,2026-08-15T12:42:32+00:00,SPARX NEO 8 PRO = 4GB RAM = 128GB ROM = 5000mAh BATTERY,https://www.daraz.pk/products/8-4gb-128gb-5000mah-i748787032.html,,false,[],Weight Unknown,[23999.0],daraz.pk/daraz__8-4gb-128gb-5000mah-i748787032.html.json,f8eaa0580f9151292855794678d0e11da997d2827b5a5e9e52b7a505bc77dc5b,0.58333
68668e5443eca1523c2feb43c31a60d3cca890774d361739fc8986c21fa9031b,2026-08-15T13:35:09+00:00,INFINIX SMART 8 = 4GB+4GB = 8GB RAM = 64GB ROM = 5000mAh BATTERY,https://www.daraz.pk/products/8-4gb-4gb-8gb-64gb-5000mah-i471768971.html,,false,[],Weight Unknown,[23999.0],daraz.pk/daraz__8-4gb-4gb-8gb-64gb-5000mah-i471768971.html.json,542365189db500019239b5d9731cfb8dd4ab31e54c197aa1b562ab9af9d3df43,0.62500
e3e07d421aaeb4e7f549f2fcaac62eee14fc43cc83d1e26fd3effd289770c871,2026-08-15T14:14:34+00:00,Carrefour Infinix Smart 8 Smartphone 4GB RAM 64GB ROM Shiny Gold (281992),https://www.daraz.pk/products/8-4gb-64gb-281992-i933098677.html,,false,[],Weight Unknown,[25999.0],daraz.pk/daraz__8-4gb-64gb-281992-i933098677.html.json,80358d1befc52b3710581916d7ae6539f2c9b601b99cc19ba9e5d66e47ca2cdd,0.16667
06fdcc9f07e7cc851b6db81d0ea016a327458fb7eaab39d647c6a2097ba95b0c,2026-08-15T13:48:16+00:00,Carrefour Infinix Smart 8 Smartphone 4GB RAM 64GB ROM Crystal Green (281993),https://www.daraz.pk/products/8-4gb-64gb-281993-i933104248.html,,false,[],Weight Unknown,[24999.0],daraz.pk/daraz__8-4gb-64gb-281993-i933104248.html.json,c0a643aaef4a5d18c55716ae747b72fc4b264d3fd2c07ec77edb2eabffc8e77e,0.16667
5c4e61011b9b9da204f3d4761892462f535b28f5177d902fb491a6801cda10e4,2026-08-15T13:31:49+00:00,Carrefour Infinix Smart 8 Smartphone 4GB RAM 64GB ROM Timber Black (281994),https://www.daraz.pk/products/8-4gb-64gb-281994-i933098678.html,,false,[],Weight Unknown,[25999.0],daraz.pk/daraz__8-4gb-64gb-281994-i933098678.html.json,f5fdfbf9e0ccfdb901629954eb6ed5b38093c2ffa3c9489ce3e9708488552471,0.16667
ff1b773a0cd101b9c89502f72daa95845b416673e39034a7db1c790092b1f4cb,2026-08-15T14:26:12+00:00,Carrefour Infinix Smart 8 Plus Smartphone 4GB RAM 64GB ROM Shiny Gold (282002),https://www.daraz.pk/products/8-4gb-64gb-282002-i933093951.html,,false,[],Weight Unknown,[24499.0],daraz.pk/daraz__8-4gb-64gb-282002-i933093951.html.json,9c3574b9a5b911acccea49c124e5e4aeadfbe260e73602234a4412bc90ae89cc,0.16667
1d2bbd1b8c379cdb5dd779715e20ef404f79dd201d1f4dac335748100a453f58,2026-08-15T13:27:58+00:00,Carrefour Infinix Smart 8 Smartphone 4GB RAM 64GB ROM Galaxy White (282021),https://www.daraz.pk/products/8-4gb-64gb-282021-i933104252.html,,false,[],Weight Unknown,[24999.0],daraz.pk/daraz__8-4gb-64gb-282021-i933104252.html.json,c336650e2a4d5f41125e260a5f6e0be150d62c776b0e49f9fecb2995920de1e1,0.16667
60afd6820c102c74d590898d7aafa5681c6493738cdbfc45c1ea6bc7553609ba,2026-08-15T14:31:36+00:00,Carrefour Infinix Smart 8 Plus Smartphone 4GB RAM 64GB ROM Timber Black (285210),https://www.daraz.pk/products/8-4gb-64gb-285210-i933098685.html,,false,[],Weight Unknown,[28499.0],daraz.pk/daraz__8-4gb-64gb-285210-i933098685.html.json,40d54b1e0aec3ffc047ae1f33efe7bb4f9f7feed1a451aef6ed1e9b15914707f,0.16667
1b610700e643e49773f223f2af749b96280d5ec038583cb4f31515af3075e37a,2026-08-15T12:27:20+00:00,VGOTEL SMART 8 = 4GB RAM = 64GB ROM = 5000mAh BATTERY,https://www.daraz.pk/products/8-4gb-64gb-5000mah-i578201540.html,,false,[],Weight Unknown,[19499.0],daraz.pk/daraz__8-4gb-64gb-5000mah-i578201540.html.json,af4e563de00864f9018a3af20e6e02afca55d858fc7c70bb06d569192c5d53e7,0.62500
bd217d3b9636f2dee4aec7e24611c8908f1c35cf9756e6559efee24474c79e9b,2026-08-15T12:56:26+00:00,SPARX NEO 8 PLUS = 4GB RAM = 64GB ROM = 5000mAh BATTERY,https://www.daraz.pk/products/8-4gb-64gb-5000mah-i748773640.html,,false,[],Weight Unknown,[21999.0],daraz.pk/daraz__8-4gb-64gb-5000mah-i748773640.html.json,1d4c38cac24143bee7d8904c1ecd531af1faa04e72e2cba9bf82bb1a36584ee2,0.62500
106aaa79587fb8c88c905c5e441df93c67f5c555abb8d5629e95aa45665cbc6f,2026-08-15T12:19:57+00:00,VGOTEL SMART 8 = 4GB RAM = 64GB ROM = 5000mAh BATTERY,https://www.daraz.pk/products/8-4gb-64gb-5000mah-i752191091.html,,false,[],Weight Unknown,[19699.0],daraz.pk/daraz__8-4gb-64gb-5000mah-i752191091.html.json,fdb44d2a0cf35237fdcf3176e0715918c2e09ad98f335308459f1ea548e6895a,0.62500
539d9fcae8f5be865874ec92c8f2f069817cda0423a1e6ad81a4738285137177,2026-08-15T10:25:07+00:00,Digit 8 - 6.5 Inch HD+ Incell screen Display - 3GB Ram and 3GB Extendable ram = 6GB RAM & 64GB Memory - 4000mAH Battery - Face Unlock - Octacore 4G processor - Android 15 Go - 8MP Back and 5MP Front camera - Dual Sim - PTA Approved - 1 Year brand warranty,https://www.daraz.pk/products/8-65-3-3-6-64-4000-4-15-8-5-i1954151923.html,,false,[],Weight Unknown,[29999.0],daraz.pk/daraz__8-65-3-3-6-64-4000-4-15-8-5-i1954151923.html.json,b61b61042d9b5033e2c90b7b2cc6834976aa07d1054d253a7ddfe387cf75164a,0.33333
8fcd761bca17815ae9701f115e66e4c023cc5d0fdbea55e4657dde053b1122c4,2026-08-15T09:59:44+00:00,Digit 8 - 6.5 Inch HD+ Incell screen Display - 3GB Ram and 3GB Extendable ram = 6GB RAM & 64GB Memory - 4000mAH Battery - Face Unlock - Octacore 4G processor - Android 15 Go - 8MP Back and 5MP Front camera - Dual Sim - PTA Approved - 1 Year brand warranty,https://www.daraz.pk/products/8-65-3-3-6-64-4000-4-15-8-5-i1954474695.html,,false,[],Weight Unknown,[29999.0],daraz.pk/daraz__8-65-3-3-6-64-4000-4-15-8-5-i1954474695.html.json,b61b61042d9b5033e2c90b7b2cc6834976aa07d1054d253a7ddfe387cf75164a,0.33333
de54abe76f759216ff23b22060c5254553c927d9c0f879b786a01f2b5b37363f,2026-08-15T10:33:20+00:00,Google Pixel 8 Official PTA Approved 8 GB - 128 GB Dual Sim,https://www.daraz.pk/products/8-8-128-i1950712346.html,,false,[],Weight Unknown,[112000.0],daraz.pk/daraz__8-8-128-i1950712346.html.json,18c039b6824120274ec1beb09d65564c95b80bb84424a0aab8724f14bac66545,0.41667
8d8c0a2c479f39f10f118666340e157895b428076f8ef7da034b1dd65cb0895f,2026-08-15T14:46:27+00:00,Carrefour MOBILE 8 PRO ULTRA 8+256 ORANGE SPA (285414),https://www.daraz.pk/products/8-8256-285414-i933093960.html,,false,[],Weight Unknown,[37999.0],daraz.pk/daraz__8-8256-285414-i933093960.html.json,865fc05a3195c6668b3735fd1b3af9b450527f21c14197099ee6b97b637f73f5,0.12500
d9e9983a99b6fa7c610c8646741971f3b53cc17ec121d1d25a75ad7458ed9740,2026-08-15T13:35:33+00:00,Carrefour Sparx Ultra Pro 8 Smartphone 8GB ROM 128GB ROM Elegant Blue (285416),https://www.daraz.pk/products/8-8gb-128gb-285416-i933105152.html,,false,[],Weight Unknown,[35999.0],daraz.pk/daraz__8-8gb-128gb-285416-i933105152.html.json,1bb43408aa9a6db5738e5c060ea44b82a9fe07dbabeca0fd1a4d3611777a6d9c,0.16667
43a2e6d30d15e64c3ccc6e241be247c3f17a63a042d6d8ee4194d1eb1b5e83d0,2026-08-15T13:34:59+00:00,Carrefour Sparx Ultra Pro 8 Smartphone 8GB ROM 128GB ROM Smoke White (285417),https://www.daraz.pk/products/8-8gb-128gb-285417-i933104259.html,,false,[],Weight Unknown,[33999.0],daraz.pk/daraz__8-8gb-128gb-285417-i933104259.html.json,6ac77d5273572b1fcc711852474747d1bd086244a57f6ac587c2fe9d7778114a,0.16667
6f9a3a36291a7b8f93de4674f375d7791675ae80f4f6747e21bc094efdd0c2df,2026-08-15T12:21:55+00:00,SPARX ULTRA 8 = 8GB RAM = 128GB ROM = 5000mAh BATTERY,https://www.daraz.pk/products/8-8gb-128gb-5000mah-i551562710.html,,false,[],Weight Unknown,[24499.0],daraz.pk/daraz__8-8gb-128gb-5000mah-i551562710.html.json,2f42a59636bf1032e127aaac9de7e41c97cd79fdf4b3ed61f922a6f87d4f98ae,0.58333
b3351c39b3635071b2cdcf2c0b006ec6a2486a6d64cda3384c6f81c59717c2a3,2026-08-15T09:30:46+00:00,OnePlus 8 Single Sim 8GB Ram 128GB Rom,https://www.daraz.pk/products/8-8gb-128gb-i434672502.html,,false,[],Weight Unknown,[78000.0],daraz.pk/daraz__8-8gb-128gb-i434672502.html.json,d07c2a2ddcb1c654f3c62a7793050ecac5c162ec941c13aae6c7553f4925088f,0.29167
e4a7ab3f6017421117ddc98b04e594d2595499f453bec3f56c6c7d13b456a902,2026-08-15T14:01:50+00:00,Carrefour Sparx Ultra Pro 8 Smartphone 8GB ROM 256GB ROM Smoke White (285413),https://www.daraz.pk/products/8-8gb-256gb-285413-i933097826.html,,false,[],Weight Unknown,[36993.0],daraz.pk/daraz__8-8gb-256gb-285413-i933097826.html.json,cc2d6c5ef990ed622adff1b6fe909ae466e0f26557c25ab11004e7cafc91f309,0.16667
09fe9e58100c96db5b0ef977223c06e6e257c96cb3342a3ede923b8db3e95fba,2026-08-15T14:10:03+00:00,Carrefour Sparx Ultra Pro 8 Smartphone 8GB ROM 256GB ROM Elegant Blue (285427),https://www.daraz.pk/products/8-8gb-256gb-285427-i933105154.html,,false,[],Weight Unknown,[39499.0],daraz.pk/daraz__8-8gb-256gb-285427-i933105154.html.json,10e540a66975341c1cee53d3ad5c2208a4b865fc33e6c4f96e0acdeafee529a4,0.16667
ccd229956c7827ce43541b114b893952faddae18b1fabadaca8a0d324199daf7,2026-08-15T12:10:29+00:00,SPARX ULTRA 8 PRO = 8GB RAM = 256GB ROM = 5000mAh BATTERY,https://www.daraz.pk/products/8-8gb-256gb-5000mah-i551584300.html,,false,[],Weight Unknown,[27999.0],daraz.pk/daraz__8-8gb-256gb-5000mah-i551584300.html.json,2b8941e0655be64d5cc8573195d267e1fe712be4271b56cffef8131146f05a44,0.58333
f24728013ac9e8dd618b75637c2cd58a1c48e91f89422fcb6d8290cb40ae92c0,2026-08-15T12:44:32+00:00,SPARX ULTRA 8 = 8GB RAM = 128GB ROM = 5000mAh BATTERY,https://www.daraz.pk/products/8-8gb-256gb-5000mah-i617608900.html,,false,[],Weight Unknown,[32999.0],daraz.pk/daraz__8-8gb-256gb-5000mah-i617608900.html.json,b5ba4ecd1a3ee14b8ad9dffca1eb22ace435baa8e05e26365b4430817bdc698b,0.58333
ef94bdade7b6edddba90be67725497031c38b689fda43b3d82653e1ffb4d1088,2026-08-15T12:31:11+00:00,SPARX ULTRA 8 PRO = 8GB RAM = 256GB ROM = 5000mAh BATTERY,https://www.daraz.pk/products/8-8gb-256gb-5000mah-i748757838.html,,false,[],Weight Unknown,[36999.0],daraz.pk/daraz__8-8gb-256gb-5000mah-i748757838.html.json,12f4e5414df5791d6aec2959727737ca357f278ba4e869af74f3d94db5dc4614,0.58333
78e81bcf2c98d2ae6b03941b89b6abf97b3791663497cc7c731537ad9ca7d7c6,2026-08-15T09:24:32+00:00,Google Pixel 8a | 8GB Ram | 128GB storage | dual sim | just like new condition | without box,https://www.daraz.pk/products/8-8gb-will-128gb-i897639215.html,,false,[],Weight Unknown,[110000.0],daraz.pk/daraz__8-8gb-will-128gb-i897639215.html.json,0d1efbaec2f8e751e3027e0d07ecbc80da024515532fb46c74fbbe5759217bb4,0.41667
634ccec4b0e311d11cacd2bf9d7f6a3299d00d9fb0e90d1c979354750f8cf435,2026-08-15T09:15:41+00:00,Google Pixel 8 | 8GB Ram | 128GB storage | dual sim approved | without box,https://www.daraz.pk/products/8-ace-8gb-will-128gb-pta-4-i581780810.html,,false,[],Weight Unknown,[150000.0],daraz.pk/daraz__8-ace-8gb-will-128gb-pta-4-i581780810.html.json,36c7c80472c946cd85dbd6ab4dc31cfba8f0699ec550a67fdfe1fd6e04528d87,0.41667
900049a3589c0b91ff78a2683bfbe5e0b934fdf9f20a291235d7070769711936,2026-08-15T10:45:04+00:00,Sego Note 80 - 4GB RAM 128GB ROM 6.8'' HD Display 5000mAh Battery PTA Approved 1 Year Official Brand Warranty,https://www.daraz.pk/products/80-4-128-68-5000-1-i1953995496.html,,false,[],Weight Unknown,[29999.0],daraz.pk/daraz__80-4-128-68-5000-1-i1953995496.html.json,d3e3dff68cfa1a807b2ff2db7f2c3e98843eb833b7db985d6c89cfc009a7a84d,0.29167
1950bda4dd4d8fd028c919f5ffcc8650453782174e7e77cbe34c8aa974bd0214,2026-08-15T11:41:14+00:00,ITEL POWER 80 = 4GB RAM = 128GB ROM = 7000mAh BATTERY,https://www.daraz.pk/products/80-4-128-7000-i1968634486.html,,false,[],Weight Unknown,[44999.0],daraz.pk/daraz__80-4-128-7000-i1968634486.html.json,26e5b43a1a2c2be8297aa132c4fe4898386a515c2a7e9328414c31e8a68c25a9,0.25000
70b03c418b13d768eae834715b569fe89e5363ca71e28c4b303b65b96630e0f4,2026-08-15T10:58:30+00:00,Sego Note 80 4GB RAM 128GB ROM 13MP Back Camera 5000 mAh Battery One Year Brand Warranty,https://www.daraz.pk/products/80-4gb-128gb-13mp-5000-mah-i1948080692.html,,false,[],Weight Unknown,[35000.0],daraz.pk/daraz__80-4gb-128gb-13mp-5000-mah-i1948080692.html.json,5ff5129c29a28de1f4faf2c4aaa98d6254975bcbc43da39980c7e6187e9ca583,0.25000
651116657adf89e2b5ae1ad8542087a16a213ef0403589b7393d5b81716a23b7,2026-08-15T10:06:20+00:00,ITEL POWER 80 = 4GB RAM = 128GB ROM = 7000mAh BATTERY,https://www.daraz.pk/products/80-4gb-128gb-7000mah-i1968310220.html,,false,[],Weight Unknown,[46999.0],daraz.pk/daraz__80-4gb-128gb-7000mah-i1968310220.html.json,a7286c36a1f8ea97e7df12a16c377a81b09712c22d7a9558eb52d672479a8e1e,0.25000
fac073bf94afb3298d6d939454c2de5d46ebeab8f38d2aa448e569202e34235f,2026-08-15T11:53:51+00:00,"itel Power 80 - 6.78"" HD+ 120Hz Display - 8GB RAM (4GB+4GB) - 128GB ROM - 7000mAh Battery - PTA Approved - 1 Year Official Brand Warranty",https://www.daraz.pk/products/80-678-hd-120hz-8gb-4gb-4gb-128gb-pta-1-i1969008895.html,,false,[],Weight Unknown,[44999.0],daraz.pk/daraz__80-678-hd-120hz-8gb-4gb-4gb-128gb-pta-1-i1969008895.html.json,debdc36e4b560646b6d8785c33ff6cc6eafcc491748f1640aae9ade21e27acf4,0.45833
26cc5871e4c8bb036882ea7b9e8d7b02a93a80b03fa617971b375f8118ed0176,2026-08-15T13:53:26+00:00,"SEGO Note 80 Smartphone | 6.8"" HD Display | Octa-Core Processor | 13MP Dual AI Rear Camera | 8MP Selfie Camera | 5000mAh Battery | 128GB Storage | 12GB RAM (4GB + 8GB Extended) | Android 15 | Dual SIM | 4G LTE",https://www.daraz.pk/products/80-68-13mp-ai-8mp-5000mah-128gb-12gb-4gb-8gb-15-4g-lte-i1965884442.html,,false,[],Weight Unknown,[30999.0],daraz.pk/daraz__80-68-13mp-ai-8mp-5000mah-128gb-12gb-4gb-8gb-15-4g-lte-i1965884442.html.json,cdae699be88939e35e323e5643a354a4205b6efaacaf2aa0d4a921467da10faa,0.33333
4902cfe5c7afa32acf4e4c5db047658df0210d3f091378bb90440e6c3178881d,2026-08-15T15:20:09+00:00,"SEGO Note 80X Smartphone | 6.8"" HD Display | Octa-Core Processor | 13MP Dual AI Rear Camera | 8MP Selfie Camera | 5000mAh Battery | 64GB Storage | 12GB RAM (4GB + 8GB Extended) | Android 15 | Dual SIM | 4G LTE",https://www.daraz.pk/products/80x-hd-13mp-ai-x8-mp-20-000mah-64gb-12gb-4gb-8gb-15-4g-lte-i1965878833.html,,false,[],Weight Unknown,[27999.0],daraz.pk/daraz__80x-hd-13mp-ai-x8-mp-20-000mah-64gb-12gb-4gb-8gb-15-4g-lte-i1965878833.html.json,b44befdb15fc3fc734cb536df90f1ed5f2102069cbaafb6eaaab894613cd57b8,0.33333
f8b20a3ced694b25adc0a840710adf66e3367302956f43c974b8e49e92a8ab54,2026-08-15T09:24:11+00:00,"Vivo Y85 4gb 64gb Beauty Camera 3260mah battery 6.3"" Display",https://www.daraz.pk/products/85-4-64-3260-63-i341755550.html,,false,[],Weight Unknown,[19999.0],daraz.pk/daraz__85-4-64-3260-63-i341755550.html.json,021ac0debdaaa80bc2e1f89f0274ac266da5b6161af972f3a2c1861891a30711,0.33333
f3365147873469f22cbfc7c76423c3f0d77a6e70f28399488f14b8d4e57b7f3e,2026-08-15T08:47:47+00:00,Vivo Y85 4gb RAM 64gb Memory Charger and packing box,https://www.daraz.pk/products/85-4-64-i493605285.html,,false,[],Weight Unknown,[19999.0],daraz.pk/daraz__85-4-64-i493605285.html.json,a85cb0877f6a2dcbcde71ff294f6c5f5e385910581b772405fe371f35b6c3684,0.37500
5c58a12ad6340717fbb80d31a5d1d53dfa5f7de897d1fd86730284266820f4f2,2026-08-15T13:05:49+00:00,"Realme C85 Pro - 6.8"" AMOLED 120Hz (Up to 4000 nits) | Snapdragon 685 (6 nm) | 8GB RAM + 256GB ROM | 7000mAh + 45W Fast Charging | 50MP Camera | Android 15 Os | Official PTA Approved Mobile Phone",https://www.daraz.pk/products/85-68-120-4000-685-6-8-256-7000mah-45w-50-15-i934960861.html,,false,"[""Parrot Purple"",""Peacock Green""]",Weight Unknown,[79999.0],daraz.pk/daraz__85-68-120-4000-685-6-8-256-7000mah-45w-50-15-i934960861.html.json,620baabcda27af9367afa8f93c3f81884bf01b9b40464d55a14e22ae23157e50,0.70833
5ac224fbec217567f3fd0d564def6a9608601940d8823d2d1f268f4fcdfe0877,2026-08-15T13:30:04+00:00,POCO C85 (8GB+256GB) - Mediatek Helio G81 Ultra - 50MP Dual Camera - 6000mAh Massive Battery - 6.9 Immersive Display - Official PTA Approved,https://www.daraz.pk/products/85-8-256-81-50-6000-69-i932703841.html,,false,"[""Black"",""Purple"",""Green""]",Weight Unknown,[59999.0],daraz.pk/daraz__85-8-256-81-50-6000-69-i932703841.html.json,7ee7d1ba90c57f5e2d9bae0aef713894b9fcd03b9e2b5a8ded9a54559d2adb03,0.66667
61e2b218fded93bf76bd24ff05f25186e7b155a583b9c5e1ceb2b8ce98cbc3f3,2026-08-15T10:49:15+00:00,Oppo A6 128GB - 8GB RAM 6.75 Display 7000 mAh Battery 50 MP + 2 MP Back Camera Processor Snapdragon 685 (6nm),https://www.daraz.pk/products/8gb-1-gb-a6-128-50-mah-2-mp-675-6nm-i1958105188.html,,false,[],Weight Unknown,[79999.0],daraz.pk/daraz__8gb-1-gb-a6-128-50-mah-2-mp-675-6nm-i1958105188.html.json,c7325e7690faf4eff55ad8389665fa585cb65fa50fcca9ca1f984e3dfebaa5c5,0.29167
5f7012fec3e865c1633dcf85702a7115cdfeda16789639c13ce73f8b6f90cee6,2026-08-15T11:16:34+00:00,Oppo A6 128GB - 8GB RAM 7000 mAh Battery50 MP + 2 MP Back Camera Processor Snapdragon 685 (6nm),https://www.daraz.pk/products/8gb-1-gb-a6-2-mp-50-mp-128-6nm-i1964983322.html,,false,[],Weight Unknown,[74999.0],daraz.pk/daraz__8gb-1-gb-a6-2-mp-50-mp-128-6nm-i1964983322.html.json,e3d61d58c5aac079f9f4e07cb9e3d44e500af0759fedbb3784be82b72228664e,0.29167
315d14b6c41bdc983d11c543ea64f5757064d3158e9d3ebcd472b47c1cf564cb,2026-08-15T11:30:36+00:00,Oppo A6 256GB - 8GB RAM 6.75 Display 7000 mAh Battery 50 MP + 2 MP Back Camera Processor Snapdragon 685 (6nm),https://www.daraz.pk/products/8gb-1-gb-a6-256-50-mah-2-mp-675-6nm-i1958103254.html,,false,[],Weight Unknown,[99999.0],daraz.pk/daraz__8gb-1-gb-a6-256-50-mah-2-mp-675-6nm-i1958103254.html.json,b4b6b338f4d458f4f7baaa797794d9ece7edabb3df17688442d0c2d014460796,0.29167
0d387fe2b96cb6d5783fc3787438afad7e4f8b0e35aed27dc1315a73754f60a0,2026-08-15T13:16:17+00:00,DCODE CYGNAL ULTRA = 8GB RAM = 128GB ROM = 6000mAh BATTERY,https://www.daraz.pk/products/8gb-128gb-6000mah-i936800439.html,,false,[],Weight Unknown,[32999.0],daraz.pk/daraz__8gb-128gb-6000mah-i936800439.html.json,2e06b6b618f8d46cc4e109f467592fa3253de83da4a989de3ec5aea625d33989,0.37500
c2a15e149abb8b50aa0cdd99206861edd6e387e4e7c7864d72f3cab6dff24aca,2026-08-15T13:39:30+00:00,DCODE CYGNAL ULTRA = 8GB RAM = 128GB ROM = 6000mAh BATTERY,https://www.daraz.pk/products/8gb-128gb-6000mah-i938333633.html,,false,[],Weight Unknown,[32999.0],daraz.pk/daraz__8gb-128gb-6000mah-i938333633.html.json,2e06b6b618f8d46cc4e109f467592fa3253de83da4a989de3ec5aea625d33989,0.37500
0b0ac3135972e8f4157caf0dd5b3e7b620a40dae46b5f31ef7a2c11f4abac8d8,2026-08-15T12:27:59+00:00,Infinix Hot 40i 8GB + 8GB RAM 256GB Memory 5000 mAh Battery 18W Fast Charging 50MP Camera 5000 mAh Battery PTA Approved Brand New Box Packed,https://www.daraz.pk/products/8gb-40i-8gb-256-mah-18-50mp-1-mah-pta-i476516594.html,,false,[],Weight Unknown,[34999.0],daraz.pk/daraz__8gb-40i-8gb-256-mah-18-50mp-1-mah-pta-i476516594.html.json,61268201dc0b1333a302c6cae2d64b400fca627fab6a476354fb23bee000745d,0.62500
5dc8f30758b77345ea7f4177cc59a75a2570b66afabfb8cc2865931d516f2632,2026-08-15T12:50:33+00:00,Infinix Hot 40i 8GB + 8GB RAM 128GB Memory 50MP Camera 5000 mAh Battery PTA Approved Brand New Box Packed,https://www.daraz.pk/products/8gb-40i-8gb-50mp-1-mah-pta-i476494438.html,,false,[],Weight Unknown,[31999.0],daraz.pk/daraz__8gb-40i-8gb-50mp-1-mah-pta-i476494438.html.json,03855832338635ccee7ca6ce8b8096a9687484badd5a227eae53f60d80fd8439,0.62500
bae3080ddc78a6885b89e4c1167aaf20528995cecda3e68f22de00ac41bd16c0,2026-08-15T11:16:24+00:00,Redmi Note 15 4G - 8GB Ram - 128GB Rom - 6000mAh Battery,https://www.daraz.pk/products/8gb-4g-15-128gb-6000mah-i1965818988.html,,false,[],Weight Unknown,[69999.0],daraz.pk/daraz__8gb-4g-15-128gb-6000mah-i1965818988.html.json,6eb792c398c5647527ad2d3f2caea7ccf11606d1fbce8f33c2631857a1aa0b41,0.41667
efa1961945cf282241f64ebe6f5ebcd3544a299fcf7cdaf21f47037130f9b70a,2026-08-15T12:16:47+00:00,Tecno Spark Go 1 4GB+4GB Upto 8GB Dynamic Ram 64GB ROM 13MP Camera 5000mAh Battery PTA Approved Box Pack,https://www.daraz.pk/products/8gb-4gb-1-4gb-64gb-13mp-5000mah-pta-i622265687.html,,false,[],Weight Unknown,[27000.0],daraz.pk/daraz__8gb-4gb-1-4gb-64gb-13mp-5000mah-pta-i622265687.html.json,777fa34a9ddd0a644a45fca66130349cb9c78e04c0e989c3ca3ffd498133cf62,0.41667
dd4f6e7853b229b29fbbd2a2a648cfb9a942a1900890c0aae5f1a4b2ccef8c86,2026-08-15T10:04:32+00:00,Samsung Galaxy A 56 5G 8GB RAM + 256GB Rom 5000 mAh Battery Back Camera: 50 MP + One Year Brand Warranty,https://www.daraz.pk/products/8gb-55g-a-256gb-50-mp-i757327553.html,,false,"[""Black"",""other colors""]",Weight Unknown,[165000.0],daraz.pk/daraz__8gb-55g-a-256gb-50-mp-i757327553.html.json,fc1bd0beea9a1d712c70d8a65cac35d013b673bfb425999244c2554a6eb01c88,0.66667
5fcd2172f708a5e9461ea5fa2f070a5770d72dac4b1c8e1ced1ac92f705c73c3,2026-08-15T14:50:39+00:00,"OPPO Reno 14F 5G - 8GB RAM, 256GB ROM, Snapdragon 6 Gen 1, 6000mAh Battery With 45W Charge",https://www.daraz.pk/products/8gb-5g-14f-256gb-6-1-6000mah-45w-i911645924.html,,false,[],Weight Unknown,[169999.0],daraz.pk/daraz__8gb-5g-14f-256gb-6-1-6000mah-45w-i911645924.html.json,951ff9ca292b2b9fbac6c1c8610c4a04f7a608304bbd78bc11bc86434d55d3bd,0.62500
c6172684cce35b7df11b772f5254cd4c717b2b46f97c002d1c83031b3c196f2d,2026-08-15T12:06:42+00:00,"Samsung Galaxy A26 5G 8GB RAM 256GB ROM, Includes 45W Fast Charger | 6.7"" 120Hz Super AMOLED Display | 50MP Triple Camera | 5000mAh Battery, Android 14, PTA Approved",https://www.daraz.pk/products/8gb-5g-a26-256gb-45w-100-67-hz-law-50mp-law120-mah-14-pta-i823686291.html,,false,[],Weight Unknown,[99999.0],daraz.pk/daraz__8gb-5g-a26-256gb-45w-100-67-hz-law-50mp-law120-mah-14-pta-i823686291.html.json,4f56e23c7c647c307f66c7c630259684be5a9b6c8bff382ea6f7689391cfb6a2,0.50000
f026923e1ccaf7f398a61af7e024f586f10a4c0a5b8a586cd0ba7191f5b14c9b,2026-08-15T09:36:09+00:00,Samsung Galaxy A26 5G - 6.7'' FHD+ Super Amoled Display 8GB RAM 256GB ROM 50MP Rear Camera 1 Year Offical Brand Warranty PTA Approved,https://www.daraz.pk/products/8gb-5g-a26-256gb-i828085920.html,,false,[],Weight Unknown,[105999.0],daraz.pk/daraz__8gb-5g-a26-256gb-i828085920.html.json,d2569419c22a626d0b64b9f200486424ae9c24fb661315c45eb2ca3777a2b0db,0.45833
e55d9a7c2b82a74a8f6b5b03f24c1ca2d4464df7375e82a52c4ffd20335c7c94,2026-08-15T09:45:39+00:00,"Samsung Galaxy A36 5G 8GB RAM 256GB ROM (With 45w Super Fast Charger) Snapdragon 6 Gen 3 | 6.7"" Super AMOLED 120Hz Display | 50MP OIS Triple Camera | Android 15 OneUI 7 | 5000mAh Battery | 45W Fast Charging | PTA Approved",https://www.daraz.pk/products/8gb-5g-a36-256gb-45w-6-3-100-67-hz-air-50mp-ois-20-15-oneui-7-law-120-mah-45-pta-i823748405.html,-26.2 LUFS (Good),false,[],1.07 W/kg (head),[129999.0],daraz.pk/daraz__8gb-5g-a36-256gb-45w-6-3-100-67-hz-air-50mp-ois-20-15-oneui-7-law-120-mah-45-pta-i823748405.html.json,cad6cb1a4ec2e4ef0a48e6a3d51b867f2fc2ea8087d2f34afc74a50dac1a00ef,0.79167
c089e56b50b39ab47afda865502c965c5e7e55ae5764c4c40b7ed23ec54dac84,2026-08-15T09:49:29+00:00,Samsung Galaxy A36 5G - 6.7'' FHD+ Super Amoled Display 8GB RAM 256GB ROM 1 Year Official Brand Warranty PTA Approved,https://www.daraz.pk/products/8gb-5g-a36-256gb-i828152417.html,,false,[],Weight Unknown,[124999.0],daraz.pk/daraz__8gb-5g-a36-256gb-i828152417.html.json,9888ceeb9f429c04e6d43175a75478d0aba43e7bf7b959395804ed4b3102e8db,0.41667
9b33549e897651b3a4e5831913ae80dd03a313c73e8797fa62e2d0c51161a881,2026-08-15T11:47:56+00:00,Samsung Galaxy A37 5G 8GB RAM 256GB ROM Front Camera 12.0 MP Back Camera 50.0 MP 5000 mAh Battery One Year Brand Warenty,https://www.daraz.pk/products/8gb-5g-a37-256gb-120-mp-i1954304455.html,,false,[],Weight Unknown,[180000.0],daraz.pk/daraz__8gb-5g-a37-256gb-120-mp-i1954304455.html.json,675ce3c8b34c10e45edde37c1f40089263e292d2d12f9a81ffc0027b793ae6cb,0.33333
d4ef4da5497e220c6dcaac6dc458ac2340ce2abb25707226dd688fa065d6e29b,2026-08-15T10:01:11+00:00,"Samsung Galaxy A56 5G 8GB RAM, 256GB ROM FHD+ Super AMOLED HDR10+ Display Android 15, One UI 7 Exynos Chip 6.7” Screen 50MP Triple OIS Camera 45W Fast Charging PTA Approved",https://www.daraz.pk/products/8gb-5g-a56-256gb-fhd-hdr10-15-ui-7-exynos-67-50mp-ois-45w-pta-i823749360.html,,false,"[""Black"",""other colors""]",Weight Unknown,[149999.0],daraz.pk/daraz__8gb-5g-a56-256gb-fhd-hdr10-15-ui-7-exynos-67-50mp-ois-45w-pta-i823749360.html.json,6b76355a4c9f26f075a53e424ccd8e3e9e84e475584f6e564d6c99f0a9ead994,0.70833
ffc600033aa238686682f8b1de90ef7e62e999e17b30d8513051080ab98dadb4,2026-08-15T11:42:50+00:00,"Samsung Galaxy A56 5G 8GB + 256GB , 6.7 inches Super AMOLED Display 120Hz, IP67 Li-Po 5000mAh Battery Fast Charging 45W,",https://www.daraz.pk/products/8gb-5g-a56-gb-256-67-hz-ip67-120-mah-45-i923888867.html,,false,[],Weight Unknown,[159999.0],daraz.pk/daraz__8gb-5g-a56-gb-256-67-hz-ip67-120-mah-45-i923888867.html.json,1a84888b1f4884af5d43d2bfdacbb7e3deac01dd4ee04fd424fde89cbed900c8,0.45833
d78f243ab39535bfcfe6b62e5cec2c0ad6ce56184a153e70b66a9a870d81ee3d,2026-08-15T13:17:57+00:00,"itel S25 – 8GB RAM (+8GB Extended) + 128GB Storage | 6.78” FHD+ AMOLED 120Hz Display | 50MP AI Dual Camera + 32MP Selfie | Unisoc T620 | 5000mAh Battery, 18W Fast Charge | Android 14 (Upgradable to 15)",https://www.daraz.pk/products/8gb-8gb-128gb-100-fhd-678-hz-air-50mp-ai-32mp-ace-unisoc-t620-000mah-18-14-15-i920430094.html,,false,"[""Bromo Black"",""Mambo Mint"",""Sahara Gleam""]",Weight Unknown,[44999.0],daraz.pk/daraz__8gb-8gb-128gb-100-fhd-678-hz-air-50mp-ai-32mp-ace-unisoc-t620-000mah-18-14-15-i920430094.html.json,b0d9f6b609412f448c736291f1f7120316e21f6d611ee9386dac38fa9a7518f3,0.66667
e010e9bba3efe26887b81a3f8ee83dc7abc2a9f8d10b5701241b3c6b00355760,2026-08-15T10:31:21+00:00,"Infinix Note 60 5G 8GB + 8GB Ram 256GB Rom || 6.78 Inches AMOLED 144Hz 1.5K Display || IP64 , Mediatek Dimensity 7400 Ultimate || 6500 mAh Fast Charging 45W || Wireless 30W",https://www.daraz.pk/products/8gb-8gb-60-5g-1-000-gb-256-hz-678-k-ip64-7400-wanch-6500-mah-45w-ace-30w-i1950636476.html,,false,[],Weight Unknown,[104999.0],daraz.pk/daraz__8gb-8gb-60-5g-1-000-gb-256-hz-678-k-ip64-7400-wanch-6500-mah-45w-ace-30w-i1950636476.html.json,c4d0378703077e0f4407b6a3ae740b2c27eaa5be33b8ba69bffd69240b48ea59,0.45833
2c7904284ea883123eb443f9a4cc32afa68adbdb3ff492df5f3d5369308fafe7,2026-08-15T12:44:14+00:00,Oppo A78 8GB + 8GB RAM 256GB Memory FHD+ Amoled Display 67W SuperVooc Charge 5000 mAh Large Battery 50MP Camera PTA Approved Box Packed,https://www.daraz.pk/products/8gb-8gb-a78-8gb-fhd-67w-vooc-256-mah-50mp-pta-i477721318.html,,false,[],Weight Unknown,[74999.0],daraz.pk/daraz__8gb-8gb-a78-8gb-fhd-67w-vooc-256-mah-50mp-pta-i477721318.html.json,259b6000a74d563dcd218611f8c8ca5dbf95802ee7f3358a6715e7494c396f2b,0.62500
07e088f4a92b24e70337e790634d2de66e73fee7db35950e6cfb2f1293f8aff1,2026-08-15T15:21:15+00:00,VIVO V27E - 8GB+8GB RAM 256GB ROM - 4600 mAh Battery,https://www.daraz.pk/products/8gb-8gb-v27e-256gb-4600-mah-i431471009.html,,false,[],Weight Unknown,[98999.0],daraz.pk/daraz__8gb-8gb-v27e-256gb-4600-mah-i431471009.html.json,865e577957e395db16525744bf21be10eac3a8d76cd2851c9b95ed4bca83ec48,0.62500
feb7d3e6b1733eb4c0b2ae0138690057b9d5214e32c514c4162d7b6e07f9bc30,2026-08-15T09:28:53+00:00,"Vivo Y200 8GB + 8GB Expandable Ram 256 GB Rom , 6.67″ AMLOED Display 120Hz , 5000 mAh Battery 80W Fast Charging , IP64",https://www.daraz.pk/products/8gb-8gb-y200-256-gb-667-120hz-5000-mah-80-ip64-i652257353.html,,false,[],Weight Unknown,[114999.0],daraz.pk/daraz__8gb-8gb-y200-256-gb-667-120hz-5000-mah-80-ip64-i652257353.html.json,8d60ead1be2eb458925f7717ee57ebb0ed94b0e2ca1dff3677c7e6ab939dc2d4,0.37500
b8d958323c97c9543716d943baa5f16c589c0fbd4904c8f0c8a0be609458b7bc,2026-08-15T12:11:58+00:00,"Samsung Galaxy A16 - 6.7"" AMOLED LCD Display 8GB RAM 256GB ROM 50MP Camera PTA Approved 1 Year Brand Warranty",https://www.daraz.pk/products/8gb-a16-256gb-50mp-pta-1-i646795991.html,,false,[],Weight Unknown,[69999.0],daraz.pk/daraz__8gb-a16-256gb-50mp-pta-1-i646795991.html.json,15376f974614d9780328770eed62d242d6ca82129d0b76ce559fa366709b8f64,0.62500
bc46f073489a6d76f2e37fa2593e0815b51e6ced41b3c12687dde7459b64ecc9,2026-08-15T10:45:45+00:00,Samsung Galaxy A17 8GB RAM 256GBROM 50 MP + 5 MP + 2 MP Back Camera 5000 mAh Battery ONE YEAR BRAND WARRANTY,https://www.daraz.pk/products/8gb-a17-50-gbrom-5-mp-2-mp-2-mah-i924677896.html,,false,[],Weight Unknown,[95000.0],daraz.pk/daraz__8gb-a17-50-gbrom-5-mp-2-mp-2-mah-i924677896.html.json,411f38d6980a22bd9053c16bb713ec574b0d39ce8c4bd84954f7bca7ac607cb8,0.41667
04799d2cd3695a69da8230ae850e8ceb8e009da08859b1004f69d9230e413cea,2026-08-15T09:51:03+00:00,Samsung Galaxy A25 - 8Gb Ram 256Gb Rom - 5000mAh Battery,https://www.daraz.pk/products/8gb-a25-256gb-5000mah-i468370300.html,,false,[],Weight Unknown,[80500.0],daraz.pk/daraz__8gb-a25-256gb-5000mah-i468370300.html.json,97775a66e2fe0f4260b6b4959e575a8496c3b58572b8cf934a37156339a636d2,0.37500
917ade586c818578d86cd991f67a3e5cabcea605a90d684979bee45f59451538,2026-08-15T11:48:51+00:00,Samsung A56 - 6.7 Inches Display - 8GB RAM 256GB ROM - 12MP Front Camera - 50MP+12MP+5MP Rear Camera - Dual SIM - 5000mAh Battery,https://www.daraz.pk/products/8gb-a56-8gb-12mp-50mp-12mp-5mp-67-mah-i773828275.html,,false,[],Weight Unknown,[145000.0],daraz.pk/daraz__8gb-a56-8gb-12mp-50mp-12mp-5mp-67-mah-i773828275.html.json,551971a7e1b5634ac35050b51599a3cb7baef333e03cb4c7877518eb48326300,0.37500
aea77e7c1d5ea64d1592d6956628a97a460f54ee5bb1a1151e75d57de91391a2,2026-08-15T12:43:55+00:00,Oppo A58 8GB RAM 128GB Memory 5000 mAh Battery 33W Supervooc Charge 6.7 inches FHD+ Display 50MP Camera PTA Approved Box Packed,https://www.daraz.pk/products/8gb-a58-128gb-5000-mah-33-67-fhd-50mp-pta-i477348028.html,,false,[],Weight Unknown,[54999.0],daraz.pk/daraz__8gb-a58-128gb-5000-mah-33-67-fhd-50mp-pta-i477348028.html.json,ce69b93852d94825af053abee5047dbc934c67b65feb949cc315041649ee0432,0.62500
7af97c52e8459e90006a9925552f688d8c7cf6e109639d3293857ef073e89241,2026-08-15T11:46:00+00:00,Vivo V70 FE 8GB RAM 256GB ROM 7000 mAh Battery Health Front Camera 50 MP Back Camera 200 MP One Year Brand Warranty,https://www.daraz.pk/products/8gb-fe-v70-256gb-7000-mah-50-mp-200-mp-i1961594054.html,,false,[],Weight Unknown,[142499.0],daraz.pk/daraz__8gb-fe-v70-256gb-7000-mah-50-mp-200-mp-i1961594054.html.json,e1a9014f4256efccb08e07e116fdf5864df4c22d75bd599dceba6246bec85b84,0.33333
b85cc8ce0a005c0c61260142391e65e58afdb81f0fd3d3dfd750cfb7e1a71c91,2026-08-15T10:07:56+00:00,Honor X7c 8GB RAM 256GB ROM Battery 6000 mAh 108 MP + 2 MP Back Camera Front Camera 8 MP + PTA Approved ONE YEAR BRAND WARRANTY,https://www.daraz.pk/products/8gb-x7c-256gb-2-mp-2-mp-8-mp-pta-i890454331.html,,false,[],Weight Unknown,[60000.0],daraz.pk/daraz__8gb-x7c-256gb-2-mp-2-mp-8-mp-pta-i890454331.html.json,35b2d687f565a9ed3caa116435c3d18e89663d5ee267b8752a58e478062a3205,0.45833
3c3ce0f092455d3e31a0b30326de21be1ae1ffba54e85f736491347c64b7b1c2,2026-08-15T10:23:08+00:00,"Honor X8d 8GB RAM 256GB ROM 7000 mAh Battery Health Front Camera 16 MP, (wide)Back Camera 108MP, f/1.75 + 5MP f/2.2 Wide Angle One Year Brand Warranty",https://www.daraz.pk/products/8gb-x8d-256gb-16-mp-108mp-f7000-5mp-f175-i1961125548.html,,false,[],Weight Unknown,[80000.0],daraz.pk/daraz__8gb-x8d-256gb-16-mp-108mp-f7000-5mp-f175-i1961125548.html.json,c76c33eb47917125fc94e2e7feb421465efb1bc6e749c44403a541b8893bc621,0.41667
331b5265936fc6381ab21ea6a9cc74ab475c577b53bfdf1950afe4947015be8d,2026-08-15T11:28:23+00:00,Vivo Y31d 8GB RAM 256GB ROM Front Camera 8 MP Back Camera 50 MP 7200 mAh Battery Health One Year Brand Warrenty,https://www.daraz.pk/products/8gb-y31d-256gb-8-mp-50-mp-7200-mah-i1950849095.html,,false,[],Weight Unknown,[90000.0],daraz.pk/daraz__8gb-y31d-256gb-8-mp-50-mp-7200-mah-i1950849095.html.json,57d7c8157158c5fd2e1a07b770f7a7a396d2f1d8e5054308f08ccea82c0df8ff,0.33333
5f18866534424bef47043e614a8be952f8d2895bcbdfb7d0b1d2de4f7c9bdcef,2026-08-15T12:43:45+00:00,Vivo Y400 - 8GB RAM 256GB ROM 6.67'' AMOLED Display 44w Fast Charge 6000mAh Battery PTA Approved 1 Year Official Brand Warranty,https://www.daraz.pk/products/8gb-y400-256gb-44w-667-mah-pta-1-i916610106.html,,false,[],Weight Unknown,[89999.0],daraz.pk/daraz__8gb-y400-256gb-44w-667-mah-pta-1-i916610106.html.json,b16981dc34a1702f990acaf6443fb500756088f3a7a4b0a846506eb98fac052b,0.45833
f92efc30f7e369e2ed5cebbafcbcb6ededd923ffcf018cb43614496d405e45cc,2026-08-15T11:31:18+00:00,"Vivo Y500 8GB Ram 128GB Rom 6.83"" AMOLED Display 8100mAh Battery Fast Charging 44W PTA Approved",https://www.daraz.pk/products/8gb-y500-1-000-gb-128-mah-44w-pta-i1963319495.html,,false,[],Weight Unknown,[103999.0],daraz.pk/daraz__8gb-y500-1-000-gb-128-mah-44w-pta-i1963319495.html.json,ee64679e27e9d548bf0064873f0acba5108e947dd877b03cd7c9943c6f9e1983,0.41667
ad51746b365394393b3180dc81ec57b0ebbd99e9464600d2b4e4b4ad186b1654,2026-08-15T11:30:02+00:00,"Vivo Y500 8GB Ram 256GB Rom 6.83"" AMOLED Display 8100mAh Battery Fast Charging 44W PTA Approved",https://www.daraz.pk/products/8gb-y500-1-000-gb-256-mah-44w-pta-i1963916537.html,,false,[],Weight Unknown,[113999.0],daraz.pk/daraz__8gb-y500-1-000-gb-256-mah-44w-pta-i1963916537.html.json,445955b0b8ed8ea21edb0c7aac025c3a5044944dad022398904df73bf7fb8f61,0.41667
8225f5a8bd81dbb7c8d49f311b80cd8316389fa13a534843c27fb2fcd9eec813,2026-08-15T13:49:56+00:00,Carrefour MOBILE NEO 8I 4+64 GREEN SPARX (291054),https://www.daraz.pk/products/8i-464-291054-i933100496.html,,false,[],Weight Unknown,[22499.0],daraz.pk/daraz__8i-464-291054-i933100496.html.json,f6b7687555179bcdfce354fb9c51cf19d743f6f48a6cd4248aa4a2685b816126,0.12500
cb19fa2d341ab3668afb8b17b3f81f6f230647b999c000af70cc06620feaa509,2026-08-15T14:28:18+00:00,Carrefour MOBILE NEO 8I 4+64 T/GOLD SPARX (291053),https://www.daraz.pk/products/8i-464-t-291053-i933100495.html,,false,[],Weight Unknown,[21500.0],daraz.pk/daraz__8i-464-t-291053-i933100495.html.json,59a311255297a8a8744998eabc1b283953815a9c4ce89a0bcb74aa09435fddb1,0.12500
17de079737328ec7e3cdaa350b5268a0da22d5904881f0cedb41c7daf90b7e61,2026-08-15T09:56:16+00:00,OnePlus 8T plus Smartphone - Unspecified Model - Black Color - 128GB Storage - 12GB RAM - Android Version,https://www.daraz.pk/products/8t-i497166595.html,,false,[],Weight Unknown,[1250.0],daraz.pk/daraz__8t-i497166595.html.json,3f23499069e14d6ee3fe02d55ebefddf4790a75439596a07bc779f28fc9d717b,0.16667
9c034f547a77b208c5a40bc2abd8eb3cfc186ec6aee16baa41bab884d51d2388,2026-08-15T10:21:35+00:00,Google Pixel 9 12 GB - 128 GB Dual Sim,https://www.daraz.pk/products/9-12-128-i1951178436.html,,false,[],Weight Unknown,[152000.0],daraz.pk/daraz__9-12-128-i1951178436.html.json,8f30d57b9aed7ab7dbd99c9ef2388849d4de4bc91f98149f93415af44a732ca1,0.41667
9bf2104a8ddff70b5e3a028edc3b85201765dc54248b29296614ba84f609c262,2026-08-15T09:47:39+00:00,"Google Pixel 9 Pro XL | 128GB, 256GB and 512GB | official PTA approved | 16GB Ram | without box",https://www.daraz.pk/products/9-128-256-512-16-i1948003019.html,,false,[],Weight Unknown,[280000.0],daraz.pk/daraz__9-128-256-512-16-i1948003019.html.json,726e5030f3fb6327e0a8dc6acb5d0bcb1bfe364cd5543a59ac80a2af02c45edb,0.37500
ec809ddd7e63e4c77a306b1d3efccd582c1fc64b5acc4852e1c86a3685050050,2026-08-15T09:25:27+00:00,OnePlus 9 Pro Dual Sim 12GB Ram 256GB Rom,https://www.daraz.pk/products/9-12gb-256gb-i452341370.html,,false,[],Weight Unknown,[128000.0],daraz.pk/daraz__9-12gb-256gb-i452341370.html.json,c31cfaf3cfa997f928ca0f746e050103db3ac6860bf4909ab7a44ac5a7ef0977,0.29167
ed973620db09c4d25657995153cc81de780f4e7a084ac9201912cc5898467cdb,2026-08-15T10:33:10+00:00,Google Pixel 9 Pro XL Official PTA Approved 16 GB - 128/256 GB Dual Sim,https://www.daraz.pk/products/9-16-128256-i1951188318.html,,false,[],Weight Unknown,[208000.0],daraz.pk/daraz__9-16-128256-i1951188318.html.json,cc0724652d81673ad13363f2311e3619df0b72da5169dea4e6f063bb9e9ce1d0,0.41667
0fd9340969e97a12cb36f8f11c49465c00258626ae3ddffdcf82451cf153eec6,2026-08-15T09:20:33+00:00,Google Pixel 9 Pro | 16GB Ram | 128GB storage | dual sim approved | new condition,https://www.daraz.pk/products/9-16gb-128gb-i724278684.html,,false,[],Weight Unknown,[270000.0],daraz.pk/daraz__9-16gb-128gb-i724278684.html.json,38a58716bb10f1fd6d6925ade7da78f1830287138e8a6d2b7526fc27be1d5b1f,0.41667
ad05a1a3ba375b57c6ea0953d8405c96fc258997be7128a8ae43b65372ccaef7,2026-08-15T13:00:59+00:00,INFINIX SMART 9 = 4GB RAM = 128GB ROM = 5000mAh BATTERY,https://www.daraz.pk/products/9-4gb-128gb-5000mah-i616991024.html,,false,[],Weight Unknown,[28999.0],daraz.pk/daraz__9-4gb-128gb-5000mah-i616991024.html.json,537b802ee290587f0127e698432c1cf5904143cb4e2e3e9ddc0c07d8053e1639,0.58333
70cb7478068d0d5f91f9d881b472a61de47dc03fceb3136c4a070c3719b1f3af,2026-08-15T12:39:18+00:00,Infinix Smart 9 4GB RAM 128GB Storage Helio G81 Processor 5000mAh Battery PTA Approved,https://www.daraz.pk/products/9-4gb-128gb-g81-5000mah-pta-i620633509.html,,false,[],Weight Unknown,[31000.0],daraz.pk/daraz__9-4gb-128gb-g81-5000mah-pta-i620633509.html.json,fd60df13f50a8aa0edfef3cfb853739deeac9924d00d85c7c146e594ff784f78,0.41667
ff5440c3be3934c78c89dff4c4888eb0714ca9ac695bb043687050d3764fd429,2026-08-15T11:09:45+00:00,VGOTEL SMART 9 PRO = 4GB RAM = 64GB ROM = 5000mAh BATTERY,https://www.daraz.pk/products/9-4gb-64gb-5000mah-i1954148450.html,,false,[],Weight Unknown,[29999.0],daraz.pk/daraz__9-4gb-64gb-5000mah-i1954148450.html.json,cac2905f4632b0c389a2b6acc27015a478b969c9e9caa9d1e4c3b8ca5798130b,0.29167
68d2e0df82f8aed3a5a9661177e4c020f1a70801b984f8bd9ce3b968252f87e6,2026-08-15T11:24:34+00:00,VGOTEL SMART 9 PRO = 4GB RAM = 64GB ROM = 5000mAh BATTERY,https://www.daraz.pk/products/9-4gb-64gb-5000mah-i1957097317.html,,false,[],Weight Unknown,[31999.0],daraz.pk/daraz__9-4gb-64gb-5000mah-i1957097317.html.json,04eb125e7f2a1684e85a41002913f96370ed2425c80c00f8a96ae1335af82fdd,0.29167
7e6282313aabed05892a3021e3b2ffb918f651206c5fad1c005d945d2a28f327,2026-08-15T12:12:08+00:00,SPARX NEO 9 = 4GB RAM = 64GB ROM = 5000mAh BATTERY,https://www.daraz.pk/products/9-4gb-64gb-5000mah-i749549406.html,,false,[],Weight Unknown,[24999.0],daraz.pk/daraz__9-4gb-64gb-5000mah-i749549406.html.json,e4a506875b106b28b606efd7be6de223dd461e23d0fde8dd3772cb06e9c61652,0.58333
3fb7b29da81eabe1a3a83792be08d16a5914d0c4393dad6ebc49337a6b17d595,2026-08-15T11:00:34+00:00,Vgotel Smart 9 Pro - 6.745 Inches Display - 4GB RAM 64GB ROM - 5MP Front Camera - 50MP Rear Camera - Dual SIM - 5000mAh Battery,https://www.daraz.pk/products/9-6745-4gb-64gb-5mp-50mp-5000mah-i1965862351.html,,false,[],Weight Unknown,[30000.0],daraz.pk/daraz__9-6745-4gb-64gb-5mp-50mp-5000mah-i1965862351.html.json,8bd40a20e6317aa8fd8e1a5fab8ad596a53a59e7e35cb99bfc339b3461f0eb72,0.33333
c7d3dd0881e4b2a5aacfd28131e40bc8ab86ab39e2c4c01cfddebeacb2a808d5,2026-08-15T11:14:29+00:00,"Vgotel Smart 9 Pro - 6.745"" HD+ Waterdrop Display - 4GB RAM 64GB ROM - 5MP Front Camera - 50MP Rear Camera - Powerful Octa-Core Processor - Dual SIM - 5000mAh Battery",https://www.daraz.pk/products/9-6745-hd-4gb-64gb-5mp-50mp-5000mah-i1965383977.html,,false,[],Weight Unknown,[30000.0],daraz.pk/daraz__9-6745-hd-4gb-64gb-5mp-50mp-5000mah-i1965383977.html.json,8092a4a2bef6e73ee6162d13ebf9cdf88d009bfead09d85ce98eab17648f0fb0,0.50000
fb4efab6468b298db0c0f0f223b6e07177e85ad8242eee30b555eab2d467c525,2026-08-15T09:42:09+00:00,OnePlus 9 8/12GB Ram 128/256GB Rom Single Sim,https://www.daraz.pk/products/9-812gb-128-i434163229.html,,false,[],Weight Unknown,[106000.0],daraz.pk/daraz__9-812gb-128-i434163229.html.json,94dc24eb441988451ee87a6d89b13e9597d2099989d35dd768c43a2ce56c005f,0.33333
9965e4c48b68f6fb69afc0cfb9dd0deb2d0577ff4bc11e3936e82db643757531,2026-08-15T12:35:09+00:00,"SEGO Smart 9 Smartphone, PTA Approved, 64GB xAI OS, 6.6"" HD+ Display, MediaTek 1.6GHz Octa-Core, 13MP AI Dual Camera, 8MP Selfie, 5000mAh Battery, Type-C Charging, 8GB RAM (4GB + 4GB Extended), Dual SIM.",https://www.daraz.pk/products/9-8gb-64gb-i761497164.html,,false,[],Weight Unknown,[25999.0],daraz.pk/daraz__9-8gb-64gb-i761497164.html.json,eea759ea0eee0097e7df8e08827a099b4c03313ca03a65c6e5a9ede091df6927,0.29167
0d7e8798a60f64ae5c86276f97a21b1382c16ed39f0ad44a93f5e45f9a2ef12f,2026-08-15T12:22:24+00:00,Infinix Smart 9 HD 4+4GB (8GB Extended RAM) 64GB Storage 5000mAh Battery PTA Approved Box Packed,https://www.daraz.pk/products/9-hd-4-4gb-8gb-64gb-5000mah-pta-i620538042.html,,false,[],Weight Unknown,[27000.0],daraz.pk/daraz__9-hd-4-4gb-8gb-64gb-5000mah-pta-i620538042.html.json,9b94134516897104a215f924daf84ad931b50b23bf4a425655c2b8fd7ffbe1bb,0.37500
2e0f2a9ac1279339bded06b34438d9cdd53316be239827a3456f3e0bbe878101,2026-08-15T13:01:13+00:00,INFINIX SMART 9 HD = 4GB RAM = 64GB ROM = 5000mAh BATTERY,https://www.daraz.pk/products/9-hd-4gb-64gb-5000mah-i616899825.html,,false,[],Weight Unknown,[24999.0],daraz.pk/daraz__9-hd-4gb-64gb-5000mah-i616899825.html.json,369b4f2809a44d7d92e492398b05aa4b90ab56a136bf3862db46f39d6b0fde48,0.58333
7f24a389178167907b7f36f1b00cda6abc2b01de9bfef9fb567e8b2287625d6b,2026-08-15T14:20:04+00:00,"SEGO Smart 9 HD | 6.6"" HD+ Display | 64GB ROM + 4GB* RAM | MediaTek Processer",https://www.daraz.pk/products/9-hd-hd-64gb-4gb-i651160654.html,,false,[],Weight Unknown,[17999.0],daraz.pk/daraz__9-hd-hd-64gb-4gb-i651160654.html.json,adfb647c0ea3d2d18af0a4a4e7cf79d60d39bace35a029cf8e0b752026002bc5,0.29167
3eb0fdb113627e2092a3cda6988a09fb8bf30894a40c8e68f4b496c8da70ff28,2026-08-15T12:35:17+00:00,Infinix SMART 9 HD 📲64GB ROM+8GB RAM*(4GB+4GB Extended) Battery Capacity 🔋5000mAh || PTA APPROVED,https://www.daraz.pk/products/9-hd64gb-8gb-4gb-4gb-pta-5000mah-i595441617.html,,false,[],Weight Unknown,[25999.0],daraz.pk/daraz__9-hd64gb-8gb-4gb-4gb-pta-5000mah-i595441617.html.json,01c204de2987c34c3f3b8187a0d5bfdc96d923ba71012b9f519026bfa51ada8d,0.37500
74995f714ecca994887b2c92c489a89a870554436b41b677dfba9c5701502b60,2026-08-15T13:27:42+00:00,"itel A90 | 6.56"" HD+ 90Hz Display | 128GB ROM & 64GB + 12GB RAM (4+8GB Extended) | 5000mAh Battery with 15W Fast Charging | 13MP Rear Camera | IP54 Dust & Water Resistance | Side Fingerprint & Face ID | Android U-Go itel OS 14.0",https://www.daraz.pk/products/90-656-90-128-64-12-48-5000mah-15w-13mp-54-i877139562.html,,false,[],Weight Unknown,[20999.0],daraz.pk/daraz__90-656-90-128-64-12-48-5000mah-15w-13mp-54-i877139562.html.json,09e140c4f9797a4223be8413594a1a8caa6fc0ce5a3d84013082cbec4473a862,0.29167
b2d853ef9fad3cafa39d8ce8b3bd055cc0029f7a2845abcb52378f67b9c6bece,2026-08-15T09:23:57+00:00,Google Pixel 9A | 8GB Ram | 128GB storage | new condition | dual sim approved | without box,https://www.daraz.pk/products/9a-air-8gb-ramh-128gb-i826778727.html,,false,[],Weight Unknown,[180000.0],daraz.pk/daraz__9a-air-8gb-ramh-128gb-i826778727.html.json,19097200e99fa5fc72a29696aee25b13102be90cc989b19774aac290d4ece6e0,0.37500
9c0325cff1f6be4ef36bddbb9ff805a6d9d042150a0dce158e5876c37f8703dc,2026-08-15T12:33:12+00:00,SPARX NEO 9i = 4GB RAM = 128GB ROM = 5000mAh BATTERY,https://www.daraz.pk/products/9i-4gb-128gb-5000mah-i749520559.html,,false,[],Weight Unknown,[23499.0],daraz.pk/daraz__9i-4gb-128gb-5000mah-i749520559.html.json,6f43adf94a8166f8be935ff62c355779ddff441a3eaa6387e1c5e635b579d6d7,0.58333
4ac5ee183a29aa669c903864b7c5a92b2d8d6461828130b9966266a835b0964f,2026-08-15T09:17:35+00:00,"Itel A 05s || 4GB + 64GB || 6.6"" IPS Display || Battery Li-Po 4000 mAh, non-removable",https://www.daraz.pk/products/a-05s-wach-4gb-64gb-ips-66-mah-i449991900.html,,false,[],Weight Unknown,[34999.0],daraz.pk/daraz__a-05s-wach-4gb-64gb-ips-66-mah-i449991900.html.json,c4867a048d9a3986ab89e0625d28847ad5c468e83cc9195132018634323ef3c9,0.50000
e860d328cfb7022d313f86bb9d04bf0b9a43527e5f8174f2f8ec91ffe1c25b60,2026-08-15T09:55:55+00:00,Oppo A 5 Pro 8GB + 128GB 6.67 inches IPS Display Qualcomm® Snapdragon® 6s 4G Gen1 5800mAh Battery 45W SUPERVOOC,https://www.daraz.pk/products/a-5-8gb-128gb-ips-6s-4g-gen1-5800mah-45w-i751028751.html,,false,[],Weight Unknown,[109999.0],daraz.pk/daraz__a-5-8gb-128gb-ips-6s-4g-gen1-5800mah-45w-i751028751.html.json,424808677af680ed046f52b2cedc7919c14cd8dededea4e801c9ae5d87a8c644,0.45833
cc883048ed618b98913c7f1883253203c1a6eeaf3b9cbef07e49152b473213e3,2026-08-15T09:35:44+00:00,Oppo A 5 Pro 8GB + 256GB 6.67 inches IPS Display Qualcomm® Snapdragon® 6s 4G Gen1 5800mAh Battery 45W SUPERVOOC,https://www.daraz.pk/products/a-5-8gb-256gb-ips-6s-4g-gen1-5800mah-45-i750962812.html,,false,[],Weight Unknown,[109999.0],daraz.pk/daraz__a-5-8gb-256gb-ips-6s-4g-gen1-5800mah-45-i750962812.html.json,c89018ed251b887fa7ddad6cf7042434eeaf6de7ee6ada692b211db92c07f8a0,0.45833
f75312a21eebaf7b6d700add5731e500e13786db556db718926795810dd78ee1,2026-08-15T09:53:51+00:00,"Itel A 50 4GB+4GB Extended Ram 64GB Rom 6.6 inches IPS Display 5000 mAh Big Battery With Type-C , PTA Approved",https://www.daraz.pk/products/a-50-4gb-4gb-64gb-66-ips-5000-mah-c-pta-i750961412.html,,false,[],Weight Unknown,[34999.0],daraz.pk/daraz__a-50-4gb-4gb-64gb-66-ips-5000-mah-c-pta-i750961412.html.json,4b68c5ccf7dde7083449832a3b0bd8a9100930c3470f61130cd33e8f313b7e29,0.37500
d4210e1a5f0d7545786109a2fb31e3da82a5cad9e6df094b5b82a3a74927586c,2026-08-15T13:39:49+00:00,SAMSUNG GALAXY A04 = 3GB RAM = 32GB ROM = 5000mAh BATTERY,https://www.daraz.pk/products/a04-3gb-32gb-5000mah-i494270853.html,,false,[],Weight Unknown,[19999.0],daraz.pk/daraz__a04-3gb-32gb-5000mah-i494270853.html.json,9050d908b5ed456ad70bb5219dece2c3abb18f959269f32698af372163dbc681,0.62500
29c133445b5317434e3ec27b8488f6a9f9e999b7e008de40db107eeb83eeb43e,2026-08-15T13:27:13+00:00,Carrefour Samsung Galaxy A05 Smartphone 128GB ROM 4GB RAM Light Green (281114),https://www.daraz.pk/products/a05-128gb-rom-4gb-ram-281114-i933100457.html,,false,[],Weight Unknown,[33800.0],daraz.pk/daraz__a05-128gb-rom-4gb-ram-281114-i933100457.html.json,498917d23972704c509edbec1aae0a60147aab04c8fac2c9ed1adf13dab1bf66,0.16667
e89c910ca30205a94defd07294e3a1ea25cd22a66ce8285a2cf7f5f679857748,2026-08-15T14:38:04+00:00,Carrefour Samsung Galaxy A05 Smartphone 128GB ROM 6GB RAM Black (281116),https://www.daraz.pk/products/a05-128gb-rom-6gb-ram-281116-i933093948.html,,false,[],Weight Unknown,[36817.0],daraz.pk/daraz__a05-128gb-rom-6gb-ram-281116-i933093948.html.json,512e7792317eda8872c07b4f629df9052c051448771ac064bb41251d0e7d5d11,0.16667
bbf088327d5be8af9cd85baf33d1d3076d10b0fb149cbfc56f9abfd0bfbedc75,2026-08-15T14:42:33+00:00,Carrefour Samsung Galaxy A05 Smartphone 128GB ROM 6GB RAM Light Green (281117),https://www.daraz.pk/products/a05-128gb-rom-6gb-ram-281117-i933103232.html,,false,[],Weight Unknown,[36999.0],daraz.pk/daraz__a05-128gb-rom-6gb-ram-281117-i933103232.html.json,72212b84b6ccc3cbf0922337a963a57070e345c5b2d62b6974a15178d603e14d,0.16667
b56e7966e5e1534e917696bcd3be0b7f131de0fbbd13e7ea6f1b71ab618ebc52,2026-08-15T14:11:00+00:00,Carrefour Samsung Galaxy A05 Smartphone 128GB ROM 6GB RAM Light Green (281118),https://www.daraz.pk/products/a05-128gb-rom-6gb-ram-281118-i933092955.html,,false,[],Weight Unknown,[36999.0],daraz.pk/daraz__a05-128gb-rom-6gb-ram-281118-i933092955.html.json,1bf45036b81c1546643a47e18942a2dfe0cfda32e95ccfdd84996e0e4648e1f3,0.16667
ae09e38c39e78690ce2bcc3a73e29eaa59f713606a7d930d894055e0f82fd7d5,2026-08-15T14:41:55+00:00,Carrefour Samasung Galaxy A05 Smartphone 4GB RAM 64GB ROM Black (284994),https://www.daraz.pk/products/a05-4gb-64gb-284994-i933100470.html,,false,[],Weight Unknown,[25872.0],daraz.pk/daraz__a05-4gb-64gb-284994-i933100470.html.json,1d3ba7a011911a28bbd29e89a289071672639759eb13bcc5f8e35d66efb493fb,0.16667
50242b848b7b6da4d45f05bb6c49bfd2251a6fab95c825b432d5b7f3fc9f4d59,2026-08-15T15:02:11+00:00,Carrefour Samasung Galaxy A05 Smartphone 4GB RAM 64GB ROM Green (284995),https://www.daraz.pk/products/a05-4gb-64gb-284995-i933098681.html,,false,[],Weight Unknown,[25999.0],daraz.pk/daraz__a05-4gb-64gb-284995-i933098681.html.json,b676be6b8165c2b1f87f0b8a08016c49533fb86d8e0032ceb15b0270343364b0,0.16667
9b4659b7714ee84cc6649de54d0f0faa1fa51c66d2a8b6b0e5966baeacea8119,2026-08-15T15:01:03+00:00,Carrefour Samasung Galaxy A05 Smartphone 4GB RAM 64GB ROM Silver (284996),https://www.daraz.pk/products/a05-4gb-64gb-284996-i933099543.html,,false,[],Weight Unknown,[25872.0],daraz.pk/daraz__a05-4gb-64gb-284996-i933099543.html.json,3eaa6e193174655bd2051d922d2aed4bfbb340a4aac114cf22662d65edbd2739,0.16667
70df7bd455345ca11e71b050f1ff9a7472acd8e223da92f6ae12d1f0a9f849d9,2026-08-15T14:12:21+00:00,Carrefour Samsung Galaxy A05s Smartphone 128GB ROM 4GB RAM Silver (281120),https://www.daraz.pk/products/a05s-128gb-rom-4gb-ram-281120-i933097815.html,,false,[],Weight Unknown,[40999.0],daraz.pk/daraz__a05s-128gb-rom-4gb-ram-281120-i933097815.html.json,d63c2ac7bbe6fa835e6240fdc278b157f9ba7d1b13e3b8634a9e512ec7d3b74c,0.16667
ccef9a08c7532c7f5ee917c27423a234901f269f9a424ac8158a3f4cd91ec6a4,2026-08-15T15:09:41+00:00,Carrefour Samsung Galaxy A05s Smartphone 128GB ROM 4GB RAM Light Violet (281121),https://www.daraz.pk/products/a05s-128gb-rom-4gb-ram-281121-i933097816.html,,false,[],Weight Unknown,[44100.0],daraz.pk/daraz__a05s-128gb-rom-4gb-ram-281121-i933097816.html.json,e2ffe5ee0e11eaadbf9ee64a7f8cff088da16c4598a8216a6d73ea3609436c6f,0.16667
ac85707cefea55012615d41ca52a2adb72215ca037e76f93d615c4a1622ad8ec,2026-08-15T14:28:34+00:00,Carrefour Samsung Galaxy A05s Smartphone 128GB ROM 4GB RAM Black (281122),https://www.daraz.pk/products/a05s-128gb-rom-4gb-ram-281122-i933092956.html,,false,[],Weight Unknown,[45999.0],daraz.pk/daraz__a05s-128gb-rom-4gb-ram-281122-i933092956.html.json,9d89fed18927c5b2cf8a8fcb2b868a8fe8259e0e3b2ba0eecc98e37e4eff4ecc,0.16667
6b6f62029be8ac1cb2096e9d4147b7618964c4161d018ec74d7b7ef368ef5637,2026-08-15T13:17:46+00:00,Carrefour Samsung Galaxy A05s Smartphone 128GB ROM 6GB RAM Silver (281123),https://www.daraz.pk/products/a05s-128gb-rom-6gb-ram-281123-i933092957.html,,false,[],Weight Unknown,[45771.0],daraz.pk/daraz__a05s-128gb-rom-6gb-ram-281123-i933092957.html.json,e0e8a3efff9ad14d72d592d6f7cd4ff662bbb5cee212e7265e5a59e153f4bcb4,0.16667
30c7e168c7af404c50b9c480aef041f2a6ad03a0097a4c38be2808a39b6f0db0,2026-08-15T15:05:55+00:00,Carrefour Samsung Galaxy A05s Smartphone 128GB ROM 6GB RAM Voilet (281124),https://www.daraz.pk/products/a05s-128gb-rom-6gb-ram-281124-i933104246.html,,false,[],Weight Unknown,[47529.0],daraz.pk/daraz__a05s-128gb-rom-6gb-ram-281124-i933104246.html.json,62f98a4b3b4c0ce3f546de9f8eae91a51549d87a53f3add4f803a9850cf8cec9,0.16667
a36d8fa381da46ea5daf27a30ab8e255fbe536be0a99fe7a01136c5b70c03080,2026-08-15T14:35:21+00:00,Carrefour Samsung Mobile A06 4 GB RAM 128 GB ROM Light Blue (289143),https://www.daraz.pk/products/a06-4-128-289143-i933093969.html,,false,[],Weight Unknown,[33499.0],daraz.pk/daraz__a06-4-128-289143-i933093969.html.json,82b8a8b7e518838f00e93d0e06fcae22c9473688f2d91bf3529b0eeb06f6dee2,0.16667
5dadeadeb45b544948b4618365b2ee3ed4661d201435bf9e0beb75935dec6a5e,2026-08-15T13:50:11+00:00,Carrefour Samsung Mobile A06 4 GB RAM 128 GB ROM Black (292656),https://www.daraz.pk/products/a06-4-128-292656-i933098699.html,,false,[],Weight Unknown,[33499.0],daraz.pk/daraz__a06-4-128-292656-i933098699.html.json,e2a85e6684f2363e026ebd1feaf1581150ee5cc84b95ec52a7d581752174c906,0.16667
f6cb492d4fdc54947474f25d5b3278909c39e032250dd8de622f6a424afd9193,2026-08-15T13:51:40+00:00,Carrefour Samsung Mobile A06 4 GB RAM 64 GB ROM Black (292659),https://www.daraz.pk/products/a06-4-64-292659-i933104271.html,,false,[],Weight Unknown,[28499.0],daraz.pk/daraz__a06-4-64-292659-i933104271.html.json,d795972eed81edfc6459b855904299565f921ea9d5769ca4ac739f9545acfbe9,0.16667
738d9d42f1ca2e41f5fc5b99b6cc4ab45370bf5bba5a4f6a74f58ea90a1929f1,2026-08-15T14:03:34+00:00,Carrefour Samsung Mobile A06 4 GB RAM 64 GB ROM Gold (292660),https://www.daraz.pk/products/a06-4-64-292660-i933093976.html,,false,[],Weight Unknown,[28499.0],daraz.pk/daraz__a06-4-64-292660-i933093976.html.json,e0fb825fe32ab1088b88087e8877bb93cd079e09e270297453450ded9d1e39fc,0.16667
4d34aa35041de2ca35c522b84d4df8034bbb50025cabb9003117f33a22f7c6a7,2026-08-15T12:43:25+00:00,SAMSUNG GALAXY A06 = 4GB RAM = 128GB ROM = 5000mAh BATTERY,https://www.daraz.pk/products/a06-4gb-128gb-5000mah-i598930590.html,,false,[],Weight Unknown,[29999.0],daraz.pk/daraz__a06-4gb-128gb-5000mah-i598930590.html.json,48d9a2c682683d1d6ca2488b5a9e8bbbccf1cabe82f90c8a9e3623b5d6a61347,0.62500
2e3877b1351a16f0b71c5196a706d7b6e52f2cca983953ed7a823bb018f12a9a,2026-08-15T12:59:17+00:00,SAMSUNG GALAXY A06 = 4GB RAM = 128GB ROM = 5000mAh BATTERY,https://www.daraz.pk/products/a06-4gb-128gb-5000mah-i751644743.html,,false,[],Weight Unknown,[30999.0],daraz.pk/daraz__a06-4gb-128gb-5000mah-i751644743.html.json,f4792a44e5935f49b9d3efcba80d60c5311b13d8c7f97ab30e50fcdc2be243d6,0.62500
2dcce367107b402f3701172f218c7dbdc6ffedaf6ad48b92ccfbb6867c7af50e,2026-08-15T14:50:01+00:00,Carrefour Samsung Mobile A06 4GB RAM 64 GB ROM Blue (292658),https://www.daraz.pk/products/a06-4gb-64-gb-292658-i933097843.html,,false,[],Weight Unknown,[28499.0],daraz.pk/daraz__a06-4gb-64-gb-292658-i933097843.html.json,1f9d087a4b387f3fe2fd14daa7a316591f347b49862048ea49b7c91dc5f8332d,0.16667
df327b4bc102e978fcf0627a7064d8afacdfd8ec1f1093df7126be9b34b891e1,2026-08-15T13:03:29+00:00,SAMSUNG GALAXY A06 = 4GB RAM = 64GB ROM = 5000mAh BATTERY,https://www.daraz.pk/products/a06-4gb-64gb-5000mah-i598901837.html,,false,[],Weight Unknown,[24999.0],daraz.pk/daraz__a06-4gb-64gb-5000mah-i598901837.html.json,da93fe9989bf9c046378110850d81ce4a86e05c671e1a49eea9eb4fb2462b74d,0.62500
00ee94eaf42ae222a36361dcce9cf5c2c2f0d7a9ce4af8128fe99ce0fadbaeff,2026-08-15T14:15:30+00:00,Carrefour MOBILEA06 4GB+128GB SAMSUNG GOLD (292657),https://www.daraz.pk/products/a06-4gb128gb-292657-i933098701.html,,false,[],Weight Unknown,[32500.0],daraz.pk/daraz__a06-4gb128gb-292657-i933098701.html.json,a7451b20a47e2ba9df9a2844d22a92a2066f56d1f01af907a28ffbc83523b40f,0.12500
3d08b8bcacdced10e7b6e3702cc92a6e941ac54ff7e701838a3dab4070c76361,2026-08-15T14:22:47+00:00,Carrefour Samsung Mobile A06 6 GB RAM 128 GB ROM Black (289144),https://www.daraz.pk/products/a06-6-128-289144-i933097836.html,,false,[],Weight Unknown,[39499.0],daraz.pk/daraz__a06-6-128-289144-i933097836.html.json,134a4c83ebfff377a01f8aa352d31e5f6eaeac232e0cc0f95c5d7276aa877bc3,0.16667
0dc5fb9a11bf7cddca543c17fc0bfc9f673624487dc382f1a9ca220d6ab0efd0,2026-08-15T12:57:56+00:00,SAMSUNG GALAXY A06 = 6GB RAM = 128GB ROM = 5000mAh BATTERY,https://www.daraz.pk/products/a06-6gb-128gb-5000mah-i751654483.html,,false,[],Weight Unknown,[35999.0],daraz.pk/daraz__a06-6gb-128gb-5000mah-i751654483.html.json,9d30573fc436a4f515bb44ebe21f0074a5c72bf0d51284133c8e151cbd03dbad,0.62500
4bf90d805e9693ad4fe1e3a3f14f979308d5923ba64c19351fc6b755dc1343ff,2026-08-15T12:56:08+00:00,SAMSUNG GALAXY A06 = 6GB RM = 128GB ROM = 5000mAh BATTERY,https://www.daraz.pk/products/a06-6gb-rm-128gb-5000mah-i598914756.html,,false,[],Weight Unknown,[37999.0],daraz.pk/daraz__a06-6gb-rm-128gb-5000mah-i598914756.html.json,dbafc63d351edae06aae1d4045524c1636aab5862d6a2fcc54cfd3fd6be36821,0.62500
0a9c13ce623845577e07dc142de258560102c284653f5bf035eb932ef866a6ed,2026-08-15T14:49:53+00:00,Carrefour MOBILEA06 6GB+128GB SAMSUNG BLUE (292661),https://www.daraz.pk/products/a06-6gb128gb-292661-i933102270.html,,false,[],Weight Unknown,[38500.0],daraz.pk/daraz__a06-6gb128gb-292661-i933102270.html.json,e34e6a036294029cfb64952e0bc4dbb897ded656b16fdee411f2d27f0bfb92e6,0.12500
a95574016beaef7ad3786ef4c7939db7451577d3d6471fac587f8850d00267fe,2026-08-15T15:29:11+00:00,Carrefour MOBILEA06 6GB+128GB SAMSUNG GOLD (292662),https://www.daraz.pk/products/a06-6gb128gb-292662-i933093977.html,,false,[],Weight Unknown,[38500.0],daraz.pk/daraz__a06-6gb128gb-292662-i933093977.html.json,e00a0897c277ac06e018def333f974a8c479434de84e6134ccbabf4e9461c2f2,0.12500
7d7f51ed1af9d1e9faac9e2635867a5a945e7d056886fd421de66d16dca4af1a,2026-08-15T09:35:31+00:00,Samsung Galaxy A06 - 6.7'' HD+ Display 50MP Rear Camera 25W Fast Charging 5000mAh Battery PTA Approved 1 Year Official Brand Warranty,https://www.daraz.pk/products/a06-hd-50mp-25-67-mah-pta-1-i596407451.html,,false,"[""Blue"",""Gold"",""White""]",Weight Unknown,[37500.0],daraz.pk/daraz__a06-hd-50mp-25-67-mah-pta-1-i596407451.html.json,71bfa196d20237f2c1258dbc72840fc3a057c3eb28ae1f7a44ee596f6127a681,0.70833
a636ced852a946a8d55ccedaf733e011e92c99da446ecdd096730972b4616b94,2026-08-15T12:24:00+00:00,Samsung Galaxy A06 📱4GB 128GB || 50 MP Camera 📸 || 5000 mAh 🀄 Battery 🔋,https://www.daraz.pk/products/a064gb-64gb-50-mp-5000-mah-i629772630.html,,false,[],Weight Unknown,[31999.0],daraz.pk/daraz__a064gb-64gb-50-mp-5000-mah-i629772630.html.json,6473eccb8ca0d7145f797d6cd303bc5e092b1aa5db9761b9cf813fbe9b1c6efc,0.29167
5d8424b387e7db685c31a805cbe2ecb1ea18e092f4ea3092db9dbc2513a3358d,2026-08-15T12:23:39+00:00,Samsung Galaxy A06 📱6GB 128GB || 50 MP Camera 📸 || 5000 mAh 🀄 Battery 🔋,https://www.daraz.pk/products/a066gb-128gb-50-mp-5000-mah-i629742840.html,,false,[],Weight Unknown,[37999.0],daraz.pk/daraz__a066gb-128gb-50-mp-5000-mah-i629742840.html.json,bfca3d969bcde80fe1aaecec0c7d5415c427513c47e7f96711ba15b1324a0618,0.29167
4e537cd84589bcff11b03053460b5a8d93ac4c8f9947d0c6f4af6fbac166e901,2026-08-15T13:21:51+00:00,Carrefour Samsung Galaxy A07 4+128GB Violet-303659,https://www.daraz.pk/products/a07-4128gb-303659-i1960443727.html,,false,[],Weight Unknown,[44999.0],daraz.pk/daraz__a07-4128gb-303659-i1960443727.html.json,3303b1612087849744b664e2f42c7919e9d000236076d8856ae27518182666cd,0.12500
e5a3784219c41201c06f6f9c6889df577bb5a1701fc306bb54713f59aab78b1a,2026-08-15T12:23:02+00:00,Carrefour Samsung Galaxy A07 4+128GB Green-303662,https://www.daraz.pk/products/a07-4128gb-303662-i1960463741.html,,false,[],Weight Unknown,[44999.0],daraz.pk/daraz__a07-4128gb-303662-i1960463741.html.json,1f2a8d6ee2d6294ee03270580999ae7b8e42688ae208a5c74fc20b8e579cd6ea,0.12500
c9239c0ad0c94b599a7a21c5e6cc6f49dc37fafea5fd2ab40440515fff8b4815,2026-08-15T12:52:57+00:00,Carrefour Samsung Galaxy A07 4+64GB Green-303661,https://www.daraz.pk/products/a07-464gb-303661-i1960443728.html,,false,[],Weight Unknown,[37500.0],daraz.pk/daraz__a07-464gb-303661-i1960443728.html.json,65f4d885c099454d92ebc7ddac2d51aa1cd6ace1412a8a0e5b5994f135e054e5,0.12500
420b0288c4a6f8bdd6ecab36a2e7f8c2d3d29df7012703d131daa0acb6301ecd,2026-08-15T13:00:03+00:00,Carrefour Samsung Galaxy A07 4+64GB Black-303664,https://www.daraz.pk/products/a07-464gb-303664-i1960467757.html,,false,[],Weight Unknown,[37500.0],daraz.pk/daraz__a07-464gb-303664-i1960467757.html.json,81ab00969c592401493a3f8c58dc1954f944b0ba3b0834f3f5b25f9d7ada961a,0.12500
72048b948f878d17b3569972d063c38907e06c4de64a28fee94f0a22290bcc2e,2026-08-15T13:02:46+00:00,Carrefour Samsung Mobile A07 4GB RAM 128GB ROM Black-303665,https://www.daraz.pk/products/a07-4gb-128gb-303665-i1960465761.html,,false,[],Weight Unknown,[44999.0],daraz.pk/daraz__a07-4gb-128gb-303665-i1960465761.html.json,fad3215e1049ebb17d010b9ca32f83d13036d8f70a7996b55154ae5d0e645b44,0.16667
2d1b45fdef48cceb71deb32f9c756ec2b8d20ca9084e4e1e3aef61dfd25ab306,2026-08-15T15:26:03+00:00,SAMSUNG GALAXY A07 = 4GB RAM = 128GB ROM = 5000mAh BATTERY,https://www.daraz.pk/products/a07-4gb-128gb-5000mah-i930413543.html,,false,[],Weight Unknown,[47999.0],daraz.pk/daraz__a07-4gb-128gb-5000mah-i930413543.html.json,4688d791aa7180c6e5f032be695f56577a296adc07e8531a1091c510c8ac17cd,0.41667
a4db32542afcc32fbdd2ba63603b0e81bb9b4c0c09442cced69ea5c784578f41,2026-08-15T14:45:50+00:00,SAMSUNG GALAXY A07 = 4GB RAM = 128GB ROM = 5000mAh BATTERY,https://www.daraz.pk/products/a07-4gb-128gb-5000mah-i935373169.html,,false,[],Weight Unknown,[40999.0],daraz.pk/daraz__a07-4gb-128gb-5000mah-i935373169.html.json,cb8d701443baae0178f150db9c43fcf6237106ff9fb2bcf6ff4bae5199bb883c,0.41667
9b02542e2320765866a718198b7fcbf13477b1ba80d8092cf89bf4903cca55cf,2026-08-15T15:12:04+00:00,SAMSUNG GALAXY A07 = 4GB RAM = 64GB ROM = 5000mAh BATTERY,https://www.daraz.pk/products/a07-4gb-64gb-5000mah-i930411605.html,,false,[],Weight Unknown,[39999.0],daraz.pk/daraz__a07-4gb-64gb-5000mah-i930411605.html.json,33afe28fdb1a778c9bae6e48d3742efef7ef8a3f535c5d073a20e66c67faa15e,0.41667
083c2b871a9cd86abcb477808e79c70ca710a6415ab3d2fbce1ef8de07562a26,2026-08-15T11:50:27+00:00,Samsung Galaxy A07 || 4GB Ram 64GB Rom || 5000mAh Battery,https://www.daraz.pk/products/a07-4gb-64gb-5000mah-i934314641.html,,false,[],Weight Unknown,[39999.0],daraz.pk/daraz__a07-4gb-64gb-5000mah-i934314641.html.json,c54bd02149b30f60c447f9d592674855b385fc47883fff239ac17f5b0ef14db8,0.41667
8bbe48662886f297fd19f77b224fef720c71dca166df5c75bd92c332af4b7051,2026-08-15T13:55:59+00:00,SAMSUNG GALAXY A07 = 4GB RAM = 64GB ROM = 5000mAh BATTERY,https://www.daraz.pk/products/a07-4gb-64gb-5000mah-i935373181.html,,false,[],Weight Unknown,[33999.0],daraz.pk/daraz__a07-4gb-64gb-5000mah-i935373181.html.json,89512dcf321600352012880ab008f38fa2578ad90f50643559fb4702ac9c16ef,0.41667
e0d039788594ef25104e4b5fbd2328ea863b963a2e03a003bbf7ad9465768467,2026-08-15T11:38:54+00:00,Samsung Galaxy A07 - 6.7'' Display 4GB RAM 64GB ROM 50MP Rear Camera 5000mAh Battery PTA Approved 1 Year Official Brand Warranty,https://www.daraz.pk/products/a07-4gb-64gb-50mp-67-mah-pta-1-i924764289.html,,false,[],Weight Unknown,[39999.0],daraz.pk/daraz__a07-4gb-64gb-50mp-67-mah-pta-1-i924764289.html.json,97f913b756c0e665794be1f1e8642b4992bad4abdcc88257f16e609770bc6536,0.41667
cf1d782e55eb1b7c504e32fda651bf856717863ca144ede2dc1d079c1e004e4b,2026-08-15T14:32:19+00:00,Carrefour Samsung Galaxy A07 6+128GB Violet-303660,https://www.daraz.pk/products/a07-6128gb-303660-i1960499741.html,,false,[],Weight Unknown,[52500.0],daraz.pk/daraz__a07-6128gb-303660-i1960499741.html.json,2e16795d3c2cbad4fe153fbf0de69b95bac328a0a3c6a2720fe871d74dc6e2ee,0.12500
c8f26e8e5b6588ba0abb205cf2761749c23307850b7b3f5ec0a9bda8d6706e37,2026-08-15T10:42:23+00:00,Samsung Galaxy A07 Dual-SIM 6.7 Inch Display 4GB RAM 64GB/128GB Storage 8MP Front 50MP Rear Camera Dual-SIM 5000mAh Battery,https://www.daraz.pk/products/a07-67-4gb-64gb128gb-8mp-50mp-2mp-5000mah-i926771290.html,,false,"[""Gray"",""Light Violet"",""Dark Green""]",Weight Unknown,[46000.0],daraz.pk/daraz__a07-67-4gb-64gb128gb-8mp-50mp-2mp-5000mah-i926771290.html.json,652d5f5bbb183a4b1a55316d852d0785d15c2dfbf0e42c42266425e11752ca44,0.66667
f52be453ce700c6b3302eb4765492785edde24bc42a1aecbce3cf4d360c8e107,2026-08-15T11:27:16+00:00,Samsung A07 - 6.7 Inches Display - 6GB RAM 128GB ROM - 8MP Front Camera - 50MP+2MP Rear Camera - Dual SIM - 5000mAh Battery,https://www.daraz.pk/products/a07-67-6gb-128gb-8mp-50mp-2mp-5000mah-i926637380.html,,false,"[""Gray"",""Light Violet"",""Dark Green""]",Weight Unknown,[53000.0],daraz.pk/daraz__a07-67-6gb-128gb-8mp-50mp-2mp-5000mah-i926637380.html.json,6ee3947b16069603951875e5ab64ab505a514349251c7bac16ec583b94c8c4ae,0.66667
e3c3e7188786f1548af795cb4775977b15a14c2ee51516006b031d319a30a0e8,2026-08-15T15:00:49+00:00,SAMSUNG GALAXY A07 = 6GB RAM = 128GB ROM = 5000mAh BATTERY,https://www.daraz.pk/products/a07-6gb-128gb-5000mah-i930393896.html,,false,[],Weight Unknown,[55999.0],daraz.pk/daraz__a07-6gb-128gb-5000mah-i930393896.html.json,1094b692d1fcfe160816048c1e7ae7aec9264b250941e2bed8fe8c4fb1c6d25f,0.41667
790ce4ab1cdb290f0d55efce0403d0a3169f1772dc0a50bde637c992b794d4b4,2026-08-15T14:08:59+00:00,SAMSUNG GALAXY A07 = 6GB RAM = 128GB RM = 5000mAh BATTERY,https://www.daraz.pk/products/a07-6gb-128gb-rm-5000mah-i935374152.html,,false,[],Weight Unknown,[47999.0],daraz.pk/daraz__a07-6gb-128gb-rm-5000mah-i935374152.html.json,dc418ad242b78f1ca8e2d2000e57a9721ebfe371eb2678917224f12d6cd4a6d2,0.41667
448f3ca7fc0cb3db1e87e302b8a3801b58f636d5002443a51ada9db119d403dc,2026-08-15T11:15:55+00:00,Samsung A07 - PLS LCD - 6.7 Inches Display - 4GB RAM 64GB/128GB ROM - 8MP Front Camera - 50MP+2MP Rear Camera - Dual SIM - 5000mAh Battery,https://www.daraz.pk/products/a07-pls-lcd-67-4gb-64gb128gb-8mp-50mp-2mp-5000mah-i926636391.html,,false,[],Weight Unknown,[38000.0],daraz.pk/daraz__a07-pls-lcd-67-4gb-64gb128gb-8mp-50mp-2mp-5000mah-i926636391.html.json,a92245dfbac02db420e4763a6bbe1f1cd1dca369a616fb78b128a5f7ea70589e,0.41667
a371f14ac91c1b1fb26fd1b837a7307d21f5d5704576e75c4cccba387f0d1605,2026-08-15T11:45:21+00:00,Samsung A07 - PLS LCD - 6.7 Inches Display - 6GB RAM 128GB ROM - 8MP Front Camera - 50MP+2MP Rear Camera - Dual SIM - 5000mAh Battery,https://www.daraz.pk/products/a07-pls-lcd-67-6gb-128gb-8mp-50mp-2mp-5000mah-i926636412.html,,false,[],Weight Unknown,[53000.0],daraz.pk/daraz__a07-pls-lcd-67-6gb-128gb-8mp-50mp-2mp-5000mah-i926636412.html.json,3f6a3a4c4f1187ef290ccbbec4bf65d1fdfabbaa6c4908a15e43cdb107b67c0a,0.41667
94a72c522c5835ed463f32346a4c356cd5daf2569ecef566b61761870955f822,2026-08-15T14:29:55+00:00,ITEL A100 = 4GB RAM = 128GB ROM = 5000mAh BATTERY,https://www.daraz.pk/products/a100-4gb-128gb-5000mah-i924434815.html,,false,[],Weight Unknown,[32999.0],daraz.pk/daraz__a100-4gb-128gb-5000mah-i924434815.html.json,e3aee41c68f920b522d4f15b888f7b87dfcce701f1d9314b6299bb0d640dd0f2,0.33333
1decb048144634326e87a6d4bf005910326ecb4fa457935f3f578a610e88e18a,2026-08-15T15:12:22+00:00,ITEL A100 = 4GB RAM = 128GB ROM = 5000mAh BATTERY,https://www.daraz.pk/products/a100-4gb-128gb-5000mah-i924651362.html,,false,[],Weight Unknown,[32999.0],daraz.pk/daraz__a100-4gb-128gb-5000mah-i924651362.html.json,e3aee41c68f920b522d4f15b888f7b87dfcce701f1d9314b6299bb0d640dd0f2,0.33333
4fd866e6f87f1b3f9c4026cd9ad4ce464a99c4e23c7f7b12604ece9eedb592aa,2026-08-15T10:57:45+00:00,Itel A100 - 6.74 Inches Display - 4GB RAM 128GB ROM - 8MP Front Camera - 8MP Rear Camera - Dual SIM - 5000mAh Battery,https://www.daraz.pk/products/a100-4gb-674-gb-8mp-8mp-128-mah-i924480835.html,,false,[],Weight Unknown,[37000.0],daraz.pk/daraz__a100-4gb-674-gb-8mp-8mp-128-mah-i924480835.html.json,36e6761d498179823ac33929d7e9d06d8b29e4102f24e2b1393dc5cf231fcc7e,0.37500
6e5475d75c954f39ef742a26836d6fe2a9bbbb6884bd951a320356da2807a1ff,2026-08-15T10:30:34+00:00,Itel A100 - 6.74''HD+ Display 4GB RAM 128GB ROM 5000mAh Battery PTA Approved 1 Year Official Brand Warranty,https://www.daraz.pk/products/a100-hd-4gb-674-gb-1-mah-pta-1-i933113207.html,,false,[],Weight Unknown,[39999.0],daraz.pk/daraz__a100-hd-4gb-674-gb-1-mah-pta-1-i933113207.html.json,7f77b55567460102c61d91d95bc377eb9d238123b940f5c21a4136109df65808,0.33333
f14e3a917a50f1223f62564cffc6636293f9b9a4a679d58da6c9123e834cc8f2,2026-08-15T09:34:41+00:00,"itel A100C Special Edition || 128GB ROM - Up to 8GB Extended RAM || 6.6"" 90Hz Display || 5000mAh Battery || PTA Approved || 1 Year Brand Warranty",https://www.daraz.pk/products/a100c-1-8gb-20-90hz-18-000mah-pta-1-i1967908945.html,,false,[],Weight Unknown,[34999.0],daraz.pk/daraz__a100c-1-8gb-20-90hz-18-000mah-pta-1-i1967908945.html.json,02f951467c251aee73e5137f086f8dc4a28ef728a0926e78e131503a4bcbe352,0.33333
c5cf76c4243452260500b5f36a3f84c5f6b412e69fcf75a35ee05c4d58067f22,2026-08-15T14:37:45+00:00,"itel A100C Special Edition | 128GB ROM + 8GB RAM | 6.6"" 90Hz Display | 50MP AI Camera | 5000mAh Battery | Type-C Charging | Fingerprint & Face Unlock | Military Grade Durability",https://www.daraz.pk/products/a100c-100-gb-8gb-100-90hz-50mp-ai-1-mah-c-i1960443628.html,,false,[],Weight Unknown,[29999.0],daraz.pk/daraz__a100c-100-gb-8gb-100-90hz-50mp-ai-1-mah-c-i1960443628.html.json,c053cd00b481771dd86e7ec585ce54e2300b44eeee0d70261d0c5ac911ad7781,0.29167
dab5b0c78f9e7c85b46c8b41ede9e743d9d6e6471dd2871d000e3f570276f536,2026-08-15T14:26:31+00:00,ITEL A100C = 2GB RAM = 64GB ROM = 5000mAh BATTERY,https://www.daraz.pk/products/a100c-2gb-64gb-5000mah-i1953695915.html,,false,[],Weight Unknown,[23999.0],daraz.pk/daraz__a100c-2gb-64gb-5000mah-i1953695915.html.json,14636b5f60fb91df1b32e3cae522b31e669d1cafa2537797e478e91fa9c208b4,0.29167
deebf5482f5bde40821819d95c737de996da156f1e7d16d46f2af35cc184776f,2026-08-15T10:29:22+00:00,itel A100C - 6.67 Inches Display - 2GB RAM 64GB ROM - 8MP Front Camera - 13MP Rear Camera - Dual SIM - 5000mAH Battery,https://www.daraz.pk/products/a100c-2gb-64gb-8mp-13mp-667-mah-i1965726900.html,,false,[],Weight Unknown,[27000.0],daraz.pk/daraz__a100c-2gb-64gb-8mp-13mp-667-mah-i1965726900.html.json,0d0e0d8e8830f0d0e1167db5767ddedbba4f4d22ac423b6ee0298f24a0f4f0ec,0.33333
12d613e1c3614749663f007288336a7ad878bcb7431017ff3af0fdfc1121997c,2026-08-15T11:03:28+00:00,ITEL A100C SPECIAL EDITION = 3GB RAM = 128GB ROM = 5000mAh BATTERY,https://www.daraz.pk/products/a100c-3gb-128gb-5000mah-i1967767434.html,,false,[],Weight Unknown,[32999.0],daraz.pk/daraz__a100c-3gb-128gb-5000mah-i1967767434.html.json,464e06d8a4da0ba7fe241c519ea07751acf70edb600eee5ba5f71033e6c2a03f,0.29167
68017c67c09691f17e5ec438b9384f6992d59a7f81e39e3b64b561d870b6000d,2026-08-15T11:54:50+00:00,Itel A100C Special Edition || 3GB+5GB Ram 128GB rom || 5000mAh Battery,https://www.daraz.pk/products/a100c-3gb-5gb-128gb-5000mah-i1968291517.html,,false,[],Weight Unknown,[29999.0],daraz.pk/daraz__a100c-3gb-5gb-128gb-5000mah-i1968291517.html.json,b56e9c928d2db059cc5e01262410fc6f5cc8a578dfee2f11b86603c3529276f7,0.29167
1f960804239b6ce08baddb86793f595a3ab2d0833f379641ba3815f7751534a9,2026-08-15T10:53:23+00:00,itel A100C - 6.67 Inches Display - 3GB RAM 128GB ROM - 8MP Front Camera - 13MP Rear Camera - Dual SIM - 5000mAH Battery,https://www.daraz.pk/products/a100c-3gb-667-gb-8mp-13mp-128-mah-i1965762232.html,,false,[],Weight Unknown,[31000.0],daraz.pk/daraz__a100c-3gb-667-gb-8mp-13mp-128-mah-i1965762232.html.json,111b929d6cd3c3c1bec6f846ad99a34898bb66ba60ccbd46a4c904917b3a6b11,0.33333
39c22f3a1cbea8c57f4ddf56f4f7595249e9c6998fc1f22872bfdfb2468be621,2026-08-15T14:26:01+00:00,ITEL A100C = 4GB RAM = 64GB ROM = 5000mAh BATTERY,https://www.daraz.pk/products/a100c-4gb-64gb-5000mah-i1950005761.html,,false,[],Weight Unknown,[26499.0],daraz.pk/daraz__a100c-4gb-64gb-5000mah-i1950005761.html.json,fa64d7146c6fc6ba204bc888d29e8ee664278dbef87e7f6d9d79d343df8daba7,0.29167
b9ae5ed91a93bb8df9ea4dc23bc73c8b7f27636bf0d9497585549648f70b85ef,2026-08-15T15:23:46+00:00,ITEL A100C = 4GB RAM = 64GB ROM = 5000mAh BATTERY,https://www.daraz.pk/products/a100c-4gb-64gb-5000mah-i1954086008.html,,false,[],Weight Unknown,[26499.0],daraz.pk/daraz__a100c-4gb-64gb-5000mah-i1954086008.html.json,fa64d7146c6fc6ba204bc888d29e8ee664278dbef87e7f6d9d79d343df8daba7,0.29167
d31824a2a21bca923db653a5f9d402151698548ff1ae1b031554af6c7bf6bad2,2026-08-15T11:25:59+00:00,itel A100C - 6.67 Inches Display - 4GB RAM 64GB ROM - 8MP Front Camera - 13MP Rear Camera - Dual SIM - 5000mAH Battery,https://www.daraz.pk/products/a100c-4gb-64gb-8mp-13mp-667-mah-i1965215736.html,,false,[],Weight Unknown,[33000.0],daraz.pk/daraz__a100c-4gb-64gb-8mp-13mp-667-mah-i1965215736.html.json,c6f38101a4a482f124fa9160b0402c76adab6399c737e08f8b1e6eb421d7eaaf,0.33333
752bbf02e21231a06f668d67e1d6e72269b86532b80acff1b9586cc482b406cc,2026-08-15T11:45:31+00:00,itel A100C - 6.67” HD+ 90Hz Sunlight Display - 2GB RAM 64GB ROM - 8MP Front Camera - 13MP Rear Camera - Unisoc T7100 Processor - Dual SIM - 5000mAH Battery,https://www.daraz.pk/products/a100c-667-90hz-2gb-64gb-8mp-13mp-t7100-1-mah-i1965744785.html,,false,[],Weight Unknown,[26000.0],daraz.pk/daraz__a100c-667-90hz-2gb-64gb-8mp-13mp-t7100-1-mah-i1965744785.html.json,04d80064fe37ee63abb50b2a9db3479b279d3fa8f70bca5d4ebf97827f19c789,0.29167
ddb580462b9d0957a70ad444600be2d386a41969b999807c102d2b09380b2c35,2026-08-15T11:25:50+00:00,itel A100C - 6.67” HD+ 90Hz Sunlight Display - 4GB RAM 64GB ROM - 8MP Front Camera - 13MP Rear Camera - Unisoc T7100 Processor - Dual SIM - 5000mAH Battery,https://www.daraz.pk/products/a100c-667-90hz-4gb-64gb-8mp-13mp-t7100-1-mah-i1965243295.html,,false,[],Weight Unknown,[32000.0],daraz.pk/daraz__a100c-667-90hz-4gb-64gb-8mp-13mp-t7100-1-mah-i1965243295.html.json,86d3128fb4d3c18e262b1d4024251c21d45e2100aeb8dc25ddf8ca018cce28f2,0.29167
9bcc3a841d987591d9d22f7588229de5b8571ad5ba602908a40a8c68270edff7,2026-08-15T11:33:37+00:00,itel A100C - 6.67” HD+ 90Hz Sunlight Display - 3GB RAM 128GB ROM - 8MP Front Camera - 13MP Rear Camera - Unisoc T7100 Processor - Dual SIM - 5000mAH Battery,https://www.daraz.pk/products/a100c-667-hd-90hz-3gb-128gb-8mp-13mp-t7100-5000mah-i1965726966.html,,false,[],Weight Unknown,[30000.0],daraz.pk/daraz__a100c-667-hd-90hz-3gb-128gb-8mp-13mp-t7100-5000mah-i1965726966.html.json,04fc32b07600edb59305e3d90be21e6c94d9716f08ce15a52b7c2f11c848a1fd,0.29167
d0c89ba042ac15cd55b885dc4fd2606abb122d3e004a2035e49d765d7e17e8d3,2026-08-15T11:33:22+00:00,itel A100C - 6.67” HD+ 90Hz Sunlight Display - 2GB RAM 64GB ROM - 8MP Front Camera - 13MP Rear Camera - Dual SIM - 5000mAH Battery,https://www.daraz.pk/products/a100c-hd-90hz-2gb-64gb-8mp-13mp-667-mah-i1965762179.html,,false,"[""Pure Black"",""Titanium Gold"",""Blaze Blue"",""Silk Green""]",Weight Unknown,[26000.0],daraz.pk/daraz__a100c-hd-90hz-2gb-64gb-8mp-13mp-667-mah-i1965762179.html.json,5a82cc44daea35071ef546caffe30e997755830c8f192919f54dc0d8907c6038,0.62500
37d3b1498d749f343b7d140db6acfa66c830438572968a16ab9a6b60226783f4,2026-08-15T11:23:56+00:00,itel A100C - 6.67” HD+ 90Hz Sunlight Display - 3GB RAM 128GB ROM - 8MP Front Camera - 13MP Rear Camera - Dual SIM - 5000mAH Battery,https://www.daraz.pk/products/a100c-hd-90hz-3gb-667-gb-8mp-13mp-128-mah-i1965247079.html,,false,"[""Pure Black"",""Titanium Gold"",""Blaze Blue"",""Silk Green""]",Weight Unknown,[30000.0],daraz.pk/daraz__a100c-hd-90hz-3gb-667-gb-8mp-13mp-128-mah-i1965247079.html.json,b1ac4e4dcf741bf34408f0221c8cda7fffe5ded122489bae81a7035ffe42c597,0.62500
80e63c3945f9e6f3f6f9efe842d539d97844b18b432a63e9aa3ead00a75749f5,2026-08-15T11:24:52+00:00,itel A100C - 6.67” HD+ 90Hz Sunlight Display - 4GB RAM 64GB ROM - 8MP Front Camera - 13MP Rear Camera - Dual SIM - 5000mAH Battery,https://www.daraz.pk/products/a100c-hd-90hz-4gb-64gb-8mp-13mp-667-mah-i1965245135.html,,false,"[""Pure Black"",""Titanium Gold"",""Blaze Blue"",""Silk Green""]",Weight Unknown,[32000.0],daraz.pk/daraz__a100c-hd-90hz-4gb-64gb-8mp-13mp-667-mah-i1965245135.html.json,12fbb09ebdb3902e3aaf7cd8deda1162b94b8142d94dfc881db54b0e3f76fd91,0.62500
231f7428e5291326a383a83c624edc5c87537ef6f920093c198fb37400eee394,2026-08-15T14:46:43+00:00,Carrefour Samsung Galaxy A15 Smartphone 128GB Rom 6GB RAM Personality Yellow (281127),https://www.daraz.pk/products/a15-128gb-6gb-281127-i933102238.html,,false,[],Weight Unknown,[52999.0],daraz.pk/daraz__a15-128gb-6gb-281127-i933102238.html.json,2ad02ab93124cb0d8994dc0bb1009cec9c64100e373bda3c5c02cf8d26286c5f,0.16667
a5de269bd552b910feaee5243a5638aefc64e49965d4d7cfc69b14f15d96e64a,2026-08-15T14:28:43+00:00,Carrefour Samsung Galaxy A15 Smartphone 256GB Rom 8GB RAM Personality Yellow (281130),https://www.daraz.pk/products/a15-256gb-8gb-281130-i933099534.html,,false,[],Weight Unknown,[61499.0],daraz.pk/daraz__a15-256gb-8gb-281130-i933099534.html.json,4625274bf3c0ae2f17b001efbf27d0e5021f92d483d546cbc1e7ac647e4eb1ff,0.16667
9ed14fac904b8530caca2f973c1564899f20b78b14480d81c96b9460e9847ebb,2026-08-15T13:43:58+00:00,Carrefour Samasung Galaxy A15 Smartphone 6GB RAM 128GB ROM Light Blue (284997),https://www.daraz.pk/products/a15-6gb-128gb-284997-i933098682.html,,false,[],Weight Unknown,[54231.0],daraz.pk/daraz__a15-6gb-128gb-284997-i933098682.html.json,c9ce6bb8b9a0cd5e84d63efee66e4eca77c4bfd3f159c260ee60054dc2f1f900,0.16667
3c68432d160e347d0d33a4cf959265e2c68cf50813fcd4fd937145f3ce3ca20f,2026-08-15T13:56:43+00:00,SAMSUNG GALAXY A15 = 6GB RM = 128GB ROM = 5000mAh BATTERY,https://www.daraz.pk/products/a15-6gb-rm-128gb-5000mah-i781948011.html,,false,[],Weight Unknown,[39999.0],daraz.pk/daraz__a15-6gb-rm-128gb-5000mah-i781948011.html.json,1fa84cfd1dad8c43ddd304f3d039103c7ef7273fce129a148b27f522551dca39,0.62500
25314e635dc6935aa892c4ed4c3fb692bed7eea18cd19e3f7144bd8ade88c154,2026-08-15T13:44:54+00:00,SAMSUNG GALAXY A15 = 8GB RAM = 256GB ROM = 5000mAh BATTERY,https://www.daraz.pk/products/a15-8gb-256gb-5000mah-i781891543.html,,false,[],Weight Unknown,[49999.0],daraz.pk/daraz__a15-8gb-256gb-5000mah-i781891543.html.json,3bc8a12f24312e69290293345aa45254c2fe96625a31f2c1ee518f65ce476b81,0.62500
8e5cdfb643e266382cc46b3b2041937c32da74baad92a5c286126cd8cb462a7f,2026-08-15T14:31:04+00:00,Carrefour Samsung Mobile A16 6 GB RAM 128 GB ROM Black (292663),https://www.daraz.pk/products/a16-6-128-292663-i933105174.html,,false,[],Weight Unknown,[56499.0],daraz.pk/daraz__a16-6-128-292663-i933105174.html.json,0e746e362038c1a1d33c69f900270667053440996309be95ce7f452247c26467,0.16667
81609d8da9361d806aff09e463ab2c3de6da453e36f426b4102e2654eed5e211,2026-08-15T14:12:48+00:00,Carrefour Samsung Mobile A16 6 GB RAM 128 GB ROM Blue (292664),https://www.daraz.pk/products/a16-6-128-292664-i933097847.html,,false,[],Weight Unknown,[56499.0],daraz.pk/daraz__a16-6-128-292664-i933097847.html.json,4c64827ee053ec8d5cda06eefecf295351c646e779553aa8f5c55d404698ff22,0.16667
50be3db1014e471dcfb739aee1ba2d1a740d0162eb3cfe1871d206663967305a,2026-08-15T12:40:20+00:00,SAMSUNG GALAXY A16 = 6GB RAM = 128GB ROM = 5000mAh BATTERY,https://www.daraz.pk/products/a16-6gb-128gb-5000mah-i751687129.html,,false,[],Weight Unknown,[51999.0],daraz.pk/daraz__a16-6gb-128gb-5000mah-i751687129.html.json,f962de7f27346e35dd998c95d27cb2fa316b6ac18176225e4a932dc012b58d2d,0.62500
0ffb7f4ffe6b2b7f1bb8d241cd58a58e59e585036b7860380727ec7600f385a0,2026-08-15T13:19:36+00:00,Carrefour MOBILEA16 6GB+128GB SAMSUNG GREEN (292665),https://www.daraz.pk/products/a16-6gb128gb-292665-i933102271.html,,false,[],Weight Unknown,[56499.0],daraz.pk/daraz__a16-6gb128gb-292665-i933102271.html.json,06658b62d2efc0350656025ac6d122f1b7905b3e3cac49f8d8e75fd37ebfec37,0.12500
d7fd783c4380b97e95e95cce93e6a95c1a27d5aad4af808b0e399ff886d1d9d2,2026-08-15T13:17:29+00:00,Carrefour Samsung Mobile A16 8 GB RAM 256 GB ROM Black (292666),https://www.daraz.pk/products/a16-8-256-292666-i933099570.html,,false,[],Weight Unknown,[63499.0],daraz.pk/daraz__a16-8-256-292666-i933099570.html.json,8b480a19263bf8c1f00016a78aa7520cf2415559034c5f4e362933f08fb201f5,0.16667
3215484537df61e8b6925b0579911e383b5647bc4afca9aeaf6a4e37de3e81eb,2026-08-15T13:23:31+00:00,Carrefour Samsung Mobile A16 8 GB RAM 256 GB ROM Green (292668),https://www.daraz.pk/products/a16-8-256-292668-i933102272.html,,false,[],Weight Unknown,[63499.0],daraz.pk/daraz__a16-8-256-292668-i933102272.html.json,2b03bae739fe847aa53ad5aac5d0c7573618bc0f5c821eb4116ea393abf207b3,0.16667
10b5b3b8962d966a991d019792e3fa761448c6c15eea5859786bb0eeeee2c2cd,2026-08-15T12:50:06+00:00,SAMSUNG GALAXY A16 = 8GB RAM = 256GB ROM = 5000mAh BATTERY,https://www.daraz.pk/products/a16-8gb-256gb-5000mah-i751658729.html,,false,[],Weight Unknown,[57999.0],daraz.pk/daraz__a16-8gb-256gb-5000mah-i751658729.html.json,96bcb64d28a6d879daf3908bf231ac5fea98daa807c8e85fb6cef68abdef7b59,0.62500
e331c455a289931b2dc19cb604c06fea28356bb77bb594af9ea740b182710dcb,2026-08-15T15:05:26+00:00,Carrefour MOBILEA16 8GB+256GB SAMSUNG GREY (292667),https://www.daraz.pk/products/a16-8gb256gb-292667-i933092998.html,,false,[],Weight Unknown,[62999.0],daraz.pk/daraz__a16-8gb256gb-292667-i933092998.html.json,13ef30a4cf3768cb7806dcece4419821f8fd65bb3a0483005d620f6dc4392a06,0.12500
2466e7cd2d8c64fd633cee1ccb2acd07199d14f19a189d06a7c25794fc1e3b37,2026-08-15T09:58:33+00:00,"itel A17 MOBILE 1 YEAR BRAND WARRANTY itel A17 MOBILE 1GB RAM 16GB ROM || 5"" DISPLAY || 1 YEAR BRAND WARRANTY",https://www.daraz.pk/products/a17-1-a17-1gb-16gb-5-ace-1-i546545620.html,,false,[],Weight Unknown,[60000.0],daraz.pk/daraz__a17-1-a17-1gb-16gb-5-ace-1-i546545620.html.json,cdc4d1a540f4fb2e9b79c9ce67a5c484bb3fc60c80184cf35882533c27a9836f,0.20833
e2c85b6ed3dbe96d2d1e0202d3c0a8db745ca8cef0e5097c201dae0d76cfea25,2026-08-15T10:13:39+00:00,"itel A17 MOBILE 1GB RAM 16GB ROM || 5"" DISPLAY || 1 YEAR BRAND WARRANTY",https://www.daraz.pk/products/a17-1gb-16gb-5-1-i501621822.html,,false,[],Weight Unknown,[60000.0],daraz.pk/daraz__a17-1gb-16gb-5-1-i501621822.html.json,5393458f425d194beaa121acdaf575f76c8b933adb6ceae31ea6ba6e23916943,0.33333
4d0f9ad221a3fed324b3f52bf5abc04d12610a14667188fdd3b4b3c49c5895e1,2026-08-15T13:39:39+00:00,Carrefour Samsung Galaxy A17 6+128 Black-304643,https://www.daraz.pk/products/a17-6128-304643-i1960467758.html,,false,[],Weight Unknown,[69999.0],daraz.pk/daraz__a17-6128-304643-i1960467758.html.json,fd0edd4a5944ea05b8c20e92466ab0b287e765ab30960198e8d8eb8b7d981d9b,0.12500
5f3749e4411ac06f51d19553ba5e6d015f28f937fd37676cbf6ce6f936440d7b,2026-08-15T13:37:10+00:00,Carrefour Samsung Galaxy A17 6+128 Blue-304644,https://www.daraz.pk/products/a17-6128-304644-i1961174707.html,,false,[],Weight Unknown,[69999.0],daraz.pk/daraz__a17-6128-304644-i1961174707.html.json,c21bcc8bffddc3240d8a6a6e4e0edad1e7cb435b853b493cd83da8c688cc5baf,0.12500
d9c2d29382ffcd42565a6bbe3235938c9f95df3a191a5440824ea7dadbd23a28,2026-08-15T10:15:10+00:00,Samsung A17 - 6.7 Inches Display - 6GB RAM 128GB ROM - 13MP Front Camera -50MP+5MP+2MP Rear Camera - Dual SIM - 5000mAh Battery,https://www.daraz.pk/products/a17-67-6gb-128gb-13mp-50mp-5mp-2mp-5000mah-i926770386.html,,false,[],Weight Unknown,[66000.0],daraz.pk/daraz__a17-67-6gb-128gb-13mp-50mp-5mp-2mp-5000mah-i926770386.html.json,59f133ce51fa5c0bd0aba3a20e9d163b526eeb2c6fbae4eb02c6880a8ee68932,0.41667
237b173303c00ca90dc946d20196f36e64ab92494a122b378c32d222e8310ca3,2026-08-15T11:17:16+00:00,Samsung A17 - 6.7 Inches Display - 8GB RAM 256GB ROM - 13MP Front Camera -50MP+5MP+2MP Rear Camera - Dual SIM - 5000mAh Battery,https://www.daraz.pk/products/a17-67-8gb-256gb-13mp-50mp-5mp-2mp-5000mah-i926771363.html,,false,[],Weight Unknown,[77000.0],daraz.pk/daraz__a17-67-8gb-256gb-13mp-50mp-5mp-2mp-5000mah-i926771363.html.json,ffdfb949978363014acee7c78d11b4c0102bb0661ce951ec3c690174a1124bd4,0.41667
27f263a1e02f418e3ea35b17cf1f9720e2cccb39929d3273fb7fbaeb673dfff5,2026-08-15T14:35:49+00:00,Carrefour Samsung Mobile A17 6GB RAM 128GB ROM Grey-304645,https://www.daraz.pk/products/a17-6gb-128gb-304645-i1961108803.html,,false,[],Weight Unknown,[69999.0],daraz.pk/daraz__a17-6gb-128gb-304645-i1961108803.html.json,97d7c63c9d9d581ef93a87614dd4a53543ac04945af738f8513a21d3b9d107ee,0.16667
0f80697a42ff72c78bb9180e76beb9b2e6e4fda99928f71ccd62a76e76b9d9e1,2026-08-15T13:04:48+00:00,SAMSUNG GALAXY A17 = 6GB RAM = 128GB ROM = 5000mAh BATTERY,https://www.daraz.pk/products/a17-6gb-128gb-5000mah-i930395783.html,,false,[],Weight Unknown,[62999.0],daraz.pk/daraz__a17-6gb-128gb-5000mah-i930395783.html.json,b911cc7c9096953884ccef8bd1a1bfb14f9cc0a836df39fff4b8ecb6ab9bd4a4,0.41667
1da324b0cea5d03045268f6f4eacf93b053b368711c2c0985a6a49c0bd4fccab,2026-08-15T11:35:47+00:00,"Samsung Galaxy A17 6GB + 128GB 6.7"" Super AMOLED Display 90Hz 5000 mAh Battery Fast Charging 25W Fingerprint (side-mounted) PTA Approved",https://www.daraz.pk/products/a17-6gb-128gb-67-90hz-5000-mah-25w-pta-i925543111.html,,false,[],Weight Unknown,[84999.0],daraz.pk/daraz__a17-6gb-128gb-67-90hz-5000-mah-25w-pta-i925543111.html.json,d670bbb36b060c8c1ace69b776067a5c821986cabe51274ed9c7efec3c0c670e,0.45833
6ec76374f6988d2a75689e202e7481b484c9afc53ae8994c1b7b03b49c0632b7,2026-08-15T15:02:52+00:00,SAMSUNG GALAXY A17 = 8GB RAM = 256GB ROM = 5000mAh BATTERY,https://www.daraz.pk/products/a17-8gb-256gb-5000mah-i930392942.html,,false,[],Weight Unknown,[86999.0],daraz.pk/daraz__a17-8gb-256gb-5000mah-i930392942.html.json,f6e4e0f71de13b7e5e655eeb0113d51d01de894b10a42245db23c237cf721842,0.41667
9f864d58ccd94e20f5e34447679eeae8609b57c2b45141b58cf5637c605b3edd,2026-08-15T13:36:45+00:00,SAMSUNG GALAXY A17 = 8GB RAM = 256GB ROM = 5000mAh BATTERY,https://www.daraz.pk/products/a17-8gb-256gb-5000mah-i935373147.html,,false,[],Weight Unknown,[73999.0],daraz.pk/daraz__a17-8gb-256gb-5000mah-i935373147.html.json,1b887147aba1538bf858b21cd816c43fbcc5e60840609dfdb5155a3c504f621d,0.41667
2fdfff944ae136cb1f0d59b32559349b512db7105cd2ebdf3201b8273595d9e9,2026-08-15T11:40:54+00:00,"Samsung Galaxy A17 8GB + 256GB 6.7"" Super AMOLED Display 90Hz 5000 mAh Battery Fast Charging 25W Fingerprint (side-mounted) PTA Approved",https://www.daraz.pk/products/a17-8gb-256gb-67-90hz-5000-mah-25w-pta-i925537255.html,,false,[],Weight Unknown,[94999.0],daraz.pk/daraz__a17-8gb-256gb-67-90hz-5000-mah-25w-pta-i925537255.html.json,919b38abf2a54d21f67170df3c7c2a4cad0b9a966838803274fe21b97b2fe646,0.45833
07e107f769042b8763a0f05d893fd1a7e162be41918dce61a06f668fdd0b6037,2026-08-15T10:57:24+00:00,Samsung A17 - Super AMOLED LCD - 6.7 Inches Display - 6GB RAM 128GB ROM - 13MP Front Camera -50MP+5MP+2MP Rear Camera - Exynos 1330 Chipset - Dual SIM - 5000mAh Battery,https://www.daraz.pk/products/a17-lcd-67-6gb-128gb-13mp-50mp-5mp-2mp-exynos-1330-5000mah-i926776022.html,,false,"[""Black"",""Gray"",""Blue""]",Weight Unknown,[66000.0],daraz.pk/daraz__a17-lcd-67-6gb-128gb-13mp-50mp-5mp-2mp-exynos-1330-5000mah-i926776022.html.json,020a573ffc4d08be1c3e65f6002efc88b55b4e9309770481cd1d642a8d2afcbc,0.66667
bcbb65b3b9b79c540779b2b3c3b123bbaec79fd3f7d34bb0b0e5b35b29033640,2026-08-15T10:16:02+00:00,Samsung A17 - Super AMOLED LCD - 6.7 Inches Display - 8GB RAM 256GB ROM - 13MP Front Camera -50MP+5MP+2MP Rear Camera - Dual SIM - 5000mAh Battery,https://www.daraz.pk/products/a17-lcd-67-8gb-256gb-13mp-50mp-5mp-2mp-5000mah-i926634558.html,,false,[],Weight Unknown,[76000.0],daraz.pk/daraz__a17-lcd-67-8gb-256gb-13mp-50mp-5mp-2mp-5000mah-i926634558.html.json,5a7fe371f81df808d75d04c553f62297754975b9031a48ae28676e5849503f71,0.62500
9d1ed5dc1407522f5119f167c3c692d939c0145118fbe7f4289933b5ef4deb46,2026-08-15T13:37:49+00:00,Carrefour MOBILE A18 4+64 GLOWING BLUE OPPO (289730),https://www.daraz.pk/products/a18-464-289730-i933092986.html,,false,[],Weight Unknown,[29499.0],daraz.pk/daraz__a18-464-289730-i933092986.html.json,afa9f17f63615c537a6bd438219af25d6dd5d5688bd7c06904b4550498add384,0.12500
b4fd3056281595d26ede469f4a26e11bc43272b635b1f52892b106596853ccc5,2026-08-15T13:22:57+00:00,Carrefour MOBILE A18 4+64 GLOWING BLAK OPPO (289731),https://www.daraz.pk/products/a18-464-289731-i933105168.html,,false,[],Weight Unknown,[29499.0],daraz.pk/daraz__a18-464-289731-i933105168.html.json,897bac181bb1daecf14b3a654ed9f4bd85ccdc801a991e211b913001a411a4da,0.12500
1dba436552ec029c3abd7d39e461ad1b59033d233e573b6d729ff7e7b521ce90,2026-08-15T13:15:44+00:00,REDMI A2 PLUS - 3+3GB RAM 64GB ROM - 5000 mAh Battery,https://www.daraz.pk/products/a2-3-3gb-64gb-5000-mah-i430536989.html,,false,[],Weight Unknown,[23999.0],daraz.pk/daraz__a2-3-3gb-64gb-5000-mah-i430536989.html.json,7dc6fc8d2b3ffe5294002a13e49f385648e823d9cf75fe65bb9d3b6b8738837e,0.58333
2683afaebd6201b598266b5c6e9ba06e7b0b8772036b82ca69783154a59271fa,2026-08-15T11:54:31+00:00,itel A200 Plus || 3GB+5GB Ram 128GB Rom || 6000mAh Battery,https://www.daraz.pk/products/a200-3gb-5gb-128gb-6000mah-i1968305095.html,,false,[],Weight Unknown,[31999.0],daraz.pk/daraz__a200-3gb-5gb-128gb-6000mah-i1968305095.html.json,946a099e89e2ae2c061ee2416f1da0fd0870c4593f9de5ef33a7a4b9cb377245,0.33333
2f39440d8f9ef4cf5f03a4d48fb554f02c4ef071c13d32cc2cc7290c7c1450ac,2026-08-15T11:14:19+00:00,itel A200 Plus - 6.75 Inches Display - 3GB RAM 128GB ROM - 5MP Front Camera - 13MP Rear Camera - Dual SIM - 6000mAh Battery,https://www.daraz.pk/products/a200-675-3gb-128gb-5mp-13mp-6000mah-i1966024808.html,,false,[],Weight Unknown,[34000.0],daraz.pk/daraz__a200-675-3gb-128gb-5mp-13mp-6000mah-i1966024808.html.json,1016233e831b21aae5678cb82b85c98a2ed60fd9fd2c2dd653dd2e582fa49d68,0.29167
717b51e83cb0710adc533b1cfdc27025f7cc84341a44e8b188dd506b82db5ef4,2026-08-15T10:56:55+00:00,itel A200 Plus - 6.75” HD+ 120Hz Sunlight Display - 3GB RAM 128GB ROM - 5MP Front Camera - 13MP Rear Camera - Unisoc T7250 Processor - Dual SIM - 6000mAh Battery,https://www.daraz.pk/products/a200-675-hd-3gb-1-gb-5mp-13mp-t7250-120-mah-i1966036942.html,,false,"[""Orange"",""Blue"",""Star Titanium""]",Weight Unknown,[33000.0],daraz.pk/daraz__a200-675-hd-3gb-1-gb-5mp-13mp-t7250-120-mah-i1966036942.html.json,0efa26f14436f047d213ef86ff07ea730dc931c5215f10f758ecdcf3a4998136,0.66667
9e6dc757ebf1cb519e9481388cbdadf36b49cc579eea6ea1b70d791385e465e5,2026-08-15T10:27:43+00:00,"itel A200 Plus - 6.75"" 120Hz Display - 8GB RAM (3GB+5GB Extended) - 128GB ROM - 6000mAh Battery - Official Brand Warranty",https://www.daraz.pk/products/a200-675-hz-8gb-3gb-5gb-120-gb-128-mah-i1967914529.html,,false,[],Weight Unknown,[34999.0],daraz.pk/daraz__a200-675-hz-8gb-3gb-5gb-120-gb-128-mah-i1967914529.html.json,b88fe36da10bc47562039dda3fc50e624fa86fbd5065bce9068635fc0e7d9191,0.25000
639bdec08b3c3345b19600aeab4617704a710fa782c12cf9665ae0ff46336ddd,2026-08-15T12:22:14+00:00,ITEL A23 PRO MOBILE 1 GB RAM 8GB ROM || QUAD CORE CPU || ARM Mali-T820 || 2400 mAh BATTERY,https://www.daraz.pk/products/a23-1-gb-8gb-cpu-mali-t820-mah-i405598886.html,,false,[],Weight Unknown,[15000.0],daraz.pk/daraz__a23-1-gb-8gb-cpu-mali-t820-mah-i405598886.html.json,af6daf20e70aa01b9d542619d01f17471e00446cd38a765ff5f7d4283c785f5e,0.20833
147082f431f8e9af517bead0e2bc06b59e271028edacebfbc9f42d4b98cf850a,2026-08-15T13:23:42+00:00,Carrefour Samasung Galaxy A24 Smartphone 8GB RAM 128GB ROM Green (284998),https://www.daraz.pk/products/a24-8gb-128gb-284998-i933099544.html,,false,[],Weight Unknown,[76500.0],daraz.pk/daraz__a24-8gb-128gb-284998-i933099544.html.json,83d97a0f18dc74d49038fc445676df89e5db24186d071d3d1e293409b7d9f7b1,0.16667
2e0761cd10a9abce8636d411f4ad9dc85844a85d5135f58c450f5a321c9c4bfa,2026-08-15T13:49:20+00:00,Carrefour Samasung Galaxy A24 Smartphone 8GB RAM 128GB ROM Silver (284999),https://www.daraz.pk/products/a24-8gb-128gb-284999-i933092965.html,,false,[],Weight Unknown,[82199.0],daraz.pk/daraz__a24-8gb-128gb-284999-i933092965.html.json,be6eb6189a84883fab8c4e076ce2e32d81fb615d305d09c0a69bbc8d4f634454,0.16667
7fa1fadb32150f3c989b6745826b3ff239c49a998b186b2793f0ae9f32d12523,2026-08-15T14:49:44+00:00,Carrefour Samsung Mobile A25 8 GB RAM 256 GB ROM Blue (281131),https://www.daraz.pk/products/a25-8-256-281131-i933099535.html,,false,[],Weight Unknown,[101500.0],daraz.pk/daraz__a25-8-256-281131-i933099535.html.json,3371a3410f5b7f653f7d515fb905cc0ca9a9fdd32eab287584b2d1b6b7944d14,0.16667
d5c340dc5c730f41615326b527e52b8127b45b7898f8416eef7ac773ef4c1818,2026-08-15T15:17:56+00:00,Carrefour Samsung Mobile A25 8 GB RAM 256 GB ROM Yellow (281133),https://www.daraz.pk/products/a25-8-256-281133-i933100460.html,,false,[],Weight Unknown,[101500.0],daraz.pk/daraz__a25-8-256-281133-i933100460.html.json,e6f48c4cf4ffed3d5ef8b96172c08647e9d32c4d2a95ff20f47933283f785a64,0.16667
296f0df4973fc9f1f7271d71becec2b447796fb004533a1f4346a25fe9357a18,2026-08-15T15:28:01+00:00,Carrefour Samsung Mobile A26 8 GB ROM 256 GB RAM Peach Pink (295379),https://www.daraz.pk/products/a26-8-256-295379-i933102276.html,,false,[],Weight Unknown,[85999.0],daraz.pk/daraz__a26-8-256-295379-i933102276.html.json,e0046638eb74d7756626d2fa49273ef1627b7e70e539f41887b15d70a9adf7d1,0.16667
ad0e8754a2ad94def693ecc3fb7dfb95fa47dc99800b60e9c0fa76c4f135e7ea,2026-08-15T15:25:37+00:00,Carrefour Samsung Mobile A26 8 GB ROM 256 GB RAM White (295380),https://www.daraz.pk/products/a26-8-256-295380-i933099575.html,,false,[],Weight Unknown,[85999.0],daraz.pk/daraz__a26-8-256-295380-i933099575.html.json,b606b546242725749d7b1242656d616ff381de55cf811e76e8b255c2789fefe3,0.16667
e5e7244c1e482a9316e1cce825e82d6f891f7ec6f78ef808f94af10c03d12a28,2026-08-15T15:21:26+00:00,Carrefour Samsung Mobile A26 8 GB ROM 256 GB RAM Black (295381),https://www.daraz.pk/products/a26-8-256-295381-i933098715.html,,false,[],Weight Unknown,[85999.0],daraz.pk/daraz__a26-8-256-295381-i933098715.html.json,3eec9967807b9cfd404ec6edc0ee3582d48fe7eb33e3d9516686a734ac2c2e94,0.16667
236264488b59e94f924f2afa4b33262ae6eeccb28a6914981a1e35c7e131bf3b,2026-08-15T12:46:18+00:00,REDMI A3 = 4GB RAM = 128GB ROM = 5000mAh BATTERY,https://www.daraz.pk/products/a3-4gb-128gb-5000mah-i468929858.html,,false,[],Weight Unknown,[24999.0],daraz.pk/daraz__a3-4gb-128gb-5000mah-i468929858.html.json,3f13c25c2eeea0197def910baa4bbc77f1715b829b63b11205c489effcba3697,0.62500
7fc048f021c130d1075e09fa9125871a8324c50e8da291cace9252592c35758b,2026-08-15T12:46:42+00:00,REDMI A3 = 4GB RAM = 64GB ROM = 5000mAh BATTERY,https://www.daraz.pk/products/a3-4gb-64gb-5000mah-i541761516.html,,false,[],Weight Unknown,[20499.0],daraz.pk/daraz__a3-4gb-64gb-5000mah-i541761516.html.json,98870ac1d2f06aa020f7e294933a8bb97028ab93ad0bfa0b66c9ad8f8bf71a68,0.62500
3301c07ace93e7ec8acece29dca96ea701025788945e6f87be77eb342f321689,2026-08-15T14:54:28+00:00,Carrefour OPPO Mobile A3 6 GB RAM 128 GB ROM Starry Purple (297541),https://www.daraz.pk/products/a3-6-128-297541-i933099579.html,,false,[],Weight Unknown,[41499.0],daraz.pk/daraz__a3-6-128-297541-i933099579.html.json,572c9c4fbcd5d09f9c3fb6e207c05ccfb049ae641c84d707ac3fdd10ae20197c,0.16667
37d936fe674fbf7d3c2de5ae00ec32d902e3c4019058801723be893768206d99,2026-08-15T14:23:06+00:00,Carrefour MOBILE A3 6+128 WHITE OPPO (289529),https://www.daraz.pk/products/a3-6128-289529-i933093970.html,,false,[],Weight Unknown,[43500.0],daraz.pk/daraz__a3-6128-289529-i933093970.html.json,3ae0e1f2ede3ffe5fe3be762685138244cfe1b7772677c2b28d610b1418df713,0.12500
fb50c91e648d52e29327e4b2c061e0f2d672873231f0efa8ea84a0b7d15484d1,2026-08-15T14:01:59+00:00,Carrefour MOBILE A3 6+128 BLACK OPPO (289530),https://www.daraz.pk/products/a3-6128-289530-i933104268.html,,false,[],Weight Unknown,[40500.0],daraz.pk/daraz__a3-6128-289530-i933104268.html.json,b6617837e15264b2a1f6abad4168724c664aba30017ceb977133478f4706921c,0.12500
61ab831a5503e6cd4f7f659bf20c599be7c83bf42c8d656337a97fda84241a8b,2026-08-15T13:24:28+00:00,Carrefour MOBILE A3 6+256 WHITE OPPO (289527),https://www.daraz.pk/products/a3-6256-289527-i933102262.html,,false,[],Weight Unknown,[48500.0],daraz.pk/daraz__a3-6256-289527-i933102262.html.json,a1eeabd311bd0bd8e25b03248c59a930c6ec94cdf6ffe66dcadd18f44a75379e,0.12500
e67ef8a88908de7a0e5414195592d3ac07792813f2598c19bbf6f471507aa2b1,2026-08-15T15:07:08+00:00,Carrefour MOBILE A3 6+256 BLACK OPPO (289528),https://www.daraz.pk/products/a3-6256-289528-i933103262.html,,false,[],Weight Unknown,[58999.0],daraz.pk/daraz__a3-6256-289528-i933103262.html.json,c8e4ac8398113cce160f2c13199ba96da1c49eeb6942d805a6d96afb03242e25,0.12500
c9e6b965f6a321a5e8d91f35e7d8505d6146118bcd7c0dbba97a0e1bd71bff34,2026-08-15T12:42:41+00:00,OPPO A3 = 6GB RAM = 128GB ROM = 5100mAh BATTERY,https://www.daraz.pk/products/a3-6gb-128gb-5100mah-i751026753.html,,false,[],Weight Unknown,[44999.0],daraz.pk/daraz__a3-6gb-128gb-5100mah-i751026753.html.json,e347d4e0c830b793c941c5521fd55de76e79a1f0ab91896e863890aa8f8b0a4e,0.62500
95784bf7468fa74a321da80da74cc015e68d897b494c9cd89546c767d8481829,2026-08-15T12:58:14+00:00,OPPO A3 = 6GB RAM = 256GB ROM = 5100mAh BATTERY,https://www.daraz.pk/products/a3-6gb-256gb-5100mah-i751023807.html,,false,[],Weight Unknown,[52999.0],daraz.pk/daraz__a3-6gb-256gb-5100mah-i751023807.html.json,4d242eb7e482e215ef4dc337b110b3a994c51291ca4bd145d3b83955015ea262,0.62500
f048c122ebfe3242da28c766a076502eb3d6afa527c700fea9005689527b023b,2026-08-15T12:55:57+00:00,OPPO A3 = 6GB RAM = 256GB ROM = 5100mAh BATTERY,https://www.daraz.pk/products/a3-6gb-256gb-5100mah-i752190744.html,,false,[],Weight Unknown,[50999.0],daraz.pk/daraz__a3-6gb-256gb-5100mah-i752190744.html.json,65197e97cb3928a4dd81d1a9cc884c5cbb5a228f2f9cb525979ec9866fec3acc,0.62500
d32c0b3d35e6776ab957fbc6abf658a44a50eb3572ebdcd4809dcff548e6e5b1,2026-08-15T14:39:30+00:00,Carrefour Samasung Galaxy A34 Smartphone 8GB RAM 256GB ROM Silver (285000),https://www.daraz.pk/products/a34-8gb-256gb-285000-i933098683.html,,false,[],Weight Unknown,[116999.0],daraz.pk/daraz__a34-8gb-256gb-285000-i933098683.html.json,d4885f79b5a9a6d268f3e4eb7e040330f9413cc24780febca9069ca77444266e,0.16667
f2dae07983f6ad6c2fe915604d4d4f55ebaa6fb5e2f4749f0d0b6c68857e5440,2026-08-15T15:09:11+00:00,Carrefour Samasung Galaxy A35 Smartphone 8GB RAM 256GB ROM Awesome Ice Blue (284935),https://www.daraz.pk/products/a35-8gb-256gb-284935-i933102244.html,,false,[],Weight Unknown,[119999.0],daraz.pk/daraz__a35-8gb-256gb-284935-i933102244.html.json,0e8cd17fa34ba92374dcedc971ee6fcd197a3642cef922285ea2cddfa34fbc59,0.16667
19e9ac696ab7cceecfb67b4b82f482d7d8bdedf953f68761d54907df49138fba,2026-08-15T14:18:17+00:00,Carrefour Samasung Galaxy A35 Smartphone 8GB RAM 256GB ROM Awesome Lilac (284936),https://www.daraz.pk/products/a35-8gb-256gb-284936-i933093956.html,,false,[],Weight Unknown,[119999.0],daraz.pk/daraz__a35-8gb-256gb-284936-i933093956.html.json,ccd315c14c1dcd7532fc8a5c1c7cb3bd900421b12a26965c703210e41caddc66,0.16667
fe2497844008d13d8b9ca7c9aaf607a356133652cd79e22b9721875031a2ad7a,2026-08-15T15:00:34+00:00,Carrefour Samasung Galaxy A35 Smartphone 8GB RAM 256GB ROM Awesome Lemon (284937),https://www.daraz.pk/products/a35-8gb-256gb-284937-i933102246.html,,false,[],Weight Unknown,[119999.0],daraz.pk/daraz__a35-8gb-256gb-284937-i933102246.html.json,e10fc2755d27f48f311c5d354a07ab4cccb75c9e5375860a26b023e6964b7526,0.16667
5dc8b4456285d83d960bf5c2d6ae7dbd4902a24ecf903b095b4f18c6eaa802a8,2026-08-15T15:10:46+00:00,Carrefour Samasung Galaxy A35 Smartphone 8GB RAM 256GB ROM Awesome Navy (284938),https://www.daraz.pk/products/a35-8gb-256gb-284938-i933097824.html,,false,[],Weight Unknown,[119999.0],daraz.pk/daraz__a35-8gb-256gb-284938-i933097824.html.json,853e54595b9cbf4c960def3cb68d30cd4755a75c7de5bda2b022f8823dadf79d,0.16667
722afcbe6524a932a5ab1ab688935daf467b20ac203c057064d9ec41201a40ac,2026-08-15T15:20:53+00:00,Carrefour Samsung Mobile A36 8 GB ROM 256 GB RAM Lime Black (295382),https://www.daraz.pk/products/a36-8-256-295382-i933106007.html,,false,[],Weight Unknown,[121500.0],daraz.pk/daraz__a36-8-256-295382-i933106007.html.json,487559e60db1fbb86589068fa154b2d5768aaf570e07d4f5d1863a085f178891,0.16667
b9e7a8813fd07944ef74905d09adf6b7880f4dca73161f7974f3a2bcdaa40ac8,2026-08-15T15:08:59+00:00,Carrefour Samsung Mobile A36 8 GB RAM 256 GB ROM Violet (295383),https://www.daraz.pk/products/a36-8-256-295383-i933106008.html,,false,[],Weight Unknown,[121499.0],daraz.pk/daraz__a36-8-256-295383-i933106008.html.json,b8204185be1b748b7f255dd74468679b5f007d32dbdb36fc092223ff8b372b4d,0.16667
1256426e3ef8f54bf597c656b1af7a0c50259b57abc04a8e29525aeb038bbfa9,2026-08-15T15:29:31+00:00,Carrefour Samsung Mobile A36 8 GB RAM 256 GB ROM Grey (295384),https://www.daraz.pk/products/a36-8-256-295384-i933100509.html,,false,[],Weight Unknown,[121499.0],daraz.pk/daraz__a36-8-256-295384-i933100509.html.json,f60563c3882e3ac59b5d438645e45205139ab17eea2d1a5a263539d0bdb5ad6f,0.16667
c0c615b046c73bd8697f5d9578b051ccceef5eb6f5baf2b44e614f55ea1cefb4,2026-08-15T14:58:55+00:00,Carrefour Samsung Mobile A36 8 GB ROM 256 GB RAM Lime Green (295385),https://www.daraz.pk/products/a36-8-256-295385-i933099576.html,,false,[],Weight Unknown,[121500.0],daraz.pk/daraz__a36-8-256-295385-i933099576.html.json,76a56039d2faa1710fca6eb48a3726f8420d598732f132d17f90feb69c8f0e2d,0.16667
6f1a74469d302efd0d95a03366d9f785d9b881fbe6a8c4dc015e7db4bea9f02f,2026-08-15T13:44:27+00:00,Carrefour MOBILE A3X 3+64 BLACK MI (286426),https://www.daraz.pk/products/a3x-364-mi-286426-i933104261.html,,false,[],Weight Unknown,[20999.0],daraz.pk/daraz__a3x-364-mi-286426-i933104261.html.json,49ca006e0fca79f982628fb9c7a980369962894e54769275280bcb5afa7083ed,0.12500
f0e8614cd013e52819f8d8410a0affe349c48f6c6a179b7374249bf18901c7ac,2026-08-15T12:51:07+00:00,REDMI A3X = 3GB RAM = 64GB ROM = 5000mAh BATTERY,https://www.daraz.pk/products/a3x-3gb-64gb-5000mah-i497685351.html,,false,[],Weight Unknown,[20999.0],daraz.pk/daraz__a3x-3gb-64gb-5000mah-i497685351.html.json,29e55aa73313084d280b5317ab38ad4ef7dbcc26fd4a36b8d99c7ec56ec38034,0.58333
8d5317783795866cc2d5a292fccea7d607acd63122d92a89b6002f33c91006fb,2026-08-15T12:59:37+00:00,REDMI A3X = 3GB RAM = 64GB ROM = 5000mAh BATTERY,https://www.daraz.pk/products/a3x-3gb-64gb-5000mah-i540871284.html,,false,[],Weight Unknown,[19499.0],daraz.pk/daraz__a3x-3gb-64gb-5000mah-i540871284.html.json,679c3c706b452cf40545135923ab2f5017c3bdc6dfb566feddd3c8d4f5f72dbf,0.58333
6b69c9d58bf723305559cc75d3aeb2e97840f2564f9842232a8dcd2d1118df24,2026-08-15T12:17:05+00:00,OPPO A3X = 4GB RAM = 128GB ROM = 5100mAh BATTERY,https://www.daraz.pk/products/a3x-4gb-128gb-5100mah-i751027805.html,,false,[],Weight Unknown,[36999.0],daraz.pk/daraz__a3x-4gb-128gb-5100mah-i751027805.html.json,b9fd261aed9725a4e0019ccbecdf75980633ff9302e39be4a37bef55507a6047,0.62500
cbee061cf212196536766feb7b152fab41a4a804c1a300a83b25f4f6404154ee,2026-08-15T12:16:28+00:00,OPPO A3X = 4GB RAM = 128GB ROM = 5100mAh BATTERY,https://www.daraz.pk/products/a3x-4gb-128gb-5100mah-i752191848.html,,false,[],Weight Unknown,[34999.0],daraz.pk/daraz__a3x-4gb-128gb-5100mah-i752191848.html.json,4e2e699670ff0d4f614da861a8f55214251e28301ecfb1aa6b7af76c03b7c068,0.62500
eb8996661e2f44c88f35fab403aba99e441e7463e3f8fb70a57bc5ded0c64850,2026-08-15T12:35:36+00:00,OPPO A3X = 4GB RAM = 64GB = ROM = 5000mAh BATTERY,https://www.daraz.pk/products/a3x-4gb-64gb-5000mah-i568241782.html,,false,[],Weight Unknown,[30999.0],daraz.pk/daraz__a3x-4gb-64gb-5000mah-i568241782.html.json,0f94897a969347176e7c512b6ac0c699c31002d8c9eff52eac7717685e9887f9,0.62500
499339e8b04d7149524edbc62f0228d779aeb2919e235a494526322ba18eb506,2026-08-15T12:24:44+00:00,OPPO A3X = 4GB RAM = 64GB ROM = 5100mAh BATTERY,https://www.daraz.pk/products/a3x-4gb-64gb-5100mah-i752201697.html,,false,[],Weight Unknown,[29999.0],daraz.pk/daraz__a3x-4gb-64gb-5100mah-i752201697.html.json,5d76ff65feac8ed36f633a08b2e662a613e644a18cef2584ebcbfccd98edc2e1,0.62500
a5c3082b7506a325e8898e854aa177c0eecc021b30f18d2cf04292aa7b8b4ade,2026-08-15T09:53:16+00:00,"itel A49 Mobile Phone 2GB Ram 32Gb Rom, Large Display 6.6"" , 4000 Mah Battery, one year brand warranty",https://www.daraz.pk/products/a49-2gb-32gb-66-mah-i370302861.html,,false,[],Weight Unknown,[20000.0],daraz.pk/daraz__a49-2gb-32gb-66-mah-i370302861.html.json,96ca3f22fb98776abd9dc67a26eae945694b5dfd91a1c8b93ef02916baca74c3,0.41667
6be912457a8e1ad6b35c4db989970ff3bf63cd4b486b606554019cdf2a81edd7,2026-08-15T12:22:32+00:00,REDMI A5 = 4GB RAM = 128GB ROM = 5200mAh BATTERY,https://www.daraz.pk/products/a5-4gb-128gb-5200mah-i778324810.html,,false,[],Weight Unknown,[30999.0],daraz.pk/daraz__a5-4gb-128gb-5200mah-i778324810.html.json,f19733b7c3bfd3dee5658f7043114a48d36d508cc37c9a6eb1663b9ff6a5ae5f,0.62500
d06a9c1e5e8d54843a542d248d438da2a00a39269a8574d947e7065c20909a3b,2026-08-15T11:53:28+00:00,Redmi A5 || 4GB Ram 64GB Rom || 5200MAh Battery,https://www.daraz.pk/products/a5-4gb-64gb-5200mah-i754235006.html,,false,"[""Black"",""Blue"",""Green"",""Silver""]",Weight Unknown,[37000.0],daraz.pk/daraz__a5-4gb-64gb-5200mah-i754235006.html.json,b6c58bc87b5c2d42a7fd3641f42978e08efb1b49a876a7f2c79e2d35382b051c,0.66667
ef55962422a6e5ccbbcc87262d49ec42b9d2a7947966c012543570fdac8ea282,2026-08-15T12:58:22+00:00,REDMI A5 = 4GB RAM = 64GB ROM = 5200mAh BATTERY,https://www.daraz.pk/products/a5-4gb-64gb-5200mah-i776293803.html,,false,[],Weight Unknown,[26999.0],daraz.pk/daraz__a5-4gb-64gb-5200mah-i776293803.html.json,11501a2d0f456209ec1b32f2b2b2d81fa13e507264bc668e4d3c11179fd95d35,0.62500
c8f9303003dfd3dfbf0e63bd47de5f45418852faa945100f93f0ec70d087b8a6,2026-08-15T12:36:04+00:00,REDMI A5 = 4GB RAM = 64GB ROM = 5200mAh BATTERY,https://www.daraz.pk/products/a5-4gb-64gb-5200mah-i778428098.html,,false,[],Weight Unknown,[26999.0],daraz.pk/daraz__a5-4gb-64gb-5200mah-i778428098.html.json,11501a2d0f456209ec1b32f2b2b2d81fa13e507264bc668e4d3c11179fd95d35,0.62500
76c0a0c6740cbbd949b195541a911e94717181f3cfe880a9e91d19783ce26238,2026-08-15T13:45:57+00:00,OPPO A5 = 6GB RAM = 128GB ROM = 6000mAh BATTERY,https://www.daraz.pk/products/a5-6gb-128gb-6000mah-i930395613.html,,false,[],Weight Unknown,[42999.0],daraz.pk/daraz__a5-6gb-128gb-6000mah-i930395613.html.json,7b8edd3422809d8eac51908ff0683f8c5768179f93e556fe73e1dd75a662765a,0.29167
f554b6d138d582f25a37035fec3255422c655ce74bdc822d89aca6fc01cf8c23,2026-08-15T14:21:06+00:00,Oppo A5 Pro - 8GB RAM - 128GB ROM - 50MP Camera - 5800mAh Battery,https://www.daraz.pk/products/a5-8gb-128gb-50mp-5800mah-i890989040.html,,false,[],Weight Unknown,[59999.0],daraz.pk/daraz__a5-8gb-128gb-50mp-5800mah-i890989040.html.json,6d4013772582f13fe1b5f10a6dfbf2a5437cc08cb6ba86d88ab01e9db61e0954,0.45833
5e3af6dfaf90d9eea8ed9f7a5badc3a6af2d1b20a28d79f12bae5459da831bb3,2026-08-15T12:39:58+00:00,OPPO A5 PRO = 8GB RAM = 128GB ROM = 5800mAh BATTERY,https://www.daraz.pk/products/a5-8gb-128gb-5800mah-i756104583.html,,false,[],Weight Unknown,[56999.0],daraz.pk/daraz__a5-8gb-128gb-5800mah-i756104583.html.json,a574be447df1242c060b3af94a37d769f5b7aa89dfa81b0135c00ea724dd9ff6,0.62500
5063013eb740711ea166374a1c8324b14dcd76a32bc2dc042ffc0427e44c4a3f,2026-08-15T12:58:32+00:00,OPPO A5 PRO = 8GB RAM = 128GB ROM = 5800mAh BATTERY,https://www.daraz.pk/products/a5-8gb-128gb-5800mah-i769104874.html,,false,[],Weight Unknown,[53999.0],daraz.pk/daraz__a5-8gb-128gb-5800mah-i769104874.html.json,44fe071c62e5edb90e646aaceb87860da7ec5cd0cd644ae22843c082ded1d233,0.62500
8504be0e4badf0844103125696419a84114d4dfb36ae45ce1cae247049e39a75,2026-08-15T14:05:01+00:00,OPPO A5 = 8GB RAM = 128GB ROM = 6000mAh BATTERY,https://www.daraz.pk/products/a5-8gb-128gb-6000mah-i930411442.html,,false,[],Weight Unknown,[49999.0],daraz.pk/daraz__a5-8gb-128gb-6000mah-i930411442.html.json,bc2f815657ff3a4f22fa400bb5d183170c445e44369ab639dbc5388bd151daff,0.29167
b223aa58e176785c47a2fe04478787b164bd1cfb3290c1abe67be30b77bfb3d4,2026-08-15T14:10:47+00:00,Oppo A5 Pro - 8GB RAM - 256GB ROM - 50MP Camera - 5800mAh Battery,https://www.daraz.pk/products/a5-8gb-256gb-50mp-5800mah-i896680272.html,,false,[],Weight Unknown,[59999.0],daraz.pk/daraz__a5-8gb-256gb-50mp-5800mah-i896680272.html.json,f15fb92870db0843e52c828e1ac5b0bb9c5742b3608f351dd41ab2c3900ebf7b,0.45833
806181a627bb8d517d975aee31245b9c6fe9d4e647172366583799d9272c7fd3,2026-08-15T12:54:27+00:00,OPPO A5 PRO = 8GB RAM = 256GB ROM = 5800mAh BATTERY,https://www.daraz.pk/products/a5-8gb-256gb-5800mah-i756090731.html,,false,[],Weight Unknown,[63999.0],daraz.pk/daraz__a5-8gb-256gb-5800mah-i756090731.html.json,ca5a98396741cd314c31b4eddf2593876cb1b9d9075c7633bc71908e331cf65d,0.62500
2c5b1f0441d7271cd8c798ab1f7504d84b6359f984cdb607384b55d9b2c6b374,2026-08-15T12:27:40+00:00,OPPO A5 PRO = 8GB RAM = 256GB ROM = 5800mAh BATTERY,https://www.daraz.pk/products/a5-8gb-256gb-5800mah-i769041839.html,,false,[],Weight Unknown,[59999.0],daraz.pk/daraz__a5-8gb-256gb-5800mah-i769041839.html.json,0fc56cad79c2a2509591ff7273e109cde9a8f93beadf73c97ffbafe1f31fc61e,0.62500
2e3bcb5772bfa73dd03576a62e9344c90a54134e27eebf655be64224d1b4376e,2026-08-15T13:19:43+00:00,OPPO A5 = 8GB RAM = 256GB ROM = 6000mAh BATTERY,https://www.daraz.pk/products/a5-8gb-256gb-6000mah-i930393728.html,,false,[],Weight Unknown,[54999.0],daraz.pk/daraz__a5-8gb-256gb-6000mah-i930393728.html.json,13229d80f05e84591afb22b46902d245e5f3ef6726ae2d909687f74567f9c7d7,0.29167
1da03ebf723d6609a878db039a0e517964fc858ac0697ad080c9f171776558a8,2026-08-15T12:59:55+00:00,ITEL A50 = 2GB RAM = 64GB ROM = 5000mAh BATTERY,https://www.daraz.pk/products/a50-2gb-64gb-5000mah-i616876935.html,,false,[],Weight Unknown,[17999.0],daraz.pk/daraz__a50-2gb-64gb-5000mah-i616876935.html.json,9667f384d667b59c8e6e94ae9ecae624a15af8accf60f048ecb983fe554d6a58,0.62500
7c5df26fb6f168250bf3eaf70a121b272284c32b82450706b7eb5dac44e78b8d,2026-08-15T12:49:55+00:00,ITEL A50 = 4GB RAM = 64GB ROM = 5000mAh BATTERY,https://www.daraz.pk/products/a50-4gb-64gb-5000mah-i536474777.html,,false,[],Weight Unknown,[19699.0],daraz.pk/daraz__a50-4gb-64gb-5000mah-i536474777.html.json,004fccf11c06b1d4041753097ce56e2ff9a13203431b22bf89109a6a7a363234,0.62500
b5a908168a5d73585ead5fd040ea820e7863014d67f664563d0bf8e89c8b4c47,2026-08-15T13:03:01+00:00,ITEL A50 = 4GB RAM = 64GB ROM = 5000mAh BATTERY,https://www.daraz.pk/products/a50-4gb-64gb-5000mah-i616886901.html,,false,[],Weight Unknown,[19999.0],daraz.pk/daraz__a50-4gb-64gb-5000mah-i616886901.html.json,9dd06e52eb7b55564e4b47aab338021413075dd89658e1e55578b10f1e9f5538,0.62500
af94487a2401a6b0bedc64755824a9dea893c45a125d4df4de449abe753d2fe6,2026-08-15T11:55:11+00:00,itel A50C || 2GB+2GB Ram 64GB Rom || 4000mAh Battery,https://www.daraz.pk/products/a50c-2gb-2gb-64gb-4000mah-i1968285945.html,,false,[],Weight Unknown,[25999.0],daraz.pk/daraz__a50c-2gb-2gb-64gb-4000mah-i1968285945.html.json,94e1fbde4841cf5094caa200a06f2b95053a2fe5e9331f77fa8c4e6d746a69da,0.25000
0c3e8a1ce1810edc4a953a05e52198d81a7fd8772c611f62c6f53738b93a3042,2026-08-15T12:19:46+00:00,ITEL A50C = 2GB RAM = 32GB ROM = 4000mAh BATTERY,https://www.daraz.pk/products/a50c-2gb-32gb-4000mah-i652583905.html,,false,[],Weight Unknown,[18499.0],daraz.pk/daraz__a50c-2gb-32gb-4000mah-i652583905.html.json,1d9fcc5560601df14169c5e70d744e40dc26e821c6133d2fb42cdbbd91d94010,0.62500
121537c58d3170c365a449b21b068f9eef7faefc826c5cf358d6f2b70dd2d947,2026-08-15T12:54:18+00:00,ITEL A50C = 2GB RAM = 32GB ROM = 4000mAh BATTERY,https://www.daraz.pk/products/a50c-2gb-32gb-4000mah-i776293126.html,,false,[],Weight Unknown,[18499.0],daraz.pk/daraz__a50c-2gb-32gb-4000mah-i776293126.html.json,1d9fcc5560601df14169c5e70d744e40dc26e821c6133d2fb42cdbbd91d94010,0.62500
b84e09a91244142de6af20f6ab28657c8f9daee13875dc1d9f86192b1d459f99,2026-08-15T14:24:56+00:00,Carrefour Oppo Mobile A51 4+128GB Purple-304177,https://www.daraz.pk/products/a51-4128gb-304177-i1961174706.html,,false,[],Weight Unknown,[35999.0],daraz.pk/daraz__a51-4128gb-304177-i1961174706.html.json,b0ead2cacfa06d8b46e0f2c3e067686134279d402519707fb1b8e23eae286b04,0.12500
72b2300757ecd1bf816cc0defaf277554ec7df9482397138a0bfccc98d22691b,2026-08-15T10:09:45+00:00,"Samsung Galaxy A55 5G - 8GB 256GB - 6.6"" Display - 5000 mAh Battery - PTA Approved 1 Year Official Warranty",https://www.daraz.pk/products/a55-5g-8gb-256gb-66-mah-pta-1-i550702491.html,,false,[],Weight Unknown,[140000.0],daraz.pk/daraz__a55-5g-8gb-256gb-66-mah-pta-1-i550702491.html.json,36bbb1694c7618ae347350fdfd8f440a85cc46979e8544f9f0c57644bb8ce4ce,0.37500
5ec2a2409b02396bc9f753d9d95f0ebaf745d789cde94060780c5d06ea09ab56,2026-08-15T10:04:57+00:00,Samsung Galaxy A55 5G || 8GB + 256GB || 6.6 Super AMOLED Display 120Hz || 5000 mAh-Fast battery 25W wired,https://www.daraz.pk/products/a55-5g-wach-ace-8gb-256gb-66-hz-120-mah-25-i501350618.html,,false,[],Weight Unknown,[164999.0],daraz.pk/daraz__a55-5g-wach-ace-8gb-256gb-66-hz-120-mah-25-i501350618.html.json,cdddae75ee38d4b75c1168dbcaabbfeab8f4aa1dc9d34c1a6ee6748f423e7836,0.33333
d17f830420e806079a0beb644141cd8304465c28fad1609853b1478f7694e191,2026-08-15T14:59:29+00:00,Carrefour Samasung Galaxy A55 Smartphone 8GB RAM 256GB ROM Awesome Navy (284939),https://www.daraz.pk/products/a55-8gb-256gb-284939-i933100469.html,,false,[],Weight Unknown,[144999.0],daraz.pk/daraz__a55-8gb-256gb-284939-i933100469.html.json,fe4ed5acd8d185bec4a73bb68642d4be9dee4f60b8f5fb414a0f9f6a7cd9e23f,0.16667
6bcd337f9bb92fecbf4789e356e25b87eebf931f47123439677887dac02ac16f,2026-08-15T15:06:52+00:00,Carrefour Samasung Galaxy A55 Smartphone 8GB RAM 256GB ROM Awesome Ice Blue (284941),https://www.daraz.pk/products/a55-8gb-256gb-284941-i933103245.html,,false,[],Weight Unknown,[141499.0],daraz.pk/daraz__a55-8gb-256gb-284941-i933103245.html.json,f63ac6bfa9c61c68ff402bbbe4e65950905a8ff846d79923d9d5e92f2a7142b0,0.16667
a1b3838dab27efb064877f00c305912695da98b335ed016b54f9c2485981ac89,2026-08-15T09:51:45+00:00,Samsung A55 - 6.6 Inches Display - 8GB RAM 256GB ROM - 50MP+12MP+5MP Rear Camera - 32MP Front Camera - Dual SIM - 5000mAh Battery,https://www.daraz.pk/products/a55-8gb-66-gb-50mp-12mp-5mp-32mp-256-mah-i496292591.html,,false,[],Weight Unknown,[170200.0],daraz.pk/daraz__a55-8gb-66-gb-50mp-12mp-5mp-32mp-256-mah-i496292591.html.json,056dcae2380dacf5706534e9dbd0e6f52cdcb292ccf4f01674f24c13165d01c9,0.37500
29d3cbf9dacd8bccc5319f0b4e437493e3b51d11e84433d11d9b7e3bc32222d8,2026-08-15T15:25:11+00:00,Carrefour Samsung Mobile A56 12 GB RAM 256 GB ROM Black (295388),https://www.daraz.pk/products/a56-12-256-295388-i933105182.html,,false,[],Weight Unknown,[152999.0],daraz.pk/daraz__a56-12-256-295388-i933105182.html.json,b8211a6bdfb5770418dc8e49c9120d5a14c70c76c6e69fd71da2fe9825a9e755,0.16667
5ab8cc96ef22820daa3b4b4a1a34079607681f7b9629ceb94f69415d18e2d6a0,2026-08-15T15:24:44+00:00,Carrefour Samsung Mobile A56 12 GB RAM 256 GB ROM Grey (295389),https://www.daraz.pk/products/a56-12-256-295389-i933099577.html,,false,[],Weight Unknown,[152999.0],daraz.pk/daraz__a56-12-256-295389-i933099577.html.json,26085aca1fa709baa8311740a450c898120c52e6fde257a94177959c5b1f06d9,0.16667
cb3fc3946e0d42e63d56cf9b6c6e6fb1d2bfbac79feb9971a724aca486371af8,2026-08-15T15:19:37+00:00,Carrefour Samsung Mobile A56 12 GB RAM 256 GB ROM Green (295390),https://www.daraz.pk/products/a56-12-256-295390-i933105184.html,,false,[],Weight Unknown,[152999.0],daraz.pk/daraz__a56-12-256-295390-i933105184.html.json,b58a74807a661c33d13ff52846d898ce497365021f5a61d1b41d6f115e707c7a,0.16667
58df5e4554e5bbd0342bb8825949cc6667b4346c06948d4fb36a4860c37e02c8,2026-08-15T15:20:37+00:00,Carrefour Samsung Mobile A56 12 GB ROM 256 GB RAM Pink (295391),https://www.daraz.pk/products/a56-12-256-295391-i933104279.html,,false,[],Weight Unknown,[152999.0],daraz.pk/daraz__a56-12-256-295391-i933104279.html.json,fa5538d4aeccf9676efa7549d41573318995fce5d6e1297f82b4d3b2dcaef03a,0.16667
f685850908f6001b6f47e7a32d3544899430ea3687c580703325b88e7ae64227,2026-08-15T15:23:33+00:00,Carrefour Samsung Mobile A56 8 GB RAM 256 GB ROM Black (295386),https://www.daraz.pk/products/a56-8-256-295386-i933106009.html,,false,[],Weight Unknown,[139499.0],daraz.pk/daraz__a56-8-256-295386-i933106009.html.json,eac216af9e87624532871f7aeb01aed5486440b847c248efc876329ef9a374d4,0.16667
3cae123f574e441a9feaf5f09a1594c978957fa70d541780b496b9678556eaf8,2026-08-15T15:11:46+00:00,Carrefour Samsung Mobile A56 8 GB RAM 256 GB ROM Green (295387),https://www.daraz.pk/products/a56-8-256-295387-i933093986.html,,false,[],Weight Unknown,[139499.0],daraz.pk/daraz__a56-8-256-295387-i933093986.html.json,e79f6bd55f35ab415df345d5ac1aec81d2f0ef0ae2d0c23d79eb7eda0f248d3f,0.16667
6782fd61d33bdd832a0463ea185dc4b8a3627b84601cd61a6dd3fb1e9d0de420,2026-08-15T09:49:19+00:00,Samsung A56 - Super AMOLED LCD - 6.7 Inches Display - 8GB RAM 256GB ROM - 12MP Front Camera - 50MP+12MP+5MP Rear Camera - Exynos 1580 Chipset - Dual SIM - 5000mAh Battery,https://www.daraz.pk/products/a56-lcd-67-8gb-256gb-12mp-50mp-12mp-5mp-exynos-1580-5000mah-i773658669.html,,false,[],Weight Unknown,[145000.0],daraz.pk/daraz__a56-lcd-67-8gb-256gb-12mp-50mp-12mp-5mp-exynos-1580-5000mah-i773658669.html.json,4e9418fb6bc3d68c3b8f8014e6f151ef77bf5f3189a838193876f43931754144,0.54167
05b11ceb711e8fbf7ba778d8df04f6cb37c369bdd4fdb46551d62d44fe5e4efc,2026-08-15T12:02:12+00:00,"[Official Approved] Oppo A57 - 5.2"" HD Display - 3GB RAM - 32GB ROM - Dual Sim - PTA Approved (Box Only, No Charger and Accessories Not Included - Mix Color)[",https://www.daraz.pk/products/a57-52-hd-3gb-32gb-pta-i207690005.html,,false,[],Weight Unknown,[14999.0],daraz.pk/daraz__a57-52-hd-3gb-32gb-pta-i207690005.html.json,d28706d9148582087e5703f7c0937b57bb878f3de00f0343d67dbbeedbc6c6c2,0.45833
669c5e2709c8fb60f1113c389fcdd2aff8fa7370121896ff7878ed316c2fefaf,2026-08-15T11:58:43+00:00,"[Official Approved] Oppo A57 - 5.2"" HD Display - 3GB RAM - 32GB ROM - Dual Sim - PTA Approved (Phone and Box Only, No Accessories- Mix Color)",https://www.daraz.pk/products/a57-52-hd-3gb-32gb-pta-i273874897.html,,false,[],Weight Unknown,[14999.0],daraz.pk/daraz__a57-52-hd-3gb-32gb-pta-i273874897.html.json,adc0f791e3fff612480cf2d00a1c10473a18ec0a64ab9a2f5b402f5c5113e11e,0.45833
d2a532a2090ffaed3aaad1a2f75b52ae80908f8e5a2462dab3009a6159deeb42,2026-08-15T12:11:01+00:00,"[Official Approved] A57 - 5.2"" HD Display - 3GB RAM - 32GB ROM - Dual Sim - PTA Approved (Box Only - Mix Color)",https://www.daraz.pk/products/a57-52-hd-3gb-32gb-pta-i438053030.html,,false,[],Weight Unknown,[19999.0],daraz.pk/daraz__a57-52-hd-3gb-32gb-pta-i438053030.html.json,1b9ff51c29e39375975904582039a509a04eac75c55b68aa30730f453ecff700,0.45833
2c172231c543bce2b1739737ee83a882251ade1b886c7f718f9ca2d26f33053a,2026-08-15T11:40:17+00:00,Samsung Galaxy A57 5G 8GB RAM 256GB ROM 50.0 MP + 12.0 MP + 5.0 MP Back Camera 5000 mAh Battery 1 Year Brand Warranty,https://www.daraz.pk/products/a57-5g-8gb-256gb-500-mp-120-mp-50-mp-5000-mah-1-i1956040828.html,,false,[],Weight Unknown,[200000.0],daraz.pk/daraz__a57-5g-8gb-256gb-500-mp-120-mp-50-mp-5000-mah-1-i1956040828.html.json,efaadc25932d536caac3def5e3161ff330a9cdf078478d9632a34b8785b770d6,0.33333
0ea2143d1e669ea7c370628567774de1b818fa43e386e6081d98d8bd08555099,2026-08-15T11:45:41+00:00,Samsung A57 - 6.7 Inches Display - 8GB RAM 256GB ROM - 12MP Front Camera - 50MP+12MP+5MP Rear Camera - Dual SIM - 5000mAh Battery,https://www.daraz.pk/products/a57-67-8gb-256gb-12mp-50mp-12mp-5mp-5000mah-i1965393033.html,,false,[],Weight Unknown,[170000.0],daraz.pk/daraz__a57-67-8gb-256gb-12mp-50mp-12mp-5mp-5000mah-i1965393033.html.json,228be0f4949858fecdf4f7e8d7cdcb33d18fca511977e4bebd2ed278bd9c82f6,0.37500
08b25dd5d5d2dd47f96f91427e624f9f2703dfd655500064d170377f0924c95f,2026-08-15T11:19:15+00:00,Samsung A57 - Super AMOLED Plus LCD - 6.7 Inches Display - 12GB RAM 256GB/512GB ROM - 12MP Front Camera - 50MP+12MP+5MP Rear Camera - Dual SIM - 5000mAh Battery,https://www.daraz.pk/products/a57-lcd-67-12gb-1-gb256gb-12mp-50mp-12mp-5mp-512-mah-i1965884792.html,,false,[],Weight Unknown,[185000.0],daraz.pk/daraz__a57-lcd-67-12gb-1-gb256gb-12mp-50mp-12mp-5mp-512-mah-i1965884792.html.json,2721070bc2fcdd42b67603a8ef3bfb9347930cc57b35db2ad685455bf9961111,0.37500
d71b6f025aa22149717685f452195b4843de7e091b2ddfebecd85f7dccb32717,2026-08-15T11:19:44+00:00,Samsung A57 - Super AMOLED Plus LCD - 6.7 Inches Display - 12GB RAM 256GB/512GB ROM - 12MP Front Camera - 50MP+12MP+5MP Rear Camera - Exynos 1680 Processor - Dual SIM - 5000mAh Battery,https://www.daraz.pk/products/a57-lcd-67-12gb-1-gb256gb-12mp-50mp-12mp-5mp-exynos-512-5000mah-i1965385682.html,,false,[],Weight Unknown,[230000.0],daraz.pk/daraz__a57-lcd-67-12gb-1-gb256gb-12mp-50mp-12mp-5mp-exynos-512-5000mah-i1965385682.html.json,707cb05d02a3408337d36d0ce98f67b7a2c850acb262fe5a8740f2626181df27,0.58333
b172ed2a194692a577a4e47b836b6c6991430aee06a88cb7760091073ee507f7,2026-08-15T11:47:47+00:00,Samsung A57 - Super AMOLED Plus LCD - 6.7 Inches Display - 8GB RAM 256GB ROM - 12MP Front Camera - 50MP+12MP+5MP Rear Camera - Exynos 1680 Processor - Dual SIM - 5000mAh Battery,https://www.daraz.pk/products/a57-lcd-67-8gb-256gb-12mp-50mp-12mp-5mp-1680-5000mah-i1965886795.html,,false,[],Weight Unknown,[170000.0],daraz.pk/daraz__a57-lcd-67-8gb-256gb-12mp-50mp-12mp-5mp-1680-5000mah-i1965886795.html.json,a3dea4537d2fdd2f685341e0a9e85b191abb81ca56c77616c4c7260f406fc1d6,0.58333
f5a259413b758c9f0e588c4931487ff428edf176bbb0552ff829e80183c66930,2026-08-15T11:49:00+00:00,Samsung A57 - Super AMOLED Plus LCD - 6.7 Inches Display - 8GB RAM 256GB ROM - 12MP Front Camera - 50MP+12MP+5MP Rear Camera - Dual SIM - 5000mAh Battery,https://www.daraz.pk/products/a57-lcd-67-8gb-256gb-12mp-50mp-12mp-5mp-5000mah-i1965888761.html,,false,[],Weight Unknown,[170000.0],daraz.pk/daraz__a57-lcd-67-8gb-256gb-12mp-50mp-12mp-5mp-5000mah-i1965888761.html.json,1d8e0e1537d741252f1248680458623662aea38384c5f54e1f032927e70b6f9b,0.37500
e2c35fdb2e81238339fda0a368a41e70138a0526ee9bf39b91d8236c69caeb9d,2026-08-15T14:30:04+00:00,Carrefour OPPO Mobile A5I 4 GB RAM 64GB ROM Purple (297543),https://www.daraz.pk/products/a5i-4-64-297543-i933104283.html,,false,[],Weight Unknown,[28999.0],daraz.pk/daraz__a5i-4-64-297543-i933104283.html.json,41984ab0de2920fd50ae305496d47cbca428e9f4fa822fe5e6db4f236c8a76f3,0.16667
3e0ad7e402b5d39669b8c799b9f742ade8b5f85645843ee5025084d8b5d2dee5,2026-08-15T14:55:50+00:00,OPPO A5i = 4GB RAM = 128GB ROM = 5100mAh BATTERY,https://www.daraz.pk/products/a5i-4gb-128gb-5100mah-i932053931.html,,false,[],Weight Unknown,[37999.0],daraz.pk/daraz__a5i-4gb-128gb-5100mah-i932053931.html.json,0b6adb26f3aa061db2ed0846d6e9e6d75024bcc792ec53b9692517b03e300d5f,0.33333
5d440f616cc9b80343bf64cc32c62446e67aa8a66b5916a2988a339ad4130dff,2026-08-15T14:37:10+00:00,"OPPO A5i Smartphone - 4GB RAM, 64GB ROM - 5100mAh Battery - 45W Fast Charger - 6.56"" Display - Android 15 - Dual SIM",https://www.daraz.pk/products/a5i-4gb-64gb-5100mah-45w-656-15-i890969308.html,,false,[],Weight Unknown,[34999.0],daraz.pk/daraz__a5i-4gb-64gb-5100mah-45w-656-15-i890969308.html.json,cd637d956a424af5eb3a8d2baf265b7a9c665e445fb2a8c5e82de5c04dd00699,0.45833
3472b1b21dae1c79aba589595b92512b434aea4d12969791a228fb9c5787048a,2026-08-15T14:00:57+00:00,OPPO A5i = 4GB RAM = 64GB ROM = 5100mAh BATTERY,https://www.daraz.pk/products/a5i-4gb-64gb-5100mah-i913614045.html,,false,[],Weight Unknown,[33999.0],daraz.pk/daraz__a5i-4gb-64gb-5100mah-i913614045.html.json,3d81801abce51b0f1e46ef08220caa0096d13510678b83e3f3f8857631fd8db8,0.62500
0ab08504adc70709cc8f749bed88191b2e68992c3dbfcd3a9a9bb8ec934a241f,2026-08-15T14:32:29+00:00,OPPO A5i = 4GB RAM = 64GB ROM = 5100mAh BATTERY,https://www.daraz.pk/products/a5i-4gb-64gb-5100mah-i913622658.html,,false,[],Weight Unknown,[29999.0],daraz.pk/daraz__a5i-4gb-64gb-5100mah-i913622658.html.json,ea37312313226be90e14fe27ef2c452b92b2d9b513eea2a14d461f0680419e4c,0.62500
e462371c9d2ac061d4f4bdfcaa9b5fe9ac63e8d1ea54550db4d443a490991e80,2026-08-15T14:16:45+00:00,OPPO A5X = 4GB RAM = 128GB ROM = 6000mAh BATTERY,https://www.daraz.pk/products/a5x-4gb-128gb-6000mah-i930414096.html,,false,[],Weight Unknown,[35999.0],daraz.pk/daraz__a5x-4gb-128gb-6000mah-i930414096.html.json,01c5c88d02e1c68f322c4ef11e97c7747c3156f46d68f290d66d1bbddbce5f40,0.33333
febd8d57e5b97273e6bb92054a4897c8a43be8e9906e921b88eaa67e11042a40,2026-08-15T14:16:35+00:00,OPPO A5X = 4GB RAM = 128GB ROM = 6000mAh BATTERY,https://www.daraz.pk/products/a5x-4gb-128gb-6000mah-i932055826.html,,false,[],Weight Unknown,[35999.0],daraz.pk/daraz__a5x-4gb-128gb-6000mah-i932055826.html.json,01c5c88d02e1c68f322c4ef11e97c7747c3156f46d68f290d66d1bbddbce5f40,0.33333
88393cb7cef92afef8c518d8446e1caf89b732d92b0361e63d625ddead3d7b5c,2026-08-15T13:32:15+00:00,OPPO A5X = 4GB RAM = 64GB ROM = 6000mAh BATTERY,https://www.daraz.pk/products/a5x-4gb-64gb-6000mah-i932063272.html,,false,[],Weight Unknown,[31999.0],daraz.pk/daraz__a5x-4gb-64gb-6000mah-i932063272.html.json,acfd27adf5efd501235ca485d8fec8ca7f6265ca7ee0b52a072dfbe79965455e,0.33333
1e685c32debfae67ab8b3a22be496e2f779515d04ec3950d55088df0b34ab291,2026-08-15T14:05:30+00:00,"OPPO A5x, 4GB 64GB – 6000mAh Battery, IP65 Waterproof, 45W Fast Charging, 32MP Camera, Laser White",https://www.daraz.pk/products/a5x-4gb-64gb-6000mah-ip65-45-32mp-i889402009.html,,false,[],Weight Unknown,[34999.0],daraz.pk/daraz__a5x-4gb-64gb-6000mah-ip65-45-32mp-i889402009.html.json,7e556afe30ca80627bbeb96a10f95897babb4b58c696fa819337af05d541dd31,0.20833
cd684cfcc8e86f49c0ebf68f7eebdb211d10c02e4a24bfe1d6b05da5842ea4d4,2026-08-15T13:23:10+00:00,Carrefour Oppo A6 Pro 8+128GB Blue-302158,https://www.daraz.pk/products/a6-8128gb-302158-i1960461802.html,,false,[],Weight Unknown,[74999.0],daraz.pk/daraz__a6-8128gb-302158-i1960461802.html.json,ffcd23f90307a139b9dc303a393239236e9255c87c4032551bae69a95554ac04,0.12500
16c02d57c09ceaafb2eaabf53de1b1a84a9d37474419af5e193e9519de62c28a,2026-08-15T13:36:34+00:00,Carrefour Oppo Mobile A6 8+128GB Gold-306345,https://www.daraz.pk/products/a6-8128gb-306345-i1960467761.html,,false,[],Weight Unknown,[74999.0],daraz.pk/daraz__a6-8128gb-306345-i1960467761.html.json,249bcc3c84bfddc3098c5edc05440cb5f90d396e2e58f222645b75ddf2c34b38,0.12500
6a8a9989dfb25a9d749b3e006edaec10d86b4f4a102962dd66588ac7f3f76072,2026-08-15T11:01:22+00:00,Oppo A6 || 8GB RAM 128GB ROM || 50 MP + 2 MP Back Camera || 7000 mAh Battery || 6.75 Display,https://www.daraz.pk/products/a6-8gb-128gb-50-mp-2-mp-7000-mah-i939130108.html,,false,[],Weight Unknown,[75000.0],daraz.pk/daraz__a6-8gb-128gb-50-mp-2-mp-7000-mah-i939130108.html.json,610086de3cc3f233c3bbdeceabb6c7883c3fa7916e19accb738fe43da19feb1b,0.29167
3e3e52948d72978488cd366f44f77ee6d2ddb0dea2d975b62dde0d87e6a61678,2026-08-15T14:36:59+00:00,OPPO A6 PRO = 8GB RAM = 128GB ROM = 7000mAh BATTERY,https://www.daraz.pk/products/a6-8gb-128gb-7000mah-i924480563.html,,false,[],Weight Unknown,[77999.0],daraz.pk/daraz__a6-8gb-128gb-7000mah-i924480563.html.json,29e5f323f5616c45a97880e5d57f513254042416c6f8cc2642f6a67a4e3bbe59,0.41667
2beea4c1e4e5294be741018b4b4b8966ecd00082e4737877a43d16db715f7fa0,2026-08-15T14:38:27+00:00,OPPO A6 = 8GB RAM = 128GB ROM = 7000mAh BATTERY,https://www.daraz.pk/products/a6-8gb-128gb-7000mah-i946801967.html,,false,[],Weight Unknown,[79999.0],daraz.pk/daraz__a6-8gb-128gb-7000mah-i946801967.html.json,a2c68c051041bac920bfa7bdd241f7306797078a76214a351d2dc7970090cda1,0.29167
40d7fedae092b7dcff64a2b374223be3955bb1504ad2e7a6de8c29178814722d,2026-08-15T14:46:09+00:00,OPPO A6 = 8GB RAM = 128GB ROM = 7000mAh BATTERY,https://www.daraz.pk/products/a6-8gb-128gb-7000mah-i947540433.html,,false,[],Weight Unknown,[78999.0],daraz.pk/daraz__a6-8gb-128gb-7000mah-i947540433.html.json,f08611d35fd6c14cc0f0757dde2f508d74b3f047d89356bd97dac91939861c60,0.29167
c671a10cab0fea709879912d25ce7ca7909c449664bab08b95b0d6e095621ad1,2026-08-15T11:48:32+00:00,Oppo A6 || 8GB RAM 256GB ROM || 50 MP + 2 MP Back Camera || 7000 mAh Battery || 6.75 Display,https://www.daraz.pk/products/a6-8gb-256gb-50-mp-2-mp-7000-mah-i939120602.html,,false,[],Weight Unknown,[90000.0],daraz.pk/daraz__a6-8gb-256gb-50-mp-2-mp-7000-mah-i939120602.html.json,b4aa6fea3e5fff6898b73f03c82d10fb9b833a8b975d01ae82f9bef9549da2ff,0.29167
80ba2b8008d4e3f47989a3ce5ed226c004568aed6621a5b26880555f3b3204b4,2026-08-15T13:59:20+00:00,OPPO A6 PRO = 8GB RAM = 256GB ROM = 7000mAh BATTERY,https://www.daraz.pk/products/a6-8gb-256gb-7000mah-i924500116.html,,false,[],Weight Unknown,[86999.0],daraz.pk/daraz__a6-8gb-256gb-7000mah-i924500116.html.json,aae4ed7519391e591ef258101c975b865a33dbc768b24d2e663f36f05226f23b,0.41667
5aae8d51ad9a7e767ae051eb188b9abf35c15da2512e113a6aff32203e48ed9e,2026-08-15T15:07:22+00:00,OPPO A6 = 8GB RAM = 256GB ROM = 7000mAh BATTERY,https://www.daraz.pk/products/a6-8gb-256gb-7000mah-i946851287.html,,false,[],Weight Unknown,[87999.0],daraz.pk/daraz__a6-8gb-256gb-7000mah-i946851287.html.json,592f5d3e1309de3467e1b646a8557fc8b0dfe159af604758e5d1fa9d74aecc6e,0.29167
303ba7a471a9a9acdb4b271f49785523bde1f1b1ab7ebf787f84b02dc6557d03,2026-08-15T15:18:55+00:00,OPPO A6 = 8GB RAM = 256GB ROM = 7000mAh BATTERY,https://www.daraz.pk/products/a6-8gb-256gb-7000mah-i947519833.html,,false,[],Weight Unknown,[85999.0],daraz.pk/daraz__a6-8gb-256gb-7000mah-i947519833.html.json,44dee61b8f56e23dac13839f19f7bc4139d582590f979dd935d96e85d663847b,0.29167
e5b174e9e1f057cab519353fda83db2455039cb5353edae8c9113f63eefa9027,2026-08-15T14:40:20+00:00,OPPO A6 Pro | 8GB RAM + 128GB ROM | 7000mAh Battery | 80W SUPERVOOC Flash Charge | 120Hz AMOLED Display | 50MP Camera,https://www.daraz.pk/products/a6-ace-8gb-128gb-7000mah-80-ace-120hz-ang-50mp-i922420247.html,,false,"[""Various""]",Weight Unknown,[89999.0],daraz.pk/daraz__a6-ace-8gb-128gb-7000mah-80-ace-120hz-ang-50mp-i922420247.html.json,765875eb0e3879d98c642659521fd8d6f9668086258e133d7cd205cdc35a8807,0.66667
bbe01f2e9eab9b2a9874aa3b62ae4276b949a98fcbf03a15544f62f1cc7a3b8d,2026-08-15T14:48:48+00:00,OPPO A6 Pro | 8GB RAM + 256GB ROM | 7000mAh Battery | 80W SUPERVOOC Flash Charge | 120Hz AMOLED Display | 50MP Camera,https://www.daraz.pk/products/a6-ace-8gb-256gb-7000mah-80-ace-120hz-ang-50mp-i922546819.html,,false,"[""Various""]",Weight Unknown,[99999.0],daraz.pk/daraz__a6-ace-8gb-256gb-7000mah-80-ace-120hz-ang-50mp-i922546819.html.json,1f69d6f80cb99af8581e57826aad8ef138b5e5a0049ebc4a6c1ee02f925f769a,0.66667
edbee0aeb5fce0e9bcee8f461ea0f571bbb06bc52976b7a3ba66c9980b20b345,2026-08-15T11:20:59+00:00,Oppo A6C 4GB RAM 128GB ROM 7000 mAh Battery Health Front Camera 5MP Back Camera 13MP One Year Brand Warranty,https://www.daraz.pk/products/a6c-4gb-128gb-7000-5mp-13mp-i1960483839.html,,false,[],Weight Unknown,[58000.0],daraz.pk/daraz__a6c-4gb-128gb-7000-5mp-13mp-i1960483839.html.json,c2f63ba42b9e5ffa0c45f62c0cac30d0c99ef528e5f18c3d2a7eeae9ba0c58d2,0.37500
f5549544aa90dda0270529fd1a8e6cbe3f228992aff5205c78296c87a99bbcf6,2026-08-15T11:43:22+00:00,Oppo A6k - 6.75 Inches Display - 4GB RAM 128GB ROM - 5MP Front Camera - 50MP Rear Camera - Dual SIM - 6500mAh Battery,https://www.daraz.pk/products/a6k-4gb-675-gb-5mp-50mp-128-mah-i1965496692.html,,false,[],Weight Unknown,[60000.0],daraz.pk/daraz__a6k-4gb-675-gb-5mp-50mp-128-mah-i1965496692.html.json,96fee62b1359643bed3141fb646d8ac5d753eaffa04949c9cf68077360c76d44,0.37500
485ce3159c4b66ff0b7c09e434d783393ec72c442d0cfc619b5c143ab9885bf2,2026-08-15T11:33:47+00:00,Oppo A6k - 6.75 Inches Display - 4GB RAM 128GB ROM - 5MP Front Camera - 50MP Rear Camera - USB Type-C - Dual SIM - 6500mAh Battery,https://www.daraz.pk/products/a6k-4gb-675-gb-5mp-50mp-usb-c-128-mah-i1964947833.html,,false,[],Weight Unknown,[57000.0],daraz.pk/daraz__a6k-4gb-675-gb-5mp-50mp-usb-c-128-mah-i1964947833.html.json,c0bee66203ad32dc6068c73e3eac2e30bf00e2d34ef3baf844f85c01ec49d784,0.29167
edbffe5f54b2b3cfc2d05001b779738ca8ca5008bd35144a86b28ee2b81cce0f,2026-08-15T11:20:03+00:00,Oppo A6k - 6.75 Inches Display - 4GB RAM 128GB ROM - 5MP Front Camera - 50MP Rear Camera - USB Type-C - Snapdragon® 685 Processor - Dual SIM - 6500mAh Battery,https://www.daraz.pk/products/a6k-4gb-675-gb-5mp-50mp-usb-c-685-6500mah-i1964989122.html,,false,[],Weight Unknown,[59000.0],daraz.pk/daraz__a6k-4gb-675-gb-5mp-50mp-usb-c-685-6500mah-i1964989122.html.json,fd4a83a4cce66ea81141af94b2c78c86b3b2edb4f5d330ed806a4e78c05f6c5b,0.33333
56043b9960bd8f232555df723f02ff2c510006fa34c5dcce3272fdea16720f5f,2026-08-15T11:24:15+00:00,Oppo A6k - 6.75 Inches Display - 6GB RAM 128GB ROM - 5MP Front Camera - 50MP Rear Camera - USB Type-C - Dual SIM - 6500mAh Battery,https://www.daraz.pk/products/a6k-6gb-675-gb-5mp-50mp-usb-c-128-mah-i1964945961.html,,false,[],Weight Unknown,[65000.0],daraz.pk/daraz__a6k-6gb-675-gb-5mp-50mp-usb-c-128-mah-i1964945961.html.json,841820a8b49a31d9b35fc5ecc824781448661b4addefd8e32c90f46e05e936ac,0.29167
db88cc4abc1e3131e5327eb6948ec66d49abc9bef7c7878797f98dc0756e3845,2026-08-15T11:11:38+00:00,Oppo A6k - 6.75 Inches Display - 6GB RAM 128GB ROM - 5MP Front Camera - 50MP Rear Camera - USB Type-C - Snapdragon® 685 Processor - Dual SIM - 6500mAh Battery,https://www.daraz.pk/products/a6k-6gb-675-gb-5mp-50mp-usb-c-685-6500-i1964987421.html,,false,[],Weight Unknown,[70000.0],daraz.pk/daraz__a6k-6gb-675-gb-5mp-50mp-usb-c-685-6500-i1964987421.html.json,d24b45346bb24fdb2e289a827aaa0a03bab66649f78596bf0e4d455e38e68237,0.33333
dfe1b5443bd6d0157c66980bfdc365eeb076ee4199146d1ffd5ff7c7f5528d57,2026-08-15T11:22:42+00:00,Oppo A6k - 6.75 Inches Display - 8GB RAM 128GB ROM - 5MP Front Camera - 50MP Rear Camera - USB Type-C - Dual SIM - 6500mAh Battery,https://www.daraz.pk/products/a6k-8gb-675-gb-5mp-50mp-usb-c-128-mah-i1964951722.html,,false,[],Weight Unknown,[67000.0],daraz.pk/daraz__a6k-8gb-675-gb-5mp-50mp-usb-c-128-mah-i1964951722.html.json,68d276265f6d7f40514ccccfce1dd8927c003e02b6e7ef57c86af99cc1596c9d,0.29167
0ce6ba7b3aca6ce539fcd3b3970c463510c4d576e1049333d791167dd691ab61,2026-08-15T11:17:24+00:00,Oppo A6k - 6.75 Inches Display - 8GB RAM 128GB ROM - 5MP Front Camera - 50MP Rear Camera - USB Type-C - Snapdragon® 685 Processor - Dual SIM - 6500mAh Battery,https://www.daraz.pk/products/a6k-8gb-675-gb-5mp-50mp-usb-c-685-6500-i1964981644.html,,false,[],Weight Unknown,[73000.0],daraz.pk/daraz__a6k-8gb-675-gb-5mp-50mp-usb-c-685-6500-i1964981644.html.json,b6702d31cc8485df0375e8a56eb75f60c768cf012c2c032d4171bf6d40ebfd82,0.33333
25b02e947bdc4022210bda23eb1f3513724cfe772d1f9ba2c6b611780fb6d056,2026-08-15T11:39:20+00:00,"Oppo A6s Pro 7000 mAh Battery Processor Mediatek Helio G100 50 MP, f/1.8, (wide), PDAF Auxiliary lens Back Camera",https://www.daraz.pk/products/a6s-7000-mah-g100-50-mp-f18-pdaf-i1965598429.html,,false,[],Weight Unknown,[109999.0],daraz.pk/daraz__a6s-7000-mah-g100-50-mp-f18-pdaf-i1965598429.html.json,f9a8a6fe6cb35249d0df0713d57884f467ac6c2004e2d89b36a9c574d1272279,0.41667
41d63deb8e437d3f54e2ce6170253f04d16aebb9fbf13a429b47ce78796b4685,2026-08-15T11:21:16+00:00,Oppo A6s Pro 8GB RAM 256GB ROM Front Camera 50 MP Back Camera 50 MP 7000 mAh Battery One Year Brand Warenty,https://www.daraz.pk/products/a6s-8gb-256gb-50-mp-50-mp-7000-mah-i1953445041.html,,false,[],Weight Unknown,[105000.0],daraz.pk/daraz__a6s-8gb-256gb-50-mp-50-mp-7000-mah-i1953445041.html.json,66213919877189ceae741d0c5cd68bee168a67977990d3c8d574496346b08125,0.41667
4713fec94f03847af39ffda702c9c14e44f92778b8cc89a1c8c946936afa4268,2026-08-15T14:54:20+00:00,OPPO A6X = 4GB RAM = 128GB ROM = 6500mAh BATTERY,https://www.daraz.pk/products/a6x-4gb-128gb-6500mah-i946853156.html,,false,[],Weight Unknown,[42499.0],daraz.pk/daraz__a6x-4gb-128gb-6500mah-i946853156.html.json,dc202b62d5dc79e505f08aa3b0cf36fd13f15cfaa50ab8c57ab4181d58171129,0.37500
7648819caf534e37b0f873701a99ee47d1b46f0f74cb346c72def97f2587ecf8,2026-08-15T14:07:56+00:00,OPPO A6X = 4GB RAM = 128GB ROM = 6500mAh BATTERY,https://www.daraz.pk/products/a6x-4gb-128gb-6500mah-i947552362.html,,false,[],Weight Unknown,[42999.0],daraz.pk/daraz__a6x-4gb-128gb-6500mah-i947552362.html.json,f7e200a693452d4aebcf7b62589c554b74ace02d934fb5941124d328beb85a0a,0.37500
d738e7f50b2076bcd731eeb612945364055d36e237598c0e81f40adf0f2d6d14,2026-08-15T13:51:31+00:00,OPPO A6X = 4GB RAM = 64GB ROM = 6500mAh BATTERY,https://www.daraz.pk/products/a6x-4gb-64gb-6500mah-i946851238.html,,false,[],Weight Unknown,[34999.0],daraz.pk/daraz__a6x-4gb-64gb-6500mah-i946851238.html.json,3c660e0d6d18773a58d41b47f0815a872fec45954d2af598f9baff284720ec62,0.37500
3acbbb9b6b23942b7e0fdb1c1145f9836f4af5641547f1d4f40c9e0c8fd63d0c,2026-08-15T13:39:21+00:00,OPPO A6X = 4GB RAM = 64GB ROM = 6500mAh BATTERY,https://www.daraz.pk/products/a6x-4gb-64gb-6500mah-i947541659.html,,false,[],Weight Unknown,[34999.0],daraz.pk/daraz__a6x-4gb-64gb-6500mah-i947541659.html.json,3c660e0d6d18773a58d41b47f0815a872fec45954d2af598f9baff284720ec62,0.37500
e7b52858f6bde96dbba0c34a712c0c4d6d3ff27be5309aa62f784a35a098f561,2026-08-15T14:47:27+00:00,OPPO A6X = 6GB RAM = 128GB ROM = 6500mAh BATTERY,https://www.daraz.pk/products/a6x-6gb-128gb-6500mah-i946803678.html,,false,[],Weight Unknown,[50999.0],daraz.pk/daraz__a6x-6gb-128gb-6500mah-i946803678.html.json,e7653ed1e343dcee6e0078fb950732c4b548b532e9265cb7fd5d732853bdf9fd,0.37500
500c8b26aa518d8f537c60e6aa14b5d74e44f45e1a6087adf809b998e3759f51,2026-08-15T14:06:39+00:00,OPPO A6X = 6GB RAM = 128GB ROM = 6500mAh BATTERY,https://www.daraz.pk/products/a6x-6gb-128gb-6500mah-i947553273.html,,false,[],Weight Unknown,[52999.0],daraz.pk/daraz__a6x-6gb-128gb-6500mah-i947553273.html.json,df8c09fc20c0a9493c3107e98e31e4fe197577b934e28aea91f232b9ace5dd6f,0.37500
5dbd1b8d20c9b6c42bac2fba97033bf79ac4af91e157e0682493dba5594a7eee,2026-08-15T13:19:52+00:00,OPPO A6X = 8GB RAM = 128GB ROM = 6500mAh BATTERY,https://www.daraz.pk/products/a6x-8gb-128gb-6500mah-i946855020.html,,false,[],Weight Unknown,[57999.0],daraz.pk/daraz__a6x-8gb-128gb-6500mah-i946855020.html.json,0b49164309c886707b0e6d4b6eb6a7ce0c1467e5f52e75bf5156228c8227685e,0.37500
4c8c4befacb58f7e66a64e15e5a14a26f43a489ed348a53b3198a7866ca4a281,2026-08-15T14:11:28+00:00,OPPO A6X = 8GB RAM = 128GB ROM = 6500mAh BATTERY,https://www.daraz.pk/products/a6x-8gb-128gb-6500mah-i947521807.html,,false,[],Weight Unknown,[58999.0],daraz.pk/daraz__a6x-8gb-128gb-6500mah-i947521807.html.json,7b021e4614c3b2667246eb5150603b970e34f301076a5d149242aaf37e640630,0.37500
0c5839c9eddc334c53236e3f8da7fbc6fea4dd7b97b0c9921f6261963eee5b7f,2026-08-15T11:20:12+00:00,Redmi A7 Pro 4G - 4GB Ram - 64GB Rom - 6000mAh Battery,https://www.daraz.pk/products/a7-4g-4gb-64gb-6000mah-i1961009484.html,,false,[],Weight Unknown,[35300.0],daraz.pk/daraz__a7-4g-4gb-64gb-6000mah-i1961009484.html.json,cef179a31265a1da81369bf520c087ee095321408f8cf9972637d449f22b3183,0.37500
98244a33724616a5998ac9b1a0bdf04e83ac167f7df8384a0c7411a2fa1d1795,2026-08-15T15:18:31+00:00,REDMI A7 PRO = 4GB RAM = 128GB ROM = 6000mAh BATTERY,https://www.daraz.pk/products/a7-4gb-128gb-6000mah-i1960894824.html,,false,[],Weight Unknown,[44999.0],daraz.pk/daraz__a7-4gb-128gb-6000mah-i1960894824.html.json,91448dc8c866612531730a7eecfcf6d6761143ed8da17bbd601c62c049a3bcff,0.37500
02ecd375f38254de8e448e3ef9bb6d48677280cc7c278ed6cbbed2d332922849,2026-08-15T11:19:55+00:00,Redmi A7 Pro - 6.9'' Display 4GB RAM 64GB ROM 6000mAh Battery PTA Approved 1 Year Official Brand Warranty,https://www.daraz.pk/products/a7-4gb-64gb-1-mah-pta-1-i1965144549.html,,false,[],Weight Unknown,[39999.0],daraz.pk/daraz__a7-4gb-64gb-1-mah-pta-1-i1965144549.html.json,05e77d5a1f5e6a2319d9ac15a4d0484696328658b25f6627a66be25bf1c50edb,0.41667
d1ee71115deb4d3182951f182eae0b69f47cf398865772bd78815b2733d3ed29,2026-08-15T15:17:41+00:00,REDMI A7 PRO = 4GB RAM = 64GB ROM = 6000mAh BATTERY,https://www.daraz.pk/products/a7-4gb-64gb-6000mah-i1960295102.html,,false,[],Weight Unknown,[40999.0],daraz.pk/daraz__a7-4gb-64gb-6000mah-i1960295102.html.json,1f559126abb8c18b136de8d17f4d2a61112729f6c5572bd09c9689beb38f13e8,0.37500
3bdb3590ed26aa9fb67e24bfdbe8b55614c1c4c289026ec36f13d69e5a32f132,2026-08-15T10:21:11+00:00,Redmi A7 Pro - 6.9 Inches Display - 4GB RAM 64GB/128GB ROM - 8MP Front Camera - 13MP Rear Camera - Dual SIM - 6000mAh Battery,https://www.daraz.pk/products/a7-69-4gb-64gb128gb-8mp-13mp-6000mah-i1965025746.html,,false,[],Weight Unknown,[45000.0],daraz.pk/daraz__a7-69-4gb-64gb128gb-8mp-13mp-6000mah-i1965025746.html.json,d9bffc02d1c741b7275c94e23078e06b5955f0bbe9e52dab4000fc127378f014,0.37500
eb7221f96458f52936a6d7c110b6218c1b6a14bb7b0b89be4b2c20f635c11d3a,2026-08-15T11:19:25+00:00,Redmi A7 Pro - 6.9 Inches LCD Display - 4GB RAM 64GB/128GB ROM - 8MP Front Camera - 13MP Rear Camera - Dual SIM - 6000mAh Battery,https://www.daraz.pk/products/a7-69-lcd-4gb-64gb128gb-8mp-13mp-6000mah-i1965620028.html,,false,[],Weight Unknown,[37000.0],daraz.pk/daraz__a7-69-lcd-4gb-64gb128gb-8mp-13mp-6000mah-i1965620028.html.json,7df38c6157ae98f51c208a4e5a367357e3b82d4e7d18c085c32f40bfee5df8c5,0.37500
eb0417614016125c78766a8978e6857a04fd88ffd40a9cdd2223f3376fdd1140,2026-08-15T11:39:29+00:00,Redmi A7 Pro - 6.9 Inches LCD Display - 4GB RAM 64GB/128GB ROM - 8MP Front Camera - 13MP Rear Camera - Dual SIM - UNISOC T7250 processor - 6000mAh Battery,https://www.daraz.pk/products/a7-69-lcd-4gb-64gb128gb-8mp-13mp-t7250-6000mah-i1965087124.html,,false,"[""Black"",""Mist Blue"",""Palm Green"",""Sunset Orange""]",Weight Unknown,[38000.0],daraz.pk/daraz__a7-69-lcd-4gb-64gb128gb-8mp-13mp-t7250-6000mah-i1965087124.html.json,4ebb4c2726baa619a073f690677fbc80c8963ed7fe72b35fa951f7af6b9bc8cf,0.66667
1d925d2d2d5a545decf0dc3220afb890f047aa6451d8d838aeaf999ad1c09ae0,2026-08-15T15:30:53+00:00,Redmi A7 Pro || 4GB+4GB Ram || 6000mAh Battery || 6.9 Inch Display,https://www.daraz.pk/products/a7-wail-4gb-4gb-wach-6000mah-69-i1968283705.html,,false,[],Weight Unknown,[41999.0],daraz.pk/daraz__a7-wail-4gb-4gb-wach-6000mah-69-i1968283705.html.json,e73e72179df34dbf9312ee8a11f5a5967aa9986a2ad522d4f669d46272e59b35,0.37500
56bb10a1328808644cc2d57c0938aed1de110afad51411ebb244f7b938887529,2026-08-15T13:03:16+00:00,"A70 Pro Smartphone | 6.6"" HD Display | 12GB+256GB | 13MP+8MP Camera | 5000mAh Battery | Face Unlock | Octa-Core*",https://www.daraz.pk/products/a70-pro-smartphone-66-hd-display-12gb256gb-13mp8mp-camera-5000mah-battery-face-unlock-octa-core-i832857132.html,,false,[],Weight Unknown,[25999.0],daraz.pk/daraz__a70-pro-smartphone-66-hd-display-12gb256gb-13mp8mp-camera-5000mah-battery-face-unlock-octa-core-i832857132.html.json,3032d70505ad1161c7a67c800ff16f39855703728cf9365334e0c3a5539716df,0.29167
d96ae0c938b11d0705ee43d551bdd315757dac7463eed3bde2d2b4dd6aae55f2,2026-08-15T12:46:08+00:00,ITEL A80 = 3GB + 5GB = 8GB RAM = 128GB ROM = 5000mAh BATTERY,https://www.daraz.pk/products/a80-3gb-5gb-8gb-128gb-5000mah-i776256312.html,,false,[],Weight Unknown,[20999.0],daraz.pk/daraz__a80-3gb-5gb-8gb-128gb-5000mah-i776256312.html.json,edaa4e4f16e307f953cbcca8142b79400598917d1a8dcd1bddb7508db724e76e,0.58333
495bb4fcce5b383a10c185daec18b18b1bc7dda02782bb84f48aea32d83d03e3,2026-08-15T13:40:13+00:00,ITEL A90 = 4GB RAM = 128GB ROM = 5000mAh BATTERY,https://www.daraz.pk/products/a90-4gb-128gb-5000mah-i877715675.html,,false,[],Weight Unknown,[22999.0],daraz.pk/daraz__a90-4gb-128gb-5000mah-i877715675.html.json,d625d8b52f68627fe472b508c58e2fbe98aa88e784dad4062e49734c03d3a95e,0.58333
2544a5f84c49c6206d98cebba63e6753d96a1f3355ca7cc55dc801e5ca25a7da,2026-08-15T13:57:20+00:00,ITEL A90 = 4GB RAM = 64GB ROM = 5000mAh BATTERY,https://www.daraz.pk/products/a90-4gb-64gb-5000mah-i924456146.html,,false,[],Weight Unknown,[21999.0],daraz.pk/daraz__a90-4gb-64gb-5000mah-i924456146.html.json,3f396739ec8c78ac93a5fd705cecef5a8ca46bb461b19bdf09c282889bb82864,0.33333
fd6a157e040f34edabb2b236faf359072e2bfbd83f656b3cfd0106372be12a5a,2026-08-15T13:18:49+00:00,ITEL A90 = 4GB RAM = 64GB ROM = 5000mAh BATTERY,https://www.daraz.pk/products/a90-4gb-64gb-5000mah-i924639502.html,,false,[],Weight Unknown,[21999.0],daraz.pk/daraz__a90-4gb-64gb-5000mah-i924639502.html.json,3f396739ec8c78ac93a5fd705cecef5a8ca46bb461b19bdf09c282889bb82864,0.33333
79bad3bfe4b428af3a28f448e62a0b5f551a0f2e9d88732346636f383229544a,2026-08-15T10:00:09+00:00,Motorola One Ace 5G 4/64GB | Single Sim | Mobile Phone,https://www.daraz.pk/products/ace-5g-464gb-i419883912.html,,false,[],Weight Unknown,[39999.0],daraz.pk/daraz__ace-5g-464gb-i419883912.html.json,638ad4fbb7d08e920512d123dc4a3016ecb1a204be4f0f6fed7046cd985f0009,0.41667
9a6fca625f135c17a7c33aeb9661d2c581b3982641cc7b0ec5eb05481ae42767,2026-08-15T14:54:38+00:00,Apple iPhone 13 - 128GB,https://www.daraz.pk/products/apple-iphone-13-128gb-i1958106851.html,,false,[],Weight Unknown,[189999.0],daraz.pk/daraz__apple-iphone-13-128gb-i1958106851.html.json,7439578bbde31c6daf25e382be281d6b5d04dbbc01cf4c9a739793cb5c70f779,0.16667
6c541bf5b26e0ec6d6ebebc16bdd891e6b1cbdfbad81e69050030a7d0b6ac3c8,2026-08-15T11:15:34+00:00,Apple iPhone 16 - 128GB,https://www.daraz.pk/products/apple-iphone-16-128gb-i1958148618.html,,false,[],Weight Unknown,[345000.0],daraz.pk/daraz__apple-iphone-16-128gb-i1958148618.html.json,4914f6c8c060de2a970f6233136df383ea3e965398dd29228513727149b6b4b0,0.20833
1fc0b2a0550cb8e77213391d78a4d6d964ff1082200e54e3be8acf91d1337514,2026-08-15T14:38:35+00:00,Apple iPhone 17 - 256 GB + 20W Power Adapter & Silicone Case,https://www.daraz.pk/products/apple-iphone-17-256-gb-20w-power-adapter-silicone-case-i1957775261.html,,false,[],Weight Unknown,[399000.0],daraz.pk/daraz__apple-iphone-17-256-gb-20w-power-adapter-silicone-case-i1957775261.html.json,e2b5b0cd27b3e359437d22d5d7c8ca0d31bdd104637b00402923187778519f27,0.16667
8e0b70de7d53d8da30db75363be69d7772df4ad55015bfb53dac069409ef244d,2026-08-15T15:30:11+00:00,Apple iPhone 17 - 512 GB + 20W Power Adapter & Silicone Case,https://www.daraz.pk/products/apple-iphone-17-512-gb-20w-power-adapter-silicone-case-i1957775262.html,,false,[],Weight Unknown,[482500.0],daraz.pk/daraz__apple-iphone-17-512-gb-20w-power-adapter-silicone-case-i1957775262.html.json,b278ad3167f28fb5779568a8673ecc8cd480795c8cd53c013d762c7d09ccb2fc,0.16667
e217a6fb178e14dd2f1fc7c4e3a365303ff173e831c7df1a121019526fc00cbe,2026-08-15T10:43:07+00:00,Apple iPhone 17 Pro - 256GB + 20W Power Adapter & Silicone Case,https://www.daraz.pk/products/apple-iphone-17-pro-256gb-20w-power-adapter-silicone-case-i1957827007.html,,false,[],Weight Unknown,[491900.0],daraz.pk/daraz__apple-iphone-17-pro-256gb-20w-power-adapter-silicone-case-i1957827007.html.json,c9d5a26efb89bb3b07ef9538cab3d02326c3c819545ffbcd15bee6b0faa856fd,0.20833
ced6894192f2f0f6c822885b450de9c67d5485632a0dbdd24aa664f8ad837e43,2026-08-15T11:00:54+00:00,Apple iPhone 17 Pro - 512GB + 20W Power Adapter & Silicone Case,https://www.daraz.pk/products/apple-iphone-17-pro-512gb-20w-power-adapter-silicone-case-i1957827008.html,,false,[],Weight Unknown,[574100.0],daraz.pk/daraz__apple-iphone-17-pro-512gb-20w-power-adapter-silicone-case-i1957827008.html.json,7256f6cf2a2cad779465777a8bd94e076e8ae53b0bfef45b6c86f9c80ac4a7db,0.20833
3e2575af0a08e09d2fec462d5ab6a5496aaa613c5666080de37ddab52cd0c880,2026-08-15T09:50:42+00:00,Apple iPhone 17 Pro Max - 256GB + 20W Power Adapter & Silicone Case,https://www.daraz.pk/products/apple-iphone-17-pro-max-256gb-20w-power-adapter-silicone-case-i1958136639.html,,false,[],Weight Unknown,[535600.0],daraz.pk/daraz__apple-iphone-17-pro-max-256gb-20w-power-adapter-silicone-case-i1958136639.html.json,68a8b6cd27267e0c75ba52bf5efd4f76d94722e17a2791b2d4c44df2ae4f8aa1,0.20833
208b828a2822e80ab9f6ed853e7eeb26ebe0f26c59d0862b72dc68049d143381,2026-08-15T10:01:24+00:00,Apple iPhone 17 Pro Max - 512GB + 20W Power Adapter & Silicone Case,https://www.daraz.pk/products/apple-iphone-17-pro-max-512gb-20w-power-adapter-silicone-case-i1957775263.html,,false,[],Weight Unknown,[612799.0],daraz.pk/daraz__apple-iphone-17-pro-max-512gb-20w-power-adapter-silicone-case-i1957775263.html.json,7b7902b4e99c1fe2ce7fbeb44ed3660abbf41ea9a6ba7224db2f16bde1693075,0.20833
d5b2e40bae2fc81d0ce0053e611061fd954a15645afe9aaa1250b873b1e62cc2,2026-08-15T10:47:01+00:00,Aquos R5G | 256GB Storage | 12GB RAM | Snapdragon 865 |Official PTA Approved | Gaming Phone,https://www.daraz.pk/products/aquos-r5g-256gb-storage-12gb-ram-snapdragon-865-official-pta-approved-gaming-phone-i395964146.html,,false,[],Weight Unknown,[60500.0],daraz.pk/daraz__aquos-r5g-256gb-storage-12gb-ram-snapdragon-865-official-pta-approved-gaming-phone-i395964146.html.json,7f5ddb32e4b21fc032812abff78348e6229e619ad44ca4c9705e850e6e6ba98a,0.37500
3e5cfd45647a37ad8c734eba54ad18755f32be15e5f8b9904cf44ae87b82fd91,2026-08-15T14:00:35+00:00,*ASUS* 100% China Original Adapter *Fast charging* * Mobile Accessories,https://www.daraz.pk/products/asus100-china-original-adapter-fast-charging-mobile-accessories-i1960775242.html,,false,[],Weight Unknown,[13775.0],daraz.pk/daraz__asus100-china-original-adapter-fast-charging-mobile-accessories-i1960775242.html.json,7558640085ff459ecfa55490f88df8f7507ec7a4046cab5c9774d9959755e0eb,0.12500
c0fba1f662f7fa2d12e8f1480e0a481084135b9684bf268a5b0909636edacad5,2026-08-15T13:25:58+00:00,Automatic electric fruit peeler,https://www.daraz.pk/products/automatic-electric-fruit-peeler-i1961464464.html,,false,[],Weight Unknown,[288.0],daraz.pk/daraz__automatic-electric-fruit-peeler-i1961464464.html.json,2d2ce83a0dfdd3b8b57205bfafb1e8d390eb3990f3eb2b31a8c51141e2c10473,0.12500
7e57774e66fc3ad9f228f3f7ab3134b20678f40db6733a6beac0fcf867c77848,2026-08-15T10:00:30+00:00,"BTs ,universal Hf Joine Hf BT.pro",https://www.daraz.pk/products/bts-universal-hf-joine-hf-btpro-i413937765.html,,false,[],Weight Unknown,[90000.0],daraz.pk/daraz__bts-universal-hf-joine-hf-btpro-i413937765.html.json,798bbb44dbdea39db96e3992d81f243442634e772b87f55b0b7c539a4be766fe,0.12500
a54d89d4fa7ba0c21b42fc50cd6a0e4339a2012049b450f13725aa5a490c4f22,2026-08-15T13:01:26+00:00,BUY NOW TECNO PHANTOM V FLIP2 AND GET A FREE GIFT WORTH 10K | 50MP CAMERA | 4720 mAH BATTERY | 70W ULTRA CHARGE,https://www.daraz.pk/products/buy-now-tecno-phantom-v-flip2-and-get-a-free-gift-worth-10k-50mp-camera-4720-mah-battery-70w-ultra-charge-i563717484.html,,false,[],Weight Unknown,[199999.0],daraz.pk/daraz__buy-now-tecno-phantom-v-flip2-and-get-a-free-gift-worth-10k-50mp-camera-4720-mah-battery-70w-ultra-charge-i563717484.html.json,cef5fdffb04f89242ade856a91e0ea016c392983292c89f0f5d023244d4aa5d2,0.29167
36186919dd77815b5e6055c329a6d42d44171dfc5585c722a2be8d5673a25d8e,2026-08-15T13:03:48+00:00,BUY NOW TECNO PHANTOM V FOLD2 AND GET A FREE GIFT WORTH 10K | 50MP CAMERA | 5750 mAh BATTERY | 70W ULTRA CHARGE | V PEN,https://www.daraz.pk/products/buy-now-tecno-phantom-v-fold2-and-get-a-free-gift-worth-10k-50mp-camera-5750-mah-battery-70w-ultra-charge-v-pen-i563696694.html,,false,[],Weight Unknown,[369999.0],daraz.pk/daraz__buy-now-tecno-phantom-v-fold2-and-get-a-free-gift-worth-10k-50mp-camera-5750-mah-battery-70w-ultra-charge-v-pen-i563696694.html.json,b636f526564ef4988c66a9974b15f16751c5b6cc22d46670153b0345392f3aa6,0.29167
73d78109f780211f55058c8a640c794ee9a3a7bbaa59b473a7e62802663f5175,2026-08-15T11:59:45+00:00,"Buy Now TECNO SPARK GO 1 3GB RAM 64GB ROM | 5000 mAh BATTERY | 6.67"" SCREEN",https://www.daraz.pk/products/buy-now-tecno-spark-go-1-3gb-ram-64gb-rom-5000-mah-battery-667-screen-i594388213.html,,false,[],Weight Unknown,[20299.0],daraz.pk/daraz__buy-now-tecno-spark-go-1-3gb-ram-64gb-rom-5000-mah-battery-667-screen-i594388213.html.json,c143884cebc18c73b916e715513388f291c04ee8c66eaea03a58b70427d74403,0.25000
f800d9aeef9705152bb4a5879d28a7f0df302947b97f0cd527155720846e5fa9,2026-08-15T12:41:49+00:00,"BUY TECNO CAMON 30S | 50MP SONY AI CAMERA | 8GB RAM & 256 GB ROM | 5000 mAh BATTERY | 6.78"" CURVED SCREEN",https://www.daraz.pk/products/buy-tecno-camon-30s-50mp-sony-ai-camera-8gb-ram-256-gb-rom-5000-mah-battery-678-curved-screen-i589615948.html,,false,[],Weight Unknown,[53999.0],daraz.pk/daraz__buy-tecno-camon-30s-50mp-sony-ai-camera-8gb-ram-256-gb-rom-5000-mah-battery-678-curved-screen-i589615948.html.json,ce33e1f7095eb86225b359f8589ed5bb894ed7cd1a77d87359928b86c985151a,0.33333
744034af7c50d3e238b5c49385a58787b00ecf7ca133f486933d90a0cc70212a,2026-08-15T10:43:47+00:00,Realme C100i - 6.8 Inches Display - 4GB RAM 64GB ROM - 5MP Front Camera - 8MP Rear Camera - Dual SIM - 7000mAh Battery,https://www.daraz.pk/products/c100i-4gb-64gb-5mp-8mp-68-mah-i1960287383.html,,false,[],Weight Unknown,[41000.0],daraz.pk/daraz__c100i-4gb-64gb-5mp-8mp-68-mah-i1960287383.html.json,2cfe392b977a3e9d04f3f04ee0cea13f6016b889223b1d4117f8e764d8e87a25,0.41667
5f3e95edde56732ba691dc80dc89e1aed91fffd34ec6369b6b58a444163cdb16,2026-08-15T11:08:04+00:00,REALME C100i = 4GB RAM = 64GB ROM = 7000mAh BATTERY,https://www.daraz.pk/products/c100i-4gb-64gb-7000mah-i1959731852.html,,false,[],Weight Unknown,[43999.0],daraz.pk/daraz__c100i-4gb-64gb-7000mah-i1959731852.html.json,a93e09a2eae7eece4f449b0b412b4d8a1ccdf2f9a610a73c1d369fb7972b0886,0.41667
369367a0827252d4c45b482550ac599554fa8e2f81c6224f973768cb802bb78e,2026-08-15T11:16:46+00:00,REALME C100i = 4GB RAM = 64GB ROM = 7000mAh BATTERY,https://www.daraz.pk/products/c100i-4gb-64gb-7000mah-i1960492857.html,,false,[],Weight Unknown,[41999.0],daraz.pk/daraz__c100i-4gb-64gb-7000mah-i1960492857.html.json,a81a47ac76d1fecb4c88cc271657cf4f6b9ef53f5f64040d0b998011f2b6dd95,0.41667
e4c7205b1e2d4143645944a263f4e0c8af28f89756ce43941d425ddaf77ae516,2026-08-15T12:56:44+00:00,Nokia C12 Pro || RAM 4 GB ROM 64 GB ||,https://www.daraz.pk/products/c12-4-gb-64-gb-i585888746.html,,false,"[""Dark Cyan"",""Charcoal"",""Light Mint""]",Weight Unknown,[23000.0],daraz.pk/daraz__c12-4-gb-64-gb-i585888746.html.json,33b9da355c0b7f47b180591b2974886f3cdbbb321bc923ddf783bdf0d761d710,0.70833
cec1e1ba3c616a290d84c32e61626114f17ea0b26821136729ab978b8e436756,2026-08-15T12:42:59+00:00,Nokia C21 New Mobile 100 % Approved PTA,https://www.daraz.pk/products/c21-100-pta-i385534819.html,,false,[],Weight Unknown,[19999.0],daraz.pk/daraz__c21-100-pta-i385534819.html.json,4026196ba473d31ee96f20dc5c12645ffd05917614b7de2576fa6d2f68850b73,0.16667
992ca88c0fae3f1721debae15ce8c7311042fb8be95f8a179946d07b9d72763e,2026-08-15T12:38:54+00:00,Nokia C22 RAM 4 GB ROM 128 Battery 5000 mAh,https://www.daraz.pk/products/c22-4-gb-128-5000-mah-i500842285.html,,false,[],Weight Unknown,[25000.0],daraz.pk/daraz__c22-4-gb-128-5000-mah-i500842285.html.json,50d58ebe1b8ce9b3f2d1948339ceaee4929bbe8888d8f02e14438cb90005aa59,0.29167
d88aa4ab07227e71a6ce935cf21a344b10b55de83ebc2dfabbc17b7b9a796346,2026-08-15T12:21:28+00:00,REALME C53 = 6GB RAM = 128GB ROM = 5000mAh BATTERY,https://www.daraz.pk/products/c53-6gb-128gb-5000mah-i447316776.html,,false,"[""ChampionGold"",""MightyBlack""]",Weight Unknown,[33999.0],daraz.pk/daraz__c53-6gb-128gb-5000mah-i447316776.html.json,aaf7ff7232fb9279c0915cedf8768ff5663105fe18b129d1149604b6654d0cf7,0.58333
9014797d10faa531dc010016b2be9c55512268234fab87d9c68b9aeba76ed9a6,2026-08-15T12:36:37+00:00,REALME C61 = 6GB RAM = 128GB ROM = 5000mAh BATTERY,https://www.daraz.pk/products/c61-6gb-128gb-5000mah-i562433015.html,,false,[],Weight Unknown,[31999.0],daraz.pk/daraz__c61-6gb-128gb-5000mah-i562433015.html.json,567b93aefbf1ade267db57cc7fb81b3750d23b46acfc95fb6e03adac78999bdd,0.62500
d02771d3977045ec9984d72a2041900c06eabdb910595365345d59aefc11ffa1,2026-08-15T12:30:45+00:00,REALME C71 = 6GB RAM = 128GB ROM = 6300mAh BATTERY,https://www.daraz.pk/products/c71-6gb-128gb-6300mah-i831442080.html,,false,[],Weight Unknown,[56999.0],daraz.pk/daraz__c71-6gb-128gb-6300mah-i831442080.html.json,6f4165d0f3fb8ac0ce60c903fa40842535c8a5ac2c13688e2fb338214b600344,0.62500
17a5154a13809380693e445fce6ee2c5a3480d2446e2262ede42ff825a38f299,2026-08-15T12:44:52+00:00,REALME C71 = 6GB RAM =128GB ROM = 6300mAh BATTERY,https://www.daraz.pk/products/c71-6gb-128gb-6300mah-i832013558.html,,false,[],Weight Unknown,[59999.0],daraz.pk/daraz__c71-6gb-128gb-6300mah-i832013558.html.json,35cbced04b744ff121e7591ea48c12a8eefad877a4fd19a9eef8498ac68e60e5,0.62500
b53cf2c657117507e5a4e755760605f2f44e98c0b54a479333f6c9cc5fcd3ead,2026-08-15T12:31:58+00:00,REALME C71 = 8GB RAM = 128GB ROM = 6300mAh BATTERY,https://www.daraz.pk/products/c71-8gb-128gb-6300mah-i831375899.html,,false,[],Weight Unknown,[42999.0],daraz.pk/daraz__c71-8gb-128gb-6300mah-i831375899.html.json,0b3ca98a1e8de1cb7b5408b68d15e36d8bb53632e9623ce60031f43ddd0c5e4f,0.62500
7b48b9115681a829323a19b1032b3ac1d249f2f237a5dd5c71ddc87ca6c55efc,2026-08-15T12:41:20+00:00,REALME C71 = 8GB RAM = 128GB ROM = 6300mAh BATTERY,https://www.daraz.pk/products/c71-8gb-128gb-6300mah-i832025230.html,,false,[],Weight Unknown,[45999.0],daraz.pk/daraz__c71-8gb-128gb-6300mah-i832025230.html.json,4f09bced3f772cafe54f6252cd520623a33d418bc061157220c984e6b1b785a1,0.62500
0931ef3cc149585821a74bf4de94333cf409c0988b1d6731f7c724a01314a12b,2026-08-15T12:12:43+00:00,REALME C75 = 8GB RAM = 128GB ROM = 6000mAh BATTERY,https://www.daraz.pk/products/c75-8gb-128gb-6000mah-i641010681.html,,false,[],Weight Unknown,[47999.0],daraz.pk/daraz__c75-8gb-128gb-6000mah-i641010681.html.json,f9129a92c1f1a4d1f186fbec56175ed4d634b240df3d7e6c44569e630a3ba0a7,0.58333
944ed40cc88aae7ec99c701762c87bba1dc53594d33e3afad269465e23feae99,2026-08-15T12:47:35+00:00,REALME C75 = 8GB RAM = 128GB ROM = 6000mAh BATTERY,https://www.daraz.pk/products/c75-8gb-128gb-6000mah-i751148625.html,,false,[],Weight Unknown,[48999.0],daraz.pk/daraz__c75-8gb-128gb-6000mah-i751148625.html.json,e6423dd56f7298c7e41b7cd6fa71ef399f0efcfa37afe9d5f1efd2019dd94927,0.58333
73d29482dd9b9272b22476dcff818e3f403a4ca8592a900b2f6f373318eae500,2026-08-15T12:21:18+00:00,REDMI POCO C75 = 8GB RAM = 256GB ROM = 5160mAh BATTERY,https://www.daraz.pk/products/c75-8gb-256gb-5160mah-i616153793.html,,false,[],Weight Unknown,[38999.0],daraz.pk/daraz__c75-8gb-256gb-5160mah-i616153793.html.json,ebde81735fcfab83cd9679977e8cefba0c3010e9068477f79f984bbc1ddd73ce,0.62500
abeab8bf4de07234b6cf245aaa1cd40bad8df2da52e523793ef89451280f2c39,2026-08-15T12:33:42+00:00,REDMI POCO C75 = 8GB RAM = 256GB ROM = 5160mAh BATTERY,https://www.daraz.pk/products/c75-8gb-256gb-5160mah-i617925754.html,,false,[],Weight Unknown,[34999.0],daraz.pk/daraz__c75-8gb-256gb-5160mah-i617925754.html.json,b443e4fb97dadefaad899062d2cd3c594a22690bdaf52b48a819980f17d0bded,0.62500
7619a1bae82f37f7504fc889d4e0dea16f33c7b5fb02ee95a64daaf408aad596,2026-08-15T12:16:19+00:00,REALME C75 = 8GB RAM = 256GB ROM = 6000mAh BATTERY,https://www.daraz.pk/products/c75-8gb-256gb-6000mah-i640992949.html,,false,[],Weight Unknown,[50999.0],daraz.pk/daraz__c75-8gb-256gb-6000mah-i640992949.html.json,5aae24836c66d215b9bdffabd1999a5d89b16582bb958d3e6c9bab9f691330b2,0.58333
1a46c00acc29d22d9dccb28a145a93391d169b74542b44fddcf25a5b1c044507,2026-08-15T13:02:07+00:00,REALME C75 = 8GB RAM = 256GB ROM = 6000mAh BATTERY,https://www.daraz.pk/products/c75-8gb-256gb-6000mah-i751168392.html,,false,[],Weight Unknown,[53999.0],daraz.pk/daraz__c75-8gb-256gb-6000mah-i751168392.html.json,03fc19f3bb5edc198cc2a8aa538bc635322fc01f58ca43d371a77d8525cf37e0,0.58333
7b1a56de6a16f183bdc2658c311b525e838e6637424e55ea277bf0393082281c,2026-08-15T12:30:25+00:00,"Poco c75 - 8GB RAM 256GB ROM 6.88"" LCD Display 50MP Rear Camera 5160mAh Battery PTA Approved 1 Year Official Brand Warranty",https://www.daraz.pk/products/c75-8gb-256gb-lcd-50mp-688-mah-pta-1-i646884745.html,,false,[],Weight Unknown,[39999.0],daraz.pk/daraz__c75-8gb-256gb-lcd-50mp-688-mah-pta-1-i646884745.html.json,36a7fe2e36d94d3974370cdc65be3edc29be8982e19a45c874c62edd48911eb9,0.41667
7b772bd9e5312df6c13645ff1cfa2845df0fa697e987a2b6217c1e450c11f6c9,2026-08-15T12:41:59+00:00,REALME C75X = 8GB RAM = 128GB ROM = 5600mAh BATTERY,https://www.daraz.pk/products/c75x-8gb-128gb-5600mah-i776282914.html,,false,[],Weight Unknown,[43999.0],daraz.pk/daraz__c75x-8gb-128gb-5600mah-i776282914.html.json,224d141c49f632fb3721c8a4474051afbadd2ed60f0cd9ec50bcbaedf1533342,0.58333
ecd0e9fbef1673263cd216ea9158ec5ee5f7dfa38a06697f4c9638b8d59fd64c,2026-08-15T12:40:50+00:00,REALME C75X = 8GB RAM = 128GB ROM = 5600mAh BATTERY,https://www.daraz.pk/products/c75x-8gb-128gb-5600mah-i778118403.html,,false,[],Weight Unknown,[45999.0],daraz.pk/daraz__c75x-8gb-128gb-5600mah-i778118403.html.json,9ccec7bfd7ce7b48f38f01b78c876af489a2e6a7df7b219bd68cc86049e23e23,0.58333
3ebfe7ec2b721b913af55bfdb46eb3c47f2bfec5a17d9e13e10270610db891a1,2026-08-15T13:33:31+00:00,REALME C85 PRO = 8GB RAM = 128GB ROM = 7000mAh BATTERY,https://www.daraz.pk/products/c85-8gb-128gb-7000mah-i936800590.html,,false,[],Weight Unknown,[58999.0],daraz.pk/daraz__c85-8gb-128gb-7000mah-i936800590.html.json,c6871f4f60825103f965a4c9eb7a1a39af3e039ba50aaf49f9db4f59ca6c1edf,0.37500
648f023eda7f83be5f7c6904b20f7e4bdcf22522d57d01a1067bb71418cab33b,2026-08-15T14:08:13+00:00,REALME C85 PRO = 8GB RAM = 128GB ROM = 7000mAh BATTERY,https://www.daraz.pk/products/c85-8gb-128gb-7000mah-i938152285.html,,false,[],Weight Unknown,[59999.0],daraz.pk/daraz__c85-8gb-128gb-7000mah-i938152285.html.json,8d10ea3fe6784ef4bd0d1e0294f4fa79847d318a523982f5a985b40e600ed6ca,0.37500
9de821f1b1c4cefd011f4017c0f771771f89603b49b34b0cbbaf89733045eeb6,2026-08-15T14:31:46+00:00,REDMI POCO C85 = 8GB RAM = 256GB ROM = 6000mAh BATTERY,https://www.daraz.pk/products/c85-8gb-256gb-6000mah-i936803336.html,,false,[],Weight Unknown,[45999.0],daraz.pk/daraz__c85-8gb-256gb-6000mah-i936803336.html.json,6a370984b4e3b2460ebf7ec9e7f19da20dfc3db69b5a5676f0e887ae2f4a8436,0.41667
cc6b6ff7e1080c7735ebfd48ab8d17b917df49de1f59949870b33beaeafcd536,2026-08-15T13:51:53+00:00,REDMI POCO C85 = 8GB RAM = 256GB ROM = 6000mAh BATTERY,https://www.daraz.pk/products/c85-8gb-256gb-6000mah-i938154127.html,,false,[],Weight Unknown,[43999.0],daraz.pk/daraz__c85-8gb-256gb-6000mah-i938154127.html.json,90e1a0b1701b60b1e0cb7c1e1592c32d6f47eaea849014be1cf49b23e23fd1b7,0.41667
3a3e90df3e0c4da4f0e400451ba0beb79b0d56a1487834279fc4c0c463a78117,2026-08-15T13:06:57+00:00,REALME C85 PRO = 8GB RAM = 256GB ROM = 7000mAh BATTERY,https://www.daraz.pk/products/c85-8gb-256gb-7000mah-i936799616.html,,false,[],Weight Unknown,[63999.0],daraz.pk/daraz__c85-8gb-256gb-7000mah-i936799616.html.json,7597a42be20bda68b555bf265399ed493af7a662c2b605b56c3ce5f186c96468,0.37500
9a363fda0ea979e541abacf829dbd91db4d561a47649ec0d1c41b409dd006f2e,2026-08-15T13:32:26+00:00,REALME C85 PRO = 8GB RAM = 256GB ROM = 7000mAh BATTERY,https://www.daraz.pk/products/c85-8gb-256gb-7000mah-i938149372.html,,false,[],Weight Unknown,[63999.0],daraz.pk/daraz__c85-8gb-256gb-7000mah-i938149372.html.json,7597a42be20bda68b555bf265399ed493af7a662c2b605b56c3ce5f186c96468,0.37500
32611b45bd534e3e82028578461417d233e2a315bc14c4e0cb4537bcd99732f3,2026-08-15T11:02:05+00:00,Poco C85 RAM 8GB ROM 256GB Front Camera 8MP Back Camera 50 MP 6000 mAh Battery One Year Brand Warranty,https://www.daraz.pk/products/c85-8gb-256gb-8mp-50-mp-6000-mah-i932562501.html,,false,[],Weight Unknown,[59000.0],daraz.pk/daraz__c85-8gb-256gb-8mp-50-mp-6000-mah-i932562501.html.json,2daf5304391e920c8311ffdfc46cb8660c67d8aae0eecd3e4fdc6ddf4017327e,0.41667
3a220cae98a8237c7224791cdb581820c7dc25eca11de0933d09e3ef52cb18dd,2026-08-15T11:38:36+00:00,Xiaomi POCO C85 || 8GB Ram 256GB Rom || 6000mAh Battery,https://www.daraz.pk/products/c85-wance-8gb-8gb-i934322263.html,,false,[],Weight Unknown,[54999.0],daraz.pk/daraz__c85-wance-8gb-8gb-i934322263.html.json,515e0f04efebac75b7f71cd7f2a5f2e4bc8ed8d7e7d03f7147db511c27931d1f,0.41667
8330a4d100c32df40ae028c0400b74b55228b50ec7d29b1f94c5213178cdfe72,2026-08-15T10:41:06+00:00,Calling 4 64gb card memory card support,https://www.daraz.pk/products/calling-4-64gb-card-memory-card-support-i1960767300.html,,false,[],Weight Unknown,[12000.0],daraz.pk/daraz__calling-4-64gb-card-memory-card-support-i1960767300.html.json,86c1e7b04409924034907fbc53ba902b298486f9262d87d3bd752234bffdfb87,0.12500
83dc22f5a3f9df7d592fe1fd791372b2402002b2e71ca72589ce3725d92b162c,2026-08-15T13:53:13+00:00,Calling Tab 64gb /2sim n 1 sim slot / Android charging/ for children games n poems,https://www.daraz.pk/products/calling-tab-64gb-2sim-n-1-sim-slot-android-charging-for-children-games-n-poems-i1960761681.html,,false,[],Weight Unknown,[2900.0],daraz.pk/daraz__calling-tab-64gb-2sim-n-1-sim-slot-android-charging-for-children-games-n-poems-i1960761681.html.json,f0371c69a9dce6295245dc98321bc3094116ddeb749ee612ee134dd031f6eabc,0.20833
506c1b53599d7504b4a5e8fd00def48e862e03283dfc2950fc4c126dde418ec8,2026-08-15T09:51:16+00:00,Camon 50 Ultra 12GB + 256GB,https://www.daraz.pk/products/camon-50-ultra-12gb-256gb-i1961844211.html,,false,[],Weight Unknown,[119999.0],daraz.pk/daraz__camon-50-ultra-12gb-256gb-i1961844211.html.json,526c06d4d81123ec40da629023a1db4185b1d9485e1269468e443e6f96d3d6b9,0.12500
c4f1bf34cce9feeed4469b8f43bb4acd3fcbde5e4491d714313f05e72889ed29,2026-08-15T10:35:29+00:00,"Daachi Posture belt, posture corrector belt, Back support belt, Back Pain Relief Shoulder Back Support Belt",https://www.daraz.pk/products/daachi-posture-belt-posture-corrector-belt-back-support-belt-back-pain-relief-shoulder-back-support-belt-i1960773301.html,,false,[],Weight Unknown,[990.0],daraz.pk/daraz__daachi-posture-belt-posture-corrector-belt-back-support-belt-back-pain-relief-shoulder-back-support-belt-i1960773301.html.json,72532ab59c47f9fe0a67615043d220ee7bba7a46617f5ab31f5f20d7ec48c182,0.12500
2243ebbe9ccdad4c6d24fd40691c8d37dcb5459e42ae4b421c4d697fdadd7f84,2026-08-15T12:28:10+00:00,DCODE BOLD 3 6+6 =12GB RAM = 128GB ROM = 5000mAh BATTERY,https://www.daraz.pk/products/dcode-3-6-6-12gb-128gb-5000mah-i439127185.html,,false,[],Weight Unknown,[32999.0],daraz.pk/daraz__dcode-3-6-6-12gb-128gb-5000mah-i439127185.html.json,91b80f8d8bb193de7a5ce57d8694536ee531052dfa8a3b9eddd8ace20ce1009c,0.62500
ee0911b9bc87bdefead302e63f81adc1b39c354612871566e503df76c5dea5c0,2026-08-15T15:21:36+00:00,DCODE BOLD 3 PRO 8GB+8GB = 16GB RAM = 128GB ROM = 5000mAh BATTERY,https://www.daraz.pk/products/dcode-3-8gb-8gb-16gb-128gb-5000mah-i459436115.html,,false,[],Weight Unknown,[44999.0],daraz.pk/daraz__dcode-3-8gb-8gb-16gb-128gb-5000mah-i459436115.html.json,1d680cd48a390122a771a5605a66facd734c690d0ea19feaeac44ef99e068a82,0.62500
68b0d2169be7cb9dbb1cf8bd1159d78c2fba74906907d8f163aa6d4182d6fba0,2026-08-15T12:25:04+00:00,DCODE CYGNAL 4 LITE = 4GB RAM = 64GB ROM = 5000mAh BATTERY,https://www.daraz.pk/products/dcode-4-4gb-64gb-5000mah-i573177830.html,,false,[],Weight Unknown,[18999.0],daraz.pk/daraz__dcode-4-4gb-64gb-5000mah-i573177830.html.json,7e29366e0baf15b342fd33e5da612da9101e88ee205cb5ee45e1e37707fef297,0.58333
b5639393c8d1844ef6460e0800b5c41ad0ada480cb3c184fc7685c1d2b9f4ed3,2026-08-15T12:47:04+00:00,DCODE CYGNAL 4 LITE = 4GB RAM = 64GB ROM = 5000mAh BATTERY,https://www.daraz.pk/products/dcode-4-4gb-64gb-5000mah-i615811347.html,,false,[],Weight Unknown,[21699.0],daraz.pk/daraz__dcode-4-4gb-64gb-5000mah-i615811347.html.json,08391577119471db6fc5606e555028fd9ee455183676522ae6f3170179e0e030,0.58333
fe39f9154f30763190c552037b605956dc2c7aa00177060d308b08682e115a8f,2026-08-15T13:42:58+00:00,"Digiland - 10.1"" Tablet 32GB - Blue - Type C support - Free fire 🔥 n PUBG support",https://www.daraz.pk/products/digiland-101-tablet-32gb-blue-type-c-support-free-fire-n-pubg-support-i1960763569.html,,false,[],Weight Unknown,[2320.0],daraz.pk/daraz__digiland-101-tablet-32gb-blue-type-c-support-free-fire-n-pubg-support-i1960763569.html.json,b8263544b83e5ae03dc4b97a7590264c8ed7be0d59327576297cb1d9f47954f2,0.29167
b92eff0f47e257773182f2903cf63f6e38f3aa5f1c287dfd93b9a583951a2a5b,2026-08-15T13:09:17+00:00,digiland 32GB STORAGE TYPE C,https://www.daraz.pk/products/digiland-32gb-storage-type-c-i1960765374.html,,false,[],Weight Unknown,[1158.0],daraz.pk/daraz__digiland-32gb-storage-type-c-i1960765374.html.json,0e4991d9b13c8ea24fb2980d3cf538d38be73936cf76fe82f781a686e0a10325,0.16667
e2864389d9a890cc8b7a5febe82da331c4a29c97fa3a73e51f41df3da870dc9e,2026-08-15T09:30:38+00:00,Docomo Fujitsu Original Japanese Brand,https://www.daraz.pk/products/docomo-fujitsu-orginal-japanese-brand-i390733639.html,,false,[],Weight Unknown,[44000.0],daraz.pk/daraz__docomo-fujitsu-orginal-japanese-brand-i390733639.html.json,e012b64f08f700dd0ddb658a434341eff6df6e14720a5c7a64272d93885c1614,0.25000
0fc636b09c85be5c365f54c12689312f3a8940dc96ce6158908f66fe7c8f224d,2026-08-15T12:06:51+00:00,QMobile E50 body,https://www.daraz.pk/products/e50-i437130038.html,,false,[],Weight Unknown,[600.0],daraz.pk/daraz__e50-i437130038.html.json,4f5d731f9cfaaaf0751839ba0163ef7a8b0383474f49c24b2501d653cab03522,0.12500
5db322371e01d49dc81e609181a0164a78f6ee644f56dcbbeaf79efcdd3b72df,2026-08-15T14:45:41+00:00,Eero C010001 | 24W Fast Charger | Reliable And Durable | With USB Type-C | For Chromebooks And Mobiles | Charger,https://www.daraz.pk/products/eero-c010001-24w-fast-charger-reliable-and-durable-with-usb-type-c-for-chromebooks-and-mobiles-charger-i1961464465.html,,false,[],Weight Unknown,[1885.0],daraz.pk/daraz__eero-c010001-24w-fast-charger-reliable-and-durable-with-usb-type-c-for-chromebooks-and-mobiles-charger-i1961464465.html.json,a1de7590e7660ded8f87c8211940df76ef76effed16925af6a258be17190b881,0.12500
029908b5e96414f02a0b02c7d3494a09bf8ac739cf71aceb3c60397fdd1d7b5e,2026-08-15T10:44:06+00:00,"ELECTRIC CATTLE FOR URGENT TEA , COFFEE, HOT WATER , QAWA",https://www.daraz.pk/products/electric-cattle-for-urgent-tea-coffee-hot-water-qawa-i1960769268.html,,false,[],Weight Unknown,[2500.0],daraz.pk/daraz__electric-cattle-for-urgent-tea-coffee-hot-water-qawa-i1960769268.html.json,fa9fa4f8d23ff235d6382e990a5a2c36bd151bb43d21efe38fda35d1e57c1f53,0.12500
560987af217c4f8d750e121d6322b8d076181742d548793bf42adff6e396a4c5,2026-08-15T12:55:18+00:00,Etachi Icon just look likeI design Icon Mini Touch Mobile 2gb 16gb3.75-inch touch screen Dual sim Pta approve,https://www.daraz.pk/products/etachi-icon-just-look-likei-design-icon-mini-touch-mobile-2gb-16gb375-inch-touch-screen-dual-sim-pta-approve-i1951168835.html,,false,[],Weight Unknown,[14999.0],daraz.pk/daraz__etachi-icon-just-look-likei-design-icon-mini-touch-mobile-2gb-16gb375-inch-touch-screen-dual-sim-pta-approve-i1951168835.html.json,d9a90cf726246413d41791258e9016b19b87200b60179f04a463090da24cc30c,0.20833
7240fc0b76ffc5290eee89beac7b14d751b54b97693aba112f2dd7dad92a1c21,2026-08-15T13:22:12+00:00,VGOTEL NEW12 - 2GB+1GB RAM 64GB ROM - 5000 mAh Battery,https://www.daraz.pk/products/ew12-1gb-2gb-64gb-5000-mah-i425938597.html,,false,[],Weight Unknown,[15999.0],daraz.pk/daraz__ew12-1gb-2gb-64gb-5000-mah-i425938597.html.json,e951243cc34b1ba6c8fd01312f8a005be324e74799ed0b5c53935addca737630,0.58333
a5106fc858d37d422b3fe245703d204c529444f1f59519249acf0a0c183fa11a,2026-08-15T09:45:09+00:00,Exclusive Cigeratte Box Shape Mobile,https://www.daraz.pk/products/exclusive-cigeratte-box-shape-mobile-i375657005.html,,false,[],Weight Unknown,[11999.0],daraz.pk/daraz__exclusive-cigeratte-box-shape-mobile-i375657005.html.json,90188f519948fe65ab11a594d1013c1f56c71500b253ae60c43f5eeca70f9b3c,0.12500
99257b579d28fd11b4c9cf54d0186edba93e9787c2403638c1204b8acdbe8258,2026-08-15T11:00:24+00:00,Fujitsu Arrows F-51A | 128GB Storage | 8GB RAM | Snapdragon 865 | 48 MP Camera | - 4070 mAh Battery - PTA Official Approved,https://www.daraz.pk/products/f-51a-8gb-8gb-1-48-128-mah-pta-i445349855.html,,false,[],Weight Unknown,[55600.0],daraz.pk/daraz__f-51a-8gb-8gb-1-48-128-mah-pta-i445349855.html.json,ca883fda8fdfb6ca5ef80698c5a810bf85402a02e6034d5b53795fe0238c7097,0.41667
7435e80dbed11113a1b92f3319e11d55b8533fa15e182f18d1ed3729db4d448f,2026-08-15T13:43:25+00:00,Oppo F15 with Box Free Charger handsfree Sim Eject Tool - 8Gb Ram Mobile - 256gb Rom(Usable 128Gb) - Dual Sim Approved - Oppo Mobile - Oppo Phone - Mobile Phone - Mobile Phone on Installment - Budget Phone - 4G Mobile - Smart Phone,https://www.daraz.pk/products/f15-8gb-256gb-128gb-4g-i888776396.html,,false,[],Weight Unknown,[40000.0],daraz.pk/daraz__f15-8gb-256gb-128gb-4g-i888776396.html.json,454c2856cace17081ccf7b867dd683ebf8074b5d2c22694e2cd3b1b218d3be8d,0.33333
21296f4f626f64160c374e993569377a76c10b69a5212e6f06cdfaaf7b9b982d,2026-08-15T12:09:14+00:00,[Official Approved] Oppo F15 (CPH2001) - 6.4 Inches Full HD+ AMOLED Display - 8GB RAM - 256GB Storage - PTA Approved - In Display Fingerprint Sensor - Helio P70 Processor - (Phone and Box. No Charger and No Accessories Included),https://www.daraz.pk/products/f15-cph2001-64-hd-8gb-256gb-pta-p70-i477907475.html,,false,[],Weight Unknown,[45999.0],daraz.pk/daraz__f15-cph2001-64-hd-8gb-256gb-pta-p70-i477907475.html.json,7b4589e99b07009fbcd9ec16b01798dffed17227224c662115a55d3b631a0deb,0.41667
3e90ba1c3a1d417864775b3013ef111caf1a2e7bf27bf204950fab91c95d610e,2026-08-15T10:34:39+00:00,Fujitsu Arrows F51A - 8GB/128GB | Snapdragon 865 | 48 MP Camera | - 4070 mAh Battery - PTA Official Approved - Single SIM,https://www.daraz.pk/products/f51a-8gb128gb-8-865-mah-pta-i885063849.html,,false,[],Weight Unknown,[52500.0],daraz.pk/daraz__f51a-8gb128gb-8-865-mah-pta-i885063849.html.json,13a688bdfd9b24447413663355abceb28b139ffa714e80beca778d35ef0b9c2f,0.41667
1d5d127adf86d75b11923d2b831ee71165168fc02527dac690482886f005fd9f,2026-08-15T10:58:58+00:00,Foldable 360 Degrees Rotation Water Saving Fan Faucet,https://www.daraz.pk/products/foldable-360-degrees-rotation-water-saving-fan-faucet-i1960775238.html,,false,[],Weight Unknown,[1377.0],daraz.pk/daraz__foldable-360-degrees-rotation-water-saving-fan-faucet-i1960775238.html.json,716524fa792403b484d78439c83d3cf655aa34c76ce043a5e3baafbfd232a03c,0.12500
4098e1be48c93e3abb414527bfea50118abfa737f7fb19c13e88c9c666441f47,2026-08-15T10:32:08+00:00,Moto G Power 2021 - 6.6 Inches Full HD+ Display - 4GB RAM 64GB ROM - PTA Approved Single Sim - Fingerprint Sensor - Mix Color (Phone Only Charger Accessoires Not Included),https://www.daraz.pk/products/g-2021-hd-4gb-64gb-pta-i913884422.html,,false,[],Weight Unknown,[28999.0],daraz.pk/daraz__g-2021-hd-4gb-64gb-pta-i913884422.html.json,8dc90f8580fbf16ffdf3b53b2f52be074803e6e857d0dc3161c5899f311cb85e,0.20833
e53658dbb901de1d4e2592817ada96d3a42db6ab6ff672c6b972e9566055c360,2026-08-15T12:54:47+00:00,"Nokia G 21 ||RAM 4 GB ROM 128 GB || Battery Type Li-Po 5050 mAh, non-removable || PTA Aproved",https://www.daraz.pk/products/g-21-ace-4-gb-128-gb-5050-mah-pta-i585889959.html,,false,[],Weight Unknown,[30000.0],daraz.pk/daraz__g-21-ace-4-gb-128-gb-5050-mah-pta-i585889959.html.json,ce56b9594a35b331c63a109ede17138d8af332d2c4b568b602b4e77bc332fdcb,0.37500
631892714dce7ece5d2d348d93ff965542d4b9638d527ec8043818511a868ec3,2026-08-15T09:59:10+00:00,Motorola Moto G Play 3GB Ram 32GB Storage Fresh Condition,https://www.daraz.pk/products/g-3gb-32gb-i420061414.html,,false,[],Weight Unknown,[23999.0],daraz.pk/daraz__g-3gb-32gb-i420061414.html.json,63491f1dd0c126fd574ec86ad1f4fd5e79e90fd503c0f139c04ef20c726d687a,0.37500
a48f8d499b897a5442797673cec0f78cc575c57bbd62e634afc374ad71ceb63a,2026-08-15T14:54:47+00:00,NOKIA G21 - 4GB RAM 128B ROM - 5050 mAh Battery,https://www.daraz.pk/products/g21-4gb-128b-5050-mah-i430378628.html,,false,[],Weight Unknown,[29999.0],daraz.pk/daraz__g21-4gb-128b-5050-mah-i430378628.html.json,01e7331cc7679126f6305a52b6c9131e19409585e35e7c625fb489eb09c9ae08,0.62500
a94b081da699284969bab40aeacd73f3d849636080270f7eee506920bdcd07ae,2026-08-15T10:16:58+00:00,LG G7 - RAM 4GB - ROM 64GB - Battery 30O0mAh - PTA Approved,https://www.daraz.pk/products/g7-lg-4gb-64gb-30o0mah-pta-i435528946.html,,false,[],Weight Unknown,[38500.0],daraz.pk/daraz__g7-lg-4gb-64gb-30o0mah-pta-i435528946.html.json,34d73bac85bb1d9e6f3b2b74c6cee15a5ffe6643119745d65c983d38cc131676,0.33333
8df74c736d74ea3de57b9909d15c67fe1fb48c0666dc8ea2cab8682bc5d7024b,2026-08-15T09:22:42+00:00,LG G7 - RAM 6GB - ROM 64GB - Battery 30O0mAh - PTA Approved,https://www.daraz.pk/products/g7-lg-6gb-64gb-30o0mah-pta-i433114026.html,,false,[],Weight Unknown,[39500.0],daraz.pk/daraz__g7-lg-6gb-64gb-30o0mah-pta-i433114026.html.json,03f09ef16bda95e37a8b9763040a4f6c5900aa76d25ebe231039917028b29a9d,0.33333
facc4b10ea5520c9b8ac52cfa806b0ea7dae26afb2df5369bfa518f1d072ea27,2026-08-15T10:27:59+00:00,LG G7 - RAM 4GB - ROM 64GB - Battery 30O0mAh - PTA Approved,https://www.daraz.pk/products/g7-lg-6gb-64gb-30o0mah-pta-i433256640.html,,false,[],Weight Unknown,[39500.0],daraz.pk/daraz__g7-lg-6gb-64gb-30o0mah-pta-i433256640.html.json,43b4063afc53b4390dc5dd5d17a1fc40d000e7bc1f034195c8809a8bf3a50b5e,0.33333
3fd4a9b181b5e13de1c5dcdff3b3f8c205fae3e4bbc9a1364780ac2911b8ee22,2026-08-15T10:00:52+00:00,Moto G9 Play 4/64 Gb Dual Sim Imported Stock,https://www.daraz.pk/products/g9-464-gb-i421023839.html,,false,[],Weight Unknown,[35999.0],daraz.pk/daraz__g9-464-gb-i421023839.html.json,b9cb00a1fc699896079769a02c1b904e484f558cebe70368ca5766fe33efb327,0.37500
504f51cbc2463cf4e97f580005e2e3e2ed3e67101e63fd6886d4e45cb2f076fe,2026-08-15T12:05:23+00:00,"Galaxy A06 4GB RAM 128GB ROM 6.7"" Display 5000mAh Battery PTA Approved Official One Year Brand Warranty",https://www.daraz.pk/products/galaxy-a06-4gb-ram-128gb-rom-67-display-5000mah-battery-pta-approved-official-one-year-brand-warranty-i599954194.html,,false,[],Weight Unknown,[31999.0],daraz.pk/daraz__galaxy-a06-4gb-ram-128gb-rom-67-display-5000mah-battery-pta-approved-official-one-year-brand-warranty-i599954194.html.json,95cead3b3279454aefa5413a11f8c0ed373958160085f22429251e069f0c2359,0.37500
840fec4ebdc1db6c037edf9a521cbb315c1f80b78b32e5a33ff7564da05b0cb4,2026-08-15T12:02:03+00:00,"Galaxy A06 4GB RAM 64GB ROM 6.7"" Display 5000mAh Battery PTA Approved Official One Year Brand Warranty",https://www.daraz.pk/products/galaxy-a06-4gb-ram-64gb-rom-67-display-5000mah-battery-pta-approved-official-one-year-brand-warranty-i599717915.html,,false,[],Weight Unknown,[26999.0],daraz.pk/daraz__galaxy-a06-4gb-ram-64gb-rom-67-display-5000mah-battery-pta-approved-official-one-year-brand-warranty-i599717915.html.json,13c7d8ee28d6c46bd5394fe40bf75d662bde05555c7b697b628e9f55a06832cd,0.37500
8b97f720b6f114283a8495f8eaee12f065adfd5324b3b0d258fd52d75dfe2346,2026-08-15T12:04:38+00:00,"Galaxy A06 6GB RAM 128GB ROM 6.7"" Display 5000mAh Battery PTA Approved Official One Year Brand Warranty",https://www.daraz.pk/products/galaxy-a06-6gb-ram-128gb-rom-67-display-5000mah-battery-pta-approved-official-one-year-brand-warranty-i599919530.html,,false,[],Weight Unknown,[37999.0],daraz.pk/daraz__galaxy-a06-6gb-ram-128gb-rom-67-display-5000mah-battery-pta-approved-official-one-year-brand-warranty-i599919530.html.json,5814ede4f98d4bf9c7d7b4704b63f53634b0fe90d5aca49bb9f2e578f9c8ae69,0.37500
929bb5c90cf6ab35941c54fd212a0045be2708357ef27e328e415eecaf4394c8,2026-08-15T14:18:57+00:00,"GALAXY A07 4GB RAM 128GB ROM 6.7"" Size Main Display 5000 mAh Battery Capacity PTA Approved Official One Year Brand Warranty",https://www.daraz.pk/products/galaxy-a07-4gb-ram-128gb-rom-67-size-main-display-5000-mah-battery-capacity-pta-approved-official-one-year-brand-warranty-i927336739.html,,false,[],Weight Unknown,[32499.0],daraz.pk/daraz__galaxy-a07-4gb-ram-128gb-rom-67-size-main-display-5000-mah-battery-capacity-pta-approved-official-one-year-brand-warranty-i927336739.html.json,ca15a9780c8a5ec68f94324f60ea5c13220aa9d839c88003beb67288a302f341,0.37500
dfa16d8930606875b8224514188871a5c5dd489d284b3d9188ad4e4e36703ae1,2026-08-15T14:39:01+00:00,"GALAXY A07 4GB RAM 64GB ROM 6.7"" Size Main Display 5000 mAh Battery Capacity PTA Approved Official One Year Brand Warranty",https://www.daraz.pk/products/galaxy-a07-4gb-ram-64gb-rom-67-size-main-display-5000-mah-battery-capacity-pta-approved-official-one-year-brand-warranty-i927336715.html,,false,[],Weight Unknown,[27499.0],daraz.pk/daraz__galaxy-a07-4gb-ram-64gb-rom-67-size-main-display-5000-mah-battery-capacity-pta-approved-official-one-year-brand-warranty-i927336715.html.json,d883e6b7629a8b494da0ae36fc178f565175e1cd2a07a66e3dc697273e5db5fe,0.37500
ae76d26b389426d776109c6a68be2f4771bb0cc99d5d28af14c285cf6d341ea4,2026-08-15T13:18:22+00:00,"GALAXY A07 6GB RAM 128GB ROM 6.7"" Size Main Display 5000 mAh Battery Capacity PTA Approved Official One Year Brand Warranty",https://www.daraz.pk/products/galaxy-a07-6gb-ram-128gb-rom-67-size-main-display-5000-mah-battery-capacity-pta-approved-official-one-year-brand-warranty-i927366164.html,,false,[],Weight Unknown,[38499.0],daraz.pk/daraz__galaxy-a07-6gb-ram-128gb-rom-67-size-main-display-5000-mah-battery-capacity-pta-approved-official-one-year-brand-warranty-i927366164.html.json,07d4cc17ab1473c43039eee65bf8105afe40ff5b1cfe96c2a9472b9841d92493,0.37500
059352853671cf265dfe7298c09f2d1fba1884a9cf3dd6394315ef4f1e60be85,2026-08-15T12:08:13+00:00,"Galaxy A56 5G 12GB RAM 256GB ROM 6.7"" Super AMOLED Display 5000mAh Battery PTA APPROVED OFFICIAL BRAND WARRANTY",https://www.daraz.pk/products/galaxy-a56-5g-12gb-ram-256gb-rom-67-super-amoled-display-5000mah-battery-pta-approved-official-brand-warranty-i772724538.html,,false,[],Weight Unknown,[150999.0],daraz.pk/daraz__galaxy-a56-5g-12gb-ram-256gb-rom-67-super-amoled-display-5000mah-battery-pta-approved-official-brand-warranty-i772724538.html.json,5815f743679149faa70bfdf6bcb698a622ab42e758d07c1f54a1dd078d249844,0.37500
01e4fec8556aedd840b5b7c325434a3cff931a90faebd9ae9d7856ecfd9cdb37,2026-08-15T14:53:17+00:00,"Galaxy A56 5G 8GB RAM 256GB ROM 6.7"" Super AMOLED Display 5000mAh Battery PTA APPROVED OFFICIAL BRAND WARRANTY",https://www.daraz.pk/products/galaxy-a56-5g-8gb-ram-256gb-rom-67-super-amoled-display-5000mah-battery-pta-approved-official-brand-warranty-i772759935.html,,false,[],Weight Unknown,[139999.0],daraz.pk/daraz__galaxy-a56-5g-8gb-ram-256gb-rom-67-super-amoled-display-5000mah-battery-pta-approved-official-brand-warranty-i772759935.html.json,66247b832a373cc178edb773d4dbd6b4764888d4819ed72ec97d614e7f6a1978,0.37500
bb589501878808f3e90029285b379446cccff04cbde3ec5b245b2c625fd2e1ec,2026-08-15T11:05:57+00:00,G'FIVE 4G Style (a smartphone brand/model).,https://www.daraz.pk/products/gfive-4g-style-a-smartphone-brandmodel-i1947724535.html,,false,[],Weight Unknown,[9600.0],daraz.pk/daraz__gfive-4g-style-a-smartphone-brandmodel-i1947724535.html.json,668dc321740a31b23484d74e74c0f062f802201c83c5a26aeb9df5efd81f16e3,0.12500
cf3a79d2f4b3fe5bee39e31900c7a1b2fa489953be29c185f3878676b9682e86,2026-08-15T13:09:06+00:00,"GFIVE G7610 - 2.8"" Inch Display - 35000 mAH Battery - Dual Sim - Grey",https://www.daraz.pk/products/gfive-g7610-28-inch-display-35000-mah-battery-dual-sim-grey-i920342251.html,,false,[],Weight Unknown,[5034.0],daraz.pk/daraz__gfive-g7610-28-inch-display-35000-mah-battery-dual-sim-grey-i920342251.html.json,33837436c26beac4ddd70f9325c43f1798b9d18ca90a9652960b424a8a4e4d05,0.20833
b596f193426d5d0e8d1fd726f54b4d2be1eb20140ab4459d5e0bcfcfc91c0b5d,2026-08-15T14:40:37+00:00,Carrefour Tecno Mobile spark GO3 4+128GB Black - 308250,https://www.daraz.pk/products/go3-4128gb-308250-i1957636808.html,,false,[],Weight Unknown,[33499.0],daraz.pk/daraz__go3-4128gb-308250-i1957636808.html.json,b608727718258ed3c65c6211fa315c10afb19202de3a781e1924ad92f117aeab,0.12500
759825f56967cdd34f27293966525d39d86962b5c15b72e2b9e5e4fc48394c2b,2026-08-15T15:19:23+00:00,Carrefour Tecno Mobile spark GO3 4+128GB Blue - 308253,https://www.daraz.pk/products/go3-4128gb-308253-i1957628883.html,,false,[],Weight Unknown,[33499.0],daraz.pk/daraz__go3-4128gb-308253-i1957628883.html.json,a25a09270a0d4103fbc67d1a1edbcd595ea4fd6b2693673e392a25f02bd2441c,0.12500
1b29338a9ab187eeeff1640d90a7a813aee2c7db41429cedfb09d5d0e3b118ee,2026-08-15T09:43:21+00:00,Google Pixel 4A 5G - 6GB /128GB - 3885mAh Battery - Official PTA Approved,https://www.daraz.pk/products/google-pixel-4a-5g-6gb-128gb-3885mah-battery-official-pta-approved-i395968395.html,,false,[],Weight Unknown,[65400.0],daraz.pk/daraz__google-pixel-4a-5g-6gb-128gb-3885mah-battery-official-pta-approved-i395968395.html.json,7b3e2a683546293c1a2548354e12c39fa3d20bfd64517cfcbfef4b21293703fa,0.37500
e5895aef89e6c5ac6709e13eb02f2f2a363a599ff54a0d8f15a3eadf099631e7,2026-08-15T14:27:09+00:00,Google pixel 7/7a/7pro magsafe case,https://www.daraz.pk/products/google-pixel-77a7pro-magsafe-case-i1961460555.html,,false,[],Weight Unknown,[4350.0],daraz.pk/daraz__google-pixel-77a7pro-magsafe-case-i1961460555.html.json,983b5205a73846cfd129abb665aa2034868a849a00c5f3de390d662310292462,0.12500
d6001933fee5de50ec54785697be1419a13606b6354fa411f29ef4542569dc04,2026-08-15T13:22:03+00:00,Google pixel 7/7a/7pro magsafe case,https://www.daraz.pk/products/google-pixel-77a7pro-magsafe-case-i1961462478.html,,false,[],Weight Unknown,[2900.0],daraz.pk/daraz__google-pixel-77a7pro-magsafe-case-i1961462478.html.json,dcd3e33bdbcb19341bce52de8cde51a955c57849a6324b1a9395924daf4f168d,0.12500
3e914a16c5aff00e5c009c6d42ecd177367e560a86fe905a5bc29989621a50f6,2026-08-15T14:25:54+00:00,Google Pixel 7A Cover New Ultra Thin Soft Tpu Silicon Dust Proof Transparent Clear Cover,https://www.daraz.pk/products/google-pixel-7a-cover-new-ultra-thin-soft-tpu-silicon-dust-proof-transparent-clear-cover-i1960769274.html,,false,[],Weight Unknown,[1448.0],daraz.pk/daraz__google-pixel-7a-cover-new-ultra-thin-soft-tpu-silicon-dust-proof-transparent-clear-cover-i1960769274.html.json,906aa0fe5487f9a849e961284f7fee057914bb01796112d932f6f9651ec23cb7,0.12500
4990f0150d106ade8b559480971df14fd9bc7a03221b9b0acaa542f4071e16c9,2026-08-15T14:35:58+00:00,Infinix GT 50 Pro - 12GB RAM 256GB ROM 6.78'' Amoled Display 6500mAh Battery 5G PTA Approved 1 Year Official Brand Warranty,https://www.daraz.pk/products/gt-50-12gb-256gb-1-mah-5g-pta-1-i1960384534.html,,false,[],Weight Unknown,[179999.0],daraz.pk/daraz__gt-50-12gb-256gb-1-mah-5g-pta-1-i1960384534.html.json,1085a382a4b4a1448e49866bafbe4cc5f9e6b2edb837b950923bce69457a2299,0.37500
7e2e0f18fd9c6f8259c64e6c27f7956bfc45de8ea3532d5e901f2c27625572ab,2026-08-15T11:07:20+00:00,Infinix GT 50 Pro 12GB RAM 256GB ROM 6500 mAh Battery Health Front Camera 13 MP Back Camera 50MP One Year Brand Warranty,https://www.daraz.pk/products/gt-50-12gb-256gb-13-mp-50mp-i1961874297.html,,false,[],Weight Unknown,[280000.0],daraz.pk/daraz__gt-50-12gb-256gb-13-mp-50mp-i1961874297.html.json,734c59182876871d389cb4f4bc7792c0f3a1a982bf77d1a69aed312afec6dcea,0.41667
435a3c66da621efc8c35c020414ff0d0a9d4cd1e51f8dc0841286ff15d570adf,2026-08-15T11:24:43+00:00,Infinix GT 50 Pro - 6.78 Inches Display - 12GB RAM 256GB ROM - 13MP Front Camera - 50MP+8MP Rear Camera - Dual SIM - 6500mAh Battery,https://www.daraz.pk/products/gt-50-678-12gb-256gb-13mp-50mp-8mp-6500mah-i1966046217.html,,false,[],Weight Unknown,[181000.0],daraz.pk/daraz__gt-50-678-12gb-256gb-13mp-50mp-8mp-6500mah-i1966046217.html.json,51b444392967f0bdbb62dcec2c09c93e7fd6958e06ca9aa8a07a076d22344946,0.37500
83e1d736b9d59e8f75c7300a86274558e8caf2d58a789a0fb2ef8f7980444237,2026-08-15T11:43:09+00:00,Infinix GT 50 Pro - AMOLED LCD - 6.78 Inches Display - 12GB RAM 256GB ROM - 13MP Front Camera - 50MP+8MP Rear Camera - Dual SIM - 6500mAh Battery,https://www.daraz.pk/products/gt-50-lcd-678-12gb-256gb-13mp-50mp-8mp-6500mah-i1965569437.html,,false,[],Weight Unknown,[185000.0],daraz.pk/daraz__gt-50-lcd-678-12gb-256gb-13mp-50mp-8mp-6500mah-i1965569437.html.json,57c8f8beaa526df03918f5e64ad13c82d4e3cc958924ce16aa9aa4a743180fc4,0.41667
268807534627a5333061b1b5e2ac569279c4853e81b3e13054fcd319718ec7c7,2026-08-15T10:08:16+00:00,HMD 105 Pure Back Camera Battery 8001mAh One Year Brand Warranty,https://www.daraz.pk/products/hmd-105-8001mah-i932611847.html,,false,[],Weight Unknown,[5000.0],daraz.pk/daraz__hmd-105-8001mah-i932611847.html.json,48845a5f71bc103378e469cf898f541e1b78ed7dd8fe23297e7117681edc54e8,0.20833
be5e65828c46cfe5875383862fce0592a271065f6abc6e87c45b40a638c6ef67,2026-08-15T11:18:17+00:00,HMD 105 Pure 850mAh Battery | Wireless FM | Dual SIM | Long Battery Life | Torch | Strong Body | PTA Approved | Official Warranty,https://www.daraz.pk/products/hmd-105-pure-850mah-battery-wireless-fm-dual-sim-long-battery-life-torch-strong-body-pta-approved-official-warranty-i1960775235.html,,false,[],Weight Unknown,[4000.0],daraz.pk/daraz__hmd-105-pure-850mah-battery-wireless-fm-dual-sim-long-battery-life-torch-strong-body-pta-approved-official-warranty-i1960775235.html.json,bb7deb4cd7ab3e352002bdfd8f03fc7fb55e19edb057dbcc93aaef9a88ff52da,0.16667
de8b1a90f0296bf6fe497b5753feab7b36f8b0ced1b5d3a87e840717cf200bb6,2026-08-15T12:36:12+00:00,NOKIA HMD AURA 2 = 4GB + 4GB = 8GB RAM = 256GB ROM = 5000mAh BATTERY,https://www.daraz.pk/products/hmd-2-4gb-4gb-8gb-256gb-5000mah-i806964839.html,,false,[],Weight Unknown,[26999.0],daraz.pk/daraz__hmd-2-4gb-4gb-8gb-256gb-5000mah-i806964839.html.json,196c16995ca14682c835588e9543a365bab6dc82064087f2823149cef3480acc,0.58333
32db9d2747d638bbb5d531b4a13ff5af0feb2c5884b6f218b8b1338fccc3ba49,2026-08-15T12:31:50+00:00,NOKIA HMD AURA 2 = 4GB + 4GB = 8GB RAM = 256GB ROM = 5000mAh BATTERY,https://www.daraz.pk/products/hmd-2-4gb-4gb-8gb-256gb-5000mah-i826773278.html,,false,[],Weight Unknown,[26999.0],daraz.pk/daraz__hmd-2-4gb-4gb-8gb-256gb-5000mah-i826773278.html.json,196c16995ca14682c835588e9543a365bab6dc82064087f2823149cef3480acc,0.58333
b4dc7965ef4e4fb9682b67c2a08b87773d759884229954dc6c6f68b3eb6661c9,2026-08-15T14:43:42+00:00,NOKIA HMD KEY = 2GB RAM = 32GB ROM = 40001mAh BATTERY,https://www.daraz.pk/products/hmd-2gb-32gb-40001mah-i930049723.html,,false,[],Weight Unknown,[13999.0],daraz.pk/daraz__hmd-2gb-32gb-40001mah-i930049723.html.json,eed0db7aeae2f4a2d444298754b37d04956ebcb1b679eff93a0d245d957bd460,0.29167
5743f82ae75ab6f4167beb1d0a7a860372b6d20c058dd41069bd9ed9013a1d04,2026-08-15T13:57:41+00:00,NOKIA HMD ARC = 4GB RAM = 64GB ROM = 5000mAh BATTERY,https://www.daraz.pk/products/hmd-4gb-64gb-5000mah-i930055606.html,,false,[],Weight Unknown,[19699.0],daraz.pk/daraz__hmd-4gb-64gb-5000mah-i930055606.html.json,099a9c87651b9939aa3d4e727d4fb4e141a23d13873e2d8c563a13a4db324100,0.33333
610723cfff63bb99f3cc3a77c7f2b60d76eb1cf58773b9a3b79f700f86cb4284,2026-08-15T14:46:52+00:00,Honor Play 10,https://www.daraz.pk/products/honor-play-10-i926620864.html,,false,[],Weight Unknown,[20999.0],daraz.pk/daraz__honor-play-10-i926620864.html.json,d2cd6187762d23606d1c43c776a097501681d75288d8bbcb7297f1641ee8b541,0.33333
c1e45d16976043623e3982495adb6cc77c7ff0c5b6e3d95154d9e0bc2e9249b8,2026-08-15T13:07:25+00:00,HONOR X5b+,https://www.daraz.pk/products/honor-x5b-i888113445.html,,false,[],Weight Unknown,[26999.0],daraz.pk/daraz__honor-x5b-i888113445.html.json,e78f21c9493ad5d04f197008e6189928e7ec81bc1c75290ead87abe2ece21024,0.25000
0d17f7f69e45727db2896ac63c97133941d8f60d79aca717ecda620ced1d2f38,2026-08-15T10:11:50+00:00,HONOR X5c Plus - TFT LCD - 6.74 Inches Display - 4GB RAM 128GB ROM - 5MP Front Camera - 50MP Rear Camera - MediaTek Helio G81 - Dual SIM - 5260mAh Battery,https://www.daraz.pk/products/honor-x5c-plus-tft-lcd-674-4gb-ram-128gb-rom-5mp-50mp-mediatek-helio-g81-5260mah-i936920622.html,,false,[],Weight Unknown,[37000.0],daraz.pk/daraz__honor-x5c-plus-tft-lcd-674-4gb-ram-128gb-rom-5mp-50mp-mediatek-helio-g81-5260mah-i936920622.html.json,8c778048686a22999f2cca5a8dceccb2fe06da7411d68e1186cb47e74718bc6e,0.54167
724ba830b25c050f21424f9acf6888058b4abaa9d594235a068b5f56dee1f673,2026-08-15T10:16:38+00:00,"Honor X6c 6GB RAM 128GB & 256GB ROM 5300 mAh Battery Front Camera 5MP, f/2.2 Back Camera 50MP Main Camera (F1.8)+Auxiliary lens1 Year HONOR PK Warranty",https://www.daraz.pk/products/honor-x6c-6gb-ram-128gb-256gb-rom-5300-mah-5mp-f22-50mp-f18-1-honor-pk-i890978935.html,,false,[],Weight Unknown,[50000.0],daraz.pk/daraz__honor-x6c-6gb-ram-128gb-256gb-rom-5300-mah-5mp-f22-50mp-f18-1-honor-pk-i890978935.html.json,7d55df402e935f8ff432105033505f8e4b5e9e0b2855b77b6682a3fed101f302,0.45833
ea65785db43c1bbd2ee8c8b19270e72c324b08248e33590f3c604f29e48a455f,2026-08-15T12:52:31+00:00,HONOR X6c,https://www.daraz.pk/products/honor-x6c-i888061513.html,,false,[],Weight Unknown,[41999.0],daraz.pk/daraz__honor-x6c-i888061513.html.json,d6668b689ff9e85ad9796f46aec0d6478617ffab110ad24c63e045b65502b4ee,0.33333
3bc5c88ef441e898210849bb8a38a9ccc5066cb1af8f47a33c1b370459fd79d8,2026-08-15T10:20:41+00:00,Honor X6c - TFT LCD - 6.61 Inches Display - 6GB RAM 128GB/256GB ROM - 5MP Front Camera - 50MP Rear Camera - MediaTek Helio G81 Ultra - Dual SIM - 5300mAh Battery,https://www.daraz.pk/products/honor-x6c-tft-lcd-661-6gb-ram-128gb256gb-rom-5mp-50mp-mediatek-helio-g81-ultra-5300mah-i894328456.html,,false,"[""Midnight Black"",""Ocean Cyan"",""Moonlight White""]",Weight Unknown,[52000.0],daraz.pk/daraz__honor-x6c-tft-lcd-661-6gb-ram-128gb256gb-rom-5mp-50mp-mediatek-helio-g81-ultra-5300mah-i894328456.html.json,9121a4b9ec07df06a2ae919cddf60cbd50914bc231d56d5b7a86cc30b7c3e41a,0.66667
e0ad5eac31bee24567bf28bd46b8d7b4158b2bc4ced5e783a38f748432795de8,2026-08-15T13:41:37+00:00,Honor X7C,https://www.daraz.pk/products/honor-x7c-i887982113.html,,false,[],Weight Unknown,[47999.0],daraz.pk/daraz__honor-x7c-i887982113.html.json,7e754a7ffb09a6dbe93202a8075febfe83bc9d067178abcf2ed4bb2c6cc03b67,0.29167
d42fdc7ec43695a787f0a9f172cf85647643b69dad51d7a355f0bad6860f0fd8,2026-08-15T10:23:47+00:00,Honor X8d - 6.77 Inches Display - 8GB RAM 256GB ROM - 16MP Front Camera - 108MP+16MP Rear Camera - Dual SIM - 7000mAh Battery,https://www.daraz.pk/products/honor-x8d-677-8gb-ram-256gb-rom-16mp-108mp16mp-7000mah-i1950653846.html,,false,[],Weight Unknown,[81000.0],daraz.pk/daraz__honor-x8d-677-8gb-ram-256gb-rom-16mp-108mp16mp-7000mah-i1950653846.html.json,abd1b466bfcdb98d10840a01d29046c6b56de6b309b928f5ee87af354e2f77e7,0.41667
70489d5ca0dd0e3015ca49a7069011255fe059fc2075fadde706306b817a8e9a,2026-08-15T14:22:37+00:00,"Honor X8d 8GB RAM 256GB ROM, 108MP Main Camera, 7000 mAh Battery with One Year Brand Warranty",https://www.daraz.pk/products/honor-x8d-8gb-ram-256gb-rom-108mp-7000-mah-i1948475388.html,,false,[],Weight Unknown,[79999.0],daraz.pk/daraz__honor-x8d-8gb-ram-256gb-rom-108mp-7000-mah-i1948475388.html.json,034b7c2feef5498a033f1846ea8cd3beee0497674838026cf217f70d9001e879,0.41667
99966695ab10a5fb63359af90f65b8d887862356eb5c95e22260f7a0d3ba1d56,2026-08-15T10:02:51+00:00,Honor X8d - AMOLED LCD - 6.77 Inches Display - 8GB RAM 256GB ROM - 16MP Front Camera - 108MP+16MP Rear Camera - Dual SIM - 7000mAh Battery,https://www.daraz.pk/products/honor-x8d-amoled-lcd-677-8gb-ram-256gb-rom-16mp-108mp16mp-7000mah-i1950677679.html,,false,"[""Black"",""Gray"",""Blue""]",Weight Unknown,[81000.0],daraz.pk/daraz__honor-x8d-amoled-lcd-677-8gb-ram-256gb-rom-16mp-108mp16mp-7000mah-i1950677679.html.json,07a03ed60546e2d4c503b4ee37ab6382cb1a015a9bed7d2e3b5e57684f56aa9b,0.66667
818e30901f60309603b26c070fdc903157351796fa2da1d1100c5b6584c85ebe,2026-08-15T11:09:56+00:00,Honor X8d - AMOLED LCD - 6.77 Inches Display - 8GB RAM 256GB ROM - 16MP Front Camera - 108MP+16MP Rear Camera - Snapdragon 6s 4G Gen 2 - Dual SIM - 7000mAh Battery,https://www.daraz.pk/products/honor-x8d-amoled-lcd-677-8gb-ram-256gb-rom-16mp-108mp16mp-snapdragon-6s-4g-gen-2-7000mah-i1950653857.html,,false,"[""Black"",""Gray"",""Blue""]",Weight Unknown,[80000.0],daraz.pk/daraz__honor-x8d-amoled-lcd-677-8gb-ram-256gb-rom-16mp-108mp16mp-snapdragon-6s-4g-gen-2-7000mah-i1950653857.html.json,4c7bd3c211ebeb9427d4371d010f2e7ec294fc50cf31482c484b21ced86a3e35,0.66667
48411736774b22e46b773bc5cac709b83d950f7696e2e520ed099a4a2180f3b6,2026-08-15T14:52:18+00:00,HONOR X9C 5G,https://www.daraz.pk/products/honor-x9c-5g-i912344506.html,,false,[],Weight Unknown,[99999.0],daraz.pk/daraz__honor-x9c-5g-i912344506.html.json,e85ef2e1194d74f459686e4bcd7b72e566b2a5cfbafe127cc524efbf5dfa4ff6,0.41667
6f4f20ba60e917b9942591b82cd5dc6add54dfd48809e093ab630137f80c3fac,2026-08-15T12:46:27+00:00,"Honor X9D (5G) 12GB RAM 256GB ROM, 108MP Main Camera, 8300 mAh Battery with One Year Brand Warranty",https://www.daraz.pk/products/honor-x9d-5g-12gb-ram-256gb-rom-108mp-8300-mah-i1947490551.html,,false,[],Weight Unknown,[138000.0],daraz.pk/daraz__honor-x9d-5g-12gb-ram-256gb-rom-108mp-8300-mah-i1947490551.html.json,963bcda565918edc478275a57eeeb114d0a0984f07240eb188f2a118af3f2ef9,0.41667
efd6e9c5695c091d11edd85d95aa7e260ea15246102a4405dc4abe2af3f2792d,2026-08-15T15:13:14+00:00,Honor X9D 5G,https://www.daraz.pk/products/honor-x9d-5g-i1947896164.html,,false,[],Weight Unknown,[138599.0],daraz.pk/daraz__honor-x9d-5g-i1947896164.html.json,43f4025533a9b89f6e791d04beacea32369cd14ac79d3e2da36e30d97e19449d,0.45833
802df5266fc2fb7ed4f78595828a804935a651910c3414333a3208e2d8c7c833,2026-08-15T13:06:38+00:00,Huawei Honor 8 - 4gb / 64gb - PTA Approved,https://www.daraz.pk/products/huawei-honor-8-4gb-64gb-pta-i1949762746.html,,false,[],Weight Unknown,[17500.0],daraz.pk/daraz__huawei-honor-8-4gb-64gb-pta-i1949762746.html.json,4427272dbd47ed2bb942d901a88647a1d3ca3ccbfa6f143392f06f03da3e3fb9,0.33333
88fe841d9cc0f281911490596315e02b811953f922076ef3b28beb078664e0c9,2026-08-15T12:14:48+00:00,imported vivo y19// imported phone // 8 gb ram / 128 gb rom // Dual sim // Online server approved// 5000 mah battery// 16 mp camera,https://www.daraz.pk/products/imported-vivo-y19-imported-phone-8-gb-ram-128-gb-rom-dual-sim-online-server-approved-5000-mah-battery-16-mp-camera-i578843796.html,,false,[],Weight Unknown,[24999.0],daraz.pk/daraz__imported-vivo-y19-imported-phone-8-gb-ram-128-gb-rom-dual-sim-online-server-approved-5000-mah-battery-16-mp-camera-i578843796.html.json,5d11334f2a02d5cb952595dc83b1fabbff2e09c0e1448684a3aff310368bf2fd,0.45833
8e69c26687e8c62f568d47545a6439738d2fab1ff9d172622888809e61013e7c,2026-08-15T10:52:25+00:00,*Infinix All Round Charger* adapter,https://www.daraz.pk/products/infinix-all-round-charger-adapter-i1961468396.html,,false,[],Weight Unknown,[580.0],daraz.pk/daraz__infinix-all-round-charger-adapter-i1961468396.html.json,dd44913859758200d3882a7871eaa2b85f08cb41f222a9876749108ad5baa3d9,0.12500
b6e760b4890fef8e3f5caf8ac17f979cfbaaf3b4be595c70a2e744a875079297,2026-08-15T10:07:48+00:00,Infinix GT 50 Pro 12GB / 256GB,https://www.daraz.pk/products/infinix-gt-50-pro-12gb-256gb-i1957420204.html,,false,[],Weight Unknown,[179999.0],daraz.pk/daraz__infinix-gt-50-pro-12gb-256gb-i1957420204.html.json,3763049dfe39087eb29c14c82a174659ae5c95664b1c76210e43dcc5d580794c,0.41667
f62936a499675b8a4f6abcd008d04610eecb341ad66235c71f3239ad8c4379bd,2026-08-15T09:59:21+00:00,infinix ho 20i -6.6 inch Display -4GB RAM /Rom 64 gb .Dual sim,https://www.daraz.pk/products/infinix-ho-20i-66-inch-display-4gb-ram-rom-64-gb-dual-sim-i399119569.html,,false,[],Weight Unknown,[44500.0],daraz.pk/daraz__infinix-ho-20i-66-inch-display-4gb-ram-rom-64-gb-dual-sim-i399119569.html.json,af583f543addd32c6543e4bad3879edc8bba378c83f6c31064da91988dca4bea,0.20833
ddf110cccf85d0b8edae6c409d97a65cc36d1bd433ce3fef584e558b3af0ca60,2026-08-15T11:29:32+00:00,"Infinix Hot 60 Pro 8GB RAM 128GB ROM | 6.78"" AMOLED 144Hz | 50MP Camera | 5160mAh 45W Fast Charging | Android 15 XOS 15.1 | Gorilla Glass 7i",https://www.daraz.pk/products/infinix-hot-60-pro-8gb-ram-128gb-rom-678-amoled-144hz-50mp-5160mah-45w-15-151-7i-i898602130.html,,false,"[""Sleek Black"",""Titanium Silver"",""Coral Tides"",""Sapphire Blue"",""Jungle Breath"",""Orange Rose Valley""]",Weight Unknown,[85999.0],daraz.pk/daraz__infinix-hot-60-pro-8gb-ram-128gb-rom-678-amoled-144hz-50mp-5160mah-45w-15-151-7i-i898602130.html.json,560a77b5ca2d095b9048d9a48e2e9e8cbaf85a85e6a2d5df66c5fcb69184c0e0,0.70833
8b6ab15af2ad54fd103fa19f2271ce8a1018055d7b45198fa05b9c399097962f,2026-08-15T12:24:09+00:00,Infinix Hot 60 Pro 8GB+128GB - PTA APPROVED,https://www.daraz.pk/products/infinix-hot-60-pro-8gb128gb-pta-approved-i916122027.html,,false,[],Weight Unknown,[77999.0],daraz.pk/daraz__infinix-hot-60-pro-8gb128gb-pta-approved-i916122027.html.json,94a278b1162ef3500662450f311c0b5ee2e4cce53fd8d372bd91578a200e5ea5,0.25000
dcdd8f73d223b415c19ba2c80a3c286e5a7cc85217f7cbed15dada4dbe12483f,2026-08-15T11:58:07+00:00,Infinix Hot 60 Pro - AMOLED LCD - 6.78 Inches Display - 8GB RAM 128GB ROM - 13MP Front Camera - 50MP Rear Camera - Dual SIM - 5160mAh Battery,https://www.daraz.pk/products/infinix-hot-60-pro-amoled-lcd-678-8gb-ram-128gb-rom-13mp-50mp-5160mah-i912618115.html,,false,"[""Titanium Silver"",""Sapphire Blue""]",Weight Unknown,[77000.0],daraz.pk/daraz__infinix-hot-60-pro-amoled-lcd-678-8gb-ram-128gb-rom-13mp-50mp-5160mah-i912618115.html.json,d7f83d3d356ae635766efaf244dec3400c195f495a1a961bd9da97695fbeefea,0.66667
6980e36c6db888267439b907c51d12594409800be7924d67dae41f5ccd96b57c,2026-08-15T12:21:00+00:00,Infinix Hot 60 Pro Plus 8GB+256GB PTA APPROVED,https://www.daraz.pk/products/infinix-hot-60-pro-plus-8gb256gb-pta-approved-i916094949.html,,false,[],Weight Unknown,[69999.0],daraz.pk/daraz__infinix-hot-60-pro-plus-8gb256gb-pta-approved-i916094949.html.json,5a7ad2d37ced0c22d1c40d60177e9bc7e965a217b3237969ba107c6c4a741dc8,0.25000
7b9c444fc893382cdef52621f9d2886b2d8b6df1431c6d8de6f247d541fd2cec,2026-08-15T10:26:28+00:00,Infinix Hot 60i | 6 + 128 GB,https://www.daraz.pk/products/infinix-hot-60i-6-128-gb-i948261810.html,,false,"[""Sleek Black"",""Titanium Silver"",""Shadow Blue"",""Neon Red"",""Meadow Green"",""Soul Eye Purple""]",Weight Unknown,[52200.0],daraz.pk/daraz__infinix-hot-60i-6-128-gb-i948261810.html.json,b636f0e22ddfb41189c5bd16ced88309901b1c68a7f19749f322ea4a5c1353a5,0.70833
9ff53e0c953f413dcd0407198aacd950b656bbbf3f802204aa4bbbc82572dcfd,2026-08-15T11:58:18+00:00,Infinix Hot 60i - 6.7 Inches Display - 6GB RAM 128GB ROM - 8MP Front Camera - 50MP Rear Camera - Dual SIM - 5160mAh Battery,https://www.daraz.pk/products/infinix-hot-60i-67-6gb-ram-128gb-rom-8mp-50mp-5160mah-i912611245.html,,true,[],Weight Unknown,[60000.0],daraz.pk/daraz__infinix-hot-60i-67-6gb-ram-128gb-rom-8mp-50mp-5160mah-i912611245.html.json,077da5e59564d3674b39a56e29acae8d6599a6de69530f100fae46112d5bb47b,0.58333
e79f3004a562bd735aca278937d9edd375c4d0c493531732055b160a1e835092,2026-08-15T10:44:36+00:00,Infinix Hot 60i - 6.7 Inches Display - 6GB RAM 128GB ROM - 8MP Front Camera - 50MP Rear Camera - Dual SIM - Helio G81 Ultimate Chispet - 5160mAh Battery,https://www.daraz.pk/products/infinix-hot-60i-67-6gb-ram-128gb-rom-8mp-50mp-helio-g81-ultimate-chispet-5160mah-i912572671.html,,false,"[""Titanium Silver"",""Shadow Blue""]",Weight Unknown,[62000.0],daraz.pk/daraz__infinix-hot-60i-67-6gb-ram-128gb-rom-8mp-50mp-helio-g81-ultimate-chispet-5160mah-i912572671.html.json,fae6bf245db4866347f6a1ac9efd01fc9284b5f31849e663d0591489770f5bfc,0.66667
0b5006bc254bf1d5ca367c7ba04362be0e5396b2f7c57d95612603782203648c,2026-08-15T10:56:01+00:00,"Infinix Hot 60i 6GB RAM+128GB ROM 50 MP Rear + 8 MP Camera-Octa-core Mediatek Mali-G81 MC2 6.7"" Inches LED + Display - battery 45W",https://www.daraz.pk/products/infinix-hot-60i-6gb-ram128gb-rom-50-mp-8-mp-g81-mc2-67-45w-i1964196846.html,,false,[],Weight Unknown,[62699.0],daraz.pk/daraz__infinix-hot-60i-6gb-ram128gb-rom-50-mp-8-mp-g81-mc2-67-45w-i1964196846.html.json,899ec51e950bb9ee3f1329ce61ba295169f07b260ea3502183b2cac06c3e23b2,0.45833
f028bae48ae8d6675fc67077279e715e07f6f850266a4340360391f0e7a02baa,2026-08-15T12:45:12+00:00,Infinix Hot 60i 6GB+128GB PTA APPROVED,https://www.daraz.pk/products/infinix-hot-60i-6gb128gb-pta-approved-i916102582.html,,false,[],Weight Unknown,[58999.0],daraz.pk/daraz__infinix-hot-60i-6gb128gb-pta-approved-i916102582.html.json,f4832166fa6075e1f87add948a579de5f4a7a89d5be367f643d53490b667424c,0.20833
d08b6066fd26e136b4f3e03a060f37296ebef50ff827c75681bbbdf03215a34e,2026-08-15T10:07:32+00:00,Infinix Hot 70 6GB/128GB,https://www.daraz.pk/products/infinix-hot-70-6gb128gb-i1967343206.html,,false,[],Weight Unknown,[59999.0],daraz.pk/daraz__infinix-hot-70-6gb128gb-i1967343206.html.json,4f3641a52c4b1814c2aa29ffd08c50e8786c7f2d02d161066586463502f39c33,0.12500
89899a4f957f296fda25ed4dc6e4d185c751f54fc61cfded1979470d6b8cc61c,2026-08-15T10:12:46+00:00,Infinix Hot 70 Pro 5G,https://www.daraz.pk/products/infinix-hot-70-pro-5g-i1966066276.html,,false,[],Weight Unknown,[84999.0],daraz.pk/daraz__infinix-hot-70-pro-5g-i1966066276.html.json,fa6dbcf75aca9ff571defb519e7f91640e1af96ad539b85a4e5b5a95aa66b416,0.12500
62f78a26238764fc1ce7cd631f89b5f6abebc25015dc449fb84b4c8d984ccc33,2026-08-15T11:38:06+00:00,"Infinix Note 60 - 6.78"" AMOLED Display - 8GB RAM + 256GB ROM - 50MP Camera - 6500mAh Battery - 45W Fast Charging - 1 Year Official Warranty",https://www.daraz.pk/products/infinix-note-60-678-amoled-8gb-ram-256gb-rom-50mp-6500mah-45w-1-i1957321883.html,,false,[],Weight Unknown,[114980.0],daraz.pk/daraz__infinix-note-60-678-amoled-8gb-ram-256gb-rom-50mp-6500mah-45w-1-i1957321883.html.json,42aa5bbe5b4c332211c1d0637cedb0665d5c6a86a4be21d6f74a4f812d1f00e7,0.45833
1cf2d0435051875fb2a51647878dec50580b2125f22e8fb27cca2d5ebbb97090,2026-08-15T11:51:37+00:00,Infinix Note 60 - 8Gb Ram / 256Gb Storage - Official PTA Approved With 1 Year Official Brand Warranty.,https://www.daraz.pk/products/infinix-note-60-8gb-256gb-1-i1950265099.html,,false,"[""Mist Titanium"",""Midnight Black"",""Fizz Blue"",""Rose Gold"",""Mocha Brown""]",Weight Unknown,[115999.0],daraz.pk/daraz__infinix-note-60-8gb-256gb-1-i1950265099.html.json,aec34ffa617f7c950b47368445d9c3f54e2d0f5d8cbc599347ab118f7f8541cc,0.70833
35d0ab7e658869481a53e665e3d3039b77b3d7226aac16d9f16c7dcf19fe1939,2026-08-15T09:39:41+00:00,Infinix Note 60 8GB+256GB,https://www.daraz.pk/products/infinix-note-60-8gb256gb-i1950431843.html,,false,[],Weight Unknown,[104999.0],daraz.pk/daraz__infinix-note-60-8gb256gb-i1950431843.html.json,b9cb3680f6f5e3f98456633b3ff6016076da4372d0773f25cf89d15da2f547ce,0.37500
9c7c9e5b4efd45994c23d629e976d476176d5acb90e9f3da6aa74e9f0c6fee04,2026-08-15T11:42:10+00:00,Infinix Note 60 - AMOLED LCD - 6.78 Inches Display - 8GB RAM 256GB ROM - 13MP Front Camera - 50MP+8MP Rear Camera - Dual SIM -. 6500mAh Battery,https://www.daraz.pk/products/infinix-note-60-amoled-lcd-678-8gb-ram-256gb-rom-13mp-50mp8mp-6500mah-i1951431005.html,,false,"[""Mist Titanium"",""Midnight Black"",""Fizz Blue"",""Rose Gold"",""Mocha Brown""]",Weight Unknown,[110000.0],daraz.pk/daraz__infinix-note-60-amoled-lcd-678-8gb-ram-256gb-rom-13mp-50mp8mp-6500mah-i1951431005.html.json,8fe3cb46052f5301e0fbcc78b02a1b0bf04c0b42aabeba7126d425730790528e,0.66667
ef10afa6bdc0da22020a9677b2a0c20789af13bf132978d262c9118258607fe4,2026-08-15T11:40:28+00:00,Infinix Note 60 - AMOLED LCD - 6.78 Inches Display - 8GB RAM 256GB ROM - 13MP Front Camera - 50MP+8MP Rear Camera - Dual SIM - Mediatek Dimensity 7400 Ultimate -.6500mAh Battery,https://www.daraz.pk/products/infinix-note-60-amoled-lcd-678-8gb-ram-256gb-rom-13mp-50mp8mp-mediatek-dimensity-7400-ultimate-6500mah-i1951634024.html,,false,[],Weight Unknown,[110000.0],daraz.pk/daraz__infinix-note-60-amoled-lcd-678-8gb-ram-256gb-rom-13mp-50mp8mp-mediatek-dimensity-7400-ultimate-6500mah-i1951634024.html.json,36699cf376de6d97eae339bd26b239bb7910daec6d66a40618b838a279e7a9e8,0.62500
86e152b600c4057e069ab28809718a966f91b52206db286aa30033df8a2cc302,2026-08-15T11:24:24+00:00,"Infinix Note 60 Pro 5G - 6.78"" 144Hz 1.5K AMOLED Display - 8GB RAM + 256GB ROM - Snapdragon 7s Gen 4 - 50MP Camera - 6500mAh Battery - 90W Fast Charging - 30W Wireless - 1 Year Official Brand Warranty",https://www.daraz.pk/products/infinix-note-60-pro-5g-678-144hz-15k-amoled-8gb-ram-256gb-rom-snapdragon-7s-gen-4-50mp-6500mah-90w-30w-1-i1957616968.html,,false,[],Weight Unknown,[134999.0],daraz.pk/daraz__infinix-note-60-pro-5g-678-144hz-15k-amoled-8gb-ram-256gb-rom-snapdragon-7s-gen-4-50mp-6500mah-90w-30w-1-i1957616968.html.json,15d84aeb63cb3d184b1db96731290be06adcd0a954107abce1069ae42890d99a,0.45833
767a355ad6a7b431dfcea1bbabf3ca932873625e28ac55255a911729291180e4,2026-08-15T09:40:23+00:00,Infinix Note 60 Pro 8GB / 256GB with Free Powerbank,https://www.daraz.pk/products/infinix-note-60-pro-8gb-256gb-with-free-powerbank-i1949539367.html,,false,[],Weight Unknown,[120999.0],daraz.pk/daraz__infinix-note-60-pro-8gb-256gb-with-free-powerbank-i1949539367.html.json,f60c1bad2643c98268a82245f3cec5326e8c6ae2b2fde3ae57d964564e9fdce3,0.37500
b1ce14a065997123dd0a2f652644e26051c21aea79653dad461bda94b2c883e3,2026-08-15T11:38:26+00:00,Infinix Note 60 Pro - AMOLED LCD - 6.78 Inches Display - 8GB RAM 256GB ROM - 13MP Front Camera - 50MP + 8MP Rear Camera - Dual SIM - 6500mAh Battery,https://www.daraz.pk/products/infinix-note-60-pro-amoled-lcd-678-8gb-ram-256gb-rom-13mp-50mp-8mp-6500mah-i1950585167.html,,false,"[""Mist Titanium"",""Deep Ocean Blue"",""Solar Orange""]",Weight Unknown,[130000.0],daraz.pk/daraz__infinix-note-60-pro-amoled-lcd-678-8gb-ram-256gb-rom-13mp-50mp-8mp-6500mah-i1950585167.html.json,cad342f02fce3f6f11e40c533eb73249c2218636a3da5bf7792688a011f6e539,0.66667
7b9c20d305a945340a81ac3042aa1a2a608ffb7c824016098d8158e585fd0bf6,2026-08-15T11:04:34+00:00,Infinix Note 60 Pro - AMOLED LCD - 6.78 Inches Display - 8GB RAM 256GB ROM - 13MP Front Camera - 50MP + 8MP Rear Camera - Snapdragon 7s Gen 4 (5G) - Dual SIM - 6500mAh Battery,https://www.daraz.pk/products/infinix-note-60-pro-amoled-lcd-678-8gb-ram-256gb-rom-13mp-50mp-8mp-snapdragon-7s-gen-4-5g-6500mah-i1950646940.html,,false,[],Weight Unknown,[130000.0],daraz.pk/daraz__infinix-note-60-pro-amoled-lcd-678-8gb-ram-256gb-rom-13mp-50mp-8mp-snapdragon-7s-gen-4-5g-6500mah-i1950646940.html.json,db784945e51b54f2a7a155dcb4930f9703a57b4d37741f8ff5ac5a3e55dc8384,0.62500
0fc926244deed179bf61e49267629118c7659e9220634c80abb21d309920f989,2026-08-15T10:04:17+00:00,Infinix Note Edge 5G 256GB - 8GB RAM 6500 mAH battery 6.78 inches Display 50 MP Back Camera Powered by Android™ 16 Corning Gorilla Glass 7i,https://www.daraz.pk/products/infinix-note-edge-5g-256gb-8gb-ram-6500-mah-678-50-mp-16-7i-i1953631102.html,,false,[],Weight Unknown,[99999.0],daraz.pk/daraz__infinix-note-edge-5g-256gb-8gb-ram-6500-mah-678-50-mp-16-7i-i1953631102.html.json,6801dce8ab5e86fc73a880080b89ca0522fdadd78273ae0b68ebc39a0faf4127,0.37500
44eae48d90a3501332f711afc875493b116a64f8187cb77a9ad050e4a1662ce9,2026-08-15T10:10:53+00:00,Infinix Note Edge 5G - 6.78'' AMOLED Display 8GB RAM 256GB ROM 6500mAh Battery PTA Approved 1 Year Official Brand Warranty,https://www.daraz.pk/products/infinix-note-edge-5g-678-amoled-8gb-ram-256gb-rom-6500mah-pta-1-i1953689510.html,,false,[],Weight Unknown,[105980.0],daraz.pk/daraz__infinix-note-edge-5g-678-amoled-8gb-ram-256gb-rom-6500mah-pta-1-i1953689510.html.json,30b1057fda409f6a8b76bfd9d67a89e6f9c6543a49539e6db735c45aae1f0cd1,0.37500
d97475117eb07bbee4abf38e5e75be1b6c47a1c122920885cf3fda14314269fe,2026-08-15T09:24:45+00:00,Infinix Note Edge 8GB / 256GB,https://www.daraz.pk/products/infinix-note-edge-8gb-256gb-i1952702462.html,,false,[],Weight Unknown,[94999.0],daraz.pk/daraz__infinix-note-edge-8gb-256gb-i1952702462.html.json,82f26890b365effafb43041fac7314b0b03e54fb45e7ed437257006e546689b3,0.37500
b5ef403cdc8934383062bd682b5ba61459d4c09109cc02bc6d3f7e510f7df1bd,2026-08-15T11:51:16+00:00,"Infinix Note Edge 8GB RAM+256GB ROM 50 MP Rear + 13 MP Camera-Octa-core Mediatek Mali-G610 MC2 Processor 6.78"" Inches AMOLED + Display - Fast battery 45W",https://www.daraz.pk/products/infinix-note-edge-8gb-ram256gb-rom-50-mp-13-mp-g610-mc2-678-amoled-45w-i1963930862.html,,false,[],Weight Unknown,[99250.0],daraz.pk/daraz__infinix-note-edge-8gb-ram256gb-rom-50-mp-13-mp-g610-mc2-678-amoled-45w-i1963930862.html.json,4a711655b9fc93e3a2e0ff1d5512a8f80b8a5b4674251e1a9b7ab98c242ed9a0,0.45833
b2171e645bc211b9e725edfb8e36fd9cedf08b19941892bbc5e52acd06a234d2,2026-08-15T10:54:15+00:00,Infinix Note Edge - AMOLED LCD - 6.78 Inches Display - 8GB RAM 256GB ROM - 13MP Front Camera - 50MP Rear Camera - Dual SIM - 6500mAh Battery,https://www.daraz.pk/products/infinix-note-edge-amoled-lcd-678-8gb-ram-256gb-rom-13mp-50mp-6500mah-i1953697067.html,,false,[],Weight Unknown,[100000.0],daraz.pk/daraz__infinix-note-edge-amoled-lcd-678-8gb-ram-256gb-rom-13mp-50mp-6500mah-i1953697067.html.json,39609a04a35f3edbea77d506fabf4208e9291a42f3bab497a112b59abd72a92d,0.37500
de7bc301a7cf804387c7970bd3a1a16e0334589b09e19e2cf434460dccd259c6,2026-08-15T11:49:37+00:00,Infinix Note Edge - AMOLED LCD - 6.78 Inches Display - 8GB RAM 256GB ROM - 13MP Front Camera - 50MP Rear Camera - MediaTek Dimensity 7100 - Dual SIM - 6500mAh Battery,https://www.daraz.pk/products/infinix-note-edge-amoled-lcd-678-8gb-ram-256gb-rom-13mp-50mp-mediatek-dimensity-7100-6500mah-i1953683244.html,,false,[],Weight Unknown,[100000.0],daraz.pk/daraz__infinix-note-edge-amoled-lcd-678-8gb-ram-256gb-rom-13mp-50mp-mediatek-dimensity-7100-6500mah-i1953683244.html.json,6923c4263ae4e0fa0a965e9d05857c68d622a30a0c24874c0dc4c5e7e967a3f8,0.62500
c4fe46e0ed4d115227a9f50d0fb69bcc92deaf914fc8f4c6ada289cf4ee73127,2026-08-15T10:15:51+00:00,Infinix Smart 10 (4 GB + 64 GB) – 6.6″ HD+ | 5000 mAh | Dual Cam | Android 12 Go,https://www.daraz.pk/products/infinix-smart-10-4-gb-64-gb-66-hd-5000-mah-dual-cam-android-12-go-i948266641.html,,false,[],Weight Unknown,[36975.0],daraz.pk/daraz__infinix-smart-10-4-gb-64-gb-66-hd-5000-mah-dual-cam-android-12-go-i948266641.html.json,f4c2a8b536255e888fadf62e052720ca66c0292fcfb9e25daf2710bff043fe20,0.37500
10502af0bc205953d1f6d386fc807037b9735bda01c0e3f9cb25b4f59cd64ea9,2026-08-15T12:11:21+00:00,Infinix Smart 20 4GB / 128GB,https://www.daraz.pk/products/infinix-smart-20-4gb-128gb-i1957791130.html,,false,[],Weight Unknown,[41999.0],daraz.pk/daraz__infinix-smart-20-4gb-128gb-i1957791130.html.json,a0f3669f7060465137a96724dd453b11e1942327193cb0c4fde82c851e75e130,0.12500
d975a75de3f14841bf2ce96872ea490196fa54cbd63002580c976083cf4ad490,2026-08-15T09:17:09+00:00,Infinix Smart 20 4GB / 64GB,https://www.daraz.pk/products/infinix-smart-20-4gb-64gb-i1958170417.html,,false,[],Weight Unknown,[36999.0],daraz.pk/daraz__infinix-smart-20-4gb-64gb-i1958170417.html.json,7e50aeb2195e97e755455837fe00a7fc1029aaf1079dc00561142d58311e1844,0.12500
39a7f0c5df9ee69f002a71f693995857f14979166451e14115877b9d391865f9,2026-08-15T10:48:28+00:00,Infinix Smart 20 - 4GB RAM 128GB ROM 6.78'' Display 5200mAh Battery PTA Approved 1 Year Official Brand Warranty,https://www.daraz.pk/products/infinix-smart-20-4gb-ram-128gb-rom-678-5200mah-pta-1-i1958109343.html,,false,[],Weight Unknown,[49999.0],daraz.pk/daraz__infinix-smart-20-4gb-ram-128gb-rom-678-5200mah-pta-1-i1958109343.html.json,6466de7b3952311d89c42c07251194879582bbce6a34281c54eb3f700bff5567,0.45833
8b54ce745d8f35825077b814e929828f1be31828cd96aa6dabb7dce4f42979bc,2026-08-15T11:46:17+00:00,Infinix Smart 20 - 4GB RAM 64GB ROM 6.78'' Display 5200mAh Battery PTA Approved 1 Year Official Brand Warranty,https://www.daraz.pk/products/infinix-smart-20-4gb-ram-64gb-rom-678-5200mah-pta-1-i1958105653.html,,false,[],Weight Unknown,[44999.0],daraz.pk/daraz__infinix-smart-20-4gb-ram-64gb-rom-678-5200mah-pta-1-i1958105653.html.json,c254e6d09b313486d73d80aa534b71cf7d6679aaebb491263d2d0b47e3e26b81,0.45833
2a49061dd585892e1eb6ae667a8a74b8bd6231bc2c4b76c5f8dd0f007a170706,2026-08-15T10:28:39+00:00,Infinix Smart 20 - 4GB RAM 64GB ROM 6.78'' Display 5200mAh Battery PTA Approved 1 Year Official Brand Warranty,https://www.daraz.pk/products/infinix-smart-20-4gb-ram-64gb-rom-678-5200mah-pta-1-i1959150588.html,,false,[],Weight Unknown,[39999.0],daraz.pk/daraz__infinix-smart-20-4gb-ram-64gb-rom-678-5200mah-pta-1-i1959150588.html.json,e26dbbc7168d682ebd860e704bacbea1ff38c7745cb858488e419c3480de80a1,0.45833
ad850af27e2b14c299a18c683a7a31d86ec3ec7d0fbb4812cad1097e0c834c38,2026-08-15T11:14:39+00:00,"Infinix Smart 20 4GB RAM+64GB ROM 8 MP Rear + 8 MP Camera-Octa-core Mediatek Mali-G81 MC2 6.78"" Inches LED + Display - battery 15W",https://www.daraz.pk/products/infinix-smart-20-4gb-ram64gb-rom-8-mp-rear-8-mp-g81-mc2-678-15w-i1963537180.html,,false,[],Weight Unknown,[39299.0],daraz.pk/daraz__infinix-smart-20-4gb-ram64gb-rom-8-mp-rear-8-mp-g81-mc2-678-15w-i1963537180.html.json,019435c700d89a609fa7c70580f1aaceb0b1e4d38b1816f6596bc92473167fad,0.45833
763430d764d3ae9ab80c575eb5fe67d95bcb19b53cc2292ac3572ec3bb1ace69,2026-08-15T11:23:02+00:00,Infinix Smart 20 - 6.78 Inches Display - 4GB RAM 64GB/128GB ROM - 8MP Front Camera - 8MP Rear Camera - Mediatek Helio G81 Ultimate - Dual SIM - 5200mAh Battery,https://www.daraz.pk/products/infinix-smart-20-678-4gb-ram-64gb128gb-rom-8mp-8mp-mediatek-helio-g81-ultimate-5200mah-i1959110287.html,,false,[],Weight Unknown,[46000.0],daraz.pk/daraz__infinix-smart-20-678-4gb-ram-64gb128gb-rom-8mp-8mp-mediatek-helio-g81-ultimate-5200mah-i1959110287.html.json,83a0c8d6f48174da8c558eee95a5b7fc1ce120738a5d78701065c41fa1305e4a,0.54167
f243af23b9286f57690273f5b4728d196962f4dac64dfc435b8770e323284b72,2026-08-15T12:45:32+00:00,Infinix Smart 6 (3GB RAM 64GB ROM) Officail Pta Approved Original Non Active Pin Pack 1 Year Official Warranty,https://www.daraz.pk/products/infinix-smart-6-3gb-ram-64gb-rom-officail-pta-approved-original-non-active-pin-pack-1-year-official-warranty-i411227326.html,,false,[],Weight Unknown,[38999.0],daraz.pk/daraz__infinix-smart-6-3gb-ram-64gb-rom-officail-pta-approved-original-non-active-pin-pack-1-year-official-warranty-i411227326.html.json,e36335dcc9e1a15c5a32fc7eabeaa81c4700307ef730a95cf3fa449555502e80,0.41667
dec093affaa071a6ab62ec1761e66cec49f00ed01f40aa0424d9f22dd650fe71,2026-08-15T13:19:06+00:00,Iph 14promax Box Packing cable (Type c to iph) *27watt* *Magnetic Cable* 100% China original quality,https://www.daraz.pk/products/iph-14promax-box-packing-cabletype-c-to-iph-27watt-magnetic-cable100-china-original-quality-i1961464467.html,,false,[],Weight Unknown,[1015.0],daraz.pk/daraz__iph-14promax-box-packing-cabletype-c-to-iph-27watt-magnetic-cable100-china-original-quality-i1961464467.html.json,fface1967ade725344385c25bf41cde6b85c6b6d397c0857b51801453c9f7422,0.12500
6ea3e43be42933fb6c43f6beb4062625bf1ecf9ccbbc26d0977abb143c8ff8bb,2026-08-15T11:09:26+00:00,iPhone Air- 256GB,https://www.daraz.pk/products/iphone-air-256gb-i1957763410.html,,false,[],Weight Unknown,[428500.0],daraz.pk/daraz__iphone-air-256gb-i1957763410.html.json,97fef42c369c9f45a5e23882937105e74fa52a88e790e18a8363ca9d0e88de53,0.16667
59c8b4fff246c977a46a145ad88f72a9c3394293bdd8727235fab297f8ef3547,2026-08-15T15:30:32+00:00,iPhone Air- 512GB,https://www.daraz.pk/products/iphone-air-512gb-i1958136638.html,,false,[],Weight Unknown,[508500.0],daraz.pk/daraz__iphone-air-512gb-i1958136638.html.json,be43b29219f0142699a5beb8aac03b84021a5194b530edf2bde1affbba1429d3,0.16667
6375b3984bfdb6a76528ccb2a2dafb5d1e971369d83e113a347ee7a662a77803,2026-08-15T09:28:06+00:00,"Vivo Y19s 6GB+128GB , 6.68 inches IPS Display 90Hz, 5500 mAh - Battery charging 15W wired , Fingerprint (side-mounted)",https://www.daraz.pk/products/ips-90hz-6gb-128gb-y19s-15w-i631369161.html,,false,[],Weight Unknown,[67999.0],daraz.pk/daraz__ips-90hz-6gb-128gb-y19s-15w-i631369161.html.json,8ab6a5b7c929800f7a16d6a9a2bf4777e800400e5d9ffa45c24661e7f1845cc9,0.37500
af89407ec63759b1ce59e9d27d5329b6272421c4f29ab3ced7b1b034feaf4d43,2026-08-15T10:53:16+00:00,Itel A100 - 6.74 Inches Display - 4GB RAM 128GB ROM - 8MP Front Camera - 8MP Rear Camera - Unisoc T7250 Chipset - Dual SIM - 5000mAh Battery,https://www.daraz.pk/products/itel-a100-674-4gb-ram-128gb-rom-8mp-8mp-unisoc-t7250-5000mah-i924490588.html,,false,"[""Fresh Green"",""Star Titanium"",""Shadow Titanium""]",Weight Unknown,[35000.0],daraz.pk/daraz__itel-a100-674-4gb-ram-128gb-rom-8mp-8mp-unisoc-t7250-5000mah-i924490588.html.json,b11f295258dd2b3970eb31217f02d40765ff208f96575e59ed0b8b74c4a9120c,0.62500
1e5c0c5f3e84539f47022f32909684bf11167b15ff30cb7ba5f910958e59bbf2,2026-08-15T11:57:36+00:00,Itel A100 II 4Gb Ram 128Gb Rom II 5000mAh Battery,https://www.daraz.pk/products/itel-a100-ii-4gb-128gb-ii-5000mah-i934321366.html,,false,[],Weight Unknown,[36999.0],daraz.pk/daraz__itel-a100-ii-4gb-128gb-ii-5000mah-i934321366.html.json,8816bd7f6fc87e42729e06aa3bed0c9fcce4dcd082daba89497fdc06ec256317,0.33333
79ec30e43636cb725882efde075d1fdf06dc0701a7dc8efe8262f2bcd9c78ce2,2026-08-15T11:01:13+00:00,itel A100c - 4GB RAM 64GB ROM 6.56'' HD+ Display 500mAh Battery PTA Approved 1 Year Brand Warranty,https://www.daraz.pk/products/itel-a100c-4gb-ram-64gb-rom-656-hd-500mah-pta-1-i948464781.html,,false,"[""Blaze Blue"",""Pure Black"",""Silk Green"",""Titanium Gold""]",Weight Unknown,[32980.0],daraz.pk/daraz__itel-a100c-4gb-ram-64gb-rom-656-hd-500mah-pta-1-i948464781.html.json,0eac020890b51e4ed1c9fe6f88b599ab965a0f101ed15acd0633442c18971317,0.58333
7f11b30a4f3161adb53a252298aaae26b593d3c02ff5818293f86704960d5938,2026-08-15T14:50:20+00:00,itel A100C – 6.6″ 90Hz Display • Android 15 Go • 5000mAh Battery • Unisoc T7100 • 8MP Camera • 64/128GB Storage,https://www.daraz.pk/products/itel-a100c-66-90hz-display-android-15-go-5000mah-battery-unisoc-t7100-8mp-camera-64128gb-storage-i945806747.html,,false,[],Weight Unknown,[31999.0],daraz.pk/daraz__itel-a100c-66-90hz-display-android-15-go-5000mah-battery-unisoc-t7100-8mp-camera-64128gb-storage-i945806747.html.json,9a4b37130fa6b1989e2475013c20612d1c5f6bc3a94993a2092cf22523602bbf,0.33333
e70e3bfb0a1d3d5ce66476d852f7aaada3c749455c2f453a6978ffd30d17a2ed,2026-08-15T11:54:11+00:00,"ITEL A100C SPECIAL EDITION 3+128GB STORAGE , OFFICIAL PTA APPROVED WITH ONE YEAR BRAND WARRANTY",https://www.daraz.pk/products/itel-a100c-special-edition-3128gb-storage-official-pta-approved-with-one-year-brand-warranty-i1968794565.html,,false,[],Weight Unknown,[32000.0],daraz.pk/daraz__itel-a100c-special-edition-3128gb-storage-official-pta-approved-with-one-year-brand-warranty-i1968794565.html.json,8c3ed147be9c7d9cd4e3f1af8c40d9ef2e5ddcd60b8d35dbb722d0883552ada6,0.29167
f23df18f4612df73f0e4a2c345b26fd80d88138040f758defd22db2a21d00110,2026-08-15T10:59:55+00:00,itel A200 Plus - 6.75” HD+ 120Hz Sunlight Display - 3GB RAM 128GB ROM - 5MP Front Camera - 13MP Rear Camera - Dual SIM - 6000mAh Battery,https://www.daraz.pk/products/itel-a200-plus-675-hd-120hz-3gb-ram-128gb-rom-5mp-13mp-6000mah-i1965557742.html,,false,[],Weight Unknown,[33000.0],daraz.pk/daraz__itel-a200-plus-675-hd-120hz-3gb-ram-128gb-rom-5mp-13mp-6000mah-i1965557742.html.json,bd54dc2331cef2f2f7da569a5ea64484e8ef4f2795e73169b12f0ae254643487,0.33333
8059a862613536138c42b9c82dbc7881a3a151b9b24e343e3e6c550d90e06d63,2026-08-15T09:56:30+00:00,"itel A27 2/32GB , camera 5 mp, battery 4000 mAH",https://www.daraz.pk/products/itel-a27-232gb-camera-5-mp-battery-4000-mah-i411639155.html,,false,[],Weight Unknown,[20999.0],daraz.pk/daraz__itel-a27-232gb-camera-5-mp-battery-4000-mah-i411639155.html.json,43e1eb6f7dfff31b2cd64fa117ef4a1c51df03c496bdfcfe729e8f8806804615,0.25000
b0a2c9797e02ce4d811b4e62a509e6f77394ba0554076c990d8a6811f812d01f,2026-08-15T11:58:35+00:00,"Itel A50C 2GB Ram 64GB Rom 6.6"" Display 8MP Rear Camera 5000mAh Battery PTA Approved 1 Year Warranty",https://www.daraz.pk/products/itel-a50c-2gb-ram-64gb-rom-66-display-8mp-rear-camera-5000mah-battery-pta-approved-1-year-warranty-i888345389.html,,false,[],Weight Unknown,[30000.0],daraz.pk/daraz__itel-a50c-2gb-ram-64gb-rom-66-display-8mp-rear-camera-5000mah-battery-pta-approved-1-year-warranty-i888345389.html.json,fc7905e874f5c5bf1fd8505ac8747bc0461a6f8b58839ccb8578a621a695af6f,0.37500
5504d92447bd657892cf6b89a272094747b0020312202f0643892da878de84aa,2026-08-15T15:10:04+00:00,"itel A50C Special Edition | 4GB RAM + 64GB ROM | 6.6"" HD+ Dynamic Bar Display | 8MP AI Camera | 5MP Selfie Camera | 4000mAh Battery | Type-C Charging | Fingerprint & Face Unlock",https://www.daraz.pk/products/itel-a50c-4-64-66-8mp-ai-5mp-4000mah-i1960447486.html,,false,[],Weight Unknown,[24999.0],daraz.pk/daraz__itel-a50c-4-64-66-8mp-ai-5mp-4000mah-i1960447486.html.json,5f51fd8651ba82a387c4b0189b7bed086188ad4fda373315d4227f03c046c95c,0.29167
5a21c02907e4840f72fa6528384c855f471652cdf5a4edfdab3d203a29fb2806,2026-08-15T12:27:31+00:00,"Itel CITY 100 Smartphone - Ultra-Slim Unibody Design, Vibrant 90Hz Display, AI-Powered Camera, Android 14",https://www.daraz.pk/products/itel-city-100-smartphone-ultra-slim-unibody-design-vibrant-90hz-display-ai-powered-camera-android-14-i793755800.html,,false,[],Weight Unknown,[28999.0],daraz.pk/daraz__itel-city-100-smartphone-ultra-slim-unibody-design-vibrant-90hz-display-ai-powered-camera-android-14-i793755800.html.json,4621524f47ab6f0da8fe4777b324173dfb38be80c72ea8e5afcb1f0b428a8dfa,0.33333
915de0fef17ac13d4938366c8a847f268617b7b134d8e9aa7c51e5ff84fa49c6,2026-08-15T13:31:08+00:00,itel City 200 - 4GB RAM 128GB ROM 6.78'' Display 5200mAh Battery 18w Fast Charge PTA Approved 1 Year Official Brand Warranty,https://www.daraz.pk/products/itel-city-200-4gb-ram-128gb-rom-678-5200mah-18w-pta-1-i933114238.html,,false,"[""Black"",""Purple"",""Silver""]",Weight Unknown,[40999.0],daraz.pk/daraz__itel-city-200-4gb-ram-128gb-rom-678-5200mah-18w-pta-1-i933114238.html.json,d6fc61430b044bd4ef6378643a0efc51945489608ca2f7909c328e28cc342e4f,0.41667
ddfe4495953770e14c63d35bce358a57b6c3946780de16965ba6dd10721fd756,2026-08-15T10:57:13+00:00,Itel City 200 - 6.78 Inches Display - 4GB RAM 128GB ROM - 8MP Front Camera - 50MP Rear Camera - Dual SIM - 5200mAh Battery,https://www.daraz.pk/products/itel-city-200-678-4gb-ram-128gb-rom-8mp-50mp-5200mah-i1950912633.html,,false,[],Weight Unknown,[39000.0],daraz.pk/daraz__itel-city-200-678-4gb-ram-128gb-rom-8mp-50mp-5200mah-i1950912633.html.json,cc76ae6493024fd47f79f4f13789af92f492db978e411aa13a11d3ff6d1f67a7,0.33333
5393f8465ce98e42183ea624adc0b4862408c5845aef00611a454bf6d48e5340,2026-08-15T10:38:25+00:00,Itel City 200 - 6.78 Inches Display - 4GB RAM 128GB ROM - 8MP Front Camera - 50MP Rear Camera - Dual SIM - 5200mAh Battery,https://www.daraz.pk/products/itel-city-200-678-4gb-ram-128gb-rom-8mp-50mp-5200mah-i1950986256.html,,false,[],Weight Unknown,[39000.0],daraz.pk/daraz__itel-city-200-678-4gb-ram-128gb-rom-8mp-50mp-5200mah-i1950986256.html.json,3b55c3aec6e6dc71be858da248c3827fa82ad63d3714e8ba44c50b6ec342fc5e,0.33333
cff6be92db8bbe5b1e5703bfbc3d33bfb3c42baa88f6cea568f1e562a8c0cf6c,2026-08-15T10:45:14+00:00,Itel City 200 - 6.78 Inches Display - 4GB RAM 128GB ROM - 8MP Front Camera - 50MP Rear Camera - Unisoc T7250 - Dual SIM - 5200mAh Battery,https://www.daraz.pk/products/itel-city-200-678-4gb-ram-128gb-rom-8mp-50mp-unisoc-t7250-5200mah-i1950994197.html,,false,"[""Bass Black"",""Echo Silver"",""Vibe Purple"",""Melody Pink""]",Weight Unknown,[38000.0],daraz.pk/daraz__itel-city-200-678-4gb-ram-128gb-rom-8mp-50mp-unisoc-t7250-5200mah-i1950994197.html.json,985d65d44b0aae47768ff9ccca24be0d57913cd8c205d5dd5348f551227239de,0.66667
49a2c9466fd7f3aaf3ac9120913dcd98ab0438574587b67bea6e40f2b8e0e71e,2026-08-15T14:08:25+00:00,"itel IT5032 | 2.4"" Big Display | 1200mAh Battery | Wireless FM | Type-C Charging | Dual SIM | PTA Approved",https://www.daraz.pk/products/itel-it5032-24-big-display-1200mah-battery-wireless-fm-type-c-charging-dual-sim-pta-approved-i1960765372.html,,false,[],Weight Unknown,[5363.0],daraz.pk/daraz__itel-it5032-24-big-display-1200mah-battery-wireless-fm-type-c-charging-dual-sim-pta-approved-i1960765372.html.json,c7a817d0763608cc0be6ddd37e746571efc2a02fca10d072738d777c1f13661f,0.25000
78887c7a4da23f032901fb727f6cfdedce10b630b5da2f79f0513c4af04e2e50,2026-08-15T15:07:48+00:00,"itel Mobile Itel IT2166 | Dual SIM | 2.0"" Big Display | Wireless FM | Long Battery | Torch | PTA Approved",https://www.daraz.pk/products/itel-mobile-itel-it2166-dual-sim-20-big-display-wireless-fm-long-battery-torch-pta-approved-i1960763562.html,,false,[],Weight Unknown,[6452.0],daraz.pk/daraz__itel-mobile-itel-it2166-dual-sim-20-big-display-wireless-fm-long-battery-torch-pta-approved-i1960763562.html.json,68b1f2f51a7135aa696e91d501f97c2282a427ad64323701d383b3345488c000,0.25000
30f83b2791e2b53ae1bd316d2a9d42b691b3b965f8890bd0f5ae8bafb68d6b97,2026-08-15T10:05:55+00:00,Itel Super S26 Ultra II 8GB Ram 256Rom II 6000mAh Battery,https://www.daraz.pk/products/itel-super-ultra-ii-8gb-256rom-ii-6000mah-i934319341.html,,false,[],Weight Unknown,[61999.0],daraz.pk/daraz__itel-super-ultra-ii-8gb-256rom-ii-6000mah-i934319341.html.json,b664f2e39689d737b034e6084eaaa725b7b0d0254a9bb46426b787de159711ed,0.37500
8779be2e2dc65a77f81cdcbce8600e26474c862c57c7329123cd7ad990a35a1b,2026-08-15T13:52:45+00:00,ITELA60S - 4GB+4GB RAM 128GB ROM - 5000 mAh Battery,https://www.daraz.pk/products/itela60s-4gb-4gb-128gb-5000-mah-i431459991.html,,false,[],Weight Unknown,[20999.0],daraz.pk/daraz__itela60s-4gb-4gb-128gb-5000-mah-i431459991.html.json,aa23c8505cbef1b340b794905996baa3a4ffdadb48bd75e7a46376293856366e,0.62500
9ca54554c5419daf200432fae47cd9544325d78612064a4829803a3f8212a96d,2026-08-15T10:44:17+00:00,*JBL* *MINI SPEAKER* *M3*,https://www.daraz.pk/products/jbl-mini-speakerm3-i1960767311.html,,false,[],Weight Unknown,[999.0],daraz.pk/daraz__jbl-mini-speakerm3-i1960767311.html.json,345d53eedcc49e24eda85ab3d30351959724635de600140a67a962ec12a47572,0.12500
3fae6aa8caeeb70c4a1486555ffd7bf556c2ef35a04611e5d22e1248b922efa0,2026-08-15T13:07:52+00:00,KAXOE Total 40W Mobile Phone Charger,https://www.daraz.pk/products/kaxoe-total-40w-mobile-phone-charger-i1960765380.html,,false,[],Weight Unknown,[1078.0],daraz.pk/daraz__kaxoe-total-40w-mobile-phone-charger-i1960765380.html.json,d60c58b7c0c2c2bf7a0125c391755acc0da690bf58dd1d1f0f1093ebde995af2,0.12500
36631094253636582743cefb6ecb3e817d98aeb79f9ce9fc63d945ffa717fa00,2026-08-15T15:01:32+00:00,Kingo Android Micro Cable 3.0A,https://www.daraz.pk/products/kingo-android-micro-cable-30a-i1961458600.html,,false,[],Weight Unknown,[4132.0],daraz.pk/daraz__kingo-android-micro-cable-30a-i1961458600.html.json,46849dc8103df6c56e2e0f6d7aa0b3efb914432e22639fe6d0d528546b536df8,0.12500
06d072772884d6294f01c840d9e10d9ce635686aab1df5031c6ccd9e1ee04a4b,2026-08-15T10:35:48+00:00,LG G6 - 4gb/32gb - PTA APPROVED,https://www.daraz.pk/products/lg-g6-4gb32gb-pta-approved-i271076451.html,,false,[],Weight Unknown,[17500.0],daraz.pk/daraz__lg-g6-4gb32gb-pta-approved-i271076451.html.json,abea8b1002682e015633f0877392109fcaeb99daeada218d3f7522020e0a8b3a,0.29167
034e815d9c89e3842f20c8f32372e2d0fd4a24e53c2334087833adab44c8b539,2026-08-15T10:39:53+00:00,LG G7 ThinQ - 4GB RAM - 64GB ROM - PTA Approved,https://www.daraz.pk/products/lg-g7-thinq-4gb-ram-64gb-rom-pta-approved-i268414113.html,,false,[],Weight Unknown,[30500.0],daraz.pk/daraz__lg-g7-thinq-4gb-ram-64gb-rom-pta-approved-i268414113.html.json,a91d611a7f04cc54d84bb8b6728d5f9d4a7e5d6cb2112a7d5e9643f40cf09fc9,0.37500
6fc6a6a0581c6d4618d6054287ce4fc2d63bcf62703ab09eb5c9d0e08490fd82,2026-08-15T10:43:26+00:00,"Manual Food Grater, 5 in 1 Grater and Slicer with Stainless Steel Blade, Multi-functional Vegetable Fruit Slicer for Kitchen",https://www.daraz.pk/products/manual-food-grater-5-in-1-grater-and-slicer-with-stainless-steel-blade-multi-functional-vegetable-fruit-slicer-for-kitchen-i1961458598.html,,false,[],Weight Unknown,[999.0],daraz.pk/daraz__manual-food-grater-5-in-1-grater-and-slicer-with-stainless-steel-blade-multi-functional-vegetable-fruit-slicer-for-kitchen-i1961458598.html.json,c024cb2a5e53a2e0c473bf3cfe651e1a27257644e6162b0120b046a74566a543,0.12500
6d7c20659b396ec4fbbb23a9fd09a302be1e1c4114b17268b2d9c55abe3a1856,2026-08-15T14:47:38+00:00,MI 15T 5G 12 GB RAM + 512 GB ROM 5500 mAh - PTA APPROVED,https://www.daraz.pk/products/mi-15t-5g-12-gb-ram-512-gb-rom-5500-mah-pta-approved-i923542567.html,,false,[],Weight Unknown,[169999.0],daraz.pk/daraz__mi-15t-5g-12-gb-ram-512-gb-rom-5500-mah-pta-approved-i923542567.html.json,66becc7b86384aa435f9c3a9def67b70f6c8ce06b7ffdca78631f709c90a4363,0.25000
3d9fb084cf3ef7f67706215d8970f187ed52f3b329385c49ebc7a9607e4847c5,2026-08-15T10:58:40+00:00,MOBILE CHARGER 5V 2AMPERE 100% ORIGINAL CHARGER FOR ALL BRAND'S TABLET AND MOBILE PHONE,https://www.daraz.pk/products/mobile-charger-5v-2ampere-100-original-charger-for-all-brands-tablet-and-mobile-phone-i1961472079.html,,false,[],Weight Unknown,[1392.0],daraz.pk/daraz__mobile-charger-5v-2ampere-100-original-charger-for-all-brands-tablet-and-mobile-phone-i1961472079.html.json,68f320ee3ba0a40310540fdcd12a97bfae08cc728acfa9efcacd4385a015a2c4,0.12500
e5396590de8497720ec2c6b8ded46b44d4743bef59aeaed77457165a52239c15,2026-08-15T09:35:20+00:00,Motorola Moto Razr 2020 Official PTA Approved | 8GB RAM | 256GB ROM | Single Sim,https://www.daraz.pk/products/motorola-moto-razr-2020-8-256-i460668758.html,,false,[],Weight Unknown,[84000.0],daraz.pk/daraz__motorola-moto-razr-2020-8-256-i460668758.html.json,bc3b35b4c69f54d1802d7d215e0e1612343ba26efd9599369303198920b177db,0.29167
da086a2d02618af6fa867794ba32956565fb47a68a08558c4ff689bba0686687,2026-08-15T09:42:38+00:00,N 105 Simba 2022 - 1.77 inch QQVGA Display - 2000 Contact - 500 SMS PTA Approved,https://www.daraz.pk/products/n-105-2022-qqvga-177-pta-2000-sms-i377163016.html,,false,[],Weight Unknown,[9999.0],daraz.pk/daraz__n-105-2022-qqvga-177-pta-2000-sms-i377163016.html.json,e14a60ead3fa8ff8d267531a58ab18d1054529f4e442c9b8bec351e4b35482c7,0.37500
b4ea70fbf6efd93b9588dec994751f1623144bb6612f72dff7dd2976ebf7bb4a,2026-08-15T09:19:54+00:00,"[Official Approved] Oneplus Nord N10 5G (BE2029/BE2028) - Single Sim - 6.49 Inches Full HD+ 90Hrz Display - 6GB RAM + 128GB ROM - Fingerprint Sensonr - PTA Approved - 100% Original (Imported Stock, Phone Only, No Box, No Charger, No Accessories Included)",https://www.daraz.pk/products/n10-5-be2029b2028-649-hd-90hrz-6gb-128gb-pta-100-i483045784.html,,false,[],Weight Unknown,[39999.0],daraz.pk/daraz__n10-5-be2029b2028-649-hd-90hrz-6gb-128gb-pta-100-i483045784.html.json,46185a31f7c6fbadaeac83a11be9c382ce898e0753e3b879cbbbf7fe2101b12a,0.37500
83dc53bec1f3aa0bbd51f2654855d8202f137dec3124cd96d85131ba594a84d0,2026-08-15T12:10:49+00:00,OnePlus N100 - 6.5 Inches HD+ Display - Official Approved Single Sim - 4GB RAM + 64GB ROM - Fingerprint Sensor - Phone Only - Midnight Frost,https://www.daraz.pk/products/n100-hd-4gb-64gb-i495761343.html,,false,[],Weight Unknown,[34999.0],daraz.pk/daraz__n100-hd-4gb-64gb-i495761343.html.json,a46e6518330bb858ef17429e46851be4ed45970722c02a5eb516f37ff0cc372a,0.29167
719c48b857ddb792c6230bf85e260bd4e4316c1ccb7ced9109e8600dbd72991e,2026-08-15T12:15:58+00:00,N2720 Flip,https://www.daraz.pk/products/n2720-i809697735.html,,false,[],Weight Unknown,[7999.0],daraz.pk/daraz__n2720-i809697735.html.json,739bff28e1b9c8fa12c9e86e944ded2f0a1b7604ae75247729ae34ce7338fd3e,0.12500
9a0f1a67724f532b2b830c43148058fc565438413a4af8e5d425185cff461603,2026-08-15T09:55:12+00:00,N5710 Xpress Studio,https://www.daraz.pk/products/n5710-x-i809686837.html,,false,[],Weight Unknown,[6499.0],daraz.pk/daraz__n5710-x-i809686837.html.json,3e0f5f53e2999119358209921455efdcfec6d32c6b010ae1add38273cda97ea8,0.12500
ee121ac28f431c8580c2b624660f86bf1d814e1ed136de1faab44a953e830dfe,2026-08-15T12:36:48+00:00,SPARX NEO7 ULTRA - 8GB AM 128GB ROM - 5000 mAh Battery,https://www.daraz.pk/products/neo7-8gb-am-128gb-5000-mah-i434162082.html,,false,[],Weight Unknown,[27999.0],daraz.pk/daraz__neo7-8gb-am-128gb-5000-mah-i434162082.html.json,6176bc4c2fde22ff542f967535a07102fa43606076653430ea51ac5925578c4f,0.62500
5ee32d6126c67ce15d61baa0ad5552ac6df7db3ed00648faf80557ff42912cb7,2026-08-15T13:28:35+00:00,NEW UPGRADE MODEL* *Suction Cup* *Mobile Phone Holder,https://www.daraz.pk/products/new-upgrade-modelsuction-cupmobile-phone-holder-i1960765377.html,,false,[],Weight Unknown,[2175.0],daraz.pk/daraz__new-upgrade-modelsuction-cupmobile-phone-holder-i1960765377.html.json,a9825b3ace831ca8a05c80a8952baa01a3db677b60295417fc851e1c82d19d1b,0.12500
bff7887d1b1ad9ee0ca85661834e59924e0d18c481824564fc96fa16a0cf754b,2026-08-15T13:08:00+00:00,"Nexus TAB , ASUS 32GB , 16GB ANDROID VERSION FRONT N BACK CAMERA",https://www.daraz.pk/products/nexus-tab-asus-32gb-16gb-android-version-front-n-back-camera-i1961470387.html,,false,[],Weight Unknown,[1348.0],daraz.pk/daraz__nexus-tab-asus-32gb-16gb-android-version-front-n-back-camera-i1961470387.html.json,d01ddf1bbc23031fd343f2074061edd469c822f5943c209374f922f87d756fce,0.29167
978892b59107253867f1753b788b8d5bc79b3c5618f40c3ca0055fc75bf2c065,2026-08-15T09:53:25+00:00,Nokia 105 2.0 display,https://www.daraz.pk/products/nokia-105-20-display-i390781183.html,,false,[],Weight Unknown,[4800.0],daraz.pk/daraz__nokia-105-20-display-i390781183.html.json,06bc03fe0dbe16cf65ac993c993b5d494c027c62c457c746b720778916adfc57,0.12500
6f03869a8e79197dbfdca794ad1930089dced4b2ec5471720e71e92319214a0f,2026-08-15T09:42:57+00:00,NOKIA 106 high quality’s for keypad,https://www.daraz.pk/products/nokia-106-high-qualitys-for-keypad-i422137352.html,,false,[],Weight Unknown,[4200.0],daraz.pk/daraz__nokia-106-high-qualitys-for-keypad-i422137352.html.json,27d77e6b2d59a0c8d682e99462167923b1b924acffe369ba96053d8d36620b5f,0.20833
435ce9975bd6b720624529c9e9b0e42bc1d0e01c72b2111c5d365db928cffdd8,2026-08-15T09:56:40+00:00,Nokia 106 Mobile,https://www.daraz.pk/products/nokia-106-mobile-i389953895.html,,false,[],Weight Unknown,[10000.0],daraz.pk/daraz__nokia-106-mobile-i389953895.html.json,3b9feb9cec870d38603fdd726f096e0e538060b7cfa03fda3fe10a649eb0f2c0,0.12500
38dbf2bd1ca3d3591c367e75b61e226b7619b463d3294bfe4e24651ce7547b55,2026-08-15T11:26:46+00:00,Nokia 108.MOBILE PHONE,https://www.daraz.pk/products/nokia-108mobile-phone-i1947565922.html,,false,[],Weight Unknown,[3700.0],daraz.pk/daraz__nokia-108mobile-phone-i1947565922.html.json,583d666376331ebf51bbf98746a396222bba0dc88164d87a7a07b6a57fdfe6d4,0.12500
afad55d3b0a4172d05de65fc4e9e6c0406e988c7c9fa7c44a13e4af9f24b211b,2026-08-15T12:37:49+00:00,Nokia C31 Box Pack,https://www.daraz.pk/products/nokia-c31-box-pack-i393034041.html,,false,[],Weight Unknown,[39999.0],daraz.pk/daraz__nokia-c31-box-pack-i393034041.html.json,215868d12d3a3b9d7c7c308c010ca597d94e574f79ab7364daeaf4db121054c2,0.41667
7aa811cea623b452823e48ca41e4c0a6cb68f7a682e56b1ae4b30a440b5e64f4,2026-08-15T15:19:04+00:00,Note 60 X 3GB+64GB,https://www.daraz.pk/products/note-60-x-3gb64gb-i1961641737.html,,false,[],Weight Unknown,[27999.0],daraz.pk/daraz__note-60-x-3gb64gb-i1961641737.html.json,cbc098a6b4ee0c15aabbe2cb03ec051ef87db2412aca95854cd186f0c5076eb9,0.12500
e0a9fa4c373d367737b9b82bd3eebbdc728897d80ec800facde0452f17b715aa,2026-08-15T15:01:18+00:00,Note 60 X 4GB+128GB,https://www.daraz.pk/products/note-60-x-4gb128gb-i1961641861.html,,false,[],Weight Unknown,[35999.0],daraz.pk/daraz__note-60-x-4gb128gb-i1961641861.html.json,ba3462b13621088f788bec7478fe95b2135ea85c8f2116b1506470710cc24cb5,0.12500
b3b67afea2b015959b9f0ad0fc2fa1337985ebe56368a594c6c109592dca14c4,2026-08-15T14:18:44+00:00,Nothing 4a 12GB / 256GB- Get Free CMF Buds 2A,https://www.daraz.pk/products/nothing-4a-12gb-256gb-get-free-cmf-buds-2a-i1954210480.html,,false,[],Weight Unknown,[214999.0],daraz.pk/daraz__nothing-4a-12gb-256gb-get-free-cmf-buds-2a-i1954210480.html.json,d539a637646f67ea4de640e9cc0ab755f896327d6efed174a0c74f8ef02172b5,0.45833
1616a56a23dc072319dc7458acd8803673026598c47da5c14567c6b1eea037eb,2026-08-15T15:15:55+00:00,Nothing 4a 8GB / 256GB,https://www.daraz.pk/products/nothing-4a-8gb-256gb-i1954188910.html,,false,[],Weight Unknown,[179999.0],daraz.pk/daraz__nothing-4a-8gb-256gb-i1954188910.html.json,c5dd182ee1fade411553b85b04a6f21c137da2f31a27b0f3b893adfcfc3ab9e0,0.45833
a97bd52527301b30781a837b5100cb31af85bcc9482ca3e16cca98844e8976a0,2026-08-15T13:29:04+00:00,Nothing 4a Pro 12GB / 256GB- Get Free CMF Buds2 Pro,https://www.daraz.pk/products/nothing-4a-pro-12gb-256gb-get-free-cmf-buds2-pro-i1953863594.html,,false,[],Weight Unknown,[244999.0],daraz.pk/daraz__nothing-4a-pro-12gb-256gb-get-free-cmf-buds2-pro-i1953863594.html.json,bd831b457823bcf44a123764fd32f2a3d844f62f874e1d9cc7116b2041c41e16,0.41667
260327c850c11c3dabbf00c001faca25b40d67462b326625746ea6292ab935e7,2026-08-15T14:43:21+00:00,"SEGO Orbit O'1 Smartphone | 6.6"" HD IPS Display | 90Hz Refresh Rate | MediaTek Helio G50 Octa-Core Processor | 13MP Rear Camera | 8MP Selfie Camera | 4500mAh Battery | 64GB Storage | 12GB RAM (4GB + 8GB Extended) | Android 14 | Dual SIM | 4G LTE",https://www.daraz.pk/products/o1-hd-ips-90hz-g50-67-13mp-lax-8mp-1-mah-64gb-12gb-4gb-8gb-14-wanch-4g-lte-i1965383709.html,,false,[],Weight Unknown,[29999.0],daraz.pk/daraz__o1-hd-ips-90hz-g50-67-13mp-lax-8mp-1-mah-64gb-12gb-4gb-8gb-14-wanch-4g-lte-i1965383709.html.json,46ed029db69f55aca2faaef513738856edfcbafb976bf41cea00075385f374a0,0.37500
29947b816ecfd06f9420978ca400e0593f63a806ec4c1792c0f471e81cc9576c,2026-08-15T13:49:06+00:00,OnePlus SuperVOOC 100W Wall Charger with Type-C Cable - High-Speed Charging for Smartphones,https://www.daraz.pk/products/oneplus-supervooc-100w-wall-charger-with-type-c-cable-high-speed-charging-for-smartphones-i1960769275.html,,false,[],Weight Unknown,[3188.0],daraz.pk/daraz__oneplus-supervooc-100w-wall-charger-with-type-c-cable-high-speed-charging-for-smartphones-i1960769275.html.json,f6678c603a0e794880e239c51ac128266a596e71611cb472b106857a9feb5b70,0.12500
587f4f350f8df615e5f1bc33e6533e96ddc1b77b146493cfd19b6ac3b07e0a98,2026-08-15T09:47:30+00:00,VGOTEL ONYX 2 = 3GB RAM = 32GB ROM = 3000mAh BATTERY,https://www.daraz.pk/products/onyx-2-3gb-32gb-3000mah-i1968318122.html,,false,[],Weight Unknown,[17999.0],daraz.pk/daraz__onyx-2-3gb-32gb-3000mah-i1968318122.html.json,32ec6ad434c1747c46bca22eae5a37ac5d91367685a99fe0df8dd0be933ffd40,0.29167
53fa0c802e09400e6fe00166d7284475ffbf16d9a3e677093835c7e64976205a,2026-08-15T12:14:58+00:00,Oppo A31 (CPH2015) - 6.5 Inches Display - 8GB RAM - 256GB ROM (128GB Usable + 128GB System Reserved) - Dual SIM (Official PTA Approved) - 12MP+2MP+8MP Camera - Mix Color (Phone with Box Charger - No Accessories Included),https://www.daraz.pk/products/oppo-a31-cph2015-65-8gb-ram-256gb-rom-128gb-128gb-pta-12mp2mp8mp-i1947257861.html,,false,[],Weight Unknown,[24999.0],daraz.pk/daraz__oppo-a31-cph2015-65-8gb-ram-256gb-rom-128gb-128gb-pta-12mp2mp8mp-i1947257861.html.json,e3f974e67b0b21d2fccf4a8cfc325e617411b5a80d7679496d0b593890d80f30,0.33333
347ea319b47fb718fb18d5314cc6f5f5ff7ad465df40fe7949fb4c5e7cf58063,2026-08-15T09:35:54+00:00,Oppo A31 (CPH2015) - 6.5 Inches Display - 8GB RAM - 256GB ROM (128GB Usable + 128GB System Reserved) - Dual SIM (Official PTA Approved) - 12MP+2MP+8MP Camera - Mix Color (Phone + Charger + Box - No Accessories Included),https://www.daraz.pk/products/oppo-a31-cph2015-65-8gb-ram-256gb-rom-128gb-128gb-pta-12mp2mp8mp-i940417435.html,,false,[],Weight Unknown,[22999.0],daraz.pk/daraz__oppo-a31-cph2015-65-8gb-ram-256gb-rom-128gb-128gb-pta-12mp2mp8mp-i940417435.html.json,8b1becc4aa58c38f9ae36468699dadd7de769d0235c9b1d4e01d31892ddfda22,0.33333
cf4fbb52db1597afb71cfb6a946c370af2f9b4689474392a408a1f95f3d63915,2026-08-15T13:48:53+00:00,OPPO A5 Pro 8GB RAM + 256 GB ROM 5800 mAh Battery - PTA APPROVED,https://www.daraz.pk/products/oppo-a5-pro-8gb-ram-256-gb-rom-5800-mah-battery-pta-approved-i916115142.html,,false,[],Weight Unknown,[54999.0],daraz.pk/daraz__oppo-a5-pro-8gb-ram-256-gb-rom-5800-mah-battery-pta-approved-i916115142.html.json,4667eb5c6a453f0f4eb7d07cdce3d916eb9a249cc8c7e9020df7ec25cef0e952,0.25000
2ba717ccae35fd5be1ee974aba379f165686f8d93905823dfbc1457f21add261,2026-08-15T13:09:41+00:00,"Oppo A57 - 5.2"" HD Display - 3GB RAM - 32GB ROM - Dual Sim - Official PTA Approved - Android 14 Updated (Box Only, No Charger and Accessories Not Included - Mix Color)",https://www.daraz.pk/products/oppo-a57-52-3-32-14-i1951215221.html,,false,[],Weight Unknown,[14999.0],daraz.pk/daraz__oppo-a57-52-3-32-14-i1951215221.html.json,310502786c691718beb2da35f47b16cc51dd8ee66bb5276d18e5fdcc1ea3d6bd,0.45833
cf4632544d01f9951cdc2c78b198e690ab25034ee27ec6d87fc7e553fa5920f2,2026-08-15T10:47:18+00:00,OPPO A6 - 6.75 Inches Display - 8GB RAM 128GB/256GB ROM - 8MP Front Camera - 50MP+2MP Rear Camera - Dual SIM - 7000mAh Battery,https://www.daraz.pk/products/oppo-a6-675-8gb-ram-128gb256gb-rom-8mp-50mp2mp-7000mah-i941918845.html,,false,[],Weight Unknown,[77000.0],daraz.pk/daraz__oppo-a6-675-8gb-ram-128gb256gb-rom-8mp-50mp2mp-7000mah-i941918845.html.json,35b1fde06ca66cf8ac46c28def1dbafeec329ccf1eb1a3f9fc6ec53d404e01f6,0.33333
ced55b5d5a89a26030e7349134a386d059a1f66030b372770a6b08216fd9b2ed,2026-08-15T11:13:49+00:00,OPPO A6- 6.75 Inches Display - 8GB RAM 128GB</256GB ROM - 8MP Front Camera - 50MP+2MP Rear Camera - Qualcomm Snapdragon®685 Mobile Platform - Dual SIM - 7000mAh Battery,https://www.daraz.pk/products/oppo-a6-675-8gb-ram-128gb256gb-rom-8mp-50mp2mp-qualcomm-snapdragon-685-7000-i941861897.html,,false,"[""Sapphire Blue"",""Aurora Gold""]",Weight Unknown,[95000.0],daraz.pk/daraz__oppo-a6-675-8gb-ram-128gb256gb-rom-8mp-50mp2mp-qualcomm-snapdragon-685-7000-i941861897.html.json,e973de10245d4a7b30f5e2d9f87d6ecc37e912bba18f07cde5a6ba12e0d32986,0.66667
44d710534f5a81658efadf1105a9f6222e7edc95e2dc7244a4f06f98d6be23f3,2026-08-15T09:45:58+00:00,Oppo A6 8GB / 128GB,https://www.daraz.pk/products/oppo-a6-8gb-128gb-i1957624004.html,,false,[],Weight Unknown,[74999.0],daraz.pk/daraz__oppo-a6-8gb-128gb-i1957624004.html.json,bd0323c38faae08dc24417c3db06c0e99c519c173d8ccc6a6fb15cc51b0fc3a0,0.45833
70770ae2274d7bc2046a21dca65e6cc9f2f7604cd5ed82f0282cd85a6fe651b4,2026-08-15T09:52:06+00:00,OPPO A6 8GB + 256GB,https://www.daraz.pk/products/oppo-a6-8gb-256gb-i1950746017.html,,false,[],Weight Unknown,[89999.0],daraz.pk/daraz__oppo-a6-8gb-256gb-i1950746017.html.json,dd3efa403e624f9185409c1f0050a00d917e5d2415f553ad767e0664fbf4bdcb,0.45833
f70c126daec3c4bf43b1d56d6d7499052d9b477813c5100120bc7c1019f4f8f1,2026-08-15T11:57:20+00:00,OPPO A6 | 8GB RAM + 128GB ROM,https://www.daraz.pk/products/oppo-a6-8gb-ram-128gb-rom-i938723051.html,,false,[],Weight Unknown,[74999.0],daraz.pk/daraz__oppo-a6-8gb-ram-128gb-rom-i938723051.html.json,053d4ce4c9dd925eea0aebcb2d9df800ea6c09455cf4dae8c801006a82c61d61,0.29167
fa006414d1774de01c3895818abdcdc7af7d545c249b6772417d72c74953e8ee,2026-08-15T10:43:17+00:00,OPPO A6 | 8GB RAM + 128GB ROM - Like New (Open Box),https://www.daraz.pk/products/oppo-a6-8gb-ram-128gb-rom-like-new-open-box-i1963689126.html,,false,[],Weight Unknown,[74999.0],daraz.pk/daraz__oppo-a6-8gb-ram-128gb-rom-like-new-open-box-i1963689126.html.json,75bce3bee7c01fd3e80d8a4cea224acda0167dc39a26756366afc24548e8add3,0.29167
59298177b6eb0d4e58947b4f821a73af9450a8c6ddd6e65c015aa7b385e396b3,2026-08-15T11:57:29+00:00,OPPO A6 | 8GB RAM + 256GB ROM,https://www.daraz.pk/products/oppo-a6-8gb-ram-256gb-rom-i938562306.html,,false,[],Weight Unknown,[89999.0],daraz.pk/daraz__oppo-a6-8gb-ram-256gb-rom-i938562306.html.json,4738650346639da64118ca7b47c9ab6c8b87cfb6ea4bd831faa2d27f2b8512e0,0.29167
f799b33da99d617e152d6a3b3813ac002f5b26472d34f952e6a9715f73f0f715,2026-08-15T11:11:49+00:00,OPPO A6 | 8GB RAM + 256GB ROM - Like New (Open Box),https://www.daraz.pk/products/oppo-a6-8gb-ram-256gb-rom-like-new-open-box-i1964194968.html,,false,[],Weight Unknown,[89999.0],daraz.pk/daraz__oppo-a6-8gb-ram-256gb-rom-like-new-open-box-i1964194968.html.json,35030543ea92252703643749f4c48c408bf966b253ff51786ebce2dda760fc9f,0.29167
322d2b16572cef384a38b264b7ca1ba589f7c87f76b6cdc1763afbef160603cf,2026-08-15T10:15:33+00:00,OPPO A6 Pro | 8GB RAM + 128GB ROM - Like New (Open Box),https://www.daraz.pk/products/oppo-a6-pro-8gb-ram-128gb-rom-like-new-open-box-i920379578.html,,false,[],Weight Unknown,[84999.0],daraz.pk/daraz__oppo-a6-pro-8gb-ram-128gb-rom-like-new-open-box-i920379578.html.json,fe8d389f4f46b51901afdd1cbaaa653363818d446cfb0cb733f9ab5825f8b57c,0.29167
0df8c5395b4a0535f2ccc33fa15e8eec8ee10f25534c822ea66d66cda8058706,2026-08-15T11:56:10+00:00,OPPO A6c | 4GB RAM + 128GB ROM,https://www.daraz.pk/products/oppo-a6c-4gb-ram-128gb-rom-i1962563002.html,,false,[],Weight Unknown,[55999.0],daraz.pk/daraz__oppo-a6c-4gb-ram-128gb-rom-i1962563002.html.json,99c47abebc5d54e49bfeeadaf8b6328c115ba7d7eaed61c57f0fa53899db3c4f,0.25000
755948d93950aef6a0d8c12be4738c9b584137041ec260e757c869c26a70b290,2026-08-15T11:30:12+00:00,Oppo A6c 4GB/128GB,https://www.daraz.pk/products/oppo-a6c-4gb128gb-i1962724596.html,,false,[],Weight Unknown,[55999.0],daraz.pk/daraz__oppo-a6c-4gb128gb-i1962724596.html.json,36304396e80d03e4b946eaf56756b37d0d86f8ecdb18cdb1d22219263a758f2b,0.37500
b8d2ca24aa659da92b0ad5859a9408e9d166bb541d7e9577bcf5f1d148027a62,2026-08-15T09:50:50+00:00,Oppo A6c 4GB/64GB,https://www.daraz.pk/products/oppo-a6c-4gb64gb-i1951925163.html,,false,[],Weight Unknown,[41999.0],daraz.pk/daraz__oppo-a6c-4gb64gb-i1951925163.html.json,382e69425329236f744c51b700b04fc2631a4d9cf45f642fba7374fbb69ddfec,0.37500
c93cf6b0a077c762d8ef7402307c74b77115e47a8e4bfbb1566f4f41a54d53a8,2026-08-15T10:40:41+00:00,Oppo A6c - 6.75 Inches Display - 4GB RAM 64GB /128GB ROM - 5MP Front Camera - 13MP Rear Camera - Side Fingerprint - UNISOC T7250 Processor - Dual SIM - 7000mAh Battery,https://www.daraz.pk/products/oppo-a6c-675-4gb-ram-64gb128gb-rom-5mp-13mp-unisoc-t7250-7000mah-i1965626802.html,,false,"[""Stone Brown"",""Feather Purple"",""Feather White""]",Weight Unknown,[45000.0],daraz.pk/daraz__oppo-a6c-675-4gb-ram-64gb128gb-rom-5mp-13mp-unisoc-t7250-7000mah-i1965626802.html.json,70b4b60bf16715783303ce761eb1d37fff53127ca19b4cd9dff23b0ca2c11d57,0.66667
308edd36c95772970d286e8eddac7373e988073485f4a67693e8b1406cbbe2fe,2026-08-15T11:24:05+00:00,Oppo A6K 128GB - 4GB RAM 6500 mAh Battery Snapdragon® 685,https://www.daraz.pk/products/oppo-a6k-128gb-4gb-ram-6500-mah-685-i1965044455.html,,false,[],Weight Unknown,[59999.0],daraz.pk/daraz__oppo-a6k-128gb-4gb-ram-6500-mah-685-i1965044455.html.json,54e63a2f4c5dd075a532f873cb4bab5e1ee60386ddd3dd5d2891e1bdc4810799,0.29167
42eb2497e57c8cb6c54f4f4c1ea6f28c19968640681b99c99f0663ccc142ff1e,2026-08-15T11:56:29+00:00,OPPO A6k | 4GB RAM + 128GB ROM,https://www.daraz.pk/products/oppo-a6k-4gb-ram-128gb-rom-i1952301030.html,,false,[],Weight Unknown,[56999.0],daraz.pk/daraz__oppo-a6k-4gb-ram-128gb-rom-i1952301030.html.json,b4476fb4b09707c332e3eed6bbb66324028ac66e6465dea84ac850b5b7ba1331,0.29167
99d080feb9e506057b93a4e7004151a677febf81537eb95babdfafe14d82889c,2026-08-15T09:57:33+00:00,Oppo A6K 6GB + 128GB,https://www.daraz.pk/products/oppo-a6k-6gb-128gb-i1950579989.html,,false,[],Weight Unknown,[66999.0],daraz.pk/daraz__oppo-a6k-6gb-128gb-i1950579989.html.json,e38fe2e8ce582ea68d9e318088bc32faeb6db29afd16f386763144c11fba3a87,0.41667
e1f748f8499039c451569e8f9d01a36e3ba9b91bf381df92a6cf4f0220c0642e,2026-08-15T11:56:39+00:00,OPPO A6k | 6GB RAM + 128GB ROM,https://www.daraz.pk/products/oppo-a6k-6gb-ram-128gb-rom-i1948805636.html,,false,[],Weight Unknown,[66999.0],daraz.pk/daraz__oppo-a6k-6gb-ram-128gb-rom-i1948805636.html.json,885eae6730346415eefe519560e0cc15cad6b5f9d915a49cc311702bc81d3114,0.29167
ffd02bd354d1a36f4adfdce044b736c2449c9766413ef97d4a33ed21a1b0ef74,2026-08-15T10:21:44+00:00,OPPO A6k | 6GB RAM + 128GB ROM - Like New (Open Box),https://www.daraz.pk/products/oppo-a6k-6gb-ram-128gb-rom-like-new-open-box-i495773580.html,,false,[],Weight Unknown,[66999.0],daraz.pk/daraz__oppo-a6k-6gb-ram-128gb-rom-like-new-open-box-i495773580.html.json,05b3ac56c3beb54fde90f7e875fc5890925e683fc93d055795f4ba41b1378d11,0.29167
be5c840e91378db12073710729a2be2c14ef4e18b281d80d150c336dbad0e5a5,2026-08-15T10:31:32+00:00,OPPO A6k | 8GB RAM + 128GB ROM - Like New (Open Box),https://www.daraz.pk/products/oppo-a6k-8gb-ram-128gb-rom-like-new-open-box-i495789163.html,,false,[],Weight Unknown,[69999.0],daraz.pk/daraz__oppo-a6k-8gb-ram-128gb-rom-like-new-open-box-i495789163.html.json,77462ed291d7dc3ac70564a52f66f38170a12fa614f156aa27a4207f6bd0e9fa,0.29167
21dd93a0e8ec692ff07014ddd9806e90875ce0a44d1ceedf14d48f71798d0d3d,2026-08-15T09:28:16+00:00,Oppo A6k 8GB/128GB,https://www.daraz.pk/products/oppo-a6k-8gb128gb-i1962722610.html,,false,[],Weight Unknown,[69999.0],daraz.pk/daraz__oppo-a6k-8gb128gb-i1962722610.html.json,23f8477d01b243e5cf44c4baa1cf9c36d2fda21ace1ae96e01afef55fa2f0d7f,0.41667
7ee63b0c38c2f9cfb91b76ca87689e7a93c22dacb106883f2c9a6660c9bca8c5,2026-08-15T12:32:47+00:00,OPPO A6s 8GB + 256GB,https://www.daraz.pk/products/oppo-a6s-8gb-256gb-i1950710100.html,,false,[],Weight Unknown,[89999.0],daraz.pk/daraz__oppo-a6s-8gb-256gb-i1950710100.html.json,534ee27948b7491c36d479f1bd851f5eb90646ec22f77dc4b190eb35b777d483,0.41667
49f1066c13ab1af32b159a103acdd28757de11904af97a0220f30a4f89ddcffc,2026-08-15T11:56:59+00:00,OPPO A6s | 8GB RAM + 256GB ROM,https://www.daraz.pk/products/oppo-a6s-8gb-ram-256gb-rom-i1948556173.html,,false,[],Weight Unknown,[89999.0],daraz.pk/daraz__oppo-a6s-8gb-ram-256gb-rom-i1948556173.html.json,61efc354b903a0f3dcb43b8c71876b20f9c4c569c770f6e5351e7cbf98d45ed2,0.29167
6a4701daf00e313770776dc96d5f7d108983642b1cefdd72d4635bcd58e6b8a9,2026-08-15T10:29:44+00:00,OPPO A6s | 8GB RAM + 256GB ROM - Like New (Open Box),https://www.daraz.pk/products/oppo-a6s-8gb-ram-256gb-rom-like-new-open-box-i495899346.html,,false,[],Weight Unknown,[89999.0],daraz.pk/daraz__oppo-a6s-8gb-ram-256gb-rom-like-new-open-box-i495899346.html.json,11975d8debf6b934fd0e8d5c7e1e24a24f4431445d94f01bb44f31fc81a09a04,0.29167
b22212b554781d2d7060c93208d1f9762faa7b1dfe1f5eaad428d4449e639d0c,2026-08-15T11:28:41+00:00,Oppo A6s Pro - 8Gb Ram / 256Gb Storage - Official PTA Approved With 1 Year Official Brand Warranty.,https://www.daraz.pk/products/oppo-a6s-pro-8gb-256gb-1-i1950356789.html,,false,"[""Lumina Frost"",""Eclipse Blue""]",Weight Unknown,[119999.0],daraz.pk/daraz__oppo-a6s-pro-8gb-256gb-1-i1950356789.html.json,10936da8ea85dbcc96d5b213a17b0c775455653a589d36ad405119d1c327d716,0.70833
c62bcd3a68de1019225d036b27b60eb325c8985f7c65fdba8826b1f5bebdb8dc,2026-08-15T10:43:36+00:00,OPPO A6s Pro | 8GB RAM + 256GB ROM,https://www.daraz.pk/products/oppo-a6s-pro-8gb-ram-256gb-rom-i1950372648.html,,false,[],Weight Unknown,[99999.0],daraz.pk/daraz__oppo-a6s-pro-8gb-ram-256gb-rom-i1950372648.html.json,8621e3571011ec17958bb7015264ad247ba274fb19d2627965500668ef8a2811,0.33333
b3db33fd7177201167c549a687e1ca1d47eaeb55c88bf989634a2a434a7aad6f,2026-08-15T10:13:26+00:00,OPPO A6s Pro | 8GB RAM + 256GB ROM - Like New (Open Box),https://www.daraz.pk/products/oppo-a6s-pro-8gb-ram-256gb-rom-like-new-open-box-i1964471660.html,,false,[],Weight Unknown,[99999.0],daraz.pk/daraz__oppo-a6s-pro-8gb-ram-256gb-rom-like-new-open-box-i1964471660.html.json,77fbcb400d864b9c35900d3d334acb78619c7f391c7cef6ecc5aac26ce3408cb,0.33333
f37ab55b906353196d63216080e0af945d7dd9974cdd13d296faebfc56ef72b7,2026-08-15T09:48:38+00:00,OPPO A6s Pro 8GB+256GB,https://www.daraz.pk/products/oppo-a6s-pro-8gb256gb-i1950683284.html,,false,[],Weight Unknown,[99999.0],daraz.pk/daraz__oppo-a6s-pro-8gb256gb-i1950683284.html.json,76e59b5ae2355d38c7fdd7f7982389795229b41240af7a513b852c28c700619e,0.41667
1e6d398e4e433bbe12f5fd635be85ccb003c7dd31a6ea9eae4e4b6cd34854e32,2026-08-15T12:36:59+00:00,Oppo A6x 4GB+128GB,https://www.daraz.pk/products/oppo-a6x-4gb128gb-i1961281293.html,,false,[],Weight Unknown,[43999.0],daraz.pk/daraz__oppo-a6x-4gb128gb-i1961281293.html.json,9b0d90b550317da1d790bfc4c8a3ec355db6ed70afd7300b21d68a7c2f9a7d2a,0.41667
aa5bfb4f659e4e7f4b3cd9ef763f574c503a77a1c167521ba6626dda8deb2263,2026-08-15T12:08:44+00:00,"OPPO F11 (CPH1913, CPH1911) 6.53 Inches IPS LCD - 8GB RAM 256GB ROM - 48MP + 5MP + 16MP Camera - Official PTA Approve - Dual SIM (WIth Box Charger, NoAccessoires Not Included - Multi Color)",https://www.daraz.pk/products/oppo-f11-cph1913-cph1911-653-ips-lcd-8gb-ram-256gb-rom-48mp-5mp-16mp-i485294027.html,,false,[],Weight Unknown,[34999.0],daraz.pk/daraz__oppo-f11-cph1913-cph1911-653-ips-lcd-8gb-ram-256gb-rom-48mp-5mp-16mp-i485294027.html.json,2951781b4e51a4a2be9bca668ef8aa21688026802a0bc24915a7b0896e0ffbe4,0.29167
3cb392fd7f87279c8d3071e127d47ab66c4ce3d56723f98c511862de23e979f6,2026-08-15T12:08:00+00:00,(Official PTA Approve) OPPO F15 (CPH2001) 6.4 Inches AMOLED Display - 8GB RAM 256GB ROM - 48MP + 8MP + 2MP + 2MP Camera - Dual SIM (WIth Box Charger Only Accessoires Not Included - Multi Color),https://www.daraz.pk/products/oppo-f15-cph2001-64-amoled-8gb-ram-256gb-rom-48mp-8mp-2mp-2mp-i476129663.html,,false,[],Weight Unknown,[44999.0],daraz.pk/daraz__oppo-f15-cph2001-64-amoled-8gb-ram-256gb-rom-48mp-8mp-2mp-2mp-i476129663.html.json,7caa0a701f602d69b056afec138e4436f674eb8dc02bce7a68a6dc1e46721990,0.33333
c8647610c30048228fccec8dd8e4d2843a1db98c46cd6a331d90c5bbb682b7bd,2026-08-15T11:20:43+00:00,Oppo Reno 15 5G 256GB,https://www.daraz.pk/products/oppo-reno-15-5g-256gb-i1950696746.html,,false,[],Weight Unknown,[179999.0],daraz.pk/daraz__oppo-reno-15-5g-256gb-i1950696746.html.json,5f17cab9ab42ff444275625cd9b40788d4e4a1f6611f14a5447d4546e444f274,0.45833
5fd0b72940fc5b8701ad51e5b615cf1ad45c511df9a305f33c897cd091386e84,2026-08-15T11:26:27+00:00,OPPO Reno 15F 5G (8GB RAM + 256GB ROM) | 7000mAh Battery | 50MP OIS Camera | Official PTA Approved,https://www.daraz.pk/products/oppo-reno-15f-5g-8gb-ram-256gb-rom-7000mah-50mp-ois-i1958020527.html,,false,[],Weight Unknown,[139999.0],daraz.pk/daraz__oppo-reno-15f-5g-8gb-ram-256gb-rom-7000mah-50mp-ois-i1958020527.html.json,a924c62715bcb83f092c23cf309a931ca7571c3f089f5f76112bade58e679c30,0.41667
22b08f5f454c9b65082f8070ac28c6e9741a018b4c3e35fe0062979d40e78c0e,2026-08-15T10:51:11+00:00,Oppo Reno 15F 5G Ai-Smartphone | 8GB - 258GB | 6.57 inches Display | Qualcomm Snapdragon® 7 Gen 4 | 7000mAh Battery With 80 Watt Super Fast Charging | Official PTA Approved With One Year Official Brand Warranty.,https://www.daraz.pk/products/oppo-reno-15f-5g-ai-8-258-657-qualcomm-snapdragon-7-4-7000mah-80-i1947284306.html,,false,[],Weight Unknown,[149999.0],daraz.pk/daraz__oppo-reno-15f-5g-ai-8-258-657-qualcomm-snapdragon-7-4-7000mah-80-i1947284306.html.json,de539e7e58bc81a39e06ade22834d8d641e8b1103aa6d43d86bd2bb1e9ebec8a,0.66667
52108780769e76e7a7d5d75bcd99b9dd66007103cc84951e3066face4e25b70b,2026-08-15T09:53:05+00:00,Oppo Reno 15F 8GB / 256GB,https://www.daraz.pk/products/oppo-reno-15f-8gb-256gb-i1954179858.html,,false,[],Weight Unknown,[134999.0],daraz.pk/daraz__oppo-reno-15f-8gb-256gb-i1954179858.html.json,9add17e5ee632ae493fcb467e299b142c81f43898e150b06a8e628f217c0553b,0.41667
801f7bce5e137fb010e1bd0b3659f5b6f26bd9f8a0cce8e34f262f0488376c34,2026-08-15T14:03:23+00:00,Oppo Reno13 5G - (12+256),https://www.daraz.pk/products/oppo-reno13-5g-12256-i946685078.html,,false,[],Weight Unknown,[149999.0],daraz.pk/daraz__oppo-reno13-5g-12256-i946685078.html.json,a1d2c77ce255c1ba20644dec95611fcd1a9ad2eebfdae8a6bbe1e901ebc986ce,0.29167
9ead57905a255924fdfffce34a0796ad35cbc258a044a25d7030aae746a341a0,2026-08-15T15:11:22+00:00,Oppo Reno13 Pro 5G - (12+512),https://www.daraz.pk/products/oppo-reno13-pro-5g-12512-i946661796.html,,false,[],Weight Unknown,[219999.0],daraz.pk/daraz__oppo-reno13-pro-5g-12512-i946661796.html.json,7388803032a509fe8ce5cca4a7d4c0d9ea754f39f2789cb2e280d0a559e68ac1,0.29167
d532255d64ded293332731fdb7de1260dd973189cdc2e310178c7ac50e4be7cb,2026-08-15T09:25:12+00:00,OPPO Reno13 Pro 5G | 12GB RAM + 512GB ROM - Like New (Open Box),https://www.daraz.pk/products/oppo-reno13-pro-5g-12gb-ram-512gb-rom-like-new-open-box-i698117860.html,,false,[],Weight Unknown,[219999.0],daraz.pk/daraz__oppo-reno13-pro-5g-12gb-ram-512gb-rom-like-new-open-box-i698117860.html.json,86471daf06549a4e0bd210b631c0e0db50b0074018236cbd486cb90e310f3a66,0.37500
93084852bb39a0d5ab833151a5c1b3d8722c81b9f823752752dd8b09ef5a7bdb,2026-08-15T09:38:07+00:00,OPPO Reno14 5G | 12GB RAM + 512GB ROM - Like New (Open Box),https://www.daraz.pk/products/oppo-reno14-5g-12gb-ram-512gb-rom-like-new-open-box-i896305960.html,,false,[],Weight Unknown,[159999.0],daraz.pk/daraz__oppo-reno14-5g-12gb-ram-512gb-rom-like-new-open-box-i896305960.html.json,ab6d39d4fe86303708d184665bece0e99262e5ea2d378adf4a4bdfcca8d86e52,0.33333
adfc2dda863a76db3b3e3391b9999e53a43894bef15e02dfd082fb19d5471bf2,2026-08-15T11:21:54+00:00,OPPO Reno14 Pro 5G | 12GB RAM + 512GB ROM - Like New (Open Box),https://www.daraz.pk/products/oppo-reno14-pro-5g-12gb-ram-512gb-rom-like-new-open-box-i1948019576.html,,false,[],Weight Unknown,[219999.0],daraz.pk/daraz__oppo-reno14-pro-5g-12gb-ram-512gb-rom-like-new-open-box-i1948019576.html.json,5ebb8be2f29d94df5c55e221ffbb4551e56af5e5ac79fcf7e6b9da5851fbe387,0.33333
3604b054a1bd7facd6fef64f4fe503a63d9f20ddab792679c8192500654da391,2026-08-15T11:57:09+00:00,OPPO Reno15 5G | 12GB RAM + 256GB,https://www.daraz.pk/products/oppo-reno15-5g-12gb-ram-256gb-i948057768.html,,false,[],Weight Unknown,[179999.0],daraz.pk/daraz__oppo-reno15-5g-12gb-ram-256gb-i948057768.html.json,9b45ef540781bc6a82d512baaa48e18bf44afe538c1170b0d809183c751a6a90,0.37500
4e705f59baa127afc8118dc527ea298ab007f344f6bdddbe3a62448463b02e82,2026-08-15T10:40:51+00:00,OPPO Reno15 5G | 12GB RAM + 256GB - Like New (Open Box),https://www.daraz.pk/products/oppo-reno15-5g-12gb-ram-256gb-like-new-open-box-i1965554919.html,,false,[],Weight Unknown,[179999.0],daraz.pk/daraz__oppo-reno15-5g-12gb-ram-256gb-like-new-open-box-i1965554919.html.json,be07cf5847ce058722dd34ec7c43f37a69d528cf83b429981ee2d3002e3d0a8c,0.37500
5af74d12c58aba8bfff512f7e6ee667aa256b2d557cb8da3b8e675745141a37d,2026-08-15T10:22:28+00:00,OPPO Reno15 5G | 12GB RAM + 512GB ROM - Like New (Open Box),https://www.daraz.pk/products/oppo-reno15-5g-12gb-ram-512gb-rom-like-new-open-box-i1965550930.html,,false,[],Weight Unknown,[189999.0],daraz.pk/daraz__oppo-reno15-5g-12gb-ram-512gb-rom-like-new-open-box-i1965550930.html.json,b25567dc6963c0dd65b0e5e2a3b0dd1e4b7a533ae4ec7eef324fcc24da7e1216,0.37500
8ae805a3a2d29c6e160f630aa4ca61fa1ab7bdee96dc5ce90066b9b448831c2c,2026-08-15T11:29:01+00:00,OPPO Reno15 Pro 5G | 12GB RAM + 512GB ROM,https://www.daraz.pk/products/oppo-reno15-pro-5g-12gb-ram-512gb-rom-i948520531.html,,false,[],Weight Unknown,[249999.0],daraz.pk/daraz__oppo-reno15-pro-5g-12gb-ram-512gb-rom-i948520531.html.json,a22093213ff2590077709f83fc87324898269f92f48a820f8dde04e3d58e9d14,0.37500
d176389d393413877d55f56df1d9700cb1210e28e53e45fa854ea520c66d116f,2026-08-15T10:48:20+00:00,Original Faywa F111 | 3 SIM Keypad Mobile | 2500mAh Battery | Magic Voice Changer | Wireless FM | PTA Approved | powerful Led torch,https://www.daraz.pk/products/original-faywa-f111-3-sim-keypad-mobile-2500mah-battery-magic-voice-changer-wireless-fm-pta-approved-powerful-led-torch-i1960771327.html,,false,[],Weight Unknown,[3599.0],daraz.pk/daraz__original-faywa-f111-3-sim-keypad-mobile-2500mah-battery-magic-voice-changer-wireless-fm-pta-approved-powerful-led-torch-i1960771327.html.json,139fa5dab64ed7c47f65afe32c17a99041bc79d7497492b403eaf0922b6711a0,0.20833
b5b4bb0ed9666018a0f853cde27a5afddd329a934aef03a35d583b74a8cd5132,2026-08-15T10:58:48+00:00,"Original G Five Dhoom | 3000mAh Battery Phone | 2.4"" Screen | Wireless FM | LED Torch | Auto Call Record | PTA Approved",https://www.daraz.pk/products/original-g-five-dhoom-3000mah-battery-phone-24-screen-wireless-fm-led-torch-auto-call-record-pta-approved-i1961458603.html,,false,[],Weight Unknown,[3199.0],daraz.pk/daraz__original-g-five-dhoom-3000mah-battery-phone-24-screen-wireless-fm-led-torch-auto-call-record-pta-approved-i1961458603.html.json,b73ccc5564b49a887416a427a990fc54fba49ed8c170d5705bdffbb1537c141f,0.20833
88f3711033fcd11bdbaa79c8a93d9167667cbaf59c4237eaf1fccc9d2c4b49ef,2026-08-15T10:58:12+00:00,"Original Itel 2165 | 2.8"" Big Display | 3000mAh Battery | Auto Call Recorder | Wireless FM | PTA Approved",https://www.daraz.pk/products/original-itel-2165-28-big-display-3000mah-battery-auto-call-recorder-wireless-fm-pta-approved-i1961466473.html,,false,[],Weight Unknown,[2999.0],daraz.pk/daraz__original-itel-2165-28-big-display-3000mah-battery-auto-call-recorder-wireless-fm-pta-approved-i1961466473.html.json,fd9aa730709f9a0dbf7257c6583f59bdfc1d16f26b7bfbae3b3fea13cb9ebd25,0.25000
83a5e461e2eda06fdcecb796f4b75902bcba06f4a17c62fb9756cdf7051be511,2026-08-15T10:49:45+00:00,💯 Original Samsung 45W PD UK Pin PPS Super Fast GaN Charger UK Plug for GALAXY S25 S24 S23 S22 S21 Note20 Ultra A54 A73 +1M PD Type,https://www.daraz.pk/products/original-samsung-45w-pd-uk-pin-pps-super-fast-gan-charger-uk-plug-for-galaxy-note20-ultra-a54-a73-1m-pd-type-i1961466463.html,,false,[],Weight Unknown,[29000.0],daraz.pk/daraz__original-samsung-45w-pd-uk-pin-pps-super-fast-gan-charger-uk-plug-for-galaxy-note20-ultra-a54-a73-1m-pd-type-i1961466463.html.json,1c47499f79f268990070949355392873a871fee1d26860be5d3d7e18846c6375,0.12500
d525125401d6661363fa83b32aeef45307a4757a338d71d95469afec7859b889,2026-08-15T09:36:46+00:00,"Itel P 40 || 4GB + 128GB || 6.6"" IPS Display || Non-removable Li-Po 6000mAh Battery Fast Charge 18W",https://www.daraz.pk/products/p-40-4gb-128gb-ips-66-mah-18-i433519952.html,,false,[],Weight Unknown,[39999.0],daraz.pk/daraz__p-40-4gb-128gb-ips-66-mah-18-i433519952.html.json,26d0285cf39b921c88c321af0111822118b1a006dca3e39710069847d03799c4,0.37500
dd1a75c90c7aa30a40bad0f8625e84584004a06a92b2691d6f1d14e44ca57db6,2026-08-15T09:25:49+00:00,"Itel P 70 4GB+4GB Extended Ram 128GB Rom 6.7"" HD+Sunlight Display IP54 6000 + 4000 mAh ) 10000 mAh- Fast charging 18W, PTA Approved",https://www.daraz.pk/products/p-70-4gb-4gb-128gb-hd-ip54-67-6000-mah-4000-mah-18w-pta-i738120350.html,,false,[],Weight Unknown,[41999.0],daraz.pk/daraz__p-70-4gb-4gb-128gb-hd-ip54-67-6000-mah-4000-mah-18w-pta-i738120350.html.json,eb5de4bf380959fbb42b8e64cdff609b7abd741e646494ac4bb7f66e966cb9f8,0.33333
3cd567b26b753aa6a8a383347673d0b09fc035514a04d9b385f943fabeaed475,2026-08-15T12:22:54+00:00,Huawei P10 Lite - 4gb - 64gb - PTA Approved - Dual SIM,https://www.daraz.pk/products/p10-4gb-64gb-pta-i593140620.html,,false,[],Weight Unknown,[21500.0],daraz.pk/daraz__p10-4gb-64gb-pta-i593140620.html.json,355373abb9c86e3a7b528bd60fda75a86043a93b065428f27f79e5f28f190535,0.29167
faa27ca707917fc4182d4b7c9eaa41a8e6501fb8c3bf395bd6015585f22b9f66,2026-08-15T09:44:18+00:00,Huawei P10 Lite | 64GB Storage | 4GB RAM | Octa-Core Processor | 3000 mAh Battery,https://www.daraz.pk/products/p10-air-64gb-4gb-i588343689.html,,false,[],Weight Unknown,[22500.0],daraz.pk/daraz__p10-air-64gb-4gb-i588343689.html.json,77ace8a148fb62b1e3c8b52d11a4348ce1e18fd377ab47b74099de7c32556cd7,0.41667
63a46536fe7bb4cf6811a49ad117b8b37f14e0320cd2426dede67984ccb4e7b9,2026-08-15T12:15:08+00:00,ITEL P40 = 4GB RAM = 128GB ROM = 6000mAh BATTERY,https://www.daraz.pk/products/p40-4gb-128gb-6000mah-i776251946.html,,false,[],Weight Unknown,[21999.0],daraz.pk/daraz__p40-4gb-128gb-6000mah-i776251946.html.json,5957d46f97676b739e0e101f3e316381e68fe026d90032fec3a4d22790a2f50e,0.58333
f06d046c8e00530e7d0df07f7ebf254e2c829a0c8974ff7843421c2dc60454bc,2026-08-15T12:20:07+00:00,ITEL P40 = 4GB RAM = 64GB ROM = 6000mAh BATTERY,https://www.daraz.pk/products/p40-4gb-64gb-6000mah-i776294057.html,,false,[],Weight Unknown,[20999.0],daraz.pk/daraz__p40-4gb-64gb-6000mah-i776294057.html.json,858e35c2226a4433efa079a2556233c95585364e28d8ffee0093f44eb781fabb,0.58333
0d0b4c79dc0a7b07b6b6c3f941e8da9c4ff0dd8344ea7320fe3c6e0c29c67580,2026-08-15T12:30:35+00:00,ITEL P65 = 4GB + 4GB RAM = 128GB ROM = 5000mAh BATTERY,https://www.daraz.pk/products/p65-4gb-4gb-128gb-5000mah-i617148521.html,,false,[],Weight Unknown,[29999.0],daraz.pk/daraz__p65-4gb-4gb-128gb-5000mah-i617148521.html.json,76299dceefc709877e58466a7219c7121c091587389cda6a048166ed033e6543,0.62500
5af414726da559f5bcad4648afd89ad627d1f2bccebda30541ee48e1b9f6207c,2026-08-15T12:59:45+00:00,ITEL P65C = 4GB RAM = 128GB ROM = 5000mAh BATTERY,https://www.daraz.pk/products/p65c-4gb-128gb-5000mah-i776253320.html,,false,[],Weight Unknown,[23499.0],daraz.pk/daraz__p65c-4gb-128gb-5000mah-i776253320.html.json,1586d45d014891fafd87ec1e59859561b91c51618fc4c8cc7835acf7290fd33d,0.58333
980714094b6ec86eec45442430412bcd62671bfa8caab17cd8472c24b1f119e6,2026-08-15T09:16:58+00:00,"Itel P65C 4GB + 128GB 6.6"" HD+ Punch Hole Display 120Hz , 5000 mAh-Battery Fast charging 18W , PTA Approved",https://www.daraz.pk/products/p65c-4gb-128gb-hd-66-mah-18-pta-i625560173.html,,false,[],Weight Unknown,[39999.0],daraz.pk/daraz__p65c-4gb-128gb-hd-66-mah-18-pta-i625560173.html.json,c3e7c3bb367ab74d68712723ef2637a31579d49fd1b37049ccc65c9a8065dd74,0.33333
f2f7c06cdc4c83288a90596827bcde1aca06eec27ad04e43bedfe17be349d576,2026-08-15T12:32:16+00:00,ITEL P70 = 4GB RAM = 128GB ROM = 6000mAh BATTERY,https://www.daraz.pk/products/p70-4gb-128gb-6000mah-i776242387.html,,false,[],Weight Unknown,[25999.0],daraz.pk/daraz__p70-4gb-128gb-6000mah-i776242387.html.json,fa20366ecdd70eeba04ac7510c821bb8bd80a2ca8c42458d8749ee52b8e910fa,0.58333
7000d658f0f028d85175eba8f407f896eed4a0448fc6d91c461dc1eb9261a0c0,2026-08-15T12:14:02+00:00,"itel P70 | 10,000mAh Big Battery with Fast Charging | 6.67” HD+ 120Hz Punch-Hole Display with Dynamic Bar | Up to 8GB* + 128GB storage with memory fusion | IP54 Water & Dust Resistance | 13MP Rear HD & 8MP Front Camera | PTA Approved & 1 year warranty",https://www.daraz.pk/products/p70-i725901009.html,,false,[],Weight Unknown,[34999.0],daraz.pk/daraz__p70-i725901009.html.json,cddb66911a637ea61858cb1f39e79861b0585cc5630e8bab7634498a7561fe71,0.29167
2aadfd8ead4851bdb0159f20e1cca29cbf6c25c57042da495aa63e06761beefc,2026-08-15T12:09:25+00:00,"Poco C75📲8GB RAM + 256GB ROM 6.88"" Dot Drop Display 5160mAh (typ) Battery PTA Approved Official Brand Warranty",https://www.daraz.pk/products/poco-c758gb-ram-256gb-rom-688-dot-drop-display-5160mah-typ-battery-pta-approved-official-brand-warranty-i610663678.html,,false,[],Weight Unknown,[32400.0],daraz.pk/daraz__poco-c758gb-ram-256gb-rom-688-dot-drop-display-5160mah-typ-battery-pta-approved-official-brand-warranty-i610663678.html.json,30da7a8bc50df09c502174c4f430d16b68a1077880f8dbcc5fc7e1b83b60ef88,0.37500
60e86d7fbf60ad3e720dee73de06affa6273de35510134f0973d16ad4975350c,2026-08-15T14:22:15+00:00,"POCO C85 8GBRAM 256GB ROM 6.9"" Dot Drop display 6000mAh Battery PTA Approved Official One Year Offficial Brand Warranty",https://www.daraz.pk/products/poco-c85-8gbram-256gb-rom-69-dot-drop-display-6000mah-battery-pta-approved-official-one-year-offficial-brand-warranty-i933611731.html,,false,[],Weight Unknown,[40999.0],daraz.pk/daraz__poco-c85-8gbram-256gb-rom-69-dot-drop-display-6000mah-battery-pta-approved-official-one-year-offficial-brand-warranty-i933611731.html.json,55da6ccbfb5454c43725e45026faa0a816d58c10d6d84de7a8cb40003726e106,0.33333
56eb22ba8f02350363b64b357fbc6379ff7dc8141df94eeaa530757ee821f143,2026-08-15T12:23:11+00:00,Poco X5 Pro 5g - 8GB+256GB - Android 12 OS - Octa-core - 6.7 Inches - 5000 mAh,https://www.daraz.pk/products/poco-x5-pro-5g-8gb256gb-android-12-os-octa-core-67-inches-5000-mah-i432551774.html,,false,"[""Black"",""other colors""]",Weight Unknown,[199999.0],daraz.pk/daraz__poco-x5-pro-5g-8gb256gb-android-12-os-octa-core-67-inches-5000-mah-i432551774.html.json,ef79e5d9dd498137821e3576820a1a254b31404426b048c78590909443fdcb62,0.70833
0516c4b024ef9b39f0023f04913a7cb3b8cd4603e1507bbf4f33e53812ec0f8f,2026-08-15T11:00:45+00:00,Portable 120W Fast Charger | USB-C PD QC3.0 | 4-Port Adapter (2 Type-C + 2 USB) | Quick Charge Wall Charger for Android,https://www.daraz.pk/products/portable-120w-fast-charger-usb-c-pd-qc30-4-port-adapter-2-type-c-2-usb-quick-charge-wall-charger-for-android-i1960767310.html,,false,[],Weight Unknown,[800.0],daraz.pk/daraz__portable-120w-fast-charger-usb-c-pd-qc30-4-port-adapter-2-type-c-2-usb-quick-charge-wall-charger-for-android-i1960767310.html.json,7427aef4f55a5929192eaccf8baacbf8fd3e01fc6b349c2e664c79f580a52c85,0.12500
a008469549768f0ae028d5a5d799d406c0832145efd3497a22fd49f31bf7a8a8,2026-08-15T15:00:21+00:00,Portable Ice Crusher Gola Ganda Machine,https://www.daraz.pk/products/portable-ice-crusher-gola-ganda-machine-i1961472072.html,,false,[],Weight Unknown,[2610.0],daraz.pk/daraz__portable-ice-crusher-gola-ganda-machine-i1961472072.html.json,34f16d690fe7925243b0b4dfe157b9a1f8c26b65fdecedff2fa8850d22821145,0.12500
d5ba37fecae32e8db940eaf2b89e714b05dfce1b2a5e257b2eebcb8b76925c78,2026-08-15T11:23:12+00:00,“POWER 666” (a Club Mobile phone model).,https://www.daraz.pk/products/power-666-a-club-mobile-phone-model-i1947760164.html,,false,[],Weight Unknown,[3900.0],daraz.pk/daraz__power-666-a-club-mobile-phone-model-i1947760164.html.json,1eaba88a129c1079639664f7831e3bb2deaa28229b73b556cde6fc424173cad9,0.25000
6c76377aba9ee35c456b54068cf02fa377e5b931221b8891eb42c8ce4fe204f6,2026-08-15T14:10:32+00:00,"SEGO sPro Hybrid Smartphone, PTA Approved, 16GB ,3.5"" HD+ Touch Display & Physical Keypad, MediaTek Quad-Core Processor, Smart Rear & Selfie Cameras, 3000mAh Battery, Type-C Charging, 2GB RAM, Dual SIM, 4G LTE.",https://www.daraz.pk/products/pta-16gb-35-hd-3000mah-c-2gb-4g-lte-i888329095.html,,false,[],Weight Unknown,[12499.0],daraz.pk/daraz__pta-16gb-35-hd-3000mah-c-2gb-4g-lte-i888329095.html.json,5d516451726edecba69e89f9318d3950aab32afa58bb5de66bbf08b122aa5f96,0.25000
98a9eab94e63a29078ef4cf7657b19b15b900ee2375b14f8642d6dcb07a331b0,2026-08-15T09:54:02+00:00,Motorola Moto Edge 2021 6/8GB Ram 256GB Rom PTA Approved,https://www.daraz.pk/products/pta-68gb-2021-gb-i434324370.html,,false,[],Weight Unknown,[64000.0],daraz.pk/daraz__pta-68gb-2021-gb-i434324370.html.json,ad2e68c9f2b8a02a9f56909aadb7ad27572df095b6560fcd63698b82b9443a65,0.29167
cd3b1a6c97e09599dad1bcb587200361b53735bdab3c698610d5147c70db1e83,2026-08-15T12:23:22+00:00,(Official PTA Approved) OPPO F11 (CPH1911) 6.53 Inches IPS LCD - 8GB RAM / 256GB ROM (128GB Usable + 128GB System Reserved) - 48MP + 5MP + 16MP Camera - Dual SIM (WIth Box Only Charger Accessoires Not Included - Multi Color),https://www.daraz.pk/products/pta-f11-cph1911-8gb-lcd-1-ips-653-gb-256gb-48mp-5mp-16mp-i724733421.html,,false,[],Weight Unknown,[25999.0],daraz.pk/daraz__pta-f11-cph1911-8gb-lcd-1-ips-653-gb-256gb-48mp-5mp-16mp-i724733421.html.json,ab6f2ccbe4904f2a004f235f3190fe296444b42296a638eeb2d12f988f27a5b2,0.29167
7a1390656b2cda9d5bade096be2cf5b8ca2897e9b90af83435c27a2e38b79063,2026-08-15T12:32:06+00:00,QMOBILE Q SMART BLAZE 4+4 = 8GB RAM = 64GB ROM = 5000mAh BATTERY,https://www.daraz.pk/products/q-4-4-8gb-64gb-5000mah-i443740834.html,,false,[],Weight Unknown,[17499.0],daraz.pk/daraz__q-4-4-8gb-64gb-5000mah-i443740834.html.json,1bc784cee6939b7c7722a3df333cad64744837f9bed5e3ffeebaa5d8ab0cc755,0.62500
0a9b03078c9c886da4e519d4c026e4e5e4af8b0cdc33dc3e4f357e82b479bb8b,2026-08-15T13:27:04+00:00,QMOBILE QSMART 8 = 4GB RAM = 128GB ROM = 5000mAh BATTERY,https://www.daraz.pk/products/q-q-8-4gb-128gb-5000mah-i781016045.html,,false,[],Weight Unknown,[19499.0],daraz.pk/daraz__q-q-8-4gb-128gb-5000mah-i781016045.html.json,7f28761abe36d62fa19ceb8c403db3ac70e281a401075d75751a3b43cf752d40,0.58333
f28315862cb48ab2935ea9cc8c0bcd09e38eeaa8715cb6e44dfeb7ef9c3790cf,2026-08-15T10:15:23+00:00,AQUOS R2 - RAM 4GB / ROM 64GB - Official PTA Approved - Best for Gamming,https://www.daraz.pk/products/r2-4gb-64gb-pta-i269721520.html,,false,[],Weight Unknown,[32500.0],daraz.pk/daraz__r2-4gb-64gb-pta-i269721520.html.json,3612228316d8939fbd640b7900a33d03355e60f1d1ef9a761c2590065ff4f917,0.29167
78ca2c54c6cd2fbc981b96cda9094dbbd0a1594601c51d9fc216d934eb7843a8,2026-08-15T12:28:26+00:00,"imported Sharp Aquos R2 //4GB RAM Snapdragon 845//3130mAh 10W//22MP 2160p//6.0"" 1440x3040 pixels//Android 8.0 (Oreo), upgradable to Android 10//Aquos mobile //sharp mobile phone",https://www.daraz.pk/products/r2-4gb-845-10-mah-22mp-3130-p-2160x60-1440-10-i539993801.html,,false,[],Weight Unknown,[26999.0],daraz.pk/daraz__r2-4gb-845-10-mah-22mp-3130-p-2160x60-1440-10-i539993801.html.json,64630e4bd5b69297f10e7a52ef7f85aa45972854f94076349002e5529c9be4db,0.50000
78fc1a8ab4eab325f40ec8cec45d8ec4e2837bb4fc74fa404f060e778f0aa699,2026-08-15T09:27:32+00:00,Aquos R2 - 4GB/64gb - Official PTA Approved- Water Resistant,https://www.daraz.pk/products/r2-4gb64gb-pta-i437404426.html,,false,[],Weight Unknown,[32500.0],daraz.pk/daraz__r2-4gb64gb-pta-i437404426.html.json,e11323a7752d332a72a730fd38e805a1699c26811f6183465402e8a87669bb14,0.33333
89f693bda821b21008a314c122b80dd1ca113573d07b567212f441fcc3aa2557,2026-08-15T10:59:45+00:00,AQUOS R2 - 4gb/64gb - Official PTA Approved - Gamming Phone - Best for PubG,https://www.daraz.pk/products/r2-4gb64gb-pta-pubg-i258544208.html,,false,[],Weight Unknown,[31500.0],daraz.pk/daraz__r2-4gb64gb-pta-pubg-i258544208.html.json,91dceaa8259a74037293dcbc88711f8e87ff9db28a57edeef06f48ee01a0df1c,0.37500
e463fb067842af823a2edef4fb7e1c893ba6115f62b87cff5673b9aa6be43df1,2026-08-15T10:59:36+00:00,Sharp Aquos R3 | 128GB Storage | 6GB RAM | Snapdragon 855 | 3200 mAh Battery | 12MP Dual Camera | Gamming Phone | Official PTA Approved,https://www.daraz.pk/products/r3-2-gb-6gb-128-mah-12mp-pta-i293054014.html,,false,[],Weight Unknown,[45500.0],daraz.pk/daraz__r3-2-gb-6gb-128-mah-12mp-pta-i293054014.html.json,f58ad74b65d3392a7758c3b0036302b8beb977656fc88fd841d222c3522cb3d2,0.37500
454b21ba572321c5fbaefe602ed5a5e16ebec42551d0d2f27b7e4411113f537b,2026-08-15T09:33:48+00:00,Aquos R5G | 256GB Storage | 12GB RAM | Snapdragon 865 |Official PTA Approved | Gaming Phone - 5G Supported,https://www.daraz.pk/products/r5g-2gb-12gb-10-pta-5g-i421354745.html,,false,[],Weight Unknown,[68500.0],daraz.pk/daraz__r5g-2gb-12gb-10-pta-5g-i421354745.html.json,1382504cac4d8313ab50c57a61ae3155eaedf8c4a7ad1a89bf347060a671f630,0.37500
6a3201f0f39ba21bda21a13e9e2bb34715b0521e67ac9e8af324fb284192e1f7,2026-08-15T15:22:40+00:00,Realme 15 5G 12GB+512GB,https://www.daraz.pk/products/realme-15-5g-12gb512gb-i1961687191.html,,false,[],Weight Unknown,[119999.0],daraz.pk/daraz__realme-15-5g-12gb512gb-i1961687191.html.json,7085ccb603eb0ce697089cb85ba51332470fe017b761beeae374050da8e12b1b,0.12500
2cd0d2e767ab9ac49cf5f5d4540b14f4bff20c2e20421fc55f71fed01e07ef3e,2026-08-15T15:27:27+00:00,Realme 15 Pro 12GB+512GB,https://www.daraz.pk/products/realme-15-pro-12gb512gb-i1962332539.html,,false,[],Weight Unknown,[159999.0],daraz.pk/daraz__realme-15-pro-12gb512gb-i1962332539.html.json,b3e095913f98c27b726dcdaf8d5f2aad469866136bc2148e46e8745490bdcf29,0.12500
3c4bc7ce19567b56773273337b6483c03cb81276bf17370c3e2278a598de13d6,2026-08-15T15:22:50+00:00,Realme 15T 8GB+256GB,https://www.daraz.pk/products/realme-15t-8gb256gb-i1961677329.html,,false,[],Weight Unknown,[89999.0],daraz.pk/daraz__realme-15t-8gb256gb-i1961677329.html.json,a20686af9e10b386b48a946d08f569730df5cc93921be8ce826716e067560742,0.12500
d47f5853435a5385e0685b295ae2805f9a93d0fb34a57074af4b121e1a31ead6,2026-08-15T10:16:47+00:00,realme 16 5G 8GB RAM + 256GB ROM,https://www.daraz.pk/products/realme-16-5g-8gb-ram-256gb-rom-i1951147850.html,,false,[],Weight Unknown,[129999.0],daraz.pk/daraz__realme-16-5g-8gb-ram-256gb-rom-i1951147850.html.json,09d484665684f4ed588078f13a9304c331282163390ac775da78d22a1f83584c,0.33333
31bb4163ee2b8125500294058173446e80e36be52598fc88688af2c1143005cf,2026-08-15T15:26:17+00:00,Realme 16 5G Air 12GB+512GB,https://www.daraz.pk/products/realme-16-5g-air-12gb512gb-i1961687276.html,,false,[],Weight Unknown,[129999.0],daraz.pk/daraz__realme-16-5g-air-12gb512gb-i1961687276.html.json,4d6e69baa55358d310e3a8baa847566b694e90af8de5fefbf1174db8b2803193,0.12500
13c268d464eb093117e4bf911014edeb83b686601c55f0fffba06e5635eaf0e1,2026-08-15T09:39:03+00:00,Realme 5i - 6.52 Inches IPS LCD Display - 6GB RAM - 128GB Storage - Official PTA Approved - Fingerprint Sensor - Snapdragon 665 - (Phone And Charger Only.No Box and No Accessories Included - Mix Color),https://www.daraz.pk/products/realme-5i-652-ips-lcd-6gb-ram-128gb-pta-snapdragon-665-i1953505623.html,,false,[],Weight Unknown,[29999.0],daraz.pk/daraz__realme-5i-652-ips-lcd-6gb-ram-128gb-pta-snapdragon-665-i1953505623.html.json,96ef4155d5f5204cb8280f677e674255459da678d78cc03f23bd409a0e25327d,0.41667
0b87e1fa8732ca2abb1311ec5eae84735e875c6b4106be4edd4c1c18cceae725,2026-08-15T13:06:15+00:00,Realme C 85 8GB+128GB,https://www.daraz.pk/products/realme-c-85-8gb128gb-i1949015757.html,,false,[],Weight Unknown,[59999.0],daraz.pk/daraz__realme-c-85-8gb128gb-i1949015757.html.json,7c30cc29bff7aec250da5390797d94fa569fd493d3d7f4536e4e5692e38a5308,0.33333
4a3dcc6d49d326087102fb58c2304cee65ea54c67c67b538dc9271968f8fdf08,2026-08-15T15:26:44+00:00,Realme C100i 4GB / 128GB,https://www.daraz.pk/products/realme-c100i-4gb-128gb-i1958915220.html,,false,[],Weight Unknown,[99999.0],daraz.pk/daraz__realme-c100i-4gb-128gb-i1958915220.html.json,40e3870f85eee5da417d7efd46e57800e6759239f68c3f30baf38c5c01a7004b,0.12500
d9d0a885694fb607ab0734d7a8dcc12b1c9ba7914052487f0f7d9fbf6eacc571,2026-08-15T10:58:21+00:00,Realme C100i 4GB RAM 64GB/128GB ROM 7000 mAh Battery Health Front Camera 5MP Back Camera 8MP One Year Brand Warranty,https://www.daraz.pk/products/realme-c100i-4gb-ram-64gb128gb-rom-7000-mah-5mp-8mp-i1960409793.html,,false,[],Weight Unknown,[43000.0],daraz.pk/daraz__realme-c100i-4gb-ram-64gb128gb-rom-7000-mah-5mp-8mp-i1960409793.html.json,c490fd2bde9735898c2af3c5b817c8cb81d8438952919b4fa610de159bc9ea26,0.41667
5681759b9f01d6e11c74aa4a1b311a4833ffcf977685daeaa9c70325496ec4f9,2026-08-15T10:19:38+00:00,realme C100i 4GB RAM,https://www.daraz.pk/products/realme-c100i-4gb-ram-i1958729442.html,,false,[],Weight Unknown,[38999.0],daraz.pk/daraz__realme-c100i-4gb-ram-i1958729442.html.json,626e343b03e7a69926346a3fba08535219a5e92bce5c20ce7728f546e277d88b,0.25000
2123760f2e7d982ffba07e83e280b46ad2dab3b8fc53b8dcac41f3e526f17a61,2026-08-15T15:03:31+00:00,Realme C100i 4GB/128GB,https://www.daraz.pk/products/realme-c100i-4gb128gb-i1968128816.html,,false,[],Weight Unknown,[46999.0],daraz.pk/daraz__realme-c100i-4gb128gb-i1968128816.html.json,a6757c601d8f5d59b6ee02571d3638cf34db5419abbb6e9b0e2dceb24628ea63,0.12500
65a365f14ae945043f2b807cbc53530c6b3170b1d9a0d2bc1603b4f9f0494ca6,2026-08-15T13:01:40+00:00,Realme C100i 4GB / 64GB,https://www.daraz.pk/products/realme-c100i-4gb64gb-i1958905393.html,,false,[],Weight Unknown,[36999.0],daraz.pk/daraz__realme-c100i-4gb64gb-i1958905393.html.json,9c2c4f8bd12eefcd8078cd27342b1c89c8bf190378d0ee28a71bfab4a05ea31d,0.12500
37f691e74454cdbc6f8e3c37e73c208687088017fbd46e0470497297e5fc07eb,2026-08-15T11:10:43+00:00,Realme C100i- 6.8 Inches Display - 4GB RAM 64GB ROM - 5MP Front Camera - 8MP Rear Camera - Dual SIM - 7000mAh Battery,https://www.daraz.pk/products/realme-c100i-68-4gb-ram-64gb-rom-5mp-8mp-7000mah-i1960341535.html,,false,[],Weight Unknown,[41000.0],daraz.pk/daraz__realme-c100i-68-4gb-ram-64gb-rom-5mp-8mp-7000mah-i1960341535.html.json,c9bbea04ee025c9992c6333648d15dd15083718565600e742d46feeb8c928572,0.37500
7a439ad0a5344164c8aad1311c79cd84ed634423528f26d257552132df96ae50,2026-08-15T10:36:21+00:00,Realme C100i - 6.8 Inches Display - 4GB RAM 64GB ROM - 5MP Front Camera - 8MP Rear Camera - Dual SIM - 7000mAh Battery,https://www.daraz.pk/products/realme-c100i-68-4gb-ram-64gb-rom-5mp-8mp-7000mah-i1961002211.html,,true,[],Weight Unknown,[41000.0],daraz.pk/daraz__realme-c100i-68-4gb-ram-64gb-rom-5mp-8mp-7000mah-i1961002211.html.json,11b66d5e41bde68b73659a94e1e9bbd15795e06a77c5121ac2de23b9e1047463,0.62500
66b0cddc0f258945773573386776adca7f9d89fea8d1fdcc150404de564b8450,2026-08-15T10:27:00+00:00,realme C100i 6GB RAM + 128GB ROM,https://www.daraz.pk/products/realme-c100i-6gb-ram-128gb-rom-i1967623779.html,,false,[],Weight Unknown,[56999.0],daraz.pk/daraz__realme-c100i-6gb-ram-128gb-rom-i1967623779.html.json,bac83f6ed0a78127b389c6a6692ca11d8f1395086c616dbbba2ce4c275ac40ac,0.25000
e550da83b6109bb0bc336a19dab9fd794af2d09a7b3f5c089c9a98ac59858f81,2026-08-15T15:28:56+00:00,Realme C100i 6GB/128GB,https://www.daraz.pk/products/realme-c100i-6gb128gb-i1968144670.html,,false,[],Weight Unknown,[56999.0],daraz.pk/daraz__realme-c100i-6gb128gb-i1968144670.html.json,06b6c7ba94143344495e5a979dd6c2164863cb5c74d67b4d17b94b078a1dc8b2,0.12500
3098d582d1b926d20f047a949ba5653827f22343ec6ffba8af542ac99ea660c4,2026-08-15T10:04:45+00:00,"Realme C12Realme C12 - 3GB RAM 32GB ROM | 6.5"" HD+ Display | 6000mAh Battery | 13MP Triple Camera | PTA Approved | Like New",https://www.daraz.pk/products/realme-c12realme-c12-3-32-65-6000mah-13mp-i1960392232.html,,false,[],Weight Unknown,[21000.0],daraz.pk/daraz__realme-c12realme-c12-3-32-65-6000mah-13mp-i1960392232.html.json,3eca7da1c3f3a6db14116df4326c54651b0b3903e6d76009e64a6690fc852731,0.45833
ae10f70b9ef81253b722fc965b433920125ca0f3d7b4eb0cf131e2036c955dab,2026-08-15T10:52:47+00:00,"Realme C12Realme C12 - 3GB RAM 32GB ROM | 6.5"" HD+ Display | 6000mAh Battery | 13MP Triple Camera | PTA Approved | Like New",https://www.daraz.pk/products/realme-c12realme-c12-3gb-ram-32gb-rom-65-hd-display-6000mah-battery-13mp-triple-camera-pta-approved-like-new-i1960773311.html,,false,[],Weight Unknown,[21750.0],daraz.pk/daraz__realme-c12realme-c12-3gb-ram-32gb-rom-65-hd-display-6000mah-battery-13mp-triple-camera-pta-approved-like-new-i1960773311.html.json,0243efb72274f4c9ce072bd8ee30de4cf26d728c97fab2d12db6e57b6af7bdc5,0.45833
be6cd85b9f0dcd860049d5d58f26654b0e5c0bc8f894f3a816e00789ab06e50f,2026-08-15T15:28:13+00:00,Realme C71 6GB+128GB,https://www.daraz.pk/products/realme-c71-6gb128gb-i1962322312.html,,false,[],Weight Unknown,[44999.0],daraz.pk/daraz__realme-c71-6gb128gb-i1962322312.html.json,634d0fca06d9f91feebce0338d7e2509644926a0520158325e1bd7f523e6e766,0.12500
695a5e50dae00761a2aa8f80cf2eb185455bf35ef09f977a2464778414720501,2026-08-15T15:27:49+00:00,Realme C75x 6GB+128GB,https://www.daraz.pk/products/realme-c75x-6gb128gb-i1962322368.html,,false,[],Weight Unknown,[43999.0],daraz.pk/daraz__realme-c75x-6gb128gb-i1962322368.html.json,828cc92e9ed978afa69cd06baeed88c6f196fe74dcc217e97a32b14a9a8051e4,0.12500
cc328f69700aa053458d890699ed599de5b19c6f2eb5429526151134904b76b7,2026-08-15T15:28:28+00:00,Realme C75x 8GB+128GB,https://www.daraz.pk/products/realme-c75x-8gb128gb-i1962336129.html,,false,[],Weight Unknown,[49999.0],daraz.pk/daraz__realme-c75x-8gb128gb-i1962336129.html.json,eccf01ae118887f908cda789253b1abc5a86500c05fcc9f0c470ecd7b7e268bb,0.12500
cc616721fee946042b3de3aeccc7bd71cb8af61e422a2053d151ce314c3d38e3,2026-08-15T15:18:17+00:00,Realme C85 Pro 8GB+128GB,https://www.daraz.pk/products/realme-c85-pro-8gb128gb-i1962336168.html,,false,[],Weight Unknown,[64999.0],daraz.pk/daraz__realme-c85-pro-8gb128gb-i1962336168.html.json,a2c37511cd4ad2c14a5da6139556ca77fdef090654798fe1e3d4fd979463fbac,0.12500
3ba72e0d85c29a8f37f75afe326bccd8c942a93a7330e5a611eb3912ba2ce3a3,2026-08-15T09:46:17+00:00,Realme GT 7T 12GB RAM 512GB ROM - PTA APPROVED,https://www.daraz.pk/products/realme-gt-7t-12gb-ram-512gb-rom-pta-approved-i895953652.html,,false,[],Weight Unknown,[169999.0],daraz.pk/daraz__realme-gt-7t-12gb-ram-512gb-rom-pta-approved-i895953652.html.json,b64cbcdd12ed0011c9f0dda70cc7bc547572424596479cedfbda860e28ef5d4c,0.29167
70388bed1e76b694d9ebb28eab8d37a00d80e1beb128d96942f155deb195c6ce,2026-08-15T13:58:52+00:00,Realme GT7 12GB RAM 512GB ROM - PTA APPROVED,https://www.daraz.pk/products/realme-gt7-12gb-ram-512gb-rom-pta-approved-i895971141.html,,false,[],Weight Unknown,[199999.0],daraz.pk/daraz__realme-gt7-12gb-ram-512gb-rom-pta-approved-i895971141.html.json,4545b254c402c645459a1a1bd5d7482070c0bdfb47115d25d577682ab47cbfaa,0.25000
75cc3e160d06a58d069d4c7f5eb740733f9aff5831294a96bbedb0cc23130e3d,2026-08-15T11:05:11+00:00,Realme GT7 Dream Edition 16GB RAM 512GB ROM PTA APPROVED,https://www.daraz.pk/products/realme-gt7-dream-edition-16gb-ram-512gb-rom-pta-approved-i895973213.html,,false,[],Weight Unknown,[219999.0],daraz.pk/daraz__realme-gt7-dream-edition-16gb-ram-512gb-rom-pta-approved-i895973213.html.json,fab42fab75c018c2328be9082e3a9ed0ef0da3d4e0d9eb9da70220f0ab233496,0.25000
5cb281d862fca368547cf93305f43bb9557e5b3c56e01759c06240e196f634df,2026-08-15T14:23:17+00:00,Realme Note 60X 3GB/64GB,https://www.daraz.pk/products/realme-note-60x-3gb64gb-i1949178777.html,,false,[],Weight Unknown,[26000.0],daraz.pk/daraz__realme-note-60x-3gb64gb-i1949178777.html.json,5833ca985f0e404421a51984f0f2f0e767df5127001e680aba0b908dbe8ca2f0,0.25000
57f20f8ff1e7b8fe672328d66960657b2f310d3e1d8c9a5fc88ccff0f3ebb8ff,2026-08-15T09:30:27+00:00,Realme Note 60X 4GB RAM 128GB ROM,https://www.daraz.pk/products/realme-note-60x-4gb-ram-128gb-rom-i869927352.html,,false,[],Weight Unknown,[39999.0],daraz.pk/daraz__realme-note-60x-4gb-ram-128gb-rom-i869927352.html.json,33c509048bf16fb7f070fe2a578c246020d41caab79fc0059f925d8aa6d09a1e,0.25000
4ea0b7e29645a49fdd07dd18a64db0ea45ddc675611bfb13d646615afef8e458,2026-08-15T14:41:12+00:00,Realme Note 60X 4GB/128GB,https://www.daraz.pk/products/realme-note-60x-4gb128gb-i1949180796.html,,false,[],Weight Unknown,[32000.0],daraz.pk/daraz__realme-note-60x-4gb128gb-i1949180796.html.json,180b7eb05ae71168d38e9d3e67332bc0f67689f81d629a76badeb15a228374d1,0.25000
ff443dcfcc19464dc719d4bc22c73a2d3adb7159257c88b4fd100f92b8311d77,2026-08-15T15:28:42+00:00,Realme Note 60X 4GB/64GB,https://www.daraz.pk/products/realme-note-60x-4gb64gb-i1949021729.html,,false,[],Weight Unknown,[29999.0],daraz.pk/daraz__realme-note-60x-4gb64gb-i1949021729.html.json,5940c594be74e78bf6a0d0fa6b948651e038bc62c5ac4f804a80f7e17eca12c7,0.25000
3e8fd93afc7bde1d8d099d6042cf6d8cc6aad330e29774958599d5e8d6e9b15c,2026-08-15T09:59:00+00:00,Realme Note 60x - 6.74 Inches Display - 3GB RAM 64GB ROM - 5MP Front Camera - 8MP Rear Camera - Dual SIM - 5000mAh Battery,https://www.daraz.pk/products/realme-note-60x-674-3gb-ram-64gb-rom-5mp-8mp-5000mah-i697415669.html,,false,[],Weight Unknown,[33000.0],daraz.pk/daraz__realme-note-60x-674-3gb-ram-64gb-rom-5mp-8mp-5000mah-i697415669.html.json,8156aeec1f18d2147205d6251435bf39561b5c57920034f57c1f2f3fd4fd116d,0.62500
7e95f623f700847ff3179aa94befd36e7d515e558d3908200e24caccb097b015,2026-08-15T09:32:04+00:00,Realme Note 60x- 6.74 Inches Display - 3GB RAM 64GB ROM - 5MP Front Camera - 8MP Rear Camera - UNISOC T612 Processor - Dual SIM - 5000mAh Battery,https://www.daraz.pk/products/realme-note-60x-674-3gb-ram-64gb-rom-5mp-8mp-unisoc-t612-5000mah-i696995706.html,,true,[],Weight Unknown,[33000.0],daraz.pk/daraz__realme-note-60x-674-3gb-ram-64gb-rom-5mp-8mp-unisoc-t612-5000mah-i696995706.html.json,9a21c47e5f66301c8a348c5f04c77eb03476189f5d99f61436a8e77c19d0d45c,0.58333
763f302582e58c7a56e2eda3d0dad4822493d55254a4325ae271d9350ebc5f0d,2026-08-15T10:02:32+00:00,Realme Note 60x - 6.74 Inches Display - 4GB RAM 64GB/128GB ROM - 5MP Front Camera - 8MP Rear Camera - Dual SIM - 5000mAh Battery,https://www.daraz.pk/products/realme-note-60x-674-4gb-ram-64gb128gb-rom-5mp-8mp-5000mah-i871872511.html,,false,[],Weight Unknown,[42000.0],daraz.pk/daraz__realme-note-60x-674-4gb-ram-64gb128gb-rom-5mp-8mp-5000mah-i871872511.html.json,242cd917931cd79116940e9c8e2764adcb00a82484c7927b420b8778ef516bfc,0.62500
6a6e694d1503e42bb58377200a060e8502270130a52938e53925be3c706bccfa,2026-08-15T10:01:02+00:00,Realme Note 60x - 6.74 Inches Display - 4GB RAM 64GB/128GB ROM - 5MP Front Camera - 8MP Rear Camera - UNISOC T612 - Dual SIM - 5000mAh Battery,https://www.daraz.pk/products/realme-note-60x-674-4gb-ram-64gb128gb-rom-5mp-8mp-unisoc-t612-5000mah-i871880280.html,,true,[],Weight Unknown,[37500.0],daraz.pk/daraz__realme-note-60x-674-4gb-ram-64gb128gb-rom-5mp-8mp-unisoc-t612-5000mah-i871880280.html.json,71cfae8b682ff5b3b1a28bc8f254b0689695b67edab2651946544be448641476,0.62500
2a7f2c54afb8fb8ee1a6fd109cd69a83c1d71610889e3eeda6448217dc46adbc,2026-08-15T09:15:00+00:00,Realme Note 60x Smartphone 4GB RAM 64GB ROM,https://www.daraz.pk/products/realme-note-60x-smartphone-4gb-ram-64gb-rom-i865096085.html,,false,[],Weight Unknown,[35999.0],daraz.pk/daraz__realme-note-60x-smartphone-4gb-ram-64gb-rom-i865096085.html.json,6a965efa29c296f8ebbd34dfdb91b39d3524078c8a677f6fcb984d85df499551,0.25000
e55b70f4d735a1531fde18bf5616ebcdddf644421d46f635190ebd8dab7efae4,2026-08-15T15:24:58+00:00,Realme Note 70 4GB+128GB,https://www.daraz.pk/products/realme-note-70-4gb128gb-i1961659114.html,,false,[],Weight Unknown,[39999.0],daraz.pk/daraz__realme-note-70-4gb128gb-i1961659114.html.json,ecc73d2f12066cbd3f65043d2000a992a6dc5d6f00eef0898d5feb22dc825411,0.12500
2196c92a8345499b4d8629850130c845ca75e823bf35d3d5cb89aa8cdab0e409,2026-08-15T10:19:21+00:00,Realme Note 70 - 6.74 Inches Display - 4GB RAM 128GB ROM - 13MP Front Camera - 5MP Rear Camera - Dual SIM - 6300mAh Battery,https://www.daraz.pk/products/realme-note-70-674-4gb-ram-128gb-rom-13mp-5mp-6300mah-i921641824.html,,false,[],Weight Unknown,[46000.0],daraz.pk/daraz__realme-note-70-674-4gb-ram-128gb-rom-13mp-5mp-6300mah-i921641824.html.json,f2b272d2692e6bf66f168535c4eeeae2dcdb7c558059326c53b6531c26de925a,0.33333
7c80eb6609c7946982f972c1e2b11c52e903381166c67ddd62438133ae3d0113,2026-08-15T10:37:20+00:00,Realme Note 70 - 6.74 Inches Display - 4GB RAM 128GB ROM - 13MP Front Camera - 5MP Rear Camera - Dual SIM - UNISOC T7250- 6300mAh Battery,https://www.daraz.pk/products/realme-note-70-674-4gb-ram-128gb-rom-13mp-5mp-unisoc-t7250-6300mah-i921670057.html,,false,[],Weight Unknown,[47000.0],daraz.pk/daraz__realme-note-70-674-4gb-ram-128gb-rom-13mp-5mp-unisoc-t7250-6300mah-i921670057.html.json,24d4b0669f0d12d3f84c60e79688ad5d456f4719c3119607736d6cf4c0db12d3,0.50000
08ce73d4905186bc116e9702036dc7f32ba36da173015baeff697e12a3306b39,2026-08-15T15:29:57+00:00,Realme Note 70 6GB+128GB,https://www.daraz.pk/products/realme-note-70-6gb128gb-i1961655292.html,,false,[],Weight Unknown,[41999.0],daraz.pk/daraz__realme-note-70-6gb128gb-i1961655292.html.json,7dd6652c4f5fcce8ee8e6ea587bbcb786c96ba8cb73db59f94574e986995c539,0.12500
38d6bf9f268805b4e549bb81dafd1d839da72ab20f3051c14e9b63adc26dcbdd,2026-08-15T11:42:59+00:00,Redmi 10A 4/128GB,https://www.daraz.pk/products/redmi-10a-4128gb-i391090837.html,,false,[],Weight Unknown,[38000.0],daraz.pk/daraz__redmi-10a-4128gb-i391090837.html.json,c00d47a7f273b70eb7e816e769c83ec21b2a83677d123eedb5120e2088164935,0.12500
c42c0dd63c64c034eba1f8eb9d42629a70acb650fe3c4390efb863d23b039c9f,2026-08-15T12:45:02+00:00,Redmi 10A 4GB RAM 128GB ROM 6.53 HD+ DISPLAY HELIO MEDIATEK G25 BOX PACK,https://www.daraz.pk/products/redmi-10a-4gb-ram-128gb-rom-653-hd-display-helio-mediatek-g25-box-pack-i403641150.html,,false,[],Weight Unknown,[45999.0],daraz.pk/daraz__redmi-10a-4gb-ram-128gb-rom-653-hd-display-helio-mediatek-g25-box-pack-i403641150.html.json,5daec68e4f90f8eda8604abcd701aea583e050ef2bfa2edd282f9b55d3c33dac,0.41667
d4b59cc5912d5740317a2e4f9d475015b759dc883a63ae7465e6136652825fa4,2026-08-15T12:25:59+00:00,Redmi 10c 4GB RAM 128GB ROM SNAPDRAGON®680 50MP CAMERA BOX PACK,https://www.daraz.pk/products/redmi-10c-4gb-ram-128gb-rom-snapdragon680-50mp-camera-box-pack-i403635460.html,,false,[],Weight Unknown,[50999.0],daraz.pk/daraz__redmi-10c-4gb-ram-128gb-rom-snapdragon680-50mp-camera-box-pack-i403635460.html.json,b747a64f8d69c9ba8174bcdbef8cb43b32457a429929fee1fc9812e79779d441,0.45833
7a4e7a06bc4572f67bb2a7563bb9e2e75545da46186bf3e5766396846a07f948,2026-08-15T12:00:08+00:00,"REDMI 13 8GBRAM-128GBROM 6.79 inchesDISPLAY5030 mAh, non-removable 33W wired Charging PTA APPROVED OFFICIAL BRAND WARRANTY",https://www.daraz.pk/products/redmi-13-8gbram-128gbrom-679-inchesdisplay5030-mah-non-removable-33w-wired-charging-pta-approved-official-brand-warranty-i502979629.html,,true,[],Weight Unknown,[35999.0],daraz.pk/daraz__redmi-13-8gbram-128gbrom-679-inchesdisplay5030-mah-non-removable-33w-wired-charging-pta-approved-official-brand-warranty-i502979629.html.json,1832a2cb29708fb725935bd30d46bcfc78e963f93a0ab92a9452a4cd299ec767,0.70833
bf30abc3d2626ea365c16757d65e61c6227010854bbac2f8675bc370db52330e,2026-08-15T12:01:25+00:00,"Redmi 14C 4GB RAM + 128GB ROM 6.88"" Dot Drop Display 5160mAh (typ) Battery PTA Approved Official Brand Warranty",https://www.daraz.pk/products/redmi-14c-4gb-ram-128gb-rom-688-dot-drop-display-5160mah-typ-battery-pta-approved-official-brand-warranty-i588264784.html,,false,[],Weight Unknown,[27760.0],daraz.pk/daraz__redmi-14c-4gb-ram-128gb-rom-688-dot-drop-display-5160mah-typ-battery-pta-approved-official-brand-warranty-i588264784.html.json,2f50b6a2a8a4647adfe755a1308cd7e10d863a034449bb63fafda0b0c4aa12cb,0.37500
47c7b8c2a88b3568c545d368e82da3c7b7743ee24c2b2c0e336658badff4f1f6,2026-08-15T12:00:24+00:00,"Redmi 14C 6GB RAM + 128GB ROM 6.88"" Dot Drop Display 5160mAh (typ) Battery PTA Approved Official Brand Warranty",https://www.daraz.pk/products/redmi-14c-6gb-ram-128gb-rom-688-dot-drop-display-5160mah-typ-battery-pta-approved-official-brand-warranty-i588264908.html,,false,[],Weight Unknown,[30850.0],daraz.pk/daraz__redmi-14c-6gb-ram-128gb-rom-688-dot-drop-display-5160mah-typ-battery-pta-approved-official-brand-warranty-i588264908.html.json,5bc282ab2c18b22d797badd3ff5657c5f83407b2b5b14959661d71a29283ec9b,0.37500
59ad212f8fc1e1721687e30124cadd271a9d01f305ba654ffb44cfe4413f7b02,2026-08-15T12:41:29+00:00,Redmi 15 8GB+128GB - PTA APPROVED,https://www.daraz.pk/products/redmi-15-8gb128gb-pta-approved-i924421704.html,,false,[],Weight Unknown,[52499.0],daraz.pk/daraz__redmi-15-8gb128gb-pta-approved-i924421704.html.json,7544cd553ccb803c3f9d8f5934da49d283e64ace018a6d8f409a7a12b6e566a1,0.20833
93ca83e747ea44c0e00649b5adaec7afa6bd766aab4c0aaa7f99da3f687bb5ef,2026-08-15T11:01:45+00:00,Redmi 15c - 4GB Ram - 128GB Rom - 6000mAh Battery,https://www.daraz.pk/products/redmi-15c-4gb-128gb-6000mah-i1964273442.html,,false,[],Weight Unknown,[39000.0],daraz.pk/daraz__redmi-15c-4gb-128gb-6000mah-i1964273442.html.json,efc627e03d0efc3d14abf366d128c5b4c340dc31d69e01f79c51ee76fa96af7e,0.45833
0974a29cc208e1c27016fdfb56b86e438e0dbf2f21df56013e159f5317f20108,2026-08-15T09:31:16+00:00,Redmi 15C 4GB +128GB - PTA APPROVED,https://www.daraz.pk/products/redmi-15c-4gb-128gb-pta-approved-i923138689.html,,false,[],Weight Unknown,[42999.0],daraz.pk/daraz__redmi-15c-4gb-128gb-pta-approved-i923138689.html.json,2cddd2c856b5ecbb73deda10e3f29e42f24dd6ecf5981fa9ca32539b88829263,0.20833
47e32fd413f5dae2e3adb5809c2a3647491de4f661096e9b2c3284b5eced54aa,2026-08-15T11:31:09+00:00,Redmi 15C - 6.9 Inches Display - 4GB RAM 128GB ROM - 8MP Front Camera - 50MP Rear Camera - Dual SIM - 6000mAh Battery,https://www.daraz.pk/products/redmi-15c-69-4gb-ram-128gb-rom-8mp-50mp-6000mah-i923645178.html,,false,[],Weight Unknown,[45000.0],daraz.pk/daraz__redmi-15c-69-4gb-ram-128gb-rom-8mp-50mp-6000mah-i923645178.html.json,f247b09dbe6f161ac8391221f1487bd4e2f57f6c5a7c314250b4c45c232b50ec,0.37500
1df2a1a7156e780c505557f332fb1e7d95f801dc497e95c8026f0d2a638253bc,2026-08-15T11:10:05+00:00,Redmi 15C - 6.9 Inches Display - 4GB RAM 128GB ROM - 8MP Front Camera - 50MP Rear Camera - Dual SIM - Helio G81-Ultra Processor - 6000mAh Battery,https://www.daraz.pk/products/redmi-15c-69-4gb-ram-128gb-rom-8mp-50mp-helio-g81-ultra-6000mah-i923624677.html,,true,[],Weight Unknown,[44000.0],daraz.pk/daraz__redmi-15c-69-4gb-ram-128gb-rom-8mp-50mp-helio-g81-ultra-6000mah-i923624677.html.json,858485f1dde80cc0bf00d9ad64ab06f6a72df72c03a1ddc60f03b2a1ae0e1979,0.62500
d3681835c3af1711fd4946c6ae899e7a7e1aa22baae7380f53735ade24f88a60,2026-08-15T11:48:40+00:00,Redmi 15C - 6.9 Inches Display - 6GB RAM 128GB ROM - 8MP Front Camera - 50MP Rear Camera - Dual SIM - 6000mAh Battery,https://www.daraz.pk/products/redmi-15c-69-6gb-ram-128gb-rom-8mp-50mp-6000mah-i923630580.html,,false,[],Weight Unknown,[50000.0],daraz.pk/daraz__redmi-15c-69-6gb-ram-128gb-rom-8mp-50mp-6000mah-i923630580.html.json,8b2d63f1c2f24212963787c9970314e810b3714b9fb570f45e55e174751e1863,0.37500
8d3e7a57e0d9971d42ba4d6ebcb409ce30d493cbd2e01c264a9107954fb2fb99,2026-08-15T11:47:30+00:00,Redmi 15C- 6.9 Inches Display - 6GB RAM 128GB ROM - 8MP Front Camera - 50MP Rear Camera - Dual SIM - Helio G81-Ultra Processor - 6000mAh Battery,https://www.daraz.pk/products/redmi-15c-69-6gb-ram-128gb-rom-8mp-50mp-helio-g81-ultra-6000mah-i923645159.html,,true,[],Weight Unknown,[51000.0],daraz.pk/daraz__redmi-15c-69-6gb-ram-128gb-rom-8mp-50mp-helio-g81-ultra-6000mah-i923645159.html.json,dc1aaaccc97c6b0a05dc6eca7b31475ac0ee5630bd49442821960555206428bb,0.62500
17e6100647e2f5564a0977324b6073e70835cbab1ca8cea98770ba194daad6cf,2026-08-15T09:41:58+00:00,Redmi 15C 6GB +128GB - PTA APPROVED,https://www.daraz.pk/products/redmi-15c-6gb-128gb-pta-approved-i923162414.html,,false,[],Weight Unknown,[46999.0],daraz.pk/daraz__redmi-15c-6gb-128gb-pta-approved-i923162414.html.json,1446416120147c43cee85bf09ca11a6529ea4baa746f3899943b49513d6fed94,0.20833
7e229f2167595c6344beee786dfbf9bf2db9cbd6e4abd738ef727708637d4d3d,2026-08-15T12:26:16+00:00,Redmi A1+ 6.52 inch display 2+2 Ram 32gb Rom,https://www.daraz.pk/products/redmi-a1-652-inch-display-22-ram-32gb-rom-i393004324.html,,false,[],Weight Unknown,[34999.0],daraz.pk/daraz__redmi-a1-652-inch-display-22-ram-32gb-rom-i393004324.html.json,b135f56db56176bc6c2540327779100616ea9dcb75936ed41ddc32938240f4c2,0.45833
ad8c863ed9f52409db5ea1dcf7b0238228e6a059bb4c2ea54d65af6e95dc7f54,2026-08-15T13:11:23+00:00,"Redmi A3 - 6.71"" Inch Display - 4GB RAM - 64GB & 128GB ROM Forest Green",https://www.daraz.pk/products/redmi-a3-671-inch-display-4gb-ram-64gb-128gb-rom-forest-green-i920330604.html,,false,[],Weight Unknown,[33375.0],daraz.pk/daraz__redmi-a3-671-inch-display-4gb-ram-64gb-128gb-rom-forest-green-i920330604.html.json,48181c8706edc8e7372b0c43f92ba028e74034c878eb2ba1945a12360eb53dbc,0.41667
31dd9bc99bd76efbd7314b75f1d2c5272ca61255475d9ad947e1b5de480d41a9,2026-08-15T09:15:56+00:00,Redmi A5 4 GB RAM ROM 64 Non Scanned - Non Active - PTA APPROVED,https://www.daraz.pk/products/redmi-a5-4-gb-ram-rom-64-non-scanned-non-active-pta-approved-i801532292.html,,false,[],Weight Unknown,[31999.0],daraz.pk/daraz__redmi-a5-4-gb-ram-rom-64-non-scanned-non-active-pta-approved-i801532292.html.json,ac8b325532f12f48c9cea158a813916bfba564dd202cda03a82e28197fc5dc5d,0.45833
ac745f68a73f03bda2843e19913d4f11678abd9845a0261a75a77e92c20694f6,2026-08-15T12:05:14+00:00,"Redmi A5 4GB RAM 128GB ROM 6.88"" large screen display 5200mAh battery PTA Approved Official One Year Brand Warranty",https://www.daraz.pk/products/redmi-a5-4gb-ram-128gb-rom-688-large-screen-display-5200mah-battery-pta-approved-official-one-year-brand-warranty-i752611152.html,,false,[],Weight Unknown,[27950.0],daraz.pk/daraz__redmi-a5-4gb-ram-128gb-rom-688-large-screen-display-5200mah-battery-pta-approved-official-one-year-brand-warranty-i752611152.html.json,e21190c8377e19d9a640729232a3049f55f97b12db66451c5d6fe8177ba7c981,0.33333
67bcb66b9f78dc8d456c4eaf6e9196048aa86f917a24738bfcf190110f4665fc,2026-08-15T12:02:36+00:00,"Redmi A5 4GB RAM 64GB ROM 6.88"" large screen display 5200mAh battery PTA Approved Official One Year Brand Warranty",https://www.daraz.pk/products/redmi-a5-4gb-ram-64gb-rom-688-large-screen-display-5200mah-battery-pta-approved-official-one-year-brand-warranty-i752590726.html,,false,[],Weight Unknown,[23799.0],daraz.pk/daraz__redmi-a5-4gb-ram-64gb-rom-688-large-screen-display-5200mah-battery-pta-approved-official-one-year-brand-warranty-i752590726.html.json,ee3ea954a2e18de42e025170e548fc2dd011ee702279b2e736cebadd01d19c0c,0.33333
98856725de541d71fe22f69528bc42de5193c0027cae76915ca2d608a87c64a8,2026-08-15T12:06:31+00:00,Redmi A5 4GB+128GB - PTA APPROVED,https://www.daraz.pk/products/redmi-a5-4gb128gb-pta-approved-i932541571.html,,false,[],Weight Unknown,[34999.0],daraz.pk/daraz__redmi-a5-4gb128gb-pta-approved-i932541571.html.json,e1d60f7084fb627bffd94484f3696864390da17c3e5ea47e45f57cc40023489d,0.25000
e9a68191ac26b6e580b49f1a0108fdd49610beeff17f5f7f73c9dfa1683b410b,2026-08-15T11:29:47+00:00,Redmi A7 Pro - 6.9'' Display 4GB RAM 128GB ROM 6000mAh Battery PTA Approved 1 Year Official Brand Warranty,https://www.daraz.pk/products/redmi-a7-pro-69-4gb-ram-128gb-rom-6000mah-pta-1-i1964511925.html,,false,[],Weight Unknown,[44999.0],daraz.pk/daraz__redmi-a7-pro-69-4gb-ram-128gb-rom-6000mah-pta-1-i1964511925.html.json,981409a5a68726f14bdc91317e4f7e3482c98c43758ebf7711221cc2853962a3,0.41667
be11a2202d4977317f0ce96bddfd1d39fe68db9979eb0416b18ab0540c5dc72f,2026-08-15T12:54:55+00:00,Redmi Note 12 8/128 GB Grey,https://www.daraz.pk/products/redmi-note-12-8128-gb-grey-i499436754.html,,false,[],Weight Unknown,[47000.0],daraz.pk/daraz__redmi-note-12-8128-gb-grey-i499436754.html.json,460b820a335278fece73233d576524e8fd2b180d11c90343b7b024b115d10b9a,0.12500
b1290d765165b7b75d5b6fd93264b1c4270c03b6a0959f1b45728114825085a0,2026-08-15T12:01:17+00:00,Redmi Note 14 8GB RAM 256GB ROM 6.67 Inches Display 5500 mAh Battery PTA Approved Official One Year Brand Warranty,https://www.daraz.pk/products/redmi-note-14-8gb-ram-256gb-rom-667-inches-display-5500-mah-battery-pta-approved-official-one-year-brand-warranty-i654367056.html,,false,[],Weight Unknown,[59650.0],daraz.pk/daraz__redmi-note-14-8gb-ram-256gb-rom-667-inches-display-5500-mah-battery-pta-approved-official-one-year-brand-warranty-i654367056.html.json,864aca7d809ccbf26a00ac42f735c06a9199398a7deed2550cdfa351b12ff900,0.41667
2b23d4df5e6f7ddcd0430c32af9f3a38c1127ef77ac7c03c316465a40d7021a7,2026-08-15T12:07:04+00:00,"Redmi Note 14 Pro 12GBRAM 512GB ROM 6.67"" AMOLED display 5500mAh (typ) Battery PTA Approved Official One Year Brand Warranty",https://www.daraz.pk/products/redmi-note-14-pro-12gbram-512gb-rom-667-amoled-display-5500mah-typ-battery-pta-approved-official-one-year-brand-warranty-i654407429.html,,false,[],Weight Unknown,[97673.0],daraz.pk/daraz__redmi-note-14-pro-12gbram-512gb-rom-667-amoled-display-5500mah-typ-battery-pta-approved-official-one-year-brand-warranty-i654407429.html.json,2e0805000fac4308ae5006f20f1ac49014d5a4ff693d4d817d4c96aa7662a052,0.41667
7da995e6a1d3007323165787830dff9e022100980d115caadf14025b8d157957,2026-08-15T09:19:06+00:00,"Redmi Note 14 Pro 8GBRAM 256GB ROM 6.67"" AMOLED display 5500mAh (typ) Battery PTA Approved Official One Year Brand Warranty",https://www.daraz.pk/products/redmi-note-14-pro-8gbram-256gb-rom-667-amoled-display-5500mah-typ-battery-pta-approved-official-one-year-brand-warranty-i654390601.html,,false,[],Weight Unknown,[82250.0],daraz.pk/daraz__redmi-note-14-pro-8gbram-256gb-rom-667-amoled-display-5500mah-typ-battery-pta-approved-official-one-year-brand-warranty-i654390601.html.json,9f41d6ab7738acfaeb09940cb4c93e6c6515fc8bf357397c06c6bfda8e0fa5da,0.41667
5fbefbf9f073936d34cb0359b0fa8ff629d40696dc1d476817f37452c5d40d27,2026-08-15T09:45:01+00:00,Redmi Note 14 Pro - AMOLED LCD - 6.67 Inches Display - 12GB RAM - 512GB ROM - 32MP Front Camera - 200MP+8MP+2MP Rear Camera - Dual SIM - Mediatek Helio G100 Ultra Processor- 5500mAh Battery,https://www.daraz.pk/products/redmi-note-14-pro-amoled-lcd-667-12gb-ram-512gb-rom-32mp-200mp8mp2mp-100-5500mah-i657300938.html,,false,"[""Midnight Black"",""Aurora Purple"",""Ocean Blue""]",Weight Unknown,[100000.0],daraz.pk/daraz__redmi-note-14-pro-amoled-lcd-667-12gb-ram-512gb-rom-32mp-200mp8mp2mp-100-5500mah-i657300938.html.json,7872c8b4623b69126bb675a801731751f8c78193aeb08c7b3073870bf7f15c8c,0.66667
704649bdecbdf4a156bd0f2e4cc504c6ac35f95b2319d579b40a853b06db5a8e,2026-08-15T12:39:36+00:00,Redmi Note 15 8GB 128GB,https://www.daraz.pk/products/redmi-note-15-8gb-128gb-i1949696692.html,,false,[],Weight Unknown,[69999.0],daraz.pk/daraz__redmi-note-15-8gb-128gb-i1949696692.html.json,c58d28665fe9b52e2a90b2a57177123214680045e7ff63aede53128bae60c3c1,0.12500
84f6afe02a67807a8c6fbdcbe1ee2ff4748fc902bbdaf81eb5d5202bf0b898f8,2026-08-15T12:53:07+00:00,Redmi Note 15 8GB 256GB,https://www.daraz.pk/products/redmi-note-15-8gb-256gb-i1949696693.html,,false,[],Weight Unknown,[74999.0],daraz.pk/daraz__redmi-note-15-8gb-256gb-i1949696693.html.json,4282f175813ae66f75ec043d9516d75532e672c69dbdefdc48a47c4a58271e70,0.12500
56ed3173aa53c88ad3ae3cdf17e1f2432100e0ec0e0cb80b3ac32240997a857b,2026-08-15T10:55:24+00:00,Redmi Note 15 - AMOLED LCD - 6.77 Inches Display - 8GB RAM 128GB/256GB ROM - 20MP Front Camera - 108MP+2MP Rear Camera - MediaTek Helio G100-Ultra Chipset - Dual SIM - 6000mAh Battery,https://www.daraz.pk/products/redmi-note-15-amoled-lcd-677-8gb-ram-128gb256gb-rom-20mp-108mp2mp-mediatek-helio-g100-ultra-chipset-6000mah-i1950817475.html,,false,"[""Black"",""Forest Green"",""Glacier Blue""]",Weight Unknown,[80000.0],daraz.pk/daraz__redmi-note-15-amoled-lcd-677-8gb-ram-128gb256gb-rom-20mp-108mp2mp-mediatek-helio-g100-ultra-chipset-6000mah-i1950817475.html.json,9efec018401f0d880c34448f7e37e3525bd15541c6950f3e5aae77961a0b5678,0.66667
848ca85c67a01364d2fbe9295a13a74b3b5978eca8ee6d33dfde37de80a10996,2026-08-15T14:39:09+00:00,Redmi Note 15 Pro 12GB 512GB,https://www.daraz.pk/products/redmi-note-15-pro-12gb-512gb-i1949704599.html,,false,[],Weight Unknown,[114999.0],daraz.pk/daraz__redmi-note-15-pro-12gb-512gb-i1949704599.html.json,b5579d4ea450ec49de834b73371be8c91331c2a5f22512b716646b3fa6664a86,0.12500
9cbf23718c9581428d60139b0ddac6a9deb13545db3b813c66fa652b72539d13,2026-08-15T10:32:18+00:00,Redmi Note 15 Pro 8GB 256GB,https://www.daraz.pk/products/redmi-note-15-pro-8gb-256gb-i1949690778.html,,false,[],Weight Unknown,[94999.0],daraz.pk/daraz__redmi-note-15-pro-8gb-256gb-i1949690778.html.json,deff6cea55117f333e453ab6db1a470a9f918c3810911a4656f91c3546b24ab3,0.12500
a2c336f00a07abfd1e3e84487b90a208a6fdddc00112ea02f7c85d1f0475f890,2026-08-15T12:01:36+00:00,Vivo S1 - 6.38 Inches FHD+ Super AMOLED Display - Dual Sim Official Approved - 8GB RAM + 256GB ROM - Phone and Box Only - Skyline Blue,https://www.daraz.pk/products/s1-fhd-8gb-638-gb-i495593199.html,,false,[],Weight Unknown,[39999.0],daraz.pk/daraz__s1-fhd-8gb-638-gb-i495593199.html.json,1f963a7e8d85757650cd4577409fd9d544aca12de2012894b49c554c4770a65e,0.45833
a3e0b62f161c5dd6f3a034772b5ac6e3d59afbefe6050a5e914d3b8128928f63,2026-08-15T11:17:43+00:00,Samsung Galaxy S22 Ultra 12GB RAM 256GB ROM 5000 mAh Battery Health Front Camera 40 MP Back Camera 108 MP + 10 MP + 10 MP + 12 MP One Year Brand Warranty,https://www.daraz.pk/products/s22-12gb-256gb-40-mp-10-mp-10-mp-12-mp-i1961271270.html,,false,[],Weight Unknown,[350000.0],daraz.pk/daraz__s22-12gb-256gb-40-mp-10-mp-10-mp-12-mp-i1961271270.html.json,1e429f3b1ee604dba3c3dd0a89382d36ca6b420e9775ad784833d2da8a16bc28,0.41667
e2937002a45828de151267e904d4ad9ec94251f78b145b02d6a6894372f4308b,2026-08-15T09:13:44+00:00,"Samsung Galaxy s22 ultra | 12GB Ram | 128GB, 256GB, 512GB | official PTA approved | without box",https://www.daraz.pk/products/s22-12gb-wach-pta-pta-i871482721.html,,false,[],Weight Unknown,[200000.0],daraz.pk/daraz__s22-12gb-wach-pta-pta-i871482721.html.json,81e95e25282166e8bd105fe6413df59e43df4949d8c53c9332aa3bcf49bb67c9,0.33333
eb20d868f70c504273bcf73fe835cc6d1f96ccb8159b769cce517b83becbe30a,2026-08-15T11:17:33+00:00,Samsung Galaxy S23 Ultra 12GB RAM 256GB ROM 5000 mAh Battery Health Front Camera 12 MP Back Camera 200 MP + 10 MP + 10 MP + 12 MP One Year Brand Warranty,https://www.daraz.pk/products/s23-12gb-256gb-12-mp-10-mp-10-mp-12-mp-i1962024009.html,,false,[],Weight Unknown,[310000.0],daraz.pk/daraz__s23-12gb-256gb-12-mp-10-mp-10-mp-12-mp-i1962024009.html.json,c8fbfda0949c79b96206bddff6ef9484aed99c9d1e5a50de78dd5caa73d2c688,0.41667
f3bcf38dbc76732011801fd1f9096c8ba6f5e13ec2e8d7337338702e3e379969,2026-08-15T09:50:00+00:00,Sumsung Galaxy S23 Ultra 12GB / 512GB OFFICAIL PTA APPROVED,https://www.daraz.pk/products/s23-12gb512gb-pta-i550956242.html,,false,[],Weight Unknown,[390000.0],daraz.pk/daraz__s23-12gb512gb-pta-i550956242.html.json,290b22b6ff6de0a5f4aed3b84f000cdb2b4b936801c7832ab7f285d178285a40,0.25000
eb273eb3dc5ad2a7c4579042a8d0636f5974a856a7e1246dbffc7b58a175395e,2026-08-15T13:36:53+00:00,ITEL S23 =8+8 = 16GB RAM 256GB ROM = 5000mAh Battery,https://www.daraz.pk/products/s23-8-8-16gb-256gb-5000mah-i438011167.html,,false,[],Weight Unknown,[25999.0],daraz.pk/daraz__s23-8-8-16gb-256gb-5000mah-i438011167.html.json,01aa378fef2ef173dc4973ba549c950c7e7dfeb0061d4029d84f4db17c128e72,0.62500
566c7d9ca765587787c4855ae1e835c0fee50702075307621a4a8cf60f846725,2026-08-15T09:15:15+00:00,"Samsung Galaxy S24 Ultra (12GB RAM, 256GB Storage)",https://www.daraz.pk/products/s24-12gb-256gb-i601341761.html,,false,[],Weight Unknown,[350000.0],daraz.pk/daraz__s24-12gb-256gb-i601341761.html.json,073fd52a5d42a17d731064811ec7dc3179c111c3bd9d0ef69929b0027ec3a6c8,0.45833
da58a95707676e5219bb590b86eacd347eae590aa2fca8aab1dd627de6304200,2026-08-15T09:28:27+00:00,Samsung Galaxy s24 ULTRA | 12GB RAM | 512GB & 256GB storage | approved | WITHOUT BOX |,https://www.daraz.pk/products/s24-12gb-512gb-i615226825.html,,false,[],Weight Unknown,[385000.0],daraz.pk/daraz__s24-12gb-512gb-i615226825.html.json,e8b4806fafe34204296519e1e7fba94ddcb1aa5ea454a61faa14c7e000f80a6e,0.29167
149038a5b831bc7e3aa0b735a338d42f87fd08294ebea5df97ad1065312680bd,2026-08-15T12:03:24+00:00,ITEL S24 = 8GB RAM = 128GB ROM = 5000mAh BATTERY,https://www.daraz.pk/products/s24-8gb-128gb-5000mah-i536551119.html,,false,[],Weight Unknown,[26499.0],daraz.pk/daraz__s24-8gb-128gb-5000mah-i536551119.html.json,d4e662af39cc5df2bb23c2159c92cf0e7cf6733592071ac349d2daba3b6d764d,0.58333
8baeed49c37368c4c253096ac2fe28272d73c3d6c6797c9520fe6c4f01ce3a9b,2026-08-15T12:41:00+00:00,ITEL S24 = 8GB + 8GB RAM = 128GB ROM = 5000mAh BATTERY,https://www.daraz.pk/products/s24-8gb-8gb-128gb-5000mah-i616901871.html,,false,[],Weight Unknown,[27999.0],daraz.pk/daraz__s24-8gb-8gb-128gb-5000mah-i616901871.html.json,654a9e58d4dabc678e17a0f694115c2f2f771c76b1c7591f205c064b377ea78d,0.58333
58482bae80efd32467148f842a93b06678400fac35c6f4bfb87b415334197fa1,2026-08-15T12:59:09+00:00,ITEL S24 = 8GB + 8GB RAM = 256GB ROM = 5000mAh BATTERY,https://www.daraz.pk/products/s24-8gb-8gb-256gb-5000mah-i616886912.html,,false,[],Weight Unknown,[30999.0],daraz.pk/daraz__s24-8gb-8gb-256gb-5000mah-i616886912.html.json,3d9f4a2b06b7cc49a3bed5c749e9b7395f2c8174ce4eaf5b15f972be476c5732,0.58333
b8188273549391ff18cbba3122e3ee015b14c5e9f3be05bfa192f87ae73b5180,2026-08-15T12:33:22+00:00,ITEL S24 = 8GB + 8GB RAM = 256GB ROM = 5000mAh BATTERY,https://www.daraz.pk/products/s24-8gb-8gb-256gb-5000mah-i641045305.html,,false,[],Weight Unknown,[28999.0],daraz.pk/daraz__s24-8gb-8gb-256gb-5000mah-i641045305.html.json,0f9d023088f68745d86f730babcfd43f660d1762f083e692eef3ce40dfcd697a,0.58333
863942688bf32b7a7d1f9e6880a82bcea78aa57313880d2dc4e7bea43989ec41,2026-08-15T12:14:29+00:00,"SEGO S24 | 6.7"" HD+ Display | 128GB ROM + 12GB* RAM",https://www.daraz.pk/products/s24-hd-67-gb-12gb-i661089512.html,,false,[],Weight Unknown,[28999.0],daraz.pk/daraz__s24-hd-67-gb-12gb-i661089512.html.json,27d91d2c631e653749167f30db1e82655f78e68c82bc8822e6a4c3330dc3fe15,0.33333
bd65cb664d1a081b06531b112c093a03b6b438e973420f0ab17e2f43ffbc8455,2026-08-15T09:32:56+00:00,Samsung Galaxy S25 Ultra || 12GB RAM 512GB ROM || Qualcomm Snapdragon 8 Elite (3nm) Processor || UHD 8K Back Video Recording || 200.0 MP Camera || 6.9 Inches Display,https://www.daraz.pk/products/s25-12gb-8-gb-8-3nm-uhd-8k-67-1-mp-11-i671355069.html,,false,[],Weight Unknown,[560000.0],daraz.pk/daraz__s25-12gb-8-gb-8-3nm-uhd-8k-67-1-mp-11-i671355069.html.json,e2f51d857feac3d002f88a0e38ac56aca17d57689e8f7b62473a01623abead2d,0.62500
5f4145d8e5082d58a597066719a1160470b7d2f05a06fba58def043d10ba5c3f,2026-08-15T12:14:37+00:00,"itel S25 Ultra 16GB* RAM + 256GB Storage with Memory Fusion | 6.78″ HD+ 120Hz Punch Hole Display | 120Hz Refresh Rate with Curved Display | 50MP Ultra Clear Camera | T620 Octacore Powerful Processor | 5,000mAh Battery with 18W Fast Charging| PTA Approved",https://www.daraz.pk/products/s25-16gb-256gb-hd-678-hz-120hz-50mp-ace-t620-100-mah-18-i644816818.html,,false,[],Weight Unknown,[44999.0],daraz.pk/daraz__s25-16gb-256gb-hd-678-hz-120hz-50mp-ace-t620-100-mah-18-i644816818.html.json,1276f2a0159afea219860ada65180c7c72a2cacf74cb5b23c16472559938477d,0.29167
27603a75896a792c7293209da5e40a7db69ba136eb0ac6a6616c3af362458172,2026-08-15T09:33:06+00:00,"Samsung Galaxy S25 Ultra 5G - 12GB RAM, 512GB ROM - 200MP Quad Camera, Snapdragon 8 Elite, 6.9"" Dynamic AMOLED 2X, 5000mAh Battery, 120Hz, Gorilla Armor 2, Stylus, IP68",https://www.daraz.pk/products/s25-5g-12gb-512gb-200mp-8-69-2x-5000mah-120hz-2-ip68-i721795814.html,,false,"[""Titanium Silver Blue"",""Titanium Black"",""Titanium White Silver"",""Titanium Gray"",""Titanium Jade Green"",""Titanium Jet Black"",""Titanium Pink Gold""]",Weight Unknown,[469999.0],daraz.pk/daraz__s25-5g-12gb-512gb-200mp-8-69-2x-5000mah-120hz-2-ip68-i721795814.html.json,dffb53fb18555289fb771f133dd29b38c64998a2a7298742fb9bf268135f3c05,0.66667
2a7fecc9d8e82cde427fcdb1d0bb1324f8f90d31a2f2c39170d52db9006dd9ae,2026-08-15T12:15:17+00:00,ITEL S25 = 6GB + 6GB RAM = 128GB ROM = 5000mAh BATTERY,https://www.daraz.pk/products/s25-6gb-6gb-128gb-5000mah-i641023179.html,,false,[],Weight Unknown,[31999.0],daraz.pk/daraz__s25-6gb-6gb-128gb-5000mah-i641023179.html.json,712c1fed0fad5bb6943909b3395b675dca610950f648d3d295b755d83875a735,0.62500
f3723fe3dad58673300bf5d55c00240c4cd64be3eccca22064cdbcfcc92c3081,2026-08-15T12:50:43+00:00,ITEL S25 = 6GB + 6GB = 12GB RAM = 128GB ROM = 5000mAh BATTERY,https://www.daraz.pk/products/s25-6gb-6gb-12gb-128gb-5000mah-i776187956.html,,false,[],Weight Unknown,[31999.0],daraz.pk/daraz__s25-6gb-6gb-12gb-128gb-5000mah-i776187956.html.json,f2ed190a51d7d773ffc45860ae7bafa6530516736a2166794197eefcb613be1a,0.62500
fb57293af73a6c541a3f2595f2eb2afe3ace81309514b55c5d46f4851a5e2ca3,2026-08-15T12:13:04+00:00,ITEL S25 ULTRA = 8GB + 8GB = 16GB RAM = 256GB ROM = 5000mAh BATTERY,https://www.daraz.pk/products/s25-8gb-8gb-16gb-256gb-5000mah-i769522871.html,,false,[],Weight Unknown,[46999.0],daraz.pk/daraz__s25-8gb-8gb-16gb-256gb-5000mah-i769522871.html.json,b04409dab5f0b768169c43003cd109cc978914dfe4f600ef494827db17f22c86,0.62500
642ab4feb6e006a68f2dd25f819de3c16286ac565e599099e222ab434ad267b5,2026-08-15T12:33:34+00:00,ITEL S25 ULTRA = 8GB + 8GB RAM = 256GB ROM = 5000mAh BATTERY,https://www.daraz.pk/products/s25-8gb-8gb-256gb-5000mah-i652594500.html,,false,[],Weight Unknown,[46499.0],daraz.pk/daraz__s25-8gb-8gb-256gb-5000mah-i652594500.html.json,71664b66b25fcb569197e41efd3780a06aa53609a1cbd1357d9060a6c0bfcd25,0.62500
2f50f3fb6c4b49cdfd932e487e9d577a78e6107db6ab6afdcdf388975c62cd90,2026-08-15T13:09:27+00:00,"itel S25 Ultra – 8GB RAM (+8GB Extended) + 256GB UFS 2.2 | 6.78” 3D-Curved AMOLED 120Hz Display | 50MP Dual AI Camera + 32MP Selfie | Unisoc T620 | 5000mAh Battery, 18W Fast Charge | Android 14 (Upgradeable)",https://www.daraz.pk/products/s25-8gb-8gb-3-256-hz-fe-50mp-ai-32mp-t620-18-14-i920430229.html,,false,"[""Bromo Black"",""Meteor Titanium"",""Komodo Ocean""]",Weight Unknown,[64999.0],daraz.pk/daraz__s25-8gb-8gb-3-256-hz-fe-50mp-ai-32mp-t620-18-14-i920430229.html.json,630beeb5eeb5986bb569b2816459f1c10d9c4c5434a2e4c5342e6d37a9364a1b,0.70833
2f6f9e18252459c7b3758ebdd17034fbee0f8a2cc457c5a507f24efdbfbf9f1a,2026-08-15T11:04:52+00:00,Samsung S25 Fe - Dynamic AMOLED 2X LCD - 6.7 Inches Display - 8GB RAM 256GB/512GB ROM - 50MP+12MP+8MP Rear Camera - 12MP Front Camera - Dual SIM - 4900mAh Battery,https://www.daraz.pk/products/s25-fe-2x-lcd-67-8gb-8gb256gb-50mp-12mp-8mp-12mp-512-mah-i941929175.html,,false,[],Weight Unknown,[225000.0],daraz.pk/daraz__s25-fe-2x-lcd-67-8gb-8gb256gb-50mp-12mp-8mp-12mp-512-mah-i941929175.html.json,f0242651003f9dc24e58697c6d6ea60e036a91be23aa2cfafc02ec71c635d007,0.41667
43bc4d308f8d3ebde0c0cb4b699fdaf6a4c0c84b2eb113f7d58dfc6d19992fe7,2026-08-15T11:13:39+00:00,Samsung S25 Fe - Dynamic AMOLED 2X LCD - 6.7 Inches Display - 8GB RAM 256GB/512GB ROM - 50MP+12MP+8MP Rear Camera - 12MP Front Camera - Exynos 2400 Chipset - Dual SIM - 4900mAh Battery,https://www.daraz.pk/products/s25-fe-2x-lcd-67-8gb-8gb256gb-50mp-12mp-8mp-12mp-exynos-512-4900mah-i941928402.html,,false,[],Weight Unknown,[225000.0],daraz.pk/daraz__s25-fe-2x-lcd-67-8gb-8gb256gb-50mp-12mp-8mp-12mp-exynos-512-4900mah-i941928402.html.json,06558978d0c9888db5ec49226dc41fce76cb75db39f15aef11af285e1276dc77,0.62500
fb11ae24ab8c7db85d677621b15c78486daec1e607087914a86b325518267db4,2026-08-15T11:42:41+00:00,"Samsung Galaxy S25 FE 5G 8GB + 512GB , 6.7"" Dynamic AMOLED 2X 120Hz , Li-ion Si-Ca 4900 mAh - Fast Charging 45W wired",https://www.daraz.pk/products/s25-fe-5g-8gb-512gb-67-2x-120hz-si-ca-4900-mah-45w-i926763543.html,,false,[],Weight Unknown,[293999.0],daraz.pk/daraz__s25-fe-5g-8gb-512gb-67-2x-120hz-si-ca-4900-mah-45w-i926763543.html.json,88205f1ead81d007ea95102d98ef49cfa12f13747e3abc5db640eee16393124a,0.37500
d462fa0676b5722e8b57ee3a2aac6eb054469a87bfb69347aeaea76808b67bee,2026-08-15T10:11:39+00:00,Samsung S25 Fe - 6.7 Inches Display - 8GB RAM 256GB/512GB ROM - 50MP+12MP+8MP Rear Camera - 12MP Front Camera - Dual SIM - 4900mAh Battery,https://www.daraz.pk/products/s25-fe-8gb-8gb67-gb-50mp-12mp-8mp-12mp-256-mah-i941933148.html,,false,[],Weight Unknown,[225000.0],daraz.pk/daraz__s25-fe-8gb-8gb67-gb-50mp-12mp-8mp-12mp-256-mah-i941933148.html.json,6b5d316b14b689c980e8d1f7d104c4b709123edcc8c9b7f43e12b15336ea6788,0.41667
527ec691eced48e8c1387adc7574fe9858dce010a27734551a6143ee6196fdc1,2026-08-15T13:54:47+00:00,"SEGO S25 | 6.7"" HD+ Display | MediaTek Helio G91 | 128GB ROM + 24GB RAM | 50MP AI Triple Camera | 5000mAh Battery, 18W Fast Charging | PTA Approved*",https://www.daraz.pk/products/s25-hd-g91-24gb-24gb-50mp-ai-18-pta-i892155424.html,,false,[],Weight Unknown,[34999.0],daraz.pk/daraz__s25-hd-g91-24gb-24gb-50mp-ai-18-pta-i892155424.html.json,809f39c218f43f2f6b0264b005ba83aa30b47c611ed8443f53a957182460f011,0.33333
f3354b2886a900eba98428d23e6115bbe0c23e8502c1abc14d3750eb72fe2775,2026-08-15T11:28:52+00:00,Samsung Galaxy S26 Plus 12GB RAM 256GB/512GB ROM 4900 mAh Battery 50MP Back Camera One Year Brand Warranty,https://www.daraz.pk/products/s26-12gb-256gb-512-mah-50mp-i1948309941.html,,false,[],Weight Unknown,[500000.0],daraz.pk/daraz__s26-12gb-256gb-512-mah-50mp-i1948309941.html.json,39eeff3dac98e5542e01c43cf7a05f5adaf5b619f6dcc2dc00869f5142754843,0.33333
5ad3600732f6f5bcc0313af681e67a4ad7d4f176c1039988b253238820a7a2cb,2026-08-15T10:46:49+00:00,Samsung Galaxy S26 Ultra 12GB RAM 256GB/512GB ROM 200.0 MP + 50.0 MP + 50.0 MP + 10.0 MP Back Camera 5000 mAh Battery ONE YEAR BRAND WARRANTY,https://www.daraz.pk/products/s26-12gb-256gb512gb-2000-mp-500-mp-500-mp-1-mah-i1948337093.html,,false,[],Weight Unknown,[600000.0],daraz.pk/daraz__s26-12gb-256gb512gb-2000-mp-500-mp-500-mp-1-mah-i1948337093.html.json,8f805b9d5a9fbcf0e512f49897f3f21dcc7f47bfb250896040d22305c873e0f2,0.33333
ee8622654586c91e4129bdb3d412961a7d54c51f8f786335195e22b8ac55183b,2026-08-15T13:09:55+00:00,Itel S26 Ultra - 8GB RAM 256GB ROM 6.78'' AMOLED Display 50MP Rear Camera 6000mAh Battery PTA Approved 1 Year Official Brand Warranty,https://www.daraz.pk/products/s26-8gb-256gb-50mp-678-mah-pta-1-i935024235.html,,false,[],Weight Unknown,[54999.0],daraz.pk/daraz__s26-8gb-256gb-50mp-678-mah-pta-1-i935024235.html.json,50e05319076988d1364e7b478e3b47395f0ec3e586b2bae6de403a1b0b507df1,0.33333
d13b768f88926fad1eb4b77648fea2029807b410011e065ac3ef0a90cb0fe603,2026-08-15T12:45:22+00:00,ITEL S26 ULTRA = 8GB RAM = 256GB ROM = 6000mAh BATTERY,https://www.daraz.pk/products/s26-8gb-256gb-6000mah-i924580282.html,,false,[],Weight Unknown,[59999.0],daraz.pk/daraz__s26-8gb-256gb-6000mah-i924580282.html.json,f58a8defe45fabdc154150bcdf5da2049c3e988f53fd6bab9661789d69dc74d8,0.37500
7184b390c31f58318c2453800b8772d0c952350fe906ee48c704e8996c4df175,2026-08-15T13:10:07+00:00,ITEL S26 ULTRA = 8GB RAM = 256GB ROM = 6000mAh BATTERY,https://www.daraz.pk/products/s26-8gb-256gb-6000mah-i924668004.html,,false,[],Weight Unknown,[66999.0],daraz.pk/daraz__s26-8gb-256gb-6000mah-i924668004.html.json,89b0924e7ffd3ae8a4b4f85de958bdb778596c699e26aaa2a9e34254447441b4,0.37500
dde4f9259d3d5841576021cf3b1737d44a39abdaf0c682429df3617bec257f4a,2026-08-15T12:39:48+00:00,SPARX S6 = 2GB RAM = 32GB ROM = 2800mAh BATTERY,https://www.daraz.pk/products/s6-2gb-32gb-2800mah-i748805490.html,,false,[],Weight Unknown,[11999.0],daraz.pk/daraz__s6-2gb-32gb-2800mah-i748805490.html.json,19364513f5bff2840250542e6a7519122aa4ad9724cff12e1b2d848bccf5bc17,0.58333
b2865fc89887338fe3cf534245a47737d56949337e70a1d8261cdc363f305c3e,2026-08-15T09:49:38+00:00,Samsung A04 3/32 4/64,https://www.daraz.pk/products/samsung-a04-332-464-i399013988.html,,false,[],Weight Unknown,[42000.0],daraz.pk/daraz__samsung-a04-332-464-i399013988.html.json,40b93d83f2683d79b17930f4078a08bf6b5ca34753d328debcb052326f9cd44e,0.12500
2afc076c22ab547f313ab7ed3d76fe53e1f92bbbb38b897687f4ec91ab5533e8,2026-08-15T11:08:13+00:00,Samsung A37 5G 8GB/256GB,https://www.daraz.pk/products/samsung-a37-5g-8gb256gb-i1954208040.html,,false,[],Weight Unknown,[149999.0],daraz.pk/daraz__samsung-a37-5g-8gb256gb-i1954208040.html.json,f58e13aa1570a717ca8766b596970100037d5c10dfc4f33432e7ea473831bd45,0.37500
008742a47d8e92324121c4b2759982f637c5e70262c7de46e3302e67e0ddf8be,2026-08-15T12:37:59+00:00,Samsung A54 8 GB plus 256 GB Reserve SKU Mobile Phone,https://www.daraz.pk/products/samsung-a54-8gb256gb-reserve-sku-i555436537.html,,false,[],Weight Unknown,[119000.0],daraz.pk/daraz__samsung-a54-8gb256gb-reserve-sku-i555436537.html.json,bf248049ddc3039182199fbc6b333511ec7debb4d7c46214cde17737ea223627,0.12500
34521f6dbd90f69091e9d4d352efaea913d70834d4398efdf384a6dd820ea8a4,2026-08-15T10:09:23+00:00,Samsung A57 5G 12GB/256GB,https://www.daraz.pk/products/samsung-a57-5g-12gb256gb-i1953869960.html,,false,[],Weight Unknown,[184999.0],daraz.pk/daraz__samsung-a57-5g-12gb256gb-i1953869960.html.json,2ae5f6922e314c34a6dd19edf9d62186a02054385cb080849b90417f144f1c7c,0.37500
79a4d203e632d1b2ef91140ed5a067df324829333f503d2829f534accb1b07cc,2026-08-15T11:08:23+00:00,Samsung A57 5G 12GB/512GB,https://www.daraz.pk/products/samsung-a57-5g-12gb512gb-i1953887184.html,,false,[],Weight Unknown,[224999.0],daraz.pk/daraz__samsung-a57-5g-12gb512gb-i1953887184.html.json,aee4c3340938606612a918d1f70be6bebbcac49a71dec574a7da2acd7a89f6aa,0.37500
2dbe18601e9924987b390e6aae96848dea9d25c6daa60152109ebaa1703bba4a,2026-08-15T11:03:49+00:00,Samsung A57 5G 8GB/256GB,https://www.daraz.pk/products/samsung-a57-5g-8gb256gb-i1953875642.html,,false,[],Weight Unknown,[166999.0],daraz.pk/daraz__samsung-a57-5g-8gb256gb-i1953875642.html.json,fd5eae4ece7ac78252330ef8e69aea9bf9fefb134cf1f53636b472319ac1c870,0.37500
64abb9aac91f1526946e0b2060539dd8060c1d43db177e1975c9b6a4069ff7f8,2026-08-15T15:22:15+00:00,Samsung Galaxy S26+ - 256 GB,https://www.daraz.pk/products/samsung-galaxy-256-gb-i1948092716.html,,false,[],Weight Unknown,[384999.0],daraz.pk/daraz__samsung-galaxy-256-gb-i1948092716.html.json,89eaf5eabf765c6768f3dab83326028eecb316588361c46f09f37e1dbeefdcc1,0.45833
91c2d5a48451bb7fba64177b700ce063c5eb9253f56b2fbd7ef89e964574741e,2026-08-15T11:21:39+00:00,Samsung Galaxy S26 - 256 GB,https://www.daraz.pk/products/samsung-galaxy-256-gb-i1948100119.html,,false,[],Weight Unknown,[319999.0],daraz.pk/daraz__samsung-galaxy-256-gb-i1948100119.html.json,e2307f1b1b7f5b0817fc432fd8bef0bbbf52ae768b97609409747c0f6c387e01,0.45833
973a9ccd50a711920d47cada523a2f887058a0d64ae7c854200e6bba0703180e,2026-08-15T15:27:37+00:00,Samsung Galaxy S26 - 512 GB,https://www.daraz.pk/products/samsung-galaxy-512-gb-i1947949298.html,,false,[],Weight Unknown,[379999.0],daraz.pk/daraz__samsung-galaxy-512-gb-i1947949298.html.json,d7b0fadecd229c932196b246d6f72fc77fc999d725fbfab49021162d03a494e7,0.45833
584eb6fcb145d5d7ffbffce336a81a5b8f9d3ef8d230d5e99e67036608d00d5e,2026-08-15T11:42:21+00:00,Samsung Galaxy S26+ - 512 GB,https://www.daraz.pk/products/samsung-galaxy-512-gb-i1947967009.html,,false,[],Weight Unknown,[444999.0],daraz.pk/daraz__samsung-galaxy-512-gb-i1947967009.html.json,e9cd754b6e1979684e9d0f32c65d42f4ac7a20b53b331d01fe507efb5733e796,0.45833
726dce954a5a6260f12b20eec977b88e3ded865ca5967464b7575ff20b507ac5,2026-08-15T13:25:45+00:00,"Samsung Galaxy A05 - 6.7"" Inch Display - 6GB RAM - 128GB ROM light Green",https://www.daraz.pk/products/samsung-galaxy-a05-67-inch-display-6gb-ram-128gb-rom-light-green-i920332535.html,,false,[],Weight Unknown,[39743.0],daraz.pk/daraz__samsung-galaxy-a05-67-inch-display-6gb-ram-128gb-rom-light-green-i920332535.html.json,f3c102249791769926fcf7296d4d0c75c295abebadabc14ab5f50e6d8ac02021,0.37500
89b9dad9c90f60620f0b7d676bacd11f6ae95b2b4b7072c3c1814b3dc365a063,2026-08-15T10:24:37+00:00,Samsung Galaxy A07 128GB - 4GB RAM PTA Approved Mobiles 6.7 Inches Display 4GB RAM 5000 mAh Battery 50 MP + 2 MP Back Camera,https://www.daraz.pk/products/samsung-galaxy-a07-128gb-4gb-ram-pta-67-4gb-ram-5000-mah-50-mp-2-mp-i1952062767.html,,false,[],Weight Unknown,[49999.0],daraz.pk/daraz__samsung-galaxy-a07-128gb-4gb-ram-pta-67-4gb-ram-5000-mah-50-mp-2-mp-i1952062767.html.json,fb56d42dd1d5b9c70e7ea7948aa8bc56aaad957ebb59be4a1fb9bbc59c092fa0,0.41667
f83e078b8b00514aec099942f5d939a9048bc9e492d405e1a070a6b47c896fae,2026-08-15T08:48:18+00:00,Samsung Galaxy A07 4GB+64GB - PTA APPROVED,https://www.daraz.pk/products/samsung-galaxy-a07-4gb64gb-pta-approved-i924758885.html,,false,[],Weight Unknown,[41500.0],daraz.pk/daraz__samsung-galaxy-a07-4gb64gb-pta-approved-i924758885.html.json,f755fd9f2ed7a781447d8f5002b74814c5222b745c0bd4c1d932c3b68b846324,0.41667
540a1ea518a524341a4b5ac81127e2c24dbb2b305d5adb7036dab91970114531,2026-08-15T10:37:50+00:00,Samsung Galaxy A07 64GB - 4GB RAM 5000 mAh Battery 50 MP + 2 MP Back Camera 50 MP + 2 MP Back Camera Android 15 OS,https://www.daraz.pk/products/samsung-galaxy-a07-64gb-4gb-ram-5000-mah-50-mp-2-mp-50-mp-2-mp-15-os-i1950819672.html,,false,[],Weight Unknown,[39999.0],daraz.pk/daraz__samsung-galaxy-a07-64gb-4gb-ram-5000-mah-50-mp-2-mp-50-mp-2-mp-15-os-i1950819672.html.json,30224f2ca46e6e00490b5a7419c6560ac41abbf2337811cc8a916a6657695d31,0.45833
daaabcbfe13618a51770cf223bd69955579e2f7af86d9b1d6fe9662839aafb7a,2026-08-15T08:48:46+00:00,Samsung Galaxy A07 6GB+128GB PTA APPROVED,https://www.daraz.pk/products/samsung-galaxy-a07-6gb128gb-pta-approved-i924786211.html,,false,[],Weight Unknown,[56500.0],daraz.pk/daraz__samsung-galaxy-a07-6gb128gb-pta-approved-i924786211.html.json,95806b5054df94d231a7520c36379737dff7e269a1470f044842a39988d17837,0.41667
6862a202caf8f7c9834af9537ea5b5e487a2f6c3e6faa274112c4c1cb2c5dc2a,2026-08-15T09:16:11+00:00,Samsung Galaxy A17 6GB + 128GB PTA APPROVED,https://www.daraz.pk/products/samsung-galaxy-a17-6gb-128gb-pta-approved-i924783262.html,,false,[],Weight Unknown,[75999.0],daraz.pk/daraz__samsung-galaxy-a17-6gb-128gb-pta-approved-i924783262.html.json,0b7a345ca0a30fe7cd221464836df3209dc5a5057c5e6a82c653eed9920b294c,0.41667
97e6bb0cf2b09a144d0ddfa5633e08ce0bfefb6723fdc0f0a35f8fa561c8e6fa,2026-08-15T08:48:33+00:00,Samsung Galaxy A17 8GB + 256 GB,https://www.daraz.pk/products/samsung-galaxy-a17-8gb-256-gb-i924762805.html,,false,[],Weight Unknown,[94999.0],daraz.pk/daraz__samsung-galaxy-a17-8gb-256-gb-i924762805.html.json,e2abe80a004710f4657e59af9d45f898b2e21b592ca25ef054f304024a69da01,0.41667
f02b0461cc8198b934e5227b138aee6028132246d9efa38cc6c3396eae3376d5,2026-08-15T09:41:05+00:00,Samsung Galaxy A17 - 8GB RAM 256GB ROM 6.7'' AMOLED Display 5000mAh Battery PTA Approved 1 Year Official Brand Warranty,https://www.daraz.pk/products/samsung-galaxy-a17-8gb-ram-256gb-rom-67-amoled-5000mah-pta-1-i924767196.html,,false,[],Weight Unknown,[94999.0],daraz.pk/daraz__samsung-galaxy-a17-8gb-ram-256gb-rom-67-amoled-5000mah-pta-1-i924767196.html.json,e396b82f6c85183b1fd6e17d70324ae38e0f00af01aafacf12641e9837adc94d,0.41667
87f670e0c320a826499700782e944e8095c0e61226ac3d5bdca64fb1c1c65511,2026-08-15T11:59:22+00:00,Samsung Galaxy A26 8/256GB - PTA APPROVED,https://www.daraz.pk/products/samsung-galaxy-a26-8256gb-pta-approved-i775235805.html,,false,[],Weight Unknown,[94999.0],daraz.pk/daraz__samsung-galaxy-a26-8256gb-pta-approved-i775235805.html.json,4e6aa3e87cf2e3857501b0bfcd5c69d544346c4a2685b92ad1a891653ebbd378,0.45833
e6b64e34290be50a0530e100b972f5edc0cb4dc2a53aa8eb8d182dfe9d95af02,2026-08-15T15:29:43+00:00,Samsung Galaxy A27 5G 8/256GB,https://www.daraz.pk/products/samsung-galaxy-a27-5g-8256gb-i1968128820.html,,false,[],Weight Unknown,[119999.0],daraz.pk/daraz__samsung-galaxy-a27-5g-8256gb-i1968128820.html.json,cdf1efa99e80733cbdf5f7271d36a07e2856016a2df10e5ff9db56c9ac2b0bc9,0.12500
c6023c242d114493176fc9ffc403be965df7d59475d658e8df01929c455cb920,2026-08-15T12:13:32+00:00,"SAMSUNG GALAXY A35 8GB RAM-256GB ROM 5000mAh BATTERY 6.6"" INCH DISPLAY PTA APPROVED OFFICIAL BRAND WARRANTY",https://www.daraz.pk/products/samsung-galaxy-a35-8gb-ram-256gb-rom-5000mah-battery-66-inch-display-pta-approved-official-brand-warranty-i496086170.html,,false,[],Weight Unknown,[119999.0],daraz.pk/daraz__samsung-galaxy-a35-8gb-ram-256gb-rom-5000mah-battery-66-inch-display-pta-approved-official-brand-warranty-i496086170.html.json,8e2f464496e2d45a03774f4af3d1ca43e72aedbb44b373cc6e78c8652b470026,0.37500
f7410f2089a1cfaa89964da6eb70dcfcf933c323d71125b03711a22fd2cdd6fb,2026-08-15T11:37:55+00:00,Samsung Galaxy A37 5G - 8GB/256GB - PTA Approved - 1 Year Official Brand Warranty - Brand New Box Packed,https://www.daraz.pk/products/samsung-galaxy-a37-5g-8gb256gb-pta-1-i1959156600.html,,false,[],Weight Unknown,[169998.0],daraz.pk/daraz__samsung-galaxy-a37-5g-8gb256gb-pta-1-i1959156600.html.json,ec117e1b9c99882c19e0c8e4daae1d63f5ff1c56e8c28ed08d2979536bdb097c,0.29167
7bd96484dfc3d2b73b8a58403ff67db7abcb922c860d9d8809a24b87b31974fe,2026-08-15T11:05:30+00:00,"Samsung Galaxy A57 5G - 12GB RAM 256GB ROM | 6.7"" Super AMOLED Plus 120Hz | 50MP OIS Triple Camera | 5000mAh Battery (45W Fast Charge) | 100% Original.",https://www.daraz.pk/products/samsung-galaxy-a57-5g-12gb-ram-256gb-rom-67-amoled-120hz-50mp-ois-5000mah-45w-100-i1961340159.html,,false,[],Weight Unknown,[199999.0],daraz.pk/daraz__samsung-galaxy-a57-5g-12gb-ram-256gb-rom-67-amoled-120hz-50mp-ois-5000mah-45w-100-i1961340159.html.json,04d6805f276c675cfb43a822c7a6f7fa050ca8e5e4cb246deabb53b7090c2973,0.50000
ec3758ded3dedd386361f2c2bee527502ba3bd6f87e63ff173a79e3984219512,2026-08-15T11:31:28+00:00,"Samsung Galaxy A57 5G - 12GB RAM 512GB ROM | 6.7"" Super AMOLED Plus 120Hz | 50MP OIS Triple Camera | 5000mAh Battery (45W Fast Charge) | 100% Original.",https://www.daraz.pk/products/samsung-galaxy-a57-5g-12gb-ram-512gb-rom-67-amoled-120hz-50mp-ois-5000mah-45w-100-i1961342146.html,,false,[],Weight Unknown,[249999.0],daraz.pk/daraz__samsung-galaxy-a57-5g-12gb-ram-512gb-rom-67-amoled-120hz-50mp-ois-5000mah-45w-100-i1961342146.html.json,765ce4f56e19f2b317a5aba6331b5878820031bfa71c3425d21013c21cbc4b65,0.50000
77ada95f2c2ff25a1e3dd3853abab783a5696854b8ac5a94e87b52680ecb319e,2026-08-15T11:41:33+00:00,"Samsung Galaxy A57 5G - 8GB RAM 256GB ROM | 6.7"" Super AMOLED Plus 120Hz | 50MP OIS Triple Camera | 5000mAh Battery (45W Fast Charge) | 100% Original.",https://www.daraz.pk/products/samsung-galaxy-a57-5g-8gb-ram-256gb-rom-67-amoled-120hz-50mp-ois-5000mah-45w-100-i1960629100.html,,false,[],Weight Unknown,[189999.0],daraz.pk/daraz__samsung-galaxy-a57-5g-8gb-ram-256gb-rom-67-amoled-120hz-50mp-ois-5000mah-45w-100-i1960629100.html.json,126ed5af67d6246e25e9ada08d9d885d82f6feb3232c13e1b05a0d419a92779a,0.50000
d95d7800d0ae4f032e16a311098d16db7928e08153f68d2cf453b652e74c51a7,2026-08-15T10:10:43+00:00,Samsung Galaxy S25 FE 8GB+512GB 5G PTA APPROVED,https://www.daraz.pk/products/samsung-galaxy-fe-8gb512gb-5g-pta-approved-i920388148.html,,false,[],Weight Unknown,[254999.0],daraz.pk/daraz__samsung-galaxy-fe-8gb512gb-5g-pta-approved-i920388148.html.json,1b53830e78a002e993f7c198da8ba04cba72db2d9c9f2d9df979e32c26a9a534,0.45833
0dece313ae083f4340a9669f244e965a044d0b85f563b6b5e82170461e231825,2026-08-15T09:21:33+00:00,Samsung Galaxy S25 Ultra 12 GB RAM + 256 GB ROM PTA APPROVED,https://www.daraz.pk/products/samsung-galaxy-ultra-12-gb-ram-256-gb-rom-pta-approved-i723386822.html,,false,[],Weight Unknown,[414999.0],daraz.pk/daraz__samsung-galaxy-ultra-12-gb-ram-256-gb-rom-pta-approved-i723386822.html.json,a1a3fcfb3ae51671d13bbdf5de4a3018ded935ac75c0c9ececadc805931dee02,0.16667
2dc0fa9d2e6c70e277e44ed05e81a91f62107726719ebd807ae9efc474a37fe6,2026-08-15T12:02:21+00:00,Samsung Galaxy S25 Ultra 12 GB RAM + 512 GB ROM PTA APPROVED,https://www.daraz.pk/products/samsung-galaxy-ultra-12-gb-ram-512-gb-rom-pta-approved-i666803991.html,,false,[],Weight Unknown,[459999.0],daraz.pk/daraz__samsung-galaxy-ultra-12-gb-ram-512-gb-rom-pta-approved-i666803991.html.json,1d7788b236b840f76313d93be11bd14a68405940c799830ee4ebb13202969dcd,0.16667
84cd10d108aaedb471fcce6a0ff1c8529611038bdd7b2127c791d8a56f6f2eea,2026-08-15T10:09:13+00:00,Samsung Galaxy S26 Ultra - 256 GB,https://www.daraz.pk/products/samsung-galaxy-ultra-256-gb-i1947937840.html,,false,[],Weight Unknown,[449999.0],daraz.pk/daraz__samsung-galaxy-ultra-256-gb-i1947937840.html.json,430e923936fd8b43b939283430239af5028df5ace253b158a41d0a444ed95457,0.45833
99bd60c2b9d9e1cd0c848a2bd070887f8a83e82b250645442df08088e2976310,2026-08-15T10:13:15+00:00,Samsung Galaxy S26 Ultra - 512 GB,https://www.daraz.pk/products/samsung-galaxy-ultra-512-gb-i1947943383.html,,false,[],Weight Unknown,[519999.0],daraz.pk/daraz__samsung-galaxy-ultra-512-gb-i1947943383.html.json,fa773c06da10a8361b3dcd5539531ec0ee0271ad52d6c509d9d6605de1a9d3f3,0.45833
6261088ed1fa90828f6535f4b47eb62cff355682a72cefc0987e78f6e8ed104d,2026-08-15T12:21:09+00:00,"SAMSUNG GALAXY S24FE 8GB RAM 256GB ROM 6.7"" Main_Display 4700 mAh Battery PTA Approved Official One Year Brand Warranty",https://www.daraz.pk/products/samsung-galaxyfe-8gb-ram-256gb-rom-67-main_display-4700-mah-battery-pta-approved-official-one-year-brand-warranty-i607594973.html,,false,[],Weight Unknown,[219999.0],daraz.pk/daraz__samsung-galaxyfe-8gb-ram-256gb-rom-67-main_display-4700-mah-battery-pta-approved-official-one-year-brand-warranty-i607594973.html.json,9c80040b8a0b2e5f954a6467eb64b62a18441b3a3f7c55c949d67e26f4e60302,0.41667
32688ea26c2acda2a8bdad236e78f4b2b9662f12681a2edc0c6a2573ddcba6f7,2026-08-15T09:40:54+00:00,"Schok Volt SV55 2GB RAM 16GB ROM - 5.5"" Display Budget Slightly Used Android Phone Best for WiFi and Gaming ONLY MOBILE PHONE",https://www.daraz.pk/products/schok-volt-sv55-2gb-ram-16gb-rom-55-i1958166028.html,,false,[],Weight Unknown,[6499.0],daraz.pk/daraz__schok-volt-sv55-2gb-ram-16gb-rom-55-i1958166028.html.json,7aba8e9e882bf81a34432814dace845c5946fa98ec85720c53c4225346a9d63c,0.41667
92d3b47372e3be09a2d50d5c35a6a2b38a0fe88de2ec7b8cb163a14b2835f702,2026-08-15T12:30:54+00:00,"SEGO iPro Smartphone, PTA Approved, 32GB ,3.5"" Display, MediaTek 6737 Processor, 5MP Rear Camera, 2MP Selfie, 3000mAh Battery, Type-C Charging, 2GB RAM, Dual SIM, 4G LTE.",https://www.daraz.pk/products/sego-ipro-35-ips-display-touch-keypad-mediatek-quad-core-32gb-rom-2gb-ram-i864643385.html,,false,[],Weight Unknown,[13999.0],daraz.pk/daraz__sego-ipro-35-ips-display-touch-keypad-mediatek-quad-core-32gb-rom-2gb-ram-i864643385.html.json,b97a96d4c62ceb2f6b15cc96b63c6fc2c85d581de781338391adc4d4f7256fb9,0.29167
c4e0e3affb2b8e3b1a9dc0b4126bb35336a2b36c7723bb1762ac0acfba0463fc,2026-08-15T12:07:13+00:00,"SEGO S25 Neo Smartphone, PTA Approved, 6.7"" 90Hz HD+ Hole Punch Display, AI Dual Camera, 5000mAh Battery, 8GB RAM (4GB + 4GB Expansion), Side Fingerprint, Dual SIM.",https://www.daraz.pk/products/sego-neo-mediatek-helio-67-hd-display-hole-punch-90hz-8gb-ram-128gb-rom-i806276905.html,,false,[],Weight Unknown,[22999.0],daraz.pk/daraz__sego-neo-mediatek-helio-67-hd-display-hole-punch-90hz-8gb-ram-128gb-rom-i806276905.html.json,4df57162623dfd6b18334224bfcc24ac54407406ab1f3b4f5335e6738edc4cb0,0.33333
2c360cbbd788c80b00198554351e58c5536ea67c6186c839e53c3e9860daa009,2026-08-15T14:21:47+00:00,Silicon suction pad Double side Brand in Mobile Accessories,https://www.daraz.pk/products/silicon-suction-pad-double-side-brand-in-mobile-accessories-i1961468395.html,,false,[],Weight Unknown,[2175.0],daraz.pk/daraz__silicon-suction-pad-double-side-brand-in-mobile-accessories-i1961468395.html.json,9e78adc714a032669fde6cd2d2b4df919a6f7216fad226200ea919b133abd911,0.12500
be0400556e9ded60ad3aec046983b98931300fa403ffcfe07eb91633a860ed13,2026-08-15T09:18:54+00:00,Sony Xperia 1 Mark 3 - RAM 12GB - ROM 256GB - 4500mAh Battery - 6.5 Inch Display - Dust & Water Resistant - Official PTA Approved,https://www.daraz.pk/products/sony-xperia-1-mark-3-ram-12gb-rom-256gb-4500mah-battery-65-inch-display-dust-water-resistant-official-pta-approved-i423617620.html,,false,[],Weight Unknown,[120500.0],daraz.pk/daraz__sony-xperia-1-mark-3-ram-12gb-rom-256gb-4500mah-battery-65-inch-display-dust-water-resistant-official-pta-approved-i423617620.html.json,8182ffdc1a35d138bd61f57bc5a5b2217674d0f674da24686b3bf50763703bee,0.37500
273768f60b82efcc52e779f985c4a915b3e1670149bd432af8e69eebd4dd3d88,2026-08-15T10:49:35+00:00,Sony Xperia 5 Mark 2 - 8GB RAM - 128GB ROM - 4000mAh Battery - Xperia 5 II - Official PTA Approved,https://www.daraz.pk/products/sony-xperia-5-mark-2-8gb-ram-128gb-rom-4000mah-battery-xperia-5-ii-official-pta-approved-i398680436.html,,false,[],Weight Unknown,[65500.0],daraz.pk/daraz__sony-xperia-5-mark-2-8gb-ram-128gb-rom-4000mah-battery-xperia-5-ii-official-pta-approved-i398680436.html.json,0f4c92e89ca2992f26b1b5844040f34ae79fd739a274f356cc53b4fd2fc6998d,0.37500
c7aef5bd3ccc9c2d145ea4c6978326747b25e5d4973ddb83c18fbe51ccf69018,2026-08-15T09:57:23+00:00,Sony Xperia 5 Mark 2 - 8GB RAM - 128GB ROM - 4000mAh Battery - Xperia 5 II - Official PTA Approved - Water Resistant,https://www.daraz.pk/products/sony-xperia-5-mark-2-8gb-ram-128gb-rom-4000mah-battery-xperia-5-ii-official-pta-approved-water-resistant-i423601201.html,,false,[],Weight Unknown,[69600.0],daraz.pk/daraz__sony-xperia-5-mark-2-8gb-ram-128gb-rom-4000mah-battery-xperia-5-ii-official-pta-approved-water-resistant-i423601201.html.json,09ad8c57a03e86a956dc9ac49e20553d5b28b0fb5ec0f5bdedfc4c3a2b3ff8ba,0.37500
0eedf751f13508f08e7cd30b701d6d249c761909f1df0fd345e98e4cd02fa400,2026-08-15T09:39:31+00:00,Sony Xperia 5 Mark 3 - RAM 8GB - ROM 128GB - 4500mAh Battery - 6.1 Inch Display - Dust & Water Resistant - Official PTA Approved,https://www.daraz.pk/products/sony-xperia-5-mark-3-ram-8gb-rom-128gb-4500mah-battery-61-inch-display-dust-water-resistant-official-pta-approved-i473272895.html,,false,[],Weight Unknown,[89500.0],daraz.pk/daraz__sony-xperia-5-mark-3-ram-8gb-rom-128gb-4500mah-battery-61-inch-display-dust-water-resistant-official-pta-approved-i473272895.html.json,00a7f8769a913be49afa35fa129420b7c2da49af7c5a1a197a4d5d20db0e2201,0.41667
5cac00f4d578dc1e37861d256c7c98557980feaacaf784b2ba796f62c649085c,2026-08-15T09:55:21+00:00,Sony Xperia XZ3 - 4gb/64gb - AU/Softbank Original Japanese - PTA Approved,https://www.daraz.pk/products/sony-xperia-xz3-4gb64gb-ausoftbank-original-japanese-pta-approved-i197692022.html,,false,[],Weight Unknown,[32500.0],daraz.pk/daraz__sony-xperia-xz3-4gb64gb-ausoftbank-original-japanese-pta-approved-i197692022.html.json,244b822d9d2300a0ee1ca3e6768dec775d25732dee15cae4d622e8b467c19c49,0.33333
373a50028e23575764207988a287246f81e8a64dec00b1aa69040f7cc6c2ab3b,2026-08-15T12:26:41+00:00,Sparx Edge 20 Pro,https://www.daraz.pk/products/sparx-edge-20-pro-i752558116.html,,false,[],Weight Unknown,[52499.0],daraz.pk/daraz__sparx-edge-20-pro-i752558116.html.json,179281012bc2bbe20ea75f9c539de0d6efd574eb878110be50d217d33b1bc890,0.33333
80dde59fa489c71a91322702bdc98c4d55fd3524ed248c827d0cbfeb5fd6aa69,2026-08-15T12:34:21+00:00,Sparx Neo 5 Pro,https://www.daraz.pk/products/sparx-neo-5-pro-i752552760.html,,false,[],Weight Unknown,[18499.0],daraz.pk/daraz__sparx-neo-5-pro-i752552760.html.json,36ca46bbd582cfc753412029f756f1833a480d4ff71638ea4c2bdf1d2a80a8b1,0.29167
ee3a334eb587714f7711e418e2b4a907dde32707040a6ad933b89bf12c1c765b,2026-08-15T12:38:17+00:00,Sparx Note 12,https://www.daraz.pk/products/sparx-note-12-i752558567.html,,false,[],Weight Unknown,[27499.0],daraz.pk/daraz__sparx-note-12-i752558567.html.json,6c546b62062ff1bc7187e0a14f818f1a7d389461cecf61ed55f8e8349f312c90,0.29167
915db9c0cc91b734868106538b692b877226bfa399b28278c67fc7d147a78b5d,2026-08-15T12:21:35+00:00,Sparx Note 20,https://www.daraz.pk/products/sparx-note-20-i752543868.html,,false,[],Weight Unknown,[42999.0],daraz.pk/daraz__sparx-note-20-i752543868.html.json,f225e479c68539e7a32a78a908dd61226989da5def4f93101a745477c9d553e1,0.33333
4117059f06dab305020ddb5690f15ea375eda06f0b174ba30216ea0aac07d442,2026-08-15T12:32:37+00:00,Sparx Note X,https://www.daraz.pk/products/sparx-note-x-i752552585.html,,false,[],Weight Unknown,[29999.0],daraz.pk/daraz__sparx-note-x-i752552585.html.json,6ef824177da410d5cf41f70e2e27b9370a2703d30208f9d6250654bb1d11dad6,0.29167
5ff341545edd89e9927a241f5734f31466fb81d2c63b2a806299879fea8a80ed,2026-08-15T11:33:58+00:00,Spice mobile PTA APPROVE OFFICIAL - BOX PACK - ONE YEAR WARRANTY -WITH LOUDLY SOIND,https://www.daraz.pk/products/spice-mobile-pta-approve-official-box-pack-one-year-warranty-with-loudly-soind-i1961466469.html,,false,[],Weight Unknown,[3500.0],daraz.pk/daraz__spice-mobile-pta-approve-official-box-pack-one-year-warranty-with-loudly-soind-i1961466469.html.json,79741eb9897e65a1d69c85f61787bf4c7b1c0b2dd4431b8b136ef9362db5b874,0.37500
be15db45d7ee5c0085b49f783347411f0614f1897ca6c83808b451182588ed4c,2026-08-15T13:57:31+00:00,"Tablet back cover, n book pouches , protection for 7"" / 8"" / 10"" Inch Universal Book Cover with best quality Book Cover",https://www.daraz.pk/products/tablet-back-cover-n-book-pouches-protection-for-7-8-10-inch-universal-book-cover-with-best-quality-book-cover-i1960763570.html,,false,[],Weight Unknown,[2900.0],daraz.pk/daraz__tablet-back-cover-n-book-pouches-protection-for-7-8-10-inch-universal-book-cover-with-best-quality-book-cover-i1960763570.html.json,7801df964250d2bdd3cd70585fc58f29ecb84b9f3b77b881be65fd8b9f76a8be,0.16667
eb0b719ac63bebb5701d42455968554eaa55855de7cd2cb0769d62b959322d11,2026-08-15T12:07:23+00:00,TECNO CAMON 40 8GB RAM 256GB ROM Display 6.78'' AMOLED 120 Hz 5200 mAh Battery PTA Approved Official One Year Brand Warranty,https://www.daraz.pk/products/tecno-camon-40-8gb-ram-256gb-rom-display-678-amoled-120-hz-5200-mah-battery-pta-approved-official-one-year-brand-warranty-i751389771.html,,false,[],Weight Unknown,[60299.0],daraz.pk/daraz__tecno-camon-40-8gb-ram-256gb-rom-display-678-amoled-120-hz-5200-mah-battery-pta-approved-official-one-year-brand-warranty-i751389771.html.json,b73bc586cc4cd131c70a1329aeee1582fd2494aa92b72815b31750b426907bef,0.41667
03f1e7c695cface58cd889ea8ad414061e95dea97def28dcb7bc4ec1a279a650,2026-08-15T12:08:22+00:00,Tecno Camon 40 Pro 8GB+256GB PTA APPROVED,https://www.daraz.pk/products/tecno-camon-40-pro-8gb256gb-pta-approved-i916096591.html,,false,[],Weight Unknown,[75999.0],daraz.pk/daraz__tecno-camon-40-pro-8gb256gb-pta-approved-i916096591.html.json,50c828839c00ba7dc6ef56de54373492cea8137bfbd885cb338cf486a388425c,0.37500
1dbb83e814746d124d4eee7bd0bcee1240121a209f9175acb85adcd043c4f945,2026-08-15T09:52:34+00:00,Tecno Camon 50 8GB + 256GB,https://www.daraz.pk/products/tecno-camon-50-8gb-256gb-i1951494214.html,,false,[],Weight Unknown,[94999.0],daraz.pk/daraz__tecno-camon-50-8gb-256gb-i1951494214.html.json,d8d46d3b070f59c0b5d1fc9ef45ef3ce7cbc6e0b1ecba424c4974953a32f5e48,0.41667
037973492da7c57d010c98ef4a822a6a5ae31e164919e63929ba62deaeefca49,2026-08-15T10:00:19+00:00,Tecno Camon 50 PRO 8GB/256GB,https://www.daraz.pk/products/tecno-camon-50-pro-8gb256gb-i1949447782.html,,false,[],Weight Unknown,[104999.0],daraz.pk/daraz__tecno-camon-50-pro-8gb256gb-i1949447782.html.json,03c3d0cbe48b14ef8dc2eaa6a8327208240984f1b2cc935a0b7f28877b4cac55,0.41667
dc0e0269f2743233600cae2bda59dd3782d91d7dbc81db3ed6a2dc73a238a07a,2026-08-15T12:47:49+00:00,"TECNO SPARK 30 Pro | 108MP CAMERA | 6.78"" AMOLED SCREEN | 8GB RAM & 128GB ROM | 5000 mAh BATTERY",https://www.daraz.pk/products/tecno-spark-30-pro-108mp-camera-678-amoled-screen-8gb-ram-128gb-rom-5000-mah-battery-i592336508.html,,false,[],Weight Unknown,[45999.0],daraz.pk/daraz__tecno-spark-30-pro-108mp-camera-678-amoled-screen-8gb-ram-128gb-rom-5000-mah-battery-i592336508.html.json,74731f40d2e8d061ed6534584c6eb438b18e25d60fae444eaf023d6e4dc2b11c,0.33333
d278a49dd758ba45796cac0f3ba4c3e185f0282ded9df28603f16dde7dc659db,2026-08-15T15:11:32+00:00,TECNO SPARk 40 6GB RAM 128GB ROM 6.67'' Hole Screen 5200mAh PTA Approved Official One Year Brand Warranty,https://www.daraz.pk/products/tecno-spark-40-6gb-ram-128gb-rom-667-hole-screen-5200mah-pta-approved-official-one-year-brand-warranty-i921481269.html,,false,[],Weight Unknown,[32999.0],daraz.pk/daraz__tecno-spark-40-6gb-ram-128gb-rom-667-hole-screen-5200mah-pta-approved-official-one-year-brand-warranty-i921481269.html.json,bd094af7b5c8b9df73f3b9265d996595efa0490cd34af840226d3226e0325005,0.33333
6cb31681254cca85fa09988512319c1d900ff3b48e143ebc6f4f9372ed607efe,2026-08-15T13:13:36+00:00,Tecno SPARK 40 6GB+128GB PTA APPROVED,https://www.daraz.pk/products/tecno-spark-40-6gb128gb-pta-approved-i916086724.html,,false,[],Weight Unknown,[43999.0],daraz.pk/daraz__tecno-spark-40-6gb128gb-pta-approved-i916086724.html.json,5e904ad1e92798f46ce5e25e809a8656818a5a69ee70e394707fbdec3ca4ad86,0.25000
ed414b2ef812a8cddee1ad421cc1606619bb8e27f313eb747e08ae8812bd7ffa,2026-08-15T11:39:04+00:00,Tecno Spark 40 Pro + - 144Hz AMOLED LCD - 6.78 Inches Display - 8GB RAM 256GB ROM - 13MP Front Camera - 50MP Rear Camera - Dual SIM - MediaTek Helio G200 - 5200mAh Battery,https://www.daraz.pk/products/tecno-spark-40-pro-144hz-amoled-lcd-678-8gb-ram-256gb-rom-13mp-50mp-mediatek-helio-g200-5200mah-i912166625.html,,false,[],Weight Unknown,[79000.0],daraz.pk/daraz__tecno-spark-40-pro-144hz-amoled-lcd-678-8gb-ram-256gb-rom-13mp-50mp-mediatek-helio-g200-5200mah-i912166625.html.json,595d87762aeb0c1ce59c3dbd09a36d46a37bc7f527108d2f3ef43b962529f321,0.62500
7c2a3b1b50acbca5d62a00653bd5cf529d4beb52c45f6afa1c53203d708768f4,2026-08-15T10:42:48+00:00,Tecno Spark 40 Pro – 8GB RAM + 256GB ROM | 50MP Camera | 6.78” AMOLED 144Hz Display | Helio G100 | 5200mAh 45W Fast Charging | Android 15,https://www.daraz.pk/products/tecno-spark-40-pro-8gb-ram-256gb-rom-50mp-678-amoled-144hz-100-5200mah-45w-15-i904212820.html,,false,"[""Ink Black"",""Moon Titanium"",""Lake Blue"",""Bamboo Green""]",Weight Unknown,[79999.0],daraz.pk/daraz__tecno-spark-40-pro-8gb-ram-256gb-rom-50mp-678-amoled-144hz-100-5200mah-45w-15-i904212820.html.json,bacfafa6dbbba8ef9f8529e68239637e43f60e0048c6bd2487d669369c03c8d9,0.70833
3941c14ec45cf722829749863fc657fced75e0e85d644b9f869564ab3a3073fa,2026-08-15T12:36:27+00:00,Tecno SPARK 40 Pro 8GB+256GB PTA APPROVED,https://www.daraz.pk/products/tecno-spark-40-pro-8gb256gb-pta-approved-i916094610.html,,false,[],Weight Unknown,[66999.0],daraz.pk/daraz__tecno-spark-40-pro-8gb256gb-pta-approved-i916094610.html.json,07422ad775f519b95a1d9f6b60a614f1e24ade482d247c2ec085b5cefd5067d1,0.41667
b3841e667f7c6002bd4d008167be6081cd61c6b0cfee50bbf94269dd2460d731,2026-08-15T12:45:51+00:00,"TECNO SPARK GO 1 4GB RAM 64GB ROM | 5000 mAh BATTERY | 6.67"" SCREEN",https://www.daraz.pk/products/tecno-spark-go-1-4gb-ram-64gb-rom-5000-mah-battery-667-screen-i595682036.html,,false,[],Weight Unknown,[25999.0],daraz.pk/daraz__tecno-spark-go-1-4gb-ram-64gb-rom-5000-mah-battery-667-screen-i595682036.html.json,0a1d46b4b6d08c56de9399423137033d0dd4e0704accf58025a2d5875060c4a7,0.25000
6c0725e18b0bf5d941bdb9bfae8712b6db8eea9d332877f8312865b3387af8ab,2026-08-15T10:03:23+00:00,Villaon V110 Keypad Mobile,https://www.daraz.pk/products/v110-i550532239.html,,false,[],Weight Unknown,[2500.0],daraz.pk/daraz__v110-i550532239.html.json,26ff4a13870df02a92436eadf81263e8a06598d39f4ce27911f6fc16af020458,0.12500
e2f79f7440628a4aebb2de670266ad491c76b58f0ee33193c8ef3b6a6dacdf4b,2026-08-15T13:57:09+00:00,Carrefour Vivo V29E 8Gb / 256Gb Rose Gold (277542),https://www.daraz.pk/products/v29e-8gb256gb-277542-i933105131.html,,false,[],Weight Unknown,[104999.0],daraz.pk/daraz__v29e-8gb256gb-277542-i933105131.html.json,1e901c3daef57905544fe914cf8a62faa5c4c8fcfe6215f00f2b34788fcedcfb,0.12500
7b5e895766af67c78380b858ee11b0d6c9c3575a5eb07ea64ca81af68432a1b1,2026-08-15T15:04:49+00:00,Carrefour Vivo V30 5g Smartphone 256GB ROM 12GB RAM Waving Aqua (282303),https://www.daraz.pk/products/v30-5g-256gb-rom-12gb-ram-282303-i933103243.html,,false,[],Weight Unknown,[141499.0],daraz.pk/daraz__v30-5g-256gb-rom-12gb-ram-282303-i933103243.html.json,29d698a83c280e5fbf9476c93a232c1e73d5ca612c53a1ecee1274455a8af392,0.16667
1293bd54ec3f07bbd7b6b13dcc7f086dd1b5b38bc1914244d7f485097aed0042,2026-08-15T14:32:08+00:00,Carrefour Vivo V30e Smartphone 256GB ROM 8GB RAM Classy Brown (284862),https://www.daraz.pk/products/v30e-256gb-rom-8gb-ram-284862-i933099539.html,,false,[],Weight Unknown,[98999.0],daraz.pk/daraz__v30e-256gb-rom-8gb-ram-284862-i933099539.html.json,4308dd4945da5b32027f8ba070ca1ca178d859293ae2cdc9f3b97e4bb073af3c,0.16667
b93c5bba62d39b9d74f89ff6608502b119f63a29efcf2c28476d7eec84b2ceba,2026-08-15T13:39:59+00:00,Carrefour Vivo V30e Smartphone 256GB ROM 8GB RAM Sunny Green (284863),https://www.daraz.pk/products/v30e-256gb-rom-8gb-ram-284863-i933105144.html,,false,[],Weight Unknown,[98999.0],daraz.pk/daraz__v30e-256gb-rom-8gb-ram-284863-i933105144.html.json,1a69c923e94d4dd14655653260bfc5a5bc5b834996712db797fa9179e15d4a6f,0.16667
c16fe2a2d0dee28c7cde48b9ec740e1e1c8f69f97913e1c019fed0ae9290b436,2026-08-15T12:01:45+00:00,"Vivo V40e 5G - 6.77"" AMOLED Display 8GB RAM 256GB ROM 5500mAh Battery PTA Approved 1 Year Official Brand Warranty",https://www.daraz.pk/products/v40e-677-8gb-256gb-5500mah-pta-1-i603782800.html,,false,[],Weight Unknown,[99999.0],daraz.pk/daraz__v40e-677-8gb-256gb-5500mah-pta-1-i603782800.html.json,c8e3bb248823b337ea9cefea469301f75b0e6491c682c22673eb83a0d4251b2d,0.62500
87e59bf585e3162a7d8a6005172f499252d2af0f22423f690b01600ec867973f,2026-08-15T14:42:55+00:00,Carrefour Vivo Mobile V40E 8GB RAM 256 GB ROM Bronze (289140),https://www.daraz.pk/products/v40e-8gb-256-gb-289140-i933100490.html,,false,[],Weight Unknown,[101499.0],daraz.pk/daraz__v40e-8gb-256-gb-289140-i933100490.html.json,0b69c8c068aa9640abc6e12732a851e0a68c68436fe210c28819a53951d09d6b,0.16667
78874b892082f31a39b233d810482df6a322c2a8a64fdbdd8aa2f61aed449f5a,2026-08-15T12:07:33+00:00,Vivo V50 Lite 4G - 8GB RAM 256GB ROM 6.77'' Amoled Display 50MP Camera 90w FlashCharge 6500mAh Battery PTA Approved 1 Year Brand Warranty,https://www.daraz.pk/products/v50-12gb-5g-256gb-50mp-1-mah-pta-1-i789641409.html,,false,[],Weight Unknown,[79999.0],daraz.pk/daraz__v50-12gb-5g-256gb-50mp-1-mah-pta-1-i789641409.html.json,da385031f08cd467082112a69557a3e4e03d2531e9aab46c31f9b2e37af2d5b8,0.41667
13bd1d5752adc9a1d4c8ef2463d824b794dddef46fce2da34f4007b54c5d4fa9,2026-08-15T14:53:52+00:00,VIVO V50 LITE 5G = 12GB RAM = 256GB ROM = 6500mAh BATTERY,https://www.daraz.pk/products/v50-12gb-5g-256gb-6500mah-i779313949.html,,false,[],Weight Unknown,[96999.0],daraz.pk/daraz__v50-12gb-5g-256gb-6500mah-i779313949.html.json,360b8881691874930a65b851eacd98fd84f29acfd22fb316c98d4872e715505e,0.62500
14b8e448bf00eac659c8a0835f3fc2e09ac135533f13328cccd8509b245ec681,2026-08-15T14:48:08+00:00,Carrefour Vivo Mobile V50 Lite 4G 8 GB RAM 256 GB ROM Gold (295167),https://www.daraz.pk/products/v50-4g-8-256-295167-i933099572.html,,false,[],Weight Unknown,[75499.0],daraz.pk/daraz__v50-4g-8-256-295167-i933099572.html.json,b2eb1c426468aef2b817eef87afa0d67e26a8735c73b2ccd8185bf67810a3231,0.16667
66fb610c9c1430307ac2a159c289605e5864f8e7fb848bf761b67405f78075c5,2026-08-15T13:58:10+00:00,Carrefour Vivo Mobile V50 Lite 4G 8 GB RAM 256 GB ROM Green (295273),https://www.daraz.pk/products/v50-4g-8-256-295273-i933099573.html,,false,[],Weight Unknown,[75499.0],daraz.pk/daraz__v50-4g-8-256-295273-i933099573.html.json,863f8a85c33b1814fa803e280cdd989a0932371324feb57eff41dfdc6941f878,0.16667
96d93f11f3a3710b800fdb00a0ccc3f3fe8f89adfea89a87c5d02782572cdbc4,2026-08-15T14:49:35+00:00,Carrefour Vivo Mobile V50 Lite 5G 12 GB RAM 256 GB ROM Black (295170),https://www.daraz.pk/products/v50-5g-12-256-295170-i933103281.html,,false,[],Weight Unknown,[91499.0],daraz.pk/daraz__v50-5g-12-256-295170-i933103281.html.json,5e2d4c18da6c60aa3951eb7292014de525ee5ba2feafbf6441b1fb8ebc388bab,0.16667
fd1d2dd833471fb1dddd774acfc589aa898c4cc64b3df1e9d6cfee8ca61bd6eb,2026-08-15T13:59:06+00:00,Carrefour Vivo Mobile V50 5G 12 GB RAM 512 Gb ROM Blue (294475),https://www.daraz.pk/products/v50-5g-12-512-294475-i933103277.html,,false,[],Weight Unknown,[151999.0],daraz.pk/daraz__v50-5g-12-512-294475-i933103277.html.json,6377e94130aca2c244c671589bfc6afe3442d404b7a40654f55439449ac71f46,0.16667
337834ae23016218a2a6eebd06a637d3f541f86b15bd05cc42f1b2fa44dcb828,2026-08-15T15:13:40+00:00,Carrefour MOBILE V50 5G 12+256 BLUE VIVO (294479),https://www.daraz.pk/products/v50-5g-12256-294479-i933104276.html,,false,[],Weight Unknown,[141500.0],daraz.pk/daraz__v50-5g-12256-294479-i933104276.html.json,379f2fa166af63ea50ba83c1815d75ec151b0caf9be79a3d02db415ab44303eb,0.12500
4b8afe4131c1102c3b971eae8ba8d0a82e4b6baa41d4c431021dc27cfd616aae,2026-08-15T15:14:46+00:00,Carrefour MOBILE V50 5G 12+512 BLACK VIVO (294476),https://www.daraz.pk/products/v50-5g-12512-294476-i933105178.html,,false,[],Weight Unknown,[151999.0],daraz.pk/daraz__v50-5g-12512-294476-i933105178.html.json,cfe6c19cdd3a91a9fd3b6ef3a357f2176aa7aac1a65502a32c49099b51fa1eb2,0.12500
341a5839896ac8befd026478f0434875bd0684b6cb71e0bdf312d4d2a1ffa893,2026-08-15T09:36:27+00:00,Vivo V50 Lite 8GB + 8GB Expandable RAM 256GB ROM 6.77″ AMOLED Display 120 Hz IP65 6500 mAh Battery 90W Fast Charge,https://www.daraz.pk/products/v50-8gb-8gb-256gb-90-hz-ip65-677-mah-90w-i751569111.html,,false,[],Weight Unknown,[134999.0],daraz.pk/daraz__v50-8gb-8gb-256gb-90-hz-ip65-677-mah-90w-i751569111.html.json,5c7c63e8ef776c0093a702b88b73f7618a4c71ccbf7a6d6407f9e487a3f4f22f,0.41667
6fb1c6495b1e0bf04a37273d732aed0d19f1fffd48224cdc770f69be36f0224a,2026-08-15T10:36:29+00:00,Villaon V50s - 6.52 Inches Display - 4GB RAM 64GB ROM - 5MP Front Camera - 8MP Rear Camera - Dual SIM - 4000mAh Battery,https://www.daraz.pk/products/v50s-4gb-64gb-5mp-8mp-652-mah-i1953639457.html,,false,[],Weight Unknown,[27000.0],daraz.pk/daraz__v50s-4gb-64gb-5mp-8mp-652-mah-i1953639457.html.json,16e92e9fe2c68bf0db414a47643552d1568303bd463df4cd36806a66164f2f47,0.29167
396186a2acc96f0c40c361237cf83d255a06b1a9a4335649c2ae70749769c5e6,2026-08-15T11:01:03+00:00,Villaon V50s - IPS LCD - 6.52 Inches Display - 4GB RAM 64GB ROM - 5MP Front Camera - 8MP Rear Camera - Dual SIM - 4000mAh Battery,https://www.daraz.pk/products/v50s-ips-lcd-652-4gb-64gb-5mp-8mp-4000mah-i1953629662.html,,false,[],Weight Unknown,[26000.0],daraz.pk/daraz__v50s-ips-lcd-652-4gb-64gb-5mp-8mp-4000mah-i1953629662.html.json,356afeffc673574bbd0cbcc134eddff4639f994af3cb42e181a0e1b38feff0ce,0.33333
de508932f3aa11a8a87380ff44aad7d940421006f281ad514700e2cd800b44e5,2026-08-15T13:26:55+00:00,Vivo V60 Lite 5G - 12GB RAM 256GB ROM 6.77'' AMOLED Display 6500mAh Battery 90w FlashCharge PTA Approved 1 Year Official Brand Warranty,https://www.daraz.pk/products/v60-12gb-5g-256gb-677-mah-90w-pta-1-i927667760.html,,false,[],Weight Unknown,[105000.0],daraz.pk/daraz__v60-12gb-5g-256gb-677-mah-90w-pta-1-i927667760.html.json,ee5bcd55108fe4fa4c79ddd724c0cb773e6510de4ac558785a744e280151d62b,0.45833
6d838c68510b2d96777e73bb65da2694b1e41834f06a17377a63ec38f5881f0c,2026-08-15T15:06:40+00:00,Carrefour Vivo V60 5G 12+512GB Grey-303028,https://www.daraz.pk/products/v60-5g-12512gb-303028-i1961168659.html,,false,[],Weight Unknown,[159999.0],daraz.pk/daraz__v60-5g-12512gb-303028-i1961168659.html.json,e83015149c8885348eec305d59df377f90b044a48a2ca646760396d51e2608b0,0.12500
b6f537d68ffc54b329f49943cb425543960506606b6941d06318630931b48bba,2026-08-15T13:12:08+00:00,Carrefour Vivo Mobile V60 Lite 5G 12GB RAM 256GB ROM Blue-304182,https://www.daraz.pk/products/v60-5g-12gb-256gb-304182-i1960443731.html,,false,[],Weight Unknown,[94999.0],daraz.pk/daraz__v60-5g-12gb-256gb-304182-i1960443731.html.json,a26d52da634a5271bc36c7305377bf2f02a94fba6e5f500ab606d1e6430db3b6,0.16667
0154b02f9a974521245520f5d8a1929c82933715e9cc6caac9146550cdb3c7ba,2026-08-15T14:23:46+00:00,Carrefour Vivo Mobile V60 5G 12GB RAM 512GB ROM Desert Gold-302655,https://www.daraz.pk/products/v60-5g-12gb-512gb-302655-i1961174703.html,,false,[],Weight Unknown,[159999.0],daraz.pk/daraz__v60-5g-12gb-512gb-302655-i1961174703.html.json,e8f15e6b1ca017a4a0ff473eb5ef7abec63e1c6eeba7c1916c9d8e9c4f2ca978,0.16667
dabfbd46e628d7316a7cb5ce5894ebb510ca03fd82c6dcf2fd6f4d3dcb040d4e,2026-08-15T13:27:24+00:00,Vivo V60 Lite - 6.77'' AMOLED Display 8GB RAM 256GB ROM 6500mAh Battery 90w FlashCharge PTA Approved 1 Year Official Brand Warranty,https://www.daraz.pk/products/v60-677-8gb-256gb-6500mah-90-pta-1-i927668721.html,,false,[],Weight Unknown,[84999.0],daraz.pk/daraz__v60-677-8gb-256gb-6500mah-90-pta-1-i927668721.html.json,f52df1a7204ee446d8d5b6066b406de4c376e2b22dd6b59842543530dc7c8aa2,0.41667
c96be96069952489523e8c1a1f8c220b81019bcc67f2149542c215fa5bb218a5,2026-08-15T13:40:21+00:00,Carrefour Vivo Mobile V60 Lite 8+256GB Blue-304186,https://www.daraz.pk/products/v60-8256gb-304186-i1961180643.html,,false,[],Weight Unknown,[76999.0],daraz.pk/daraz__v60-8256gb-304186-i1961180643.html.json,a5e7bcf543f1b8cd697fb98271151b9d5f4a2a9bb5810f4da2f27116bfa83349,0.12500
07595c139c0cb27f56b59616d974d1a469b5128aef9dfef74c6b3d203faad5ec,2026-08-15T10:54:44+00:00,LG V60 ThinQ 5G - 128GB Storage - 8GB RAM - Snapdragon 865 | 5000 mAh Battery - 64MP Camera Triple Camera | Official PTA Approved,https://www.daraz.pk/products/v60-lg-5g-128gb-8gb-865-mah-64mp-pta-i417137733.html,,false,[],Weight Unknown,[75000.0],daraz.pk/daraz__v60-lg-5g-128gb-8gb-865-mah-64mp-pta-i417137733.html.json,3f71310471f15732750217e62db495ea55c66c2e03315b9a40180e2cc7cbabfc,0.41667
66f7a423d9f2f56067555bbf89f999c4cf57f9acf19804ba03cbb8ec84358a83,2026-08-15T10:07:19+00:00,LG V60 ThinQ 5G - 128GB Storage - 8GB RAM - Snapdragon 865 | 5000 mAh Battery - 64MP Camera Triple Camera | Official PTA Approved,https://www.daraz.pk/products/v60-lg-5g-128gb-8gb-865-mah-64mp-pta-i417173198.html,,false,[],Weight Unknown,[75560.0],daraz.pk/daraz__v60-lg-5g-128gb-8gb-865-mah-64mp-pta-i417173198.html.json,de43464f1f553002c360d93a02a773163629a8176be01ea5ab43b74fa90a7773,0.41667
c8a70c5c2fef5e57f9136b782917b4fdbbc7aa6f57620b07b4e20a49638d4ff5,2026-08-15T10:23:17+00:00,LG | V60 ThinQ 5G | 128GB Storage | 8GB RAM | Snapdragon 865 | 5000 mAh Battery | 64MP Camera | Triple Camera | Official PTA Approved,https://www.daraz.pk/products/v60-thinq-5g-128-8-865-5000-64-i944708570.html,,false,[],Weight Unknown,[75000.0],daraz.pk/daraz__v60-thinq-5g-128-8-865-5000-64-i944708570.html.json,61f8cdef0685f22136554d13b564147f740120c628cc069cb6cd16e2812f4eb1,0.33333
307935ab8786e81bc61db9d3e189fe68a1ad76852763f5dd51cf8c52a2e46b0a,2026-08-15T14:40:01+00:00,Carrefour Vivo Mobile V70 12+256GB Grey-308346,https://www.daraz.pk/products/v70-12256gb-308346-i1961108811.html,,false,[],Weight Unknown,[179999.0],daraz.pk/daraz__v70-12256gb-308346-i1961108811.html.json,82e29a8556f34ee1bc13134bac09d9ddc924ae308abfa14d759e79995bb700fc,0.12500
9b1f156b83f3ca1eab613226bc3ee4c667a158141f3aea955ab6c008b862dab2,2026-08-15T15:09:54+00:00,Carrefour Vivo Mobile V70 12+256GB Black-308347,https://www.daraz.pk/products/v70-12256gb-308347-i1960471764.html,,false,[],Weight Unknown,[179999.0],daraz.pk/daraz__v70-12256gb-308347-i1960471764.html.json,79c1b41141f217f15e7baef7aa368ee88fe3a0a8debf9f7b852852e2f22a7c60,0.12500
91c433da44110456f5f40a3c59c2103e17408d78cd665ec9ddc8d03d1bab752e,2026-08-15T14:54:00+00:00,Carrefour Vivo Mobile V70 12+512GB Grey-308348,https://www.daraz.pk/products/v70-12512gb-308348-i1960443743.html,,false,[],Weight Unknown,[199999.0],daraz.pk/daraz__v70-12512gb-308348-i1960443743.html.json,fbf778e1bb0e5396ae5e51f81687d68cdcfc732439a574b0825a0ce558d80f58,0.12500
a56fdee328cb6f64b94d810da5bfd06b643e7509a6e41964f87a8970ddf23164,2026-08-15T14:50:57+00:00,Carrefour Vivo Mobile V70 12+512GB Black-308349,https://www.daraz.pk/products/v70-12512gb-308349-i1960467764.html,,false,[],Weight Unknown,[199999.0],daraz.pk/daraz__v70-12512gb-308349-i1960467764.html.json,c0bf94111d09800cc2d545553a0a3d8cdeb48bad5ac98aeaaf0455cff276069d,0.12500
fc99d28c1ce96705f7375c77872f5066be3d296975b385ed98ee4e8a37bbd3da,2026-08-15T11:13:19+00:00,Vivo V70 RAM 12GB ROM 512GB Camera 50mp Battery 6500 Mah One year Brand Warranty,https://www.daraz.pk/products/v70-12gb-512gb-50mp-i1948625730.html,,false,[],Weight Unknown,[230000.0],daraz.pk/daraz__v70-12gb-512gb-50mp-i1948625730.html.json,9547761abc7c3300184469a6b7ea5a3db364623649adb7863ea5dc11a020f31f,0.37500
687e8f00fb18e0d385345c9fb350c7ce6f638caf569e8e8bbb32cb51dfd519d4,2026-08-15T11:09:14+00:00,Vivo V70 FE - 6.83 Inches Display - 12GB RAM 256GB ROM - 32MP Front Camera - 200MP+8MP Rear Camera - Dual SIM - 7000mAh Battery,https://www.daraz.pk/products/v70-fe-683-12gb-256gb-32mp-200mp-8mp-7000mah-i1958612000.html,,false,[],Weight Unknown,[140000.0],daraz.pk/daraz__v70-fe-683-12gb-256gb-32mp-200mp-8mp-7000mah-i1958612000.html.json,4631553efa60f1ad449d2a718a8ffb12b21ca1a527bf1db750e77547eeaadd41,0.41667
35e5df3aa24da423297680f4513387334447239d37296fac98987ba419219afc,2026-08-15T11:49:10+00:00,Vivo V70 FE - 6.83 Inches Display - 8GB RAM 256GB ROM - 32MP Front Camera - 200MP+8MP Rear Camera - Dual SIM - 7000mAh Battery,https://www.daraz.pk/products/v70-fe-683-8gb-256gb-32mp-200mp-8mp-7000mah-i1959082325.html,,false,[],Weight Unknown,[130000.0],daraz.pk/daraz__v70-fe-683-8gb-256gb-32mp-200mp-8mp-7000mah-i1959082325.html.json,7e6ec1767ad04dff7800acf883e0ddee6babceb8b5582453ee2e5e09ed106e35,0.41667
8579175277808551b5e4c88c6aa97844e10d317b2c68c86009090b78bd5b010c,2026-08-15T11:41:43+00:00,Vivo V70 FE - AMOLED LCD - 6.83 Inches Display - 8GB RAM 256GB ROM - 32MP Front Camera - 200MP+8MP Rear Camera - Dual SIM - 7000mAh Battery,https://www.daraz.pk/products/v70-fe-lcd-683-8gb-256gb-32mp-200mp-8mp-7000mah-i1958545531.html,,false,[],Weight Unknown,[130000.0],daraz.pk/daraz__v70-fe-lcd-683-8gb-256gb-32mp-200mp-8mp-7000mah-i1958545531.html.json,25792845c7e80673b984b360ad44714332ba057eeed688c2047f74fe0aa20d47,0.41667
20eaf5a6bf98d88e8f673242d0940ee7ccc35cba5613b582309e3f0d1a015733,2026-08-15T12:09:05+00:00,VGO TEL New 12 - 2GB RAM 64GB ROM - 6.52 Inches Display - 5000mAh Battery,https://www.daraz.pk/products/vgo-tel-new-12-2gb-ram-64gb-rom-652-inches-display-5000mah-battery-i535470467.html,,false,[],Weight Unknown,[16750.0],daraz.pk/daraz__vgo-tel-new-12-2gb-ram-64gb-rom-652-inches-display-5000mah-battery-i535470467.html.json,582b78cafff571f883efa1dc09ccedaf3e4f091b27cc1ad9489e2aaa8d146137,0.41667
a0e807eb025ea942db35e89121c96c18babbb7fedb62320ae75906b7694fc502,2026-08-15T14:17:16+00:00,VgoTel i15 | Dual SIM Feature Phone | 2.8″ Big Display | 3000 mAh Battery | Wireless FM Radio | Bluetooth | Memory Card Support,https://www.daraz.pk/products/vgotel-i15-dual-sim-feature-phone-28-big-display-3000mah-battery-wireless-fm-radio-bluetooth-memory-card-support-i1960761677.html,,false,[],Weight Unknown,[4783.0],daraz.pk/daraz__vgotel-i15-dual-sim-feature-phone-28-big-display-3000mah-battery-wireless-fm-radio-bluetooth-memory-card-support-i1960761677.html.json,3dbf004eba2825df3f673e39c18391815b7d9a4c21426e28ce03e4a1ee826b43,0.16667
b48f1b2079c79c0f2376686741df3e2e104c8671fc307d4fbe1e80904a6116ed,2026-08-15T10:52:35+00:00,VgoTel i16 | 2.8″ Big Display | 3000mAh Battery | Dual SIM | Wireless FM | Bluetooth | Camera | Memory Card Support,https://www.daraz.pk/products/vgotel-i16-28-big-display-3000mah-battery-dual-sim-wireless-fm-bluetooth-camera-memory-card-support-i1961468391.html,,false,[],Weight Unknown,[5000.0],daraz.pk/daraz__vgotel-i16-28-big-display-3000mah-battery-dual-sim-wireless-fm-bluetooth-camera-memory-card-support-i1961468391.html.json,dddb7bd98c343227a6dc13f39b0c4b35003bc3141bc59906517f7cf2d1d36c0a,0.16667
1c5b24e10f04bb5407277a75bee9f156771adda8deb8f7f98e262f518fab9627,2026-08-15T14:02:55+00:00,VgoTel i550 | Dual SIM | 2.4″ Big Display | 3000 mAh Battery | Bluetooth | Wireless FM | 1.3 MP Camera | Memory Card Support,https://www.daraz.pk/products/vgotel-i550-dual-sim-24-big-display-3000mah-battery-bluetooth-wireless-fm-13mp-camera-memory-card-support-i1960773294.html,,false,[],Weight Unknown,[4783.0],daraz.pk/daraz__vgotel-i550-dual-sim-24-big-display-3000mah-battery-bluetooth-wireless-fm-13mp-camera-memory-card-support-i1960773294.html.json,d9a1f98bedc2aa4245cf2cee0c311bcf196ed62ccfce2c20824d4f40dddfaeb1,0.20833
295c5593b44d745ed51f89f7615dd8d6232cc4bf96f4dba658fc0b44e6a5792f,2026-08-15T13:38:53+00:00,VgoTel iMusic Plus | 2.8″ Big Display | 3000 mAh Battery | Super Loud Speaker | Wireless FM | Dual SIM | Memory Card | Camera,https://www.daraz.pk/products/vgotel-imusic-plus-28-big-display-3000mah-battery-super-loud-speaker-wireless-fm-dual-sim-memory-card-camera-i1960765367.html,,false,[],Weight Unknown,[5073.0],daraz.pk/daraz__vgotel-imusic-plus-28-big-display-3000mah-battery-super-loud-speaker-wireless-fm-dual-sim-memory-card-camera-i1960765367.html.json,0313acd76ca14ed81a067ab8213ee5957dec384fd42d91dba32c51f663b0773b,0.16667
688fd929f20abc5d8ad5efdaa5c64c3a4be21345ea8e974f56ffb8295b503dcb,2026-08-15T13:42:39+00:00,VgoTel iMusicpro | Super Loud Speaker Feature Phone | 2.8″ Display | 3000 mAh Battery | Wireless FM | Dual SIM | Music Playback,https://www.daraz.pk/products/vgotel-imusicpro-super-loud-speaker-feature-phone-28-display-3000mah-battery-wireless-fm-dual-sim-music-playback-i1960779142.html,,false,[],Weight Unknown,[7250.0],daraz.pk/daraz__vgotel-imusicpro-super-loud-speaker-feature-phone-28-display-3000mah-battery-wireless-fm-dual-sim-music-playback-i1960779142.html.json,9bf57835f5ca94c8e289e97a38afd482600586e1c9f24b35420f7eacc2a8ee06,0.16667
75721e5c2d859bc43a373ee5f0be4afe98621f6dcccf1127dc1cce1bd8e3e6c8,2026-08-15T11:16:13+00:00,"Vgotel Smart 9 Pro - 6.745"" HD+ Waterdrop Display - 4GB RAM 64GB ROM - 5MP Front Camera - 50MP Rear Camera - Dual SIM - 5000mAh Battery",https://www.daraz.pk/products/vgotel-smart-9-pro-6745-hd-4gb-ram-64gb-rom-5mp-50mp-5000mah-i1965886848.html,,false,[],Weight Unknown,[30000.0],daraz.pk/daraz__vgotel-smart-9-pro-6745-hd-4gb-ram-64gb-rom-5mp-50mp-5000mah-i1965886848.html.json,1c5a83c2b39a5ee9052ef5c452b87a023e1db65c074fee5f0673e2e49b8ca095,0.33333
0c90f427c31669ded3ad423081d5914e74cbca100793b0d9b3962565984ad9c7,2026-08-15T13:15:12+00:00,VILLAON V25s - 2GB Ram with 2GB Extendable Ram - Total 4GB Ram & 32GB Memory - Dual Sim 4G - 5 Inch touch Display - 2000mAh Battery - Dual Camera - PTA Approved - 1 Year brand warranty,https://www.daraz.pk/products/villaon-v25s-2gb-2gb-4gb-32gb-4g-5-2000mah-pta-1-i947728193.html,,false,[],Weight Unknown,[12999.0],daraz.pk/daraz__villaon-v25s-2gb-2gb-4gb-32gb-4g-5-2000mah-pta-1-i947728193.html.json,c0cd1d0193f50cefe9a44d1ea62fe64e76bff8074955ae7f7032ece8f748189f,0.37500
9b1e1a726188abe8ec7711d887159e524fba1f2670a00ccd989c1d0768d5e421,2026-08-15T13:13:27+00:00,VILLAON V25s - 2GB Ram with 2GB Extendable Ram - Total 4GB Ram & 32GB Memory - Dual Sim 4G - 5 Inch touch Display - 2000mAh Battery - Dual Camera - PTA Approved - 1 Year brand warranty,https://www.daraz.pk/products/villaon-v25s-2gb-2gb-4gb-32gb-4g-5-2000mah-pta-1-i947869014.html,,false,[],Weight Unknown,[12869.0],daraz.pk/daraz__villaon-v25s-2gb-2gb-4gb-32gb-4g-5-2000mah-pta-1-i947869014.html.json,75a4a26638e0833a6a36c76ae35b34dc70dcf0c1758e44fb47d0371f7e95d04b,0.37500
4c4d757594d39ecf05edcb12aa6b73128b442739edd2db94300c2c709d991fec,2026-08-15T10:24:48+00:00,"Villaon V50S 6.52"" Display 4GB RAM 64GB PTA Approved 1 Yea Official Brand Warranty",https://www.daraz.pk/products/villaon-v50s-652-4gb-ram-64gb-pta-1-i1951627456.html,,false,[],Weight Unknown,[29999.0],daraz.pk/daraz__villaon-v50s-652-4gb-ram-64gb-pta-1-i1951627456.html.json,5cb8a695e2648e3840a2dda8ec85d00fbc67542e9240dac05e09226c1049baaa,0.41667
e91afd36986b51268706a6a8056060e6353d75c538fd63f7c9bf83f1c67a38c8,2026-08-15T11:04:04+00:00,Villaon V50s - 6.52 Inches Display - 4GB RAM 64GB ROM - 5MP Front Camera - 8MP Rear Camera - Octa-Core Processor - Dual SIM - 4000mAh Battery,https://www.daraz.pk/products/villaon-v50s-652-4gb-ram-64gb-rom-5mp-8mp-4000mah-i1953685254.html,,false,[],Weight Unknown,[26000.0],daraz.pk/daraz__villaon-v50s-652-4gb-ram-64gb-rom-5mp-8mp-4000mah-i1953685254.html.json,d90fa215f8a378ad7536cae52b3bba31c6ede3d79efd509859a41123f1afe6a3,0.33333
e2cb57f7c3d91bb31ef1fdd7f8a9b1a97b41b96eb9910fb72364e20367d1e939,2026-08-15T12:01:53+00:00,Vivo S1 6.38 Inches Super AMOLED Display - 8GB RAM 256GB ROM - 16MP + 8MP + 2MP + 32MP Camera - Official PTA Approve - Dual SIM (WIth Box Charger Only Accessoires Not Included - Multi Color),https://www.daraz.pk/products/vivo-638-amoled-8gb-ram-256gb-rom-16mp-8mp-2mp-32mp-pta-i485282956.html,,false,[],Weight Unknown,[34999.0],daraz.pk/daraz__vivo-638-amoled-8gb-ram-256gb-rom-16mp-8mp-2mp-32mp-pta-i485282956.html.json,de98739327f7185aee54212f1491bca97dcd3aa067357522841c77da525f71ec,0.29167
7cc0e659b9542c9fd7f483aa5e2d53b5e911689934c4af37c64379afd349ce97,2026-08-15T11:59:58+00:00,"Vivo V15 - 6.53 Inches Full HD+ Display - Dual Sim Official PTA Approved - 8GB RAM - 256GB ROM (128GB Usable - 128GB Reserved By System) - Motorize Popup Front 32MP Camera - Dual Engine Fast Charging (Phone with Imported Box, Charger) - Mix Color",https://www.daraz.pk/products/vivo-v15-653-8-256-128-128-32-i660190867.html,,false,[],Weight Unknown,[32999.0],daraz.pk/daraz__vivo-v15-653-8-256-128-128-32-i660190867.html.json,b1ab85b2ba4fc2acc6901ebed85e3d15c1fc2459ae0df6359c0a0be10cde5585,0.37500
789de37e133c0f3764419a60c359d69bd4775659a466be3b72d733494e456253,2026-08-15T09:43:59+00:00,"Vivo V15 - 6.53 Inches Full HD+ Display - Dual Sim Official PTA Approved - 8GB RAM - 256GB ROM - Motorize Popup Front 32MP Camera - Dual Engine Fast Charging (Phone with Box Charger, NO Accessories) - Mix Color",https://www.daraz.pk/products/vivo-v15-653-8-256-32-i913901101.html,,false,[],Weight Unknown,[28999.0],daraz.pk/daraz__vivo-v15-653-8-256-32-i913901101.html.json,26303682c2e4b28fee686e064be2cfe6b882d747f9a1d82dc4e23c84ec77b0c0,0.37500
982daee0d1145bea356591de851ff574c9378e15005e154dc280a78d007862c1,2026-08-15T11:02:44+00:00,Vivo V70 - 12GB RAM 256/512GB ROM 6.59'' AMOLED Display 6500 mAh Battery 90w Charge PTA Approved 1 Year Official Brand Warranty,https://www.daraz.pk/products/vivo-v70-12gb-ram-256512gb-rom-659-amoled-i1948765168.html,,false,[],Weight Unknown,[189999.0],daraz.pk/daraz__vivo-v70-12gb-ram-256512gb-rom-659-amoled-i1948765168.html.json,1971ea1239bfe52f4cdb89f94266f2ed7114e715d096af97a0df9cb5bce6346a,0.41667
afd6bcdb8fc38e0dee22a503964d4caa5265c2419ec4bd9c4aae61894384cd2d,2026-08-15T11:47:01+00:00,Vivo V70 - 12GB RAM 256GB ROM 50MP ZEISS Camera 6500 mAh Battery SDM 7 Gen 4 Processor PTA Approved 1 Year Official Warranty,https://www.daraz.pk/products/vivo-v70-12gb-ram-256gb-rom-50mp-zeiss-6500-mah-sdm-7-gen-4-pta-1-i1950205625.html,,false,[],Weight Unknown,[189999.0],daraz.pk/daraz__vivo-v70-12gb-ram-256gb-rom-50mp-zeiss-6500-mah-sdm-7-gen-4-pta-1-i1950205625.html.json,70230ce2dd17ffa6441fef9c20dd195cb355d970171a636e805bcb631e92ba5b,0.41667
0b941ece8c1de68d06daaa46d7898c42d2631becaf1a19b468de9359f946a28e,2026-08-15T13:14:31+00:00,vivo V70 - 12GB RAM - 256GB/512GB ROM - 50MP ZEISS Camera - 6500 mAh Battery - SDM 7 Gen 4 Processor - Official PTA Approved,https://www.daraz.pk/products/vivo-v70-12gb-ram-256gb512gb-rom-50mp-zeiss-camera-6500-mah-battery-sdm-7-gen-4-processor-official-pta-approved-i1948407967.html,,false,[],Weight Unknown,[199999.0],daraz.pk/daraz__vivo-v70-12gb-ram-256gb512gb-rom-50mp-zeiss-camera-6500-mah-battery-sdm-7-gen-4-processor-official-pta-approved-i1948407967.html.json,81615d432755f7284e56facf68c67015e5b34229a8a0582bcbbf32c1983a6ea0,0.41667
69ad6f4bcf7cbcebae25384b90241d10eb765a3ba4527121678abce1f691ad4b,2026-08-15T11:26:37+00:00,Vivo V70 - 12GB RAM 512GB ROM 50MP ZEISS Camera 6500 mAh Battery SDM 7 Gen 4 Processor PTA Approved 1 Year Official Warranty,https://www.daraz.pk/products/vivo-v70-12gb-ram-512gb-rom-50mp-zeiss-6500-mah-sdm-7-gen-4-pta-1-i1951044995.html,,false,[],Weight Unknown,[229999.0],daraz.pk/daraz__vivo-v70-12gb-ram-512gb-rom-50mp-zeiss-6500-mah-sdm-7-gen-4-pta-1-i1951044995.html.json,ac9590577bf2254ddba7ce2a2d69dd10cf0cb04fee0b39083acd3f62f9147d84,0.41667
cc71fc495f800b17da6c0e6a2df87ed4b5b503a12f17763bb0e26f9a152b1a92,2026-08-15T10:19:47+00:00,vivo V70 12GB+256GB PTA Approved,https://www.daraz.pk/products/vivo-v70-12gb256gb-pta-approved-i1960043387.html,,false,[],Weight Unknown,[179999.0],daraz.pk/daraz__vivo-v70-12gb256gb-pta-approved-i1960043387.html.json,c784dfed22e74dbf0530af27c38ef7cf930cdf85c2667d6a6bedce814660c58b,0.20833
e9a340354054e86c1a252b20667ed6bad3d891a2c97a00fa1a01a238d2f7233c,2026-08-15T15:05:41+00:00,vivo V70 12GB+512GB PTA Approved,https://www.daraz.pk/products/vivo-v70-12gb512gb-pta-approved-i1960626693.html,,false,[],Weight Unknown,[199999.0],daraz.pk/daraz__vivo-v70-12gb512gb-pta-approved-i1960626693.html.json,b02416e43f9745b3291d09628a9d2fb6bb5f229769d5ab37272bb0e0a6e8df3e,0.20833
e1b9a843839397707ac1b69f5557b5214fc067ba2386a6d3cb0091740595b91c,2026-08-15T11:43:47+00:00,Vivo V70 - 6.59 Inches Display - 12GB RAM 256GB/512GB ROM - 50MP Front Camera - 50MP+50MP+8MP Rear Camera - Dual SIM - 6500mAh Battery,https://www.daraz.pk/products/vivo-v70-659-12gb-ram-256gb512gb-rom-50mp-50mp50mp8mp-6500mah-i1948975256.html,,false,[],Weight Unknown,[200000.0],daraz.pk/daraz__vivo-v70-659-12gb-ram-256gb512gb-rom-50mp-50mp50mp8mp-6500mah-i1948975256.html.json,84f9bd11f8134e0a2bca6d3064fd9f119203afc0b6f4a6bcb3d8bc1f20de1bc7,0.37500
1af02e9cf8f8246a975c04a17429c6be5ed2f8db4f1d10a2c2bf46381eb72501,2026-08-15T10:57:54+00:00,vivo V70 8GB / 256GB PTA Approved,https://www.daraz.pk/products/vivo-v70-8gb-256gb-pta-approved-i1964418373.html,,false,[],Weight Unknown,[159999.0],daraz.pk/daraz__vivo-v70-8gb-256gb-pta-approved-i1964418373.html.json,3a69349b987830cd329dc5c44c939a80a1f8513b15b3cdcf7933004b27a6d888,0.12500
2adf1ade34b09731df2ee0e0ab1c0d6597b531a8e80f87891410d522996593dc,2026-08-15T10:29:10+00:00,vivo V70 - 8GB RAM - 256GB ROM - 50MP ZEISS Camera - 6500 mAh Battery - SDM 7 Gen 4 Processor - Official PTA Approved,https://www.daraz.pk/products/vivo-v70-8gb-ram-256gb-rom-50mp-zeiss-camera-6500-mah-battery-sdm-7-gen-4-processor-official-pta-approved-i1963898952.html,,false,[],Weight Unknown,[159999.0],daraz.pk/daraz__vivo-v70-8gb-ram-256gb-rom-50mp-zeiss-camera-6500-mah-battery-sdm-7-gen-4-processor-official-pta-approved-i1963898952.html.json,e52e8326769955d749e5dc15928207ae12528fb054066a65744f742d193c6f00,0.41667
f434601ce9e71b17dfaa136a0fccd00862dca20ece36b077c18fe11be72553df,2026-08-15T10:38:18+00:00,vivo V70 FE 12GB+256GB PTA Approved,https://www.daraz.pk/products/vivo-v70-fe-12gb256gb-pta-approved-i1960051329.html,,false,[],Weight Unknown,[139999.0],daraz.pk/daraz__vivo-v70-fe-12gb256gb-pta-approved-i1960051329.html.json,f76ee3905ee3a464a57fb34cccb9bd13017e7cb6228a43d7546997bcbe604de9,0.29167
ec86e171b9dae1e6cefc598b7605d7a2c5f0f201f412a4779d75d390fccaf64b,2026-08-15T11:18:29+00:00,Vivo V70 FE 5G - 12GB RAM 256GB ROM 200MP Camera IP68/IP69 Water Resistant PTA Approved 1 Year Official Brand Warranty,https://www.daraz.pk/products/vivo-v70-fe-5g-12gb-ram-256gb-rom-200mp-ip68ip69-pta-1-i1955266898.html,,false,[],Weight Unknown,[149999.0],daraz.pk/daraz__vivo-v70-fe-5g-12gb-ram-256gb-rom-200mp-ip68ip69-pta-1-i1955266898.html.json,a2195b4361533859919352fb460a941fef5a5f1b95c30a802a84a6baabeeb53c,0.58333
1b7d3e119f330c041310b302d0b45316c08dbaa8474727771e173896ed519b6e,2026-08-15T11:09:35+00:00,Vivo V70 FE 5G - 200MP Camera IP68/IP69 Water Resistant PTA Approved 1 Year Official Brand Warranty,https://www.daraz.pk/products/vivo-v70-fe-5g-200mp-ip68ip69-pta-1-i1956006014.html,,false,[],Weight Unknown,[134999.0],daraz.pk/daraz__vivo-v70-fe-5g-200mp-ip68ip69-pta-1-i1956006014.html.json,07f70634c10f1c269819130a266687a010150ef69b6b628dc75f96dc7893c038,0.58333
ce15df8f4d21350a85f3792150f3bf527e1d0d4c9bb7c16242ce2f7a208f8bff,2026-08-15T10:44:27+00:00,vivo V70 FE 8GB+256GB PTA Approved,https://www.daraz.pk/products/vivo-v70-fe-8gb256gb-pta-approved-i1960626694.html,,false,[],Weight Unknown,[124999.0],daraz.pk/daraz__vivo-v70-fe-8gb256gb-pta-approved-i1960626694.html.json,f9fe16efd826cebd27860f46585e0d7e28e196e33b2369ea24359e03da51e053,0.29167
d5922dca9ad744693548c6fc8c810c4bfc9fcb9493b39e7b2f4f8e4052359f91,2026-08-15T11:05:39+00:00,Vivo V70 FE - AMOLED LCD - 6.83 Inches Display - 12GB RAM 256GB ROM - 32MP Front Camera - 200MP+8MP Rear Camera - Dual SIM - 7000mAh Battery,https://www.daraz.pk/products/vivo-v70-fe-amoled-lcd-683-12gb-ram-256gb-rom-32mp-200mp8mp-7000mah-i1958685394.html,,false,[],Weight Unknown,[140000.0],daraz.pk/daraz__vivo-v70-fe-amoled-lcd-683-12gb-ram-256gb-rom-32mp-200mp8mp-7000mah-i1958685394.html.json,c2c58d1f27c1688e6bbdbc340be4392300adeac8cd6d22acd364346c3e9e38e7,0.41667
9b2bcd90e5cdcdfda4ef99a4f6e688f50a3d0d070dd4f5acbef5bdaf4327589a,2026-08-15T11:25:12+00:00,Vivo V70 FE - AMOLED LCD - 6.83 Inches Display - 12GB RAM 256GB ROM - 32MP Front Camera - 200MP+8MP Rear Camera - Mediatek Dimensity 7360 Turbo - Dual SIM - 7000mAh Battery,https://www.daraz.pk/products/vivo-v70-fe-amoled-lcd-683-12gb-ram-256gb-rom-32mp-200mp8mp-mediatek-dimensity-7360-turbo-7000mah-i1958681416.html,,false,[],Weight Unknown,[140000.0],daraz.pk/daraz__vivo-v70-fe-amoled-lcd-683-12gb-ram-256gb-rom-32mp-200mp8mp-mediatek-dimensity-7360-turbo-7000mah-i1958681416.html.json,7e45d91dbc1410af86c4415e276b890514c88026819f9e4e929268f0a9701b4e,0.62500
e9a4d7e2ee6f5e0fa2be2aa2d3f2d35ce9087fed3fc87ee26f4e3bfd48e46310,2026-08-15T11:31:48+00:00,Vivo V70 FE - AMOLED LCD - 6.83 Inches Display - 8GB RAM 256GB ROM - 32MP Front Camera - 200MP+8MP Rear Camera - Mediatek Dimensity 7360 Turbo - Dual SIM - 7000mAh Battery,https://www.daraz.pk/products/vivo-v70-fe-amoled-lcd-683-8gb-ram-256gb-rom-32mp-200mp8mp-mediatek-dimensity-7360-turbo-7000mah-i1959112278.html,,false,[],Weight Unknown,[130000.0],daraz.pk/daraz__vivo-v70-fe-amoled-lcd-683-8gb-ram-256gb-rom-32mp-200mp8mp-mediatek-dimensity-7360-turbo-7000mah-i1959112278.html.json,9ff767815d909ad30b26eeafa35f1d43b440656613031ab2a89c67961829bafe,0.62500
b4ccb0447b14a5be04722b815d57ab3975ce920e96c9eb1e24fcb748375e5606,2026-08-15T10:33:48+00:00,Vivo V70 RAM 12GB ROM 256 GB Camera 50mp Battery 6500 Mah One year Brand Warranty,https://www.daraz.pk/products/vivo-v70-ram-12gb-rom-256gb-50mp-6500mah-i1948786056.html,,false,[],Weight Unknown,[185000.0],daraz.pk/daraz__vivo-v70-ram-12gb-rom-256gb-50mp-6500mah-i1948786056.html.json,645d6dff3489b43c60cb77523a7df64bc317d502d4120942d325607fba7d6944,0.37500
fbdf245fa08a1a82b3a6b80b2cbeea1be02efefb2f8871d3acb08d07972a7964,2026-08-15T10:46:08+00:00,vivo X300 FE 12GB/256GB PTA Approved,https://www.daraz.pk/products/vivo-x300-fe-12gb256gb-pta-approved-i1963553851.html,,false,[],Weight Unknown,[269999.0],daraz.pk/daraz__vivo-x300-fe-12gb256gb-pta-approved-i1963553851.html.json,69f954f334c657b034cfa909eef4b00c1d4a858ca384a1c6dd662b557edfec0f,0.12500
53508598333973e51a089a4149f7087a02774273e0abf925dba053a6bd16793b,2026-08-15T10:52:17+00:00,Vivo X300 FE - LTPO AMOLED LCD - 6.31 Inches Display - 12GB RAM 256GB ROM - 50MP Front Camera - 50MP+50MP+8MP Rear Camera - Dual SIM -. 6500mAh Battery,https://www.daraz.pk/products/vivo-x300-fe-ltpo-amoled-lcd-631-12gb-ram-256gb-rom-50mp-50mp50mp8mp-6500mah-i1966146122.html,,false,"[""Black"",""White"",""Green""]",Weight Unknown,[270000.0],daraz.pk/daraz__vivo-x300-fe-ltpo-amoled-lcd-631-12gb-ram-256gb-rom-50mp-50mp50mp8mp-6500mah-i1966146122.html.json,d2ba1ca899362ec12a895480782f4997ec0aad5a5292f23bd4a33c741cf4fb60,0.66667
d5a85c2b00c278c0183dfa11f5f7e407800a19e181d673f62c38fd4f2c1c3de3,2026-08-15T10:26:19+00:00,Vivo X300 FE - LTPO AMOLED LCD - 6.31 Inches Display - 12GB RAM 256GB ROM - 50MP Front Camera - 50MP+50MP+8MP Rear Camera - Snapdragon® 8 Gen 5 Mobile Platform Processor - Dual SIM -. 6500mAh Battery,https://www.daraz.pk/products/vivo-x300-fe-ltpo-amoled-lcd-631-12gb-ram-256gb-rom-50mp-50mp50mp8mp-8-5-6500mah-i1965687386.html,,false,[],Weight Unknown,[270000.0],daraz.pk/daraz__vivo-x300-fe-ltpo-amoled-lcd-631-12gb-ram-256gb-rom-50mp-50mp50mp8mp-8-5-6500mah-i1965687386.html.json,5178e24ac918606ce0cf6209a8f5e2dd3d86d495d6c9297ea33934a3f415fdf1,0.62500
01958440a1519bba8ff6a52bc70ca1da79c3473dbf9978d59d6faa7dd4324895,2026-08-15T10:21:20+00:00,vivo Y05 4GB + 128GB PTA Approved,https://www.daraz.pk/products/vivo-y05-4gb-128gb-pta-approved-i1960061235.html,,false,[],Weight Unknown,[47999.0],daraz.pk/daraz__vivo-y05-4gb-128gb-pta-approved-i1960061235.html.json,d4ea80f3894a3c11b4c27af95ec1892e45d44ecc3eec6422eb8163f2e0e72963,0.20833
8af809c80e75a7aec6dd7fa00ba90d9051e73a050f5e7c43bfe4576c0e4911f7,2026-08-15T09:43:51+00:00,vivo Y05 4GB + 64GB PTA Approved,https://www.daraz.pk/products/vivo-y05-4gb-64gb-pta-approved-i1959949908.html,,false,[],Weight Unknown,[42999.0],daraz.pk/daraz__vivo-y05-4gb-64gb-pta-approved-i1959949908.html.json,2b234748d6c1bc46a4cdf1f1d276f72a09d95708f390eb896cb5430f5421e38a,0.20833
566a95bae5dbe21cf27262d483659d5c412b834217e2cb717ae39cb90ec7b8b2,2026-08-15T14:30:33+00:00,"Vivo Y05 4GB RAM + 128GB ROM, 6500mAh Battery, 6.74"" HD+ Display, 8MP Rear Camera - Smartphone (IP65, OriginOS 6.0, Official Warranty)",https://www.daraz.pk/products/vivo-y05-4gb-ram-128gb-rom-6500mah-674-hd-8mp-ip65-originos-60-i1948168922.html,,false,[],Weight Unknown,[51980.0],daraz.pk/daraz__vivo-y05-4gb-ram-128gb-rom-6500mah-674-hd-8mp-ip65-originos-60-i1948168922.html.json,4f7bc93a690e3b79c7304874a0eb926b7013e3fe70ac480a2824ad175621ad97,0.41667
b8578d495b588f723afbb58615feb5ee92cf0f6c61236f30a15f70b9a66e8d92,2026-08-15T13:30:24+00:00,"Vivo Y05 4GB RAM + 64GB ROM, 6500mAh Battery, 6.74"" HD+ Display, 8MP Rear Camera - Smartphone (IP65, OriginOS 6.0, Official Warranty)",https://www.daraz.pk/products/vivo-y05-4gb-ram-64gb-rom-6500mah-674-hd-8mp-ip65-originos-60-i1948186372.html,,false,[],Weight Unknown,[45980.0],daraz.pk/daraz__vivo-y05-4gb-ram-64gb-rom-6500mah-674-hd-8mp-ip65-originos-60-i1948186372.html.json,e96d8e940a9bc67bd871a033cf6518fa06fe81d2b31f4202047ea772853e2d84,0.41667
29d8739ae1d1062291a477fbc0802353140b477e17e3da7388c01d052414df76,2026-08-15T10:39:44+00:00,Vivo Y05 - 6.74 Inches Display - 4GB RAM 64GB/128GB ROM - 5MP Front Camera - 8MP Rear Camera - Dual SIM - 6500mAh Battery,https://www.daraz.pk/products/vivo-y05-674-4gb-ram-64gb128gb-rom-5mp-8mp-6500mah-i1948855175.html,,false,[],Weight Unknown,[50000.0],daraz.pk/daraz__vivo-y05-674-4gb-ram-64gb128gb-rom-5mp-8mp-6500mah-i1948855175.html.json,5cef41efc5b0b3886b7c039993668f1721af9c38bf51665df31bf73c7b1302f6,0.37500
734b634b794f4cdde217bccb1717077f69e04a0f7075bc0b9559883ceaa5a7e0,2026-08-15T10:55:33+00:00,Vivo Y05 - 6.74 Inches Display - 4GB RAM 64GB/128GB ROM - 5MP Front Camera - 8MP Rear Camera - Octa-Core Processor - Dual SIM - 6500mAh Battery,https://www.daraz.pk/products/vivo-y05-674-4gb-ram-64gb128gb-rom-5mp-8mp-6500mah-i1949000796.html,,true,[],Weight Unknown,[49000.0],daraz.pk/daraz__vivo-y05-674-4gb-ram-64gb128gb-rom-5mp-8mp-6500mah-i1949000796.html.json,6e6dbe778116090714995a0c4e3fb5832a8f7e1568337012cfb9776bead5f054,0.58333
45bd35d51c462ef271ad047e16505e9b65dd6d81009eab082b64032f9c220821,2026-08-15T10:45:25+00:00,Vivo Y05 - 6.74 Inches Display - 4GB RAM 64GB/128GB ROM - 5MP Front Camera - 8MP Rear Camera - Dual SIM - 6500mAh Battery,https://www.daraz.pk/products/vivo-y05-674-4gb-ram-64gb128gb-rom-5mp-8mp-6500mah-i1949022240.html,,false,[],Weight Unknown,[43500.0],daraz.pk/daraz__vivo-y05-674-4gb-ram-64gb128gb-rom-5mp-8mp-6500mah-i1949022240.html.json,f5126bc04f3e7bad80666d7ec7d79cd6f28843a005449af85c079d76baa6948d,0.33333
ea1dae9eae5a0c3207d9734bb7b8114e1086a6e277957dfd2a59e46a6ee7b732,2026-08-15T09:40:34+00:00,vivo Y05e - (4+4)GB Extended RAM - 64GB ROM - 8MP Rear Camera - 5150mAh Battery - IP64 water/dust resistance - Official PTA Approved,https://www.daraz.pk/products/vivo-y05e-44gb-extended-ram-64gb-rom-8mp-rear-camera-5150mah-battery-ip64-waterdust-resistance-official-pta-approved-i1968544719.html,,false,[],Weight Unknown,[39999.0],daraz.pk/daraz__vivo-y05e-44gb-extended-ram-64gb-rom-8mp-rear-camera-5150mah-battery-ip64-waterdust-resistance-official-pta-approved-i1968544719.html.json,e2a8c79e0178d7ef6449318d603e8e6ce471f0dcb5a409921ea4e9007e188d24,0.41667
68b58085b26df3f645e71750e857ca445c4d4115912f34bda217ff089cb020d0,2026-08-15T11:55:50+00:00,vivo Y05e 4GB/64GB PTA Approved,https://www.daraz.pk/products/vivo-y05e-4gb64gb-pta-approved-i1968195760.html,,false,[],Weight Unknown,[39999.0],daraz.pk/daraz__vivo-y05e-4gb64gb-pta-approved-i1968195760.html.json,9b43f216b337ec1b555281097717407d9363ef80bae5ef598101e824cd56ffa9,0.29167
36a0b62fde6d396fcd743b64dda1a4e32928b0fc8b14e8ba3a2d5ecd1900e207,2026-08-15T10:17:55+00:00,vivo Y11d 4GB+128GB PTA Approved,https://www.daraz.pk/products/vivo-y11d-4gb128gb-pta-approved-i1960051331.html,,false,[],Weight Unknown,[52999.0],daraz.pk/daraz__vivo-y11d-4gb128gb-pta-approved-i1960051331.html.json,54df064e03e1ce177324ae026fd069c40faaace12c76a74f444ee9d103161cf1,0.20833
cadb03092297be908fbcf531084a29904f0f41a657a68be30624d8095bd2ac79,2026-08-15T11:46:43+00:00,Vivo Y11d - 6.74'' 120Hz Display 4GB RAM 128GB ROM 50MP Camera 6500mAh Battery PTA Approved 1Year Official Brand Warranty,https://www.daraz.pk/products/vivo-y11d-674-120hz-4gb-ram-128gb-rom-50mp-6500mah-pta-1-i1951455085.html,,false,[],Weight Unknown,[54999.0],daraz.pk/daraz__vivo-y11d-674-120hz-4gb-ram-128gb-rom-50mp-6500mah-pta-1-i1951455085.html.json,88dee2cdab4678cecca4ca5cb752d150a9a77245e44849d34c610008b463081b,0.41667
d162d00948f512673a1302377cad4a9d5f6d54adc62b8df3d7515b26fcfa41e5,2026-08-15T10:49:55+00:00,Vivo Y11d - 6.74'' 120Hz Display 6GB RAM 128GB ROM 50MP Camera 6500mAh Battery PTA Approved 1Year Official Brand Warranty,https://www.daraz.pk/products/vivo-y11d-674-120hz-6gb-ram-128gb-rom-50mp-6500mah-pta-1-i1951622868.html,,false,[],Weight Unknown,[69999.0],daraz.pk/daraz__vivo-y11d-674-120hz-6gb-ram-128gb-rom-50mp-6500mah-pta-1-i1951622868.html.json,adc5009fe2584cb4839fd18a4027d22dfd89a0ed73a8c10f15030c5a963762e6,0.41667
ff0aee528a748b472a89e4ff82d16c5d77e24d704f80257132ff1a90807ec813,2026-08-15T10:51:02+00:00,Vivo Y11d - 6.74 Inches Display - 4GB RAM 128GB ROM - 5MP Front Camera - 50MP + 0.08MP Rear Camera - Dual SIM - 6500mAh Battery,https://www.daraz.pk/products/vivo-y11d-674-4gb-ram-128gb-rom-5mp-50mp-008mp-6500mah-i1950499292.html,,false,[],Weight Unknown,[54000.0],daraz.pk/daraz__vivo-y11d-674-4gb-ram-128gb-rom-5mp-50mp-008mp-6500mah-i1950499292.html.json,1c64bfa900b30aa199d27e1e3957dc082a2e08a0d67b7178ffc167d29bcb405a,0.41667
c0914176b23480ec53818f8c30e90c981690bd300528d940a34cb02cd0b24003,2026-08-15T11:35:38+00:00,Vivo Y11d - 6.74 Inches Display - 4GB RAM 128GB ROM - 5MP Front Camera - 50MP + 0.08MP Rear Camera - Dual SIM - 6500mAh Battery,https://www.daraz.pk/products/vivo-y11d-674-4gb-ram-128gb-rom-5mp-50mp-008mp-6500mah-i1950612193.html,,false,[],Weight Unknown,[54000.0],daraz.pk/daraz__vivo-y11d-674-4gb-ram-128gb-rom-5mp-50mp-008mp-6500mah-i1950612193.html.json,ba48a876cef7ed6b4cc0732d32bc14ea711089442bcf5d398b35caf34f075e42,0.37500
94d010a2cc5a9cbe5a145bf2098ae6c67da05d6583fe4b57386aa15b80003ccf,2026-08-15T11:13:08+00:00,Vivo Y11d - 6.74 Inches Display - 4GB RAM 128GB ROM - 5MP Front Camera - 50MP + 0.08MP Rear Camera - Unisoc T7225- Dual SIM - 6500mAh Battery,https://www.daraz.pk/products/vivo-y11d-674-4gb-ram-128gb-rom-5mp-50mp-008mp-unisoc-t7225-6500mah-i1950600241.html,,false,"[""Sunrise Gold"",""Voyage Black""]",Weight Unknown,[56000.0],daraz.pk/daraz__vivo-y11d-674-4gb-ram-128gb-rom-5mp-50mp-008mp-unisoc-t7225-6500mah-i1950600241.html.json,c6a7440b6515bfc046eabf7177f43aa56d85e7c7d33beab76a7bb745e86e487c,0.66667
245d257aed68185f424c3a7165e3893f11c8499916f25b283721e53ccae19c18,2026-08-15T11:05:48+00:00,Vivo Y11d - 6.74 Inches Display - 6GB RAM 128GB ROM - 5MP Front Camera - 50MP + 0.08MP Rear Camera - Dual SIM - 6500mAh Battery,https://www.daraz.pk/products/vivo-y11d-674-6gb-ram-128gb-rom-5mp-50mp-008mp-6500mah-i1950603053.html,,false,[],Weight Unknown,[65000.0],daraz.pk/daraz__vivo-y11d-674-6gb-ram-128gb-rom-5mp-50mp-008mp-6500mah-i1950603053.html.json,2aa6b6e585eef2f45e754b3ac60f4ad282543815c90a351ee10a8d20f1adead8,0.37500
48b442f8010a77458de8beac705d3c9c60cd580a047ceba30b6b05afa7ba8b8a,2026-08-15T10:41:17+00:00,Vivo Y11d - 6.74 Inches Display - 6GB RAM 128GB ROM - 5MP Front Camera - 50MP + 0.08MP Rear Camera - Unisoc T7225 - Dual SIM - 6500mAh Battery,https://www.daraz.pk/products/vivo-y11d-674-6gb-ram-128gb-rom-5mp-50mp-008mp-unisoc-t7225-6500mah-i1950648984.html,,false,"[""Sunrise Gold"",""Voyage Black""]",Weight Unknown,[65000.0],daraz.pk/daraz__vivo-y11d-674-6gb-ram-128gb-rom-5mp-50mp-008mp-unisoc-t7225-6500mah-i1950648984.html.json,b7cabbfe93d77601a29437807eb80639a26bf23b083a149c945d2dc3db7ccdcf,0.66667
367ce153ac83d7058872a237b78cab8ad816561386d33e396931be1a9f1b706f,2026-08-15T10:15:43+00:00,vivo Y11d 6GB+128GB PTA Approved,https://www.daraz.pk/products/vivo-y11d-6gb128gb-pta-approved-i1960578906.html,,false,[],Weight Unknown,[65999.0],daraz.pk/daraz__vivo-y11d-6gb128gb-pta-approved-i1960578906.html.json,dccf2346a1b99123302257750d751317302cb542ffe9cd91c7156dfb8c125cda,0.20833
07b33bd0eb3bfcc9e6ef77073ece367a94fb4efe6323c1ce60080d9e1f76c9dc,2026-08-15T11:32:26+00:00,Vivo Y11D RAM 4GB ROM 128GB 50 MP Back Camera Back Camera 50 MP Battery 6500 Mah One year Brand Warranty,https://www.daraz.pk/products/vivo-y11d-ram-4gb-rom-128gb-50-mp-50-mp-6500-mah-i1949080323.html,,false,[],Weight Unknown,[55000.0],daraz.pk/daraz__vivo-y11d-ram-4gb-rom-128gb-50-mp-50-mp-6500-mah-i1949080323.html.json,b6a662fcf85c6352c31a189bcb949f76d69c8eaa321fbfceb848a11fc79e4c77,0.37500
5c4cb45aba9447a4e0ce2932856cf554b4763915bbcc82c58db5a5793f5e6bc2,2026-08-15T10:48:37+00:00,Vivo Y11d RAM 6GB ROM 12GB 50 MPBack Camera Back Camera 50 MP Battery 6500 Mah One year Brand Warranty,https://www.daraz.pk/products/vivo-y11d-ram-6gb-rom-12gb-50-mp-50-mp-6500-mah-i1949098153.html,,false,[],Weight Unknown,[65000.0],daraz.pk/daraz__vivo-y11d-ram-6gb-rom-12gb-50-mp-50-mp-6500-mah-i1949098153.html.json,0cd6e3c524ff5a3283ec1a1228bf55c1946d4bf0e582071d23a6b706d1dec3c1,0.37500
dc25199990c766661ef08802f1dd0ee0ab8c065b9c8e933662dd6f6d327dc017,2026-08-15T08:48:02+00:00,"Vivo Y17 - 6.35 Inches IPS LCD Display - 8GB RAM - 256GB Storage - Official PTA Approved - Fingerprint Sensor - Helio P35 Processor - (Phone and Box Charger, No Accessories Included - Mix Color)",https://www.daraz.pk/products/vivo-y17-635-ips-lcd-8gb-ram-256gb-pta-helio-p35-i491864707.html,,false,[],Weight Unknown,[24999.0],daraz.pk/daraz__vivo-y17-635-ips-lcd-8gb-ram-256gb-pta-helio-p35-i491864707.html.json,11ab87114ea23f52e3255600004c33fa3ff9668ad476ef2d514a41ff96a64262,0.33333
767d2e4dead4887a9c7e5a55d9079f7b608dab8bd8095e6268f655edaa3ebf5a,2026-08-15T12:24:18+00:00,"Vivo Y17s - 6.56 Inches HD+ Display - Dual Sim Official PTA Approved - 8GB RAM - 256GB ROM (128GB USABLE + 128GB SYSTEM RESERVED) - Phone Only with Compaitable Charger, Color Mix",https://www.daraz.pk/products/vivo-y17s-656-hd-8-256-128-128-i1961842308.html,,false,[],Weight Unknown,[29999.0],daraz.pk/daraz__vivo-y17s-656-hd-8-256-128-128-i1961842308.html.json,7eb9159e3811bf28f0f0d0efc17def8c5f9cd2548f840034e651ac54f8f53035,0.41667
c97b60c0f6b9a21b04838b05fd45d655cf4abab145fe0835bbc9866a0837dba5,2026-08-15T10:30:24+00:00,"Vivo Y19 - 6.53 Inches Full HD+ Display - Dual Sim Official PTA Approved - 8GB RAM 256GB ROM (128GB Usable + 128GB System Reserved) - Dual Engine Fast Charging - (Phone + Box (Imported Box), Charger, Mix Color, 10/10 Conciditon, Impored Stock)",https://www.daraz.pk/products/vivo-y19-653-8-256-128-128-1010-i947537575.html,,false,[],Weight Unknown,[24999.0],daraz.pk/daraz__vivo-y19-653-8-256-128-128-1010-i947537575.html.json,c69210eafca8d3d61834e1bd99ec7a996f01be3720684ba2ac5fc832fe75bbee,0.45833
31dce6c83215d00a418797cfdfadd09ce850a6db74077fea6c300a970fcd1907,2026-08-15T12:27:02+00:00,Vivo Y19s - 6.74 Inches IPS LCD Display - 8+1GB RAM - 256GB Storage - Official PTA Approved - Fingerprint Sensor - (Phone and Universal Box. No Charger and No Accessories Included - Mix Color),https://www.daraz.pk/products/vivo-y19s-674-ips-lcd-81gb-256gb-i1954179871.html,,false,[],Weight Unknown,[59999.0],daraz.pk/daraz__vivo-y19s-674-ips-lcd-81gb-256gb-i1954179871.html.json,6cbac615b53c0f9d9c52724da271138dc4dc2bbcc3a1062ac6c4384d9aa0d216,0.25000
992886e83558b13e106ad58f3203eccb46ed880ffce575494547964beca8a61e,2026-08-15T10:00:41+00:00,Vivo Y19s | 6GB+128GB | 90Hz Screen | 5500mAh Long Battery | Android 14 | PTA Approved,https://www.daraz.pk/products/vivo-y19s-6gb128gb-90hz-screen-5500mah-long-battery-android-14-pta-approved-i1960765385.html,,false,[],Weight Unknown,[27999.0],daraz.pk/daraz__vivo-y19s-6gb128gb-90hz-screen-5500mah-long-battery-android-14-pta-approved-i1960765385.html.json,049240c701e61cce8f6c2988b4509d79359cf6ffe08acaed9a7e7ee633483b94,0.37500
e1246015fb59b3e191603845329f7dac495338f830dd0f4317b2fa4a6239d658,2026-08-15T09:27:22+00:00,"Vivo Y20s - 6.51 Inches IPS LCD Display - 8GB RAM - 256GB Storage - Official PTA Approved - Fingerprint Sensor - Helio P80 Processor - (Phone and Box Charger, No Accessories Included - Mix Color)",https://www.daraz.pk/products/vivo-y20s-651-ips-lcd-8gb-ram-256gb-pta-helio-p80-i492005507.html,,false,[],Weight Unknown,[34999.0],daraz.pk/daraz__vivo-y20s-651-ips-lcd-8gb-ram-256gb-pta-helio-p80-i492005507.html.json,95d5ead6344a2d1131f68a4329dd15ebb76643f822f6b8265c5821b5a67bab39,0.29167
2541ab2c30293b5e352568eae83061772ce93e5f95cdd6bd36ac6e45b8d85943,2026-08-15T09:32:27+00:00,"Vivo Y20s (G) - 6.51 HD+ Display - Dual Sim Official PTA Approved - 8GB RAM - 256GB ROM (128GB Usable, 128GB System Reserved) - 13/2/2 + 8MP Camera (Phone with Box (Imported Box), Charger Included - Multi Color)",https://www.daraz.pk/products/vivo-y20s-g-651-hd-8-256-128-128-1322-8-i887522507.html,,false,[],Weight Unknown,[29999.0],daraz.pk/daraz__vivo-y20s-g-651-hd-8-256-128-128-1322-8-i887522507.html.json,52cb2d00ebf1fbecee79fe05bcd9b044f3d74961c8c5ba78eddcc35b1453cc73,0.37500
88f139691d805cc2c145ebae3bd485cb6f0d8bcad9ed26042f0ada00add5f213,2026-08-15T14:53:27+00:00,Vivo Y21d - 4GB RAM - 128GB ROM - IP68 & IP69 All Round Waterproof - 6500mAh BlueVolt Battery - 44W FlashCharge,https://www.daraz.pk/products/vivo-y21d-4gb-ram-128gb-rom-ip68-ip69-6500mah-44w-i1949020372.html,,false,"[""Coral Red"",""Jade Green""]",Weight Unknown,[49999.0],daraz.pk/daraz__vivo-y21d-4gb-ram-128gb-rom-ip68-ip69-6500mah-44w-i1949020372.html.json,7b0d38d957bbed02822cf5ad0f497450431bd32bfa9fa7c599a7c820c472411a,0.70833
72681e790480d2e411d9e9193d538990134ab9acfcf764f1c4d69d697e9ba7c7,2026-08-15T11:12:09+00:00,Vivo Y31d - 6.75 Inches Display - 6GB RAM 128GB ROM - 8MP Front Camera - 50MP+2MP Rear Camera - Dual SIM - 7200mAh Battery,https://www.daraz.pk/products/vivo-y31d-675-6-128-8-50-2-7200-i1950653800.html,,false,[],Weight Unknown,[71000.0],daraz.pk/daraz__vivo-y31d-675-6-128-8-50-2-7200-i1950653800.html.json,2590c64c7e79044a1d4b1a275ae41361a29054049f2efdc9a37fa295f0ffdb28,0.37500
3b40dc4481b06ea8b291cc047d0eb70d06b35d5a4a7f50dca8c1ab44026a785f,2026-08-15T10:24:10+00:00,Vivo Y31d - 6.75'' Display 6GB RAM 128GB ROM 7200mAh Battery 44w Fast Charge PTA Approved 1 Year Official Brand Warranty,https://www.daraz.pk/products/vivo-y31d-675-6gb-ram-128gb-rom-7200mah-44w-pta-1-i1951453624.html,,false,[],Weight Unknown,[72980.0],daraz.pk/daraz__vivo-y31d-675-6gb-ram-128gb-rom-7200mah-44w-pta-1-i1951453624.html.json,78132bc35e3c3cb37e0e4e9dc4f27ca89bf70190161a6ccf5d9080f65f3483ca,0.45833
220cdfd2528a6d3d5606132619ab15b8c30fbdc75ccf82f2e8b3db1708391803,2026-08-15T10:36:59+00:00,Vivo Y31d - 6.75 Inches Display - 6GB RAM 128GB ROM - 8MP Front Camera - 50MP+2MP Rear Camera - Dual SIM - 7200mAh Battery,https://www.daraz.pk/products/vivo-y31d-675-6gb-ram-128gb-rom-8mp-50mp2mp-7200mah-i1950695918.html,,false,"[""Glow White"",""Starlight Gray""]",Weight Unknown,[71000.0],daraz.pk/daraz__vivo-y31d-675-6gb-ram-128gb-rom-8mp-50mp2mp-7200mah-i1950695918.html.json,1aa8a1af05e4d33392fff3a26a71ee1622cfc9244d9160121275364b092d0991,0.62500
0610cd3bf13cd42cbc8591cc73c34b20866fd68a5de777d3209390d1393fcdf1,2026-08-15T11:12:59+00:00,Vivo Y31d - 6.75 Inches Display - 6GB RAM 128GB ROM - 8MP Front Camera - 50MP+2MP Rear Camera - Snapdragon® 6s Gen 2 4G Mobile Platform - Dual SIM - 7200mAh Battery,https://www.daraz.pk/products/vivo-y31d-675-6gb-ram-128gb-rom-8mp-50mp2mp-snapdragon-6s-2-4g-7200mah-i1950699816.html,,false,[],Weight Unknown,[70000.0],daraz.pk/daraz__vivo-y31d-675-6gb-ram-128gb-rom-8mp-50mp2mp-snapdragon-6s-2-4g-7200mah-i1950699816.html.json,794b908c755dea44f4beb97269845244389abc06380f0b875db3bb0653623fef,0.62500
1f16868d70096ec978e55c498f990d96a22560fcd9702f37ff0bb31ab6564b49,2026-08-15T11:28:32+00:00,Vivo Y31d - 6.75 Inches Display - 8GB RAM 128GB/256GB ROM - 8MP Front Camera - 50MP+2MP Rear Camera - Dual SIM - 7200mAh Battery,https://www.daraz.pk/products/vivo-y31d-675-8gb-ram-128gb256gb-rom-8mp-50mp2mp-7200mah-i1950541807.html,,false,"[""Glow White"",""Starlight Gray""]",Weight Unknown,[80000.0],daraz.pk/daraz__vivo-y31d-675-8gb-ram-128gb256gb-rom-8mp-50mp2mp-7200mah-i1950541807.html.json,1adaf1745679cccdd3305d46e8e72d64913e72020c809bc6523acc78dcf679bc,0.62500
eb658dcee2617f431370c758c6a95ef00b2e6f81e84ff1ef6ac1b27ee4766093,2026-08-15T10:33:28+00:00,Vivo Y31d - 6.75 Inches Display - 8GB RAM 128GB/256GB ROM - 8MP Front Camera - 50MP+2MP Rear Camera - Dual SIM - 7200mAh Battery,https://www.daraz.pk/products/vivo-y31d-675-8gb-ram-128gb256gb-rom-8mp-50mp2mp-7200mah-i1950553426.html,,false,[],Weight Unknown,[81000.0],daraz.pk/daraz__vivo-y31d-675-8gb-ram-128gb256gb-rom-8mp-50mp2mp-7200mah-i1950553426.html.json,8f8481890272986abe09d14c94a89d6e27bff39d42a05dc319b9ad528c3c1e8d,0.37500
836cb8c151c75f7c9d73f1154bcc0cd18417ec97b98fbea8d539530e5e1ed846,2026-08-15T10:37:10+00:00,Vivo Y31d - 6.75 Inches Display - 8GB RAM 128GB/256GB ROM - 8MP Front Camera - 50MP+2MP Rear Camera - Snapdragon® 6s Gen 2 4G Mobile Platform - Dual SIM - 7200mAh Battery,https://www.daraz.pk/products/vivo-y31d-675-8gb-ram-128gb256gb-rom-8mp-50mp2mp-snapdragon-6s-2-4g-7200mah-i1950652933.html,,false,[],Weight Unknown,[92000.0],daraz.pk/daraz__vivo-y31d-675-8gb-ram-128gb256gb-rom-8mp-50mp2mp-snapdragon-6s-2-4g-7200mah-i1950652933.html.json,998659c74c221f03338b8c3ed1bd1c028d32866a9db349984167c9add6de5be9,0.62500
89028d8ce7ce64febf429cb56659d0316ce7a9486305ee67ed83f082253800d3,2026-08-15T10:44:49+00:00,vivo Y31d 6GB+128GB PTA Approved,https://www.daraz.pk/products/vivo-y31d-6gb128gb-pta-approved-i1960087013.html,,false,[],Weight Unknown,[69999.0],daraz.pk/daraz__vivo-y31d-6gb128gb-pta-approved-i1960087013.html.json,feb19a38b2595ef0b3e3b16b978e2f43f573ad02c0f90606c5937fbb0bb06d5b,0.20833
8a90f549d8175d21ae9049d4c05841fa7f0ad3b0e832f2a84e8e85180d71d30d,2026-08-15T10:32:00+00:00,vivo Y31d - 7200 mAh BlueVolt Battery - Snapdragon 6s Gen 2 4G - OriginOS 6.0 New System - Officail PTA Approved,https://www.daraz.pk/products/vivo-y31d-7200-mah-bluevolt-battery-snapdragon-6s-gen-2-4g-originos-60-new-system-officail-pta-approved-i1950430892.html,,false,[],Weight Unknown,[89999.0],daraz.pk/daraz__vivo-y31d-7200-mah-bluevolt-battery-snapdragon-6s-gen-2-4g-originos-60-new-system-officail-pta-approved-i1950430892.html.json,40c7ee6ddb66fa5023367ec531d766aa606d776f887a5455c7fc4450171da604,0.41667
dd635e29812e733cf33803fb7b7fdad0b6f9fc12730a114170c862ed353a1e83,2026-08-15T10:57:03+00:00,Vivo Y31d - 8GB RAM 128GB ROM 7200mAh Battery 44w Fast Charge PTA Approved 1 Year Official Brand Warranty,https://www.daraz.pk/products/vivo-y31d-8gb-ram-128gb-rom-7200mah-44w-pta-1-i1951648034.html,,false,[],Weight Unknown,[79999.0],daraz.pk/daraz__vivo-y31d-8gb-ram-128gb-rom-7200mah-44w-pta-1-i1951648034.html.json,1bcd20f145763de5b5291d9bbaf7bac8f53d0742737f5e28998d6c8192d939e6,0.45833
567ce1867b5096db7e1b6e8832c961740606c44225cd519ce4b4c9498c252a7d,2026-08-15T10:56:10+00:00,Vivo Y31d 8GB RAM 128GB ROM Front Camera 8 MP Back Camera 50 MP 7200 mAh Battery Health One Year Brand Warrenty,https://www.daraz.pk/products/vivo-y31d-8gb-ram-128gb-rom-8g-ram-256gb-rom-8-mp-50-mp-7200-mah-i1950847082.html,,false,[],Weight Unknown,[82999.0],daraz.pk/daraz__vivo-y31d-8gb-ram-128gb-rom-8g-ram-256gb-rom-8-mp-50-mp-7200-mah-i1950847082.html.json,fe94c8a82f5a899aa6b39b0293662e0d3f8b062a5cefa0548df99c62db25585c,0.33333
99731b0e5f77a3f9e516dd89fa1564416afe01068352859a4e5d8618d8b00c31,2026-08-15T10:40:22+00:00,Vivo Y31d - 8GB RAM 256GB ROM 6.75'' Display 7200mAh Battery 44w Fast Charge PTA Approved 1 Year Official Brand Warranty,https://www.daraz.pk/products/vivo-y31d-8gb-ram-256gb-rom-675-7200mah-44w-pta-1-i1951469234.html,,false,[],Weight Unknown,[94980.0],daraz.pk/daraz__vivo-y31d-8gb-ram-256gb-rom-675-7200mah-44w-pta-1-i1951469234.html.json,a640c6a48656b5da2508e5603afd94f510221afadbd3bb193772be36e5ca584f,0.45833
d23fc57346b2b9a948d0685986276e7b94ffc611c1957e77fb6e7674e4c6cc5a,2026-08-15T10:17:10+00:00,vivo Y31d 8GB+128GB PTA Approved,https://www.daraz.pk/products/vivo-y31d-8gb128gb-pta-approved-i1960029567.html,,false,[],Weight Unknown,[79999.0],daraz.pk/daraz__vivo-y31d-8gb128gb-pta-approved-i1960029567.html.json,b428e60b6c89855ea7417977918617c420b93a30a4bb40af8558f61ffc6b5701,0.20833
fa0c490626666d675a30c8f9d9b4432174302c4131e08cc928a93131a18e4fc4,2026-08-15T10:50:54+00:00,vivo Y31d 8GB+256GB PTA Approved,https://www.daraz.pk/products/vivo-y31d-8gb256gb-pta-approved-i1960075037.html,,false,[],Weight Unknown,[89999.0],daraz.pk/daraz__vivo-y31d-8gb256gb-pta-approved-i1960075037.html.json,12ff4ee356f56e56e83aa079c44793a8ccd0fb90e5603f3bca6d5aa1a72dd96d,0.20833
a22a4a41a1d7512efe76bc771dc94e5e9ebfb301a6ac389576536849734d0f56,2026-08-15T11:26:17+00:00,"vivo Y500 - 6.83"" AMOLED 120Hz Display - 8,100 mAh Battery - 44W FlashCharge - 8GB RAM - 128GB ROM - 50MP Sony Camera - Official Warranty",https://www.daraz.pk/products/vivo-y500-683-amoled-120hz-8100-mah-44w-8gb-128gb-50mp-i1964167639.html,,false,[],Weight Unknown,[104980.0],daraz.pk/daraz__vivo-y500-683-amoled-120hz-8100-mah-44w-8gb-128gb-50mp-i1964167639.html.json,6e15eef4bf040f66eca85de3b04ab596a8c4b93501253127f4e84e3e0eea1079,0.50000
88b1cf63f3e3da4f4832a61732e3da8e8d46e6f640393f50b2d8d60c5ed2795c,2026-08-15T11:03:38+00:00,"vivo Y500 - 6.83"" AMOLED 120Hz Display - 8,100 mAh Battery - 44W FlashCharge - 8GB RAM - 256GB ROM - 50MP Sony Camera - Official Warranty",https://www.daraz.pk/products/vivo-y500-683-amoled-120hz-8100-mah-44w-8gb-256gb-50mp-i1964802909.html,,false,[],Weight Unknown,[114980.0],daraz.pk/daraz__vivo-y500-683-amoled-120hz-8100-mah-44w-8gb-256gb-50mp-i1964802909.html.json,e6dd72a1631b672ea773b3d7706cad51ca9b3aa646941bd275dc9f5077ac63c8,0.50000
1a2db23ce4898c93d5d63fb147859b245738ecc467756a1b8176406f9d7d344f,2026-08-15T10:09:33+00:00,vivo Y500 - 8GB RAM - 128/256GB ROM - 50MP main Camera - 8100 mAh Battery - 1.5K Ultra Clear AMOLED Display - Officail PTA Approved,https://www.daraz.pk/products/vivo-y500-8gb-ram-128256gb-rom-50mp-main-camera-8100-mah-battery-15k-ultra-clear-amoled-display-officail-pta-approved-i1960631761.html,,false,[],Weight Unknown,[99999.0],daraz.pk/daraz__vivo-y500-8gb-ram-128256gb-rom-50mp-main-camera-8100-mah-battery-15k-ultra-clear-amoled-display-officail-pta-approved-i1960631761.html.json,7ed53335a1c4d40a14a09768ebef246bf38b4a6ba53e4c0333f3510f66ba7ba9,0.29167
f8f9575647991cb88a28d5c66bdbf696c710b989b95adf9e46389b166ae9263a,2026-08-15T10:53:34+00:00,Vivo Y500 8GB RAM 128GB & 256 GB ROM 8100 mAh Battery Health Front Camera 32 MP Back Camera 50 MP + 2 MP One Year Brand Warranty,https://www.daraz.pk/products/vivo-y500-8gb-ram-128gb-256gb-rom-8100-mah-32-mp-50-mp-2-mp-i1961708287.html,,false,[],Weight Unknown,[115000.0],daraz.pk/daraz__vivo-y500-8gb-ram-128gb-256gb-rom-8100-mah-32-mp-50-mp-2-mp-i1961708287.html.json,a229288728069ad0a55457fd0c6edc33447e44824d27ecd0d391fefbb1bf71e0,0.37500
7314df17b53e854a6947ab8a9b4aaa5a8e7659695128c9f0417640a599f2176a,2026-08-15T10:15:00+00:00,vivo Y500 8GB/128GB PTA Approved,https://www.daraz.pk/products/vivo-y500-8gb128gb-pta-approved-i1961689049.html,,false,[],Weight Unknown,[99999.0],daraz.pk/daraz__vivo-y500-8gb128gb-pta-approved-i1961689049.html.json,f34c7d856fe24ad312d7068f27e194b3b6fe791df3e0c30933dd80233c239fd8,0.33333
821d46f0a2b0cf1aa6648a9aefe7eeab72f7032f5fd3c4321f4cd1d5b9675869,2026-08-15T10:10:23+00:00,vivo Y500 8GB/256GB PTA Approved,https://www.daraz.pk/products/vivo-y500-8gb256gb-pta-approved-i1961681796.html,,false,[],Weight Unknown,[109999.0],daraz.pk/daraz__vivo-y500-8gb256gb-pta-approved-i1961681796.html.json,d8f0f0cf1dd738c237f6e9d33537c2dfaa9a7b457ba9fa19d1e9471027452194,0.33333
5051d08b83900008597988ca602bb46f2a05d3a03d7276965d5418c15cf089a5,2026-08-15T10:06:51+00:00,"Vivo Y71 - 4GB RAM Big ROM | 6.0"" HD+ Display | 3360mAh Battery | 13MP Camera | PTA Approved | Like New",https://www.daraz.pk/products/vivo-y71-4gb-60-3360mah-13-i1959711194.html,,false,[],Weight Unknown,[15000.0],daraz.pk/daraz__vivo-y71-4gb-60-3360mah-13-i1959711194.html.json,4acb8db0203d67ca92198032a64d1d3c91b7a98f990c03c0e8251a1e342c016f,0.37500
950656d2b6c6136aea6161efe186bda0e1cbf2fab5ec9d513c14261fb8e26c50,2026-08-15T10:17:20+00:00,"Vivo Y71 - 4GB RAM Big ROM | 6.0"" HD+ Display | 3360mAh Battery | 13MP Camera | PTA Approved | Like New",https://www.daraz.pk/products/vivo-y71-4gb-ram-big-rom-60-hd-display-3360mah-battery-13mp-camera-pta-approved-like-new-i1960765383.html,,false,[],Weight Unknown,[11500.0],daraz.pk/daraz__vivo-y71-4gb-ram-big-rom-60-hd-display-3360mah-battery-13mp-camera-pta-approved-like-new-i1960765383.html.json,3b2f58576929a05b49f16596bce87744ddc056a6f1fb2982962db12e295ff039,0.37500
a882c693c7824adbe8eeb1547c487e0c169bf557cb16d56f8b0f14d879c43fd7,2026-08-15T09:44:08+00:00,VIVO Y83 - RAM 6GB - Storage 128GB - Dual SIM - Battery 3260 mAh - PTA Approve,https://www.daraz.pk/products/vivo-y83-6-128-3260-i1961317642.html,,false,[],Weight Unknown,[18400.0],daraz.pk/daraz__vivo-y83-6-128-3260-i1961317642.html.json,0e52804ff8bd4d88999367b76f4cc4f3e4d125a4aaa88077fe34508c77c089d6,0.41667
348a5da836ca3793087da3c6b9857fd709c8fd1d8037691da3f6ad84b2b92f89,2026-08-15T09:38:28+00:00,VIVO Y83 - RAM 6GB - Storage 128GB - Dual SIM - Battery 3260 mAh - PTA Approve,https://www.daraz.pk/products/vivo-y83-6-128-3260-i1961319469.html,,false,[],Weight Unknown,[18800.0],daraz.pk/daraz__vivo-y83-6-128-3260-i1961319469.html.json,74ff6d055c6457b80d8952900a6a31d4f621b5512edf8eae5bee5aee7e942af3,0.41667
dcd07710f732f68f3df2a0ce926e63926c354c53bf7e336017c5f84fe5dde4e4,2026-08-15T09:44:40+00:00,Vivo Y91 - 6.22 Inches IPS LCD Display - 6GB RAM - 128GB Storage - Official PTA Approved - Helio P22 Processor - (Phone and Box Charger. No Accessories Included - Mix Color),https://www.daraz.pk/products/vivo-y91-622-ips-lcd-6gb-ram-128gb-pta-helio-p22-i1954496746.html,,false,[],Weight Unknown,[19999.0],daraz.pk/daraz__vivo-y91-622-ips-lcd-6gb-ram-128gb-pta-helio-p22-i1954496746.html.json,3ae618d4431bb1d615379db8fd72313a4561c63e41631f2e8e71ee2938fbeeb8,0.45833
8d927e1c5a192961501ff1cd13f5062fc0ca73de9ba549ef7e1ae82140c2011e,2026-08-15T12:53:48+00:00,Vivo_Y81S 6.2 Display Complete Box But Not A Box Pack,https://www.daraz.pk/products/vivo_y81s-62-display-complete-box-but-not-a-box-pack-i386551724.html,,false,[],Weight Unknown,[20000.0],daraz.pk/daraz__vivo_y81s-62-display-complete-box-but-not-a-box-pack-i386551724.html.json,0a5e82405c4b521b09158a507f8ddd21ea2c8fef2a537e4b2bc4e942f1868004,0.16667
70c3979e0c88cea657179fd96750923c321a4b02de6f4623cf22fed9585daffb,2026-08-15T12:00:16+00:00,"(Official PTA Approve) VivoY81 - 6.22"" HD Display - Dual Sim - 6GB RAM - 128GB ROM - Android Oreo - PTA Approved - Phone And Box Charger Only (, No Accessories Included)",https://www.daraz.pk/products/vivoy81-622-6-128-i436693426.html,,false,[],Weight Unknown,[24999.0],daraz.pk/daraz__vivoy81-622-6-128-i436693426.html.json,4abc6d362a7cfbce2391af33d631ccef322bc21d63149ce46d4c97a65cd1a6a1,0.37500
343e5f72d93866bf3729e95dc48d9b510cb25c7e96f85c456d1bdd01305f0e5e,2026-08-15T13:07:39+00:00,VNUS SKY 1 = 2GB RAM = 32GB ROM = 4500mAh BATTERY,https://www.daraz.pk/products/vnus-1-2gb-32gb-4500mah-i500115640.html,,false,[],Weight Unknown,[13999.0],daraz.pk/daraz__vnus-1-2gb-32gb-4500mah-i500115640.html.json,1869a7d1386bc20b7981431c4016edf312c9060a2c78bd32861e5fa7f2557bdb,0.58333
da5f9af3b239370860f83390c9a5ae830ef30b0cfad5e5ea3068cae6f188384a,2026-08-15T12:04:17+00:00,VNUS SE 22 = 3GB RAM = 64GB ROM = 4500mAh BATTERY,https://www.daraz.pk/products/vnus-se-22-3gb-64gb-4500mah-i500143227.html,,false,[],Weight Unknown,[14999.0],daraz.pk/daraz__vnus-se-22-3gb-64gb-4500mah-i500143227.html.json,01c77c893bae16aa7f37b5c7ace3aa493ac0f6bff2ac301115e8ec93a71603b9,0.58333
9ae648c68b75baf79c6695d188a5b0881825f28727dfbb6772e8d1318c92775c,2026-08-15T14:54:09+00:00,VNUS SE 22 = 3GB RAM = 64GB ROM = 4500mAh BATTERY,https://www.daraz.pk/products/vnus-se-22-3gb-64gb-4500mah-i781053608.html,,false,[],Weight Unknown,[14999.0],daraz.pk/daraz__vnus-se-22-3gb-64gb-4500mah-i781053608.html.json,01c77c893bae16aa7f37b5c7ace3aa493ac0f6bff2ac301115e8ec93a71603b9,0.58333
3834c5673df2d33ba150358a5b2b286ba559d7a4275ea44aa9d9f9913154b5c1,2026-08-15T14:19:10+00:00,*washing machine tablets* Original china,https://www.daraz.pk/products/washing-machine-tabletsoriginal-china-i1960771321.html,,false,[],Weight Unknown,[435.0],daraz.pk/daraz__washing-machine-tabletsoriginal-china-i1960771321.html.json,0502ec480f5ac1694ea11bba9b5b8e4a797a6ae200625ba4fb0faed68584e4d5,0.12500
c063e60520eaf6c7caf7115f5d45532c58da85c5d1708cad9e632d8efaf24c61,2026-08-15T10:06:40+00:00,water proof mobile phone cover,https://www.daraz.pk/products/water-proof-mobile-phone-cover-i1960775248.html,,false,[],Weight Unknown,[435.0],daraz.pk/daraz__water-proof-mobile-phone-cover-i1960775248.html.json,3ed138bea196e2d42d826bbc07a283a3c4670c8f5f2e3a5867119510797f248b,0.12500
0249ab61df9ecf6efcd4883ac1e2d883c0dddd9b3212ed0289b3bfa4ddae2233,2026-08-15T14:39:20+00:00,WINTEL W5 | Dual SIM | Big Display | Wireless FM | Long Battery Feature Phone | Stylish & Durable Mobile,https://www.daraz.pk/products/wintel-w5-dual-sim-big-display-wireless-fm-long-battery-feature-phone-stylish-durable-mobile-i1961470379.html,,false,[],Weight Unknown,[6088.0],daraz.pk/daraz__wintel-w5-dual-sim-big-display-wireless-fm-long-battery-feature-phone-stylish-durable-mobile-i1961470379.html.json,a5233d68f97bdab2526c3c1d0d66fa64b12a515e7ae22cfa720a60c68d559a7c,0.12500
882380df0574a4602ccd0cce5073103a2adc3c5fd74f333b553cb036b723edc3,2026-08-15T12:19:26+00:00,SPARX NEO X = 4GB RAM = 128GB ROM = 5000mAh BATTERY,https://www.daraz.pk/products/x-4gb-128gb-5000mah-i551573430.html,,false,[],Weight Unknown,[22999.0],daraz.pk/daraz__x-4gb-128gb-5000mah-i551573430.html.json,d737cefabf9a0af2c0c9e155beeed3c6115176ba955295fd571aa408298ed531,0.62500
8ee6c6b909ed8e44d92b0b1640f707c07a3f1095e3e51e3494c6b0b0dc8dabcb,2026-08-15T12:23:49+00:00,SPARX NEO X = 4GB RAM = 128GB ROM = 5000mAh BATTERY,https://www.daraz.pk/products/x-4gb-128gb-5000mah-i617958380.html,,false,[],Weight Unknown,[24999.0],daraz.pk/daraz__x-4gb-128gb-5000mah-i617958380.html.json,217b4a492095bc697cfafb2e7395e550e3d977116b6cabe21eb0fef2bfa29019,0.62500
e4c969733d238afc67ab3e1a4c62fca94a6b5b61f227bc8cd981bd777f708e4b,2026-08-15T14:36:19+00:00,SPARX NEO X = 4GB RAM 64GB ROM = 5000 mAh Battery,https://www.daraz.pk/products/x-4gb-64gb-5000-mah-i434250841.html,,false,[],Weight Unknown,[21999.0],daraz.pk/daraz__x-4gb-64gb-5000-mah-i434250841.html.json,07f580dd43a1de18ab95c77d00f53476e02e40067336bd4082a19eb51dbb2c27,0.62500
d008f7ed6cafb486b94889df126cd06659b315ace119934b5a24e7d65e1efe50,2026-08-15T11:32:56+00:00,Vivo X Fold 5 - Main screen: 8.03 Inches - Cover screen: 6.53 Inches - 16GB RAM 512GB ROM - 20 MP (main screen) + Front 20 MP (cover screen) - 50MP+50MP+50MP Rear Camera - Dual SIM - 6000mAh Battery,https://www.daraz.pk/products/x-5-803-16gb-1-20-gb-20-mp-20-mp-50mp-50mp-50mp-6000mah-i912828057.html,,false,[],Weight Unknown,[600000.0],daraz.pk/daraz__x-5-803-16gb-1-20-gb-20-mp-20-mp-50mp-50mp-50mp-6000mah-i912828057.html.json,d554dcbd583b4d29567388d8b9a01c52f237f2bcfc57aae02ed211729e1c3936,0.41667
b4acd987016d7026286daa4bdaa23d744781eaebbecb0eb00f02842419a1224a,2026-08-15T10:54:33+00:00,Vivo X Fold 5 - LTPO AMOLED LCD - Main screen: 8.03 Inches - Cover screen: 6.53 Inches - 16GB RAM 512GB ROM - 20 MP (main screen) + Front 20 MP (cover screen) - 50MP+50MP+50MP Rear Camera - Dual SIM - 6000mAh Battery,https://www.daraz.pk/products/x-5-ltpo-lcd-803-16gb-653-gb-20-mp-20-gb-20-mp-50mp-50mp-50mp-6000mah-i912800658.html,,false,[],Weight Unknown,[600000.0],daraz.pk/daraz__x-5-ltpo-lcd-803-16gb-653-gb-20-mp-20-gb-20-mp-50mp-50mp-50mp-6000mah-i912800658.html.json,768f654b3971678cbe1363e3d52517ccf8179c1414942b1fe4df0b001fb19c7e,0.62500
1f28853a52ab7f2db17b05669626ce45f24147788c244029ebc6c1f9706ebe4a,2026-08-15T11:05:01+00:00,Vivo X Fold 5 - LTPO AMOLED LCD - Main screen: 8.03 Inches - Cover screen: 6.53 Inches - 16GB RAM 512GB ROM - 20 MP (main screen) + Front 20 MP (cover screen) - 50MP+50MP+50MP Rear Camera - Dual SIM - Snapdragon 8 Gen 3 Chipset - 6000mAh Battery,https://www.daraz.pk/products/x-5-ltpo-lcd-803-16gb-653-gb-20-mp-20-gb-20-mp-50mp-50mp-50mp-8-3-6000mah-i912821284.html,,false,[],Weight Unknown,[600000.0],daraz.pk/daraz__x-5-ltpo-lcd-803-16gb-653-gb-20-mp-20-gb-20-mp-50mp-50mp-50mp-8-3-6000mah-i912821284.html.json,30c43daf9361fc8728ff851ec91529f8d780ae8a5ab26e9a62e641e6ba2a6e2a,0.62500
51d776b0b40002fb6bf471d524d213088b71cc19515a31be1da44d5753e50ad5,2026-08-15T15:08:25+00:00,"SEGO EPIC X Smartphone | 6.8"" HD+ 120Hz Hole Punch Display | MediaTek Helio G81 2.0GHz Octa-Core Processor | 50MP AI Rear Camera | 13MP Selfie Camera | 5000mAh Battery | 128GB Storage | 18GB RAM (6GB + 12GB Extended) | Android 15 | Dual SIM | 4G LTE",https://www.daraz.pk/products/x-hd-68-hz-g81-120-ghz-law-50mp-ai-life-13mp-20-000mah-1-gb-18gb-6gb-12gb-15-i1965387254.html,,false,[],Weight Unknown,[37999.0],daraz.pk/daraz__x-hd-68-hz-g81-120-ghz-law-50mp-ai-life-13mp-20-000mah-1-gb-18gb-6gb-12gb-15-i1965387254.html.json,bb048a88c539c9d51b057f5d936974963fabb071c8e88f77ef6c941d86993a01,0.37500
6350b45ebaf83acfbd19c41aa41f2d9c9e49e03e698f55478fa6e160def799e1,2026-08-15T09:39:21+00:00,"Itel NEO X30+ || 4G || 2.8"" Big Clear Screen. || 2,500mAh Big Battery. || 4G Connectivity. Mobile Hotspot.",https://www.daraz.pk/products/x30-4g-2500mah-4g-i535156958.html,,false,[],Weight Unknown,[7299.0],daraz.pk/daraz__x30-4g-2500mah-4g-i535156958.html.json,f63472736a6a67f007c7e1bb2d4438d86c18069131d5b7f9350331624c22e2a6,0.20833
c8d219660f281e624d0b7fc7510c8847424e90e633ec78bc4f75ef1b6d8c425c,2026-08-15T10:27:21+00:00,VIVO X300 Pro 16 GB RAM 512GB ROM 6510mAh Battery One Year Brand Warranty,https://www.daraz.pk/products/x300-16-gb-512gb-i948641311.html,,false,[],Weight Unknown,[400000.0],daraz.pk/daraz__x300-16-gb-512gb-i948641311.html.json,f21056e4429803ce9dddab388c0f22049531644def8716b1dd2a294c3c681e4a,0.41667
dc0897ac259b1c10b08d687dfe802fa5c84e80130d03f865749241239d3a8a71,2026-08-15T15:00:08+00:00,Carrefour Vivo Mobile X300 Pro 16+512GB Black-307165,https://www.daraz.pk/products/x300-16512gb-307165-i1961140759.html,,false,[],Weight Unknown,[349999.0],daraz.pk/daraz__x300-16512gb-307165-i1961140759.html.json,9a40d8e3246f42deee3ff0976d084995958aef3a3587f4ea533dee2883ff20bd,0.12500
ca32836b7f92f20fdf9a2d86dc9f0226c5bac5819f2e3eb6a8ce8a4154d29408,2026-08-15T14:49:24+00:00,Carrefour Vivo Mobile X300 Pro 16+512GB Brown-307166,https://www.daraz.pk/products/x300-16512gb-307166-i1961164722.html,,false,[],Weight Unknown,[349999.0],daraz.pk/daraz__x300-16512gb-307166-i1961164722.html.json,43fffdd67f2133f6f45deb40378202b57d336fcb5b3bbd72e1b5b2f1dff4af73,0.12500
4f5bfeedbeedf4c5e074a0ba7f1ec98f336d54c9d13ba2aa50337006ed849f25,2026-08-15T11:22:32+00:00,Vivo X300 FE - 6.31 Inches Display - 12GB RAM 256GB ROM - 50MP Front Camera - 50MP+50MP+8MP Rear Camera - Dual SIM -. 6500mAh Battery,https://www.daraz.pk/products/x300-fe-631-12gb-256gb-50mp-50mp-50mp-8mp-6500mah-i1965663414.html,,false,[],Weight Unknown,[270000.0],daraz.pk/daraz__x300-fe-631-12gb-256gb-50mp-50mp-50mp-8mp-6500mah-i1965663414.html.json,ae9b5464520a817cfc779aa0b2b2b91938a86dbb763af7fcb956715160d01e1b,0.37500
99d76dd5fccc036e441ed3950df7a47eeadb6a6a78fd91b5f1ec52e1e03faead,2026-08-15T13:23:21+00:00,Carrefour Sparx Mobile X4I Barphone-286668,https://www.daraz.pk/products/x4i-286668-i1960493715.html,,false,[],Weight Unknown,[2900.0],daraz.pk/daraz__x4i-286668-i1960493715.html.json,efa483fd439113d073434d740ddbcc502fa8be864a28e328e91faf84848253b3,0.12500
68cbc4ef4e818cf17dd2e7fc2c6bcd79e1619601b611112e67b3e56cca30c596,2026-08-15T14:47:48+00:00,HONOR X5 PLUS = 4GB RAM = 64GB ROM = 5200mAh BATTERY,https://www.daraz.pk/products/x5-4gb-64gb-5200mah-i493952809.html,,false,[],Weight Unknown,[26999.0],daraz.pk/daraz__x5-4gb-64gb-5200mah-i493952809.html.json,13b1a1907321feaed27be831f7d9959411cfd4105e8f348ecb34113dc068633c,0.62500
6d1e9704eb81eea23f11d4e0a0c37758b378a11e0f8dd312f2616cdfda45386e,2026-08-15T13:31:18+00:00,HONOR X5B PLUS = 4GB RAM = 128GB ROM = 5200mAh BATTERY,https://www.daraz.pk/products/x5b-4gb-128gb-5200mah-i907245873.html,,false,[],Weight Unknown,[28999.0],daraz.pk/daraz__x5b-4gb-128gb-5200mah-i907245873.html.json,fd9b8b07fbf74ac2d3ba5b989e39f59cfb8ee547ac1ed3035fce24daad73b8cf,0.62500
e91c1e62bad17e5fce712c9bcfbab77bbd2febcdaec48cca7a9c4b802c09c9c9,2026-08-15T14:01:26+00:00,HONOR X5B PLUS = 4GB RAM = 128GB ROM = 5200mAh BATTERY,https://www.daraz.pk/products/x5b-4gb-128gb-5200mah-i908199033.html,,false,[],Weight Unknown,[27999.0],daraz.pk/daraz__x5b-4gb-128gb-5200mah-i908199033.html.json,61fad4c546dc1299eb836dd1507c979d01a42c7af8c4f9daa7b21da38310a781,0.62500
940000f2e29413973f15b8199498d8b5d85cb6d4725c5786600e452acdb65c95,2026-08-15T11:25:20+00:00,Honor X5c Plus 4GB RAM 128GB ROM 50MP + 0.08MP Back Camera One Year Brand Warranty,https://www.daraz.pk/products/x5c-4gb-128gb-50mp-008mp-i944317344.html,,false,[],Weight Unknown,[36000.0],daraz.pk/daraz__x5c-4gb-128gb-50mp-008mp-i944317344.html.json,f62462b3254ca31121a24eae2215b06a6a3ffee5bdf376e1e6a7fa8494e82e3e,0.41667
737846c1dbd96c0a201dadd4f9e256ac6af1db3a4786eb066d3e5eff1b60bcd5,2026-08-15T10:27:30+00:00,HONOR X5c Plus - 6.74 Inches Display - 4GB RAM 128GB ROM - 5MP Front Camera - 50MP Rear Camera - Dual SIM - 5260mAh Battery,https://www.daraz.pk/products/x5c-674-4gb-128gb-5mp-50mp-5260mah-i936901314.html,,true,[],Weight Unknown,[36500.0],daraz.pk/daraz__x5c-674-4gb-128gb-5mp-50mp-5260mah-i936901314.html.json,af132354b2c6e6178ceab92edb00993360c7004a54045c7f9b4bbb3a28b6e787,0.62500
0e125a2242f6f44be11bc5b3396430397cd596cdbd15ff30cdbce0b7694357a6,2026-08-15T10:19:30+00:00,HONOR X5c Plus - TFT LCD - 6.74 Inches Display - 4GB RAM 128GB ROM - 5MP Front Camera - 50MP Rear Camera - Dual SIM - 5260mAh Battery,https://www.daraz.pk/products/x5c-tft-lcd-674-4gb-128gb-5mp-50mp-5260mah-i936922294.html,,false,[],Weight Unknown,[37000.0],daraz.pk/daraz__x5c-tft-lcd-674-4gb-128gb-5mp-50mp-5260mah-i936922294.html.json,47620516e1c351ee2e51b809c78978b4ffadcb3200ff15a9a34f9f28f78b6791,0.41667
ef01e621272839f29027cdf5f8ff1946d77cab98872bcc6fdd6b1fcd2e35a0e9,2026-08-15T14:43:52+00:00,HONOR X6C = 6GB RAM = 128GB ROM = 5300mAh BATTERY,https://www.daraz.pk/products/x6c-6gb-128gb-5300mah-i891680421.html,,false,[],Weight Unknown,[33999.0],daraz.pk/daraz__x6c-6gb-128gb-5300mah-i891680421.html.json,8eef63d7669e1e691eb2e3dfef8ae2f15d9deed4b76ceb16abdb7394228c28bd,0.58333
db74099d1d46ab244f8b14efa385f6b988bde1b36caa6411eb752c20c546a4c4,2026-08-15T13:46:25+00:00,HONOR X6C = 6GB RAM = 128GB ROM = 5300mAh BATTERY,https://www.daraz.pk/products/x6c-6gb-128gb-5300mah-i907242970.html,,false,[],Weight Unknown,[33999.0],daraz.pk/daraz__x6c-6gb-128gb-5300mah-i907242970.html.json,c603fdb8e7d83bbf42ce43a819713434f9f6dacfcabdf250bac0945fc11f0faa,0.62500
3cb37e9ee8a9f6eebafbd702b032fb926156dabf399cda1693ac30406e148906,2026-08-15T15:16:21+00:00,HONOR X6C = 6GB RAM = 256GB ROM = 5300mAh BATTERY,https://www.daraz.pk/products/x6c-6gb-256gb-5300mah-i891709014.html,,false,[],Weight Unknown,[38999.0],daraz.pk/daraz__x6c-6gb-256gb-5300mah-i891709014.html.json,c7a614f831ee69c83fa975c2ab00abd6d2ac464e9015a92e2edd67cc2db6cb42,0.58333
dcaa3b7098926e9a32c5d7a7f72b27ee0ede0edeba0703f7163d5b4d7e32f335,2026-08-15T14:05:57+00:00,HONOR X6C = 6GB RAM = 256GB ROM = 5300mAh BATTERY,https://www.daraz.pk/products/x6c-6gb-256gb-5300mah-i907271023.html,,false,[],Weight Unknown,[38999.0],daraz.pk/daraz__x6c-6gb-256gb-5300mah-i907271023.html.json,e6e66d62d48f037bf852479dc7c20be746e22ce0d617bb58088283e5bdb47c2c,0.62500
8eb08acdc166e70e60a9ab61bfe41b54590459ba332189962ea86552ad4cbe86,2026-08-15T10:20:58+00:00,Honor X6c - 6.61 Inches Display - 6GB RAM 128GB/256GB ROM - 5MP Front Camera - 50MP Rear Camera - Dual SIM - 5300mAh Battery,https://www.daraz.pk/products/x6c-6gb-6gb661-gb-5mp-50mp-128-mah-i894343094.html,,false,[],Weight Unknown,[46000.0],daraz.pk/daraz__x6c-6gb-6gb661-gb-5mp-50mp-128-mah-i894343094.html.json,e029e188e9f55542fd865a1f7ff765d5da8088560fd8ea2590604c7b51cbc045,0.41667
3ec781a9d4b4daa99667df9894ad48054ac56d80059811ce7925f1fb20c7e697,2026-08-15T10:08:37+00:00,Honor X6c - TFT LCD - 6.61 Inches Display - 6GB RAM 128GB/256GB ROM - 5MP Front Camera - 50MP Rear Camera - Dual SIM - 5300mAh Battery,https://www.daraz.pk/products/x6c-tft-lcd-1-000-6gb-661128-gb-5mp-50mp-256-mah-i894316751.html,,false,[],Weight Unknown,[46000.0],daraz.pk/daraz__x6c-tft-lcd-1-000-6gb-661128-gb-5mp-50mp-256-mah-i894316751.html.json,8be17c8635a7afc20e414e916c1b6d172cc59f3f786b431bf90d7027a8c7835c,0.62500
7230176b6174bf4e72fab0cd22d6c39d8ab9d52c29ba5718de706a9168932cc7,2026-08-15T14:04:00+00:00,HONOR X7B = 8GB RAM = 256GB ROM = 6000mAh BATTERY,https://www.daraz.pk/products/x7b-8gb-256gb-6000mah-i493976329.html,,false,[],Weight Unknown,[54999.0],daraz.pk/daraz__x7b-8gb-256gb-6000mah-i493976329.html.json,59becb8621bd9d673899f915e9cbdbc4629109169042371ec8fceb789d61ceac,0.62500
2b45ecdc1a6d75e23e181b357c1b60ce2bb67dc77145587462f70569c1a77f7b,2026-08-15T13:58:00+00:00,HONOR X7C = 8GB RAM = 256GB ROM = 6000mAh BATTERY,https://www.daraz.pk/products/x7c-8gb-256gb-6000mah-i891644902.html,,false,[],Weight Unknown,[47999.0],daraz.pk/daraz__x7c-8gb-256gb-6000mah-i891644902.html.json,f2b83f91961bbdda3e3b9b3c3b4db9da6348f96a6635765e40b347c15d8d13b8,0.62500
9aa732db2adc9ce296dd3f485bee931391175ebd5e0ae01e59cbd04cc9d769d6,2026-08-15T14:02:25+00:00,HONOR X7C = 8GB RAM = 256GB ROM = 6000mAh BATTERY,https://www.daraz.pk/products/x7c-8gb-256gb-6000mah-i907248779.html,,false,[],Weight Unknown,[49999.0],daraz.pk/daraz__x7c-8gb-256gb-6000mah-i907248779.html.json,aa2904c3e927674ba2cf8296eed48c9060a6670a0b8a12a5101cdcd12dc5400c,0.62500
453b88e4fc973f2f8f2b66d1689460bed91851803eb3f61fb8c29ddf84bbf2d0,2026-08-15T14:03:08+00:00,HONOR X8B = 8GB RAM = 512GB ROM = 4500mAh BATTERY,https://www.daraz.pk/products/x8b-8gb-512gb-4500mah-i493978479.html,,false,[],Weight Unknown,[79999.0],daraz.pk/daraz__x8b-8gb-512gb-4500mah-i493978479.html.json,e396aeb1f70ddc807d66a0db0d7185989c77eabfd53496e3070370af5efa01b2,0.62500
ce18cdb49b067ad16e6ef2f181ebc8ca5ddfefe38ba86a6fbc009eac27d19c40,2026-08-15T10:30:43+00:00,"Honor X9D (5G) 12GB + 256GB, 6.79-inch OLED screen, 8300 mAh silicon-carbon Battery",https://www.daraz.pk/products/x9d-5g-12gb-256gb-679-oled-8300-mah-i1947620806.html,,false,[],Weight Unknown,[169999.0],daraz.pk/daraz__x9d-5g-12gb-256gb-679-oled-8300-mah-i1947620806.html.json,4fed5d097a002d5f8062c798a3ad52e0d2efcb6e7ba6624d5e04d1edc477f1e8,0.41667
5a6b9188e87d96e96fc033c5c716c7fe06e85af732b40819e7cc5ee6c3e482e3,2026-08-15T13:47:34+00:00,"Xfinity fast rapid type c charger , best for Mob , tab , other type c devices",https://www.daraz.pk/products/xfinity-fast-rapid-type-c-charger-best-for-mob-tab-other-type-c-devices-i1960767309.html,,false,[],Weight Unknown,[2900.0],daraz.pk/daraz__xfinity-fast-rapid-type-c-charger-best-for-mob-tab-other-type-c-devices-i1960767309.html.json,e28ec452b0d2442f67a16e384256ad31e96b7159b704749a0782251fa26db338,0.12500
979d9e4e40ca019ca1433238594737ffdf0a6088478e643f3a3fd78fe71eefbf,2026-08-15T15:18:45+00:00,Xiaomi 17 12GB/512GB,https://www.daraz.pk/products/xiaomi-17-12gb512gb-i1948838879.html,,false,[],Weight Unknown,[329999.0],daraz.pk/daraz__xiaomi-17-12gb512gb-i1948838879.html.json,1a345483d5fb651ef9b2c9c82bfeb20cdd040a3e48a1c70b870b25432e60754b,0.16667
8fdaab523ec9ceed97b4dbc0d4d1a85955876f61c8785304b707dc9313bfc475,2026-08-15T11:48:24+00:00,Xiaomi 17 Ultra 16GB/512GB,https://www.daraz.pk/products/xiaomi-17-ultra-16gb512gb-i1948669824.html,,false,[],Weight Unknown,[479999.0],daraz.pk/daraz__xiaomi-17-ultra-16gb512gb-i1948669824.html.json,c0442179137cf81b309d5387404f248e86260ddb1ab7a0503d8854833e871c8d,0.37500
7977e4fd9cdcd0ae9ef1f708312d6e82b69e7bf21387b6c0921fa46b7fec104b,2026-08-15T11:55:01+00:00,Xiaomi 17T || 12GB Ram 512GB || 6500mAt Battery,https://www.daraz.pk/products/xiaomi-17t-12-512-6500mat-i1968287528.html,,false,[],Weight Unknown,[239999.0],daraz.pk/daraz__xiaomi-17t-12-512-6500mat-i1968287528.html.json,13fe8649691c1bb4912e71d05eb63d5347b343bb17628ae373d3018b5ed2b6f9,0.37500
b30a52886a992086378ceb5686315a900d8da19c6b8e57e7ca44f6bcb757c94e,2026-08-15T09:44:53+00:00,Xiaomi POCO C85,https://www.daraz.pk/products/xiaomi-poco-c85-i1949186689.html,,false,[],Weight Unknown,[52999.0],daraz.pk/daraz__xiaomi-poco-c85-i1949186689.html.json,758f5774556f10dc48f64b509bf4b8c7f8d31c6d3da7f77c597eeb35b46e8a7b,0.29167
71f99e07d03dcf8124aba1c8f060ce3c8eae7936ec7a00cfe0ad85c1d3419688,2026-08-15T15:30:43+00:00,Xiaomi Redmi A7 Pro 4/128,https://www.daraz.pk/products/xiaomi-redmi-a7-pro-4128-i1960431308.html,,false,[],Weight Unknown,[37999.0],daraz.pk/daraz__xiaomi-redmi-a7-pro-4128-i1960431308.html.json,d9d14c9238c5e1efdb04dcb0f831d86c35d723e29b34962be06f888b700337e0,0.12500
18ad74c2bee27ad91fe7c3689d1e0cfa590e7466e2e24dd7a7a5a4636c0c4958,2026-08-15T15:29:19+00:00,Xiaomi Redmi A7 Pro 4/64,https://www.daraz.pk/products/xiaomi-redmi-a7-pro-464-i1960465006.html,,false,[],Weight Unknown,[34999.0],daraz.pk/daraz__xiaomi-redmi-a7-pro-464-i1960465006.html.json,d21372c2e49b9366829da6b5c3da64c5517e7a34ecd6d3e08b3cedb7c1891f31,0.12500
c2da87bfe7f05cadd5c6ceeebdb00eb3b706a6e396c5ed1914578a49d39e0c57,2026-08-15T09:58:18+00:00,XL-201 ( Without camera),https://www.daraz.pk/products/xl-201-i809691805.html,,false,[],Weight Unknown,[2599.0],daraz.pk/daraz__xl-201-i809691805.html.json,2964668f9bfbc5ca002aa20366f927cb5c27b31478c2379b5956589183880881,0.12500
27893f988197d47c0a23533477c1802eb35cc37ab43fce3bda988c08bfbb9261,2026-08-15T11:03:20+00:00,Sony Xperia XZ2 Compact - 4GB RAM / 64GB ROM - Official PTA Approved,https://www.daraz.pk/products/xz2-4gb-64gb-pta-i293019976.html,,false,[],Weight Unknown,[28500.0],daraz.pk/daraz__xz2-4gb-64gb-pta-i293019976.html.json,51af0eb566a29494ad621887d6b3930fba29440b7c14b1defdfefbaa2c5f77e9,0.41667
8ef8760c44cdb4ae28b2ccc34e34ba0931133fd66351e5480a9fc8ab7cafc093,2026-08-15T10:47:39+00:00,Sony Xperia XZ3 - 4gb/64gb - Global ROM H9436 - Official PTA Approved,https://www.daraz.pk/products/xz3-4gb64gb-h9436-pta-i259206551.html,,false,[],Weight Unknown,[38700.0],daraz.pk/daraz__xz3-4gb64gb-h9436-pta-i259206551.html.json,6f81228d8adf9251ecdd0948fe0366bce6f20ea63a23bbb0796af7848d371695,0.37500
4148bd45118958aea9ba65f8d343e2cb82080c76e5fa5ef1f6b58108e8235ecb,2026-08-15T09:57:54+00:00,Sony Xperia XZ3 (H9436) - 4gb/64gb - Global Version - Official PTA Approved,https://www.daraz.pk/products/xz3-h9436-4gb64gb-pta-i213028924.html,,false,[],Weight Unknown,[37500.0],daraz.pk/daraz__xz3-h9436-4gb64gb-pta-i213028924.html.json,09b5426992af4c4d44b7582bf3e284d7022f63f9146d7ff9619d0b666bce0a5b,0.37500
0dd9cff43ba514628c210ecc20a511b95ca1d617b4c7238984f027e4e047e183,2026-08-15T14:20:40+00:00,Carrefour Vivo Y03 Smartphone 4GB RAM 128GB ROM Gem Green (285273),https://www.daraz.pk/products/y03-4gb-128gb-285273-i933100474.html,,false,[],Weight Unknown,[32499.0],daraz.pk/daraz__y03-4gb-128gb-285273-i933100474.html.json,9a23df2827b0e883d78b445ba86df61063188498acddd703b2074fe9ade67664,0.16667
dc3c7d9a9a0c2f88f5dcf839fc63697b8de828cb2f145449c63c20d052036e0a,2026-08-15T13:28:54+00:00,Carrefour Vivo Mobile Y03T 4 GB RAM 64 GB ROM Space Black (282368),https://www.daraz.pk/products/y03t-4-64-282368-i933099538.html,,false,[],Weight Unknown,[28999.0],daraz.pk/daraz__y03t-4-64-282368-i933099538.html.json,46852e9f1477c23d9623f498e204a547b8292a7e31881dfe19bc1726c8772cbc,0.16667
9fbc1c0b02ecfa404b01e948c499ce5f3b93246044ad286e72d6814f43c725aa,2026-08-15T14:14:21+00:00,Carrefour Vivo Mobile Y03T 4 GB RAM 64 GB ROM Gem Green (282369),https://www.daraz.pk/products/y03t-4-64-282369-i933105143.html,,false,[],Weight Unknown,[28999.0],daraz.pk/daraz__y03t-4-64-282369-i933105143.html.json,67ab4ea20681c2a941d8de58d39de169011fbe213f2c52a75cbe7432f61ecfc2,0.16667
414504ea98dd4d2ee25f614057368389aef523de0928812459645a9933a3baa3,2026-08-15T13:43:34+00:00,Carrefour MOBILE Y03T 4+128 BLACK VIVO (285272),https://www.daraz.pk/products/y03t-4128-285272-i933105148.html,,false,[],Weight Unknown,[32000.0],daraz.pk/daraz__y03t-4128-285272-i933105148.html.json,e61fd5f1e58c1b162d1dcd27924e06a339f9d4e711c424e760ed54edd4eab7b4,0.12500
4b3d6b73ccb77cca22e4e5926cee5ad2c597cbc12c026aa5d4663ef78dd3e1ce,2026-08-15T14:47:18+00:00,Carrefour Vivo Mobile Y04 4 GB RAM 128 GB ROM Green (294345),https://www.daraz.pk/products/y04-4-128-294345-i933105177.html,,false,[],Weight Unknown,[35999.0],daraz.pk/daraz__y04-4-128-294345-i933105177.html.json,547c3041a62d1a935b45e32c3d0f39de994f807fef981e6ada860b603de9ade2,0.16667
ca48af3553fb9137568e369afa3f11b101caa237c91298dca60d3eaf559c6687,2026-08-15T14:27:27+00:00,Carrefour Vivo Mobile Y04 4 GB RAM 64 GB ROM Gold (294104),https://www.daraz.pk/products/y04-4-64-294104-i933098707.html,,false,[],Weight Unknown,[30999.0],daraz.pk/daraz__y04-4-64-294104-i933098707.html.json,47e896269072a483866bbcc6fdacae94eb0d3cfafc43c088bd285fab003de65c,0.16667
02f66e4ac232e3c72c540088dcf295259c26605e9e41538e6cdcac41467a9bb7,2026-08-15T14:17:26+00:00,Carrefour Vivo Mobile Y04 4 GB RAM 64 GB ROM Green (294105),https://www.daraz.pk/products/y04-4-64-294105-i933093980.html,,false,[],Weight Unknown,[30999.0],daraz.pk/daraz__y04-4-64-294105-i933093980.html.json,0cbde2c1637f77ff589b8dfe2013322d26d280915a2cc6e4fbe73d67012aae88,0.16667
ae44c3c9a6bc982da427ad2722fb3eab2b1c589e63078cd5fd5e8ce455dc7e14,2026-08-15T12:34:30+00:00,VIVO Y04 = 4GB RAM = 128GB ROM = 5500mAh BATTERY,https://www.daraz.pk/products/y04-4gb-128gb-5500mah-i748828325.html,,false,[],Weight Unknown,[39999.0],daraz.pk/daraz__y04-4gb-128gb-5500mah-i748828325.html.json,7e672e4a506dd151c7b663e0f7af4b6457efa9bcb329352a376bad58e99e605d,0.62500
e6386b50e79399cd9fc59677d66ff8656c91d5ccd8b0c3e876f18b1ff53f5b53,2026-08-15T13:48:04+00:00,VIVO Y04 = 4GB RAM = 128GB ROM = 5500mAh BATTERY,https://www.daraz.pk/products/y04-4gb-128gb-5500mah-i756159070.html,,false,[],Weight Unknown,[34499.0],daraz.pk/daraz__y04-4gb-128gb-5500mah-i756159070.html.json,35125266a6c448d9dd43c111f3fdf4b33e08f034d8d3238ad394f93090e5dffd,0.62500
d974121dfeac2efa33315ca78b5392e9f2a460b01bef5cf91a0b7dd0fd698cce,2026-08-15T12:09:44+00:00,VIVO Y04 = 4GB RAM = 64GB ROM = 5500mAh BATTERY,https://www.daraz.pk/products/y04-4gb-64gb-5500mah-i748825376.html,,false,[],Weight Unknown,[34999.0],daraz.pk/daraz__y04-4gb-64gb-5500mah-i748825376.html.json,28e430c2a3cf9b6cd9e637f3f0366f79d7cb37a09759bfbdc1d46f3eb14848e5,0.62500
4a53be7df3794a2d3ea4395cac542d5a9a07053bcc05434f5d2c317af87dff47,2026-08-15T14:18:31+00:00,VIVO Y04 = 4GB RAM = 64GB ROM = 5500mAh BATTERY,https://www.daraz.pk/products/y04-4gb-64gb-5500mah-i756125587.html,,false,[],Weight Unknown,[30999.0],daraz.pk/daraz__y04-4gb-64gb-5500mah-i756125587.html.json,8f780bc1a05357c9577dbe8d10a064ab858e017d1f7498b11f206ad5ab779727,0.62500
e032dff129b0832dc4e238e237a850dc22710ae055c1b87cccf71741abc6b7fc,2026-08-15T14:30:14+00:00,Carrefour Vivo Mobile Y05 4+125GB Blue-307972,https://www.daraz.pk/products/y05-4125gb-307972-i1960471762.html,,false,[],Weight Unknown,[44999.0],daraz.pk/daraz__y05-4125gb-307972-i1960471762.html.json,ff83f687226886f1c2c7d4d42cc43ce55f3e5769d5f879f0b88db9e651e3f7f6,0.12500
ffadf01794f30f3b9132b9c822200a7ba26be123a7d1ff325b3853cefb62ea46,2026-08-15T15:16:59+00:00,Carrefour Vivo Mobile Y05 4+64GB Platinum-307967,https://www.daraz.pk/products/y05-464gb-307967-i1960493710.html,,false,[],Weight Unknown,[39999.0],daraz.pk/daraz__y05-464gb-307967-i1960493710.html.json,97472c6663ea4c02f4b09de3bd5c702f6b79f8eae3fea090c45cb45e520bc854,0.12500
0f57778833be298ba0ffb79d41e737a45746280e37c0128a02906f3599233ffe,2026-08-15T15:17:13+00:00,Carrefour Vivo Mobile Y05 4+64GB Black-307968,https://www.daraz.pk/products/y05-464gb-307968-i1961174710.html,,false,[],Weight Unknown,[39999.0],daraz.pk/daraz__y05-464gb-307968-i1961174710.html.json,58f9e553e0b7f9af5a0a487d3c41deb477e398389ced945617000e278ca64fb9,0.12500
53c6162da67900aa748078c7435adb50971b2a8b5e74f6ec43a2551663aebe68,2026-08-15T15:16:47+00:00,Carrefour Vivo Mobile Y05 4+64GB Blue-307969,https://www.daraz.pk/products/y05-464gb-307969-i1960493711.html,,false,[],Weight Unknown,[39999.0],daraz.pk/daraz__y05-464gb-307969-i1960493711.html.json,44359a4e04016fa004a80b9443acc0167cb1a3b75930c679955583c864655a3b,0.12500
40db9edc86265a6aa351850e1a9b17e8f4289dde874b299e586c4e611efde53c,2026-08-15T14:01:40+00:00,Carrefour Vivo Y100 Smartphone 256GB ROM 8GB RAM Crystal Black (284333),https://www.daraz.pk/products/y100-256gb-rom-8gb-ram-284333-i933102243.html,,false,[],Weight Unknown,[66500.0],daraz.pk/daraz__y100-256gb-rom-8gb-ram-284333-i933102243.html.json,56ed6c99063a76bcd08d7404a9581f4683b052cb710b622b9d7b5c70282cd51d,0.16667
24face84d1213653784ebd19398d042e4e9d2d9ffcd121511197e95a9d8c33b3,2026-08-15T14:35:31+00:00,VIVO Y100 = 8GB RAM = 128GB ROM = 5000mAh BATTERY,https://www.daraz.pk/products/y100-8gb-128gb-5000mah-i500718169.html,,false,[],Weight Unknown,[59999.0],daraz.pk/daraz__y100-8gb-128gb-5000mah-i500718169.html.json,074a72cc0709066b9d60c032e021238135ec391a26085db90547b43fa6acd1bb,0.62500
2341ffdbe7106099d6cb62fae6610d95bf064369a01ae0ee736acbfe2248fb77,2026-08-15T09:37:28+00:00,Y16 VIVO 6/128 PTA Approved New Box Pack & Charger,https://www.daraz.pk/products/y16-6128-pta-i532264395.html,,false,[],Weight Unknown,[33499.0],daraz.pk/daraz__y16-6128-pta-i532264395.html.json,2229e085bfbab5b1087de3f7546a2d5500c91adf1a0f5959d8c8b991d3e73218,0.25000
2060debeb304e49e3b862a71a715b4dbcfbc5c231126e2a519644525ecf2edf0,2026-08-15T10:13:00+00:00,"Y17 DUAL SIM, 5000 MH BATTERY",https://www.daraz.pk/products/y17-5000-i1950262144.html,,false,[],Weight Unknown,[20000.0],daraz.pk/daraz__y17-5000-i1950262144.html.json,137cd957caeb79fe80162e65af6036f18923da6297ecaa86f7195d998566d2a1,0.16667
b9d2efaab15f62c814d46d22112c64af0485103195ec25ee9ea288ab997fd9c6,2026-08-15T09:30:02+00:00,"Vivo Y17 8 GB RAM 256 GB ROM Unlocked Dual SIM 6.51"" HD+ Notch Display Octa-Core Processor 5000mAh Smartphone",https://www.daraz.pk/products/y17-8256-i436367426.html,,false,[],Weight Unknown,[23999.0],daraz.pk/daraz__y17-8256-i436367426.html.json,9cdad99ff7fd9625da2733e9d1b073cb8c66b87a4d11f249e7a09b32010be9c9,0.25000
c41d24f4ea73c7d61ec6e0e21ae891cf76a6d080ec09fa208102e955ae1a222c,2026-08-15T14:44:32+00:00,VIVO Y17S = 4+4=8GB RAM = 128GB ROM = 5000mAh BATTERY,https://www.daraz.pk/products/y17s-4-4-8gb-128gb-5000mah-i451124124.html,,false,[],Weight Unknown,[39999.0],daraz.pk/daraz__y17s-4-4-8gb-128gb-5000mah-i451124124.html.json,0798340b4cad9948c2005d0af8250660a3c248822424070bbc9d9f921575468a,0.62500
86aac71491b20ebdc4dbcd7663c9a17f5e890c314bd64c85415123860cf34c29,2026-08-15T14:48:18+00:00,VIVO Y17S = 6GB+6GB RAM 128GB ROM = 5000 mAh Battery,https://www.daraz.pk/products/y17s-6gb-6gb-128gb-5000-mah-i434251857.html,,false,[],Weight Unknown,[36999.0],daraz.pk/daraz__y17s-6gb-6gb-128gb-5000-mah-i434251857.html.json,f7efdad8885baa3e8eaf1e7fb3fbf3ed4a863b8535b9687dbe8ff2e09b1441bf,0.62500
54569e138bff692af7af015b80940299f5c9d9773291050b81d659185441b372,2026-08-15T13:02:22+00:00,"Vivo Y17s - 6.56 Inches HD+ Display - Dual Sim Official PTA Approved - 8GB RAM - 256GB ROM (128GB USABLE + 128GB SYSTEM RESERVED) - Phone Only, Color Mix",https://www.daraz.pk/products/y17s-hd-pta-8gb-656-gb-i1963039933.html,,false,[],Weight Unknown,[29999.0],daraz.pk/daraz__y17s-hd-pta-8gb-656-gb-i1963039933.html.json,9ef57b25f4afd875861d88445381fb9dc52b1996f42cb76ba8a61e11fca45651,0.41667
1f4c674ec002aa9669db39c5be0639f5394b4398f208304bfd4fc9309a672845,2026-08-15T14:51:58+00:00,Carrefour MOBILE Y18 6+128 AQUA VIVO (285758),https://www.daraz.pk/products/y18-6128-285758-i933100475.html,,false,[],Weight Unknown,[44500.0],daraz.pk/daraz__y18-6128-285758-i933100475.html.json,e2b77a72ebcc8231f8fcc12769e9acfc52f5cfb6780e811f61e7e61e92e648f7,0.12500
708e2691c7f56f04aa772ad6ddb258cb803d4e9a39587e87ef0d28d6a41059cf,2026-08-15T13:45:43+00:00,Carrefour Vivo Mobile Y19S 4 GB RAM 128 GB ROM Silver (289758),https://www.daraz.pk/products/y19s-4-128-289758-i933098696.html,,false,[],Weight Unknown,[39999.0],daraz.pk/daraz__y19s-4-128-289758-i933098696.html.json,c2edad35b3bdbf16dcbdbeef196051b08d43d385905de487e7eb3812e21c1208,0.16667
75483a4248b3b149db888eb1bb231bacb4dc564960c4f672faff18a8e9ded2dc,2026-08-15T14:56:00+00:00,VIVO Y19S = 4GB RAM = 128GB ROM = 5500mAh BATTERY,https://www.daraz.pk/products/y19s-4gb-128gb-5500mah-i616317163.html,,false,[],Weight Unknown,[37999.0],daraz.pk/daraz__y19s-4gb-128gb-5500mah-i616317163.html.json,cf219037051c070ca4912bff23acb756461be2452236e97d2db3bd38bf3a729a,0.62500
042a548d846bb8dc433127f16c12cc15aabe27b2c19582df5f5a7164c219fb19,2026-08-15T12:40:30+00:00,VIVO Y19S = 4GB RAM = 128GB ROM = 5500mAh BATTERY,https://www.daraz.pk/products/y19s-4gb-128gb-5500mah-i748812760.html,,false,[],Weight Unknown,[37999.0],daraz.pk/daraz__y19s-4gb-128gb-5500mah-i748812760.html.json,cf219037051c070ca4912bff23acb756461be2452236e97d2db3bd38bf3a729a,0.62500
913948e9b76e1481a29a8abe9e750ac8cc84aaedb396fc7f4f5d3aa890d4c474,2026-08-15T13:18:30+00:00,Y19S 5500 mh big battery - 50mp camera - Dual sim,https://www.daraz.pk/products/y19s-5500-mh-big-battery-50mp-camera-dual-sim-i1961464471.html,,false,[],Weight Unknown,[1348.0],daraz.pk/daraz__y19s-5500-mh-big-battery-50mp-camera-dual-sim-i1961464471.html.json,c5a9a7156e29cb96c1989fe320b726bbd0a3d7788e7362029e36ecb16a4f23e1,0.37500
394ad3e9f761b402185dc641e257d624e4a536c51edaaaa4093f84920b778962,2026-08-15T13:46:53+00:00,Carrefour Vivo Mobile Y19S 6 GB RAM 128 GB ROM Silver (289523),https://www.daraz.pk/products/y19s-6-128-289523-i933103261.html,,false,[],Weight Unknown,[44499.0],daraz.pk/daraz__y19s-6-128-289523-i933103261.html.json,f296d828aa94c44c25a171cc02bb0bdc1d19f0f2d7b0b9542d66460f92c7d92e,0.16667
a78c8770caaadb26f5a72d347379594aa9c481e3d812844a30ed905a824d49f0,2026-08-15T12:22:43+00:00,"Vivo Y19s Pro 6.68"" Display 6GB RAM 128GB ROM 50MP Camera 6000mAh Battery PTA Approved 1 Year Official Brand Warranty",https://www.daraz.pk/products/y19s-6gb-1-gb-50mp-1-mah-pta-1-i611618356.html,,false,[],Weight Unknown,[49999.0],daraz.pk/daraz__y19s-6gb-1-gb-50mp-1-mah-pta-1-i611618356.html.json,8c4ebd02575778bb94670d48780e6a88f5311ef0b236f871acd7d9c59fe1c71d,0.41667
beeb2f08c2fcbbcdcdae7a8a3f908655f4187dc7f5074d838d3351c702ab9fff,2026-08-15T12:17:45+00:00,VIVO Y19S = 6GB RAM = 128GB ROM = 5500mAh BATTERY,https://www.daraz.pk/products/y19s-6gb-128gb-5500mah-i748811774.html,,false,[],Weight Unknown,[42999.0],daraz.pk/daraz__y19s-6gb-128gb-5500mah-i748811774.html.json,9a8541390ca446957a53918342f34930b69ab0bc88d784dfbb231680aaa9e670,0.62500
3fc38a343cb150a217148db29e319c6122eed270dde19ee461e0a36e7a41770a,2026-08-15T14:02:40+00:00,VIVO Y19S PRO = 6GB RAM = 128GB ROM = 6000mAh BATTERY,https://www.daraz.pk/products/y19s-6gb-128gb-6000mah-i891520305.html,,false,[],Weight Unknown,[45999.0],daraz.pk/daraz__y19s-6gb-128gb-6000mah-i891520305.html.json,752a031af05f5055f4e3bddfad116c430b2fb8353e5c7893d2e140576c02407f,0.62500
5886fb8a2110388e1c51e38029ec8e2dbd755675edb53a2dbf46f0b7c9fd511a,2026-08-15T12:07:51+00:00,Vivo Y19s - 6.74 Inches LCD Display - 8+1GB RAM - 256GB Storage (128GB Usable + 128GB System Reserved) - Official PTA Approved - Fingerprint Sensor - (Phone and Universal Box. No Charger and No Accessories Included - Mix Color),https://www.daraz.pk/products/y19s-lcd-8-1gb-1gb-674-gb-256gb-pta-i1957742597.html,,false,[],Weight Unknown,[40999.0],daraz.pk/daraz__y19s-lcd-8-1gb-1gb-674-gb-256gb-pta-i1957742597.html.json,ada23a0ff1689ae799088614288e9a7ff34c2cd6ddaa817de9b7090ae2b18fc5,0.41667
1067c03c682eb9053953f70eee0e201372848090261710040b76961c03d15cb5,2026-08-15T13:41:19+00:00,Carrefour Vivo Mobile Y200 8 GB RAM 256 GB ROM Silver (291045),https://www.daraz.pk/products/y200-8-256-291045-i933105170.html,,false,[],Weight Unknown,[67500.0],daraz.pk/daraz__y200-8-256-291045-i933105170.html.json,e822e5b370ebf16e04b8bd4a576c88a5bf0cd965fe0917e887c21024e9fe7df6,0.16667
588d570f4fb82135a3500a7a349078e2ec8811920eaf1a03ae3cc7422990661d,2026-08-15T14:49:07+00:00,Carrefour MOBILE Y200 8+128 SILVER VIVO (291599),https://www.daraz.pk/products/y200-8128-291599-i933099565.html,,false,[],Weight Unknown,[61499.0],daraz.pk/daraz__y200-8128-291599-i933099565.html.json,ecf32c681b5a736c64be64054285614532c8aad410d9e3cc0f6b46d39976f35d,0.12500
9fffb881cfeea4e2410139099e1180ce7b65bc7d61733b52d5902e69c5b1fa76,2026-08-15T13:38:34+00:00,Carrefour MOBILE Y200 8+128 GREEN VIVO (291600),https://www.daraz.pk/products/y200-8128-291600-i933098698.html,,false,[],Weight Unknown,[60999.0],daraz.pk/daraz__y200-8128-291600-i933098698.html.json,6f871c2916f809f39cf25a99dc649787a85736cbc1594b135f3298b4ea01dde5,0.12500
56f416fb95b5ac6a13ea2b5af7c39d143b399c265afa802ddaf6129e823d8e17,2026-08-15T12:15:27+00:00,VIVO Y200 = 8GB RAM = 128GB ROM = 5000mAh BATTERY,https://www.daraz.pk/products/y200-8gb-128gb-5000mah-i748804796.html,,false,[],Weight Unknown,[60999.0],daraz.pk/daraz__y200-8gb-128gb-5000mah-i748804796.html.json,15e251b86cad055a81439c6815d7148d7e35441cf00afa28c0e4df5f03a880f4,0.62500
f080c8aaec7249d5ef2a3d082e0bfe42a920513aba2bf11d4790c4d69c4a910c,2026-08-15T11:59:31+00:00,VIVO Y200 = 8GB RAM 256GB ROM = 5000mAh BATTERY,https://www.daraz.pk/products/y200-8gb-256gb-5000mah-i748821434.html,,false,[],Weight Unknown,[66999.0],daraz.pk/daraz__y200-8gb-256gb-5000mah-i748821434.html.json,614f053f1adc8b1b14e17b6dcb49414291fd10ae75d2918a548ef9d131428279,0.62500
fcc5dcf079b74fa380e31e3bde9a889b74fe6d6897469653a9080613b319029f,2026-08-15T09:22:13+00:00,Y20s VIVO PTA Approved New Box Pack & Charger,https://www.daraz.pk/products/y20s-pta-i531550104.html,,false,[],Weight Unknown,[29499.0],daraz.pk/daraz__y20s-pta-i531550104.html.json,7375796b02832063c936643432a63f5484753be77bc865b2f5802e9498aa3d38,0.25000
250052ae8fe216f10019c62a36f3314c9451284135eb493d6330c7741c76da3f,2026-08-15T14:26:22+00:00,Carrefour Vivo Mobile Y21D 6GB RAM 128GB ROM Jade Green-303744,https://www.daraz.pk/products/y21d-6gb-128gb-303744-i1960465762.html,,false,[],Weight Unknown,[49999.0],daraz.pk/daraz__y21d-6gb-128gb-303744-i1960465762.html.json,6776321555545d2020fd9fd9b35dbef99129ab00a29420268dd6392382ccb391,0.16667
8267c246463a6f9829c6fae6e8ffd027ef2bb466c944c326d67e233839178413,2026-08-15T13:29:45+00:00,Carrefour Vivo Mobile Y21D 6GB RAM 128GB ROM Lavender Purple-303745,https://www.daraz.pk/products/y21d-6gb-128gb-303745-i1960463742.html,,false,[],Weight Unknown,[49999.0],daraz.pk/daraz__y21d-6gb-128gb-303745-i1960463742.html.json,153a992d22cf065feaa3fcc353664b8105df4bbe474c67854ab3501c6cac79c1,0.16667
075603ecea4e82d8049c4d6430f62d60e4ce982d76bef02b6dc5a5cb4bbb5cd8,2026-08-15T14:24:20+00:00,Carrefour Vivo Mobile Y21D 6GB RAM 128GB ROM Coral Red-303746,https://www.daraz.pk/products/y21d-6gb-128gb-303746-i1960469716.html,,false,[],Weight Unknown,[49999.0],daraz.pk/daraz__y21d-6gb-128gb-303746-i1960469716.html.json,3a0ef79311dfca024ec1ace19dafd2ee66785a1e35b0d409289803a86ad5a817,0.16667
34b73c30a9b3e3599d01247f6a6a10cd9939a9db1b2b9eb09bf1c6b299b4077d,2026-08-15T14:37:36+00:00,Carrefour Vivo Mobile Y21D 8+128GB Green-306231,https://www.daraz.pk/products/y21d-8128gb-306231-i1960461804.html,,false,[],Weight Unknown,[56999.0],daraz.pk/daraz__y21d-8128gb-306231-i1960461804.html.json,61d8e056f73739ef00d025f8256d984210912e8e04ebe2b1bb5f89271adb84ca,0.12500
2a913d2dbb61b1481e3ac1a58e87c00905fa6261d47b962b42267ded75c6a2fa,2026-08-15T13:07:05+00:00,Carrefour Vivo Mobile Y21D 8+128GB Purple-306232,https://www.daraz.pk/products/y21d-8128gb-306232-i1961120772.html,,false,[],Weight Unknown,[56999.0],daraz.pk/daraz__y21d-8128gb-306232-i1961120772.html.json,3e407c272a65574580684fb05cfc8615696a2d027b224f29af8acb1cd6840b88,0.12500
d2eb1605edc58b2c93f27aea4a7187cc383127a0a167b784efdf119acb515c62,2026-08-15T13:47:21+00:00,Carrefour Vivo Mobile Y21D 8+128GB Red-306233,https://www.daraz.pk/products/y21d-8128gb-306233-i1960465764.html,,false,[],Weight Unknown,[56999.0],daraz.pk/daraz__y21d-8128gb-306233-i1960465764.html.json,272930c8cafe1d54d90a83474a10a36c21e83b506536cd84575c998e950e18d1,0.12500
bee1b8d3b2e7ad9891c2d751c798a5e46bccb181b9f3bfb39703df04e745d2bc,2026-08-15T09:46:07+00:00,y21s DUAL Sim 128GB storage 5000 mh battery,https://www.daraz.pk/products/y21s-128-5000-i1950067735.html,,false,[],Weight Unknown,[42000.0],daraz.pk/daraz__y21s-128-5000-i1950067735.html.json,ecb39e1d6bd1819d6a044647b763d3bd7259c9ba53a86d8ab5212d61f0722208,0.29167
a67a5dc6050ae8564806678430a42ec7291d0f5461fb69f155fc99896fb597ce,2026-08-15T13:43:08+00:00,y21s DUAL Sim 128GB storage 5000 mh battery,https://www.daraz.pk/products/y21s-dual-sim-128gb-storage-5000-mh-battery-i1961470378.html,,false,[],Weight Unknown,[3987.0],daraz.pk/daraz__y21s-dual-sim-128gb-storage-5000-mh-battery-i1961470378.html.json,3499bb6f4738435cad1e1715ffd4f55ae875b87f3098e01ac7b2eeafe32c1552,0.29167
44f5cd6df35874383650e9e3172b6266e9d08dbf5f301a9ec61037f716934fc8,2026-08-15T13:43:44+00:00,Carrefour MOBILE Y28 8+128 ORANGE VIVO (286635),https://www.daraz.pk/products/y28-8128-286635-i933105158.html,,false,[],Weight Unknown,[51499.0],daraz.pk/daraz__y28-8128-286635-i933105158.html.json,a73ca9790dd418a2ce2783d1be65311ea591f2e561b0bd9dd220b7c4a6beb56b,0.12500
6960ef197c4cc56580974d9bd3282f0580f6ace28883c680603f4a0dc75266d2,2026-08-15T14:03:46+00:00,Carrefour Vivo Mobile Y29 8 GB RAM 128 GB ROM White (295890),https://www.daraz.pk/products/y29-8-128-295890-i933104280.html,,false,[],Weight Unknown,[50999.0],daraz.pk/daraz__y29-8-128-295890-i933104280.html.json,d001e96771d5e073ebbe3a883da7e92397e2a4c786b95be9f539c66dc83ae1ae,0.16667
a115ed61bf276b8971ca3e74aecacc8ecc6b3aa02141ad3cbefd9d359d16ddb6,2026-08-15T14:22:57+00:00,Carrefour Vivo Mobile Y29 8 GB ROM 256 GB RAM White (295986),https://www.daraz.pk/products/y29-8-256-295986-i933099578.html,,false,[],Weight Unknown,[60999.0],daraz.pk/daraz__y29-8-256-295986-i933099578.html.json,9033d4bf0806e1badb24cd0122cd64c5de7d08b00e8f317599d2c5afe9a9a189,0.16667
dd28fec4b9c141a99567fdd3a57fc13b0ef9bd637ec6ed354a00e0d9e5001402,2026-08-15T14:42:42+00:00,Carrefour Vivo Mobile Y29 8 GB RAM 256 GB ROM Brown (295987),https://www.daraz.pk/products/y29-8-256-295987-i933098720.html,,false,[],Weight Unknown,[60999.0],daraz.pk/daraz__y29-8-256-295987-i933098720.html.json,da80c22e6f6f39ec8cce8fdc79ce06bb3e81d5f6cc29f256502951d2793281e5,0.16667
97b5fe96e1db7b6236898896bdc7110d159ab307f40691db1d7090aa2485a02f,2026-08-15T12:52:05+00:00,VIVO Y29 = 8GB RAM = 128GB ROM = 6500mAh BATTERY,https://www.daraz.pk/products/y29-8gb-128gb-6500mah-i826774863.html,,false,[],Weight Unknown,[50999.0],daraz.pk/daraz__y29-8gb-128gb-6500mah-i826774863.html.json,325a809739bbf0ee84949e4d292f013e5e482bb70e65609c50aef82b3d496c37,0.62500
9850f36ea1d65b662ef3f6cfb61159b9f61747e39701e9cbaca22437bf93255f,2026-08-15T12:44:43+00:00,VIVO Y29 = 8GB RAM = 128GB ROM = 6500mAh BATTERY,https://www.daraz.pk/products/y29-8gb-128gb-6500mah-i827197897.html,,false,[],Weight Unknown,[52999.0],daraz.pk/daraz__y29-8gb-128gb-6500mah-i827197897.html.json,e3bd2ce819cd63ef0fea553d57917d62eb5172ff1fb6b330e05d77fcba968ba6,0.62500
f092a3cba1c44aac591989549d61c70378ab59f9a7a353800359336e6411d417,2026-08-15T12:48:26+00:00,VIVO Y29 = 8GB RAM = 256GB ROM = 6500mAh BATTERY,https://www.daraz.pk/products/y29-8gb-256gb-6500mah-i826779684.html,,false,[],Weight Unknown,[55999.0],daraz.pk/daraz__y29-8gb-256gb-6500mah-i826779684.html.json,9a061cbe58e0c78b94328e29aa5a13535d0a30b4dd5eb0144c6fd00df4f8e514,0.62500
016886d3e4ac69d59f378b79b31aaf4d3d3551bfce19a02e61da447b46c181e4,2026-08-15T12:21:45+00:00,VIVO Y29 = 8GB RAM = 256GB ROM = 6500mAh BATTERY,https://www.daraz.pk/products/y29-8gb-256gb-6500mah-i827265441.html,,false,[],Weight Unknown,[58999.0],daraz.pk/daraz__y29-8gb-256gb-6500mah-i827265441.html.json,6c2ea0a65b49b289929c5461a36340c503e2c4e9a1b2922ec404e0b7f3120e9f,0.62500
b328d29b5cd4d89f5774b483dac38b0d3492341dae3173bf2bd064dde2d97d7d,2026-08-15T09:22:27+00:00,Vivo Y29 || 8GB Ram 128GB Rom || 6.68 inches IPS Display || Li-ion 6500 mAh -Fast battery 44W wired,https://www.daraz.pk/products/y29-8gb-8gb-128-ips-li-ion-668-mah-44w-i828719389.html,,false,[],Weight Unknown,[79999.0],daraz.pk/daraz__y29-8gb-8gb-128-ips-li-ion-668-mah-44w-i828719389.html.json,d772a3b7529ce19476cf1b8b96931c22c7e0a952bee7aee3b3b65b7eb74cf204,0.45833
3328c1bb5a744cb216182835cf160a75fa99fad3f266f8910b285dec8bb91975,2026-08-15T09:37:06+00:00,Y33s VIVO 8/256 PTA Approved New Box Pack & Charger,https://www.daraz.pk/products/y33s-8256-pta-i532267416.html,,false,[],Weight Unknown,[46499.0],daraz.pk/daraz__y33s-8256-pta-i532267416.html.json,77470539bde607478876c94509f04c7e5944b48a4a3751e106d3c16d089f157d,0.20833
3c364c48cfeb405fdf744bb4994be962d8521d7730a1d5d89d0786ae79128fbd,2026-08-15T13:45:34+00:00,VIVO Y36 8+8=16GB RAM 256GB ROM = 5000mAh BATTER,https://www.daraz.pk/products/y36-8-8-16gb-256gb-5000mah-i438569841.html,,false,[],Weight Unknown,[58999.0],daraz.pk/daraz__y36-8-8-16gb-256gb-5000mah-i438569841.html.json,6ffc95bb3b091aaa7d85d83c187ef40611a2fcce43d0f2182e0911685fded8c5,0.62500
75aa075a48ef4228d10383d9221be723a9e8b6ff914744ea7092af0221706768,2026-08-15T13:40:40+00:00,Carrefour Vivo Mobile Y400 8+256GB White-300715,https://www.daraz.pk/products/y400-8256gb-300715-i1961172708.html,,false,[],Weight Unknown,[69999.0],daraz.pk/daraz__y400-8256gb-300715-i1961172708.html.json,713e36d896e4e293f2fa9a586ae54468602730d0b381f1792db8f94243899c0d,0.12500
fa9fd19e3e3b27639ee45153da71467be57f450f4423e68ef584474dd27a7adb,2026-08-15T13:41:00+00:00,Carrefour Vivo Mobile Y400 8GB RAM 256GB ROM Green-300716,https://www.daraz.pk/products/y400-8gb-256gb-300716-i1961120768.html,,false,[],Weight Unknown,[69999.0],daraz.pk/daraz__y400-8gb-256gb-300716-i1961120768.html.json,0ee9cb7f1b10c98d2238d01d6adaebee7f60f9576def52493df379d9bac5114e,0.16667
def3336ed2cec43868a954c5f59cc2c4d4f6f403fba92bf91d852ce00b0e0c70,2026-08-15T09:48:48+00:00,Y66 128GB /6GB RAM / 2sim/ 4G LTE/ BEST for low budget/ COMPLETE BOX N ACCESSORIES,https://www.daraz.pk/products/y66-128gb-6gb-ram-2sim-4g-lte-best-for-low-budget-complete-box-n-accessories-i1961462482.html,,false,[],Weight Unknown,[9999.0],daraz.pk/daraz__y66-128gb-6gb-ram-2sim-4g-lte-best-for-low-budget-complete-box-n-accessories-i1961462482.html.json,8fdf122a2c42687b4c62e6b5c566e81fcbf07ab6dc77c43bd1eef1747b6798bb,0.33333
7b8d9dc11acc37c292717b8903ef54c75770abed49ef899824a6a496e1d908eb,2026-08-15T12:29:05+00:00,Imported Vivo Y66 withOUT Box Charger Handsfree - Premium Quality - Dual Sim Approved - 3gb Ram Mobile - Vivo Mobile - Vivo Phone - 3gb Mobile Phone - Mobile Phone on Installment - Budget Phone - 4G Mobile - Smart Phone,https://www.daraz.pk/products/y66-3gb-3gb-4g-i723398626.html,,false,[],Weight Unknown,[15000.0],daraz.pk/daraz__y66-3gb-3gb-4g-i723398626.html.json,b5f17a331b0683373a55548ecee8abcc3703736fae74093c1d24592a0b720647,0.29167
17ac923531e2627f19562afc0054a61c6cb53cde2a16e1cbf6d384c4e2d355e2,2026-08-15T09:46:26+00:00,Mobile - Imported Original Vivo Y81 Mobile | 100% INSPECTED | 6GB RAM | 128GB ROM(STORAGE) | 3260mAh Battery | Dual Sim PTA Approved | BEST FOR ADULT AND KIDS BOTH | Android 8.1 | Just Like New Condition |,https://www.daraz.pk/products/y81-100-6-128-3260mah-81-i1958214600.html,,false,[],Weight Unknown,[22000.0],daraz.pk/daraz__y81-100-6-128-3260mah-81-i1958214600.html.json,2a67b48f68f908b0b9d9681973bafcec2edd82b863ef2079ce73b698263f4ecf,0.41667
6a1a22bb95eacf20bda680a457e25d192e2d46b3f82cb7adabe1119f34a55760,2026-08-15T13:32:06+00:00,imported orignal vivo Y83 mobil Ram 4 memory 64 without box,https://www.daraz.pk/products/y83-4-64-i888765516.html,,false,[],Weight Unknown,[19999.0],daraz.pk/daraz__y83-4-64-i888765516.html.json,f8a91a418247965c984a1b70297000ecc36c19af2aa2f8c8e4f066830d24659d,0.33333
7f7c508f6249f2a6c1d57c338b25fb71b47bc0b097e74c16c413179cc74cb551,2026-08-15T09:33:37+00:00,Original Vivo Y85 Smartphone | 4GB 64GB | 6.22-inch Notch Screen | PTA Approved | Snapdragon High Performance | FREE Charger Included | Best Discounted Rate | Installment Plan,https://www.daraz.pk/products/y85-4-64-622-i1950844162.html,,false,[],Weight Unknown,[23093.0],daraz.pk/daraz__y85-4-64-622-i1950844162.html.json,8473839e51b5f1857613899dcc8bee65a91496118f72a76b72f30535903182b0,0.29167
46637276cb096bf00f0f885233476f11c9bf055dcfc22e8a931c7f5f3ea82901,2026-08-15T11:13:31+00:00,Y85 - 6.3 Inches Full HD+ Display - 4GB RAM 64GB ROM - 13 + 2 + 16 MP Camera (Box Charger - Multi Color),https://www.daraz.pk/products/y85-63-4-64-13-2-16-i1946909870.html,,false,[],Weight Unknown,[13999.0],daraz.pk/daraz__y85-63-4-64-13-2-16-i1946909870.html.json,1916b9b620689bf2360cd39e9882f50d4e218f815311cbe4aa38d91085ff7f49,0.41667
5b29c1e5996759b396b5999b397248031ea6bffba0a2535997f55aed21a61dd9,2026-08-15T09:20:23+00:00,Y85 - 6.3 Inches Full HD+ Display - 4GB RAM 64GB ROM - Dual SIM - PTA Approved - 13 + 2 + 16 MP Camera (Box Only - Multi Color),https://www.daraz.pk/products/y85-63-hd-4gb-64gb-pta-13-2-16-mp-i438047551.html,,false,[],Weight Unknown,[24999.0],daraz.pk/daraz__y85-63-hd-4gb-64gb-pta-13-2-16-mp-i438047551.html.json,cc185e55b763f04b6617d299add602f9f8facdcf36dd35acc3f9331f6a3cab27,0.45833
4bb1e276e01c3c5ecb2e6ab5be60c16386baf7231a0edcab86a29c01b46fc036,2026-08-15T12:24:34+00:00,Combo Deal - Original ViVo Y85 with Box Charger Handsfree Sim Eject Tool - Premium Quality - Dual Sim Approved - ViVo Y85a - 4GB RAM Mobile - Snapdragon Mobile - Vivo Mobile - Vivo Phone - 4gb Mobile Phone - Mobile Phone on Installment,https://www.daraz.pk/products/y85-y85a-4gb-4gb-i723808032.html,,false,[],Weight Unknown,[21500.0],daraz.pk/daraz__y85-y85a-4gb-4gb-i723808032.html.json,a9f0ba0192430639f0f91d4587ede0f92d5be9b5e5e404e99c62f233b396afbd,0.41667
83aa2ac24bf84bf04e282da026524dbaaeded8f6a74c0d25c41251b9328654a7,2026-08-15T09:14:36+00:00,"Vivo Y85a - 6.26"" Full HD Display - Dual Sim - 4GB RAM - 64GB ROM - Snapdragon Processor - Fingerprint Sensor - Android Oreo - Official PTA Approved - Phone And Box Only (No Charger, No Accessories Included)",https://www.daraz.pk/products/y85a-hd-4gb-64gb-pta-i247257465.html,,false,[],Weight Unknown,[24999.0],daraz.pk/daraz__y85a-hd-4gb-64gb-pta-i247257465.html.json,6d61f435bb11aa4297afe05f345261a2705f8627513e0c0eb6af2e6609691985,0.41667
88cc59451a4aca84dd41dcef3db7e420fc8f5f028c9a61039d58b629e387302a,2026-08-15T09:26:14+00:00,Samsung Galaxy Z Fold 3 12GB RAM 256 GB ROM || FOLDABLE MOBILE PHONE || ONE YEAR BRAND WARRANTY,https://www.daraz.pk/products/z-3-12gb-256-gb-i358494895.html,,false,[],Weight Unknown,[300000.0],daraz.pk/daraz__z-3-12gb-256-gb-i358494895.html.json,db5e0d6bf4d0b504c13996bcf980d50268087782c4347939f0e4f62faaee9712,0.41667
9e6908d68034d65f2647f8e1e71882ff5c81b893130f76815c953c8d713e2068,2026-08-15T09:58:46+00:00,Reno Z OPPO 8/128 PTA Approved New Box Pack &.Charger,https://www.daraz.pk/products/z-8128-pta-i536504906.html,,false,[],Weight Unknown,[49499.0],daraz.pk/daraz__z-8128-pta-i536504906.html.json,672ad05cdc15087fc8671d5ddbc5d8a6a03ee660e5dc28fe97a4b66100a7e1cf,0.20833
0122ef05f40d3fdbee22bc4cd30baf7fa1f5c348bbf97f5e683c88c8205c49fc,2026-08-15T09:26:48+00:00,VENUS Z81 NEW MODEL 2GB Ram 32gb Rom,https://www.daraz.pk/products/z81-2gb-32gb-i289153541.html,,false,[],Weight Unknown,[17999.0],daraz.pk/daraz__z81-2gb-32gb-i289153541.html.json,1e5f2d6bbf5699b3241bfc3de2c4f24a104f849ebcb1b8842a4944e347486b65,0.25000
fefc2027fea8978c22b312fe2be633e60c46ac4fde4c0cc10de565cf69014eeb,2026-08-15T12:50:54+00:00,ZTE NUBIA FOCUS PRO 5G = 8GB + 12GB RAM = 256GB ROM = 5000mAh BATTERY,https://www.daraz.pk/products/zte-12gb-8gb-5g-256gb-5000mah-i617371391.html,,false,[],Weight Unknown,[60999.0],daraz.pk/daraz__zte-12gb-8gb-5g-256gb-5000mah-i617371391.html.json,75484187b00b1d4c20266943594d7a7a09fdfb15e6b89e73742051ea28c277f6,0.62500
30c05a7fd1be9c09cb4f5d4de7d1b175704a6c04166a5fd2062c17650cc1b63b,2026-08-15T13:42:28+00:00,ZTE NUBIA NEO 2 5G = 8GB RAM = 256GB ROM = 6000mAh BATTERY,https://www.daraz.pk/products/zte-2-5g-8gb-256gb-6000mah-i577187156.html,,false,[],Weight Unknown,[54999.0],daraz.pk/daraz__zte-2-5g-8gb-256gb-6000mah-i577187156.html.json,d15a91553698b711ea39a275224b228b647f3395d3db7691ef4878d3c5f0bad5,0.62500
04c3a49108755e1e71f3e4af7bbe0c0c64de428b6dd814a020993e621f16ca79,2026-08-15T13:56:14+00:00,ZTE NUBIA NEO 2 5G = 8GB RAM = 256GB ROM = 6000mAh BATTERY,https://www.daraz.pk/products/zte-2-5g-8gb-256gb-6000mah-i617338122.html,,false,[],Weight Unknown,[57999.0],daraz.pk/daraz__zte-2-5g-8gb-256gb-6000mah-i617338122.html.json,e5ae3dd1f083ac5b93613a3c983a9bc856b18b3945e0d8aa44706947088c595e,0.62500
9c72248d9f5272d289e9e9bdca4350af7e890c1fa3f55047ebce5b54f12800da,2026-08-15T12:26:51+00:00,ZTE NUBIA MUSIC = 4GB RAM = 128GB ROM = 5000mAh BATTERY,https://www.daraz.pk/products/zte-4gb-128gb-5000mah-i617269888.html,,false,[],Weight Unknown,[23999.0],daraz.pk/daraz__zte-4gb-128gb-5000mah-i617269888.html.json,59b740b2d1db7c1ac640fd4bca5eeb558b07ad9057788a133433ab75c345d1ce,0.62500
6e4d46450fb870a0a069d44e0a26b401255a4d754eb967e11b6d4835f81e975f,2026-08-15T14:09:12+00:00,ZTE A54 4GB+4GB = 8GB RAM = 128GB ROM = 5000mAh BATTERY,https://www.daraz.pk/products/zte-4gb-4gb-a54-8gb-128gb-5000mah-i461007229.html,,false,[],Weight Unknown,[20999.0],daraz.pk/daraz__zte-4gb-4gb-a54-8gb-128gb-5000mah-i461007229.html.json,2f1d42c561dad06cb7627fab01c11db2f2002176857059f0c14e7d3ff5e453f2,0.62500
9d0f94454c0a8922b2ddf846fd976702e68af368130ceaa49a1b364298877789,2026-08-15T12:40:40+00:00,ZTE BLADE A35 = 4GB RAM = 64GB ROM = 5000mAh BATTERY,https://www.daraz.pk/products/zte-a35-4gb-64gb-5000mah-i617389457.html,,false,[],Weight Unknown,[19999.0],daraz.pk/daraz__zte-a35-4gb-64gb-5000mah-i617389457.html.json,c8e9ee753e45ed82fda345dd810358ce245104ba9c9a73ef3f08d3c5fdd1c585,0.62500
0547ae045b3f1db7b7512265094a4909f63ba911047043562355a8cc57a61739,2026-08-15T09:27:13+00:00,ZTE A35e - 6.52 Inches Display - 2GB RAM 64GB ROM - 5MP Front Camera - 8MP Rear Camera - Dual SIM - 5000mAh Battery,https://www.daraz.pk/products/zte-a35e-2gb-64gb-5mp-8mp-652-mah-i927782092.html,,false,[],Weight Unknown,[23000.0],daraz.pk/daraz__zte-a35e-2gb-64gb-5mp-8mp-652-mah-i927782092.html.json,bec19f06497534e959b61aeb740120086155a8c1da5861822f736256e223c97a,0.29167
f34230ba4764936ebda625aae1456e36c5d7cbfd6a1944b25c0529e3e26a0c51,2026-08-15T10:26:43+00:00,ZTE A35e - 6.52 Inches Display - 2GB RAM 64GB ROM - 5MP Front Camera - 8MP Rear Camera - Dual SIM - 5000mAh Battery,https://www.daraz.pk/products/zte-a35e-652-2-64-5-8-5000-i927761968.html,,false,"[""Ice Green"",""Rose Pink"",""Silver Gray""]",Weight Unknown,[23000.0],daraz.pk/daraz__zte-a35e-652-2-64-5-8-5000-i927761968.html.json,d541ff60473e7710d9576613b2b57a8d38ffccae128859b3f0101f6fd65fc3a6,0.62500
a3101489f650f166a43caccd38e8613618591679eddfb726b764676ba920a58e,2026-08-15T11:18:39+00:00,ZTE A35e - 6.52 Inches Display - 2GB RAM 64GB ROM - 5MP Front Camera - 8MP Rear Camera - Octa-Core Processor - Dual SIM - 5000mAh Battery,https://www.daraz.pk/products/zte-a35e-652-2-64-5-8-5000-i927767609.html,,false,[],Weight Unknown,[24000.0],daraz.pk/daraz__zte-a35e-652-2-64-5-8-5000-i927767609.html.json,dd3b07dcce9da9099079c4127437d1c7915fcdc0f672fa0a425015f43cbe4bbf,0.70833
0ec509fecf9d3edbc0fd8f3bfc6ed163e6ad5df3fe2c651082357f98c23d03d0,2026-08-15T14:33:02+00:00,ZTE NUBIA A36 = 4GB RAM = 64GB ROM = 5000mAh BATTERY,https://www.daraz.pk/products/zte-a36-4gb-64gb-5000mah-i923142840.html,,false,[],Weight Unknown,[25999.0],daraz.pk/daraz__zte-a36-4gb-64gb-5000mah-i923142840.html.json,83b9ccf5cc1b417e29a1816e67601debf54af553be35f3101ac0f4a662e43563,0.33333
1f5612b8574042fab87beacfe375a5b558e7ecfa4f0c25918b61621f216b9603,2026-08-15T14:47:58+00:00,ZTE NUBIA A36 = 4GB RAM = 64GB ROM = 5000mAh BATTERY,https://www.daraz.pk/products/zte-a36-4gb-64gb-5000mah-i924566800.html,,false,[],Weight Unknown,[25999.0],daraz.pk/daraz__zte-a36-4gb-64gb-5000mah-i924566800.html.json,83b9ccf5cc1b417e29a1816e67601debf54af553be35f3101ac0f4a662e43563,0.33333
a81c6612a508f44dcb26aeb6ecbdf738d2e58238d4e4ff0fdfceee78cb73c71a,2026-08-15T13:25:25+00:00,ZTE A54 4GB+4GB = 8GB RAM = 64GB ROM = 5000mAh BATTERY,https://www.daraz.pk/products/zte-a54-4gb-4gb-8gb-64gb-5000mah-i461007151.html,,false,[],Weight Unknown,[18999.0],daraz.pk/daraz__zte-a54-4gb-4gb-8gb-64gb-5000mah-i461007151.html.json,ff3b7836843de324d7f6ae0fedfc99f0700eb869e6c564fe3a444c83885f502c,0.62500
65f2728665e62e5f8500d7878652caffb52ea19dc58495561594c943fe78b6e6,2026-08-15T12:18:20+00:00,ZTE BLADE A55 = 4GB RAM = 64GB ROM = 5000mAh BATTERY,https://www.daraz.pk/products/zte-a55-4gb-64gb-5000mah-i617327768.html,,false,[],Weight Unknown,[17999.0],daraz.pk/daraz__zte-a55-4gb-64gb-5000mah-i617327768.html.json,8bf1b2f4804799c84df82cc8d8360b85d22c34a11a709b8cc181108ee7f688b5,0.62500
f095112b0db1195d7a92f8f86d63756fa89d26914e522a74bf7dcd1d8637906f,2026-08-15T11:07:00+00:00,ZTE Blade A56 - 6.75 Inches Display - 4GB RAM 128GB ROM - 8MP Front Camera - 13MP Rear Camera - Dual SIM - 5000mAh Battery,https://www.daraz.pk/products/zte-a56-675-4gb-128gb-8mp-13mp-5000mah-i927776357.html,,true,[],Weight Unknown,[35000.0],daraz.pk/daraz__zte-a56-675-4gb-128gb-8mp-13mp-5000mah-i927776357.html.json,181dbb233cec3f03e3064653c093b0cc7a7ddd90d53d48989986580e6c3c57e5,0.58333
1421c44b5f42be2084db0b1af9e458b44be68233bf01e22000c912161f813ed9,2026-08-15T10:22:15+00:00,"ZTE Blade A35e - 6.52"" Display - 2GB RAM + 4GB Extended RAM - 64GB ROM - 5000mAh Battery - PTA Approved - 1 Year Brand Warrant",https://www.daraz.pk/products/zte-blade-a35e-652-2-4-64-5000-1-i1954003298.html,,false,[],Weight Unknown,[24999.0],daraz.pk/daraz__zte-blade-a35e-652-2-4-64-5000-1-i1954003298.html.json,f7d1bb98df8f2b881a492cc070cd067b1fff5ec040e9b33cbf13f972361f1ac0,0.37500
9daf2b560b8c5f01ca7fcfc1fcbbde90a9f9b5ae2afde6a86b680abcd936f1d3,2026-08-15T10:24:57+00:00,"ZTE Blade A35e - 6.52"" Display - 6GB RAM - 64GB ROM - 5000mAh Battery - Official PTA Approved - 1 Year Brand Warranty",https://www.daraz.pk/products/zte-blade-a35e-652-6-64-5000-1-i1962299612.html,,false,[],Weight Unknown,[25600.0],daraz.pk/daraz__zte-blade-a35e-652-6-64-5000-1-i1962299612.html.json,2b1250002390c4446a0565155b67b440864e04cddf4a67cf37ce84055062b45e,0.33333
ffd186e8f2054adec14e295037dbe053d4f6e321926989fd8299186d7da6e3b9,2026-08-15T10:47:59+00:00,"ZTE Blade A35e - 6.52"" Display - 6GB RAM - 64GB ROM - 5000mAh Battery - Official PTA Approved - 1 Year Brand Warranty",https://www.daraz.pk/products/zte-blade-a35e-652-6-64-5000-1-i1962952011.html,,false,[],Weight Unknown,[25540.0],daraz.pk/daraz__zte-blade-a35e-652-6-64-5000-1-i1962952011.html.json,17e749822e03dbc3e082b9ef3e7ec4745d223b8b3e578d9ff5e3ad2fed9b2e09,0.33333
39cb30bd11bc59f766b73aed09a66db51f5c2af732008ec5c8ef029776bc9d32,2026-08-15T10:51:32+00:00,ZTE Blade A56- 6.75 Inches Display - 4GB RAM 128GB ROM - 8MP Front Camera - 13MP Rear Camera - Unisoc T7200 - Dual SIM - 5000mAh Battery,https://www.daraz.pk/products/zte-blade-a56-675-4gb-ram-128gb-rom-8mp-13mp-unisoc-t7200-5000mah-i927782083.html,,false,"[""Black"",""Off White""]",Weight Unknown,[34000.0],daraz.pk/daraz__zte-blade-a56-675-4gb-ram-128gb-rom-8mp-13mp-unisoc-t7200-5000mah-i927782083.html.json,1fd901fa9de661e62ddcc5a6e1aeeeecb2deaf3887fb6ac39e2e6f411afe8e9d,0.62500
513eb3855337077ec6b25f8d0cac3e10ee8cf4fe0fe2d635e8106f81db72bedd,2026-08-15T10:54:24+00:00,ZTE Nubia A36 4GB RAM 64GB ROM 13 MP Back Camera 5000 mAh Battery ONE YEAR BRAND WARRANTY,https://www.daraz.pk/products/zte-nubia-4gb-a36-64gb-13-mp-5000-mah-i924581528.html,,false,[],Weight Unknown,[37000.0],daraz.pk/daraz__zte-nubia-4gb-a36-64gb-13-mp-5000-mah-i924581528.html.json,12a8064452a81cda586c7aacc3c4338fb24387e99221de09d324dbbd3944d395,0.33333
6bc0a041cd46832b94e597691f63e3cfeafd41e412cd27290452c50be9c01025,2026-08-15T09:24:22+00:00,ZTE Nubia Focus PRO 5G || 8+12GB Ram 256GB Rom || 5000mAh Battery,https://www.daraz.pk/products/zte-nubia-5g-wanks-8-12gb-256gb-wach-5000mah-i751199019.html,,false,[],Weight Unknown,[63000.0],daraz.pk/daraz__zte-nubia-5g-wanks-8-12gb-256gb-wach-5000mah-i751199019.html.json,fcf59d0e86519739af1839ee5ac76cc023eac017fff673b1a733e523c3f0b45b,0.62500
a5c13b02eb4e84e1374c139c42859c40806e736926d7442ef8bb5f43a9748121,2026-08-15T14:36:49+00:00,ZTE NUBIA A35E = 2GB RAM = 64GB ROM = 5000mAh BATTERY,https://www.daraz.pk/products/zte-nubia-a35e-2gb-64gb-5000mah-i932063005.html,,false,[],Weight Unknown,[17999.0],daraz.pk/daraz__zte-nubia-a35e-2gb-64gb-5000mah-i932063005.html.json,571e0b2be0cf5c6f87ca304cf812aa272c18836f9be91b612ee13addbccbf854,0.25000
acce66480461e9aa0819de45bb090e67fa2ce9714d722cbf4ed0b56ae8a1038f,2026-08-15T10:20:49+00:00,ZTE Nubia A36 - 6.75 Inches Display - 4GB RAM 64GB ROM - 5MP Front Camera - 13MP Rear Camera - Dual SIM - 5000mAh Battery,https://www.daraz.pk/products/zte-nubia-a36-4gb-64gb-5mp-13mp-675-mah-i923626680.html,,false,[],Weight Unknown,[31000.0],daraz.pk/daraz__zte-nubia-a36-4gb-64gb-5mp-13mp-675-mah-i923626680.html.json,3d3ae5632d203ce7b9d83d289dd0762d96ff4857cf7e5a7393946e3f898b52e3,0.33333
ff5894a042973228e4d5d519eef91976b537171d4c85ac3471ed3fa6bf2eabbf,2026-08-15T11:01:35+00:00,"ZTE Nubia A36 4GB + 64GB 6.75"" IPS Display 5000mAh Battery Charging 10W PTA Approved",https://www.daraz.pk/products/zte-nubia-a36-4gb-64gb-675-ips-5000mah-10w-pta-i925537251.html,,false,[],Weight Unknown,[32999.0],daraz.pk/daraz__zte-nubia-a36-4gb-64gb-675-ips-5000mah-10w-pta-i925537251.html.json,ac5f2541986b394db72e5eae9f3932d843464d5e2c3613896eaf78dff731d030,0.41667
1ea4ac508a859d8e7764ec8b9241e415cffdd3cb20e1d29f3583568fa126df5d,2026-08-15T10:34:08+00:00,ZTE Nubia A36 - 6.75 Inches Display - 4GB RAM 64GB ROM - 5MP Front Camera - 13MP Rear Camera - Dual SIM - 5000mAh Battery,https://www.daraz.pk/products/zte-nubia-a36-675-4gb-ram-64gb-rom-5mp-13mp-5000mah-i923655020.html,,true,[],Weight Unknown,[30000.0],daraz.pk/daraz__zte-nubia-a36-675-4gb-ram-64gb-rom-5mp-13mp-5000mah-i923655020.html.json,e959022875eba6a28f60c5c36223ef0ab40777c3ad2bb85fd53db1102d1981b5,0.58333
942d427bd7dc1b59e4bec1168123648ddea4579547fade220b97d9bd58afc1de,2026-08-15T10:16:27+00:00,ZTE Nubia A36 - 6.75 Inches Display - 4GB RAM 64GB ROM - 5MP Front Camera - 13MP Rear Camera - Unisoc T7200 Processor - Dual SIM - 5000mAh Battery,https://www.daraz.pk/products/zte-nubia-a36-675-4gb-ram-64gb-rom-5mp-13mp-unisoc-t7200-5000mah-i923645196.html,,false,"[""Titanium Gold"",""Aqua Green""]",Weight Unknown,[30000.0],daraz.pk/daraz__zte-nubia-a36-675-4gb-ram-64gb-rom-5mp-13mp-unisoc-t7200-5000mah-i923645196.html.json,1eda54c82c0379e96209935bf6ad4d86242caa1f669f551190937bf0fa4a4805,0.66667
04007da7c954f8d7cea51da838072532384ee97391b8bd53e74408c4c89b3f63,2026-08-15T11:34:48+00:00,ZTE Nubia A36 - 6.75'' 90hHz Display 4GB RAM 64GB ROM 5000mAh Battery PTA Approved 1 Year Official Brand Warranty,https://www.daraz.pk/products/zte-nubia-a36-675-90hhz-4gb-64gb-5000mah-pta-1-i1960591661.html,,false,[],Weight Unknown,[31999.0],daraz.pk/daraz__zte-nubia-a36-675-90hhz-4gb-64gb-5000mah-pta-1-i1960591661.html.json,bb9e1cfbfac6c8ec1fececbaca95141b75f53c6c7e37f26f22a275c764027f66,0.29167
70250cdecb2efce66270c6f7a93845de3ab11304a997f99f6f370bc10a2ea8fc,2026-08-15T13:56:32+00:00,ZTE NUBIA A56 = 4GB RAM = 128GB ROM = 5000mAh BATTERY,https://www.daraz.pk/products/zte-nubia-a56-4gb-128gb-5000mah-i930333376.html,,false,[],Weight Unknown,[23999.0],daraz.pk/daraz__zte-nubia-a56-4gb-128gb-5000mah-i930333376.html.json,8810611acb6bea779db5d8a5a2b83b81d2dab34afd25bdc8a939d1bde77b28d1,0.37500
930e33b5c0a2ab983e783d3cfe03243906577feadfafb835be338c7332075b67,2026-08-15T13:46:39+00:00,ZTE NUBIA A56 = 4GB RAM = 128GB ROM = 5000mAh BATTERY,https://www.daraz.pk/products/zte-nubia-a56-4gb-128gb-5000mah-i932050998.html,,false,[],Weight Unknown,[23999.0],daraz.pk/daraz__zte-nubia-a56-4gb-128gb-5000mah-i932050998.html.json,8810611acb6bea779db5d8a5a2b83b81d2dab34afd25bdc8a939d1bde77b28d1,0.37500
9f271012b3ebfca228337f6acee1af65d78fb3dc3c7812fdf462cc6f859635d7,2026-08-15T10:19:01+00:00,ZTE Nubia V60 Design (256GB Storage - 20GB Dynamic RAM 8+12) || 50MP AI Camera || 90Hz Eye-Care Display || 5000mAh Battery - 22.5W Fast Charge - Official Warranty,https://www.daraz.pk/products/zte-nubia-v60-256gb-20gb-812-50mp-ai-90hz-5000mah-225w-i1954374806.html,,false,[],Weight Unknown,[41999.0],daraz.pk/daraz__zte-nubia-v60-256gb-20gb-812-50mp-ai-90hz-5000mah-225w-i1954374806.html.json,5016990fd39de5bf50c18b3b86e0a0542f6b9d3304bbc317f66c555f270bac78,0.29167
96907042e5f6b65d9a6848a3ef3ede80b48b57c713274736fd83cce5627b1294,2026-08-15T09:43:43+00:00,"ZTE Nubia V60 6GB RAM + 10GB Extended RAM 256GB ROM , 6.6"" IPS Display 90Hz, , 5000 mAh - Fast charging 22.5W",https://www.daraz.pk/products/zte-nubia-v60-6gb-10gb-256gb-ips-90hz-66-mah-5000-i930390371.html,,false,[],Weight Unknown,[41999.0],daraz.pk/daraz__zte-nubia-v60-6gb-10gb-256gb-ips-90hz-66-mah-5000-i930390371.html.json,f2e6be871fee907d04cff07ef39da82cc291b99c05d50f6d0b7d3bca2ceba956,0.41667
13146fa0b4463d4f1d579c700ab6eab8ed1356855db4fdd3c8bc09b6ef4562fa,2026-08-15T12:10:21+00:00,ZTE NUBIA V60 DESIGN = 6GB RAM = 256GB ROM = 5000mAh BATTERY,https://www.daraz.pk/products/zte-nubia-v60-6gb-256gb-5000mah-i539136266.html,,false,[],Weight Unknown,[25999.0],daraz.pk/daraz__zte-nubia-v60-6gb-256gb-5000mah-i539136266.html.json,b919e917bd3fc74b7f82ae4331cc0fb4c995f6fc1b2285bd883df7d5fed430c9,0.62500
d4da47053d87af7e9cd8e2985b335a4883e060a7fc7b7d5a66fac0323d9c4806,2026-08-15T12:06:22+00:00,ZTE NUBIA V60 DESIGN = 6GB RAM = 256GB ROM = 5000mAh BATTERY,https://www.daraz.pk/products/zte-nubia-v60-6gb-256gb-5000mah-i617362495.html,,false,[],Weight Unknown,[26999.0],daraz.pk/daraz__zte-nubia-v60-6gb-256gb-5000mah-i617362495.html.json,86b01d0977c00b97d11ad2f3bd8404ceecd6ef056c6a9422fa5e1e8017fc2a7d,0.62500
2659b8b14451ec25338858ea88bc038a42848784610d084a39c0609b8646072a,2026-08-15T13:27:50+00:00,ZTE NUBIA V60 DESIGN = 8GB RAM = 256GB ROM = 5000mAh BATTERY,https://www.daraz.pk/products/zte-nubia-v60-8gb-256gb-5000mah-i948344860.html,,false,[],Weight Unknown,[34999.0],daraz.pk/daraz__zte-nubia-v60-8gb-256gb-5000mah-i948344860.html.json,45020bc06c7a1d2aa5136bd194e33eca622594ed5829b6929072e63159b84aa4,0.37500
ccb2e1103092e5cbd8870a82e89fe793c0db8eb4048a4f9c6f4444b4cb75db7b,2026-08-15T10:32:27+00:00,ZTE Nubia V60 Design - 8GB RAM 256GB ROM - 50MP+2MP Rear Camera - 8MP Front Camera - Dual SIM - 5000mAh Battery,https://www.daraz.pk/products/zte-nubia-v60-8gb-256gb-50mp-2mp-8mp-5000mah-i948382180.html,,false,"[""Dark Blue"",""Champagne Gold"",""Sunrise Voilet""]",Weight Unknown,[38000.0],daraz.pk/daraz__zte-nubia-v60-8gb-256gb-50mp-2mp-8mp-5000mah-i948382180.html.json,dbc6c9c52cdb484b311c14b8663d578ee71dbc97d2027087ef926e070b911799,0.66667
deb70035baec9a321d9bb2f3b2218fcd74ce87fea9b4463924a94ae1a4076212,2026-08-15T09:13:22+00:00,ZTE Nubia V60 Design 8GB RAM 256GB ROM || 50+ 2 MP + AI-CAM Back Camera || 5000 mAh Battery || 6.6 Inches Display,https://www.daraz.pk/products/zte-nubia-v60-8gb-ram-256gb-rom-50-2-ai-cam-5000-66-i673893802.html,,false,[],Weight Unknown,[45000.0],daraz.pk/daraz__zte-nubia-v60-8gb-ram-256gb-rom-50-2-ai-cam-5000-66-i673893802.html.json,ddc1ed8bf8c97343148a661191632cc6f9e0be3283863356ec8c89d37cf09b98,0.62500
2cf446676cdea8d48011e0094e37cc7eeedfd1ea6038c18cc675ee5d66c3be1d,2026-08-15T10:47:09+00:00,ZTE Nubia V60 Design - 8GB RAM 256GB ROM - 50MP+2MP Rear Camera - 8MP Front Camera - Unisoc T606 - Dual SIM - 5000mAh Battery,https://www.daraz.pk/products/zte-nubia-v60-8gb-ram-256gb-rom-50mp2mp-8mp-unisoc-t606-5000mah-i948361201.html,,false,[],Weight Unknown,[38000.0],daraz.pk/daraz__zte-nubia-v60-8gb-ram-256gb-rom-50mp2mp-8mp-unisoc-t606-5000mah-i948361201.html.json,8029954981d3772f5a19d3325372002adee19339c32b7c077e40ec8c80fa89d3,0.62500
89c0f0390782ab06b870f26d7d1346e8a302212dd79576b9ef5fba982da36fbc,2026-08-15T10:08:46+00:00,ZTE Nubia V60 Design - IPS LCD - 8GB RAM 256GB ROM - 50MP+2MP Rear Camera - 8MP Front Camera - Dual SIM - 5000mAh Battery,https://www.daraz.pk/products/zte-nubia-v60-ips-lcd-8gb-256gb-50mp-2mp-8mp-5000mah-i948400118.html,,false,[],Weight Unknown,[38000.0],daraz.pk/daraz__zte-nubia-v60-ips-lcd-8gb-256gb-50mp-2mp-8mp-5000mah-i948400118.html.json,00c3fa1416f30aacc0dd926a9b93d58b7c76715fb95d0e9ebaebefd59ad5b877,0.50000
b6b091054fb1f35b6447306b784b16330e29e0f1fa9436538f6df5bb81da2c24,2026-08-15T11:10:24+00:00,ZTE Nubia V80 Max - 6.9 Inches Display - 8GB RAM 256GB ROM - 16MP Front Camera - 50MP Rear Camera - Dual SIM - 6000mAh Battery,https://www.daraz.pk/products/zte-nubia-v80-69-8gb-256gb-16mp-50mp-6000mah-i1967324369.html,,false,[],Weight Unknown,[45000.0],daraz.pk/daraz__zte-nubia-v80-69-8gb-256gb-16mp-50mp-6000mah-i1967324369.html.json,20ac02b87b2b32fa83b00368396cfba1aae07e14c30d769512bf16d490d064c2,0.37500
03dac3df41974e90ce41af5ef8b1fc4d7672f873a6a9cc734ce413ea58adc6c0,2026-08-15T10:47:49+00:00,ZTE Nubia V80 Max - 6.9 Inches Display - 8GB RAM 256GB ROM - 16MP Front Camera - 50MP Rear Camera - USB Type-C - Octa--Core Processor - Dual SIM - 6000mAh Battery,https://www.daraz.pk/products/zte-nubia-v80-69-8gb-256gb-16mp-50mp-usb-c-6000mah-i1967298868.html,,true,[],Weight Unknown,[44000.0],daraz.pk/daraz__zte-nubia-v80-69-8gb-256gb-16mp-50mp-usb-c-6000mah-i1967298868.html.json,0546da8322d0154d23615b7130fb21be6b1affb7e5ea03d862fe0d795efb32d9,0.58333
84e2341310d4d59316a5fe15dd75a692ac73b63702d925f9c4d488255e0642ad,2026-08-15T10:50:37+00:00,ZTE Nubia V80 Max 8GB RAM 256GB ROM 6000 mAh Battery Health Front Camera 16 MP Back Camera 50 MP One Year Brand Warranty,https://www.daraz.pk/products/zte-nubia-v80-8gb-256gb-16-mp-50-mp-i1962054754.html,,false,[],Weight Unknown,[50000.0],daraz.pk/daraz__zte-nubia-v80-8gb-256gb-16-mp-50-mp-i1962054754.html.json,d20a76cf5a40628bbf9fa179223e26f367e0e7af11a015073473e128a1195c35,0.37500
0ba40b51bfe61cf47b80dd487477c7b72729060fe938146bae093918e747ba95,2026-08-15T10:14:22+00:00,ZTE Nubia V80 Pro 8GB RAM 256GB ROM 5000 mAh Battery Health Front Camera 16MP Back Camera 50MP One Year Brand Warranty,https://www.daraz.pk/products/zte-nubia-v80-8gb-256gb-16mp-50mp-i1961195256.html,,false,[],Weight Unknown,[50000.0],daraz.pk/daraz__zte-nubia-v80-8gb-256gb-16mp-50mp-i1961195256.html.json,31980b78eee581bec0e1db69f3250e96120ade52609579d4e559377d6df4b41b,0.37500
f0a99e4ff1406bb192415cd82cf538037cb1310848d61bc96d81344288be3efc,2026-08-15T14:40:28+00:00,ZTE NUBIA V80 PRO = 8GB RAM = 256GB ROM = 5000mAh BATTERY,https://www.daraz.pk/products/zte-nubia-v80-8gb-256gb-5000mah-i1952532172.html,,false,[],Weight Unknown,[49999.0],daraz.pk/daraz__zte-nubia-v80-8gb-256gb-5000mah-i1952532172.html.json,37a5681c740f4749af58581dacc157717014f41ce08319b1221359597616ca80,0.37500
077c6ce925542b6ea44a43bfce14293c81732abd7a4dd9ede9fae3e385e460f6,2026-08-15T15:07:36+00:00,ZTE NUBIA V80 PRO = 8GB RAM = 256GB ROM = 5000mAh BATTERY,https://www.daraz.pk/products/zte-nubia-v80-8gb-256gb-5000mah-i1953701724.html,,false,[],Weight Unknown,[49999.0],daraz.pk/daraz__zte-nubia-v80-8gb-256gb-5000mah-i1953701724.html.json,37a5681c740f4749af58581dacc157717014f41ce08319b1221359597616ca80,0.37500
be1d319cf47fc5998564f4613d9a295ee98aa9599c6fa911356a9ed2b7d174d3,2026-08-15T13:59:32+00:00,ZTE NUBIA V80 MAX = 8GB RAM = 256GB ROM = 6000mAh BATTERY,https://www.daraz.pk/products/zte-nubia-v80-8gb-256gb-6000mah-i1952217729.html,,false,[],Weight Unknown,[43999.0],daraz.pk/daraz__zte-nubia-v80-8gb-256gb-6000mah-i1952217729.html.json,7dfa421a9b58116915c4f94b987cd7d76212296a27b6600231a2ca9690e2913b,0.37500
cc44a52190e9b3b2ab0218816f10e35ad5a04ed4bb73144ea00a855c2fa02ff4,2026-08-15T14:16:54+00:00,ZTE NUBIA V80 MAX = 8GB RAM = 256GB ROM = 6000mAh BATTERY,https://www.daraz.pk/products/zte-nubia-v80-8gb-256gb-6000mah-i1953695876.html,,false,[],Weight Unknown,[43999.0],daraz.pk/daraz__zte-nubia-v80-8gb-256gb-6000mah-i1953695876.html.json,7dfa421a9b58116915c4f94b987cd7d76212296a27b6600231a2ca9690e2913b,0.37500
e385c9c31f4082dcee18b475f19bd9ff9d9fa96bc3c0bb9d03d71bfa6f16664d,2026-08-15T13:39:13+00:00,ZTE Nubia V80 Max - 6.9 Inches Display - 8GB RAM 256GB ROM - 16MP Front Camera - 50MP Rear Camera - USB Type-C - Dual SIM - 6000mAh Battery,https://www.daraz.pk/products/zte-nubia-v80-max-69-8gb-ram-256gb-rom-16mp-50mp-usb-type-c-6000mah-i1966865960.html,,false,"[""Stardust Purple"",""Stellar Silver"",""Aurellia Gold"",""Sky Cyan"",""Space Black""]",Weight Unknown,[44000.0],daraz.pk/daraz__zte-nubia-v80-max-69-8gb-ram-256gb-rom-16mp-50mp-usb-type-c-6000mah-i1966865960.html.json,4952bdf4ec5ff608dc9b47169a0464c6c53ba1a574e7b972ea3db9db0c4ed432,0.66667
ea12bfa95f3e8e2ba85296470786db896244ee16705fdeae1f744492b421c1f2,2026-08-15T12:40:11+00:00,ZTE BLADE V60 SMART = 4GB RAM = 128GB ROM = 5000mAh BATTERY,https://www.daraz.pk/products/zte-v60-4gb-128gb-5000mah-i617357543.html,,false,[],Weight Unknown,[22999.0],daraz.pk/daraz__zte-v60-4gb-128gb-5000mah-i617357543.html.json,3c80de66e6c5f2953fc1b3c15e6535f8fe0175375ea1b5aef37ac7fdbb50ea8d,0.62500
ef2dbec968849a898798e4ac20e768adfcd4622c5a16bca73eb730c57af6410d,2026-08-15T10:34:49+00:00,ZTE V80 Pro - 6.75 Inches Display - 8GB RAM 256GB ROM - 16MP Front Camera - 50MP Rear Camera - Dual SIM - 5000mAh Battery,https://www.daraz.pk/products/zte-v80-675-8gb-256gb-16mp-50mp-5000mah-i1966152228.html,,false,[],Weight Unknown,[49000.0],daraz.pk/daraz__zte-v80-675-8gb-256gb-16mp-50mp-5000mah-i1966152228.html.json,f12eb8ed2a3c9e9f447015daa5d27aa8491abcb5a10d66a3cdaaec237ef2846b,0.37500
cc74eb9f1eb1ec21b4165119553ca24771d31db22ae2342312a13961ad45619d,2026-08-15T14:21:19+00:00,ZTE V80 Pro - 6.75 Inches Display - 8GB RAM 256GB ROM - 16MP Front Camera - 50MP Rear Camera - USB Type-C - Dual SIM - 5000mAh Battery,https://www.daraz.pk/products/zte-v80-675-8gb-256gb-16mp-50mp-usb-c-5000mah-i1965685686.html,,false,"[""White""]",Weight Unknown,[48000.0],daraz.pk/daraz__zte-v80-675-8gb-256gb-16mp-50mp-usb-c-5000mah-i1965685686.html.json,7cbbab6297bf502d24af48761dd8e144d0da41777080d5869298199b01785bd2,0.66667
71e739cf0401a712ef0e46700eaa7d57663c73a8d6dc57efb9e09e06337ac101,2026-08-15T10:55:52+00:00,ZTE V80 Pro - 6.75 Inches Display - 8GB RAM 256GB ROM - 16MP Front Camera - 50MP Rear Camera - USB Type-C - Octa Core Processor - Dual SIM - 5000mAh Battery,https://www.daraz.pk/products/zte-v80-pro-675-8gb-ram-256gb-rom-16mp-50mp-usb-type-c-octa-core-5000mah-i1965689435.html,,true,[],Weight Unknown,[48000.0],daraz.pk/daraz__zte-v80-pro-675-8gb-ram-256gb-rom-16mp-50mp-usb-type-c-octa-core-5000mah-i1965689435.html.json,8ae71583c8d84ce9dffac10b3bec1ff517fb8c95ee481dabefb1eab8a338d439,0.62500
