record_key,source_schema,source_url,source_file,data_snapshot,file_sha256,payload_json
b8257e1d779e39a4744a524ffd7371a9d3ccacbe35063e96c25a5d778747338b,mega,https://www.mega.pk/mobiles_products/24355/APPLE-IPHONE-13-4GB-RAM-128GB-STORAGE-SINGLE-SIM-PTA--Approved.html,mega.pk/mega__APPLE-IPHONE-13-4GB-RAM-128GB-STORAGE-SINGLE-SIM-PTA--Approved.html.json,2026-08-15T07:28:17+00:00,7c518cf3f120d39274785d379f14d78f34ed63f5c4bf3ca992cf177f39c15082,"{""Battery"":{""Capacity"":null,""Charging"":[],""WirelessCharging"":0},""Body"":{""Build"":null,""Dimensions"":null,""Protection"":""Water & dust resistant"",""SIM"":""Yes"",""Weight"":null},""Colors"":[],""Display"":{""Protection"":null,""Resolution"":null,""Size"":null,""Type"":null},""Features"":{""BackFingerPrint"":0,""Bluetooth"":null,""InDisplayFingerPrint"":0,""Infrared port"":0,""NFC"":0,""Positioning"":null,""Radio"":0,""Sensors"":null,""SideFingerPrint"":0,""USB"":null,""WLAN"":null},""Launch"":{""Announced"":null,""Status"":null},""Main Camera"":{""Features"":null,""Specifications"":[],""Video"":[]},""Memory"":{""Card slot"":null,""Technology"":null,""Types"":[]},""MobileName"":""APPLE IPHONE 13 4GB RAM 128GB STORAGE SINGLE SIM PTA Approved"",""Network"":{""2G"":0,""3G"":0,""4G"":0,""5G"":0},""Platform"":{""CPU"":null,""Chipset"":null,""GPU"":null,""OS"":null},""Price"":[179999.0],""Selfie Camera"":{""Features"":null,""Specifications"":[],""Video"":[]},""Sound"":{""3.5mm jack"":0,""Loudspeaker"":""Yes""},""Weight"":null}"
fa211919f8c8bb12ff17ca754e76572d8d0215971b3bc6dbb7630dc84e6e45fa,mega,https://www.mega.pk/mobiles_products/23647/Apple-iPhone-14-128GB-Storage-PTA-Approved.html,mega.pk/mega__Apple-iPhone-14-128GB-Storage-PTA-Approved.html.json,2026-08-15T07:28:10+00:00,8bc7b9510fe7cce6bac1782b8742424b3c661b2fc6178d91f18f9c0938d01adc,"{""Battery"":{""Capacity"":null,""Charging"":[],""WirelessCharging"":1},""Body"":{""Build"":null,""Dimensions"":null,""Protection"":""Yes"",""SIM"":null,""Weight"":null},""Colors"":[],""Display"":{""Protection"":null,""Resolution"":null,""Size"":null,""Type"":null},""Features"":{""BackFingerPrint"":0,""Bluetooth"":null,""InDisplayFingerPrint"":0,""Infrared port"":0,""NFC"":0,""Positioning"":null,""Radio"":0,""Sensors"":null,""SideFingerPrint"":0,""USB"":null,""WLAN"":null},""Launch"":{""Announced"":null,""Status"":null},""Main Camera"":{""Features"":null,""Specifications"":[],""Video"":[]},""Memory"":{""Card slot"":null,""Technology"":null,""Types"":[]},""MobileName"":""Apple iPhone 14 128GB Storage PTA Approved"",""Network"":{""2G"":0,""3G"":0,""4G"":0,""5G"":0},""Platform"":{""CPU"":null,""Chipset"":null,""GPU"":null,""OS"":null},""Price"":[197999.0],""Selfie Camera"":{""Features"":null,""Specifications"":[],""Video"":[]},""Sound"":{""3.5mm jack"":0,""Loudspeaker"":""Yes""},""Weight"":null}"
8a164307225ea4649a2b2068dce51a91eefe462c1093ebc0de1a96226a4e7a44,mega,https://www.mega.pk/mobiles_products/25104/Apple-iPhone-15-128GB-Storage-Single-Plus-Esim-PTA-Approved.html,mega.pk/mega__Apple-iPhone-15-128GB-Storage-Single-Plus-Esim-PTA-Approved.html.json,2026-08-15T07:28:29+00:00,4b37f6a34a677ad42de07d586fde98a0674f8d0bf1ec8de98999d085435aecdf,"{""Battery"":{""Capacity"":null,""Charging"":[],""WirelessCharging"":0},""Body"":{""Build"":null,""Dimensions"":null,""Protection"":""Yes"",""SIM"":null,""Weight"":null},""Colors"":[],""Display"":{""Protection"":null,""Resolution"":null,""Size"":null,""Type"":null},""Features"":{""BackFingerPrint"":0,""Bluetooth"":null,""InDisplayFingerPrint"":0,""Infrared port"":0,""NFC"":0,""Positioning"":null,""Radio"":0,""Sensors"":null,""SideFingerPrint"":0,""USB"":null,""WLAN"":null},""Launch"":{""Announced"":null,""Status"":null},""Main Camera"":{""Features"":null,""Specifications"":[],""Video"":[]},""Memory"":{""Card slot"":null,""Technology"":null,""Types"":[]},""MobileName"":""Apple iPhone 15 128GB Storage Single Plus Esim PTA Approved"",""Network"":{""2G"":0,""3G"":0,""4G"":0,""5G"":0},""Platform"":{""CPU"":null,""Chipset"":null,""GPU"":null,""OS"":null},""Price"":[273999.0],""Selfie Camera"":{""Features"":null,""Specifications"":[],""Video"":[]},""Sound"":{""3.5mm jack"":0,""Loudspeaker"":""Yes""},""Weight"":null}"
dec46e10aebc7dc158b43ac756e59a292f3a6688f835a4676edf43cfb9ebbef4,mega,https://www.mega.pk/mobiles_products/24700/Apple-iPhone-15-Pro-Max-1TB-Storage-Esim-PTA-Approved.html,mega.pk/mega__Apple-iPhone-15-Pro-Max-1TB-Storage-Esim-PTA-Approved.html.json,2026-08-15T07:28:23+00:00,f62b8bd27dc998a32a6ed6614dea0a500cf5fcced0a05165865318b1cdb6acc9,"{""Battery"":{""Capacity"":null,""Charging"":[],""WirelessCharging"":0},""Body"":{""Build"":null,""Dimensions"":null,""Protection"":null,""SIM"":null,""Weight"":null},""Colors"":[""Natural Titanium"",""Blue Titanium"",""WhiteTitanium"",""Black Titanium""],""Display"":{""Protection"":null,""Resolution"":null,""Size"":null,""Type"":null},""Features"":{""BackFingerPrint"":0,""Bluetooth"":null,""InDisplayFingerPrint"":0,""Infrared port"":0,""NFC"":0,""Positioning"":null,""Radio"":0,""Sensors"":null,""SideFingerPrint"":0,""USB"":null,""WLAN"":null},""Launch"":{""Announced"":null,""Status"":null},""Main Camera"":{""Features"":null,""Specifications"":[],""Video"":[]},""Memory"":{""Card slot"":null,""Technology"":null,""Types"":[]},""MobileName"":""Apple iPhone 15 Pro Max 1TB Storage Esim PTA Approved"",""Network"":{""2G"":0,""3G"":0,""4G"":0,""5G"":0},""Platform"":{""CPU"":null,""Chipset"":null,""GPU"":null,""OS"":null},""Price"":[429999.0],""Selfie Camera"":{""Features"":null,""Specifications"":[],""Video"":[]},""Sound"":{""3.5mm jack"":0,""Loudspeaker"":""Yes""},""Weight"":null}"
927473779ced7b249b021b25c3bd381e2a57055f79bbcef88f74179377def225,mega,https://www.mega.pk/mobiles_products/25365/Apple-iPhone-16-128GB-Dual-Sim-NON-PTA.html,mega.pk/mega__Apple-iPhone-16-128GB-Dual-Sim-NON-PTA.html.json,2026-08-15T07:32:48+00:00,1857c726c880b2d460b6283b354ca6331256263ce9c48c9f3f8d5760eb66576c,"{""Battery"":{""Capacity"":null,""Charging"":[],""WirelessCharging"":0},""Body"":{""Build"":null,""Dimensions"":null,""Protection"":null,""SIM"":null,""Weight"":null},""Colors"":[""Black"",""Pink"",""Teal"",""Ultramarine""],""Display"":{""Protection"":null,""Resolution"":null,""Size"":null,""Type"":null},""Features"":{""BackFingerPrint"":0,""Bluetooth"":null,""InDisplayFingerPrint"":0,""Infrared port"":0,""NFC"":0,""Positioning"":null,""Radio"":0,""Sensors"":null,""SideFingerPrint"":0,""USB"":null,""WLAN"":null},""Launch"":{""Announced"":null,""Status"":null},""Main Camera"":{""Features"":null,""Specifications"":[],""Video"":[]},""Memory"":{""Card slot"":null,""Technology"":null,""Types"":[]},""MobileName"":""Apple iPhone 16 128GB Dual Sim NON PTA"",""Network"":{""2G"":0,""3G"":0,""4G"":0,""5G"":0},""Platform"":{""CPU"":null,""Chipset"":null,""GPU"":null,""OS"":null},""Price"":[229999.0],""Selfie Camera"":{""Features"":null,""Specifications"":[],""Video"":[]},""Sound"":{""3.5mm jack"":0,""Loudspeaker"":""Yes""},""Weight"":null}"
e777e9738ac13538ba5a110dc52e81978c60ffd779759207cc91598c65fca75b,mega,https://www.mega.pk/mobiles_products/25358/Apple-iPhone-16-128GB-Single-Sim-NON-PTA.html,mega.pk/mega__Apple-iPhone-16-128GB-Single-Sim-NON-PTA.html.json,2026-08-15T07:31:39+00:00,1eb1dc0217b09f0c21d7e4ece4411c34b074d33355a51624cdb0536449479ad2,"{""Battery"":{""Capacity"":null,""Charging"":[],""WirelessCharging"":1},""Body"":{""Build"":null,""Dimensions"":null,""Protection"":""Rated IP68 (maximum depth of 6 meters up to 30 minutes)"",""SIM"":""No"",""Weight"":null},""Colors"":[],""Display"":{""Protection"":null,""Resolution"":null,""Size"":null,""Type"":null},""Features"":{""BackFingerPrint"":0,""Bluetooth"":null,""InDisplayFingerPrint"":0,""Infrared port"":0,""NFC"":0,""Positioning"":null,""Radio"":0,""Sensors"":""Face ID, LiDAR Scanner, Barometer, High dynamic range gyro, High-g accelerometer, Proximity sensor, Dual ambient light sensors"",""SideFingerPrint"":0,""USB"":null,""WLAN"":null},""Launch"":{""Announced"":null,""Status"":null},""Main Camera"":{""Features"":null,""Specifications"":[],""Video"":[]},""Memory"":{""Card slot"":null,""Technology"":null,""Types"":[]},""MobileName"":""Apple iPhone 16 128GB Single Sim NON PTA"",""Network"":{""2G"":0,""3G"":0,""4G"":0,""5G"":0},""Platform"":{""CPU"":null,""Chipset"":null,""GPU"":null,""OS"":null},""Price"":[216999.0],""Selfie Camera"":{""Features"":null,""Specifications"":[],""Video"":[]},""Sound"":{""3.5mm jack"":0,""Loudspeaker"":""Yes""},""Weight"":null}"
79f84ecd28ec268c7684a05256b238c753db6c1c2debcd6a307bd84780c62ac4,mega,https://www.mega.pk/mobiles_products/25463/Apple-iPhone-16-128GB-Single-Sim-PTA-Approved.html,mega.pk/mega__Apple-iPhone-16-128GB-Single-Sim-PTA-Approved.html.json,2026-08-15T07:34:28+00:00,2343d7dd17665fd175b08ea6c595c09f8d2d57208be3aef97f1dd74936ef04bf,"{""Battery"":{""Capacity"":null,""Charging"":[],""WirelessCharging"":0},""Body"":{""Build"":null,""Dimensions"":null,""Protection"":null,""SIM"":null,""Weight"":null},""Colors"":[""Black"",""Pink"",""Teal"",""Ultramarine""],""Display"":{""Protection"":null,""Resolution"":null,""Size"":null,""Type"":null},""Features"":{""BackFingerPrint"":0,""Bluetooth"":null,""InDisplayFingerPrint"":0,""Infrared port"":0,""NFC"":0,""Positioning"":null,""Radio"":0,""Sensors"":null,""SideFingerPrint"":0,""USB"":null,""WLAN"":null},""Launch"":{""Announced"":null,""Status"":null},""Main Camera"":{""Features"":null,""Specifications"":[],""Video"":[]},""Memory"":{""Card slot"":null,""Technology"":null,""Types"":[]},""MobileName"":""Apple iPhone 16 128GB Single Sim PTA Approved"",""Network"":{""2G"":0,""3G"":0,""4G"":0,""5G"":0},""Platform"":{""CPU"":null,""Chipset"":null,""GPU"":null,""OS"":null},""Price"":[329999.0],""Selfie Camera"":{""Features"":null,""Specifications"":[],""Video"":[]},""Sound"":{""3.5mm jack"":0,""Loudspeaker"":""Yes""},""Weight"":null}"
769db7aa1dea5d4b036ad7988b4a8bf1ce51234ab22bc3c41f36b490219a2426,mega,https://www.mega.pk/mobiles_products/25357/Apple-iPhone-16-256GB-Single-Sim-NON-PTA.html,mega.pk/mega__Apple-iPhone-16-256GB-Single-Sim-NON-PTA.html.json,2026-08-15T07:31:27+00:00,81f184837fb3b778b65d588a7546701393698cfe52b1498029304c194474eb26,"{""Battery"":{""Capacity"":null,""Charging"":[],""WirelessCharging"":1},""Body"":{""Build"":null,""Dimensions"":null,""Protection"":""Rated IP68 (maximum depth of 6 meters up to 30 minutes)"",""SIM"":""No"",""Weight"":null},""Colors"":[],""Display"":{""Protection"":null,""Resolution"":null,""Size"":null,""Type"":null},""Features"":{""BackFingerPrint"":0,""Bluetooth"":null,""InDisplayFingerPrint"":0,""Infrared port"":0,""NFC"":0,""Positioning"":null,""Radio"":0,""Sensors"":""Face ID, LiDAR Scanner, Barometer, High dynamic range gyro, High-g accelerometer, Proximity sensor, Dual ambient light sensors"",""SideFingerPrint"":0,""USB"":null,""WLAN"":null},""Launch"":{""Announced"":null,""Status"":null},""Main Camera"":{""Features"":null,""Specifications"":[],""Video"":[]},""Memory"":{""Card slot"":null,""Technology"":null,""Types"":[]},""MobileName"":""Apple iPhone 16 256GB Single Sim NON PTA"",""Network"":{""2G"":0,""3G"":0,""4G"":0,""5G"":0},""Platform"":{""CPU"":null,""Chipset"":null,""GPU"":null,""OS"":null},""Price"":[249999.0],""Selfie Camera"":{""Features"":null,""Specifications"":[],""Video"":[]},""Sound"":{""3.5mm jack"":0,""Loudspeaker"":""Yes""},""Weight"":null}"
01becf7cfe8ce2dd59d9a922e5b3eee6463b3788a862c812b9aa22650f68424b,mega,https://www.mega.pk/mobiles_products/25462/Apple-iPhone-16-256GB-Single-Sim-PTA-Approved.html,mega.pk/mega__Apple-iPhone-16-256GB-Single-Sim-PTA-Approved.html.json,2026-08-15T07:34:19+00:00,039ae96bd7a8eca75e1e90c48fae2d979c2f4dc3e715f642f8f417298b3eb3d3,"{""Battery"":{""Capacity"":null,""Charging"":[],""WirelessCharging"":0},""Body"":{""Build"":null,""Dimensions"":null,""Protection"":null,""SIM"":null,""Weight"":null},""Colors"":[""Ultramarine""],""Display"":{""Protection"":null,""Resolution"":null,""Size"":null,""Type"":null},""Features"":{""BackFingerPrint"":0,""Bluetooth"":null,""InDisplayFingerPrint"":0,""Infrared port"":0,""NFC"":0,""Positioning"":null,""Radio"":0,""Sensors"":null,""SideFingerPrint"":0,""USB"":null,""WLAN"":null},""Launch"":{""Announced"":null,""Status"":null},""Main Camera"":{""Features"":null,""Specifications"":[],""Video"":[]},""Memory"":{""Card slot"":null,""Technology"":null,""Types"":[]},""MobileName"":""Apple iPhone 16 256GB Single Sim PTA Approved"",""Network"":{""2G"":0,""3G"":0,""4G"":0,""5G"":0},""Platform"":{""CPU"":null,""Chipset"":null,""GPU"":null,""OS"":null},""Price"":[364999.0],""Selfie Camera"":{""Features"":null,""Specifications"":[],""Video"":[]},""Sound"":{""3.5mm jack"":0,""Loudspeaker"":""Yes""},""Weight"":null}"
676ed8b35987e175918bb101d1e2ebcfc0684e10e9b043607d4f2949ee42c471,mega,https://www.mega.pk/mobiles_products/27073/Apple-iPhone-16-Plus-128GB-Non-PTA.html,mega.pk/mega__Apple-iPhone-16-Plus-128GB-Non-PTA.html.json,2026-08-15T07:52:00+00:00,297f64a2ccec5cd7c904ad89e3ef6c3fdb20177ac88acc95497f536e259d1cdd,"{""Battery"":{""Capacity"":null,""Charging"":[],""WirelessCharging"":1},""Body"":{""Build"":null,""Dimensions"":null,""Protection"":""Yes"",""SIM"":""No"",""Weight"":null},""Colors"":[],""Display"":{""Protection"":null,""Resolution"":null,""Size"":null,""Type"":null},""Features"":{""BackFingerPrint"":0,""Bluetooth"":null,""InDisplayFingerPrint"":0,""Infrared port"":0,""NFC"":0,""Positioning"":null,""Radio"":0,""Sensors"":null,""SideFingerPrint"":0,""USB"":null,""WLAN"":null},""Launch"":{""Announced"":null,""Status"":null},""Main Camera"":{""Features"":null,""Specifications"":[],""Video"":[]},""Memory"":{""Card slot"":null,""Technology"":null,""Types"":[]},""MobileName"":""Apple iPhone 16 Plus 128GB Non PTA"",""Network"":{""2G"":0,""3G"":0,""4G"":0,""5G"":0},""Platform"":{""CPU"":null,""Chipset"":null,""GPU"":null,""OS"":null},""Price"":[249999.0],""Selfie Camera"":{""Features"":null,""Specifications"":[],""Video"":[]},""Sound"":{""3.5mm jack"":0,""Loudspeaker"":""Yes""},""Weight"":null}"
5e17c0591b08028b6b9a8714d62ef4120c72a1b4b8110d8e30da9699e4dc6a95,mega,https://www.mega.pk/mobiles_products/25336/Apple-iPhone-16-Plus.html,mega.pk/mega__Apple-iPhone-16-Plus.html.json,2026-08-15T07:30:40+00:00,492ce0e3a49f61c81b34b40d5c0aefc08392ebe8dbc9919ea96f41f59ae33c1e,"{""Battery"":{""Capacity"":null,""Charging"":[],""WirelessCharging"":1},""Body"":{""Build"":null,""Dimensions"":null,""Protection"":""Yes"",""SIM"":""No"",""Weight"":null},""Colors"":[],""Display"":{""Protection"":null,""Resolution"":null,""Size"":null,""Type"":null},""Features"":{""BackFingerPrint"":0,""Bluetooth"":null,""InDisplayFingerPrint"":0,""Infrared port"":0,""NFC"":0,""Positioning"":null,""Radio"":0,""Sensors"":null,""SideFingerPrint"":0,""USB"":null,""WLAN"":null},""Launch"":{""Announced"":null,""Status"":null},""Main Camera"":{""Features"":null,""Specifications"":[],""Video"":[]},""Memory"":{""Card slot"":null,""Technology"":null,""Types"":[]},""MobileName"":""Apple iPhone 16 Plus"",""Network"":{""2G"":0,""3G"":0,""4G"":0,""5G"":0},""Platform"":{""CPU"":null,""Chipset"":null,""GPU"":null,""OS"":null},""Price"":[229999.0],""Selfie Camera"":{""Features"":null,""Specifications"":[],""Video"":[]},""Sound"":{""3.5mm jack"":0,""Loudspeaker"":""Yes""},""Weight"":null}"
5982cbd48ff3120c9c0795b6310815742212d9cd7d223274b6f33cb0174d0134,mega,https://www.mega.pk/mobiles_products/25362/Apple-iPhone-16-Pro-128GB-Dual-Sim-NON-PTA.html,mega.pk/mega__Apple-iPhone-16-Pro-128GB-Dual-Sim-NON-PTA.html.json,2026-08-15T07:32:11+00:00,a83a831b14a236eb048402b2be548906921c699008720113c319e361177941c5,"{""Battery"":{""Capacity"":null,""Charging"":[],""WirelessCharging"":0},""Body"":{""Build"":null,""Dimensions"":null,""Protection"":null,""SIM"":null,""Weight"":null},""Colors"":[""Black Titanium"",""White Titanium"",""Natural Titanium"",""Desert Titanium""],""Display"":{""Protection"":null,""Resolution"":null,""Size"":null,""Type"":null},""Features"":{""BackFingerPrint"":0,""Bluetooth"":null,""InDisplayFingerPrint"":0,""Infrared port"":0,""NFC"":0,""Positioning"":null,""Radio"":0,""Sensors"":null,""SideFingerPrint"":0,""USB"":null,""WLAN"":null},""Launch"":{""Announced"":null,""Status"":null},""Main Camera"":{""Features"":null,""Specifications"":[],""Video"":[]},""Memory"":{""Card slot"":null,""Technology"":null,""Types"":[]},""MobileName"":""Apple iPhone 16 Pro 128GB Dual Sim NON PTA"",""Network"":{""2G"":0,""3G"":0,""4G"":0,""5G"":0},""Platform"":{""CPU"":null,""Chipset"":null,""GPU"":null,""OS"":null},""Price"":[281999.0],""Selfie Camera"":{""Features"":null,""Specifications"":[],""Video"":[]},""Sound"":{""3.5mm jack"":0,""Loudspeaker"":""Yes""},""Weight"":null}"
54836308b1fa91800e980ebad25a0f15e3958ce374e0c9a0c403169b3efe2e9a,mega,https://www.mega.pk/mobiles_products/25343/Apple-iPhone-16-Pro-128GB-Single-Sim-NON-PTA.html,mega.pk/mega__Apple-iPhone-16-Pro-128GB-Single-Sim-NON-PTA.html.json,2026-08-15T07:31:06+00:00,aeacf76a21d028238aa824cd58e45114d14e2f7d252034ca249f50c03e4fa13a,"{""Battery"":{""Capacity"":null,""Charging"":[],""WirelessCharging"":1},""Body"":{""Build"":null,""Dimensions"":null,""Protection"":""Rated IP68 (maximum depth of 6 meters up to 30 minutes)"",""SIM"":""No"",""Weight"":null},""Colors"":[],""Display"":{""Protection"":null,""Resolution"":null,""Size"":null,""Type"":null},""Features"":{""BackFingerPrint"":0,""Bluetooth"":null,""InDisplayFingerPrint"":0,""Infrared port"":0,""NFC"":0,""Positioning"":null,""Radio"":0,""Sensors"":""Face ID, LiDAR Scanner, Barometer, High dynamic range gyro, High-g accelerometer, Proximity sensor, Dual ambient light sensors"",""SideFingerPrint"":0,""USB"":null,""WLAN"":null},""Launch"":{""Announced"":null,""Status"":null},""Main Camera"":{""Features"":null,""Specifications"":[],""Video"":[]},""Memory"":{""Card slot"":null,""Technology"":null,""Types"":[]},""MobileName"":""Apple iPhone 16 Pro 128GB Single Sim NON PTA"",""Network"":{""2G"":0,""3G"":0,""4G"":0,""5G"":0},""Platform"":{""CPU"":null,""Chipset"":null,""GPU"":null,""OS"":null},""Price"":[284999.0],""Selfie Camera"":{""Features"":null,""Specifications"":[],""Video"":[]},""Sound"":{""3.5mm jack"":0,""Loudspeaker"":""Yes""},""Weight"":null}"
d5813c62a96b7b045366311d4fad574634050b20f839c1bdd989fb51a0b51270,mega,https://www.mega.pk/mobiles_products/25458/Apple-iPhone-16-Pro-128GB-Single-Sim-PTA-Approved.html,mega.pk/mega__Apple-iPhone-16-Pro-128GB-Single-Sim-PTA-Approved.html.json,2026-08-15T07:33:32+00:00,e37c48d4ae0c444777eeea3f5095063434bcc91416baed9e8439c3afd296fbfa,"{""Battery"":{""Capacity"":null,""Charging"":[],""WirelessCharging"":0},""Body"":{""Build"":null,""Dimensions"":null,""Protection"":null,""SIM"":null,""Weight"":null},""Colors"":[""Black Titanium"",""White Titanium"",""Natural Titanium"",""Desert Titanium""],""Display"":{""Protection"":null,""Resolution"":null,""Size"":null,""Type"":null},""Features"":{""BackFingerPrint"":0,""Bluetooth"":null,""InDisplayFingerPrint"":0,""Infrared port"":0,""NFC"":0,""Positioning"":null,""Radio"":0,""Sensors"":null,""SideFingerPrint"":0,""USB"":null,""WLAN"":null},""Launch"":{""Announced"":null,""Status"":null},""Main Camera"":{""Features"":null,""Specifications"":[],""Video"":[]},""Memory"":{""Card slot"":null,""Technology"":null,""Types"":[]},""MobileName"":""Apple iPhone 16 Pro 128GB Single Sim PTA Approved"",""Network"":{""2G"":0,""3G"":0,""4G"":0,""5G"":0},""Platform"":{""CPU"":null,""Chipset"":null,""GPU"":null,""OS"":null},""Price"":[17.0],""Selfie Camera"":{""Features"":null,""Specifications"":[],""Video"":[]},""Sound"":{""3.5mm jack"":0,""Loudspeaker"":""Yes""},""Weight"":null}"
6813514bb921ff5a61aafd7d9cb97062d8a0034c77bfcd8814dd266143860131,mega,https://www.mega.pk/mobiles_products/25461/Apple-iPhone-16-Pro-1TB-Single-Sim-PTA-Approved.html,mega.pk/mega__Apple-iPhone-16-Pro-1TB-Single-Sim-PTA-Approved.html.json,2026-08-15T07:34:07+00:00,7a6b2b11fbe9c3e406a870bfa37d024ef4d5542dd5e2e22077c884ef09aa9d7c,"{""Battery"":{""Capacity"":null,""Charging"":[],""WirelessCharging"":0},""Body"":{""Build"":null,""Dimensions"":null,""Protection"":null,""SIM"":null,""Weight"":null},""Colors"":[""Black Titanium"",""White Titanium"",""Natural Titanium"",""Desert Titanium""],""Display"":{""Protection"":null,""Resolution"":null,""Size"":null,""Type"":null},""Features"":{""BackFingerPrint"":0,""Bluetooth"":null,""InDisplayFingerPrint"":0,""Infrared port"":0,""NFC"":0,""Positioning"":null,""Radio"":0,""Sensors"":null,""SideFingerPrint"":0,""USB"":null,""WLAN"":null},""Launch"":{""Announced"":null,""Status"":null},""Main Camera"":{""Features"":null,""Specifications"":[],""Video"":[]},""Memory"":{""Card slot"":null,""Technology"":null,""Types"":[]},""MobileName"":""Apple iPhone 16 Pro 1TB Single Sim PTA Approved"",""Network"":{""2G"":0,""3G"":0,""4G"":0,""5G"":0},""Platform"":{""CPU"":null,""Chipset"":null,""GPU"":null,""OS"":null},""Price"":[17.0],""Selfie Camera"":{""Features"":null,""Specifications"":[],""Video"":[]},""Sound"":{""3.5mm jack"":0,""Loudspeaker"":""Yes""},""Weight"":null}"
6123afdcf51fd03df4de9e1913569f18e4cbd4c8ebd8139e04d82eedc7214330,mega,https://www.mega.pk/mobiles_products/25363/Apple-iPhone-16-Pro-256GB-Dual-Sim-NON-PTA.html,mega.pk/mega__Apple-iPhone-16-Pro-256GB-Dual-Sim-NON-PTA.html.json,2026-08-15T07:32:23+00:00,daae83ba92f9d37a15520af23d55d5de785028556a41b2b4be199de9b37fbcab,"{""Battery"":{""Capacity"":null,""Charging"":[],""WirelessCharging"":0},""Body"":{""Build"":null,""Dimensions"":null,""Protection"":null,""SIM"":null,""Weight"":null},""Colors"":[""Black Titanium"",""White Titanium"",""Natural Titanium"",""Desert Titanium""],""Display"":{""Protection"":null,""Resolution"":null,""Size"":null,""Type"":null},""Features"":{""BackFingerPrint"":0,""Bluetooth"":null,""InDisplayFingerPrint"":0,""Infrared port"":0,""NFC"":0,""Positioning"":null,""Radio"":0,""Sensors"":null,""SideFingerPrint"":0,""USB"":null,""WLAN"":null},""Launch"":{""Announced"":null,""Status"":null},""Main Camera"":{""Features"":null,""Specifications"":[],""Video"":[]},""Memory"":{""Card slot"":null,""Technology"":null,""Types"":[]},""MobileName"":""Apple iPhone 16 Pro 256GB Dual Sim NON PTA"",""Network"":{""2G"":0,""3G"":0,""4G"":0,""5G"":0},""Platform"":{""CPU"":null,""Chipset"":null,""GPU"":null,""OS"":null},""Price"":[307999.0],""Selfie Camera"":{""Features"":null,""Specifications"":[],""Video"":[]},""Sound"":{""3.5mm jack"":0,""Loudspeaker"":""Yes""},""Weight"":null}"
419a5bf7d7107de1dc68680b345adb8059abcf10b4f584cd05164aeb984da6bc,mega,https://www.mega.pk/mobiles_products/25344/Apple-iPhone-16-Pro-256GB-Single-Sim-NON-PTA.html,mega.pk/mega__Apple-iPhone-16-Pro-256GB-Single-Sim-NON-PTA.html.json,2026-08-15T07:31:18+00:00,3e0933cc3e995a8a86d00416e4b2366e65946a8464e90dd64575f32f635f4ce3,"{""Battery"":{""Capacity"":null,""Charging"":[],""WirelessCharging"":1},""Body"":{""Build"":null,""Dimensions"":null,""Protection"":""Rated IP68 (maximum depth of 6 meters up to 30 minutes)"",""SIM"":""No"",""Weight"":null},""Colors"":[],""Display"":{""Protection"":null,""Resolution"":null,""Size"":null,""Type"":null},""Features"":{""BackFingerPrint"":0,""Bluetooth"":null,""InDisplayFingerPrint"":0,""Infrared port"":0,""NFC"":0,""Positioning"":null,""Radio"":0,""Sensors"":""Face ID, LiDAR Scanner, Barometer, High dynamic range gyro, High-g accelerometer, Proximity sensor, Dual ambient light sensors"",""SideFingerPrint"":0,""USB"":null,""WLAN"":null},""Launch"":{""Announced"":null,""Status"":null},""Main Camera"":{""Features"":null,""Specifications"":[],""Video"":[]},""Memory"":{""Card slot"":null,""Technology"":null,""Types"":[]},""MobileName"":""Apple iPhone 16 Pro 256GB Single Sim NON PTA"",""Network"":{""2G"":0,""3G"":0,""4G"":0,""5G"":0},""Platform"":{""CPU"":null,""Chipset"":null,""GPU"":null,""OS"":null},""Price"":[314999.0],""Selfie Camera"":{""Features"":null,""Specifications"":[],""Video"":[]},""Sound"":{""3.5mm jack"":0,""Loudspeaker"":""Yes""},""Weight"":null}"
314ae34566fea1f6b9a612e9138c1a284d544c0b62034d16e45e5ee8d5438666,mega,https://www.mega.pk/mobiles_products/25459/Apple-iPhone-16-Pro-256GB-Single-Sim-PTA-Approved.html,mega.pk/mega__Apple-iPhone-16-Pro-256GB-Single-Sim-PTA-Approved.html.json,2026-08-15T07:33:46+00:00,10dc504d0ab515f35d1ad5d8541f7930edbc1a5dc32cd8622505c3b9f8a07367,"{""Battery"":{""Capacity"":null,""Charging"":[],""WirelessCharging"":1},""Body"":{""Build"":null,""Dimensions"":null,""Protection"":""Rated IP68 (maximum depth of 6 meters up to 30 minutes)"",""SIM"":""No"",""Weight"":null},""Colors"":[],""Display"":{""Protection"":null,""Resolution"":null,""Size"":null,""Type"":null},""Features"":{""BackFingerPrint"":0,""Bluetooth"":null,""InDisplayFingerPrint"":0,""Infrared port"":0,""NFC"":0,""Positioning"":null,""Radio"":0,""Sensors"":""Face ID, LiDAR Scanner, Barometer, High dynamic range gyro, High-g accelerometer, Proximity sensor, Dual ambient light sensors"",""SideFingerPrint"":0,""USB"":null,""WLAN"":null},""Launch"":{""Announced"":null,""Status"":null},""Main Camera"":{""Features"":null,""Specifications"":[],""Video"":[]},""Memory"":{""Card slot"":null,""Technology"":null,""Types"":[]},""MobileName"":""Apple iPhone 16 Pro 256GB Single Sim PTA Approved"",""Network"":{""2G"":0,""3G"":0,""4G"":0,""5G"":0},""Platform"":{""CPU"":null,""Chipset"":null,""GPU"":null,""OS"":null},""Price"":[17.0],""Selfie Camera"":{""Features"":null,""Specifications"":[],""Video"":[]},""Sound"":{""3.5mm jack"":0,""Loudspeaker"":""Yes""},""Weight"":null}"
2a56dcc613e214765bddbea05e517c7953f749a93dd3033c296815768533149c,mega,https://www.mega.pk/mobiles_products/25364/Apple-iPhone-16-Pro-512GB-Dual-Sim-NON-PTA.html,mega.pk/mega__Apple-iPhone-16-Pro-512GB-Dual-Sim-NON-PTA.html.json,2026-08-15T07:32:34+00:00,f59cb640e62ab77aa97958ab9e605cf5a9f38b12f38ecc21e9afae921cad915f,"{""Battery"":{""Capacity"":null,""Charging"":[],""WirelessCharging"":0},""Body"":{""Build"":null,""Dimensions"":null,""Protection"":null,""SIM"":null,""Weight"":null},""Colors"":[""Black Titanium"",""White Titanium"",""Natural Titanium"",""Desert Titanium""],""Display"":{""Protection"":null,""Resolution"":null,""Size"":null,""Type"":null},""Features"":{""BackFingerPrint"":0,""Bluetooth"":null,""InDisplayFingerPrint"":0,""Infrared port"":0,""NFC"":0,""Positioning"":null,""Radio"":0,""Sensors"":null,""SideFingerPrint"":0,""USB"":null,""WLAN"":null},""Launch"":{""Announced"":null,""Status"":null},""Main Camera"":{""Features"":null,""Specifications"":[],""Video"":[]},""Memory"":{""Card slot"":null,""Technology"":null,""Types"":[]},""MobileName"":""Apple iPhone 16 Pro 512GB Dual Sim NON PTA"",""Network"":{""2G"":0,""3G"":0,""4G"":0,""5G"":0},""Platform"":{""CPU"":null,""Chipset"":null,""GPU"":null,""OS"":null},""Price"":[371999.0],""Selfie Camera"":{""Features"":null,""Specifications"":[],""Video"":[]},""Sound"":{""3.5mm jack"":0,""Loudspeaker"":""Yes""},""Weight"":null}"
79f8b4beead19708c3f061e43ca984f79aac84f1fd328a0e3a331941b4c7ebb9,mega,https://www.mega.pk/mobiles_products/25460/Apple-iPhone-16-Pro-512GB-Single-Sim-PTA-Approved.html,mega.pk/mega__Apple-iPhone-16-Pro-512GB-Single-Sim-PTA-Approved.html.json,2026-08-15T07:33:57+00:00,7ec95e8dbf5fbd98ba43615683b54a09fe08d238e4ce6274a2d266251b7163a4,"{""Battery"":{""Capacity"":null,""Charging"":[],""WirelessCharging"":0},""Body"":{""Build"":null,""Dimensions"":null,""Protection"":null,""SIM"":null,""Weight"":null},""Colors"":[""Black Titanium"",""White Titanium"",""Natural Titanium"",""Desert Titanium""],""Display"":{""Protection"":null,""Resolution"":null,""Size"":null,""Type"":null},""Features"":{""BackFingerPrint"":0,""Bluetooth"":null,""InDisplayFingerPrint"":0,""Infrared port"":0,""NFC"":0,""Positioning"":null,""Radio"":0,""Sensors"":null,""SideFingerPrint"":0,""USB"":null,""WLAN"":null},""Launch"":{""Announced"":null,""Status"":null},""Main Camera"":{""Features"":null,""Specifications"":[],""Video"":[]},""Memory"":{""Card slot"":null,""Technology"":null,""Types"":[]},""MobileName"":""Apple iPhone 16 Pro 512GB Single Sim PTA Approved"",""Network"":{""2G"":0,""3G"":0,""4G"":0,""5G"":0},""Platform"":{""CPU"":null,""Chipset"":null,""GPU"":null,""OS"":null},""Price"":[17.0],""Selfie Camera"":{""Features"":null,""Specifications"":[],""Video"":[]},""Sound"":{""3.5mm jack"":0,""Loudspeaker"":""Yes""},""Weight"":null}"
2a83cec5c59c3d9ccc1cbefa488a7ed12500196357e988a2e8acf43df450d37a,mega,https://www.mega.pk/mobiles_products/25455/Apple-iPhone-16-Pro-Max-1TB-Single-Sim-PTA-Approved.html,mega.pk/mega__Apple-iPhone-16-Pro-Max-1TB-Single-Sim-PTA-Approved.html.json,2026-08-15T07:33:00+00:00,105a48336ea516403ce8d58e1522f02a427d103d37722c28b45b43a483eeef83,"{""Battery"":{""Capacity"":null,""Charging"":[],""WirelessCharging"":0},""Body"":{""Build"":null,""Dimensions"":null,""Protection"":null,""SIM"":null,""Weight"":null},""Colors"":[""Black Titanium"",""White Titanium"",""Natural Titanium"",""Desert Titanium""],""Display"":{""Protection"":null,""Resolution"":null,""Size"":null,""Type"":null},""Features"":{""BackFingerPrint"":0,""Bluetooth"":null,""InDisplayFingerPrint"":0,""Infrared port"":0,""NFC"":0,""Positioning"":null,""Radio"":0,""Sensors"":null,""SideFingerPrint"":0,""USB"":null,""WLAN"":null},""Launch"":{""Announced"":null,""Status"":null},""Main Camera"":{""Features"":null,""Specifications"":[],""Video"":[]},""Memory"":{""Card slot"":null,""Technology"":null,""Types"":[]},""MobileName"":""Apple iPhone 16 Pro Max 1TB Single Sim PTA Approved"",""Network"":{""2G"":0,""3G"":0,""4G"":0,""5G"":0},""Platform"":{""CPU"":null,""Chipset"":null,""GPU"":null,""OS"":null},""Price"":[17.0],""Selfie Camera"":{""Features"":null,""Specifications"":[],""Video"":[]},""Sound"":{""3.5mm jack"":0,""Loudspeaker"":""Yes""},""Weight"":null}"
e12aa6ea301ef236b95bd0f9bef14997ca467469810cb15869622be900123804,mega,https://www.mega.pk/mobiles_products/25360/Apple-iPhone-16-Pro-Max-256GB-Dual-Sim-NON-PTA.html,mega.pk/mega__Apple-iPhone-16-Pro-Max-256GB-Dual-Sim-NON-PTA.html.json,2026-08-15T07:31:51+00:00,5067fcac71def74b0cd2aba715b5f1464a93b2915dcad24117c9f4843a8ed52a,"{""Battery"":{""Capacity"":null,""Charging"":[],""WirelessCharging"":0},""Body"":{""Build"":null,""Dimensions"":null,""Protection"":null,""SIM"":null,""Weight"":null},""Colors"":[""Black Titanium"",""White Titanium"",""Natural Titanium"",""Desert Titanium""],""Display"":{""Protection"":null,""Resolution"":null,""Size"":null,""Type"":null},""Features"":{""BackFingerPrint"":0,""Bluetooth"":null,""InDisplayFingerPrint"":0,""Infrared port"":0,""NFC"":0,""Positioning"":null,""Radio"":0,""Sensors"":null,""SideFingerPrint"":0,""USB"":null,""WLAN"":null},""Launch"":{""Announced"":null,""Status"":null},""Main Camera"":{""Features"":null,""Specifications"":[],""Video"":[]},""Memory"":{""Card slot"":null,""Technology"":null,""Types"":[]},""MobileName"":""Apple iPhone 16 Pro Max 256GB Dual Sim NON PTA"",""Network"":{""2G"":0,""3G"":0,""4G"":0,""5G"":0},""Platform"":{""CPU"":null,""Chipset"":null,""GPU"":null,""OS"":null},""Price"":[341999.0],""Selfie Camera"":{""Features"":null,""Specifications"":[],""Video"":[]},""Sound"":{""3.5mm jack"":0,""Loudspeaker"":""Yes""},""Weight"":null}"
923f87a55b749932ac1ab49325ae881bf1f751174f9d46ff95ce563a13c8d165,mega,https://www.mega.pk/mobiles_products/25340/Apple-iPhone-16-Pro-Max-256GB-Single-Sim-NON-PTA.html,mega.pk/mega__Apple-iPhone-16-Pro-Max-256GB-Single-Sim-NON-PTA.html.json,2026-08-15T07:30:50+00:00,62a2d5d4c8f677177e94ad2630ef3a9c24c97dc8bbcbc1fefcb2a32a75389f94,"{""Battery"":{""Capacity"":null,""Charging"":[],""WirelessCharging"":1},""Body"":{""Build"":null,""Dimensions"":null,""Protection"":""Rated IP68 (maximum depth of 6 meters up to 30 minutes)"",""SIM"":""No"",""Weight"":null},""Colors"":[],""Display"":{""Protection"":null,""Resolution"":null,""Size"":null,""Type"":null},""Features"":{""BackFingerPrint"":0,""Bluetooth"":null,""InDisplayFingerPrint"":0,""Infrared port"":0,""NFC"":0,""Positioning"":null,""Radio"":0,""Sensors"":""Face ID, LiDAR Scanner, Barometer, High dynamic range gyro, High-g accelerometer, Proximity sensor, Dual ambient light sensors"",""SideFingerPrint"":0,""USB"":null,""WLAN"":null},""Launch"":{""Announced"":null,""Status"":null},""Main Camera"":{""Features"":null,""Specifications"":[],""Video"":[]},""Memory"":{""Card slot"":null,""Technology"":null,""Types"":[]},""MobileName"":""Apple iPhone 16 Pro Max 256GB Single Sim NON PTA"",""Network"":{""2G"":0,""3G"":0,""4G"":0,""5G"":0},""Platform"":{""CPU"":null,""Chipset"":null,""GPU"":null,""OS"":null},""Price"":[314999.0],""Selfie Camera"":{""Features"":null,""Specifications"":[],""Video"":[]},""Sound"":{""3.5mm jack"":0,""Loudspeaker"":""Yes""},""Weight"":null}"
e4f8135e8bab20a3bf0da296f0d3f83b77cbddc4cebfe4a3c1f6f48bcc64aede,mega,https://www.mega.pk/mobiles_products/25457/Apple-iPhone-16-Pro-Max-256GB-Single-Sim-PTA-Approved.html,mega.pk/mega__Apple-iPhone-16-Pro-Max-256GB-Single-Sim-PTA-Approved.html.json,2026-08-15T07:33:22+00:00,34e804478c7d328c661e01cc6843fba2f17817ec15a4c42522020d3b497fb55c,"{""Battery"":{""Capacity"":null,""Charging"":[],""WirelessCharging"":0},""Body"":{""Build"":null,""Dimensions"":null,""Protection"":null,""SIM"":null,""Weight"":null},""Colors"":[""Black Titanium"",""White Titanium"",""Natural Titanium"",""Desert Titanium""],""Display"":{""Protection"":null,""Resolution"":null,""Size"":null,""Type"":null},""Features"":{""BackFingerPrint"":0,""Bluetooth"":null,""InDisplayFingerPrint"":0,""Infrared port"":0,""NFC"":0,""Positioning"":null,""Radio"":0,""Sensors"":null,""SideFingerPrint"":0,""USB"":null,""WLAN"":null},""Launch"":{""Announced"":null,""Status"":null},""Main Camera"":{""Features"":null,""Specifications"":[],""Video"":[]},""Memory"":{""Card slot"":null,""Technology"":null,""Types"":[]},""MobileName"":""Apple iPhone 16 Pro Max 256GB Single Sim PTA Approved"",""Network"":{""2G"":0,""3G"":0,""4G"":0,""5G"":0},""Platform"":{""CPU"":null,""Chipset"":null,""GPU"":null,""OS"":null},""Price"":[459999.0],""Selfie Camera"":{""Features"":null,""Specifications"":[],""Video"":[]},""Sound"":{""3.5mm jack"":0,""Loudspeaker"":""Yes""},""Weight"":null}"
75b7e2d5c03f16d9176e23397ca365ba6aa3b68924d6b2d0659ea0e041e9cf03,mega,https://www.mega.pk/mobiles_products/25361/Apple-iPhone-16-Pro-Max-512GB-Dual-Sim-NON-PTA.html,mega.pk/mega__Apple-iPhone-16-Pro-Max-512GB-Dual-Sim-NON-PTA.html.json,2026-08-15T07:32:01+00:00,534d9266397c96c2503e8fb4d92ee61b7b598dbe3472d66bcd893541d695d8c1,"{""Battery"":{""Capacity"":null,""Charging"":[],""WirelessCharging"":0},""Body"":{""Build"":null,""Dimensions"":null,""Protection"":null,""SIM"":null,""Weight"":null},""Colors"":[""Black Titanium"",""White Titanium"",""Natural Titanium"",""Desert Titanium""],""Display"":{""Protection"":null,""Resolution"":null,""Size"":null,""Type"":null},""Features"":{""BackFingerPrint"":0,""Bluetooth"":null,""InDisplayFingerPrint"":0,""Infrared port"":0,""NFC"":0,""Positioning"":null,""Radio"":0,""Sensors"":null,""SideFingerPrint"":0,""USB"":null,""WLAN"":null},""Launch"":{""Announced"":null,""Status"":null},""Main Camera"":{""Features"":null,""Specifications"":[],""Video"":[]},""Memory"":{""Card slot"":null,""Technology"":null,""Types"":[]},""MobileName"":""Apple iPhone 16 Pro Max 512GB Dual Sim NON PTA"",""Network"":{""2G"":0,""3G"":0,""4G"":0,""5G"":0},""Platform"":{""CPU"":null,""Chipset"":null,""GPU"":null,""OS"":null},""Price"":[371999.0],""Selfie Camera"":{""Features"":null,""Specifications"":[],""Video"":[]},""Sound"":{""3.5mm jack"":0,""Loudspeaker"":""Yes""},""Weight"":null}"
891679308f3d4c2ce71ed8022b8af609d2f623cf423dbe57a48b2f167295b05c,mega,https://www.mega.pk/mobiles_products/25341/Apple-iPhone-16-Pro-Max-512GB-Single-Sim-NON-PTA.html,mega.pk/mega__Apple-iPhone-16-Pro-Max-512GB-Single-Sim-NON-PTA.html.json,2026-08-15T07:30:58+00:00,ac526dd8d4505cd13676ed6f24c557ae5a6dadc4dac848f091200f2e6dbe9377,"{""Battery"":{""Capacity"":null,""Charging"":[],""WirelessCharging"":1},""Body"":{""Build"":null,""Dimensions"":null,""Protection"":""Rated IP68 (maximum depth of 6 meters up to 30 minutes)"",""SIM"":""No"",""Weight"":null},""Colors"":[],""Display"":{""Protection"":null,""Resolution"":null,""Size"":null,""Type"":null},""Features"":{""BackFingerPrint"":0,""Bluetooth"":null,""InDisplayFingerPrint"":0,""Infrared port"":0,""NFC"":0,""Positioning"":null,""Radio"":0,""Sensors"":""Face ID, LiDAR Scanner, Barometer, High dynamic range gyro, High-g accelerometer, Proximity sensor, Dual ambient light sensors"",""SideFingerPrint"":0,""USB"":null,""WLAN"":null},""Launch"":{""Announced"":null,""Status"":null},""Main Camera"":{""Features"":null,""Specifications"":[],""Video"":[]},""Memory"":{""Card slot"":null,""Technology"":null,""Types"":[]},""MobileName"":""Apple iPhone 16 Pro Max 512GB Single Sim NON PTA"",""Network"":{""2G"":0,""3G"":0,""4G"":0,""5G"":0},""Platform"":{""CPU"":null,""Chipset"":null,""GPU"":null,""OS"":null},""Price"":[349999.0],""Selfie Camera"":{""Features"":null,""Specifications"":[],""Video"":[]},""Sound"":{""3.5mm jack"":0,""Loudspeaker"":""Yes""},""Weight"":null}"
3909d4c4328e97ef90b6c08cf22feffb88a81e41730033528a8be4e24cf6e9bb,mega,https://www.mega.pk/mobiles_products/25456/Apple-iPhone-16-Pro-Max-512GB-Single-Sim-PTA-Approved.html,mega.pk/mega__Apple-iPhone-16-Pro-Max-512GB-Single-Sim-PTA-Approved.html.json,2026-08-15T07:33:10+00:00,33c22643863ab716422f973b0fd327f5a885d8680e6c6747d9923f8f2178b33c,"{""Battery"":{""Capacity"":null,""Charging"":[],""WirelessCharging"":0},""Body"":{""Build"":null,""Dimensions"":null,""Protection"":null,""SIM"":null,""Weight"":null},""Colors"":[""Black Titanium"",""White Titanium"",""Natural Titanium"",""Desert Titanium""],""Display"":{""Protection"":null,""Resolution"":null,""Size"":null,""Type"":null},""Features"":{""BackFingerPrint"":0,""Bluetooth"":null,""InDisplayFingerPrint"":0,""Infrared port"":0,""NFC"":0,""Positioning"":null,""Radio"":0,""Sensors"":null,""SideFingerPrint"":0,""USB"":null,""WLAN"":null},""Launch"":{""Announced"":null,""Status"":null},""Main Camera"":{""Features"":null,""Specifications"":[],""Video"":[]},""Memory"":{""Card slot"":null,""Technology"":null,""Types"":[]},""MobileName"":""Apple iPhone 16 Pro Max 512GB Single Sim PTA Approved"",""Network"":{""2G"":0,""3G"":0,""4G"":0,""5G"":0},""Platform"":{""CPU"":null,""Chipset"":null,""GPU"":null,""OS"":null},""Price"":[507999.0],""Selfie Camera"":{""Features"":null,""Specifications"":[],""Video"":[]},""Sound"":{""3.5mm jack"":0,""Loudspeaker"":""Yes""},""Weight"":null}"
0aeba06ffb7c80354b48afe6dfb70304a035124ea63a94ad0464a03ed1d3cc68,mega,https://www.mega.pk/mobiles_products/25334/Apple-iPhone-16-Pro-Max.html,mega.pk/mega__Apple-iPhone-16-Pro-Max.html.json,2026-08-15T07:30:17+00:00,fef8c9fa0eb109c375ec5983d135af0f7fbae54bc190d3caba00ef4247b4a615,"{""Battery"":{""Capacity"":null,""Charging"":[],""WirelessCharging"":1},""Body"":{""Build"":null,""Dimensions"":null,""Protection"":""Rated IP68 (maximum depth of 6 meters up to 30 minutes)"",""SIM"":""No"",""Weight"":null},""Colors"":[],""Display"":{""Protection"":null,""Resolution"":null,""Size"":null,""Type"":null},""Features"":{""BackFingerPrint"":0,""Bluetooth"":null,""InDisplayFingerPrint"":0,""Infrared port"":0,""NFC"":0,""Positioning"":null,""Radio"":0,""Sensors"":""Face ID, LiDAR Scanner, Barometer, High dynamic range gyro, High-g accelerometer, Proximity sensor, Dual ambient light sensors"",""SideFingerPrint"":0,""USB"":null,""WLAN"":null},""Launch"":{""Announced"":null,""Status"":null},""Main Camera"":{""Features"":null,""Specifications"":[],""Video"":[]},""Memory"":{""Card slot"":null,""Technology"":null,""Types"":[]},""MobileName"":""Apple iPhone 16 Pro Max"",""Network"":{""2G"":0,""3G"":0,""4G"":0,""5G"":0},""Platform"":{""CPU"":null,""Chipset"":null,""GPU"":null,""OS"":null},""Price"":[314999.0],""Selfie Camera"":{""Features"":null,""Specifications"":[],""Video"":[]},""Sound"":{""3.5mm jack"":0,""Loudspeaker"":""Yes""},""Weight"":null}"
a4fd919cd622dcecaf5d0a1a95b56789d20a8017e434e6b77bfdd9a0e6fc0092,mega,https://www.mega.pk/mobiles_products/25335/Apple-iPhone-16.html,mega.pk/mega__Apple-iPhone-16.html.json,2026-08-15T07:30:29+00:00,a33c8e3b2b79a431eb8a83af68bdaee384b1bee1f1f9c2f2fb99dfac6a424e3e,"{""Battery"":{""Capacity"":null,""Charging"":[],""WirelessCharging"":1},""Body"":{""Build"":null,""Dimensions"":null,""Protection"":""Yes"",""SIM"":""No"",""Weight"":null},""Colors"":[],""Display"":{""Protection"":null,""Resolution"":null,""Size"":null,""Type"":null},""Features"":{""BackFingerPrint"":0,""Bluetooth"":null,""InDisplayFingerPrint"":0,""Infrared port"":0,""NFC"":0,""Positioning"":null,""Radio"":0,""Sensors"":null,""SideFingerPrint"":0,""USB"":null,""WLAN"":null},""Launch"":{""Announced"":null,""Status"":null},""Main Camera"":{""Features"":null,""Specifications"":[],""Video"":[]},""Memory"":{""Card slot"":null,""Technology"":null,""Types"":[]},""MobileName"":""Apple iPhone 16"",""Network"":{""2G"":0,""3G"":0,""4G"":0,""5G"":0},""Platform"":{""CPU"":null,""Chipset"":null,""GPU"":null,""OS"":null},""Price"":[211999.0],""Selfie Camera"":{""Features"":null,""Specifications"":[],""Video"":[]},""Sound"":{""3.5mm jack"":0,""Loudspeaker"":""Yes""},""Weight"":null}"
a83d57edc7857db436a2ab8a795295e28c89599e532a923a194e1b4c00a2a8c7,mega,https://www.mega.pk/mobiles_products/26557/Apple-iPhone-16e-128GB-Storage-Non-PTA.html,mega.pk/mega__Apple-iPhone-16e-128GB-Storage-Non-PTA.html.json,2026-08-15T07:35:35+00:00,2194ae60505038b3879f34aa00ee9b29e2756b07a5dc673f4f7f2b9091dd7ffd,"{""Battery"":{""Capacity"":null,""Charging"":[],""WirelessCharging"":0},""Body"":{""Build"":null,""Dimensions"":null,""Protection"":null,""SIM"":null,""Weight"":null},""Colors"":[""Black"",""White""],""Display"":{""Protection"":null,""Resolution"":null,""Size"":null,""Type"":null},""Features"":{""BackFingerPrint"":0,""Bluetooth"":null,""InDisplayFingerPrint"":0,""Infrared port"":0,""NFC"":0,""Positioning"":null,""Radio"":0,""Sensors"":null,""SideFingerPrint"":0,""USB"":null,""WLAN"":null},""Launch"":{""Announced"":null,""Status"":null},""Main Camera"":{""Features"":null,""Specifications"":[],""Video"":[]},""Memory"":{""Card slot"":null,""Technology"":null,""Types"":[""8GB""]},""MobileName"":""Apple iPhone 16e 128GB Storage Non PTA"",""Network"":{""2G"":0,""3G"":0,""4G"":0,""5G"":0},""Platform"":{""CPU"":null,""Chipset"":null,""GPU"":null,""OS"":null},""Price"":[157999.0],""Selfie Camera"":{""Features"":null,""Specifications"":[],""Video"":[]},""Sound"":{""3.5mm jack"":0,""Loudspeaker"":""Yes""},""Weight"":null}"
32549b07b29d3eef8f72956c832f06ba26475a7f62ca91203110336ebac50ee5,mega,https://www.mega.pk/mobiles_products/26844/Apple-iPhone-17-256GB-Storage-PTA-Approved.html,mega.pk/mega__Apple-iPhone-17-256GB-Storage-PTA-Approved.html.json,2026-08-15T07:44:18+00:00,375e666572f50106f8dca18d7b7ddce249dc4be6ba34057a8141376bae30f323,"{""Battery"":{""Capacity"":null,""Charging"":[],""WirelessCharging"":1},""Body"":{""Build"":null,""Dimensions"":null,""Protection"":""IP68 dust tight and water resistant (immersible up to 6m for 30 min)"",""SIM"":null,""Weight"":null},""Colors"":[],""Display"":{""Protection"":null,""Resolution"":null,""Size"":null,""Type"":null},""Features"":{""BackFingerPrint"":0,""Bluetooth"":null,""InDisplayFingerPrint"":0,""Infrared port"":0,""NFC"":0,""Positioning"":null,""Radio"":0,""Sensors"":""Face ID, accelerometer, gyro, proximity, compass, barometer"",""SideFingerPrint"":0,""USB"":null,""WLAN"":null},""Launch"":{""Announced"":null,""Status"":null},""Main Camera"":{""Features"":null,""Specifications"":[],""Video"":[]},""Memory"":{""Card slot"":null,""Technology"":null,""Types"":[]},""MobileName"":""Apple iPhone 17 256GB Storage PTA Approved"",""Network"":{""2G"":0,""3G"":0,""4G"":0,""5G"":0},""Platform"":{""CPU"":null,""Chipset"":null,""GPU"":null,""OS"":null},""Price"":[369999.0],""Selfie Camera"":{""Features"":null,""Specifications"":[],""Video"":[]},""Sound"":{""3.5mm jack"":0,""Loudspeaker"":""Yes""},""Weight"":null}"
eaa275b3e99ee52ad31d9ecc76c222d4c16c675bf3be1049e2d22f1e577dadfc,mega,https://www.mega.pk/mobiles_products/26828/Apple-iPhone-17-Pro-1TB-Storage-PTA-Approved.html,mega.pk/mega__Apple-iPhone-17-Pro-1TB-Storage-PTA-Approved.html.json,2026-08-15T07:43:32+00:00,71e71cf6df551c6e078a59c96c68021123ac40b77d6b8bdab7693e2f0bd158c3,"{""Battery"":{""Capacity"":null,""Charging"":[],""WirelessCharging"":1},""Body"":{""Build"":null,""Dimensions"":null,""Protection"":""IP68 dust tight and water resistant (immersible up to 6m for 30 min) Apple Pay (Visa, MasterCard, AMEX certified)"",""SIM"":null,""Weight"":null},""Colors"":[],""Display"":{""Protection"":null,""Resolution"":null,""Size"":null,""Type"":null},""Features"":{""BackFingerPrint"":0,""Bluetooth"":null,""InDisplayFingerPrint"":0,""Infrared port"":0,""NFC"":0,""Positioning"":null,""Radio"":0,""Sensors"":""Face ID, accelerometer, gyro, proximity, compass, barometer"",""SideFingerPrint"":0,""USB"":null,""WLAN"":null},""Launch"":{""Announced"":null,""Status"":null},""Main Camera"":{""Features"":null,""Specifications"":[],""Video"":[]},""Memory"":{""Card slot"":null,""Technology"":null,""Types"":[]},""MobileName"":""Apple iPhone 17 Pro 1TB Storage PTA Approved"",""Network"":{""2G"":0,""3G"":0,""4G"":0,""5G"":0},""Platform"":{""CPU"":null,""Chipset"":null,""GPU"":null,""OS"":null},""Price"":[653999.0],""Selfie Camera"":{""Features"":null,""Specifications"":[],""Video"":[]},""Sound"":{""3.5mm jack"":0,""Loudspeaker"":""Yes""},""Weight"":null}"
af46757f59484a183749de31713717ed0a1bd28cee91382fda3f4a153760a304,mega,https://www.mega.pk/mobiles_products/26810/Apple-iPhone-17-Pro-256GB-Storage-NON-PTA.html,mega.pk/mega__Apple-iPhone-17-Pro-256GB-Storage-NON-PTA.html.json,2026-08-15T07:41:33+00:00,c44147df18af6e50d258c0762f36cae574f461d6d2c30aebb05506060127af49,"{""Battery"":{""Capacity"":null,""Charging"":[],""WirelessCharging"":0},""Body"":{""Build"":null,""Dimensions"":null,""Protection"":null,""SIM"":null,""Weight"":null},""Colors"":[""Silver"",""Cosmic Orange"",""Deep Blue""],""Display"":{""Protection"":null,""Resolution"":null,""Size"":null,""Type"":null},""Features"":{""BackFingerPrint"":0,""Bluetooth"":null,""InDisplayFingerPrint"":0,""Infrared port"":0,""NFC"":0,""Positioning"":null,""Radio"":0,""Sensors"":null,""SideFingerPrint"":0,""USB"":null,""WLAN"":null},""Launch"":{""Announced"":null,""Status"":null},""Main Camera"":{""Features"":null,""Specifications"":[],""Video"":[]},""Memory"":{""Card slot"":null,""Technology"":null,""Types"":[""12GB""]},""MobileName"":""Apple iPhone 17 Pro 256GB Storage NON PTA"",""Network"":{""2G"":0,""3G"":0,""4G"":0,""5G"":0},""Platform"":{""CPU"":null,""Chipset"":null,""GPU"":null,""OS"":null},""Price"":[381999.0],""Selfie Camera"":{""Features"":null,""Specifications"":[],""Video"":[]},""Sound"":{""3.5mm jack"":0,""Loudspeaker"":""Yes""},""Weight"":null}"
66368a33597e48b95893ae0776cddc5be9deb3e514a3b458ef47eee08a02e1a1,mega,https://www.mega.pk/mobiles_products/26824/Apple-iPhone-17-Pro-256GB-Storage-PTA-Approved.html,mega.pk/mega__Apple-iPhone-17-Pro-256GB-Storage-PTA-Approved.html.json,2026-08-15T07:42:39+00:00,3563beacf630d85748644721f8ec01ce0bfd1d0ce3f659bb8e18991c51ecd447,"{""Battery"":{""Capacity"":null,""Charging"":[],""WirelessCharging"":1},""Body"":{""Build"":null,""Dimensions"":null,""Protection"":""IP68 dust tight and water resistant (immersible up to 6m for 30 min) Apple Pay (Visa, MasterCard, AMEX certified)"",""SIM"":null,""Weight"":null},""Colors"":[],""Display"":{""Protection"":null,""Resolution"":null,""Size"":null,""Type"":null},""Features"":{""BackFingerPrint"":0,""Bluetooth"":null,""InDisplayFingerPrint"":0,""Infrared port"":0,""NFC"":0,""Positioning"":null,""Radio"":0,""Sensors"":""Face ID, accelerometer, gyro, proximity, compass, barometer"",""SideFingerPrint"":0,""USB"":null,""WLAN"":null},""Launch"":{""Announced"":null,""Status"":null},""Main Camera"":{""Features"":null,""Specifications"":[],""Video"":[]},""Memory"":{""Card slot"":null,""Technology"":null,""Types"":[]},""MobileName"":""Apple iPhone 17 Pro 256GB Storage PTA Approved"",""Network"":{""2G"":0,""3G"":0,""4G"":0,""5G"":0},""Platform"":{""CPU"":null,""Chipset"":null,""GPU"":null,""OS"":null},""Price"":[484999.0],""Selfie Camera"":{""Features"":null,""Specifications"":[],""Video"":[]},""Sound"":{""3.5mm jack"":0,""Loudspeaker"":""Yes""},""Weight"":null}"
f116e8b31a1868bc2c7738f2ee107b3e7d1a836c987e20c2da7cbeb2f98c2d58,mega,https://www.mega.pk/mobiles_products/26811/Apple-iPhone-17-Pro-512GB-Storage-NON-PTA.html,mega.pk/mega__Apple-iPhone-17-Pro-512GB-Storage-NON-PTA.html.json,2026-08-15T07:41:45+00:00,adef0c8741ac06eaa879c67aafd43e093c0a7ec5d5d651d5fab0921972e49e0f,"{""Battery"":{""Capacity"":null,""Charging"":[],""WirelessCharging"":1},""Body"":{""Build"":null,""Dimensions"":null,""Protection"":""IP68 dust tight and water resistant (immersible up to 6m for 30 min) Apple Pay (Visa, MasterCard, AMEX certified)"",""SIM"":null,""Weight"":null},""Colors"":[],""Display"":{""Protection"":null,""Resolution"":null,""Size"":null,""Type"":null},""Features"":{""BackFingerPrint"":0,""Bluetooth"":null,""InDisplayFingerPrint"":0,""Infrared port"":0,""NFC"":0,""Positioning"":null,""Radio"":0,""Sensors"":""Face ID, accelerometer, gyro, proximity, compass, barometer"",""SideFingerPrint"":0,""USB"":null,""WLAN"":null},""Launch"":{""Announced"":null,""Status"":null},""Main Camera"":{""Features"":null,""Specifications"":[],""Video"":[]},""Memory"":{""Card slot"":null,""Technology"":null,""Types"":[]},""MobileName"":""Apple iPhone 17 Pro 512GB Storage NON PTA"",""Network"":{""2G"":0,""3G"":0,""4G"":0,""5G"":0},""Platform"":{""CPU"":null,""Chipset"":null,""GPU"":null,""OS"":null},""Price"":[439999.0],""Selfie Camera"":{""Features"":null,""Specifications"":[],""Video"":[]},""Sound"":{""3.5mm jack"":0,""Loudspeaker"":""Yes""},""Weight"":null}"
5c0505e6aeded5cefd17829daa8c1ee17550f244bce0a9757b7d548b35b31496,mega,https://www.mega.pk/mobiles_products/26823/Apple-iPhone-17-Pro-512GB-Storage-PTA-Approved.html,mega.pk/mega__Apple-iPhone-17-Pro-512GB-Storage-PTA-Approved.html.json,2026-08-15T07:42:30+00:00,6b2a7eeb82bbd68861fd8dd6aff99a23f9b42306922bef956c9da82a04c0d7c9,"{""Battery"":{""Capacity"":null,""Charging"":[],""WirelessCharging"":1},""Body"":{""Build"":null,""Dimensions"":null,""Protection"":""IP68 dust tight and water resistant (immersible up to 6m for 30 min) Apple Pay (Visa, MasterCard, AMEX certified)"",""SIM"":null,""Weight"":null},""Colors"":[],""Display"":{""Protection"":null,""Resolution"":null,""Size"":null,""Type"":null},""Features"":{""BackFingerPrint"":0,""Bluetooth"":null,""InDisplayFingerPrint"":0,""Infrared port"":0,""NFC"":0,""Positioning"":null,""Radio"":0,""Sensors"":""Face ID, accelerometer, gyro, proximity, compass, barometer"",""SideFingerPrint"":0,""USB"":null,""WLAN"":null},""Launch"":{""Announced"":null,""Status"":null},""Main Camera"":{""Features"":null,""Specifications"":[],""Video"":[]},""Memory"":{""Card slot"":null,""Technology"":null,""Types"":[]},""MobileName"":""Apple iPhone 17 Pro 512GB Storage PTA Approved"",""Network"":{""2G"":0,""3G"":0,""4G"":0,""5G"":0},""Platform"":{""CPU"":null,""Chipset"":null,""GPU"":null,""OS"":null},""Price"":[560999.0],""Selfie Camera"":{""Features"":null,""Specifications"":[],""Video"":[]},""Sound"":{""3.5mm jack"":0,""Loudspeaker"":""Yes""},""Weight"":null}"
37b43dbf031319b7bb21ded84866857c68eafc4990bcb59a5d54fb866c2387fb,mega,https://www.mega.pk/mobiles_products/26807/Apple-iPhone-17-Pro-Max-1TB-Storage-NON-PTA.html,mega.pk/mega__Apple-iPhone-17-Pro-Max-1TB-Storage-NON-PTA.html.json,2026-08-15T07:41:21+00:00,ac0ef5fd065bc59159f43c1f5722bf455bde09f11e0539a78a8c63b8268d2297,"{""Battery"":{""Capacity"":null,""Charging"":[],""WirelessCharging"":0},""Body"":{""Build"":null,""Dimensions"":null,""Protection"":null,""SIM"":null,""Weight"":null},""Colors"":[""Cosmic Orange"",""Deep Blue"",""Silver""],""Display"":{""Protection"":null,""Resolution"":null,""Size"":null,""Type"":null},""Features"":{""BackFingerPrint"":0,""Bluetooth"":null,""InDisplayFingerPrint"":0,""Infrared port"":0,""NFC"":0,""Positioning"":null,""Radio"":0,""Sensors"":null,""SideFingerPrint"":0,""USB"":null,""WLAN"":null},""Launch"":{""Announced"":null,""Status"":null},""Main Camera"":{""Features"":null,""Specifications"":[],""Video"":[]},""Memory"":{""Card slot"":null,""Technology"":null,""Types"":[""12GB""]},""MobileName"":""Apple iPhone 17 Pro Max 1TB Storage NON PTA"",""Network"":{""2G"":0,""3G"":0,""4G"":0,""5G"":0},""Platform"":{""CPU"":null,""Chipset"":null,""GPU"":null,""OS"":null},""Price"":[544999.0],""Selfie Camera"":{""Features"":null,""Specifications"":[],""Video"":[]},""Sound"":{""3.5mm jack"":0,""Loudspeaker"":""Yes""},""Weight"":null}"
1741651fe3caf2950d543bfc05031a3b36623a21efbc50df95d50745098302fe,mega,https://www.mega.pk/mobiles_products/26829/Apple-iPhone-17-Pro-Max-1TB-Storage-PTA--Approved.html,mega.pk/mega__Apple-iPhone-17-Pro-Max-1TB-Storage-PTA--Approved.html.json,2026-08-15T07:43:42+00:00,dfe918f87d0ed2c4e7efceeb373cda8dd7dec5fde91cb4c4f863cffeed8e5783,"{""Battery"":{""Capacity"":null,""Charging"":[],""WirelessCharging"":1},""Body"":{""Build"":null,""Dimensions"":null,""Protection"":""IP68 dust tight and water resistant (immersible up to 6m for 30 min) Apple Pay (Visa, MasterCard, AMEX certified)"",""SIM"":null,""Weight"":null},""Colors"":[],""Display"":{""Protection"":null,""Resolution"":null,""Size"":null,""Type"":null},""Features"":{""BackFingerPrint"":0,""Bluetooth"":null,""InDisplayFingerPrint"":0,""Infrared port"":0,""NFC"":0,""Positioning"":null,""Radio"":0,""Sensors"":""Face ID, accelerometer, gyro, proximity, compass, barometer"",""SideFingerPrint"":0,""USB"":null,""WLAN"":null},""Launch"":{""Announced"":null,""Status"":null},""Main Camera"":{""Features"":null,""Specifications"":[],""Video"":[]},""Memory"":{""Card slot"":null,""Technology"":null,""Types"":[]},""MobileName"":""Apple iPhone 17 Pro Max 1TB Storage PTA Approved"",""Network"":{""2G"":0,""3G"":0,""4G"":0,""5G"":0},""Platform"":{""CPU"":null,""Chipset"":null,""GPU"":null,""OS"":null},""Price"":[709999.0],""Selfie Camera"":{""Features"":null,""Specifications"":[],""Video"":[]},""Sound"":{""3.5mm jack"":0,""Loudspeaker"":""Yes""},""Weight"":null}"
271e8867ce5fb10471b2b18641b7cf6c99d3ee7bdbf2f88c55536ad2445e50ff,mega,https://www.mega.pk/mobiles_products/26804/Apple-iPhone-17-Pro-Max-256GB-Storage-NON-PTA.html,mega.pk/mega__Apple-iPhone-17-Pro-Max-256GB-Storage-NON-PTA.html.json,2026-08-15T07:40:59+00:00,89ed39afb23529921a0abd89a65c2cd8ad87c8ab0b8d72fa005d43d8e157430b,"{""Battery"":{""Capacity"":null,""Charging"":[],""WirelessCharging"":0},""Body"":{""Build"":null,""Dimensions"":null,""Protection"":null,""SIM"":null,""Weight"":null},""Colors"":[""Cosmic Orange"",""Deep Blue"",""Silver""],""Display"":{""Protection"":null,""Resolution"":null,""Size"":null,""Type"":null},""Features"":{""BackFingerPrint"":0,""Bluetooth"":null,""InDisplayFingerPrint"":0,""Infrared port"":0,""NFC"":0,""Positioning"":null,""Radio"":0,""Sensors"":null,""SideFingerPrint"":0,""USB"":null,""WLAN"":null},""Launch"":{""Announced"":null,""Status"":null},""Main Camera"":{""Features"":null,""Specifications"":[],""Video"":[]},""Memory"":{""Card slot"":null,""Technology"":null,""Types"":[""12GB""]},""MobileName"":""Apple iPhone 17 Pro Max 256GB Storage NON PTA"",""Network"":{""2G"":0,""3G"":0,""4G"":0,""5G"":0},""Platform"":{""CPU"":null,""Chipset"":null,""GPU"":null,""OS"":null},""Price"":[411999.0],""Selfie Camera"":{""Features"":null,""Specifications"":[],""Video"":[]},""Sound"":{""3.5mm jack"":0,""Loudspeaker"":""Yes""},""Weight"":null}"
312b6a2280ee2f68171afce786e847761069ecb1cd0e6bf3ab6d6590db9d0139,mega,https://www.mega.pk/mobiles_products/26830/Apple-iPhone-17-Pro-Max-256GB-Storage-PTA--Approved.html,mega.pk/mega__Apple-iPhone-17-Pro-Max-256GB-Storage-PTA--Approved.html.json,2026-08-15T07:43:54+00:00,d92db715eb24b4e19450562a861fd868c11f935868e5b8be2d6403f400865ed3,"{""Battery"":{""Capacity"":null,""Charging"":[],""WirelessCharging"":1},""Body"":{""Build"":null,""Dimensions"":null,""Protection"":""IP68 dust tight and water resistant (immersible up to 6m for 30 min) Apple Pay (Visa, MasterCard, AMEX certified)"",""SIM"":""Dual eSIM (PTA Approved)"",""Weight"":null},""Colors"":[],""Display"":{""Protection"":null,""Resolution"":null,""Size"":null,""Type"":null},""Features"":{""BackFingerPrint"":0,""Bluetooth"":null,""InDisplayFingerPrint"":0,""Infrared port"":0,""NFC"":0,""Positioning"":null,""Radio"":0,""Sensors"":""Face ID, accelerometer, gyro, proximity, compass, barometer"",""SideFingerPrint"":0,""USB"":null,""WLAN"":null},""Launch"":{""Announced"":null,""Status"":null},""Main Camera"":{""Features"":null,""Specifications"":[],""Video"":[]},""Memory"":{""Card slot"":null,""Technology"":null,""Types"":[]},""MobileName"":""Apple iPhone 17 Pro Max 256GB Storage PTA Approved"",""Network"":{""2G"":0,""3G"":0,""4G"":0,""5G"":0},""Platform"":{""CPU"":null,""Chipset"":null,""GPU"":null,""OS"":null},""Price"":[494999.0],""Selfie Camera"":{""Features"":null,""Specifications"":[],""Video"":[]},""Sound"":{""3.5mm jack"":0,""Loudspeaker"":""Yes""},""Weight"":null}"
5fe5f9cc8a6f2ed8d371c91e90ee53fb8d57efbce3f2ff2386fbe3a56acf04a1,mega,https://www.mega.pk/mobiles_products/26805/Apple-iPhone-17-Pro-Max-512GB-Storage-NON-PTA.html,mega.pk/mega__Apple-iPhone-17-Pro-Max-512GB-Storage-NON-PTA.html.json,2026-08-15T07:41:10+00:00,b1623e7d8bd7644356f96ae66dcd8df26a214f3251a9cdc93b0cf816071077b2,"{""Battery"":{""Capacity"":null,""Charging"":[],""WirelessCharging"":1},""Body"":{""Build"":null,""Dimensions"":null,""Protection"":""IP68 dust tight and water resistant (immersible up to 6m for 30 min) Apple Pay (Visa, MasterCard, AMEX certified)"",""SIM"":null,""Weight"":null},""Colors"":[],""Display"":{""Protection"":null,""Resolution"":null,""Size"":null,""Type"":null},""Features"":{""BackFingerPrint"":0,""Bluetooth"":null,""InDisplayFingerPrint"":0,""Infrared port"":0,""NFC"":0,""Positioning"":null,""Radio"":0,""Sensors"":""Face ID, accelerometer, gyro, proximity, compass, barometer"",""SideFingerPrint"":0,""USB"":null,""WLAN"":null},""Launch"":{""Announced"":null,""Status"":null},""Main Camera"":{""Features"":null,""Specifications"":[],""Video"":[]},""Memory"":{""Card slot"":null,""Technology"":null,""Types"":[]},""MobileName"":""Apple iPhone 17 Pro Max 512GB Storage NON PTA"",""Network"":{""2G"":0,""3G"":0,""4G"":0,""5G"":0},""Platform"":{""CPU"":null,""Chipset"":null,""GPU"":null,""OS"":null},""Price"":[504999.0],""Selfie Camera"":{""Features"":null,""Specifications"":[],""Video"":[]},""Sound"":{""3.5mm jack"":0,""Loudspeaker"":""Yes""},""Weight"":null}"
899f58fd81b7506b817fb81836d4bd94acb57f51a777e315349541ed2ce14612,mega,https://www.mega.pk/mobiles_products/26961/Apple-iPhone-17-Pro-Max-512GB-Storage-PTA-Approved.html,mega.pk/mega__Apple-iPhone-17-Pro-Max-512GB-Storage-PTA-Approved.html.json,2026-08-15T07:46:45+00:00,4735064dd829666c241fa3d06d312a3092e80abf204ca61f0767924eaa1b1736,"{""Battery"":{""Capacity"":null,""Charging"":[],""WirelessCharging"":1},""Body"":{""Build"":null,""Dimensions"":null,""Protection"":""IP68 dust tight and water resistant (immersible up to 6m for 30 min) Apple Pay (Visa, MasterCard, AMEX certified)"",""SIM"":""Dual eSIM (PTA Approved)"",""Weight"":null},""Colors"":[],""Display"":{""Protection"":null,""Resolution"":null,""Size"":null,""Type"":null},""Features"":{""BackFingerPrint"":0,""Bluetooth"":null,""InDisplayFingerPrint"":0,""Infrared port"":0,""NFC"":0,""Positioning"":null,""Radio"":0,""Sensors"":""Face ID, accelerometer, gyro, proximity, compass, barometer"",""SideFingerPrint"":0,""USB"":null,""WLAN"":null},""Launch"":{""Announced"":null,""Status"":null},""Main Camera"":{""Features"":null,""Specifications"":[],""Video"":[]},""Memory"":{""Card slot"":null,""Technology"":null,""Types"":[]},""MobileName"":""Apple iPhone 17 Pro Max 512GB Storage PTA Approved"",""Network"":{""2G"":0,""3G"":0,""4G"":0,""5G"":0},""Platform"":{""CPU"":null,""Chipset"":null,""GPU"":null,""OS"":null},""Price"":[581999.0],""Selfie Camera"":{""Features"":null,""Specifications"":[],""Video"":[]},""Sound"":{""3.5mm jack"":0,""Loudspeaker"":""Yes""},""Weight"":null}"
c89d0b6c0829ddf00ee1fe5a105a9c20c0192e59909179d6a8df911539b004b8,mega,https://www.mega.pk/mobiles_products/26774/Apple-iPhone-17-Pro-Max.html,mega.pk/mega__Apple-iPhone-17-Pro-Max.html.json,2026-08-15T07:40:22+00:00,8ea63f97c4529d4b487874e95ac12bdbb9ea0fbf2a60299eeb2e846f9890a61b,"{""Battery"":{""Capacity"":null,""Charging"":[],""WirelessCharging"":1},""Body"":{""Build"":null,""Dimensions"":null,""Protection"":""IP68 dust tight and water resistant (immersible up to 6m for 30 min) Apple Pay (Visa, MasterCard, AMEX certified)"",""SIM"":null,""Weight"":null},""Colors"":[],""Display"":{""Protection"":null,""Resolution"":null,""Size"":null,""Type"":null},""Features"":{""BackFingerPrint"":0,""Bluetooth"":null,""InDisplayFingerPrint"":0,""Infrared port"":0,""NFC"":0,""Positioning"":null,""Radio"":0,""Sensors"":""Face ID, accelerometer, gyro, proximity, compass, barometer"",""SideFingerPrint"":0,""USB"":null,""WLAN"":null},""Launch"":{""Announced"":null,""Status"":null},""Main Camera"":{""Features"":null,""Specifications"":[],""Video"":[]},""Memory"":{""Card slot"":null,""Technology"":null,""Types"":[]},""MobileName"":""Apple iPhone 17 Pro Max"",""Network"":{""2G"":0,""3G"":0,""4G"":0,""5G"":0},""Platform"":{""CPU"":null,""Chipset"":null,""GPU"":null,""OS"":null},""Price"":[424999.0],""Selfie Camera"":{""Features"":null,""Specifications"":[],""Video"":[]},""Sound"":{""3.5mm jack"":0,""Loudspeaker"":""Yes""},""Weight"":null}"
77e8def230aa2ab6a01e74bac955bbaaf005b61920f5e290292994fdd696f441,mega,https://www.mega.pk/mobiles_products/26781/Apple-iPhone-17-Pro.html,mega.pk/mega__Apple-iPhone-17-Pro.html.json,2026-08-15T07:40:49+00:00,95ba17789376331a3f3167672448d6f4bd319f3080569ea7858aaa44a5010e51,"{""Battery"":{""Capacity"":null,""Charging"":[],""WirelessCharging"":1},""Body"":{""Build"":null,""Dimensions"":null,""Protection"":""IP68 dust tight and water resistant (immersible up to 6m for 30 min) Apple Pay (Visa, MasterCard, AMEX certified)"",""SIM"":null,""Weight"":null},""Colors"":[],""Display"":{""Protection"":null,""Resolution"":null,""Size"":null,""Type"":null},""Features"":{""BackFingerPrint"":0,""Bluetooth"":null,""InDisplayFingerPrint"":0,""Infrared port"":0,""NFC"":0,""Positioning"":null,""Radio"":0,""Sensors"":""Face ID, accelerometer, gyro, proximity, compass, barometer"",""SideFingerPrint"":0,""USB"":null,""WLAN"":null},""Launch"":{""Announced"":null,""Status"":null},""Main Camera"":{""Features"":null,""Specifications"":[],""Video"":[]},""Memory"":{""Card slot"":null,""Technology"":null,""Types"":[]},""MobileName"":""Apple iPhone 17 Pro"",""Network"":{""2G"":0,""3G"":0,""4G"":0,""5G"":0},""Platform"":{""CPU"":null,""Chipset"":null,""GPU"":null,""OS"":null},""Price"":[399999.0],""Selfie Camera"":{""Features"":null,""Specifications"":[],""Video"":[]},""Sound"":{""3.5mm jack"":0,""Loudspeaker"":""Yes""},""Weight"":null}"
b13c83e239d22e9508eb9d1452688d4c050a0617c8f381e2a611cbaf3fd0bab0,mega,https://www.mega.pk/mobiles_products/26779/Apple-iPhone-17.html,mega.pk/mega__Apple-iPhone-17.html.json,2026-08-15T07:40:40+00:00,b6d7ea8d21b9fe5f2e652b82f81cd7d8ad206063cb807e9ffba8785955351c5b,"{""Battery"":{""Capacity"":null,""Charging"":[],""WirelessCharging"":1},""Body"":{""Build"":null,""Dimensions"":null,""Protection"":""IP68 dust tight and water resistant (immersible up to 6m for 30 min)"",""SIM"":null,""Weight"":null},""Colors"":[],""Display"":{""Protection"":null,""Resolution"":null,""Size"":null,""Type"":null},""Features"":{""BackFingerPrint"":0,""Bluetooth"":null,""InDisplayFingerPrint"":0,""Infrared port"":0,""NFC"":0,""Positioning"":null,""Radio"":0,""Sensors"":""Face ID, accelerometer, gyro, proximity, compass, barometer"",""SideFingerPrint"":0,""USB"":null,""WLAN"":null},""Launch"":{""Announced"":null,""Status"":null},""Main Camera"":{""Features"":null,""Specifications"":[],""Video"":[]},""Memory"":{""Card slot"":null,""Technology"":null,""Types"":[]},""MobileName"":""Apple iPhone 17"",""Network"":{""2G"":0,""3G"":0,""4G"":0,""5G"":0},""Platform"":{""CPU"":null,""Chipset"":null,""GPU"":null,""OS"":null},""Price"":[269999.0],""Selfie Camera"":{""Features"":null,""Specifications"":[],""Video"":[]},""Sound"":{""3.5mm jack"":0,""Loudspeaker"":""Yes""},""Weight"":null}"
89d81e639f2cfcd26aaab775f12b0a6328167d0bde4de35cd9940b0859d34fe2,mega,https://www.mega.pk/mobiles_products/26827/Apple-iPhone-Air-1TB-Storage-PTA-Approved.html,mega.pk/mega__Apple-iPhone-Air-1TB-Storage-PTA-Approved.html.json,2026-08-15T07:43:20+00:00,8a0fe1727fa645d329116950e52ccd78992b271377253b85e35a1fffee27f13c,"{""Battery"":{""Capacity"":null,""Charging"":[],""WirelessCharging"":1},""Body"":{""Build"":null,""Dimensions"":null,""Protection"":""IP68 dust tight and water resistant (immersible up to 6m for 30 min)"",""SIM"":""Dual eSIM (PTA Approved)"",""Weight"":null},""Colors"":[],""Display"":{""Protection"":null,""Resolution"":null,""Size"":null,""Type"":null},""Features"":{""BackFingerPrint"":0,""Bluetooth"":null,""InDisplayFingerPrint"":0,""Infrared port"":0,""NFC"":0,""Positioning"":null,""Radio"":0,""Sensors"":""Face ID, accelerometer, gyro, proximity, compass, barometer"",""SideFingerPrint"":0,""USB"":null,""WLAN"":null},""Launch"":{""Announced"":null,""Status"":null},""Main Camera"":{""Features"":null,""Specifications"":[],""Video"":[]},""Memory"":{""Card slot"":null,""Technology"":null,""Types"":[]},""MobileName"":""Apple iPhone Air 1TB Storage PTA Approved"",""Network"":{""2G"":0,""3G"":0,""4G"":0,""5G"":0},""Platform"":{""CPU"":null,""Chipset"":null,""GPU"":null,""OS"":null},""Price"":[584999.0],""Selfie Camera"":{""Features"":null,""Specifications"":[],""Video"":[]},""Sound"":{""3.5mm jack"":0,""Loudspeaker"":""Yes""},""Weight"":null}"
6c6e0657d4f8e8d42ccde26eac915077d72541a1f977e7b33bd3a7c7978486ad,mega,https://www.mega.pk/mobiles_products/26825/Apple-iPhone-Air-256GB-Storage-PTA-Approved.html,mega.pk/mega__Apple-iPhone-Air-256GB-Storage-PTA-Approved.html.json,2026-08-15T07:42:55+00:00,0956f1bd01fc7d4acc1e2e9bdd2371d5c1f6fdbbc60309de1c0cc9643442c9d0,"{""Battery"":{""Capacity"":null,""Charging"":[],""WirelessCharging"":1},""Body"":{""Build"":null,""Dimensions"":null,""Protection"":""IP68 dust tight and water resistant (immersible up to 6m for 30 min)"",""SIM"":null,""Weight"":null},""Colors"":[],""Display"":{""Protection"":null,""Resolution"":null,""Size"":null,""Type"":null},""Features"":{""BackFingerPrint"":0,""Bluetooth"":null,""InDisplayFingerPrint"":0,""Infrared port"":0,""NFC"":0,""Positioning"":null,""Radio"":0,""Sensors"":""Face ID, accelerometer, gyro, proximity, compass, barometer"",""SideFingerPrint"":0,""USB"":null,""WLAN"":null},""Launch"":{""Announced"":null,""Status"":null},""Main Camera"":{""Features"":null,""Specifications"":[],""Video"":[]},""Memory"":{""Card slot"":null,""Technology"":null,""Types"":[]},""MobileName"":""Apple iPhone Air 256GB Storage PTA Approved"",""Network"":{""2G"":0,""3G"":0,""4G"":0,""5G"":0},""Platform"":{""CPU"":null,""Chipset"":null,""GPU"":null,""OS"":null},""Price"":[424999.0],""Selfie Camera"":{""Features"":null,""Specifications"":[],""Video"":[]},""Sound"":{""3.5mm jack"":0,""Loudspeaker"":""Yes""},""Weight"":null}"
665ace6a54a10f11c6f8ff1475316f0c82116c06a7fc2c40b1ec1b3f47dd24c6,mega,https://www.mega.pk/mobiles_products/26826/Apple-iPhone-Air-512GB-Storage-PTA-Approved.html,mega.pk/mega__Apple-iPhone-Air-512GB-Storage-PTA-Approved.html.json,2026-08-15T07:43:07+00:00,a5bf95f0a5b4f264f1f35e4010e9863a38eabd0fe6492bcce02d7ebc564a8792,"{""Battery"":{""Capacity"":null,""Charging"":[],""WirelessCharging"":1},""Body"":{""Build"":null,""Dimensions"":null,""Protection"":""IP68 dust tight and water resistant (immersible up to 6m for 30 min)"",""SIM"":""Dual eSIM (PTA Approved)"",""Weight"":null},""Colors"":[],""Display"":{""Protection"":null,""Resolution"":null,""Size"":null,""Type"":null},""Features"":{""BackFingerPrint"":0,""Bluetooth"":null,""InDisplayFingerPrint"":0,""Infrared port"":0,""NFC"":0,""Positioning"":null,""Radio"":0,""Sensors"":""Face ID, accelerometer, gyro, proximity, compass, barometer"",""SideFingerPrint"":0,""USB"":null,""WLAN"":null},""Launch"":{""Announced"":null,""Status"":null},""Main Camera"":{""Features"":null,""Specifications"":[],""Video"":[]},""Memory"":{""Card slot"":null,""Technology"":null,""Types"":[]},""MobileName"":""Apple iPhone Air 512GB Storage PTA Approved"",""Network"":{""2G"":0,""3G"":0,""4G"":0,""5G"":0},""Platform"":{""CPU"":null,""Chipset"":null,""GPU"":null,""OS"":null},""Price"":[504999.0],""Selfie Camera"":{""Features"":null,""Specifications"":[],""Video"":[]},""Sound"":{""3.5mm jack"":0,""Loudspeaker"":""Yes""},""Weight"":null}"
548c6a0cb80bc440e7e425ff45903bf62c5d4665cd3c0d81da5b6733e2312da4,mega,https://www.mega.pk/mobiles_products/26777/Apple-iPhone-Air.html,mega.pk/mega__Apple-iPhone-Air.html.json,2026-08-15T07:40:31+00:00,5dff6283ed06422b06ffe6c5210fd500ac7b62baf2ae25ff4c26e24c03a1056f,"{""Battery"":{""Capacity"":null,""Charging"":[],""WirelessCharging"":1},""Body"":{""Build"":null,""Dimensions"":null,""Protection"":""IP68 dust tight and water resistant (immersible up to 6m for 30 min)"",""SIM"":null,""Weight"":null},""Colors"":[],""Display"":{""Protection"":null,""Resolution"":null,""Size"":null,""Type"":null},""Features"":{""BackFingerPrint"":0,""Bluetooth"":null,""InDisplayFingerPrint"":0,""Infrared port"":0,""NFC"":0,""Positioning"":null,""Radio"":0,""Sensors"":""Face ID, accelerometer, gyro, proximity, compass, barometer"",""SideFingerPrint"":0,""USB"":null,""WLAN"":null},""Launch"":{""Announced"":null,""Status"":null},""Main Camera"":{""Features"":null,""Specifications"":[],""Video"":[]},""Memory"":{""Card slot"":null,""Technology"":null,""Types"":[]},""MobileName"":""Apple iPhone Air"",""Network"":{""2G"":0,""3G"":0,""4G"":0,""5G"":0},""Platform"":{""CPU"":null,""Chipset"":null,""GPU"":null,""OS"":null},""Price"":[289999.0],""Selfie Camera"":{""Features"":null,""Specifications"":[],""Video"":[]},""Sound"":{""3.5mm jack"":0,""Loudspeaker"":""Yes""},""Weight"":null}"
5e11b774d6a1ce4d7fb501222a7db5a94ac8d23e86fbcf3e1bc9eb78d94237f6,mega,https://www.mega.pk/mobiles_products/26762/Google-Pixel-10-128GB-Storage-Non-PTA.html,mega.pk/mega__Google-Pixel-10-128GB-Storage-Non-PTA.html.json,2026-08-15T07:39:16+00:00,91b7670a632dabd0162c342137f5aa3c655f01ceab1d713420f8a472d54aaafc,"{""Battery"":{""Capacity"":null,""Charging"":[],""WirelessCharging"":0},""Body"":{""Build"":null,""Dimensions"":null,""Protection"":null,""SIM"":null,""Weight"":null},""Colors"":[""Indigo"",""Frost"",""Lemongrass"",""Obsidian""],""Display"":{""Protection"":null,""Resolution"":null,""Size"":null,""Type"":null},""Features"":{""BackFingerPrint"":0,""Bluetooth"":null,""InDisplayFingerPrint"":0,""Infrared port"":0,""NFC"":0,""Positioning"":null,""Radio"":0,""Sensors"":null,""SideFingerPrint"":0,""USB"":null,""WLAN"":null},""Launch"":{""Announced"":null,""Status"":null},""Main Camera"":{""Features"":null,""Specifications"":[],""Video"":[]},""Memory"":{""Card slot"":null,""Technology"":null,""Types"":[""12GB""]},""MobileName"":""Google Pixel 10 128GB Storage Non PTA"",""Network"":{""2G"":0,""3G"":0,""4G"":0,""5G"":0},""Platform"":{""CPU"":null,""Chipset"":null,""GPU"":null,""OS"":null},""Price"":[189999.0],""Selfie Camera"":{""Features"":null,""Specifications"":[],""Video"":[]},""Sound"":{""3.5mm jack"":0,""Loudspeaker"":""Yes""},""Weight"":null}"
cc48fdcc79ce6665ce7d837812cedbfb861ef3a28979c82ab65877df96ed4899,mega,https://www.mega.pk/mobiles_products/27013/Google-Pixel-10-128GB-Storage-PTA-Approved.html,mega.pk/mega__Google-Pixel-10-128GB-Storage-PTA-Approved.html.json,2026-08-15T07:49:07+00:00,e6aa4f16b0fe027d99f17cc0507ee16eacf7c407c928297d825bc00d1e6ce82f,"{""Battery"":{""Capacity"":null,""Charging"":[],""WirelessCharging"":0},""Body"":{""Build"":null,""Dimensions"":null,""Protection"":null,""SIM"":null,""Weight"":null},""Colors"":[""Indigo"",""Frost"",""Lemongrass"",""Obsidian""],""Display"":{""Protection"":null,""Resolution"":null,""Size"":null,""Type"":null},""Features"":{""BackFingerPrint"":0,""Bluetooth"":null,""InDisplayFingerPrint"":0,""Infrared port"":0,""NFC"":0,""Positioning"":null,""Radio"":0,""Sensors"":null,""SideFingerPrint"":0,""USB"":null,""WLAN"":null},""Launch"":{""Announced"":null,""Status"":null},""Main Camera"":{""Features"":null,""Specifications"":[],""Video"":[]},""Memory"":{""Card slot"":null,""Technology"":null,""Types"":[""12GB""]},""MobileName"":""Google Pixel 10 128GB Storage PTA Approved"",""Network"":{""2G"":0,""3G"":0,""4G"":0,""5G"":0},""Platform"":{""CPU"":null,""Chipset"":null,""GPU"":null,""OS"":null},""Price"":[274999.0],""Selfie Camera"":{""Features"":null,""Specifications"":[],""Video"":[]},""Sound"":{""3.5mm jack"":0,""Loudspeaker"":""Yes""},""Weight"":null}"
b360a912b74ba84663f8a03a558622bfc4d27d5c0f4e341854d6c150963236d3,mega,https://www.mega.pk/mobiles_products/26764/Google-Pixel-10-256GB-Storage-Non-PTA.html,mega.pk/mega__Google-Pixel-10-256GB-Storage-Non-PTA.html.json,2026-08-15T07:39:38+00:00,1f28183136fed330d3aedcf146b5740204ce6cc42de543246a82435ce1034fb8,"{""Battery"":{""Capacity"":null,""Charging"":[],""WirelessCharging"":0},""Body"":{""Build"":null,""Dimensions"":null,""Protection"":null,""SIM"":null,""Weight"":null},""Colors"":[""Indigo"",""Frost"",""Lemongrass"",""Obsidian""],""Display"":{""Protection"":null,""Resolution"":null,""Size"":null,""Type"":null},""Features"":{""BackFingerPrint"":0,""Bluetooth"":null,""InDisplayFingerPrint"":0,""Infrared port"":0,""NFC"":0,""Positioning"":null,""Radio"":0,""Sensors"":null,""SideFingerPrint"":0,""USB"":null,""WLAN"":null},""Launch"":{""Announced"":null,""Status"":null},""Main Camera"":{""Features"":null,""Specifications"":[],""Video"":[]},""Memory"":{""Card slot"":null,""Technology"":null,""Types"":[""12GB""]},""MobileName"":""Google Pixel 10 256GB Storage Non PTA"",""Network"":{""2G"":0,""3G"":0,""4G"":0,""5G"":0},""Platform"":{""CPU"":null,""Chipset"":null,""GPU"":null,""OS"":null},""Price"":[219999.0],""Selfie Camera"":{""Features"":null,""Specifications"":[],""Video"":[]},""Sound"":{""3.5mm jack"":0,""Loudspeaker"":""Yes""},""Weight"":null}"
02aade3c3c45f0cc6d9dbf4da1601e40a593a59e24668e7f3c96946c31ea1242,mega,https://www.mega.pk/mobiles_products/26763/Google-Pixel-10-Pro-128GB-Storage-Non-PTA.html,mega.pk/mega__Google-Pixel-10-Pro-128GB-Storage-Non-PTA.html.json,2026-08-15T07:39:28+00:00,8903724e841d07d2fbce0117c8899c6de2377f1ba3444ca9bf0543e023df3936,"{""Battery"":{""Capacity"":null,""Charging"":[],""WirelessCharging"":0},""Body"":{""Build"":null,""Dimensions"":null,""Protection"":null,""SIM"":null,""Weight"":null},""Colors"":[""Moonstone"",""Jade"",""Porcelain"",""Obsidian""],""Display"":{""Protection"":null,""Resolution"":null,""Size"":null,""Type"":null},""Features"":{""BackFingerPrint"":0,""Bluetooth"":null,""InDisplayFingerPrint"":0,""Infrared port"":0,""NFC"":0,""Positioning"":null,""Radio"":0,""Sensors"":null,""SideFingerPrint"":0,""USB"":null,""WLAN"":null},""Launch"":{""Announced"":null,""Status"":null},""Main Camera"":{""Features"":null,""Specifications"":[],""Video"":[]},""Memory"":{""Card slot"":null,""Technology"":null,""Types"":[""16GB""]},""MobileName"":""Google Pixel 10 Pro 128GB Storage Non PTA"",""Network"":{""2G"":0,""3G"":0,""4G"":0,""5G"":0},""Platform"":{""CPU"":null,""Chipset"":null,""GPU"":null,""OS"":null},""Price"":[262999.0],""Selfie Camera"":{""Features"":null,""Specifications"":[],""Video"":[]},""Sound"":{""3.5mm jack"":0,""Loudspeaker"":""Yes""},""Weight"":null}"
d9faa38fb5cc322624695bce72fccfd6abb644de70316e9bad6624c00d4c6b1a,mega,https://www.mega.pk/mobiles_products/26765/Google-Pixel-10-Pro-256GB-Storage-Non-PTA.html,mega.pk/mega__Google-Pixel-10-Pro-256GB-Storage-Non-PTA.html.json,2026-08-15T07:39:49+00:00,4e741eef232d32c47fbdd440640ebd01eaf10cfd2e8f83db8abc97400d04cd7f,"{""Battery"":{""Capacity"":null,""Charging"":[],""WirelessCharging"":0},""Body"":{""Build"":null,""Dimensions"":null,""Protection"":null,""SIM"":null,""Weight"":null},""Colors"":[""Moonstone"",""Jade"",""Porcelain"",""Obsidian""],""Display"":{""Protection"":null,""Resolution"":null,""Size"":null,""Type"":null},""Features"":{""BackFingerPrint"":0,""Bluetooth"":null,""InDisplayFingerPrint"":0,""Infrared port"":0,""NFC"":0,""Positioning"":null,""Radio"":0,""Sensors"":null,""SideFingerPrint"":0,""USB"":null,""WLAN"":null},""Launch"":{""Announced"":null,""Status"":null},""Main Camera"":{""Features"":null,""Specifications"":[],""Video"":[]},""Memory"":{""Card slot"":null,""Technology"":null,""Types"":[""16GB""]},""MobileName"":""Google Pixel 10 Pro 256GB Storage Non PTA"",""Network"":{""2G"":0,""3G"":0,""4G"":0,""5G"":0},""Platform"":{""CPU"":null,""Chipset"":null,""GPU"":null,""OS"":null},""Price"":[17.0],""Selfie Camera"":{""Features"":null,""Specifications"":[],""Video"":[]},""Sound"":{""3.5mm jack"":0,""Loudspeaker"":""Yes""},""Weight"":null}"
1627cb187d543c4b2d95ee7da60beb9daa8d2b46bbd504a151f8798762aa92d4,mega,https://www.mega.pk/mobiles_products/26767/Google-Pixel-10-Pro-XL-256GB-Storage-Non-PTA.html,mega.pk/mega__Google-Pixel-10-Pro-XL-256GB-Storage-Non-PTA.html.json,2026-08-15T07:39:58+00:00,e9a45f54532198463679e31ab97512583e739ac41c64834f25503a8af6a1a004,"{""Battery"":{""Capacity"":null,""Charging"":[],""WirelessCharging"":0},""Body"":{""Build"":null,""Dimensions"":null,""Protection"":null,""SIM"":null,""Weight"":null},""Colors"":[""Moonstone"",""Jade"",""Porcelain"",""Obsidian""],""Display"":{""Protection"":null,""Resolution"":null,""Size"":null,""Type"":null},""Features"":{""BackFingerPrint"":0,""Bluetooth"":null,""InDisplayFingerPrint"":0,""Infrared port"":0,""NFC"":0,""Positioning"":null,""Radio"":0,""Sensors"":null,""SideFingerPrint"":0,""USB"":null,""WLAN"":null},""Launch"":{""Announced"":null,""Status"":null},""Main Camera"":{""Features"":null,""Specifications"":[],""Video"":[]},""Memory"":{""Card slot"":null,""Technology"":null,""Types"":[""16GB""]},""MobileName"":""Google Pixel 10 Pro XL"",""Network"":{""2G"":0,""3G"":0,""4G"":0,""5G"":0},""Platform"":{""CPU"":null,""Chipset"":null,""GPU"":null,""OS"":null},""Price"":[297999.0],""Selfie Camera"":{""Features"":null,""Specifications"":[],""Video"":[]},""Sound"":{""3.5mm jack"":0,""Loudspeaker"":""Yes""},""Weight"":null}"
5ad2b5e6ce9a07b57a65941a2a330ae3c433b1481b497d3ae637ed751bfeffef,mega,https://www.mega.pk/mobiles_products/26768/Google-Pixel-10-Pro-XL-512GB-Storage-Non-PTA.html,mega.pk/mega__Google-Pixel-10-Pro-XL-512GB-Storage-Non-PTA.html.json,2026-08-15T07:40:08+00:00,067550ca34d18de2b6bcf185cb43d4984a963b0545f2e36cf42729bfc3e0ccd1,"{""Battery"":{""Capacity"":null,""Charging"":[],""WirelessCharging"":1},""Body"":{""Build"":null,""Dimensions"":null,""Protection"":""IP68 dust tight and water resistant (immersible up to 1.5m for 30 min)"",""SIM"":null,""Weight"":null},""Colors"":[],""Display"":{""Protection"":null,""Resolution"":null,""Size"":null,""Type"":null},""Features"":{""BackFingerPrint"":0,""Bluetooth"":null,""InDisplayFingerPrint"":0,""Infrared port"":0,""NFC"":0,""Positioning"":null,""Radio"":0,""Sensors"":""Fingerprint (under display, ultrasonic), accelerometer, gyro, proximity, compass, barometer, thermometer (skin temperature)"",""SideFingerPrint"":0,""USB"":null,""WLAN"":null},""Launch"":{""Announced"":null,""Status"":null},""Main Camera"":{""Features"":null,""Specifications"":[],""Video"":[]},""Memory"":{""Card slot"":null,""Technology"":null,""Types"":[]},""MobileName"":""Google Pixel 10 Pro XL 512GB Storage Non PTA"",""Network"":{""2G"":0,""3G"":0,""4G"":0,""5G"":0},""Platform"":{""CPU"":null,""Chipset"":null,""GPU"":null,""OS"":null},""Price"":[351999.0],""Selfie Camera"":{""Features"":null,""Specifications"":[],""Video"":[]},""Sound"":{""3.5mm jack"":0,""Loudspeaker"":""Yes""},""Weight"":null}"
7717aaf7827e3d24d1b4c10c17e945bf31c097f26e0c6197f24aaaa4784e82bf,mega,https://www.mega.pk/mobiles_products/27012/Google-Pixel-10a-128GB-Storage-Non-PTA.html,mega.pk/mega__Google-Pixel-10a-128GB-Storage-Non-PTA.html.json,2026-08-15T07:48:57+00:00,a57c0ff1f4149f50c12ed7feeed2a4671f322e67b6c9e79618c9b3c008e70d2c,"{""Battery"":{""Capacity"":null,""Charging"":[],""WirelessCharging"":0},""Body"":{""Build"":null,""Dimensions"":null,""Protection"":null,""SIM"":null,""Weight"":null},""Colors"":[""Obsidian"",""Fog"",""Berry"",""Lavender""],""Display"":{""Protection"":null,""Resolution"":null,""Size"":null,""Type"":null},""Features"":{""BackFingerPrint"":0,""Bluetooth"":null,""InDisplayFingerPrint"":0,""Infrared port"":0,""NFC"":0,""Positioning"":null,""Radio"":0,""Sensors"":null,""SideFingerPrint"":0,""USB"":null,""WLAN"":null},""Launch"":{""Announced"":null,""Status"":null},""Main Camera"":{""Features"":null,""Specifications"":[],""Video"":[]},""Memory"":{""Card slot"":null,""Technology"":null,""Types"":[""8GB""]},""MobileName"":""Google Pixel 10a 128GB Storage Non PTA"",""Network"":{""2G"":0,""3G"":0,""4G"":0,""5G"":0},""Platform"":{""CPU"":null,""Chipset"":null,""GPU"":null,""OS"":null},""Price"":[167999.0],""Selfie Camera"":{""Features"":null,""Specifications"":[],""Video"":[]},""Sound"":{""3.5mm jack"":0,""Loudspeaker"":""Yes""},""Weight"":null}"
6b33622d4e1872c79f7990163f1cb062046515ed32cf21f28336ba1d75101619,mega,https://www.mega.pk/mobiles_products/25555/Google-Pixel-9-12GB-RAM-256GB-Storage-NON-PTA.html,mega.pk/mega__Google-Pixel-9-12GB-RAM-256GB-Storage-NON-PTA.html.json,2026-08-15T07:34:39+00:00,0a40ca470a15f7c554e167cb540817eccb59348338af2dfd20f7fac62077ccb4,"{""Battery"":{""Capacity"":null,""Charging"":[],""WirelessCharging"":0},""Body"":{""Build"":null,""Dimensions"":null,""Protection"":null,""SIM"":null,""Weight"":null},""Colors"":[""Obsidian"",""Porcelain"",""Wintergreen"",""Peony""],""Display"":{""Protection"":null,""Resolution"":null,""Size"":null,""Type"":null},""Features"":{""BackFingerPrint"":0,""Bluetooth"":null,""InDisplayFingerPrint"":0,""Infrared port"":0,""NFC"":0,""Positioning"":null,""Radio"":0,""Sensors"":null,""SideFingerPrint"":0,""USB"":null,""WLAN"":null},""Launch"":{""Announced"":null,""Status"":null},""Main Camera"":{""Features"":null,""Specifications"":[],""Video"":[]},""Memory"":{""Card slot"":null,""Technology"":null,""Types"":[""12GB""]},""MobileName"":""Google Pixel 9 12GB RAM 256GB Storage NON PTA"",""Network"":{""2G"":0,""3G"":0,""4G"":0,""5G"":0},""Platform"":{""CPU"":null,""Chipset"":null,""GPU"":null,""OS"":null},""Price"":[209999.0],""Selfie Camera"":{""Features"":null,""Specifications"":[],""Video"":[]},""Sound"":{""3.5mm jack"":0,""Loudspeaker"":""Yes""},""Weight"":null}"
f2ce6647051f10cbf6b58f6baa0d2c372d1706c07cbef226eb48ca77a459af57,mega,https://www.mega.pk/mobiles_products/26585/Google-Pixel-9-Pro-128GB-Non-PTA.html,mega.pk/mega__Google-Pixel-9-Pro-128GB-Non-PTA.html.json,2026-08-15T07:35:48+00:00,83c6024558d2e77a1b21fc2db59abbaf7e12c3f682b17ac0941feae237ab5798,"{""Battery"":{""Capacity"":null,""Charging"":[],""WirelessCharging"":0},""Body"":{""Build"":null,""Dimensions"":null,""Protection"":null,""SIM"":null,""Weight"":null},""Colors"":[""Porcelain"",""Rose Quartz"",""Hazel"",""Obsidian""],""Display"":{""Protection"":null,""Resolution"":null,""Size"":null,""Type"":null},""Features"":{""BackFingerPrint"":0,""Bluetooth"":null,""InDisplayFingerPrint"":0,""Infrared port"":0,""NFC"":0,""Positioning"":null,""Radio"":0,""Sensors"":null,""SideFingerPrint"":0,""USB"":null,""WLAN"":null},""Launch"":{""Announced"":null,""Status"":null},""Main Camera"":{""Features"":null,""Specifications"":[],""Video"":[]},""Memory"":{""Card slot"":null,""Technology"":null,""Types"":[""16GB""]},""MobileName"":""Google Pixel 9 Pro 128GB Non PTA"",""Network"":{""2G"":0,""3G"":0,""4G"":0,""5G"":0},""Platform"":{""CPU"":null,""Chipset"":null,""GPU"":null,""OS"":null},""Price"":[224999.0],""Selfie Camera"":{""Features"":null,""Specifications"":[],""Video"":[]},""Sound"":{""3.5mm jack"":0,""Loudspeaker"":""Yes""},""Weight"":null}"
fa7e7da6b137fdfb0bb6e0bd56912c166c0a5b51e85ccd5a1f95aec1cd146646,mega,https://www.mega.pk/mobiles_products/25314/Google-Pixel-9-Pro-256GB-Non-PTA.html,mega.pk/mega__Google-Pixel-9-Pro-256GB-Non-PTA.html.json,2026-08-15T07:30:09+00:00,5bed592fd0a2b3eb98e860b9d6b4520a3eb782acc742cf0e6d7f289b15cf1de4,"{""Battery"":{""Capacity"":null,""Charging"":[],""WirelessCharging"":0},""Body"":{""Build"":null,""Dimensions"":null,""Protection"":""Yes"",""SIM"":null,""Weight"":null},""Colors"":[""Porcelain"",""Rose Quartz"",""Hazel"",""Obsidian""],""Display"":{""Protection"":null,""Resolution"":null,""Size"":null,""Type"":null},""Features"":{""BackFingerPrint"":0,""Bluetooth"":null,""InDisplayFingerPrint"":0,""Infrared port"":0,""NFC"":0,""Positioning"":null,""Radio"":0,""Sensors"":null,""SideFingerPrint"":0,""USB"":null,""WLAN"":null},""Launch"":{""Announced"":null,""Status"":null},""Main Camera"":{""Features"":null,""Specifications"":[],""Video"":[]},""Memory"":{""Card slot"":null,""Technology"":null,""Types"":[]},""MobileName"":""Google Pixel 9 Pro 256GB Non PTA"",""Network"":{""2G"":0,""3G"":0,""4G"":0,""5G"":0},""Platform"":{""CPU"":null,""Chipset"":null,""GPU"":null,""OS"":null},""Price"":[268999.0],""Selfie Camera"":{""Features"":null,""Specifications"":[],""Video"":[]},""Sound"":{""3.5mm jack"":0,""Loudspeaker"":""Yes""},""Weight"":null}"
bd4a2ccbb849abdd8bac528630452bf348a79d92dcf3e55348705165279f08dd,mega,https://www.mega.pk/mobiles_products/26595/Google-Pixel-9-Pro-XL-128GB-Non-PTA.html,mega.pk/mega__Google-Pixel-9-Pro-XL-128GB-Non-PTA.html.json,2026-08-15T07:36:41+00:00,4a87cd6d04a8414b55677ad4e990e6a474693e4f8e9f056bf1c5ea615e55e5a7,"{""Battery"":{""Capacity"":null,""Charging"":[],""WirelessCharging"":0},""Body"":{""Build"":null,""Dimensions"":null,""Protection"":null,""SIM"":null,""Weight"":null},""Colors"":[""Hazel"",""Porcelain""],""Display"":{""Protection"":null,""Resolution"":null,""Size"":null,""Type"":null},""Features"":{""BackFingerPrint"":0,""Bluetooth"":null,""InDisplayFingerPrint"":0,""Infrared port"":0,""NFC"":0,""Positioning"":null,""Radio"":0,""Sensors"":null,""SideFingerPrint"":0,""USB"":null,""WLAN"":null},""Launch"":{""Announced"":null,""Status"":null},""Main Camera"":{""Features"":null,""Specifications"":[],""Video"":[]},""Memory"":{""Card slot"":null,""Technology"":null,""Types"":[""16GB""]},""MobileName"":""Google Pixel 9 Pro XL 128GB Non PTA"",""Network"":{""2G"":0,""3G"":0,""4G"":0,""5G"":0},""Platform"":{""CPU"":null,""Chipset"":null,""GPU"":null,""OS"":null},""Price"":[209999.0],""Selfie Camera"":{""Features"":null,""Specifications"":[],""Video"":[]},""Sound"":{""3.5mm jack"":0,""Loudspeaker"":""Yes""},""Weight"":null}"
9b55f2778110c29577dca1baadb3e284e15148080bf624703e94e166c36195e6,mega,https://www.mega.pk/mobiles_products/25311/Google-Pixel-9-Pro-XL-256GB-Non-PTA.html,mega.pk/mega__Google-Pixel-9-Pro-XL-256GB-Non-PTA.html.json,2026-08-15T07:29:45+00:00,8c4be22e2edaa59e64cdccbfb716263ac0ef8ce89f0977aea2bf91019482aa76,"{""Battery"":{""Capacity"":null,""Charging"":[],""WirelessCharging"":0},""Body"":{""Build"":null,""Dimensions"":null,""Protection"":""Yes"",""SIM"":null,""Weight"":null},""Colors"":[""Hazel"",""Porcelain""],""Display"":{""Protection"":null,""Resolution"":null,""Size"":null,""Type"":null},""Features"":{""BackFingerPrint"":0,""Bluetooth"":null,""InDisplayFingerPrint"":0,""Infrared port"":0,""NFC"":0,""Positioning"":null,""Radio"":0,""Sensors"":null,""SideFingerPrint"":0,""USB"":null,""WLAN"":null},""Launch"":{""Announced"":null,""Status"":null},""Main Camera"":{""Features"":null,""Specifications"":[],""Video"":[]},""Memory"":{""Card slot"":null,""Technology"":null,""Types"":[]},""MobileName"":""Google Pixel 9 Pro XL 256GB Non PTA"",""Network"":{""2G"":0,""3G"":0,""4G"":0,""5G"":0},""Platform"":{""CPU"":null,""Chipset"":null,""GPU"":null,""OS"":null},""Price"":[277999.0],""Selfie Camera"":{""Features"":null,""Specifications"":[],""Video"":[]},""Sound"":{""3.5mm jack"":0,""Loudspeaker"":""Yes""},""Weight"":null}"
3142fb114274bf2607f15be2b4f5580b4780a549424d44e9b7869971a4c8a8a4,mega,https://www.mega.pk/mobiles_products/25312/Google-Pixel-9-Pro-XL-512GB-Non-PTA.html,mega.pk/mega__Google-Pixel-9-Pro-XL-512GB-Non-PTA.html.json,2026-08-15T07:29:57+00:00,6f5bec19ed3a8ac4948e6e3ddbd0ff48e61ae38671c2ad134d41fc60f670cfc5,"{""Battery"":{""Capacity"":null,""Charging"":[],""WirelessCharging"":0},""Body"":{""Build"":null,""Dimensions"":null,""Protection"":""Yes"",""SIM"":null,""Weight"":null},""Colors"":[""Porcelain"",""Rose Quartz"",""Hazel"",""Obsidian""],""Display"":{""Protection"":null,""Resolution"":null,""Size"":null,""Type"":null},""Features"":{""BackFingerPrint"":0,""Bluetooth"":null,""InDisplayFingerPrint"":0,""Infrared port"":0,""NFC"":0,""Positioning"":null,""Radio"":0,""Sensors"":null,""SideFingerPrint"":0,""USB"":null,""WLAN"":null},""Launch"":{""Announced"":null,""Status"":null},""Main Camera"":{""Features"":null,""Specifications"":[],""Video"":[]},""Memory"":{""Card slot"":null,""Technology"":null,""Types"":[]},""MobileName"":""Google Pixel 9 Pro XL 512GB Non PTA"",""Network"":{""2G"":0,""3G"":0,""4G"":0,""5G"":0},""Platform"":{""CPU"":null,""Chipset"":null,""GPU"":null,""OS"":null},""Price"":[3.5],""Selfie Camera"":{""Features"":null,""Specifications"":[],""Video"":[]},""Sound"":{""3.5mm jack"":0,""Loudspeaker"":""Yes""},""Weight"":null}"
9d2482edea4e1bcd64d4a0447e6465da88f46b8387d78f211ce25fbbc07197f0,mega,https://www.mega.pk/mobiles_products/25274/Google-Pixel-9.html,mega.pk/mega__Google-Pixel-9.html.json,2026-08-15T07:28:37+00:00,c143bb441a77cd5db8ab9c14ba301be89cd2439552b921b8cbd4043ad58fe65e,"{""Battery"":{""Capacity"":null,""Charging"":[],""WirelessCharging"":0},""Body"":{""Build"":null,""Dimensions"":null,""Protection"":null,""SIM"":null,""Weight"":null},""Colors"":[""Obsidian"",""Porcelain"",""Wintergreen"",""Peony""],""Display"":{""Protection"":null,""Resolution"":null,""Size"":null,""Type"":null},""Features"":{""BackFingerPrint"":0,""Bluetooth"":null,""InDisplayFingerPrint"":0,""Infrared port"":0,""NFC"":0,""Positioning"":null,""Radio"":0,""Sensors"":null,""SideFingerPrint"":0,""USB"":null,""WLAN"":null},""Launch"":{""Announced"":null,""Status"":null},""Main Camera"":{""Features"":null,""Specifications"":[],""Video"":[]},""Memory"":{""Card slot"":null,""Technology"":null,""Types"":[""12GB""]},""MobileName"":""Google Pixel 9"",""Network"":{""2G"":0,""3G"":0,""4G"":0,""5G"":0},""Platform"":{""CPU"":null,""Chipset"":null,""GPU"":null,""OS"":null},""Price"":[169999.0],""Selfie Camera"":{""Features"":null,""Specifications"":[],""Video"":[]},""Sound"":{""3.5mm jack"":0,""Loudspeaker"":""Yes""},""Weight"":null}"
50212956567b9f1012aa5cd377ff8a84f950c54802135a6c0f2ea8db8d6d0a7b,mega,https://www.mega.pk/mobiles_products/26661/Google-Pixel-9a-128GB-NON-PTA.html,mega.pk/mega__Google-Pixel-9a-128GB-NON-PTA.html.json,2026-08-15T07:37:39+00:00,cbf193b8d2bc70a05dfb17fcdf97ef99db963f87a245a6c6caf2bc86d7b31c5b,"{""Battery"":{""Capacity"":null,""Charging"":[],""WirelessCharging"":0},""Body"":{""Build"":null,""Dimensions"":null,""Protection"":null,""SIM"":null,""Weight"":null},""Colors"":[""Obsidian"",""Porcelain"",""Iris"",""Peony""],""Display"":{""Protection"":null,""Resolution"":null,""Size"":null,""Type"":null},""Features"":{""BackFingerPrint"":0,""Bluetooth"":null,""InDisplayFingerPrint"":0,""Infrared port"":0,""NFC"":0,""Positioning"":null,""Radio"":0,""Sensors"":null,""SideFingerPrint"":0,""USB"":null,""WLAN"":null},""Launch"":{""Announced"":null,""Status"":null},""Main Camera"":{""Features"":null,""Specifications"":[],""Video"":[]},""Memory"":{""Card slot"":null,""Technology"":null,""Types"":[""8GB""]},""MobileName"":""Google Pixel 9a 128GB NON PTA"",""Network"":{""2G"":0,""3G"":0,""4G"":0,""5G"":0},""Platform"":{""CPU"":null,""Chipset"":null,""GPU"":null,""OS"":null},""Price"":[124999.0],""Selfie Camera"":{""Features"":null,""Specifications"":[],""Video"":[]},""Sound"":{""3.5mm jack"":0,""Loudspeaker"":""Yes""},""Weight"":null}"
6bb0162e8a76beb672a0e869d57e8b76438cd93467f617f0bd0584ecdb915d07,mega,https://www.mega.pk/mobiles_products/26737/Infinix-Hot-60-Pro-8GB-RAM-128GB-Storage-PTA-Approved.html,mega.pk/mega__Infinix-Hot-60-Pro-8GB-RAM-128GB-Storage-PTA-Approved.html.json,2026-08-15T07:38:23+00:00,b1b68d66d331286cce5c151873c10a040642b008f3552be5dc13f072a29a04ac,"{""Battery"":{""Capacity"":null,""Charging"":[],""WirelessCharging"":0},""Body"":{""Build"":null,""Dimensions"":null,""Protection"":null,""SIM"":null,""Weight"":null},""Colors"":[""Sleek Black"",""Titanium Silver"",""Coral Tides"",""Sapphire Blue"",""Jungle Breath"",""Orange Rose Valley""],""Display"":{""Protection"":null,""Resolution"":null,""Size"":null,""Type"":null},""Features"":{""BackFingerPrint"":0,""Bluetooth"":null,""InDisplayFingerPrint"":0,""Infrared port"":0,""NFC"":0,""Positioning"":null,""Radio"":0,""Sensors"":null,""SideFingerPrint"":0,""USB"":null,""WLAN"":null},""Launch"":{""Announced"":null,""Status"":null},""Main Camera"":{""Features"":null,""Specifications"":[],""Video"":[]},""Memory"":{""Card slot"":null,""Technology"":null,""Types"":[""8GB""]},""MobileName"":""Infinix Hot 60 Pro 8GB RAM 128GB Storage PTA Approved"",""Network"":{""2G"":0,""3G"":0,""4G"":0,""5G"":0},""Platform"":{""CPU"":null,""Chipset"":null,""GPU"":null,""OS"":null},""Price"":[60999.0],""Selfie Camera"":{""Features"":null,""Specifications"":[],""Video"":[]},""Sound"":{""3.5mm jack"":0,""Loudspeaker"":""Yes""},""Weight"":null}"
ba37ee126b008388f541e195a99f2661ef5d2d06e53c76cd2b5c8b72121e0fbf,mega,https://www.mega.pk/mobiles_products/26894/Infinix-Hot-60-Pro-Plus-8GB-RAM-256GB-Storage-PTA-Approved.html,mega.pk/mega__Infinix-Hot-60-Pro-Plus-8GB-RAM-256GB-Storage-PTA-Approved.html.json,2026-08-15T07:45:47+00:00,f1889cbf8ce0ad63fd17e6612d521e10f6a4c19c6f28191df09f8059a3ef4f49,"{""Battery"":{""Capacity"":null,""Charging"":[],""WirelessCharging"":0},""Body"":{""Build"":null,""Dimensions"":null,""Protection"":null,""SIM"":null,""Weight"":null},""Colors"":[""Sleek Black"",""Titanium Silver"",""Coral Tides"",""Misty Violet"",""Sonic Yellow"",""Moco Cyber Green""],""Display"":{""Protection"":null,""Resolution"":null,""Size"":null,""Type"":null},""Features"":{""BackFingerPrint"":0,""Bluetooth"":null,""InDisplayFingerPrint"":0,""Infrared port"":0,""NFC"":0,""Positioning"":null,""Radio"":0,""Sensors"":null,""SideFingerPrint"":0,""USB"":null,""WLAN"":null},""Launch"":{""Announced"":null,""Status"":null},""Main Camera"":{""Features"":null,""Specifications"":[],""Video"":[]},""Memory"":{""Card slot"":null,""Technology"":null,""Types"":[""8GB""]},""MobileName"":""Infinix Hot 60 Pro Plus 8GB RAM 256GB Storage PTA Approved"",""Network"":{""2G"":0,""3G"":0,""4G"":0,""5G"":0},""Platform"":{""CPU"":null,""Chipset"":null,""GPU"":null,""OS"":null},""Price"":[68999.0],""Selfie Camera"":{""Features"":null,""Specifications"":[],""Video"":[]},""Sound"":{""3.5mm jack"":0,""Loudspeaker"":""Yes""},""Weight"":null}"
bb5a98aa41f78aeb6fbf39ea8687394cce1b1dab6c6b96a1ada489cb11cb27dc,mega,https://www.mega.pk/mobiles_products/26735/Infinix-Hot-60i-6GB-RAM-128GB-Storage-PTA-Approved.html,mega.pk/mega__Infinix-Hot-60i-6GB-RAM-128GB-Storage-PTA-Approved.html.json,2026-08-15T07:38:14+00:00,0ae67e04b6ce8951024c92504365d2355a1b27e1a5d4ebc4bf51c9dd674b59af,"{""Battery"":{""Capacity"":null,""Charging"":[],""WirelessCharging"":0},""Body"":{""Build"":null,""Dimensions"":null,""Protection"":null,""SIM"":null,""Weight"":null},""Colors"":[""Sleek Black"",""Titanium Silver"",""Shadow Blue"",""Neon Red"",""Meadow Green"",""Soul Eye Purple""],""Display"":{""Protection"":null,""Resolution"":null,""Size"":null,""Type"":null},""Features"":{""BackFingerPrint"":0,""Bluetooth"":null,""InDisplayFingerPrint"":0,""Infrared port"":0,""NFC"":0,""Positioning"":null,""Radio"":0,""Sensors"":null,""SideFingerPrint"":0,""USB"":null,""WLAN"":null},""Launch"":{""Announced"":null,""Status"":null},""Main Camera"":{""Features"":null,""Specifications"":[],""Video"":[]},""Memory"":{""Card slot"":null,""Technology"":null,""Types"":[""6GB""]},""MobileName"":""Infinix Hot 60i 6GB RAM 128GB Storage PTA Approved"",""Network"":{""2G"":0,""3G"":0,""4G"":0,""5G"":0},""Platform"":{""CPU"":null,""Chipset"":null,""GPU"":null,""OS"":null},""Price"":[44999.0],""Selfie Camera"":{""Features"":null,""Specifications"":[],""Video"":[]},""Sound"":{""3.5mm jack"":0,""Loudspeaker"":""Yes""},""Weight"":null}"
ba35dfce1588a524bc226ba322b95a01d17fd8bca505df1f51aed68c794c9bd6,mega,https://www.mega.pk/mobiles_products/26738/Infinix-Note-50-8GB-RAM-256GB-Storage-PTA-Approved.html,mega.pk/mega__Infinix-Note-50-8GB-RAM-256GB-Storage-PTA-Approved.html.json,2026-08-15T07:38:33+00:00,17f7a055dd89619750c70ded0cebda02a8243c648575ec37ce1fc112d1e1c4a9,"{""Battery"":{""Capacity"":null,""Charging"":[],""WirelessCharging"":0},""Body"":{""Build"":null,""Dimensions"":null,""Protection"":null,""SIM"":null,""Weight"":null},""Colors"":[""Titanium Grey"",""Enchanted Purple"",""Racing Edition"",""Shadow Black""],""Display"":{""Protection"":null,""Resolution"":null,""Size"":null,""Type"":null},""Features"":{""BackFingerPrint"":0,""Bluetooth"":null,""InDisplayFingerPrint"":0,""Infrared port"":0,""NFC"":0,""Positioning"":null,""Radio"":0,""Sensors"":null,""SideFingerPrint"":0,""USB"":null,""WLAN"":null},""Launch"":{""Announced"":null,""Status"":null},""Main Camera"":{""Features"":null,""Specifications"":[],""Video"":[]},""Memory"":{""Card slot"":null,""Technology"":null,""Types"":[""8GB""]},""MobileName"":""Infinix Note 50 8GB RAM 256GB Storage PTA Approved"",""Network"":{""2G"":0,""3G"":0,""4G"":0,""5G"":0},""Platform"":{""CPU"":null,""Chipset"":null,""GPU"":null,""OS"":null},""Price"":[75999.0],""Selfie Camera"":{""Features"":null,""Specifications"":[],""Video"":[]},""Sound"":{""3.5mm jack"":0,""Loudspeaker"":""Yes""},""Weight"":null}"
e930961fe3aba0af4dd0639a1f0b4debbaa150f6559de1ec0a3aa2201aeebfa1,mega,https://www.mega.pk/mobiles_products/26717/Infinix-Note-50-Pro-12GB-RAM-256GB-Storage-PTA-Approved.html,mega.pk/mega__Infinix-Note-50-Pro-12GB-RAM-256GB-Storage-PTA-Approved.html.json,2026-08-15T07:38:03+00:00,ca1769adfb4995e2cb9ee23c82eeb4745991f7743d356db35b63f90a1ce61732,"{""Battery"":{""Capacity"":null,""Charging"":[],""WirelessCharging"":0},""Body"":{""Build"":null,""Dimensions"":null,""Protection"":null,""SIM"":null,""Weight"":null},""Colors"":[],""Display"":{""Protection"":null,""Resolution"":null,""Size"":null,""Type"":null},""Features"":{""BackFingerPrint"":0,""Bluetooth"":null,""InDisplayFingerPrint"":0,""Infrared port"":0,""NFC"":0,""Positioning"":null,""Radio"":0,""Sensors"":null,""SideFingerPrint"":0,""USB"":null,""WLAN"":null},""Launch"":{""Announced"":null,""Status"":null},""Main Camera"":{""Features"":null,""Specifications"":[],""Video"":[]},""Memory"":{""Card slot"":null,""Technology"":null,""Types"":[""12GB""]},""MobileName"":""Infinix Note 50 Pro 12GB RAM 256GB Storage PTA Approved"",""Network"":{""2G"":0,""3G"":0,""4G"":0,""5G"":0},""Platform"":{""CPU"":null,""Chipset"":null,""GPU"":null,""OS"":null},""Price"":[89499.0],""Selfie Camera"":{""Features"":null,""Specifications"":[],""Video"":[]},""Sound"":{""3.5mm jack"":0,""Loudspeaker"":""Yes""},""Weight"":null}"
8939e1801b72087e53f4757416bdf5b4d86cff2c6b19f86f12c708887fed924a,mega,https://www.mega.pk/mobiles_products/27016/Infinix-Note-60-8GB-Ram-256GB-Storage-PTA-Approved.html,mega.pk/mega__Infinix-Note-60-8GB-Ram-256GB-Storage-PTA-Approved.html.json,2026-08-15T07:49:38+00:00,a35235eb9f8be1e6e02fab869b43e4a88071121a23d7ae7f32b43fc70e118268,"{""Battery"":{""Capacity"":null,""Charging"":[],""WirelessCharging"":0},""Body"":{""Build"":null,""Dimensions"":null,""Protection"":null,""SIM"":null,""Weight"":null},""Colors"":[""Mist Titanium"",""Midnight Black"",""Fizz Blue""],""Display"":{""Protection"":null,""Resolution"":null,""Size"":null,""Type"":null},""Features"":{""BackFingerPrint"":0,""Bluetooth"":null,""InDisplayFingerPrint"":0,""Infrared port"":0,""NFC"":0,""Positioning"":null,""Radio"":0,""Sensors"":null,""SideFingerPrint"":0,""USB"":null,""WLAN"":null},""Launch"":{""Announced"":null,""Status"":null},""Main Camera"":{""Features"":null,""Specifications"":[],""Video"":[]},""Memory"":{""Card slot"":null,""Technology"":null,""Types"":[""8GB""]},""MobileName"":""Infinix Note 60 8GB Ram 256GB Storage PTA Approved"",""Network"":{""2G"":0,""3G"":0,""4G"":0,""5G"":0},""Platform"":{""CPU"":null,""Chipset"":null,""GPU"":null,""OS"":null},""Price"":[94999.0],""Selfie Camera"":{""Features"":null,""Specifications"":[],""Video"":[]},""Sound"":{""3.5mm jack"":0,""Loudspeaker"":""Yes""},""Weight"":null}"
421a0109988d9245c17665efa70c2be5893cf25505a6491c4bfc6f35a958a979,mega,https://www.mega.pk/mobiles_products/27015/Infinix-Note-60-Pro-8GB-Ram-256GB-Storage-PTA-Approved.html,mega.pk/mega__Infinix-Note-60-Pro-8GB-Ram-256GB-Storage-PTA-Approved.html.json,2026-08-15T07:49:26+00:00,28d8838a0c77b8b9176288ac8de54ac4a31241ec7b5406797e6d976358490df5,"{""Battery"":{""Capacity"":null,""Charging"":[],""WirelessCharging"":0},""Body"":{""Build"":null,""Dimensions"":null,""Protection"":null,""SIM"":null,""Weight"":null},""Colors"":[""Mist Titanium"",""Deep Ocean Blue""],""Display"":{""Protection"":null,""Resolution"":null,""Size"":null,""Type"":null},""Features"":{""BackFingerPrint"":0,""Bluetooth"":null,""InDisplayFingerPrint"":0,""Infrared port"":0,""NFC"":0,""Positioning"":null,""Radio"":0,""Sensors"":null,""SideFingerPrint"":0,""USB"":null,""WLAN"":null},""Launch"":{""Announced"":null,""Status"":null},""Main Camera"":{""Features"":null,""Specifications"":[],""Video"":[]},""Memory"":{""Card slot"":null,""Technology"":null,""Types"":[""8GB RAM + 8GB Extended RAM""]},""MobileName"":""Infinix Note 60 Pro 8GB Ram 256GB Storage PTA Approved"",""Network"":{""2G"":0,""3G"":0,""4G"":0,""5G"":0},""Platform"":{""CPU"":null,""Chipset"":null,""GPU"":null,""OS"":null},""Price"":[111999.0],""Selfie Camera"":{""Features"":null,""Specifications"":[],""Video"":[]},""Sound"":{""3.5mm jack"":0,""Loudspeaker"":""Yes""},""Weight"":null}"
8d6c18ad7d512615654063bca021cabd8ae3d2fc62fb8faf03165574438f7074,mega,https://www.mega.pk/mobiles_products/27017/Infinix-Note-60-Ultra-12GB-Ram-256GB-Storage-PTA-Approved.html,mega.pk/mega__Infinix-Note-60-Ultra-12GB-Ram-256GB-Storage-PTA-Approved.html.json,2026-08-15T07:49:50+00:00,740b9d714025a2c80ceccd549e36c5fa914c6047982de23bed088bb56d85f5ac,"{""Battery"":{""Capacity"":null,""Charging"":[],""WirelessCharging"":0},""Body"":{""Build"":null,""Dimensions"":null,""Protection"":null,""SIM"":null,""Weight"":null},""Colors"":[""Torino Black"",""Monza Red"",""Roma Silver"",""Amalfi Blue""],""Display"":{""Protection"":null,""Resolution"":null,""Size"":null,""Type"":null},""Features"":{""BackFingerPrint"":0,""Bluetooth"":null,""InDisplayFingerPrint"":0,""Infrared port"":0,""NFC"":0,""Positioning"":null,""Radio"":0,""Sensors"":null,""SideFingerPrint"":0,""USB"":null,""WLAN"":null},""Launch"":{""Announced"":null,""Status"":null},""Main Camera"":{""Features"":null,""Specifications"":[],""Video"":[]},""Memory"":{""Card slot"":null,""Technology"":null,""Types"":[""12GB""]},""MobileName"":""Infinix Note 60 Ultra 12GB Ram 256GB Storage PTA Approved"",""Network"":{""2G"":0,""3G"":0,""4G"":0,""5G"":0},""Platform"":{""CPU"":null,""Chipset"":null,""GPU"":null,""OS"":null},""Price"":[204999.0],""Selfie Camera"":{""Features"":null,""Specifications"":[],""Video"":[]},""Sound"":{""3.5mm jack"":0,""Loudspeaker"":""Yes""},""Weight"":null}"
4bf8d8ce80e09be98362f431d0c63094d9cba3cb2ad6c1debafb677b7c3ffe64,mega,https://www.mega.pk/mobiles_products/26740/Infinix-Smart-10-Plus-4GB-RAM-128GB-RAM-Storage-PTA-Approved.html,mega.pk/mega__Infinix-Smart-10-Plus-4GB-RAM-128GB-RAM-Storage-PTA-Approved.html.json,2026-08-15T07:38:55+00:00,9148b04d7ac1681632876e787023772b8967dac9d9050aeffaa05bf3fd1b5a24,"{""Battery"":{""Capacity"":null,""Charging"":[],""WirelessCharging"":0},""Body"":{""Build"":null,""Dimensions"":null,""Protection"":null,""SIM"":null,""Weight"":null},""Colors"":[],""Display"":{""Protection"":null,""Resolution"":null,""Size"":null,""Type"":null},""Features"":{""BackFingerPrint"":0,""Bluetooth"":null,""InDisplayFingerPrint"":0,""Infrared port"":0,""NFC"":0,""Positioning"":null,""Radio"":0,""Sensors"":null,""SideFingerPrint"":0,""USB"":null,""WLAN"":null},""Launch"":{""Announced"":null,""Status"":null},""Main Camera"":{""Features"":null,""Specifications"":[],""Video"":[]},""Memory"":{""Card slot"":null,""Technology"":null,""Types"":[]},""MobileName"":""Infinix Smart 10 Plus 4GB RAM 128GB RAM Storage PTA Approved"",""Network"":{""2G"":0,""3G"":0,""4G"":0,""5G"":0},""Platform"":{""CPU"":null,""Chipset"":null,""GPU"":null,""OS"":null},""Price"":[36999.0],""Selfie Camera"":{""Features"":null,""Specifications"":[],""Video"":[]},""Sound"":{""3.5mm jack"":0,""Loudspeaker"":""Yes""},""Weight"":null}"
6230def4740ebf8bdf0fd29bb8c157eb2a5d275e45749adde5b3daef2230d907,mega,https://www.mega.pk/mobiles_products/25573/Infinix-Zero-40-8GB-RAM-256GB-Storage-PTA-Approved.html,mega.pk/mega__Infinix-Zero-40-8GB-RAM-256GB-Storage-PTA-Approved.html.json,2026-08-15T07:34:49+00:00,037101afbe8b402da87dd2695aad5ab344075eddafa962b2ba07f423019b7931,"{""Battery"":{""Capacity"":null,""Charging"":[],""WirelessCharging"":0},""Body"":{""Build"":null,""Dimensions"":null,""Protection"":null,""SIM"":null,""Weight"":null},""Colors"":[""Rock Black"",""Violet Garden"",""Moving Titanium""],""Display"":{""Protection"":null,""Resolution"":null,""Size"":null,""Type"":null},""Features"":{""BackFingerPrint"":0,""Bluetooth"":null,""InDisplayFingerPrint"":0,""Infrared port"":0,""NFC"":0,""Positioning"":null,""Radio"":0,""Sensors"":null,""SideFingerPrint"":0,""USB"":null,""WLAN"":null},""Launch"":{""Announced"":null,""Status"":null},""Main Camera"":{""Features"":null,""Specifications"":[],""Video"":[]},""Memory"":{""Card slot"":null,""Technology"":null,""Types"":[""8GB""]},""MobileName"":""Infinix Zero 40 8GB RAM 256GB Storage PTA Approved"",""Network"":{""2G"":0,""3G"":0,""4G"":0,""5G"":0},""Platform"":{""CPU"":null,""Chipset"":null,""GPU"":null,""OS"":null},""Price"":[69999.0],""Selfie Camera"":{""Features"":null,""Specifications"":[],""Video"":[]},""Sound"":{""3.5mm jack"":0,""Loudspeaker"":""Yes""},""Weight"":null}"
ff1c6a414b003a27ca69330beeb5b3539794c0aef476c9af09a024d5599ebcae,mega,https://www.mega.pk/mobiles_products/26893/OnePlus-13s-12GB-RAM-256GB-Storage-NON-PTA.html,mega.pk/mega__OnePlus-13s-12GB-RAM-256GB-Storage-NON-PTA.html.json,2026-08-15T07:45:34+00:00,6cd5273e21d4ffa2a217fd3b9fe1f45b3dc3973dfd47a1d324ddf7da489055d0,"{""Battery"":{""Capacity"":null,""Charging"":[],""WirelessCharging"":0},""Body"":{""Build"":null,""Dimensions"":null,""Protection"":null,""SIM"":null,""Weight"":null},""Colors"":[""Green Silk"",""Black Velvet"",""Pink Satin""],""Display"":{""Protection"":null,""Resolution"":null,""Size"":null,""Type"":null},""Features"":{""BackFingerPrint"":0,""Bluetooth"":null,""InDisplayFingerPrint"":0,""Infrared port"":0,""NFC"":0,""Positioning"":null,""Radio"":0,""Sensors"":null,""SideFingerPrint"":0,""USB"":null,""WLAN"":null},""Launch"":{""Announced"":null,""Status"":null},""Main Camera"":{""Features"":null,""Specifications"":[],""Video"":[]},""Memory"":{""Card slot"":null,""Technology"":null,""Types"":[""12GB""]},""MobileName"":""OnePlus 13s 12GB RAM 256GB Storage NON PTA"",""Network"":{""2G"":0,""3G"":0,""4G"":0,""5G"":0},""Platform"":{""CPU"":null,""Chipset"":null,""GPU"":null,""OS"":null},""Price"":[181999.0],""Selfie Camera"":{""Features"":null,""Specifications"":[],""Video"":[]},""Sound"":{""3.5mm jack"":0,""Loudspeaker"":""Yes""},""Weight"":null}"
fe5068b68670260d5bd4f11882b7741ece6bd41ca548bc0ccd2a0a67d5dda04d,mega,https://www.mega.pk/mobiles_products/26750/OnePlus-13s-12GB-RAM-512GB-Storage-NON-PTA.html,mega.pk/mega__OnePlus-13s-12GB-RAM-512GB-Storage-NON-PTA.html.json,2026-08-15T07:39:06+00:00,dac0904e9878b7ea9f01410035415f78669bbb0a256ad600255b633a5de6b768,"{""Battery"":{""Capacity"":null,""Charging"":[],""WirelessCharging"":0},""Body"":{""Build"":null,""Dimensions"":null,""Protection"":null,""SIM"":null,""Weight"":null},""Colors"":[""Green Silk"",""Black Velvet"",""Pink Satin""],""Display"":{""Protection"":null,""Resolution"":null,""Size"":null,""Type"":null},""Features"":{""BackFingerPrint"":0,""Bluetooth"":null,""InDisplayFingerPrint"":0,""Infrared port"":0,""NFC"":0,""Positioning"":null,""Radio"":0,""Sensors"":null,""SideFingerPrint"":0,""USB"":null,""WLAN"":null},""Launch"":{""Announced"":null,""Status"":null},""Main Camera"":{""Features"":null,""Specifications"":[],""Video"":[]},""Memory"":{""Card slot"":null,""Technology"":null,""Types"":[""12GB""]},""MobileName"":""OnePlus 13s 12GB RAM 512GB Storage NON PTA"",""Network"":{""2G"":0,""3G"":0,""4G"":0,""5G"":0},""Platform"":{""CPU"":null,""Chipset"":null,""GPU"":null,""OS"":null},""Price"":[194999.0],""Selfie Camera"":{""Features"":null,""Specifications"":[],""Video"":[]},""Sound"":{""3.5mm jack"":0,""Loudspeaker"":""Yes""},""Weight"":null}"
eb82f06361e7d32be302148997070a96c50842b9999dc08cb6a0329a2cb29ae1,mega,https://www.mega.pk/mobiles_products/26864/OnePlus-15-16GB-RAM-512GB-Storage-Non-PTA.html,mega.pk/mega__OnePlus-15-16GB-RAM-512GB-Storage-Non-PTA.html.json,2026-08-15T07:45:04+00:00,82b634c466e80264c79c9e82a4265f52c49230855052dc034232a8b4c8f5d18f,"{""Battery"":{""Capacity"":null,""Charging"":[],""WirelessCharging"":0},""Body"":{""Build"":null,""Dimensions"":null,""Protection"":null,""SIM"":null,""Weight"":null},""Colors"":[""Infinite Black"",""Ultra Violet"",""Sand Storm""],""Display"":{""Protection"":null,""Resolution"":null,""Size"":null,""Type"":null},""Features"":{""BackFingerPrint"":0,""Bluetooth"":null,""InDisplayFingerPrint"":0,""Infrared port"":0,""NFC"":0,""Positioning"":null,""Radio"":0,""Sensors"":null,""SideFingerPrint"":0,""USB"":null,""WLAN"":null},""Launch"":{""Announced"":null,""Status"":null},""Main Camera"":{""Features"":null,""Specifications"":[],""Video"":[]},""Memory"":{""Card slot"":null,""Technology"":null,""Types"":[""16GB""]},""MobileName"":""OnePlus 15 16GB RAM 512GB Storage Non PTA"",""Network"":{""2G"":0,""3G"":0,""4G"":0,""5G"":0},""Platform"":{""CPU"":null,""Chipset"":null,""GPU"":null,""OS"":null},""Price"":[264999.0],""Selfie Camera"":{""Features"":null,""Specifications"":[],""Video"":[]},""Sound"":{""3.5mm jack"":0,""Loudspeaker"":""Yes""},""Weight"":null}"
0f8c2a7f24708f9cf1aa42155b1031611a78093794126bbc53661a8341737164,mega,https://www.mega.pk/mobiles_products/26934/OPPO-A6-Pro-8GB-RAM-256GB-Storage-PTA-Approved.html,mega.pk/mega__OPPO-A6-Pro-8GB-RAM-256GB-Storage-PTA-Approved.html.json,2026-08-15T07:46:21+00:00,dd7db921a7ead67bf207a87992e9defa4a0280118771a82e393a52ed818fc9ae,"{""Battery"":{""Capacity"":null,""Charging"":[],""WirelessCharging"":0},""Body"":{""Build"":null,""Dimensions"":null,""Protection"":null,""SIM"":null,""Weight"":null},""Colors"":[""Lunar Titanium"",""Stellar Blue"",""Coral Pink"",""Rosewood Red""],""Display"":{""Protection"":null,""Resolution"":null,""Size"":null,""Type"":null},""Features"":{""BackFingerPrint"":0,""Bluetooth"":null,""InDisplayFingerPrint"":0,""Infrared port"":0,""NFC"":0,""Positioning"":null,""Radio"":0,""Sensors"":null,""SideFingerPrint"":0,""USB"":null,""WLAN"":null},""Launch"":{""Announced"":null,""Status"":null},""Main Camera"":{""Features"":null,""Specifications"":[],""Video"":[]},""Memory"":{""Card slot"":null,""Technology"":null,""Types"":[""8GB""]},""MobileName"":""OPPO A6 Pro 8GB RAM 256GB Storage PTA Approved"",""Network"":{""2G"":0,""3G"":0,""4G"":0,""5G"":0},""Platform"":{""CPU"":null,""Chipset"":null,""GPU"":null,""OS"":null},""Price"":[89999.0],""Selfie Camera"":{""Features"":null,""Specifications"":[],""Video"":[]},""Sound"":{""3.5mm jack"":0,""Loudspeaker"":""Yes""},""Weight"":null}"
4a7070efbccc226e6e407717b09ebfe500e7110ea9ab0281d7d68da5a2ed7251,mega,https://www.mega.pk/mobiles_products/27014/Oppo-Find-X9-Pro-16GB-RAM-512GB-Storage-PTA-Approved.html,mega.pk/mega__Oppo-Find-X9-Pro-16GB-RAM-512GB-Storage-PTA-Approved.html.json,2026-08-15T07:49:17+00:00,3d898e8c255c4222463b4df69945ad07909b27f88a0903ddb1b1067f27fc405c,"{""Battery"":{""Capacity"":null,""Charging"":[],""WirelessCharging"":0},""Body"":{""Build"":null,""Dimensions"":null,""Protection"":null,""SIM"":null,""Weight"":null},""Colors"":[""Silk White"",""Titanium Charcoal"",""Velvet Red""],""Display"":{""Protection"":null,""Resolution"":null,""Size"":null,""Type"":null},""Features"":{""BackFingerPrint"":0,""Bluetooth"":null,""InDisplayFingerPrint"":0,""Infrared port"":0,""NFC"":0,""Positioning"":null,""Radio"":0,""Sensors"":null,""SideFingerPrint"":0,""USB"":null,""WLAN"":null},""Launch"":{""Announced"":null,""Status"":null},""Main Camera"":{""Features"":null,""Specifications"":[],""Video"":[]},""Memory"":{""Card slot"":null,""Technology"":null,""Types"":[""16GB""]},""MobileName"":""Oppo Find X9 Pro 16GB RAM 512GB Storage PTA Approved"",""Network"":{""2G"":0,""3G"":0,""4G"":0,""5G"":0},""Platform"":{""CPU"":null,""Chipset"":null,""GPU"":null,""OS"":null},""Price"":[354999.0],""Selfie Camera"":{""Features"":null,""Specifications"":[],""Video"":[]},""Sound"":{""3.5mm jack"":0,""Loudspeaker"":""Yes""},""Weight"":null}"
7f31da0ccfc4b5c2dbe074814f85034dd1c23cd8da61b94be5f6c20dfbd05d1c,mega,https://www.mega.pk/mobiles_products/26869/Realme-15-Pro-12GB-RAM-512GB-Storage-PTA-Approved.html,mega.pk/mega__Realme-15-Pro-12GB-RAM-512GB-Storage-PTA-Approved.html.json,2026-08-15T07:45:14+00:00,b25c9ea896c1ddcc5cfafff8f3465533fdcdea86b2c19bb51075915488ae8413,"{""Battery"":{""Capacity"":null,""Charging"":[],""WirelessCharging"":0},""Body"":{""Build"":null,""Dimensions"":null,""Protection"":null,""SIM"":null,""Weight"":null},""Colors"":[""Flowing Silver"",""Silk Purple"",""Velvet Green"",""Game of Thrones Limited Edition""],""Display"":{""Protection"":null,""Resolution"":null,""Size"":null,""Type"":null},""Features"":{""BackFingerPrint"":0,""Bluetooth"":null,""InDisplayFingerPrint"":0,""Infrared port"":0,""NFC"":0,""Positioning"":null,""Radio"":0,""Sensors"":null,""SideFingerPrint"":0,""USB"":null,""WLAN"":null},""Launch"":{""Announced"":null,""Status"":null},""Main Camera"":{""Features"":null,""Specifications"":[],""Video"":[]},""Memory"":{""Card slot"":null,""Technology"":null,""Types"":[""12GB""]},""MobileName"":""Realme 15 Pro 12GB RAM 512GB Storage PTA Approved"",""Network"":{""2G"":0,""3G"":0,""4G"":0,""5G"":0},""Platform"":{""CPU"":null,""Chipset"":null,""GPU"":null,""OS"":null},""Price"":[148999.0],""Selfie Camera"":{""Features"":null,""Specifications"":[],""Video"":[]},""Sound"":{""3.5mm jack"":0,""Loudspeaker"":""Yes""},""Weight"":null}"
9f41ed9969d302704c8c19ff83a924f42f516e01e12fba1018743ed5405fe877,mega,https://www.mega.pk/mobiles_products/27063/Realme-Note-70-4GB-RAM-128GB-Storage-PTA-APPROVED.html,mega.pk/mega__Realme-Note-70-4GB-RAM-128GB-Storage-PTA-APPROVED.html.json,2026-08-15T07:51:29+00:00,4f02f8473e7443b149f8c4cbec6868b19d3bf87f7929961b22ba5f58c65fd646,"{""Battery"":{""Capacity"":null,""Charging"":[],""WirelessCharging"":0},""Body"":{""Build"":null,""Dimensions"":null,""Protection"":null,""SIM"":null,""Weight"":null},""Colors"":[""Beach Gold"",""Obsidian Black""],""Display"":{""Protection"":null,""Resolution"":null,""Size"":null,""Type"":null},""Features"":{""BackFingerPrint"":0,""Bluetooth"":null,""InDisplayFingerPrint"":0,""Infrared port"":0,""NFC"":0,""Positioning"":null,""Radio"":0,""Sensors"":null,""SideFingerPrint"":0,""USB"":null,""WLAN"":null},""Launch"":{""Announced"":null,""Status"":null},""Main Camera"":{""Features"":null,""Specifications"":[],""Video"":[]},""Memory"":{""Card slot"":null,""Technology"":null,""Types"":[""4GB""]},""MobileName"":""Realme Note 70 4GB RAM 128GB Storage PTA APPROVED"",""Network"":{""2G"":0,""3G"":0,""4G"":0,""5G"":0},""Platform"":{""CPU"":null,""Chipset"":null,""GPU"":null,""OS"":null},""Price"":[37499.0],""Selfie Camera"":{""Features"":null,""Specifications"":[],""Video"":[]},""Sound"":{""3.5mm jack"":0,""Loudspeaker"":""Yes""},""Weight"":null}"
1484875d1c13297826d25cb21d4b95781687d903116c8ea1e54b75d9b7229c43,mega,https://www.mega.pk/mobiles_products/27064/Realme-Note-70-6GB-RAM-128GB-Storage-PTA-APPROVED.html,mega.pk/mega__Realme-Note-70-6GB-RAM-128GB-Storage-PTA-APPROVED.html.json,2026-08-15T07:51:43+00:00,d9453ebd16e5e9387bd0735410bf6e328fdd19abd0fb94d49a28853cd371ecf7,"{""Battery"":{""Capacity"":null,""Charging"":[],""WirelessCharging"":0},""Body"":{""Build"":null,""Dimensions"":null,""Protection"":null,""SIM"":null,""Weight"":null},""Colors"":[""Beach Gold"",""Obsidian Black""],""Display"":{""Protection"":null,""Resolution"":null,""Size"":null,""Type"":null},""Features"":{""BackFingerPrint"":0,""Bluetooth"":null,""InDisplayFingerPrint"":0,""Infrared port"":0,""NFC"":0,""Positioning"":null,""Radio"":0,""Sensors"":null,""SideFingerPrint"":0,""USB"":null,""WLAN"":null},""Launch"":{""Announced"":null,""Status"":null},""Main Camera"":{""Features"":null,""Specifications"":[],""Video"":[]},""Memory"":{""Card slot"":null,""Technology"":null,""Types"":[""6GB""]},""MobileName"":""Realme Note 70 6GB RAM 128GB Storage PTA APPROVED"",""Network"":{""2G"":0,""3G"":0,""4G"":0,""5G"":0},""Platform"":{""CPU"":null,""Chipset"":null,""GPU"":null,""OS"":null},""Price"":[41499.0],""Selfie Camera"":{""Features"":null,""Specifications"":[],""Video"":[]},""Sound"":{""3.5mm jack"":0,""Loudspeaker"":""Yes""},""Weight"":null}"
7c2619292e8bd62fee7a1a4d3970abc23e0d1532207b980b1d6d260f5c152019,mega,https://www.mega.pk/mobiles_products/26890/RedMagic-11-Pro-16GB-RAM-512GB-Storage-Non-PTA.html,mega.pk/mega__RedMagic-11-Pro-16GB-RAM-512GB-Storage-Non-PTA.html.json,2026-08-15T07:45:23+00:00,f018e4836ffdb07f11fdd3862f0a803478088654c8c6bb7acc55d8b76d1be73b,"{""Battery"":{""Capacity"":null,""Charging"":[],""WirelessCharging"":0},""Body"":{""Build"":null,""Dimensions"":null,""Protection"":null,""SIM"":null,""Weight"":null},""Colors"":[""Black"",""Silver""],""Display"":{""Protection"":null,""Resolution"":null,""Size"":null,""Type"":null},""Features"":{""BackFingerPrint"":0,""Bluetooth"":null,""InDisplayFingerPrint"":0,""Infrared port"":0,""NFC"":0,""Positioning"":null,""Radio"":0,""Sensors"":null,""SideFingerPrint"":0,""USB"":null,""WLAN"":null},""Launch"":{""Announced"":null,""Status"":null},""Main Camera"":{""Features"":null,""Specifications"":[],""Video"":[]},""Memory"":{""Card slot"":null,""Technology"":null,""Types"":[""16GB""]},""MobileName"":""RedMagic 11 Pro 16GB RAM 512GB Storage Non PTA"",""Network"":{""2G"":0,""3G"":0,""4G"":0,""5G"":0},""Platform"":{""CPU"":null,""Chipset"":null,""GPU"":null,""OS"":null},""Price"":[299999.0],""Selfie Camera"":{""Features"":null,""Specifications"":[],""Video"":[]},""Sound"":{""3.5mm jack"":0,""Loudspeaker"":""Yes""},""Weight"":null}"
757e9a2ca9ed10ed63a818824291b4a53328d0493e11dc0ade1fd8e237ad63ef,mega,https://www.mega.pk/mobiles_products/27033/RedMagic-11-Pro-16GB-RAM-512GB-Storage-PTA-Approved.html,mega.pk/mega__RedMagic-11-Pro-16GB-RAM-512GB-Storage-PTA-Approved.html.json,2026-08-15T07:50:00+00:00,22cf53c8f7db6ce6753758fc7eb5fbd209fd69d80079dc9f85d3818ce1ced454,"{""Battery"":{""Capacity"":null,""Charging"":[],""WirelessCharging"":0},""Body"":{""Build"":null,""Dimensions"":null,""Protection"":null,""SIM"":null,""Weight"":null},""Colors"":[""Black"",""Silver""],""Display"":{""Protection"":null,""Resolution"":null,""Size"":null,""Type"":null},""Features"":{""BackFingerPrint"":0,""Bluetooth"":null,""InDisplayFingerPrint"":0,""Infrared port"":0,""NFC"":0,""Positioning"":null,""Radio"":0,""Sensors"":null,""SideFingerPrint"":0,""USB"":null,""WLAN"":null},""Launch"":{""Announced"":null,""Status"":null},""Main Camera"":{""Features"":null,""Specifications"":[],""Video"":[]},""Memory"":{""Card slot"":null,""Technology"":null,""Types"":[""16GB""]},""MobileName"":""RedMagic 11 Pro 16GB RAM 512GB Storage PTA Approved"",""Network"":{""2G"":0,""3G"":0,""4G"":0,""5G"":0},""Platform"":{""CPU"":null,""Chipset"":null,""GPU"":null,""OS"":null},""Price"":[329999.0],""Selfie Camera"":{""Features"":null,""Specifications"":[],""Video"":[]},""Sound"":{""3.5mm jack"":0,""Loudspeaker"":""Yes""},""Weight"":null}"
c2a88ba1eb8fbc0829ed15914a3220c5e0198de97e10877ac99cf47e4bd4ffd6,mega,https://www.mega.pk/mobiles_products/27034/RedMagic-11-Pro-24GB-RAM-1TB-Storage-NON-PTA.html,mega.pk/mega__RedMagic-11-Pro-24GB-RAM-1TB-Storage-NON-PTA.html.json,2026-08-15T07:50:12+00:00,e833c00d7096d5bc875ecb23d33e411cd814ec015f3f11fafc2af55a35595f7c,"{""Battery"":{""Capacity"":null,""Charging"":[],""WirelessCharging"":0},""Body"":{""Build"":null,""Dimensions"":null,""Protection"":null,""SIM"":null,""Weight"":null},""Colors"":[""Black"",""Silver""],""Display"":{""Protection"":null,""Resolution"":null,""Size"":null,""Type"":null},""Features"":{""BackFingerPrint"":0,""Bluetooth"":null,""InDisplayFingerPrint"":0,""Infrared port"":0,""NFC"":0,""Positioning"":null,""Radio"":0,""Sensors"":null,""SideFingerPrint"":0,""USB"":null,""WLAN"":null},""Launch"":{""Announced"":null,""Status"":null},""Main Camera"":{""Features"":null,""Specifications"":[],""Video"":[]},""Memory"":{""Card slot"":null,""Technology"":null,""Types"":[""24GB""]},""MobileName"":""RedMagic 11 Pro 24GB RAM 1TB Storage NON PTA"",""Network"":{""2G"":0,""3G"":0,""4G"":0,""5G"":0},""Platform"":{""CPU"":null,""Chipset"":null,""GPU"":null,""OS"":null},""Price"":[379999.0],""Selfie Camera"":{""Features"":null,""Specifications"":[],""Video"":[]},""Sound"":{""3.5mm jack"":0,""Loudspeaker"":""Yes""},""Weight"":null}"
af1ae932a6a0b2f7b9ae20841e92607015110d055b6c46078404da4888752369,mega,https://www.mega.pk/mobiles_products/26995/Samsung-Galaxy-A07-4GB-RAM-128GB-Storage-PTA-Approved.html,mega.pk/mega__Samsung-Galaxy-A07-4GB-RAM-128GB-Storage-PTA-Approved.html.json,2026-08-15T07:48:26+00:00,e079b3e8a6774d9008b8d6c1c95f2469e4f97ab82304244a1d8ad5653d887763,"{""Battery"":{""Capacity"":null,""Charging"":[],""WirelessCharging"":0},""Body"":{""Build"":null,""Dimensions"":null,""Protection"":null,""SIM"":null,""Weight"":null},""Colors"":[""Gray"",""Light Violet"",""Dark Green""],""Display"":{""Protection"":null,""Resolution"":null,""Size"":null,""Type"":null},""Features"":{""BackFingerPrint"":0,""Bluetooth"":null,""InDisplayFingerPrint"":0,""Infrared port"":0,""NFC"":0,""Positioning"":null,""Radio"":0,""Sensors"":null,""SideFingerPrint"":0,""USB"":null,""WLAN"":null},""Launch"":{""Announced"":null,""Status"":null},""Main Camera"":{""Features"":null,""Specifications"":[],""Video"":[]},""Memory"":{""Card slot"":null,""Technology"":null,""Types"":[""4GB""]},""MobileName"":""Samsung Galaxy A07 4GB RAM 128GB Storage PTA Approved"",""Network"":{""2G"":0,""3G"":0,""4G"":0,""5G"":0},""Platform"":{""CPU"":null,""Chipset"":null,""GPU"":null,""OS"":null},""Price"":[39999.0],""Selfie Camera"":{""Features"":null,""Specifications"":[],""Video"":[]},""Sound"":{""3.5mm jack"":0,""Loudspeaker"":""Yes""},""Weight"":null}"
1168facf35e7c529c1b6ceedfab64336add76ddd26c9e053089390666de0db58,mega,https://www.mega.pk/mobiles_products/26994/Samsung-Galaxy-A07-4GB-RAM-64GB-Storage-PTA-Approved.html,mega.pk/mega__Samsung-Galaxy-A07-4GB-RAM-64GB-Storage-PTA-Approved.html.json,2026-08-15T07:48:11+00:00,2cc77a0989bed74b765485da1947f18ca5f01d147f2544a6b17067e1bdd1365a,"{""Battery"":{""Capacity"":null,""Charging"":[],""WirelessCharging"":0},""Body"":{""Build"":null,""Dimensions"":null,""Protection"":null,""SIM"":null,""Weight"":null},""Colors"":[""Gray"",""Light Violet"",""Dark Green""],""Display"":{""Protection"":null,""Resolution"":null,""Size"":null,""Type"":null},""Features"":{""BackFingerPrint"":0,""Bluetooth"":null,""InDisplayFingerPrint"":0,""Infrared port"":0,""NFC"":0,""Positioning"":null,""Radio"":0,""Sensors"":null,""SideFingerPrint"":0,""USB"":null,""WLAN"":null},""Launch"":{""Announced"":null,""Status"":null},""Main Camera"":{""Features"":null,""Specifications"":[],""Video"":[]},""Memory"":{""Card slot"":null,""Technology"":null,""Types"":[""4GB""]},""MobileName"":""Samsung Galaxy A07 4GB RAM 64GB Storage PTA Approved"",""Network"":{""2G"":0,""3G"":0,""4G"":0,""5G"":0},""Platform"":{""CPU"":null,""Chipset"":null,""GPU"":null,""OS"":null},""Price"":[34999.0],""Selfie Camera"":{""Features"":null,""Specifications"":[],""Video"":[]},""Sound"":{""3.5mm jack"":0,""Loudspeaker"":""Yes""},""Weight"":null}"
42207b65b49808aa0c95243c5afb952ac3043a91e31a94e83ddd34deaeeaaaab,mega,https://www.mega.pk/mobiles_products/26852/Samsung-Galaxy-A07-6GB-RAM-128GB-Storage-PTA-Approved.html,mega.pk/mega__Samsung-Galaxy-A07-6GB-RAM-128GB-Storage-PTA-Approved.html.json,2026-08-15T07:44:25+00:00,7f8868893bfa4ebe6f2aeff3391c5cafe0c4bf3741d5fcb4169ec796c67a296b,"{""Battery"":{""Capacity"":null,""Charging"":[],""WirelessCharging"":0},""Body"":{""Build"":null,""Dimensions"":null,""Protection"":null,""SIM"":null,""Weight"":null},""Colors"":[""Gray"",""Light Violet"",""Dark Green""],""Display"":{""Protection"":null,""Resolution"":null,""Size"":null,""Type"":null},""Features"":{""BackFingerPrint"":0,""Bluetooth"":null,""InDisplayFingerPrint"":0,""Infrared port"":0,""NFC"":0,""Positioning"":null,""Radio"":0,""Sensors"":null,""SideFingerPrint"":0,""USB"":null,""WLAN"":null},""Launch"":{""Announced"":null,""Status"":null},""Main Camera"":{""Features"":null,""Specifications"":[],""Video"":[]},""Memory"":{""Card slot"":null,""Technology"":null,""Types"":[""6GB""]},""MobileName"":""Samsung Galaxy A07 6GB RAM 128GB Storage PTA Approved"",""Network"":{""2G"":0,""3G"":0,""4G"":0,""5G"":0},""Platform"":{""CPU"":null,""Chipset"":null,""GPU"":null,""OS"":null},""Price"":[49499.0],""Selfie Camera"":{""Features"":null,""Specifications"":[],""Video"":[]},""Sound"":{""3.5mm jack"":0,""Loudspeaker"":""Yes""},""Weight"":null}"
f7057c15bbed31f6850445b846d30e8fa7ca1abb554baf8b4129ab6b6218a5c5,mega,https://www.mega.pk/mobiles_products/26820/Samsung-Galaxy-A17-6GB-RAM-128GB-Storage--PTA-Approved.html,mega.pk/mega__Samsung-Galaxy-A17-6GB-RAM-128GB-Storage--PTA-Approved.html.json,2026-08-15T07:42:18+00:00,4ed2576d12034356fe57210c640b492788ce326c03a9290d29440a24ba356a94,"{""Battery"":{""Capacity"":null,""Charging"":[],""WirelessCharging"":0},""Body"":{""Build"":null,""Dimensions"":null,""Protection"":null,""SIM"":null,""Weight"":null},""Colors"":[""Black"",""Gray"",""Blue""],""Display"":{""Protection"":null,""Resolution"":null,""Size"":null,""Type"":null},""Features"":{""BackFingerPrint"":0,""Bluetooth"":null,""InDisplayFingerPrint"":0,""Infrared port"":0,""NFC"":0,""Positioning"":null,""Radio"":0,""Sensors"":null,""SideFingerPrint"":0,""USB"":null,""WLAN"":null},""Launch"":{""Announced"":null,""Status"":null},""Main Camera"":{""Features"":null,""Specifications"":[],""Video"":[]},""Memory"":{""Card slot"":null,""Technology"":null,""Types"":[""6GB""]},""MobileName"":""Samsung Galaxy A17 6GB RAM 128GB Storage PTA Approved"",""Network"":{""2G"":0,""3G"":0,""4G"":0,""5G"":0},""Platform"":{""CPU"":null,""Chipset"":null,""GPU"":null,""OS"":null},""Price"":[64999.0],""Selfie Camera"":{""Features"":null,""Specifications"":[],""Video"":[]},""Sound"":{""3.5mm jack"":0,""Loudspeaker"":""Yes""},""Weight"":null}"
78f77877b35fe1886cc65b05e948cd067098d722057b434129226df956bc4974,mega,https://www.mega.pk/mobiles_products/26993/Samsung-Galaxy-A17-8GB-RAM-256GB-Storage-PTA-Approved.html,mega.pk/mega__Samsung-Galaxy-A17-8GB-RAM-256GB-Storage-PTA-Approved.html.json,2026-08-15T07:48:02+00:00,629c7e5de0dfd17744f10a64c7e2e724d14a143449e80d11d87fb9e334e073aa,"{""Battery"":{""Capacity"":null,""Charging"":[],""WirelessCharging"":0},""Body"":{""Build"":null,""Dimensions"":null,""Protection"":null,""SIM"":null,""Weight"":null},""Colors"":[""Black"",""Gray"",""Blue""],""Display"":{""Protection"":null,""Resolution"":null,""Size"":null,""Type"":null},""Features"":{""BackFingerPrint"":0,""Bluetooth"":null,""InDisplayFingerPrint"":0,""Infrared port"":0,""NFC"":0,""Positioning"":null,""Radio"":0,""Sensors"":null,""SideFingerPrint"":0,""USB"":null,""WLAN"":null},""Launch"":{""Announced"":null,""Status"":null},""Main Camera"":{""Features"":null,""Specifications"":[],""Video"":[]},""Memory"":{""Card slot"":null,""Technology"":null,""Types"":[""8GB""]},""MobileName"":""Samsung Galaxy A17 8GB RAM 256GB Storage PTA Approved"",""Network"":{""2G"":0,""3G"":0,""4G"":0,""5G"":0},""Platform"":{""CPU"":null,""Chipset"":null,""GPU"":null,""OS"":null},""Price"":[72499.0],""Selfie Camera"":{""Features"":null,""Specifications"":[],""Video"":[]},""Sound"":{""3.5mm jack"":0,""Loudspeaker"":""Yes""},""Weight"":null}"
ea4b99677230b8f0f4b86817acdfb08debfdb862e7a0aba3f9bdd0e91e51f908,mega,https://www.mega.pk/mobiles_products/26634/Samsung-Galaxy-A26-8GB-RAM-256GB-Storage-PTA-APPROVED.html,mega.pk/mega__Samsung-Galaxy-A26-8GB-RAM-256GB-Storage-PTA-APPROVED.html.json,2026-08-15T07:37:27+00:00,127d40513b2781a74dad7adba0fca5da85f89fcd6fe9f2e5227fddc5b393b0b0,"{""Battery"":{""Capacity"":null,""Charging"":[],""WirelessCharging"":0},""Body"":{""Build"":null,""Dimensions"":null,""Protection"":null,""SIM"":null,""Weight"":null},""Colors"":[""Black"",""White"",""Mint"",""Peach Pink""],""Display"":{""Protection"":null,""Resolution"":null,""Size"":null,""Type"":null},""Features"":{""BackFingerPrint"":0,""Bluetooth"":null,""InDisplayFingerPrint"":0,""Infrared port"":0,""NFC"":0,""Positioning"":null,""Radio"":0,""Sensors"":null,""SideFingerPrint"":0,""USB"":null,""WLAN"":null},""Launch"":{""Announced"":null,""Status"":null},""Main Camera"":{""Features"":null,""Specifications"":[],""Video"":[]},""Memory"":{""Card slot"":null,""Technology"":null,""Types"":[""8GB""]},""MobileName"":""Samsung Galaxy A26 8GB RAM 256GB Storage PTA APPROVED"",""Network"":{""2G"":0,""3G"":0,""4G"":0,""5G"":0},""Platform"":{""CPU"":null,""Chipset"":null,""GPU"":null,""OS"":null},""Price"":[99999.0],""Selfie Camera"":{""Features"":null,""Specifications"":[],""Video"":[]},""Sound"":{""3.5mm jack"":0,""Loudspeaker"":""Yes""},""Weight"":null}"
4b18f0bc20d997f1cdd76b87814460c89b96ec8fbc3a2c3ac88a189e9b4695e7,mega,https://www.mega.pk/mobiles_products/26630/Samsung-Galaxy-A36-8GB-RAM-256GB-Storage-PTA-APPROVED.html,mega.pk/mega__Samsung-Galaxy-A36-8GB-RAM-256GB-Storage-PTA-APPROVED.html.json,2026-08-15T07:37:14+00:00,9c088a8df29cc1afc4e9ec5533b200a3bbd6324a5bb23f7d0a433dbe4bf305e3,"{""Battery"":{""Capacity"":null,""Charging"":[],""WirelessCharging"":0},""Body"":{""Build"":null,""Dimensions"":null,""Protection"":null,""SIM"":null,""Weight"":null},""Colors"":[""Lavender"",""Black"",""White"",""Lime""],""Display"":{""Protection"":null,""Resolution"":null,""Size"":null,""Type"":null},""Features"":{""BackFingerPrint"":0,""Bluetooth"":null,""InDisplayFingerPrint"":0,""Infrared port"":0,""NFC"":0,""Positioning"":null,""Radio"":0,""Sensors"":null,""SideFingerPrint"":0,""USB"":null,""WLAN"":null},""Launch"":{""Announced"":null,""Status"":null},""Main Camera"":{""Features"":null,""Specifications"":[],""Video"":[]},""Memory"":{""Card slot"":null,""Technology"":null,""Types"":[""8GB""]},""MobileName"":""Samsung Galaxy A36 8GB RAM 256GB Storage PTA APPROVED"",""Network"":{""2G"":0,""3G"":0,""4G"":0,""5G"":0},""Platform"":{""CPU"":null,""Chipset"":null,""GPU"":null,""OS"":null},""Price"":[109999.0],""Selfie Camera"":{""Features"":null,""Specifications"":[],""Video"":[]},""Sound"":{""3.5mm jack"":0,""Loudspeaker"":""Yes""},""Weight"":null}"
156a618700ec650ff6af26dd38cbe350156a7eab3c2cf3751585f4367d350b1c,mega,https://www.mega.pk/mobiles_products/27056/Samsung-Galaxy-A37-8GB-RAM-256GB-Storage-5G-PTA-APPROVED.html,mega.pk/mega__Samsung-Galaxy-A37-8GB-RAM-256GB-Storage-5G-PTA-APPROVED.html.json,2026-08-15T07:50:20+00:00,2b408b6b6874cbbab4a5eaf774bc37d131480a4e76fed7d96326c5b352c5989c,"{""Battery"":{""Capacity"":null,""Charging"":[],""WirelessCharging"":0},""Body"":{""Build"":null,""Dimensions"":null,""Protection"":null,""SIM"":null,""Weight"":null},""Colors"":[""Graygreen"",""Charkoal"",""White"",""Light Violet""],""Display"":{""Protection"":null,""Resolution"":null,""Size"":null,""Type"":null},""Features"":{""BackFingerPrint"":0,""Bluetooth"":null,""InDisplayFingerPrint"":0,""Infrared port"":0,""NFC"":0,""Positioning"":null,""Radio"":0,""Sensors"":null,""SideFingerPrint"":0,""USB"":null,""WLAN"":null},""Launch"":{""Announced"":null,""Status"":null},""Main Camera"":{""Features"":null,""Specifications"":[],""Video"":[]},""Memory"":{""Card slot"":null,""Technology"":null,""Types"":[""8GB""]},""MobileName"":""Samsung Galaxy A37 8GB RAM 256GB Storage 5G PTA APPROVED"",""Network"":{""2G"":0,""3G"":0,""4G"":0,""5G"":0},""Platform"":{""CPU"":null,""Chipset"":null,""GPU"":null,""OS"":null},""Price"":[139999.0],""Selfie Camera"":{""Features"":null,""Specifications"":[],""Video"":[]},""Sound"":{""3.5mm jack"":0,""Loudspeaker"":""Yes""},""Weight"":null}"
90d1025441a844fee642ae620d6b179ebc4fa879c4807a79b1c1e68e3e92e612,mega,https://www.mega.pk/mobiles_products/26626/Samsung-Galaxy-A56-12GB-RAM-256GB-Storage-PTA-APPROVED.html,mega.pk/mega__Samsung-Galaxy-A56-12GB-RAM-256GB-Storage-PTA-APPROVED.html.json,2026-08-15T07:36:50+00:00,a64d7496d50ee5d230d62d89a2cd6185ed4d9e41e998490c58cd50b5cabaea17,"{""Battery"":{""Capacity"":null,""Charging"":[],""WirelessCharging"":0},""Body"":{""Build"":null,""Dimensions"":null,""Protection"":null,""SIM"":null,""Weight"":null},""Colors"":[""Pink"",""Olive"",""Graphite"",""Lightgray""],""Display"":{""Protection"":null,""Resolution"":null,""Size"":null,""Type"":null},""Features"":{""BackFingerPrint"":0,""Bluetooth"":null,""InDisplayFingerPrint"":0,""Infrared port"":0,""NFC"":0,""Positioning"":null,""Radio"":0,""Sensors"":null,""SideFingerPrint"":0,""USB"":null,""WLAN"":null},""Launch"":{""Announced"":null,""Status"":null},""Main Camera"":{""Features"":null,""Specifications"":[],""Video"":[]},""Memory"":{""Card slot"":null,""Technology"":null,""Types"":[""12GB""]},""MobileName"":""Samsung Galaxy A56 12GB RAM 256GB Storage PTA APPROVED"",""Network"":{""2G"":0,""3G"":0,""4G"":0,""5G"":0},""Platform"":{""CPU"":null,""Chipset"":null,""GPU"":null,""OS"":null},""Price"":[133999.0],""Selfie Camera"":{""Features"":null,""Specifications"":[],""Video"":[]},""Sound"":{""3.5mm jack"":0,""Loudspeaker"":""Yes""},""Weight"":null}"
aab11bc77ee9f9198871a36a0f49cc88d9a72f5c83d7aa7c572c7a99a4f8f00d,mega,https://www.mega.pk/mobiles_products/26627/Samsung-Galaxy-A56-8GB-RAM-256GB-Storage-PTA-APPROVED.html,mega.pk/mega__Samsung-Galaxy-A56-8GB-RAM-256GB-Storage-PTA-APPROVED.html.json,2026-08-15T07:37:02+00:00,6ed2b5edc70ee75db5525a09478f4a9d0ab9495a4a2b73fb67ea3ff236065603,"{""Battery"":{""Capacity"":null,""Charging"":[],""WirelessCharging"":0},""Body"":{""Build"":null,""Dimensions"":null,""Protection"":null,""SIM"":null,""Weight"":null},""Colors"":[""Pink"",""Olive"",""Graphite"",""Lightgray""],""Display"":{""Protection"":null,""Resolution"":null,""Size"":null,""Type"":null},""Features"":{""BackFingerPrint"":0,""Bluetooth"":null,""InDisplayFingerPrint"":0,""Infrared port"":0,""NFC"":0,""Positioning"":null,""Radio"":0,""Sensors"":null,""SideFingerPrint"":0,""USB"":null,""WLAN"":null},""Launch"":{""Announced"":null,""Status"":null},""Main Camera"":{""Features"":null,""Specifications"":[],""Video"":[]},""Memory"":{""Card slot"":null,""Technology"":null,""Types"":[""8GB""]},""MobileName"":""Samsung Galaxy A56 8GB RAM 256GB Storage PTA APPROVED"",""Network"":{""2G"":0,""3G"":0,""4G"":0,""5G"":0},""Platform"":{""CPU"":null,""Chipset"":null,""GPU"":null,""OS"":null},""Price"":[122999.0],""Selfie Camera"":{""Features"":null,""Specifications"":[],""Video"":[]},""Sound"":{""3.5mm jack"":0,""Loudspeaker"":""Yes""},""Weight"":null}"
ecfe8c0a8eca6f55293caeb9cee44ec518785ee3378312d68aba2495ba029a5f,mega,https://www.mega.pk/mobiles_products/27057/Samsung-Galaxy-A57-8GB-RAM-256GB-Storage-5G-PTA-APPROVED.html,mega.pk/mega__Samsung-Galaxy-A57-8GB-RAM-256GB-Storage-5G-PTA-APPROVED.html.json,2026-08-15T07:50:34+00:00,93e47e70e60b9eec5c9b4a12c5a8d0bc5ee8a1f60b8d19c59c728f1854a12952,"{""Battery"":{""Capacity"":null,""Charging"":[],""WirelessCharging"":0},""Body"":{""Build"":null,""Dimensions"":null,""Protection"":null,""SIM"":null,""Weight"":null},""Colors"":[""Navy"",""Gray"",""Icyblue"",""Lilac""],""Display"":{""Protection"":null,""Resolution"":null,""Size"":null,""Type"":null},""Features"":{""BackFingerPrint"":0,""Bluetooth"":null,""InDisplayFingerPrint"":0,""Infrared port"":0,""NFC"":0,""Positioning"":null,""Radio"":0,""Sensors"":null,""SideFingerPrint"":0,""USB"":null,""WLAN"":null},""Launch"":{""Announced"":null,""Status"":null},""Main Camera"":{""Features"":null,""Specifications"":[],""Video"":[]},""Memory"":{""Card slot"":null,""Technology"":null,""Types"":[""8GB""]},""MobileName"":""Samsung Galaxy A57 8GB RAM 256GB Storage 5G PTA APPROVED"",""Network"":{""2G"":0,""3G"":0,""4G"":0,""5G"":0},""Platform"":{""CPU"":null,""Chipset"":null,""GPU"":null,""OS"":null},""Price"":[154999.0],""Selfie Camera"":{""Features"":null,""Specifications"":[],""Video"":[]},""Sound"":{""3.5mm jack"":0,""Loudspeaker"":""Yes""},""Weight"":null}"
385947cc42aa34e80d84822ed039802b45a599a17cd3680996ffa1988be4cb90,mega,https://www.mega.pk/mobiles_products/26949/Samsung-Galaxy-S25-FE-8GB-RAM-512GB-Storage-PTA-Approved.html,mega.pk/mega__Samsung-Galaxy-S25-FE-8GB-RAM-512GB-Storage-PTA-Approved.html.json,2026-08-15T07:46:31+00:00,58fef495d984fb17957f2df9ed89ce33be17dd1c4e5526f68d2dc0a76de87569,"{""Battery"":{""Capacity"":null,""Charging"":[],""WirelessCharging"":0},""Body"":{""Build"":null,""Dimensions"":null,""Protection"":null,""SIM"":null,""Weight"":null},""Colors"":[""Glass front (Gorilla Glass Victus+)"",""glass back (Gorilla Glass Victus+)"",""aluminum frame""],""Display"":{""Protection"":null,""Resolution"":null,""Size"":null,""Type"":null},""Features"":{""BackFingerPrint"":0,""Bluetooth"":null,""InDisplayFingerPrint"":0,""Infrared port"":0,""NFC"":0,""Positioning"":null,""Radio"":0,""Sensors"":null,""SideFingerPrint"":0,""USB"":null,""WLAN"":null},""Launch"":{""Announced"":null,""Status"":null},""Main Camera"":{""Features"":null,""Specifications"":[],""Video"":[]},""Memory"":{""Card slot"":null,""Technology"":null,""Types"":[""8GB""]},""MobileName"":""Samsung Galaxy S25 FE 8GB RAM 512GB Storage PTA Approved"",""Network"":{""2G"":0,""3G"":0,""4G"":0,""5G"":0},""Platform"":{""CPU"":null,""Chipset"":null,""GPU"":null,""OS"":null},""Price"":[216999.0],""Selfie Camera"":{""Features"":null,""Specifications"":[],""Video"":[]},""Sound"":{""3.5mm jack"":0,""Loudspeaker"":""Yes""},""Weight"":null}"
81d93478ff8a7cc9581d09b8b1bd00a7de5c27efdd4f5e4fff9e75481d22f18a,mega,https://www.mega.pk/mobiles_products/26590/Samsung-Galaxy-S25-Ultra-12GB-RAM-256GB-Storage-Non-PTA.html,mega.pk/mega__Samsung-Galaxy-S25-Ultra-12GB-RAM-256GB-Storage-Non-PTA.html.json,2026-08-15T07:35:58+00:00,592c33059879a3b22eef20c23baa41857e9fd18862339778bfea0319b955e644,"{""Battery"":{""Capacity"":null,""Charging"":[],""WirelessCharging"":0},""Body"":{""Build"":null,""Dimensions"":null,""Protection"":null,""SIM"":null,""Weight"":null},""Colors"":[""Titanium Black"",""Titanium Blue"",""Titanium Gray"",""Titanium Silver""],""Display"":{""Protection"":null,""Resolution"":null,""Size"":null,""Type"":null},""Features"":{""BackFingerPrint"":0,""Bluetooth"":null,""InDisplayFingerPrint"":0,""Infrared port"":0,""NFC"":0,""Positioning"":null,""Radio"":0,""Sensors"":null,""SideFingerPrint"":0,""USB"":null,""WLAN"":null},""Launch"":{""Announced"":null,""Status"":null},""Main Camera"":{""Features"":null,""Specifications"":[],""Video"":[]},""Memory"":{""Card slot"":null,""Technology"":null,""Types"":[""12GB""]},""MobileName"":""Samsung Galaxy S25 Ultra 12GB RAM 256GB Storage Non PTA"",""Network"":{""2G"":0,""3G"":0,""4G"":0,""5G"":0},""Platform"":{""CPU"":null,""Chipset"":null,""GPU"":null,""OS"":null},""Price"":[252999.0],""Selfie Camera"":{""Features"":null,""Specifications"":[],""Video"":[]},""Sound"":{""3.5mm jack"":0,""Loudspeaker"":""Yes""},""Weight"":null}"
ba2bc70b09510c1d5c4199e821011b5cf030295306cf92b32a7a64328f8804d2,mega,https://www.mega.pk/mobiles_products/26593/Samsung-Galaxy-S25-Ultra-12GB-RAM-256GB-Storage-PTA-Approved.html,mega.pk/mega__Samsung-Galaxy-S25-Ultra-12GB-RAM-256GB-Storage-PTA-Approved.html.json,2026-08-15T07:36:31+00:00,9891ba3f3bd43e0b92103043a6e94987e73ad5782797284642d6c278a3ac003f,"{""Battery"":{""Capacity"":null,""Charging"":[],""WirelessCharging"":0},""Body"":{""Build"":null,""Dimensions"":null,""Protection"":null,""SIM"":null,""Weight"":null},""Colors"":[""Titanium Black"",""Titanium Blue"",""Titanium Gray"",""Titanium Silver""],""Display"":{""Protection"":null,""Resolution"":null,""Size"":null,""Type"":null},""Features"":{""BackFingerPrint"":0,""Bluetooth"":null,""InDisplayFingerPrint"":0,""Infrared port"":0,""NFC"":0,""Positioning"":null,""Radio"":0,""Sensors"":null,""SideFingerPrint"":0,""USB"":null,""WLAN"":null},""Launch"":{""Announced"":null,""Status"":null},""Main Camera"":{""Features"":null,""Specifications"":[],""Video"":[]},""Memory"":{""Card slot"":null,""Technology"":null,""Types"":[""12GB""]},""MobileName"":""Samsung Galaxy S25 Ultra 12GB RAM 256GB Storage PTA Approved"",""Network"":{""2G"":0,""3G"":0,""4G"":0,""5G"":0},""Platform"":{""CPU"":null,""Chipset"":null,""GPU"":null,""OS"":null},""Price"":[342999.0],""Selfie Camera"":{""Features"":null,""Specifications"":[],""Video"":[]},""Sound"":{""3.5mm jack"":0,""Loudspeaker"":""Yes""},""Weight"":null}"
ef7b5be3dc364ecfba9dbe249f7e75cec196ec1e17fddb06a949e4988fdaa29c,mega,https://www.mega.pk/mobiles_products/26591/Samsung-Galaxy-S25-Ultra-12GB-RAM-512GB-Storage-Non-PTA.html,mega.pk/mega__Samsung-Galaxy-S25-Ultra-12GB-RAM-512GB-Storage-Non-PTA.html.json,2026-08-15T07:36:08+00:00,d7272cc2c3b775b0e04d17332e9e17b47af6a98dd91374f8f8eef0d1a46cefc0,"{""Battery"":{""Capacity"":null,""Charging"":[],""WirelessCharging"":0},""Body"":{""Build"":null,""Dimensions"":null,""Protection"":null,""SIM"":null,""Weight"":null},""Colors"":[""Titanium Black"",""Titanium Blue"",""Titanium Gray"",""Titanium Silver""],""Display"":{""Protection"":null,""Resolution"":null,""Size"":null,""Type"":null},""Features"":{""BackFingerPrint"":0,""Bluetooth"":null,""InDisplayFingerPrint"":0,""Infrared port"":0,""NFC"":0,""Positioning"":null,""Radio"":0,""Sensors"":null,""SideFingerPrint"":0,""USB"":null,""WLAN"":null},""Launch"":{""Announced"":null,""Status"":null},""Main Camera"":{""Features"":null,""Specifications"":[],""Video"":[]},""Memory"":{""Card slot"":null,""Technology"":null,""Types"":[""12GB""]},""MobileName"":""Samsung Galaxy S25 Ultra 12GB RAM 512GB Storage Non PTA"",""Network"":{""2G"":0,""3G"":0,""4G"":0,""5G"":0},""Platform"":{""CPU"":null,""Chipset"":null,""GPU"":null,""OS"":null},""Price"":[290999.0],""Selfie Camera"":{""Features"":null,""Specifications"":[],""Video"":[]},""Sound"":{""3.5mm jack"":0,""Loudspeaker"":""Yes""},""Weight"":null}"
2e8e1eab233c58ff36b7dc088660f72843bc98b1fd6ca3c26d7a71ed6e99faf6,mega,https://www.mega.pk/mobiles_products/26592/Samsung-Galaxy-S25-Ultra-12GB-RAM-512GB-Storage-PTA-Approved.html,mega.pk/mega__Samsung-Galaxy-S25-Ultra-12GB-RAM-512GB-Storage-PTA-Approved.html.json,2026-08-15T07:36:19+00:00,d3840f24cc72dd962dc7a65755c91a3d47839a748fbb502431e61fc6068ff36c,"{""Battery"":{""Capacity"":null,""Charging"":[],""WirelessCharging"":0},""Body"":{""Build"":null,""Dimensions"":null,""Protection"":null,""SIM"":null,""Weight"":null},""Colors"":[""Titanium Black"",""Titanium Blue"",""Titanium Gray"",""Titanium Silver""],""Display"":{""Protection"":null,""Resolution"":null,""Size"":null,""Type"":null},""Features"":{""BackFingerPrint"":0,""Bluetooth"":null,""InDisplayFingerPrint"":0,""Infrared port"":0,""NFC"":0,""Positioning"":null,""Radio"":0,""Sensors"":null,""SideFingerPrint"":0,""USB"":null,""WLAN"":null},""Launch"":{""Announced"":null,""Status"":null},""Main Camera"":{""Features"":null,""Specifications"":[],""Video"":[]},""Memory"":{""Card slot"":null,""Technology"":null,""Types"":[""12GB""]},""MobileName"":""Samsung Galaxy S25 Ultra 12GB RAM 512GB Storage PTA Approved"",""Network"":{""2G"":0,""3G"":0,""4G"":0,""5G"":0},""Platform"":{""CPU"":null,""Chipset"":null,""GPU"":null,""OS"":null},""Price"":[384999.0],""Selfie Camera"":{""Features"":null,""Specifications"":[],""Video"":[]},""Sound"":{""3.5mm jack"":0,""Loudspeaker"":""Yes""},""Weight"":null}"
e02e6c1ca64c7724c6fe5db5aee6f5cbe8723f2324a46a662c29aa0e997db539,mega,https://www.mega.pk/mobiles_products/26276/Samsung-Galaxy-S25-Ultra.html,mega.pk/mega__Samsung-Galaxy-S25-Ultra.html.json,2026-08-15T07:35:03+00:00,3f0adba82769885438e9b525bb8c5e57e20f5efb31b163f58652fd766a206ceb,"{""Battery"":{""Capacity"":null,""Charging"":[],""WirelessCharging"":0},""Body"":{""Build"":null,""Dimensions"":null,""Protection"":null,""SIM"":null,""Weight"":null},""Colors"":[""Titanium Black"",""Titanium Blue"",""Titanium Gray"",""Titanium Silver""],""Display"":{""Protection"":null,""Resolution"":null,""Size"":null,""Type"":null},""Features"":{""BackFingerPrint"":0,""Bluetooth"":null,""InDisplayFingerPrint"":0,""Infrared port"":0,""NFC"":0,""Positioning"":null,""Radio"":0,""Sensors"":null,""SideFingerPrint"":0,""USB"":null,""WLAN"":null},""Launch"":{""Announced"":null,""Status"":null},""Main Camera"":{""Features"":null,""Specifications"":[],""Video"":[]},""Memory"":{""Card slot"":null,""Technology"":null,""Types"":[""12GB""]},""MobileName"":""Samsung Galaxy S25 Ultra"",""Network"":{""2G"":0,""3G"":0,""4G"":0,""5G"":0},""Platform"":{""CPU"":null,""Chipset"":null,""GPU"":null,""OS"":null},""Price"":[252999.0],""Selfie Camera"":{""Features"":null,""Specifications"":[],""Video"":[]},""Sound"":{""3.5mm jack"":0,""Loudspeaker"":""Yes""},""Weight"":null}"
5572465b44b1ddc379026be5c46bb115501643d2aa3e32d0f9514efa93393d88,mega,https://www.mega.pk/mobiles_products/26974/Samsung-Galaxy-S26-12GB-RAM-256GB-Storage-PTA-Approved.html,mega.pk/mega__Samsung-Galaxy-S26-12GB-RAM-256GB-Storage-PTA-Approved.html.json,2026-08-15T07:47:20+00:00,05b6d621522ef2665e3608185159e86edd72f29837079335ec2fe2bc966077da,"{""Battery"":{""Capacity"":null,""Charging"":[],""WirelessCharging"":0},""Body"":{""Build"":null,""Dimensions"":null,""Protection"":null,""SIM"":null,""Weight"":null},""Colors"":[""Cobalt Violet"",""Sky Blue"",""Black"",""White"",""Silver Shadow"",""Pink Gold""],""Display"":{""Protection"":null,""Resolution"":null,""Size"":null,""Type"":null},""Features"":{""BackFingerPrint"":0,""Bluetooth"":null,""InDisplayFingerPrint"":0,""Infrared port"":0,""NFC"":0,""Positioning"":null,""Radio"":0,""Sensors"":null,""SideFingerPrint"":0,""USB"":null,""WLAN"":null},""Launch"":{""Announced"":null,""Status"":null},""Main Camera"":{""Features"":null,""Specifications"":[],""Video"":[]},""Memory"":{""Card slot"":null,""Technology"":null,""Types"":[""12GB""]},""MobileName"":""Samsung Galaxy S26 12GB RAM 256GB Storage PTA Approved"",""Network"":{""2G"":0,""3G"":0,""4G"":0,""5G"":0},""Platform"":{""CPU"":null,""Chipset"":null,""GPU"":null,""OS"":null},""Price"":[287999.0],""Selfie Camera"":{""Features"":null,""Specifications"":[],""Video"":[]},""Sound"":{""3.5mm jack"":0,""Loudspeaker"":""Yes""},""Weight"":null}"
f509af40ec4efa7b7655a8af1f15a77bd05cc8170083987e7bf4868f3f394656,mega,https://www.mega.pk/mobiles_products/26975/Samsung-Galaxy-S26-12GB-RAM-512GB-Storage-PTA-Approved.html,mega.pk/mega__Samsung-Galaxy-S26-12GB-RAM-512GB-Storage-PTA-Approved.html.json,2026-08-15T07:47:30+00:00,64315386138ba17b3e7d7279e2ebd850a35dc8c73b34570f85c5555d440633b5,"{""Battery"":{""Capacity"":null,""Charging"":[],""WirelessCharging"":0},""Body"":{""Build"":null,""Dimensions"":null,""Protection"":null,""SIM"":null,""Weight"":null},""Colors"":[""Cobalt Violet"",""Sky Blue"",""Black"",""White"",""Silver Shadow"",""Pink Gold""],""Display"":{""Protection"":null,""Resolution"":null,""Size"":null,""Type"":null},""Features"":{""BackFingerPrint"":0,""Bluetooth"":null,""InDisplayFingerPrint"":0,""Infrared port"":0,""NFC"":0,""Positioning"":null,""Radio"":0,""Sensors"":null,""SideFingerPrint"":0,""USB"":null,""WLAN"":null},""Launch"":{""Announced"":null,""Status"":null},""Main Camera"":{""Features"":null,""Specifications"":[],""Video"":[]},""Memory"":{""Card slot"":null,""Technology"":null,""Types"":[""12GB""]},""MobileName"":""Samsung Galaxy S26 12GB RAM 512GB Storage PTA Approved"",""Network"":{""2G"":0,""3G"":0,""4G"":0,""5G"":0},""Platform"":{""CPU"":null,""Chipset"":null,""GPU"":null,""OS"":null},""Price"":[334999.0],""Selfie Camera"":{""Features"":null,""Specifications"":[],""Video"":[]},""Sound"":{""3.5mm jack"":0,""Loudspeaker"":""Yes""},""Weight"":null}"
f328bbe554da8215b887cfaf33ef577027612b794f704fa5a70b6efa0ed23241,mega,https://www.mega.pk/mobiles_products/26976/Samsung-Galaxy-S26-Plus-12GB-RAM-256GB-Storage-PTA-Approved.html,mega.pk/mega__Samsung-Galaxy-S26-Plus-12GB-RAM-256GB-Storage-PTA-Approved.html.json,2026-08-15T07:47:41+00:00,370c4e25ec9397c71938baca11bc7f6228917afd5a0b87d1d35015695bcefaaa,"{""Battery"":{""Capacity"":null,""Charging"":[],""WirelessCharging"":0},""Body"":{""Build"":null,""Dimensions"":null,""Protection"":null,""SIM"":null,""Weight"":null},""Colors"":[""Cobalt Violet"",""Sky Blue"",""Black"",""White"",""Silver Shadow"",""Pink Gold""],""Display"":{""Protection"":null,""Resolution"":null,""Size"":null,""Type"":null},""Features"":{""BackFingerPrint"":0,""Bluetooth"":null,""InDisplayFingerPrint"":0,""Infrared port"":0,""NFC"":0,""Positioning"":null,""Radio"":0,""Sensors"":null,""SideFingerPrint"":0,""USB"":null,""WLAN"":null},""Launch"":{""Announced"":null,""Status"":null},""Main Camera"":{""Features"":null,""Specifications"":[],""Video"":[]},""Memory"":{""Card slot"":null,""Technology"":null,""Types"":[""12GB""]},""MobileName"":""Samsung Galaxy S26 Plus 12GB RAM 256GB Storage PTA Approved"",""Network"":{""2G"":0,""3G"":0,""4G"":0,""5G"":0},""Platform"":{""CPU"":null,""Chipset"":null,""GPU"":null,""OS"":null},""Price"":[354999.0],""Selfie Camera"":{""Features"":null,""Specifications"":[],""Video"":[]},""Sound"":{""3.5mm jack"":0,""Loudspeaker"":""Yes""},""Weight"":null}"
7729afd873637ccd35030aad15d1674642e4343235885ae60732a4a7ed9f3480,mega,https://www.mega.pk/mobiles_products/26977/Samsung-Galaxy-S26-Plus-12GB-RAM-512GB-Storage-PTA-Approved.html,mega.pk/mega__Samsung-Galaxy-S26-Plus-12GB-RAM-512GB-Storage-PTA-Approved.html.json,2026-08-15T07:47:52+00:00,d800516472faa4cf3317865ade8b97cb808d2d01e2ce5417a6ad2829157a3019,"{""Battery"":{""Capacity"":null,""Charging"":[],""WirelessCharging"":0},""Body"":{""Build"":null,""Dimensions"":null,""Protection"":null,""SIM"":null,""Weight"":null},""Colors"":[""Cobalt Violet"",""Sky Blue"",""Black"",""White"",""Silver Shadow"",""Pink Gold""],""Display"":{""Protection"":null,""Resolution"":null,""Size"":null,""Type"":null},""Features"":{""BackFingerPrint"":0,""Bluetooth"":null,""InDisplayFingerPrint"":0,""Infrared port"":0,""NFC"":0,""Positioning"":null,""Radio"":0,""Sensors"":null,""SideFingerPrint"":0,""USB"":null,""WLAN"":null},""Launch"":{""Announced"":null,""Status"":null},""Main Camera"":{""Features"":null,""Specifications"":[],""Video"":[]},""Memory"":{""Card slot"":null,""Technology"":null,""Types"":[""12GB""]},""MobileName"":""Samsung Galaxy S26 Plus 12GB RAM 512GB Storage PTA Approved"",""Network"":{""2G"":0,""3G"":0,""4G"":0,""5G"":0},""Platform"":{""CPU"":null,""Chipset"":null,""GPU"":null,""OS"":null},""Price"":[369999.0],""Selfie Camera"":{""Features"":null,""Specifications"":[],""Video"":[]},""Sound"":{""3.5mm jack"":0,""Loudspeaker"":""Yes""},""Weight"":null}"
113f5a1cb33344bc23042c20674e577f33d1c208aad3cc38519c8cc266ecd15d,mega,https://www.mega.pk/mobiles_products/26997/Samsung-Galaxy-S26-Ultra-12GB-RAM-256GB-Storage-NON-PTA.html,mega.pk/mega__Samsung-Galaxy-S26-Ultra-12GB-RAM-256GB-Storage-NON-PTA.html.json,2026-08-15T07:48:48+00:00,7e63bc34c5507ff422b4677b199919da980b0c7d7d855631f083049108225890,"{""Battery"":{""Capacity"":null,""Charging"":[],""WirelessCharging"":0},""Body"":{""Build"":null,""Dimensions"":null,""Protection"":null,""SIM"":null,""Weight"":null},""Colors"":[""Cobalt Violet"",""Sky Blue"",""Black"",""White"",""Silver Shadow"",""Pink Gold""],""Display"":{""Protection"":null,""Resolution"":null,""Size"":null,""Type"":null},""Features"":{""BackFingerPrint"":0,""Bluetooth"":null,""InDisplayFingerPrint"":0,""Infrared port"":0,""NFC"":0,""Positioning"":null,""Radio"":0,""Sensors"":null,""SideFingerPrint"":0,""USB"":null,""WLAN"":null},""Launch"":{""Announced"":null,""Status"":null},""Main Camera"":{""Features"":null,""Specifications"":[],""Video"":[]},""Memory"":{""Card slot"":null,""Technology"":null,""Types"":[""12GB""]},""MobileName"":""Samsung Galaxy S26 Ultra 12GB RAM 256GB Storage NON PTA"",""Network"":{""2G"":0,""3G"":0,""4G"":0,""5G"":0},""Platform"":{""CPU"":null,""Chipset"":null,""GPU"":null,""OS"":null},""Price"":[284999.0],""Selfie Camera"":{""Features"":null,""Specifications"":[],""Video"":[]},""Sound"":{""3.5mm jack"":0,""Loudspeaker"":""Yes""},""Weight"":null}"
ef0aae9cd421dee1784ba4b90cf58f7ccb7b138e4bbaf2755b727d88a7927f83,mega,https://www.mega.pk/mobiles_products/26972/Samsung-Galaxy-S26-Ultra-12GB-RAM-256GB-Storage-PTA-Approved.html,mega.pk/mega__Samsung-Galaxy-S26-Ultra-12GB-RAM-256GB-Storage-PTA-Approved.html.json,2026-08-15T07:46:59+00:00,9d26033a4bc3858c354b2582b2f69942e4178c1f012437c554886061cdcf45fd,"{""Battery"":{""Capacity"":null,""Charging"":[],""WirelessCharging"":0},""Body"":{""Build"":null,""Dimensions"":null,""Protection"":null,""SIM"":null,""Weight"":null},""Colors"":[""Cobalt Violet"",""Sky Blue"",""Black"",""White"",""Silver Shadow"",""Pink Gold""],""Display"":{""Protection"":null,""Resolution"":null,""Size"":null,""Type"":null},""Features"":{""BackFingerPrint"":0,""Bluetooth"":null,""InDisplayFingerPrint"":0,""Infrared port"":0,""NFC"":0,""Positioning"":null,""Radio"":0,""Sensors"":null,""SideFingerPrint"":0,""USB"":null,""WLAN"":null},""Launch"":{""Announced"":null,""Status"":null},""Main Camera"":{""Features"":null,""Specifications"":[],""Video"":[]},""Memory"":{""Card slot"":null,""Technology"":null,""Types"":[""12GB""]},""MobileName"":""Samsung Galaxy S26 Ultra 12GB RAM 256GB Storage PTA Approved"",""Network"":{""2G"":0,""3G"":0,""4G"":0,""5G"":0},""Platform"":{""CPU"":null,""Chipset"":null,""GPU"":null,""OS"":null},""Price"":[397999.0],""Selfie Camera"":{""Features"":null,""Specifications"":[],""Video"":[]},""Sound"":{""3.5mm jack"":0,""Loudspeaker"":""Yes""},""Weight"":null}"
095c36723f390ee994e011b514e025b5770ebe58ff26d6fe9fbdcd14ab641eb9,mega,https://www.mega.pk/mobiles_products/26996/Samsung-Galaxy-S26-Ultra-12GB-RAM-512GB-Storage-NON-PTA.html,mega.pk/mega__Samsung-Galaxy-S26-Ultra-12GB-RAM-512GB-Storage-NON-PTA.html.json,2026-08-15T07:48:36+00:00,5a7fd08aae4659da4312124c27ad3fd4112c9d85751cc7742b505f7d31b037e6,"{""Battery"":{""Capacity"":null,""Charging"":[],""WirelessCharging"":0},""Body"":{""Build"":null,""Dimensions"":null,""Protection"":null,""SIM"":null,""Weight"":null},""Colors"":[""Cobalt Violet"",""Sky Blue"",""Black"",""White"",""Silver Shadow"",""Pink Gold""],""Display"":{""Protection"":null,""Resolution"":null,""Size"":null,""Type"":null},""Features"":{""BackFingerPrint"":0,""Bluetooth"":null,""InDisplayFingerPrint"":0,""Infrared port"":0,""NFC"":0,""Positioning"":null,""Radio"":0,""Sensors"":null,""SideFingerPrint"":0,""USB"":null,""WLAN"":null},""Launch"":{""Announced"":null,""Status"":null},""Main Camera"":{""Features"":null,""Specifications"":[],""Video"":[]},""Memory"":{""Card slot"":null,""Technology"":null,""Types"":[""12GB""]},""MobileName"":""Samsung Galaxy S26 Ultra 12GB RAM 512GB Storage NON PTA"",""Network"":{""2G"":0,""3G"":0,""4G"":0,""5G"":0},""Platform"":{""CPU"":null,""Chipset"":null,""GPU"":null,""OS"":null},""Price"":[329999.0],""Selfie Camera"":{""Features"":null,""Specifications"":[],""Video"":[]},""Sound"":{""3.5mm jack"":0,""Loudspeaker"":""Yes""},""Weight"":null}"
02d53ea434c9002a0bacb708cd97aa33b63103dae8c3e09e40ed876cba3abc47,mega,https://www.mega.pk/mobiles_products/26973/Samsung-Galaxy-S26-Ultra-12GB-RAM-512GB-Storage-PTA-Approved.html,mega.pk/mega__Samsung-Galaxy-S26-Ultra-12GB-RAM-512GB-Storage-PTA-Approved.html.json,2026-08-15T07:47:09+00:00,cf4c3b508e39b742f26f12097995b68923cfe10211d5ad1ca4c366041970c090,"{""Battery"":{""Capacity"":null,""Charging"":[],""WirelessCharging"":0},""Body"":{""Build"":null,""Dimensions"":null,""Protection"":null,""SIM"":null,""Weight"":null},""Colors"":[""Cobalt Violet"",""Sky Blue"",""Black"",""White"",""Silver Shadow"",""Pink Gold""],""Display"":{""Protection"":null,""Resolution"":null,""Size"":null,""Type"":null},""Features"":{""BackFingerPrint"":0,""Bluetooth"":null,""InDisplayFingerPrint"":0,""Infrared port"":0,""NFC"":0,""Positioning"":null,""Radio"":0,""Sensors"":null,""SideFingerPrint"":0,""USB"":null,""WLAN"":null},""Launch"":{""Announced"":null,""Status"":null},""Main Camera"":{""Features"":null,""Specifications"":[],""Video"":[]},""Memory"":{""Card slot"":null,""Technology"":null,""Types"":[""12GB""]},""MobileName"":""Samsung Galaxy S26 Ultra 12GB RAM 512GB Storage PTA Approved"",""Network"":{""2G"":0,""3G"":0,""4G"":0,""5G"":0},""Platform"":{""CPU"":null,""Chipset"":null,""GPU"":null,""OS"":null},""Price"":[457999.0],""Selfie Camera"":{""Features"":null,""Specifications"":[],""Video"":[]},""Sound"":{""3.5mm jack"":0,""Loudspeaker"":""Yes""},""Weight"":null}"
7eca25a0f04350e23a1bfc06d58b1dd55823511b144af13e371ee8508a5d6493,mega,https://www.mega.pk/mobiles_products/26818/Samsung-Galaxy-Z-Fold-7-12GB-RAM-256GB-Storage-Non-PTA.html,mega.pk/mega__Samsung-Galaxy-Z-Fold-7-12GB-RAM-256GB-Storage-Non-PTA.html.json,2026-08-15T07:41:54+00:00,9b734e448896e47ce1c7c3b76969f41bf8f7f804b0de8dff8264a4212e3e0f1f,"{""Battery"":{""Capacity"":null,""Charging"":[],""WirelessCharging"":1},""Body"":{""Build"":null,""Dimensions"":null,""Protection"":""IP48 dust and water resistant (dust > 1mm; immersible up to 1.5m for 30 min) Advanced Armor aluminum frame"",""SIM"":""Yes"",""Weight"":null},""Colors"":[],""Display"":{""Protection"":null,""Resolution"":null,""Size"":null,""Type"":null},""Features"":{""BackFingerPrint"":0,""Bluetooth"":null,""InDisplayFingerPrint"":0,""Infrared port"":0,""NFC"":0,""Positioning"":null,""Radio"":0,""Sensors"":""Fingerprint (side-mounted), accelerometer, gyro, proximity, compass, barometer, Samsung DeX (desktop experience support), Ultra Wideband (UWB) support, Circle to Search"",""SideFingerPrint"":0,""USB"":null,""WLAN"":null},""Launch"":{""Announced"":null,""Status"":null},""Main Camera"":{""Features"":null,""Specifications"":[],""Video"":[]},""Memory"":{""Card slot"":null,""Technology"":null,""Types"":[]},""MobileName"":""Samsung Galaxy Z Fold 7 12GB RAM 256GB Storage Non PTA"",""Network"":{""2G"":0,""3G"":0,""4G"":0,""5G"":0},""Platform"":{""CPU"":null,""Chipset"":null,""GPU"":null,""OS"":null},""Price"":[404999.0],""Selfie Camera"":{""Features"":null,""Specifications"":[],""Video"":[]},""Sound"":{""3.5mm jack"":0,""Loudspeaker"":""Yes""},""Weight"":null}"
b8b42018782b1b0c17185fe6c47e98ddf4d451241915ceeba280dc45c9181e82,mega,https://www.mega.pk/mobiles_products/26739/Samsung-Galaxy-Z-Fold-7-12GB-RAM-512GB-Storage-Non-PTA.html,mega.pk/mega__Samsung-Galaxy-Z-Fold-7-12GB-RAM-512GB-Storage-Non-PTA.html.json,2026-08-15T07:38:44+00:00,a20e9e81faff2bb7f58ebb87002f048e72fff894a0b187e1d62a899341d4e3c2,"{""Battery"":{""Capacity"":null,""Charging"":[],""WirelessCharging"":1},""Body"":{""Build"":null,""Dimensions"":null,""Protection"":""IP48 dust and water resistant (dust > 1mm; immersible up to 1.5m for 30 min) Advanced Armor aluminum frame"",""SIM"":""Yes"",""Weight"":null},""Colors"":[],""Display"":{""Protection"":null,""Resolution"":null,""Size"":null,""Type"":null},""Features"":{""BackFingerPrint"":0,""Bluetooth"":null,""InDisplayFingerPrint"":0,""Infrared port"":0,""NFC"":0,""Positioning"":null,""Radio"":0,""Sensors"":""Fingerprint (side-mounted), accelerometer, gyro, proximity, compass, barometer, Samsung DeX (desktop experience support), Ultra Wideband (UWB) support, Circle to Search"",""SideFingerPrint"":0,""USB"":null,""WLAN"":null},""Launch"":{""Announced"":null,""Status"":null},""Main Camera"":{""Features"":null,""Specifications"":[],""Video"":[]},""Memory"":{""Card slot"":null,""Technology"":null,""Types"":[]},""MobileName"":""Samsung Galaxy Z Fold 7"",""Network"":{""2G"":0,""3G"":0,""4G"":0,""5G"":0},""Platform"":{""CPU"":null,""Chipset"":null,""GPU"":null,""OS"":null},""Price"":[454999.0],""Selfie Camera"":{""Features"":null,""Specifications"":[],""Video"":[]},""Sound"":{""3.5mm jack"":0,""Loudspeaker"":""Yes""},""Weight"":null}"
860245058ac450fd73a0d3b18af809e773c2ef66cbda3786145bac76869a4001,mega,https://www.mega.pk/mobiles_products/26912/Samsung-Galaxy-Z-Fold-7-16GB-RAM-1TB-Storage-Non-PTA.html,mega.pk/mega__Samsung-Galaxy-Z-Fold-7-16GB-RAM-1TB-Storage-Non-PTA.html.json,2026-08-15T07:45:57+00:00,25baa1b36376053a6e36251a602ef977623c433a5ad1fba0ef8ef0351968a6d6,"{""Battery"":{""Capacity"":null,""Charging"":[],""WirelessCharging"":1},""Body"":{""Build"":null,""Dimensions"":null,""Protection"":""IP48 dust and water resistant (dust > 1mm; immersible up to 1.5m for 30 min) Advanced Armor aluminum frame"",""SIM"":""Yes"",""Weight"":null},""Colors"":[],""Display"":{""Protection"":null,""Resolution"":null,""Size"":null,""Type"":null},""Features"":{""BackFingerPrint"":0,""Bluetooth"":null,""InDisplayFingerPrint"":0,""Infrared port"":0,""NFC"":0,""Positioning"":null,""Radio"":0,""Sensors"":""Fingerprint (side-mounted), accelerometer, gyro, proximity, compass, barometer, Samsung DeX (desktop experience support), Ultra Wideband (UWB) support, Circle to Search"",""SideFingerPrint"":0,""USB"":null,""WLAN"":null},""Launch"":{""Announced"":null,""Status"":null},""Main Camera"":{""Features"":null,""Specifications"":[],""Video"":[]},""Memory"":{""Card slot"":null,""Technology"":null,""Types"":[]},""MobileName"":""Samsung Galaxy Z Fold 7"",""Network"":{""2G"":0,""3G"":0,""4G"":0,""5G"":0},""Platform"":{""CPU"":null,""Chipset"":null,""GPU"":null,""OS"":null},""Price"":[531999.0],""Selfie Camera"":{""Features"":null,""Specifications"":[],""Video"":[]},""Sound"":{""3.5mm jack"":0,""Loudspeaker"":""Yes""},""Weight"":null}"
49c4ad88e977c09609bc5a030d926131a39d52eee4d7f96372eee120e8124da5,mega,https://www.mega.pk/mobiles_products/26932/Samsung-Galaxy-Z-TriFold-16GB-RAM-512GB-Storage-Non-PTA.html,mega.pk/mega__Samsung-Galaxy-Z-TriFold-16GB-RAM-512GB-Storage-Non-PTA.html.json,2026-08-15T07:46:10+00:00,73d72480d9ad28758d634b90e93058250f92c3acc2b1185e84df96204d070c1c,"{""Battery"":{""Capacity"":null,""Charging"":[],""WirelessCharging"":1},""Body"":{""Build"":null,""Dimensions"":null,""Protection"":""IP48 dust and water resistant (dust > 1mm; immersible up to 1.5m for 30 min) Advanced Armor aluminum frame"",""SIM"":null,""Weight"":null},""Colors"":[],""Display"":{""Protection"":null,""Resolution"":null,""Size"":null,""Type"":null},""Features"":{""BackFingerPrint"":0,""Bluetooth"":null,""InDisplayFingerPrint"":0,""Infrared port"":0,""NFC"":0,""Positioning"":null,""Radio"":0,""Sensors"":""Fingerprint (side-mounted), accelerometer, gyro, proximity, compass, barometer Samsung DeX wireless (desktop experience support)"",""SideFingerPrint"":0,""USB"":null,""WLAN"":null},""Launch"":{""Announced"":null,""Status"":null},""Main Camera"":{""Features"":null,""Specifications"":[],""Video"":[]},""Memory"":{""Card slot"":null,""Technology"":null,""Types"":[]},""MobileName"":""Samsung Galaxy Z TriFold 16GB RAM 512GB Storage Non PTA"",""Network"":{""2G"":0,""3G"":0,""4G"":0,""5G"":0},""Platform"":{""CPU"":null,""Chipset"":null,""GPU"":null,""OS"":null},""Price"":[17.0],""Selfie Camera"":{""Features"":null,""Specifications"":[],""Video"":[]},""Sound"":{""3.5mm jack"":0,""Loudspeaker"":""Yes""},""Weight"":null}"
6d6742eff0f624dbb96ba9af4f9adb3bf26c457c78c94b65f3767a978351d8b7,mega,https://www.mega.pk/mobiles_products/26819/Vivo-V60-12GB-RAM-256GB-Storage-PTA-Approved.html,mega.pk/mega__Vivo-V60-12GB-RAM-256GB-Storage-PTA-Approved.html.json,2026-08-15T07:42:05+00:00,1252a8c57be5196c4b7bed322c3ec2b1beca62e4a9afecbaad4f4c2b7bc5e10c,"{""Battery"":{""Capacity"":null,""Charging"":[],""WirelessCharging"":0},""Body"":{""Build"":null,""Dimensions"":null,""Protection"":null,""SIM"":null,""Weight"":null},""Colors"":[""Desert Gold"",""Mist Grey""],""Display"":{""Protection"":null,""Resolution"":null,""Size"":null,""Type"":null},""Features"":{""BackFingerPrint"":0,""Bluetooth"":null,""InDisplayFingerPrint"":0,""Infrared port"":0,""NFC"":0,""Positioning"":null,""Radio"":0,""Sensors"":null,""SideFingerPrint"":0,""USB"":null,""WLAN"":null},""Launch"":{""Announced"":null,""Status"":null},""Main Camera"":{""Features"":null,""Specifications"":[],""Video"":[]},""Memory"":{""Card slot"":null,""Technology"":null,""Types"":[""12GB""]},""MobileName"":""Vivo V60 12GB RAM 256GB Storage PTA Approved"",""Network"":{""2G"":0,""3G"":0,""4G"":0,""5G"":0},""Platform"":{""CPU"":null,""Chipset"":null,""GPU"":null,""OS"":null},""Price"":[137499.0],""Selfie Camera"":{""Features"":null,""Specifications"":[],""Video"":[]},""Sound"":{""3.5mm jack"":0,""Loudspeaker"":""Yes""},""Weight"":null}"
12c5711358c0a3bd06c9ac0457d42ac79edef54095c763a1f0b50f67770e5039,mega,https://www.mega.pk/mobiles_products/26689/Vivo-X200-FE-12GB-RAM-512GB-Storage-PTA-Approved.html,mega.pk/mega__Vivo-X200-FE-12GB-RAM-512GB-Storage-PTA-Approved.html.json,2026-08-15T07:37:51+00:00,7b1af54ad97327de931b066bcd51df42bcde65c24343da3d42e710ff121a2e34,"{""Battery"":{""Capacity"":null,""Charging"":[],""WirelessCharging"":0},""Body"":{""Build"":null,""Dimensions"":null,""Protection"":null,""SIM"":null,""Weight"":null},""Colors"":[""Luxe Grey (Black Luxe)"",""Frost Blue (Blue Breeze)"",""Amber Yellow (Yellow Glow)"",""Pink Vibe""],""Display"":{""Protection"":null,""Resolution"":null,""Size"":null,""Type"":null},""Features"":{""BackFingerPrint"":0,""Bluetooth"":null,""InDisplayFingerPrint"":0,""Infrared port"":0,""NFC"":0,""Positioning"":null,""Radio"":0,""Sensors"":null,""SideFingerPrint"":0,""USB"":null,""WLAN"":null},""Launch"":{""Announced"":null,""Status"":null},""Main Camera"":{""Features"":null,""Specifications"":[],""Video"":[]},""Memory"":{""Card slot"":null,""Technology"":null,""Types"":[""12GB""]},""MobileName"":""Vivo X200 FE 12GB RAM 512GB Storage PTA Approved"",""Network"":{""2G"":0,""3G"":0,""4G"":0,""5G"":0},""Platform"":{""CPU"":null,""Chipset"":null,""GPU"":null,""OS"":null},""Price"":[199999.0],""Selfie Camera"":{""Features"":null,""Specifications"":[],""Video"":[]},""Sound"":{""3.5mm jack"":0,""Loudspeaker"":""Yes""},""Weight"":null}"
c180034d0863e9e5d4278ee5ca7b4ff5f8666865599599897059b38ef888c100,mega,https://www.mega.pk/mobiles_products/27062/Xiaomi-Redmi-15-8GB-RAM-128GB-Storage-PTA-APPROVED.html,mega.pk/mega__Xiaomi-Redmi-15-8GB-RAM-128GB-Storage-PTA-APPROVED.html.json,2026-08-15T07:51:19+00:00,fa3a42d1627bc0b36ed1bbae5379dea8fdc7f373d94f08df67f57c56b86c8caa,"{""Battery"":{""Capacity"":null,""Charging"":[],""WirelessCharging"":0},""Body"":{""Build"":null,""Dimensions"":null,""Protection"":null,""SIM"":null,""Weight"":null},""Colors"":[""Midnight Black"",""Titan Gray"",""Ripple Green""],""Display"":{""Protection"":null,""Resolution"":null,""Size"":null,""Type"":null},""Features"":{""BackFingerPrint"":0,""Bluetooth"":null,""InDisplayFingerPrint"":0,""Infrared port"":0,""NFC"":0,""Positioning"":null,""Radio"":0,""Sensors"":null,""SideFingerPrint"":0,""USB"":null,""WLAN"":null},""Launch"":{""Announced"":null,""Status"":null},""Main Camera"":{""Features"":null,""Specifications"":[],""Video"":[]},""Memory"":{""Card slot"":null,""Technology"":null,""Types"":[""8GB""]},""MobileName"":""Xiaomi Redmi 15 8GB RAM 128GB Storage PTA APPROVED"",""Network"":{""2G"":0,""3G"":0,""4G"":0,""5G"":0},""Platform"":{""CPU"":null,""Chipset"":null,""GPU"":null,""OS"":null},""Price"":[55999.0],""Selfie Camera"":{""Features"":null,""Specifications"":[],""Video"":[]},""Sound"":{""3.5mm jack"":0,""Loudspeaker"":""Yes""},""Weight"":null}"
983b6ccb4dfe1efc43030d488f702f7c6b8fd9ab27a328878845acdf0aa46334,mega,https://www.mega.pk/mobiles_products/26855/Xiaomi-Redmi-15c-6GB-RAM-128GB-RAM-PTA-Approved.html,mega.pk/mega__Xiaomi-Redmi-15c-6GB-RAM-128GB-RAM-PTA-Approved.html.json,2026-08-15T07:44:36+00:00,456b3d807812f9bc0523ab785de287b7bb6f655885948525bbd62894a4abd317,"{""Battery"":{""Capacity"":null,""Charging"":[],""WirelessCharging"":0},""Body"":{""Build"":null,""Dimensions"":null,""Protection"":null,""SIM"":null,""Weight"":null},""Colors"":[""Moonlight Blue"",""Mint Green"",""Midnight Gray"",""Twilight Orange""],""Display"":{""Protection"":null,""Resolution"":null,""Size"":null,""Type"":null},""Features"":{""BackFingerPrint"":0,""Bluetooth"":null,""InDisplayFingerPrint"":0,""Infrared port"":0,""NFC"":0,""Positioning"":null,""Radio"":0,""Sensors"":null,""SideFingerPrint"":0,""USB"":null,""WLAN"":null},""Launch"":{""Announced"":null,""Status"":null},""Main Camera"":{""Features"":null,""Specifications"":[],""Video"":[]},""Memory"":{""Card slot"":null,""Technology"":null,""Types"":[""6GB""]},""MobileName"":""Xiaomi Redmi 15c 6GB RAM 128GB RAM PTA Approved"",""Network"":{""2G"":0,""3G"":0,""4G"":0,""5G"":0},""Platform"":{""CPU"":null,""Chipset"":null,""GPU"":null,""OS"":null},""Price"":[42999.0],""Selfie Camera"":{""Features"":null,""Specifications"":[],""Video"":[]},""Sound"":{""3.5mm jack"":0,""Loudspeaker"":""Yes""},""Weight"":null}"
c24b9b26e53cd554d92abc55ef442b1274ee02d6942e39bc673835770d59d1e9,mega,https://www.mega.pk/mobiles_products/26840/Xiaomi-Redmi-A5-4GB-Ram-128GB-Storage-PTA-Approved.html,mega.pk/mega__Xiaomi-Redmi-A5-4GB-Ram-128GB-Storage-PTA-Approved.html.json,2026-08-15T07:44:06+00:00,00484a9cce95013efd3cdcb1be0088ed3535c33460965ef8dcbf9abf086f0a94,"{""Battery"":{""Capacity"":null,""Charging"":[],""WirelessCharging"":0},""Body"":{""Build"":null,""Dimensions"":null,""Protection"":null,""SIM"":null,""Weight"":null},""Colors"":[""Ocean Blue"",""Lake Green"",""Sandy Gold"",""Midnight Black""],""Display"":{""Protection"":null,""Resolution"":null,""Size"":null,""Type"":null},""Features"":{""BackFingerPrint"":0,""Bluetooth"":null,""InDisplayFingerPrint"":0,""Infrared port"":0,""NFC"":0,""Positioning"":null,""Radio"":0,""Sensors"":null,""SideFingerPrint"":0,""USB"":null,""WLAN"":null},""Launch"":{""Announced"":null,""Status"":null},""Main Camera"":{""Features"":null,""Specifications"":[],""Video"":[]},""Memory"":{""Card slot"":null,""Technology"":null,""Types"":[""4GB""]},""MobileName"":""Xiaomi Redmi A5 4GB Ram 128GB Storage PTA Approved"",""Network"":{""2G"":0,""3G"":0,""4G"":0,""5G"":0},""Platform"":{""CPU"":null,""Chipset"":null,""GPU"":null,""OS"":null},""Price"":[34999.0],""Selfie Camera"":{""Features"":null,""Specifications"":[],""Video"":[]},""Sound"":{""3.5mm jack"":0,""Loudspeaker"":""Yes""},""Weight"":null}"
f1a7d73a4ae7695b83d84784f5b1b97dac9e142c8a2e135ea762b9f01df50554,mega,https://www.mega.pk/mobiles_products/26856/Xiaomi-Redmi-Note-14-8GB-RAM-128GB-Storage-PTA-Approved.html,mega.pk/mega__Xiaomi-Redmi-Note-14-8GB-RAM-128GB-Storage-PTA-Approved.html.json,2026-08-15T07:44:42+00:00,75a6b00cf1381cc5de8dc6ad25a8fdd9da5e7adc5447388e0fb12cd05471a833,"{""Battery"":{""Capacity"":null,""Charging"":[],""WirelessCharging"":0},""Body"":{""Build"":null,""Dimensions"":null,""Protection"":null,""SIM"":null,""Weight"":null},""Colors"":[""Titan Black"",""Mystique White"",""Phantom Purple""],""Display"":{""Protection"":null,""Resolution"":null,""Size"":null,""Type"":null},""Features"":{""BackFingerPrint"":0,""Bluetooth"":null,""InDisplayFingerPrint"":0,""Infrared port"":0,""NFC"":0,""Positioning"":null,""Radio"":0,""Sensors"":null,""SideFingerPrint"":0,""USB"":null,""WLAN"":null},""Launch"":{""Announced"":null,""Status"":null},""Main Camera"":{""Features"":null,""Specifications"":[],""Video"":[]},""Memory"":{""Card slot"":null,""Technology"":null,""Types"":[""8GB""]},""MobileName"":""Xiaomi Redmi Note 14 8GB RAM 128GB Storage PTA Approved"",""Network"":{""2G"":0,""3G"":0,""4G"":0,""5G"":0},""Platform"":{""CPU"":null,""Chipset"":null,""GPU"":null,""OS"":null},""Price"":[61999.0],""Selfie Camera"":{""Features"":null,""Specifications"":[],""Video"":[]},""Sound"":{""3.5mm jack"":0,""Loudspeaker"":""Yes""},""Weight"":null}"
e5785a489fe7a8be11d5e88dc4c95f69003eb6c84033314db238ddf960f59224,mega,https://www.mega.pk/mobiles_products/26513/Xiaomi-Redmi-Note-14-8GB-RAM-256GB-Storage.html,mega.pk/mega__Xiaomi-Redmi-Note-14-8GB-RAM-256GB-Storage.html.json,2026-08-15T07:35:11+00:00,5d082d06c87f862001e28d6fa5b138697569a90ae7f6cce9e44b3066a0bc9d34,"{""Battery"":{""Capacity"":null,""Charging"":[],""WirelessCharging"":0},""Body"":{""Build"":null,""Dimensions"":null,""Protection"":null,""SIM"":null,""Weight"":null},""Colors"":[""Titan Black"",""Mystique White"",""Phantom Purple""],""Display"":{""Protection"":null,""Resolution"":null,""Size"":null,""Type"":null},""Features"":{""BackFingerPrint"":0,""Bluetooth"":null,""InDisplayFingerPrint"":0,""Infrared port"":0,""NFC"":0,""Positioning"":null,""Radio"":0,""Sensors"":null,""SideFingerPrint"":0,""USB"":null,""WLAN"":null},""Launch"":{""Announced"":null,""Status"":null},""Main Camera"":{""Features"":null,""Specifications"":[],""Video"":[]},""Memory"":{""Card slot"":null,""Technology"":null,""Types"":[""8GB""]},""MobileName"":""Xiaomi Redmi Note 14 8GB RAM 256GB Storage"",""Network"":{""2G"":0,""3G"":0,""4G"":0,""5G"":0},""Platform"":{""CPU"":null,""Chipset"":null,""GPU"":null,""OS"":null},""Price"":[64999.0],""Selfie Camera"":{""Features"":null,""Specifications"":[],""Video"":[]},""Sound"":{""3.5mm jack"":0,""Loudspeaker"":""Yes""},""Weight"":null}"
86fe41c8641ad9b825368af8a81be59ab2cf6359f8f3052868a2228cbe6cf245,mega,https://www.mega.pk/mobiles_products/26514/Xiaomi-Redmi-Note-14-Pro-12GB-RAM-512GB-Storage.html,mega.pk/mega__Xiaomi-Redmi-Note-14-Pro-12GB-RAM-512GB-Storage.html.json,2026-08-15T07:35:24+00:00,0f02ce9b748c7ea1547dfb480000b9b9db55304c70662ab466a84443e0e0c7cc,"{""Battery"":{""Capacity"":null,""Charging"":[],""WirelessCharging"":0},""Body"":{""Build"":null,""Dimensions"":null,""Protection"":null,""SIM"":null,""Weight"":null},""Colors"":[""Titan Black"",""Phantom Purple"",""Spectre Blue"",""White""],""Display"":{""Protection"":null,""Resolution"":null,""Size"":null,""Type"":null},""Features"":{""BackFingerPrint"":0,""Bluetooth"":null,""InDisplayFingerPrint"":0,""Infrared port"":0,""NFC"":0,""Positioning"":null,""Radio"":0,""Sensors"":null,""SideFingerPrint"":0,""USB"":null,""WLAN"":null},""Launch"":{""Announced"":null,""Status"":null},""Main Camera"":{""Features"":null,""Specifications"":[],""Video"":[]},""Memory"":{""Card slot"":null,""Technology"":null,""Types"":[""12GB""]},""MobileName"":""Xiaomi Redmi Note 14 Pro 12GB RAM 512GB Storage"",""Network"":{""2G"":0,""3G"":0,""4G"":0,""5G"":0},""Platform"":{""CPU"":null,""Chipset"":null,""GPU"":null,""OS"":null},""Price"":[92999.0],""Selfie Camera"":{""Features"":null,""Specifications"":[],""Video"":[]},""Sound"":{""3.5mm jack"":0,""Loudspeaker"":""Yes""},""Weight"":null}"
e56b52bdd214c8104b75c24db3ae10fe75897e382bd22c8ea2903a8f92fb4e4d,mega,https://www.mega.pk/mobiles_products/26863/Xiaomi-Redmi-Note-14-Pro-8GB-RAM-256GB-Storage.html,mega.pk/mega__Xiaomi-Redmi-Note-14-Pro-8GB-RAM-256GB-Storage.html.json,2026-08-15T07:44:51+00:00,9ef3fcbe1b86fff309e4fd8fdab9ed465c1f2354ef6ab79b9b27ae9b5ec110e2,"{""Battery"":{""Capacity"":null,""Charging"":[],""WirelessCharging"":0},""Body"":{""Build"":null,""Dimensions"":null,""Protection"":null,""SIM"":null,""Weight"":null},""Colors"":[""Titan Black"",""Phantom Purple"",""Spectre Blue"",""White""],""Display"":{""Protection"":null,""Resolution"":null,""Size"":null,""Type"":null},""Features"":{""BackFingerPrint"":0,""Bluetooth"":null,""InDisplayFingerPrint"":0,""Infrared port"":0,""NFC"":0,""Positioning"":null,""Radio"":0,""Sensors"":null,""SideFingerPrint"":0,""USB"":null,""WLAN"":null},""Launch"":{""Announced"":null,""Status"":null},""Main Camera"":{""Features"":null,""Specifications"":[],""Video"":[]},""Memory"":{""Card slot"":null,""Technology"":null,""Types"":[""8GB""]},""MobileName"":""Xiaomi Redmi Note 14 Pro 8GB RAM 256GB Storage"",""Network"":{""2G"":0,""3G"":0,""4G"":0,""5G"":0},""Platform"":{""CPU"":null,""Chipset"":null,""GPU"":null,""OS"":null},""Price"":[78999.0],""Selfie Camera"":{""Features"":null,""Specifications"":[],""Video"":[]},""Sound"":{""3.5mm jack"":0,""Loudspeaker"":""Yes""},""Weight"":null}"
9e727db5835ca128ef724f9a4d67fefc21de579a6d5f7ec51c422f0a00a78e8f,mega,https://www.mega.pk/mobiles_products/27061/Xiaomi-Redmi-Note-15-8GB-RAM-128GB-Storage-PTA-APPROVED.html,mega.pk/mega__Xiaomi-Redmi-Note-15-8GB-RAM-128GB-Storage-PTA-APPROVED.html.json,2026-08-15T07:51:07+00:00,d6ff4f65acf658a2f9039bea2e928fcc018886a11f26812219faa19779672710,"{""Battery"":{""Capacity"":null,""Charging"":[],""WirelessCharging"":0},""Body"":{""Build"":null,""Dimensions"":null,""Protection"":null,""SIM"":null,""Weight"":null},""Colors"":[""Black"",""Glacier Blue"",""Mist Purple""],""Display"":{""Protection"":null,""Resolution"":null,""Size"":null,""Type"":null},""Features"":{""BackFingerPrint"":0,""Bluetooth"":null,""InDisplayFingerPrint"":0,""Infrared port"":0,""NFC"":0,""Positioning"":null,""Radio"":0,""Sensors"":null,""SideFingerPrint"":0,""USB"":null,""WLAN"":null},""Launch"":{""Announced"":null,""Status"":null},""Main Camera"":{""Features"":null,""Specifications"":[],""Video"":[]},""Memory"":{""Card slot"":null,""Technology"":null,""Types"":[""8GB""]},""MobileName"":""Xiaomi Redmi Note 15 8GB RAM 128GB Storage PTA APPROVED"",""Network"":{""2G"":0,""3G"":0,""4G"":0,""5G"":0},""Platform"":{""CPU"":null,""Chipset"":null,""GPU"":null,""OS"":null},""Price"":[64999.0],""Selfie Camera"":{""Features"":null,""Specifications"":[],""Video"":[]},""Sound"":{""3.5mm jack"":0,""Loudspeaker"":""Yes""},""Weight"":null}"
3286b063124acc8a8e8482025e04e074654c5ebea22c12e01c705493c7127824,mega,https://www.mega.pk/mobiles_products/27060/Xiaomi-Redmi-Note-15-Pro-12GB-RAM-512GB-Storage-PTA-APPROVED.html,mega.pk/mega__Xiaomi-Redmi-Note-15-Pro-12GB-RAM-512GB-Storage-PTA-APPROVED.html.json,2026-08-15T07:50:54+00:00,1186b35b76ec1fe33e05a6715feeb91164b38c3afee767d65c3bf1ae25e19405,"{""Battery"":{""Capacity"":null,""Charging"":[],""WirelessCharging"":0},""Body"":{""Build"":null,""Dimensions"":null,""Protection"":null,""SIM"":null,""Weight"":null},""Colors"":[""Black"",""Glacier Blue"",""Mist Purple"",""Titanium""],""Display"":{""Protection"":null,""Resolution"":null,""Size"":null,""Type"":null},""Features"":{""BackFingerPrint"":0,""Bluetooth"":null,""InDisplayFingerPrint"":0,""Infrared port"":0,""NFC"":0,""Positioning"":null,""Radio"":0,""Sensors"":null,""SideFingerPrint"":0,""USB"":null,""WLAN"":null},""Launch"":{""Announced"":null,""Status"":null},""Main Camera"":{""Features"":null,""Specifications"":[],""Video"":[]},""Memory"":{""Card slot"":null,""Technology"":null,""Types"":[""8GB""]},""MobileName"":""Xiaomi Redmi Note 15 Pro 12GB RAM 512GB Storage PTA APPROVED"",""Network"":{""2G"":0,""3G"":0,""4G"":0,""5G"":0},""Platform"":{""CPU"":null,""Chipset"":null,""GPU"":null,""OS"":null},""Price"":[109999.0],""Selfie Camera"":{""Features"":null,""Specifications"":[],""Video"":[]},""Sound"":{""3.5mm jack"":0,""Loudspeaker"":""Yes""},""Weight"":null}"
fc6e07f8d38f691fc8547547bf5736c10b14a155a3ff809a9dff73b6f531e09e,mega,https://www.mega.pk/mobiles_products/27059/Xiaomi-Redmi-Note-15-Pro-8GB-RAM-256GB-Storage-PTA-APPROVED.html,mega.pk/mega__Xiaomi-Redmi-Note-15-Pro-8GB-RAM-256GB-Storage-PTA-APPROVED.html.json,2026-08-15T07:50:43+00:00,d1643c7d37e611146ca1428bf42fb2fc80879c7510071f5740e3195b8c411afb,"{""Battery"":{""Capacity"":null,""Charging"":[],""WirelessCharging"":0},""Body"":{""Build"":null,""Dimensions"":null,""Protection"":null,""SIM"":null,""Weight"":null},""Colors"":[""Black"",""Glacier Blue"",""Mist Purple"",""Titanium""],""Display"":{""Protection"":null,""Resolution"":null,""Size"":null,""Type"":null},""Features"":{""BackFingerPrint"":0,""Bluetooth"":null,""InDisplayFingerPrint"":0,""Infrared port"":0,""NFC"":0,""Positioning"":null,""Radio"":0,""Sensors"":null,""SideFingerPrint"":0,""USB"":null,""WLAN"":null},""Launch"":{""Announced"":null,""Status"":null},""Main Camera"":{""Features"":null,""Specifications"":[],""Video"":[]},""Memory"":{""Card slot"":null,""Technology"":null,""Types"":[""8GB""]},""MobileName"":""Xiaomi Redmi Note 15 Pro 8GB RAM 256GB Storage PTA APPROVED"",""Network"":{""2G"":0,""3G"":0,""4G"":0,""5G"":0},""Platform"":{""CPU"":null,""Chipset"":null,""GPU"":null,""OS"":null},""Price"":[87999.0],""Selfie Camera"":{""Features"":null,""Specifications"":[],""Video"":[]},""Sound"":{""3.5mm jack"":0,""Loudspeaker"":""Yes""},""Weight"":null}"
