record_key,source_schema,source_site,source_file,source_url,url_recovery,data_snapshot,mobile_name,network_2g,network_3g,network_4g,network_5g,launch_announced,launch_status,body_dimensions,body_weight,body_build,body_sim,body_protection,display_type,display_size,display_resolution,display_protection,platform_os,platform_chipset,platform_cpu,platform_gpu,memory_card_slot,memory_types_json,memory_technology,main_camera_specifications_json,main_camera_features,main_camera_video_json,selfie_camera_specifications_json,selfie_camera_features,selfie_camera_video_json,sound_loudspeaker,sound_cable_jack,features_wlan,features_bluetooth,features_positioning,features_nfc,features_infrared_port,features_radio,features_usb,features_back_finger_print,features_side_finger_print,features_in_display_finger_print,features_sensors,battery_capacity,battery_wireless_charging,battery_charging_json,colors_json,exposure_weight,prices_json,completeness_score,file_sha256,payload_json
757632899e98ae1617a30e7a9e7504e97bedcd81a76135004d8a979e90c42b41,whatmobile,whatmobile.com.pk,whatmobile.com.pk/whatmobile__Dcode_Bold-4.json,https://www.whatmobile.com.pk/Dcode_Bold-4,filename,2026-08-14T07:52:08+00:00,Dcode Bold 4,true,true,true,false,,,N/A,N/A,"IP54 water & dust resistance, Document viewer","Dual Sim, Dual Standby (Nano-SIM)","IP54 water & dust resistance, Document viewer",IPS LCD Capacitive Touchscreen,6.7 Inches,720 x 1600 Pixels (~263 PPI),,Android 14 OS,Mediatek Helio G91 (12 nm),Octa Core,Mali-G57 MP2,"microSD Card, (supports up to 1TB)","[""128GB Built-in"",""8GB RAM (+8GB of Extended RAM )""]","128GB Built-in, 8GB RAM (+8GB of Extended RAM )","[""Dual Camera: 50 MP"",""2 MP, LED Flash""]","autofocus, Continuous shooting, Digital zoom, Face detection, Panorama, Video (1080p@30fps)","[""1080p@30fps""]","[""32 MP""]",,"[""32 MP""]","3.5mm Audio Jack, Dual Speaker",true,"Wi-Fi 802.11 a/b/g/n/ac, dual-band, hotspot","v5.0 with A2DP, LE",Yes + A-GPS support,false,false,true,USB Type-C 2.0,false,false,false,"Accelerometer, Face Unlock, FingerPrint, Proximity",Non removable 5000 mAh,false,"[""- Fast charging 18W""]","[""Various""]",Weight Unknown,[34999.0],0.87500,624b75dcb90f027850ca015b691e8f07b5e48272d04fccdc2845be5293a7c0dd,"{""Battery"":{""Capacity"":""Non removable 5000 mAh"",""Charging"":[""- Fast charging 18W""],""WirelessCharging"":0},""Body"":{""Build"":""IP54 water & dust resistance, Document viewer"",""Dimensions"":""N/A"",""Protection"":""IP54 water & dust resistance, Document viewer"",""SIM"":""Dual Sim, Dual Standby (Nano-SIM)"",""Weight"":""N/A""},""Colors"":[""Various""],""Display"":{""Protection"":null,""Resolution"":""720 x 1600 Pixels (~263 PPI)"",""Size"":""6.7 Inches"",""Type"":""IPS LCD Capacitive Touchscreen""},""Features"":{""BackFingerPrint"":0,""Bluetooth"":""v5.0 with A2DP, LE"",""InDisplayFingerPrint"":0,""Infrared port"":0,""NFC"":0,""Positioning"":""Yes + A-GPS support"",""Radio"":1,""Sensors"":""Accelerometer, Face Unlock, FingerPrint, Proximity"",""SideFingerPrint"":0,""USB"":""USB Type-C 2.0"",""WLAN"":""Wi-Fi 802.11 a/b/g/n/ac, dual-band, hotspot""},""Launch"":{""Announced"":null,""Status"":null},""Main Camera"":{""Features"":""autofocus, Continuous shooting, Digital zoom, Face detection, Panorama, Video (1080p@30fps)"",""Specifications"":[""Dual Camera: 50 MP"",""2 MP, LED Flash""],""Video"":[""1080p@30fps""]},""Memory"":{""Card slot"":""microSD Card, (supports up to 1TB)"",""Technology"":""128GB Built-in, 8GB RAM (+8GB of Extended RAM )"",""Types"":[""128GB Built-in"",""8GB RAM (+8GB of Extended RAM )""]},""MobileName"":""Dcode Bold 4"",""Network"":{""2G"":1,""3G"":1,""4G"":1,""5G"":0},""Platform"":{""CPU"":""Octa Core"",""Chipset"":""Mediatek Helio G91 (12 nm)"",""GPU"":""Mali-G57 MP2"",""OS"":""Android 14 OS""},""Price"":[34999.0],""Selfie Camera"":{""Specifications"":[""32 MP""],""Video"":[""32 MP""]},""Sound"":{""3.5mm jack"":1,""Loudspeaker"":""3.5mm Audio Jack, Dual Speaker""},""Weight"":null}"
63e2696ff9149395d47500985dc7c16fa5c528761f38c4b632134181de4d7b3f,whatmobile,whatmobile.com.pk,whatmobile.com.pk/whatmobile__Dcode_Cygnal-Evo.json,https://www.whatmobile.com.pk/Dcode_Cygnal-Evo,filename,2026-08-14T07:47:49+00:00,Dcode Cygnal Evo,true,true,true,false,,,N/A,N/A,"IP64 dust and water resistance, Photo/video editor, Document viewer","Dual Sim, Dual Standby (Nano-SIM)","IP64 dust and water resistance, Photo/video editor, Document viewer",IPS LCD Capacitive Touchscreen,6.74 Inches,720 x 1600 Pixels (~260 PPI),Panda Glass,Android 15 OS,Unisoc SC98,Octa Core,PowerVR GE8322,"microSD Card, (supports upto 256GB)","[""128GB Built-in"",""4GB RAM (+4GB Extended RAM)""]","128GB Built-in, 4GB RAM (+4GB Extended RAM)","[""Dual 13 MP"",""AI camera, LED Flash""]","autofocus, Continuous shooting, Digital zoom, Face detection, HDR, Panorama, Video (1080p@30fps)","[""1080p@30fps""]","[""8 MP""]",,"[""8 MP""]","3.5mm Audio Jack, MP3/WAV/eAAC+/FlAC player, DivX/Xvid/MP4/H.265 player, Speaker Phone",true,"Wi-Fi 802.11 a/b/g/n/ac, dual-band, hotspot","v5.0 with A2DP, LE",Yes + A-GPS support,false,false,true,USB-C port,false,false,false,"Accelerometer, Face Unlock, FingerPrint, Proximity",5000 mAh,false,"[""- Battery Charging 10W""]","[""Noir Blue"",""Titanium Gold""]",Weight Unknown,[33999.0],0.87500,798e0a474df4d4fe52a06aac30873db6d2f260370db53fd45cd4aed16c319fed,"{""Battery"":{""Capacity"":""5000 mAh"",""Charging"":[""- Battery Charging 10W""],""WirelessCharging"":0},""Body"":{""Build"":""IP64 dust and water resistance, Photo/video editor, Document viewer"",""Dimensions"":""N/A"",""Protection"":""IP64 dust and water resistance, Photo/video editor, Document viewer"",""SIM"":""Dual Sim, Dual Standby (Nano-SIM)"",""Weight"":""N/A""},""Colors"":[""Noir Blue"",""Titanium Gold""],""Display"":{""Protection"":""Panda Glass"",""Resolution"":""720 x 1600 Pixels (~260 PPI)"",""Size"":""6.74 Inches"",""Type"":""IPS LCD Capacitive Touchscreen""},""Features"":{""BackFingerPrint"":0,""Bluetooth"":""v5.0 with A2DP, LE"",""InDisplayFingerPrint"":0,""Infrared port"":0,""NFC"":0,""Positioning"":""Yes + A-GPS support"",""Radio"":1,""Sensors"":""Accelerometer, Face Unlock, FingerPrint, Proximity"",""SideFingerPrint"":0,""USB"":""USB-C port"",""WLAN"":""Wi-Fi 802.11 a/b/g/n/ac, dual-band, hotspot""},""Launch"":{""Announced"":null,""Status"":null},""Main Camera"":{""Features"":""autofocus, Continuous shooting, Digital zoom, Face detection, HDR, Panorama, Video (1080p@30fps)"",""Specifications"":[""Dual 13 MP"",""AI camera, LED Flash""],""Video"":[""1080p@30fps""]},""Memory"":{""Card slot"":""microSD Card, (supports upto 256GB)"",""Technology"":""128GB Built-in, 4GB RAM (+4GB Extended RAM)"",""Types"":[""128GB Built-in"",""4GB RAM (+4GB Extended RAM)""]},""MobileName"":""Dcode Cygnal Evo"",""Network"":{""2G"":1,""3G"":1,""4G"":1,""5G"":0},""Platform"":{""CPU"":""Octa Core"",""Chipset"":""Unisoc SC98"",""GPU"":""PowerVR GE8322"",""OS"":""Android 15 OS""},""Price"":[33999.0],""Selfie Camera"":{""Specifications"":[""8 MP""],""Video"":[""8 MP""]},""Sound"":{""3.5mm jack"":1,""Loudspeaker"":""3.5mm Audio Jack, MP3/WAV/eAAC+/FlAC player, DivX/Xvid/MP4/H.265 player, Speaker Phone""},""Weight"":null}"
820fc5894c7818417b06e22d3e0b71ed9183d9381fee9fd2fa189bab02b06760,whatmobile,whatmobile.com.pk,whatmobile.com.pk/whatmobile__Dcode_Cygnal-Prime.json,https://www.whatmobile.com.pk/Dcode_Cygnal-Prime,filename,2026-08-14T07:50:27+00:00,Dcode Cygnal Prime,true,true,true,false,,,168.75 x 78.1 x 8.79mm,N/A,"Premium Finish with Panda Glass Protection, IP64, Circle to Search, MAVI - AI Features, Document viewer",Nano-SIM + Nano-SIM,"Premium Finish with Panda Glass Protection, IP64, Circle to Search, MAVI - AI Features, Document viewer",IPS LCD Capacitive Touchscreen,6.74 Inches,720 x 1612 Pixels (~262 PPI),,Android 15 OS,Mediatek Helio,1.8 Ghz Octa Core,,"microSD Card, (supports up to 1TB)","[""128GB Built-in"",""6GB RAM (+6GB Extended RAM)""]","128GB Built-in, 6GB RAM (+6GB Extended RAM)","[""Triple Camera: 50 MP"",""AI"",""AI, LED Flash""]","autofocus, Continuous shooting, Digital zoom, Face detection, HDR, Panorama, Video (1080p@30fps)","[""1080p@30fps""]","[""8 MP""]",,"[""8 MP""]","3.5mm Audio Jack, Speaker Phone",true,"Wi-Fi 802.11 a/b/g/n/ac, dual-band, hotspot","v5.0 with A2DP, LE",Yes + A-GPS support,false,false,true,"USB Type-C, OTG",false,true,false,"Accelerometer, Face ID, Fingerprint (side mounted), Geomagnetic Sensor, Gravity, Proximity","(Non removable), 6000 mAh",false,"[""- Fast charging 18W""]","[""Gunmetal Grey"",""Smoky Titanium"",""Arctic White""]",Weight Unknown,[41999.0],0.83333,a90ed4bc731f0dd12411d8c51d02f0ac516315d7f4b01cd498a042db94b98b4a,"{""Battery"":{""Capacity"":""(Non removable), 6000 mAh"",""Charging"":[""- Fast charging 18W""],""WirelessCharging"":0},""Body"":{""Build"":""Premium Finish with Panda Glass Protection, IP64, Circle to Search, MAVI - AI Features, Document viewer"",""Dimensions"":""168.75 x 78.1 x 8.79mm"",""Protection"":""Premium Finish with Panda Glass Protection, IP64, Circle to Search, MAVI - AI Features, Document viewer"",""SIM"":""Nano-SIM + Nano-SIM"",""Weight"":""N/A""},""Colors"":[""Gunmetal Grey"",""Smoky Titanium"",""Arctic White""],""Display"":{""Protection"":null,""Resolution"":""720 x 1612 Pixels (~262 PPI)"",""Size"":""6.74 Inches"",""Type"":""IPS LCD Capacitive Touchscreen""},""Features"":{""BackFingerPrint"":0,""Bluetooth"":""v5.0 with A2DP, LE"",""InDisplayFingerPrint"":0,""Infrared port"":0,""NFC"":0,""Positioning"":""Yes + A-GPS support"",""Radio"":1,""Sensors"":""Accelerometer, Face ID, Fingerprint (side mounted), Geomagnetic Sensor, Gravity, Proximity"",""SideFingerPrint"":1,""USB"":""USB Type-C, OTG"",""WLAN"":""Wi-Fi 802.11 a/b/g/n/ac, dual-band, hotspot""},""Launch"":{""Announced"":null,""Status"":null},""Main Camera"":{""Features"":""autofocus, Continuous shooting, Digital zoom, Face detection, HDR, Panorama, Video (1080p@30fps)"",""Specifications"":[""Triple Camera: 50 MP"",""AI"",""AI, LED Flash""],""Video"":[""1080p@30fps""]},""Memory"":{""Card slot"":""microSD Card, (supports up to 1TB)"",""Technology"":""128GB Built-in, 6GB RAM (+6GB Extended RAM)"",""Types"":[""128GB Built-in"",""6GB RAM (+6GB Extended RAM)""]},""MobileName"":""Dcode Cygnal Prime"",""Network"":{""2G"":1,""3G"":1,""4G"":1,""5G"":0},""Platform"":{""CPU"":""1.8 Ghz Octa Core"",""Chipset"":""Mediatek Helio"",""GPU"":null,""OS"":""Android 15 OS""},""Price"":[41999.0],""Selfie Camera"":{""Specifications"":[""8 MP""],""Video"":[""8 MP""]},""Sound"":{""3.5mm jack"":1,""Loudspeaker"":""3.5mm Audio Jack, Speaker Phone""},""Weight"":null}"
72c56fab761c1584f3f437cfe59395e5b7ab84303d95d6743e8064a0304c8d4f,whatmobile,whatmobile.com.pk,whatmobile.com.pk/whatmobile__Dcode_Cygnal-Ultra.json,https://www.whatmobile.com.pk/Dcode_Cygnal-Ultra,filename,2026-08-14T07:50:22+00:00,Dcode Cygnal Ultra,true,true,true,false,,,168.75 x 78.1 x 8.79mm,N/A,"Premium Finish with Panda Glass Protection, IP64, Circle to Search, MAVI - AI Features, Document viewer",Nano-SIM + Nano-SIM,"Premium Finish with Panda Glass Protection, IP64, Circle to Search, MAVI - AI Features, Document viewer",IPS LCD Capacitive Touchscreen,6.74 Inches,720 x 1612 Pixels (~262 PPI),Panda Glass,Android 15 OS,Mediatek Helio,1.8 Ghz Octa Core,,"microSD Card, (supports up to 1TB)","[""128GB Built-in"",""8GB RAM (+8GB Extended RAM)""]","128GB Built-in, 8GB RAM (+8GB Extended RAM)","[""Triple Camera: 50 MP"",""AI"",""AI, LED Flash""]","autofocus, Continuous shooting, Digital zoom, Face detection, HDR, Panorama, Video (1080p @30fps)","[""1080p @30fps""]","[""8 MP""]",,"[""8 MP""]","3.5mm Audio Jack, Speaker Phone",true,"Wi-Fi 802.11 a/b/g/n/ac, dual-band, hotspot","v5.0 with A2DP, LE",Yes + A-GPS support,false,false,true,"USB Type-C, OTG",false,true,false,"Accelerometer, Face ID, Fingerprint (side mounted), Geomagnetic Sensor, Gravity, Proximity",6000 mAh,false,"[""- Fast charging 18W""]","[""Starlight Silver"",""Gunmetal Grey""]",Weight Unknown,[45999.0],0.83333,df2dcc15f2dccca58d8abd3b51d193e9fcab2f5f1524dac955f4148274ded569,"{""Battery"":{""Capacity"":""6000 mAh"",""Charging"":[""- Fast charging 18W""],""WirelessCharging"":0},""Body"":{""Build"":""Premium Finish with Panda Glass Protection, IP64, Circle to Search, MAVI - AI Features, Document viewer"",""Dimensions"":""168.75 x 78.1 x 8.79mm"",""Protection"":""Premium Finish with Panda Glass Protection, IP64, Circle to Search, MAVI - AI Features, Document viewer"",""SIM"":""Nano-SIM + Nano-SIM"",""Weight"":""N/A""},""Colors"":[""Starlight Silver"",""Gunmetal Grey""],""Display"":{""Protection"":""Panda Glass"",""Resolution"":""720 x 1612 Pixels (~262 PPI)"",""Size"":""6.74 Inches"",""Type"":""IPS LCD Capacitive Touchscreen""},""Features"":{""BackFingerPrint"":0,""Bluetooth"":""v5.0 with A2DP, LE"",""InDisplayFingerPrint"":0,""Infrared port"":0,""NFC"":0,""Positioning"":""Yes + A-GPS support"",""Radio"":1,""Sensors"":""Accelerometer, Face ID, Fingerprint (side mounted), Geomagnetic Sensor, Gravity, Proximity"",""SideFingerPrint"":1,""USB"":""USB Type-C, OTG"",""WLAN"":""Wi-Fi 802.11 a/b/g/n/ac, dual-band, hotspot""},""Launch"":{""Announced"":null,""Status"":null},""Main Camera"":{""Features"":""autofocus, Continuous shooting, Digital zoom, Face detection, HDR, Panorama, Video (1080p @30fps)"",""Specifications"":[""Triple Camera: 50 MP"",""AI"",""AI, LED Flash""],""Video"":[""1080p @30fps""]},""Memory"":{""Card slot"":""microSD Card, (supports up to 1TB)"",""Technology"":""128GB Built-in, 8GB RAM (+8GB Extended RAM)"",""Types"":[""128GB Built-in"",""8GB RAM (+8GB Extended RAM)""]},""MobileName"":""Dcode Cygnal Ultra"",""Network"":{""2G"":1,""3G"":1,""4G"":1,""5G"":0},""Platform"":{""CPU"":""1.8 Ghz Octa Core"",""Chipset"":""Mediatek Helio"",""GPU"":null,""OS"":""Android 15 OS""},""Price"":[45999.0],""Selfie Camera"":{""Specifications"":[""8 MP""],""Video"":[""8 MP""]},""Sound"":{""3.5mm jack"":1,""Loudspeaker"":""3.5mm Audio Jack, Speaker Phone""},""Weight"":null}"
5643c0b33d8a86e5f87aeeea179a7f380fef006d88578c7f802cb80a8209fa6a,whatmobile,whatmobile.com.pk,whatmobile.com.pk/whatmobile__Dcode_Cygnal-X.json,https://www.whatmobile.com.pk/Dcode_Cygnal-X,filename,2026-08-14T07:51:13+00:00,Dcode Cygnal X,true,true,true,false,,,N/A,N/A,"IP52 Dust and water resistance, Photo/video editor, Document viewer","Dual Sim, Dual Standby (Nano-SIM)","IP52 Dust and water resistance, Photo/video editor, Document viewer",IPS LCD Capacitive Touchscreen,6.6 Inches,720 x 1612 Pixels (~267 PPI),,Android 14 (Go edition),Mediatek Helio,Octa Core,,"microSD Card, (supports up to 256GB)","[""64GB Built-in"",""4GB RAM (+4GB Extended RAM)""]","64GB Built-in, 4GB RAM (+4GB Extended RAM)","[""Dual 13 MP"",""AI camera, LED Flash""]","autofocus, Continuous shooting, Digital zoom, Face detection, HDR, Panorama, Video (1080p@30fps)","[""1080p@30fps""]","[""8 MP""]",,"[""8 MP""]","3.5mm Audio Jack, Speaker Phone",true,"Wi-Fi 802.11 a/b/g/n/ac, dual-band, hotspot","v5.0 with A2DP, LE",Yes + A-GPS support,false,false,true,USB-C port,false,false,false,"Accelerometer, Face Unlock, FingerPrint, Proximity",Non removable 5000 mAh,false,"[""- Battery charging 10W""]","[""Arctic White"",""Ivory Titanium"",""Gunmetal Grey""]",Weight Unknown,[30500.0],0.83333,dd6a0369862ea148a9cf0442189d6da91489957ddc3b834ac45af629afde68b9,"{""Battery"":{""Capacity"":""Non removable 5000 mAh"",""Charging"":[""- Battery charging 10W""],""WirelessCharging"":0},""Body"":{""Build"":""IP52 Dust and water resistance, Photo/video editor, Document viewer"",""Dimensions"":""N/A"",""Protection"":""IP52 Dust and water resistance, Photo/video editor, Document viewer"",""SIM"":""Dual Sim, Dual Standby (Nano-SIM)"",""Weight"":""N/A""},""Colors"":[""Arctic White"",""Ivory Titanium"",""Gunmetal Grey""],""Display"":{""Protection"":null,""Resolution"":""720 x 1612 Pixels (~267 PPI)"",""Size"":""6.6 Inches"",""Type"":""IPS LCD Capacitive Touchscreen""},""Features"":{""BackFingerPrint"":0,""Bluetooth"":""v5.0 with A2DP, LE"",""InDisplayFingerPrint"":0,""Infrared port"":0,""NFC"":0,""Positioning"":""Yes + A-GPS support"",""Radio"":1,""Sensors"":""Accelerometer, Face Unlock, FingerPrint, Proximity"",""SideFingerPrint"":0,""USB"":""USB-C port"",""WLAN"":""Wi-Fi 802.11 a/b/g/n/ac, dual-band, hotspot""},""Launch"":{""Announced"":null,""Status"":null},""Main Camera"":{""Features"":""autofocus, Continuous shooting, Digital zoom, Face detection, HDR, Panorama, Video (1080p@30fps)"",""Specifications"":[""Dual 13 MP"",""AI camera, LED Flash""],""Video"":[""1080p@30fps""]},""Memory"":{""Card slot"":""microSD Card, (supports up to 256GB)"",""Technology"":""64GB Built-in, 4GB RAM (+4GB Extended RAM)"",""Types"":[""64GB Built-in"",""4GB RAM (+4GB Extended RAM)""]},""MobileName"":""Dcode Cygnal X"",""Network"":{""2G"":1,""3G"":1,""4G"":1,""5G"":0},""Platform"":{""CPU"":""Octa Core"",""Chipset"":""Mediatek Helio"",""GPU"":null,""OS"":""Android 14 (Go edition)""},""Price"":[30500.0],""Selfie Camera"":{""Specifications"":[""8 MP""],""Video"":[""8 MP""]},""Sound"":{""3.5mm jack"":1,""Loudspeaker"":""3.5mm Audio Jack, Speaker Phone""},""Weight"":null}"
e65e3683bdffc06f6d972d20423f3722cb919a1a5b021baafd301cd2d0c7f485,whatmobile,whatmobile.com.pk,whatmobile.com.pk/whatmobile__Honor_X5b-Plus.json,https://www.whatmobile.com.pk/Honor_X5b-Plus,filename,2026-08-14T07:52:58+00:00,Honor X5b Plus,true,true,true,false,,,163.85 x 75.75 x 8.7 mm,194 g,"NFC, (market/region dependent), Document viewer, Photo video/editor",Nano-SIM + Nano-SIM,"NFC, (market/region dependent), Document viewer, Photo video/editor","TFT LCD Touchscreen, 16M Colors",6.56 Inches,720 x 1612 Pixels (~269 PPI),,Android 14 OS,MediaTek Helio G36,Octa-core (4 x 2.2 GHz Cortex-A53 + 4 x 1.6 GHz Cortex-A53),PowerVR GE8320,microSDXC,"[""128GB Built-in"",""4GB RAM""]","128GB Built-in, 4GB RAM","[""Dual Camera: 50 MP, f/1.8, (wide)"",""Auxiliary lens, LED Flash""]","Geo-tagging, touch focus, face detection, Video (1080p@30fps)","[""1080p@30fps""]","[""5 MP, f/2.2, (wide)""]",,"[""1080p@30fps""]","3.5mm Audio Jack, Speaker Phone",true,"Wi-Fi 802.11 a/b/g/n/ac, dual-band, Wi-Fi Direct","v5.1 with A2DP, LE, aptX HD","A-GPS, GLONASS, GALILEO, BDS",true,false,true,"USB Type-C 2.0, OTG",false,true,false,"Accelerometer, Fingerprint (side-mounted), Proximity",Li-Po 5200 mAh,false,"[""- Battery charging 10W wired""]","[""Ocean Blue"",""Starry Purple"",""Midnight Black""]",Weight Unknown,[26999.0],0.87500,6acc9f03ba238e1571a6d614d8e2cdbc258c484cf6416b3155bca3919a783f4d,"{""Battery"":{""Capacity"":""Li-Po 5200 mAh"",""Charging"":[""- Battery charging 10W wired""],""WirelessCharging"":0},""Body"":{""Build"":""NFC, (market/region dependent), Document viewer, Photo video/editor"",""Dimensions"":""163.85 x 75.75 x 8.7 mm"",""Protection"":""NFC, (market/region dependent), Document viewer, Photo video/editor"",""SIM"":""Nano-SIM + Nano-SIM"",""Weight"":""194 g""},""Colors"":[""Ocean Blue"",""Starry Purple"",""Midnight Black""],""Display"":{""Protection"":null,""Resolution"":""720 x 1612 Pixels (~269 PPI)"",""Size"":""6.56 Inches"",""Type"":""TFT LCD Touchscreen, 16M Colors""},""Features"":{""BackFingerPrint"":0,""Bluetooth"":""v5.1 with A2DP, LE, aptX HD"",""InDisplayFingerPrint"":0,""Infrared port"":0,""NFC"":1,""Positioning"":""A-GPS, GLONASS, GALILEO, BDS"",""Radio"":1,""Sensors"":""Accelerometer, Fingerprint (side-mounted), Proximity"",""SideFingerPrint"":1,""USB"":""USB Type-C 2.0, OTG"",""WLAN"":""Wi-Fi 802.11 a/b/g/n/ac, dual-band, Wi-Fi Direct""},""Launch"":{""Announced"":null,""Status"":null},""Main Camera"":{""Features"":""Geo-tagging, touch focus, face detection, Video (1080p@30fps)"",""Specifications"":[""Dual Camera: 50 MP, f/1.8, (wide)"",""Auxiliary lens, LED Flash""],""Video"":[""1080p@30fps""]},""Memory"":{""Card slot"":""microSDXC"",""Technology"":""128GB Built-in, 4GB RAM"",""Types"":[""128GB Built-in"",""4GB RAM""]},""MobileName"":""Honor X5b Plus"",""Network"":{""2G"":1,""3G"":1,""4G"":1,""5G"":0},""Platform"":{""CPU"":""Octa-core (4 x 2.2 GHz Cortex-A53 + 4 x 1.6 GHz Cortex-A53)"",""Chipset"":""MediaTek Helio G36"",""GPU"":""PowerVR GE8320"",""OS"":""Android 14 OS""},""Price"":[26999.0],""Selfie Camera"":{""Specifications"":[""5 MP, f/2.2, (wide)""],""Video"":[""1080p@30fps""]},""Sound"":{""3.5mm jack"":1,""Loudspeaker"":""3.5mm Audio Jack, Speaker Phone""},""Weight"":null}"
ae06011c386c3dd16561f52a2c4f167a274ca071f79c4bc0d5933bcabe7c6c59,whatmobile,whatmobile.com.pk,whatmobile.com.pk/whatmobile__Honor_X5c-Plus.json,https://www.whatmobile.com.pk/Honor_X5c-Plus,filename,2026-08-14T07:51:58+00:00,Honor X5c Plus,true,true,true,false,,,167 x 77 x 7.9 mm,186 g,"Document viewer, Photo/video editor",Nano-SIM + Nano-SIM,"Document viewer, Photo/video editor",TFT LCD Touchscreen,6.74 Inches,720 x 1600 Pixels (~260 PPI),,Android 15 OS,MediaTek Helio G81 SoC,Octa-core (2 x 2.0 GHz Cortex-A75 + 6 x 1.7 GHz Cortex-A55),Mali-G52 MC2,microSDXC (uses shared SIM slot),"[""128GB Built-in"",""4GB RAM (+4GB Extended RAM)""]","128GB Built-in, 4GB RAM (+4GB Extended RAM)","[""Dual Camera: 50 MP, f/1.8, (wide), PDAF"",""Auxiliary lens, LED Flash""]","HDR, Panorama, Video (1080p@30fps)","[""1080p@30fps""]","[""5 MP, f/2.2, (wide)""]",,"[""1080p@30fps""]","3.5mm Audio Jack, Speaker Phone",true,"Wi-Fi 802.11 a/b/g/n/ac, dual-band, Wi-Fi Direct","v5.1 with A2DP, LE, aptX HD","A-GPS, GLONASS, GALILEO, BDS",false,false,true,"USB Type-C 2.0, OTG",false,true,false,"Accelerometer, Fingerprint (side-mounted), Proximity",Li-Po 5260 mAh,false,"[""- 15W wired""]","[""Ocean Cyan"",""Midnight Black""]",Weight Unknown,[35999.0],0.87500,9e7c5b09a30a3632dd09bbf929792288ac89379d94c81740e708db4de8084daa,"{""Battery"":{""Capacity"":""Li-Po 5260 mAh"",""Charging"":[""- 15W wired""],""WirelessCharging"":0},""Body"":{""Build"":""Document viewer, Photo/video editor"",""Dimensions"":""167 x 77 x 7.9 mm"",""Protection"":""Document viewer, Photo/video editor"",""SIM"":""Nano-SIM + Nano-SIM"",""Weight"":""186 g""},""Colors"":[""Ocean Cyan"",""Midnight Black""],""Display"":{""Protection"":null,""Resolution"":""720 x 1600 Pixels (~260 PPI)"",""Size"":""6.74 Inches"",""Type"":""TFT LCD Touchscreen""},""Features"":{""BackFingerPrint"":0,""Bluetooth"":""v5.1 with A2DP, LE, aptX HD"",""InDisplayFingerPrint"":0,""Infrared port"":0,""NFC"":0,""Positioning"":""A-GPS, GLONASS, GALILEO, BDS"",""Radio"":1,""Sensors"":""Accelerometer, Fingerprint (side-mounted), Proximity"",""SideFingerPrint"":1,""USB"":""USB Type-C 2.0, OTG"",""WLAN"":""Wi-Fi 802.11 a/b/g/n/ac, dual-band, Wi-Fi Direct""},""Launch"":{""Announced"":null,""Status"":null},""Main Camera"":{""Features"":""HDR, Panorama, Video (1080p@30fps)"",""Specifications"":[""Dual Camera: 50 MP, f/1.8, (wide), PDAF"",""Auxiliary lens, LED Flash""],""Video"":[""1080p@30fps""]},""Memory"":{""Card slot"":""microSDXC (uses shared SIM slot)"",""Technology"":""128GB Built-in, 4GB RAM (+4GB Extended RAM)"",""Types"":[""128GB Built-in"",""4GB RAM (+4GB Extended RAM)""]},""MobileName"":""Honor X5c Plus"",""Network"":{""2G"":1,""3G"":1,""4G"":1,""5G"":0},""Platform"":{""CPU"":""Octa-core (2 x 2.0 GHz Cortex-A75 + 6 x 1.7 GHz Cortex-A55)"",""Chipset"":""MediaTek Helio G81 SoC"",""GPU"":""Mali-G52 MC2"",""OS"":""Android 15 OS""},""Price"":[35999.0],""Selfie Camera"":{""Specifications"":[""5 MP, f/2.2, (wide)""],""Video"":[""1080p@30fps""]},""Sound"":{""3.5mm jack"":1,""Loudspeaker"":""3.5mm Audio Jack, Speaker Phone""},""Weight"":null}"
355e64cd3c6750ca54cea77df39231490f265e8364608a3f0aa0f661ee7c7d14,whatmobile,whatmobile.com.pk,whatmobile.com.pk/whatmobile__Honor_X6C-256GB.json,https://www.whatmobile.com.pk/Honor_X6C-256GB,filename,2026-08-14T07:53:31+00:00,Honor X6C 256GB,true,true,true,false,,,164 x 75.6 x 8.4 mm,199 g,"NFC (NIC-LX1, NIC-LX2 only), IP64 dust tight and water resistant (water splashes) Drop resistant up to 1.5m",Nano-SIM + Nano-SIM,"NFC (NIC-LX1, NIC-LX2 only), IP64 dust tight and water resistant (water splashes) Drop resistant up to 1.5m",TFT LCD Touchscreen,6.61 Inches,720 x 1604 Pixels (~266 PPI),,Android 15 OS,Mediatek Helio G81 Ultra (12 nm),Octa-core (2 x 2.0 GHz Cortex-A75 + 6 x 1.7 GHz Cortex-A55),Mali-G52 MC2,microSDXC (uses shared SIM slot),"[""256GB Built-in"",""6GB RAM""]","256GB Built-in, 6GB RAM","[""Dual Camera: 50 MP, f/1.8, (wide), PDAF"",""QVGA, (depth), LED Flash""]","HDR, Panorama, Video (1080p@30fps)","[""1080p@30fps""]","[""5 MP, f/2.2, (wide)""]",,"[""1080p@30fps""]","3.5mm Audio Jack, MP4/H.264 player, MP3/eAAC+/WAV/Flac player, Speaker Phone",true,"Wi-Fi 802.11 a/b/g/n/ac, dual-band, Wi-Fi Direct","v5.1 with A2DP, LE","A-GPS, GLONASS, GALILEO, BDS",true,false,true,"USB Type-C 2.0, OTG",false,true,false,"Accelerometer, Fingerprint (side mounted), Proximity",Li-Po 5300 mAh,false,"[""- Fast battery 35W wired""]","[""Midnight Black"",""Ocean Cyan"",""Moonlight White""]",Weight Unknown,[49999.0],0.87500,802b6bed06f32e5f2155b5b5e46897cace3775d29fb45ca13d5a3471975edd64,"{""Battery"":{""Capacity"":""Li-Po 5300 mAh"",""Charging"":[""- Fast battery 35W wired""],""WirelessCharging"":0},""Body"":{""Build"":""NFC (NIC-LX1, NIC-LX2 only), IP64 dust tight and water resistant (water splashes) Drop resistant up to 1.5m"",""Dimensions"":""164 x 75.6 x 8.4 mm"",""Protection"":""NFC (NIC-LX1, NIC-LX2 only), IP64 dust tight and water resistant (water splashes) Drop resistant up to 1.5m"",""SIM"":""Nano-SIM + Nano-SIM"",""Weight"":""199 g""},""Colors"":[""Midnight Black"",""Ocean Cyan"",""Moonlight White""],""Display"":{""Protection"":null,""Resolution"":""720 x 1604 Pixels (~266 PPI)"",""Size"":""6.61 Inches"",""Type"":""TFT LCD Touchscreen""},""Features"":{""BackFingerPrint"":0,""Bluetooth"":""v5.1 with A2DP, LE"",""InDisplayFingerPrint"":0,""Infrared port"":0,""NFC"":1,""Positioning"":""A-GPS, GLONASS, GALILEO, BDS"",""Radio"":1,""Sensors"":""Accelerometer, Fingerprint (side mounted), Proximity"",""SideFingerPrint"":1,""USB"":""USB Type-C 2.0, OTG"",""WLAN"":""Wi-Fi 802.11 a/b/g/n/ac, dual-band, Wi-Fi Direct""},""Launch"":{""Announced"":null,""Status"":null},""Main Camera"":{""Features"":""HDR, Panorama, Video (1080p@30fps)"",""Specifications"":[""Dual Camera: 50 MP, f/1.8, (wide), PDAF"",""QVGA, (depth), LED Flash""],""Video"":[""1080p@30fps""]},""Memory"":{""Card slot"":""microSDXC (uses shared SIM slot)"",""Technology"":""256GB Built-in, 6GB RAM"",""Types"":[""256GB Built-in"",""6GB RAM""]},""MobileName"":""Honor X6C 256GB"",""Network"":{""2G"":1,""3G"":1,""4G"":1,""5G"":0},""Platform"":{""CPU"":""Octa-core (2 x 2.0 GHz Cortex-A75 + 6 x 1.7 GHz Cortex-A55)"",""Chipset"":""Mediatek Helio G81 Ultra (12 nm)"",""GPU"":""Mali-G52 MC2"",""OS"":""Android 15 OS""},""Price"":[49999.0],""Selfie Camera"":{""Specifications"":[""5 MP, f/2.2, (wide)""],""Video"":[""1080p@30fps""]},""Sound"":{""3.5mm jack"":1,""Loudspeaker"":""3.5mm Audio Jack, MP4/H.264 player, MP3/eAAC+/WAV/Flac player, Speaker Phone""},""Weight"":null}"
d5531078c97048ae8a6175d0b1f1329b29066672d2440fd83fbe72c23e6f1d14,whatmobile,whatmobile.com.pk,whatmobile.com.pk/whatmobile__Infinix_GT-50-Pro.json,https://www.whatmobile.com.pk/Infinix_GT-50-Pro,filename,2026-08-14T07:48:02+00:00,Infinix GT 50 Pro,true,true,true,true,,,162.4 x 77.2 x 8.2 mm,198 g,"Glass front + Gorilla Glass 7i), plastic frame, plastic back, IP64 dust tight and water resistant (water splashes), Customizable RGB LEDs on the back, Pressure sensitive zones (Gaming triggers)",Nano-SIM + Nano-SIM,"Glass front + Gorilla Glass 7i), plastic frame, plastic back, IP64 dust tight and water resistant (water splashes), Customizable RGB LEDs on the back, Pressure sensitive zones (Gaming triggers)","AMOLED Capacitive Touchscreen, 1B Colors",6.78 Inches,1208 x 2664 Pixels (~431 PPI),Corning Gorilla Glass 7i,"Android 16 OS, up to 2 major Android upgrades",Mediatek Dimensity 8400 Ultimate (4 nm),Octa-core (1 x 3.25 GHz Cortex-A725 + 3 x 3.0 GHz Cortex-A725 + 4 x 2.1 GHz Cortex-A725),Mali-G720 MC7,No,"[""256/512GB Built-in"",""12GB RAM"",""UFS 4.1""]","256/512GB Built-in, 12GB RAM, UFS 4.1","[""Dual Camera: 50 MP, f/1.8, (wide), PDAF, OIS"",""8 MP, f/2.2, (ultrawide), 1/4.0\"", AF, Dual LED Flash""]","HDR, panorama, Video (4K@30/60fps, 1080p@30/60/120/240fps)","[""4K@30/60fps, 1080p@30/60/120/240fps""]","[""13 MP, f/2.2, (wide), 1/3.1\""""]",,"[""4K@30fps, 1080p@30fps""]","24-bit/192kHz Hi-Res & Hi-Res Wireless audio, Speaker Phone",false,"Wi-Fi 802.11 a/b/g/n/ac/6, dual-band, Wi-Fi Direct","v5.4 with A2DP, LE","Yes + A-GPS support & Glonass, BDS, GALILEO",true,true,true,"USB Type-C 2.0, OTG",false,false,true,"Accelerometer, Compass, Fingerprint (under display, optical), Gyro, Proximity",6150 mAh or 6500 mAh,true,"[""- Fast battery 45W wired"",""30W wireless"",""10W reverse wired"",""5W reverse wireless"",""Bypass Charging 2"",""Wireless bypass charging (accessory required)""]","[""Black Abyss"",""Red Blaze"",""Silver Glacier""]",Weight Unknown,[159999.0],0.87500,90729fe863b24a7f2159c268f0c89752dedcad153638ed82c9d1e92aa0bb39d7,"{""Battery"":{""Capacity"":""6150 mAh or 6500 mAh"",""Charging"":[""- Fast battery 45W wired"",""30W wireless"",""10W reverse wired"",""5W reverse wireless"",""Bypass Charging 2"",""Wireless bypass charging (accessory required)""],""WirelessCharging"":1},""Body"":{""Build"":""Glass front + Gorilla Glass 7i), plastic frame, plastic back, IP64 dust tight and water resistant (water splashes), Customizable RGB LEDs on the back, Pressure sensitive zones (Gaming triggers)"",""Dimensions"":""162.4 x 77.2 x 8.2 mm"",""Protection"":""Glass front + Gorilla Glass 7i), plastic frame, plastic back, IP64 dust tight and water resistant (water splashes), Customizable RGB LEDs on the back, Pressure sensitive zones (Gaming triggers)"",""SIM"":""Nano-SIM + Nano-SIM"",""Weight"":""198 g""},""Colors"":[""Black Abyss"",""Red Blaze"",""Silver Glacier""],""Display"":{""Protection"":""Corning Gorilla Glass 7i"",""Resolution"":""1208 x 2664 Pixels (~431 PPI)"",""Size"":""6.78 Inches"",""Type"":""AMOLED Capacitive Touchscreen, 1B Colors""},""Features"":{""BackFingerPrint"":0,""Bluetooth"":""v5.4 with A2DP, LE"",""InDisplayFingerPrint"":1,""Infrared port"":1,""NFC"":1,""Positioning"":""Yes + A-GPS support & Glonass, BDS, GALILEO"",""Radio"":1,""Sensors"":""Accelerometer, Compass, Fingerprint (under display, optical), Gyro, Proximity"",""SideFingerPrint"":0,""USB"":""USB Type-C 2.0, OTG"",""WLAN"":""Wi-Fi 802.11 a/b/g/n/ac/6, dual-band, Wi-Fi Direct""},""Launch"":{""Announced"":null,""Status"":null},""Main Camera"":{""Features"":""HDR, panorama, Video (4K@30/60fps, 1080p@30/60/120/240fps)"",""Specifications"":[""Dual Camera: 50 MP, f/1.8, (wide), PDAF, OIS"",""8 MP, f/2.2, (ultrawide), 1/4.0\"", AF, Dual LED Flash""],""Video"":[""4K@30/60fps, 1080p@30/60/120/240fps""]},""Memory"":{""Card slot"":""No"",""Technology"":""256/512GB Built-in, 12GB RAM, UFS 4.1"",""Types"":[""256/512GB Built-in"",""12GB RAM"",""UFS 4.1""]},""MobileName"":""Infinix GT 50 Pro"",""Network"":{""2G"":1,""3G"":1,""4G"":1,""5G"":1},""Platform"":{""CPU"":""Octa-core (1 x 3.25 GHz Cortex-A725 + 3 x 3.0 GHz Cortex-A725 + 4 x 2.1 GHz Cortex-A725)"",""Chipset"":""Mediatek Dimensity 8400 Ultimate (4 nm)"",""GPU"":""Mali-G720 MC7"",""OS"":""Android 16 OS, up to 2 major Android upgrades""},""Price"":[159999.0],""Selfie Camera"":{""Specifications"":[""13 MP, f/2.2, (wide), 1/3.1\""""],""Video"":[""4K@30fps, 1080p@30fps""]},""Sound"":{""3.5mm jack"":0,""Loudspeaker"":""24-bit/192kHz Hi-Res & Hi-Res Wireless audio, Speaker Phone""},""Weight"":null}"
2079d823ba7e978c7c7c2484843526663d5de9502b9d000f76574be3de59eea0,whatmobile,whatmobile.com.pk,whatmobile.com.pk/whatmobile__Infinix_Hot-60i-8GB.json,https://www.whatmobile.com.pk/Infinix_Hot-60i-8GB,filename,2026-08-14T07:49:46+00:00,Infinix Hot 60i 8GB,true,true,true,false,,,166 x 76.6 x 7.7 mm,188 g,"NFC (data transfer only; not for payments), Glass front, plastic back, plastic frame, IP64 dust tight and water resistant (water splashes), Drop resistant up to 1.5m",Nano-SIM + Nano-SIM,"NFC (data transfer only; not for payments), Glass front, plastic back, plastic frame, IP64 dust tight and water resistant (water splashes), Drop resistant up to 1.5m",IPS LCD Capacitive Touchscreen,6.7 Inches,720 x 1600 Pixels (~262 PPI),,Android 15 OS,Mediatek Helio G81 Ultimate (12 nm),Octa-core (2 x 2.0 GHz Cortex-A75 + 6 x 1.8 GHz Cortex-A55),Mali-G52 MC2,microSDXC (dedicated slot),"[""256GB Built-in"",""8GB RAM"",""eMMC5.1""]","256GB Built-in, 8GB RAM, eMMC5.1","[""Single Camera: 50 MP, (wide), AF, Auxiliary lens, Dual LED Flash""]","HDR, Panorama, Video (1440p@30fps, 1080p@30fps)","[""1440p@30fps, 1080p@30fps""]","[""8 MP, (wide)""]",,"[""8 MP, (wide""]","3.5mm Audio Jack, Speaker Phone",true,"Wi-Fi 802.11 a/b/g/n/ac, dual-band","v5.3 with A2DP, LE",Yes + A-GPS support,true,true,true,"USB Type-C 2.0, OTG",false,true,false,"Accelerometer, Compass, Fingerprint (side-mounted), Proximity",5160 mAh,false,"[""- Fast charging 45W wired"",""50% in 24 min"",""10W reverse wired"",""Bypass charging""]","[""Sleek Black"",""Titanium Silver"",""Shadow Blue"",""Neon Red"",""Meadow Green"",""Soul Eye Purple""]",Weight Unknown,[57999.0],0.87500,5f461879af9810d31c218c8424e182e9b3ab6b7ea80113508e5ea40187a0f52d,"{""Battery"":{""Capacity"":""5160 mAh"",""Charging"":[""- Fast charging 45W wired"",""50% in 24 min"",""10W reverse wired"",""Bypass charging""],""WirelessCharging"":0},""Body"":{""Build"":""NFC (data transfer only; not for payments), Glass front, plastic back, plastic frame, IP64 dust tight and water resistant (water splashes), Drop resistant up to 1.5m"",""Dimensions"":""166 x 76.6 x 7.7 mm"",""Protection"":""NFC (data transfer only; not for payments), Glass front, plastic back, plastic frame, IP64 dust tight and water resistant (water splashes), Drop resistant up to 1.5m"",""SIM"":""Nano-SIM + Nano-SIM"",""Weight"":""188 g""},""Colors"":[""Sleek Black"",""Titanium Silver"",""Shadow Blue"",""Neon Red"",""Meadow Green"",""Soul Eye Purple""],""Display"":{""Protection"":null,""Resolution"":""720 x 1600 Pixels (~262 PPI)"",""Size"":""6.7 Inches"",""Type"":""IPS LCD Capacitive Touchscreen""},""Features"":{""BackFingerPrint"":0,""Bluetooth"":""v5.3 with A2DP, LE"",""InDisplayFingerPrint"":0,""Infrared port"":1,""NFC"":1,""Positioning"":""Yes + A-GPS support"",""Radio"":1,""Sensors"":""Accelerometer, Compass, Fingerprint (side-mounted), Proximity"",""SideFingerPrint"":1,""USB"":""USB Type-C 2.0, OTG"",""WLAN"":""Wi-Fi 802.11 a/b/g/n/ac, dual-band""},""Launch"":{""Announced"":null,""Status"":null},""Main Camera"":{""Features"":""HDR, Panorama, Video (1440p@30fps, 1080p@30fps)"",""Specifications"":[""Single Camera: 50 MP, (wide), AF, Auxiliary lens, Dual LED Flash""],""Video"":[""1440p@30fps, 1080p@30fps""]},""Memory"":{""Card slot"":""microSDXC (dedicated slot)"",""Technology"":""256GB Built-in, 8GB RAM, eMMC5.1"",""Types"":[""256GB Built-in"",""8GB RAM"",""eMMC5.1""]},""MobileName"":""Infinix Hot 60i 8GB"",""Network"":{""2G"":1,""3G"":1,""4G"":1,""5G"":0},""Platform"":{""CPU"":""Octa-core (2 x 2.0 GHz Cortex-A75 + 6 x 1.8 GHz Cortex-A55)"",""Chipset"":""Mediatek Helio G81 Ultimate (12 nm)"",""GPU"":""Mali-G52 MC2"",""OS"":""Android 15 OS""},""Price"":[57999.0],""Selfie Camera"":{""Specifications"":[""8 MP, (wide)""],""Video"":[""8 MP, (wide""]},""Sound"":{""3.5mm jack"":1,""Loudspeaker"":""3.5mm Audio Jack, Speaker Phone""},""Weight"":null}"
0d084dcf7326e146ce7de2a7952c3adfad3c091f6e74401d9d9c1f305cdaaaf5,whatmobile,whatmobile.com.pk,whatmobile.com.pk/whatmobile__Infinix_Hot-70-Pro.json,https://www.whatmobile.com.pk/Infinix_Hot-70-Pro,filename,2026-08-14T07:44:52+00:00,Infinix Hot 70 Pro,true,true,true,true,,,166.9 x 79.5 x 7.9 mm,204 g,IP68 dust tight and water resistant (immersible up to 2m for 30 min),Nano-SIM + Nano-SIM,IP68 dust tight and water resistant (immersible up to 2m for 30 min),IPS LCD Capacitive Touchscreen,6.76 Inches,1080 x 2344 Pixels (~382 PPI),,"Android 16 OS, up to 3 major Android upgrades",Mediatek Dimensity 7100 (6 nm),Octa-core (4 x 2.4 GHz Cortex-A78 + 4 x 2.0 GHz Cortex-A55),Mali-G610 MC2,microSDXC (dedicated slot),"[""128GB Built-in"",""8GB RAM (+16GB of Extended RAM )""]","128GB Built-in, 8GB RAM (+16GB of Extended RAM )","[""Single Camera: 50 MP, f/1.8, 25mm (wide), 1/1.95\"", PDAF, Auxiliary lens, Dual LED Flash""]","HDR, Panorama, Video (1440p@30fps, 1080p@30/60fps)","[""1440p@30fps, 1080p@30/60fps""]","[""8 MP, f/2.0, (wide)""]",,"[""1440p@30fps, 1080p@30fps""]","3.5mm Audio Jack, 24-bit/192kHz Hi-Res audio, Speaker Phone",true,"Wi-Fi 802.11 a/b/g/n/ac, dual-band","v5.4 with A2DP, LE",Yes + A-GPS support,true,true,true,"USB Type-C 2.0, OTG",false,true,false,"Accelerometer, Compass, Fingerprint (side mounted), Gyro, Proximity",6500 mAh,false,"[""- Fast battery 45W wired"",""50% in 25 min"",""10W reverse wired"",""Bypass charging""]","[""Night Pulse"",""Dive Blue"",""Depth Ring White"",""Mirage Green"",""Silk Glow Purple"",""Thermo Orange""]",Weight Unknown,[84999.0],0.87500,4620d42ab5b4cf30ebbb3b53e395d2a8070890dc83fec0a560aea3f5e46cb589,"{""Battery"":{""Capacity"":""6500 mAh"",""Charging"":[""- Fast battery 45W wired"",""50% in 25 min"",""10W reverse wired"",""Bypass charging""],""WirelessCharging"":0},""Body"":{""Build"":""IP68 dust tight and water resistant (immersible up to 2m for 30 min)"",""Dimensions"":""166.9 x 79.5 x 7.9 mm"",""Protection"":""IP68 dust tight and water resistant (immersible up to 2m for 30 min)"",""SIM"":""Nano-SIM + Nano-SIM"",""Weight"":""204 g""},""Colors"":[""Night Pulse"",""Dive Blue"",""Depth Ring White"",""Mirage Green"",""Silk Glow Purple"",""Thermo Orange""],""Display"":{""Protection"":null,""Resolution"":""1080 x 2344 Pixels (~382 PPI)"",""Size"":""6.76 Inches"",""Type"":""IPS LCD Capacitive Touchscreen""},""Features"":{""BackFingerPrint"":0,""Bluetooth"":""v5.4 with A2DP, LE"",""InDisplayFingerPrint"":0,""Infrared port"":1,""NFC"":1,""Positioning"":""Yes + A-GPS support"",""Radio"":1,""Sensors"":""Accelerometer, Compass, Fingerprint (side mounted), Gyro, Proximity"",""SideFingerPrint"":1,""USB"":""USB Type-C 2.0, OTG"",""WLAN"":""Wi-Fi 802.11 a/b/g/n/ac, dual-band""},""Launch"":{""Announced"":null,""Status"":null},""Main Camera"":{""Features"":""HDR, Panorama, Video (1440p@30fps, 1080p@30/60fps)"",""Specifications"":[""Single Camera: 50 MP, f/1.8, 25mm (wide), 1/1.95\"", PDAF, Auxiliary lens, Dual LED Flash""],""Video"":[""1440p@30fps, 1080p@30/60fps""]},""Memory"":{""Card slot"":""microSDXC (dedicated slot)"",""Technology"":""128GB Built-in, 8GB RAM (+16GB of Extended RAM )"",""Types"":[""128GB Built-in"",""8GB RAM (+16GB of Extended RAM )""]},""MobileName"":""Infinix Hot 70 Pro"",""Network"":{""2G"":1,""3G"":1,""4G"":1,""5G"":1},""Platform"":{""CPU"":""Octa-core (4 x 2.4 GHz Cortex-A78 + 4 x 2.0 GHz Cortex-A55)"",""Chipset"":""Mediatek Dimensity 7100 (6 nm)"",""GPU"":""Mali-G610 MC2"",""OS"":""Android 16 OS, up to 3 major Android upgrades""},""Price"":[84999.0],""Selfie Camera"":{""Specifications"":[""8 MP, f/2.0, (wide)""],""Video"":[""1440p@30fps, 1080p@30fps""]},""Sound"":{""3.5mm jack"":1,""Loudspeaker"":""3.5mm Audio Jack, 24-bit/192kHz Hi-Res audio, Speaker Phone""},""Weight"":null}"
6374958bfeca11749b533b3d8a22167222d758edb00c16bfc7a3c1bb05168e88,whatmobile,whatmobile.com.pk,whatmobile.com.pk/whatmobile__Infinix_Hot-70.json,https://www.whatmobile.com.pk/Infinix_Hot-70,filename,2026-08-14T07:43:34+00:00,Infinix Hot 70,true,true,true,false,,,167.9 x 79.1 x 7.5 mm,195 g,"Glass front, plastic back, plastic frame, IP65 dust tight and water resistant (low pressure water jets), Drop resistant up to 1.5m",Nano-SIM + Nano-SIM,"Glass front, plastic back, plastic frame, IP65 dust tight and water resistant (low pressure water jets), Drop resistant up to 1.5m",IPS LCD Capacitive Touchscreen,6.78 Inches,720 x 1576 Pixels (~256 PPI),,"Android 16 OS, up to 3 major OS updates",Mediatek Helio G100 Ultimate (6 nm),Octa-core (2 x 2.2 GHz Cortex-A76 +6 x 2.0 GHz Cortex-A55),Mali-G52 MC2,microSDXC (dedicated slot),"[""128GB Built-in"",""6GB RAM"",""UFS 2.2""]","128GB Built-in, 6GB RAM, UFS 2.2","[""Single Camera: 50 MP, f/1.9, (wide), AF Auxiliary lens, Dual LED Flash""]","HDR, Panorama, Video (1440p@30fps, 1080p@30fps)","[""1440p@30fps, 1080p@30fps""]","[""8 MP, f/2.0, (wide), Dual LED Flash""]",,"[""8 MP, f/2.0, (wide"","", Dual LED Flash""]","3.5mm Audio Jack, Speaker Phone",true,"Wi-Fi 802.11 a/b/g/n/ac, dual-band","v5.4 with A2DP, LE",Yes + A-GPS support,true,true,true,"USB Type-C 2.0, OTG",false,true,false,"Accelerometer, Compass, Fingerprint (side-mounted), Gyro, Proximity",6000 mAh,false,"[""- Fast battery 45W wired"",""50% in 25 min"",""10W reverse wired"",""Bypass charging""]","[""Night Pulse"",""Dive Blue"",""Silver Dancer"",""Thermo Orange"",""Green Texture"",""Quiet Violet""]",Weight Unknown,[59999.0],0.87500,11896cf5c2c5342bdf3041951c6f242bcd48e74814955dbe22df188f985a7371,"{""Battery"":{""Capacity"":""6000 mAh"",""Charging"":[""- Fast battery 45W wired"",""50% in 25 min"",""10W reverse wired"",""Bypass charging""],""WirelessCharging"":0},""Body"":{""Build"":""Glass front, plastic back, plastic frame, IP65 dust tight and water resistant (low pressure water jets), Drop resistant up to 1.5m"",""Dimensions"":""167.9 x 79.1 x 7.5 mm"",""Protection"":""Glass front, plastic back, plastic frame, IP65 dust tight and water resistant (low pressure water jets), Drop resistant up to 1.5m"",""SIM"":""Nano-SIM + Nano-SIM"",""Weight"":""195 g""},""Colors"":[""Night Pulse"",""Dive Blue"",""Silver Dancer"",""Thermo Orange"",""Green Texture"",""Quiet Violet""],""Display"":{""Protection"":null,""Resolution"":""720 x 1576 Pixels (~256 PPI)"",""Size"":""6.78 Inches"",""Type"":""IPS LCD Capacitive Touchscreen""},""Features"":{""BackFingerPrint"":0,""Bluetooth"":""v5.4 with A2DP, LE"",""InDisplayFingerPrint"":0,""Infrared port"":1,""NFC"":1,""Positioning"":""Yes + A-GPS support"",""Radio"":1,""Sensors"":""Accelerometer, Compass, Fingerprint (side-mounted), Gyro, Proximity"",""SideFingerPrint"":1,""USB"":""USB Type-C 2.0, OTG"",""WLAN"":""Wi-Fi 802.11 a/b/g/n/ac, dual-band""},""Launch"":{""Announced"":null,""Status"":null},""Main Camera"":{""Features"":""HDR, Panorama, Video (1440p@30fps, 1080p@30fps)"",""Specifications"":[""Single Camera: 50 MP, f/1.9, (wide), AF Auxiliary lens, Dual LED Flash""],""Video"":[""1440p@30fps, 1080p@30fps""]},""Memory"":{""Card slot"":""microSDXC (dedicated slot)"",""Technology"":""128GB Built-in, 6GB RAM, UFS 2.2"",""Types"":[""128GB Built-in"",""6GB RAM"",""UFS 2.2""]},""MobileName"":""Infinix Hot 70"",""Network"":{""2G"":1,""3G"":1,""4G"":1,""5G"":0},""Platform"":{""CPU"":""Octa-core (2 x 2.2 GHz Cortex-A76 +6 x 2.0 GHz Cortex-A55)"",""Chipset"":""Mediatek Helio G100 Ultimate (6 nm)"",""GPU"":""Mali-G52 MC2"",""OS"":""Android 16 OS, up to 3 major OS updates""},""Price"":[59999.0],""Selfie Camera"":{""Specifications"":[""8 MP, f/2.0, (wide), Dual LED Flash""],""Video"":[""8 MP, f/2.0, (wide"","", Dual LED Flash""]},""Sound"":{""3.5mm jack"":1,""Loudspeaker"":""3.5mm Audio Jack, Speaker Phone""},""Weight"":null}"
6a67f6d4ee92c9d8fe239ff6f37d707e06560c27a9ffb64ca5d032285190ecd3,whatmobile,whatmobile.com.pk,whatmobile.com.pk/whatmobile__Infinix_Note-60-Pro.json,https://www.whatmobile.com.pk/Infinix_Note-60-Pro,filename,2026-08-14T07:49:40+00:00,Infinix Note 60 Pro,true,true,true,true,,,162.4 x 77.2 x 7.4 mm,201 g,"Glass front + Gorilla Glass 7i), Aluminum frame, aluminum back, IP64 dust tight and water resistant (water splashes), RGB notification light & active matrix display (on the back)",Nano-SIM + Nano-SIM + eSIM (max 2 at a time),"Glass front + Gorilla Glass 7i), Aluminum frame, aluminum back, IP64 dust tight and water resistant (water splashes), RGB notification light & active matrix display (on the back)",AMOLED Capacitive Touchscreen,6.78 Inches,1208 x 2644 Pixels (~429 PPI),Corning Gorilla Glass 7i,"Android 16 OS, up to 3 major Android upgrades",Qualcomm SM7635-AC Snapdragon 7s Gen 4 (4 nm),Octa-core (1 x 2.7 GHz Cortex-A720 + 3 x 2.4 GHz Cortex-A720 + 4 x 1.8 GHz Cortex-A520),Adreno 810,No,"[""256GB Built-in"",""8GB RAM"",""UFS 2.2""]","256GB Built-in, 8GB RAM, UFS 2.2","[""Dual Camera: 50 MP, f/1.6, (wide), PDAF, OIS"",""8 MP, f/2.2, (ultrawide), Dual LED Flash""]","Panorama, HDR, Video (14K@30fps, 1080p@30/60/120fps)","[""14K@30fps, 1080p@30/60/120fps""]","[""13 MP, f/2.2, (wide)""]",,"[""4K@30fps, 1080p@30/60fps""]","Tuned by JBL, 24-bit/192kHz Hi-Res & Hi-Res wireless audio, Speaker Phone",false,"Wi-Fi 802.11 a/b/g/n/ac/6, dual-band","v5.4 with A2DP, LE",Yes + A-GPS support,true,true,true,"USB Type-C 2.0, OTG",false,false,true,"Accelerometer, Compass, Fingerprint (under display, optical), Gyro, HeartRate, Proximity, SpO2",6500 mAh,true,"[""- Fast battery 90W wired"",""50% in 16 min"",""100% in 41 min"",""30W wireless"",""7.5W reverse wired"",""5W reverse wireless"",""Bypass Charging (gaming"",""navigating)""]","[""Mist Titanium"",""Deep Ocean Blue"",""Solar Orange"",""Mocha Brown"",""Torino Black"",""Frost Silver""]",Weight Unknown,[120999.0],0.87500,bea48ee6b187082a1e625b294cf0ca0991a2d198ba6785264f55805084af3077,"{""Battery"":{""Capacity"":""6500 mAh"",""Charging"":[""- Fast battery 90W wired"",""50% in 16 min"",""100% in 41 min"",""30W wireless"",""7.5W reverse wired"",""5W reverse wireless"",""Bypass Charging (gaming"",""navigating)""],""WirelessCharging"":1},""Body"":{""Build"":""Glass front + Gorilla Glass 7i), Aluminum frame, aluminum back, IP64 dust tight and water resistant (water splashes), RGB notification light & active matrix display (on the back)"",""Dimensions"":""162.4 x 77.2 x 7.4 mm"",""Protection"":""Glass front + Gorilla Glass 7i), Aluminum frame, aluminum back, IP64 dust tight and water resistant (water splashes), RGB notification light & active matrix display (on the back)"",""SIM"":""Nano-SIM + Nano-SIM + eSIM (max 2 at a time)"",""Weight"":""201 g""},""Colors"":[""Mist Titanium"",""Deep Ocean Blue"",""Solar Orange"",""Mocha Brown"",""Torino Black"",""Frost Silver""],""Display"":{""Protection"":""Corning Gorilla Glass 7i"",""Resolution"":""1208 x 2644 Pixels (~429 PPI)"",""Size"":""6.78 Inches"",""Type"":""AMOLED Capacitive Touchscreen""},""Features"":{""BackFingerPrint"":0,""Bluetooth"":""v5.4 with A2DP, LE"",""InDisplayFingerPrint"":1,""Infrared port"":1,""NFC"":1,""Positioning"":""Yes + A-GPS support"",""Radio"":1,""Sensors"":""Accelerometer, Compass, Fingerprint (under display, optical), Gyro, HeartRate, Proximity, SpO2"",""SideFingerPrint"":0,""USB"":""USB Type-C 2.0, OTG"",""WLAN"":""Wi-Fi 802.11 a/b/g/n/ac/6, dual-band""},""Launch"":{""Announced"":null,""Status"":null},""Main Camera"":{""Features"":""Panorama, HDR, Video (14K@30fps, 1080p@30/60/120fps)"",""Specifications"":[""Dual Camera: 50 MP, f/1.6, (wide), PDAF, OIS"",""8 MP, f/2.2, (ultrawide), Dual LED Flash""],""Video"":[""14K@30fps, 1080p@30/60/120fps""]},""Memory"":{""Card slot"":""No"",""Technology"":""256GB Built-in, 8GB RAM, UFS 2.2"",""Types"":[""256GB Built-in"",""8GB RAM"",""UFS 2.2""]},""MobileName"":""Infinix Note 60 Pro"",""Network"":{""2G"":1,""3G"":1,""4G"":1,""5G"":1},""Platform"":{""CPU"":""Octa-core (1 x 2.7 GHz Cortex-A720 + 3 x 2.4 GHz Cortex-A720 + 4 x 1.8 GHz Cortex-A520)"",""Chipset"":""Qualcomm SM7635-AC Snapdragon 7s Gen 4 (4 nm)"",""GPU"":""Adreno 810"",""OS"":""Android 16 OS, up to 3 major Android upgrades""},""Price"":[120999.0],""Selfie Camera"":{""Specifications"":[""13 MP, f/2.2, (wide)""],""Video"":[""4K@30fps, 1080p@30/60fps""]},""Sound"":{""3.5mm jack"":0,""Loudspeaker"":""Tuned by JBL, 24-bit/192kHz Hi-Res & Hi-Res wireless audio, Speaker Phone""},""Weight"":null}"
9584064ec1aa3c7bee1a93326371e4de1c3ce2ad5ab0ba45072de10e607c1d12,whatmobile,whatmobile.com.pk,whatmobile.com.pk/whatmobile__Infinix_Note-60.json,https://www.whatmobile.com.pk/Infinix_Note-60,filename,2026-08-14T07:45:05+00:00,Infinix Note 60,true,true,true,true,,,162.4 x 77.2 x 7.5 mm,199 g,"Glass front + Gorilla Glass 7i), Aluminum frame, Aluminum back, IP64 dust tight and water resistant (water splashes) RGB notification light (on the back)",Nano-SIM + Nano-SIM,"Glass front + Gorilla Glass 7i), Aluminum frame, Aluminum back, IP64 dust tight and water resistant (water splashes) RGB notification light (on the back)",AMOLED Capacitive Touchscreen,6.78 Inches,1208 x 2664 Pixels (~431 PPI),Corning Gorilla Glass 7i,"Android 16 OS, up to 3 major Android upgrades",Mediatek Dimensity 7400 Ultimate (4 nm),Octa-core (4 x 2.6 GHz Cortex-A78 + 4 x 2.0 GHz Cortex-A55),Mali-G615 MC2,No,"[""256GB Built-in"",""8GB RAM"",""UFS 2.2""]","256GB Built-in, 8GB RAM, UFS 2.2","[""Dual Camera: 50 MP, f/1.6, (wide), PDAF, OIS"",""8 MP, f/2.2, (ultrawide), Dual LED Flash""]","Panorama, HDR, Video (4K@30fps, 1080p@30/60/120fps)","[""4K@30fps, 1080p@30/60/120fps""]","[""13 MP, f/2.2, (wide)""]",,"[""4K@30fps, 1080p@30/60fps""]","Tuned by JBL, 24-bit/192kHz Hi-Res & Hi-Res Wireless audio, Speaker Phone",false,"Wi-Fi 802.11 a/b/g/n/ac, dual-band","v5.4 with A2DP, LE",Yes + A-GPS support,true,true,true,"USB Type-C 2.0, OTG",false,false,true,"Accelerometer, Compass, Fingerprint (under display, optical), Gyro, HeartRate, Proximity, SpO2",6500 mAh,true,"[""- Fast battery 45W wired"",""50% in 26 min"",""100% in 54 min"",""30W wireless"",""Bypass Charging (gaming"",""navigating)""]","[""Mist Titanium"",""Midnight Black"",""Fizz Blue"",""Rose Gold"",""Mocha Brown""]",Weight Unknown,[104999.0],0.87500,70edc38e38a7991f06fd21d9aa0f3d3f4397f87681a77cd3631de07eec064b49,"{""Battery"":{""Capacity"":""6500 mAh"",""Charging"":[""- Fast battery 45W wired"",""50% in 26 min"",""100% in 54 min"",""30W wireless"",""Bypass Charging (gaming"",""navigating)""],""WirelessCharging"":1},""Body"":{""Build"":""Glass front + Gorilla Glass 7i), Aluminum frame, Aluminum back, IP64 dust tight and water resistant (water splashes) RGB notification light (on the back)"",""Dimensions"":""162.4 x 77.2 x 7.5 mm"",""Protection"":""Glass front + Gorilla Glass 7i), Aluminum frame, Aluminum back, IP64 dust tight and water resistant (water splashes) RGB notification light (on the back)"",""SIM"":""Nano-SIM + Nano-SIM"",""Weight"":""199 g""},""Colors"":[""Mist Titanium"",""Midnight Black"",""Fizz Blue"",""Rose Gold"",""Mocha Brown""],""Display"":{""Protection"":""Corning Gorilla Glass 7i"",""Resolution"":""1208 x 2664 Pixels (~431 PPI)"",""Size"":""6.78 Inches"",""Type"":""AMOLED Capacitive Touchscreen""},""Features"":{""BackFingerPrint"":0,""Bluetooth"":""v5.4 with A2DP, LE"",""InDisplayFingerPrint"":1,""Infrared port"":1,""NFC"":1,""Positioning"":""Yes + A-GPS support"",""Radio"":1,""Sensors"":""Accelerometer, Compass, Fingerprint (under display, optical), Gyro, HeartRate, Proximity, SpO2"",""SideFingerPrint"":0,""USB"":""USB Type-C 2.0, OTG"",""WLAN"":""Wi-Fi 802.11 a/b/g/n/ac, dual-band""},""Launch"":{""Announced"":null,""Status"":null},""Main Camera"":{""Features"":""Panorama, HDR, Video (4K@30fps, 1080p@30/60/120fps)"",""Specifications"":[""Dual Camera: 50 MP, f/1.6, (wide), PDAF, OIS"",""8 MP, f/2.2, (ultrawide), Dual LED Flash""],""Video"":[""4K@30fps, 1080p@30/60/120fps""]},""Memory"":{""Card slot"":""No"",""Technology"":""256GB Built-in, 8GB RAM, UFS 2.2"",""Types"":[""256GB Built-in"",""8GB RAM"",""UFS 2.2""]},""MobileName"":""Infinix Note 60"",""Network"":{""2G"":1,""3G"":1,""4G"":1,""5G"":1},""Platform"":{""CPU"":""Octa-core (4 x 2.6 GHz Cortex-A78 + 4 x 2.0 GHz Cortex-A55)"",""Chipset"":""Mediatek Dimensity 7400 Ultimate (4 nm)"",""GPU"":""Mali-G615 MC2"",""OS"":""Android 16 OS, up to 3 major Android upgrades""},""Price"":[104999.0],""Selfie Camera"":{""Specifications"":[""13 MP, f/2.2, (wide)""],""Video"":[""4K@30fps, 1080p@30/60fps""]},""Sound"":{""3.5mm jack"":0,""Loudspeaker"":""Tuned by JBL, 24-bit/192kHz Hi-Res & Hi-Res Wireless audio, Speaker Phone""},""Weight"":null}"
a1415cad8991bc77e7b0902fcad7e02c68addaf7fe3b4c0952307ce7cef98a5f,whatmobile,whatmobile.com.pk,whatmobile.com.pk/whatmobile__Infinix_Note-Edge.json,https://www.whatmobile.com.pk/Infinix_Note-Edge,filename,2026-08-14T07:49:12+00:00,Infinix Note Edge,true,true,true,true,,,163.1 x 77.4 x 7.2 mm,190 g,"Glass front, plastic back, plastic frame, IP65 dust tight and water resistant (low pressure water jets)",Nano-SIM + Nano-SIM,"Glass front, plastic back, plastic frame, IP65 dust tight and water resistant (low pressure water jets)","AMOLED Capacitive Touchscreen, 1B Colors",6.78 Inches,1208 x 2644 Pixels (~429 PPI),Corning Gorilla Glass 7i,"Android 16 OS, up to 3 major Android upgrades",Mediatek Dimensity 7100 (6 nm),Octa-core (4 x 2.4 GHz Cortex-A78 + 4 x 2.0 GHz Cortex-A55),Mali-G610 MC2,Unspecified,"[""256GB Built-in"",""8GB RAM""]","256GB Built-in, 8GB RAM","[""50 MP, (wide), 1/2.0\"", PDAF Dual LED Flash""]","Panorama, HDR, Video (1440p@30fps, 1080p@30fps)","[""1440p@30fps, 1080p@30fps""]","[""13 MP, f/2.2 (wide)""]",,"[""1440p@30fps, 1080p@30fps""]","Tuned by JBL, 24-bit/192kHz Hi-Res audio, Speaker Phone",false,"Wi-Fi 802.11 a/b/g/n/ac, dual-band","v5.4 with A2DP, LE","Yes + A-GPS support, GALILEO, GLONASS, QZSS",true,true,true,"USB Type-C 2.0, OTG",false,false,true,"Accelerometer, Compass, Fingerprint (under display, optical), Gyro, Proximity",6500 mAh,false,"[""- Fast battery 45W wired"",""50% in 27 min"",""10W reverse wired"",""Bypass charging""]","[""Lunar Titanium"",""Silk Green"",""Stellar Blue"",""Shadow Black"",""Orange""]",Weight Unknown,[94999.0],0.87500,dbdc7e86fdd54727aa2b8b4cae98e4abbe1834ae64095088b29bf386294619a5,"{""Battery"":{""Capacity"":""6500 mAh"",""Charging"":[""- Fast battery 45W wired"",""50% in 27 min"",""10W reverse wired"",""Bypass charging""],""WirelessCharging"":0},""Body"":{""Build"":""Glass front, plastic back, plastic frame, IP65 dust tight and water resistant (low pressure water jets)"",""Dimensions"":""163.1 x 77.4 x 7.2 mm"",""Protection"":""Glass front, plastic back, plastic frame, IP65 dust tight and water resistant (low pressure water jets)"",""SIM"":""Nano-SIM + Nano-SIM"",""Weight"":""190 g""},""Colors"":[""Lunar Titanium"",""Silk Green"",""Stellar Blue"",""Shadow Black"",""Orange""],""Display"":{""Protection"":""Corning Gorilla Glass 7i"",""Resolution"":""1208 x 2644 Pixels (~429 PPI)"",""Size"":""6.78 Inches"",""Type"":""AMOLED Capacitive Touchscreen, 1B Colors""},""Features"":{""BackFingerPrint"":0,""Bluetooth"":""v5.4 with A2DP, LE"",""InDisplayFingerPrint"":1,""Infrared port"":1,""NFC"":1,""Positioning"":""Yes + A-GPS support, GALILEO, GLONASS, QZSS"",""Radio"":1,""Sensors"":""Accelerometer, Compass, Fingerprint (under display, optical), Gyro, Proximity"",""SideFingerPrint"":0,""USB"":""USB Type-C 2.0, OTG"",""WLAN"":""Wi-Fi 802.11 a/b/g/n/ac, dual-band""},""Launch"":{""Announced"":null,""Status"":null},""Main Camera"":{""Features"":""Panorama, HDR, Video (1440p@30fps, 1080p@30fps)"",""Specifications"":[""50 MP, (wide), 1/2.0\"", PDAF Dual LED Flash""],""Video"":[""1440p@30fps, 1080p@30fps""]},""Memory"":{""Card slot"":""Unspecified"",""Technology"":""256GB Built-in, 8GB RAM"",""Types"":[""256GB Built-in"",""8GB RAM""]},""MobileName"":""Infinix Note Edge"",""Network"":{""2G"":1,""3G"":1,""4G"":1,""5G"":1},""Platform"":{""CPU"":""Octa-core (4 x 2.4 GHz Cortex-A78 + 4 x 2.0 GHz Cortex-A55)"",""Chipset"":""Mediatek Dimensity 7100 (6 nm)"",""GPU"":""Mali-G610 MC2"",""OS"":""Android 16 OS, up to 3 major Android upgrades""},""Price"":[94999.0],""Selfie Camera"":{""Specifications"":[""13 MP, f/2.2 (wide)""],""Video"":[""1440p@30fps, 1080p@30fps""]},""Sound"":{""3.5mm jack"":0,""Loudspeaker"":""Tuned by JBL, 24-bit/192kHz Hi-Res audio, Speaker Phone""},""Weight"":null}"
e2e48a8821579bc7585fbeff55b4a3d239c1f73294230cf5ec4b9e7c231c39e7,whatmobile,whatmobile.com.pk,whatmobile.com.pk/whatmobile__Infinix_Smart-10-Plus.json,https://www.whatmobile.com.pk/Infinix_Smart-10-Plus,filename,2026-08-14T07:53:10+00:00,Infinix Smart 10 Plus,true,true,true,false,,,165.6 x 77 x 8 mm,198 g,"NFC (data transfer only; not for payments - market/region dependent), IP64 dust tight and water resistant (water splashes), Drop resistant up to 1.5m, Glass front, plastic back, plastic frame",Nano-SIM + Nano-SIM,"NFC (data transfer only; not for payments - market/region dependent), IP64 dust tight and water resistant (water splashes), Drop resistant up to 1.5m, Glass front, plastic back, plastic frame",IPS LCD Capacitive Touchscreen,6.67 Inches,720 x 1600 Pixels (~263 PPI),,Android 15 OS,Unisoc T7250 (12 nm),Octa-core (2 x 1.8 GHz Cortex-A75 + 6 x 1.6 GHz Cortex-A55),Mali-G57 MP1,microSDXC (dedicated slot),"[""128GB Built-in"",""4GB RAM"",""eMMC 5.1""]","128GB Built-in, 4GB RAM, eMMC 5.1","[""Single Camera: 8 MP, f/2.0, (wide), 1/4.0\"", AF, Dual LED Flash""]","HDR, panorama, Video (1440p@30fps, 1080p@30fps)","[""1440p@30fps, 1080p@30fps""]","[""8 MP, f/2.0, (wide), 1/4.0""]",,"[""1440p@30fps, 1080p@30fps""]","3.5mm Audio Jack, Speaker Phone",true,"Wi-Fi 802.11 a/b/g/n/ac, dual-band","v5.0 with A2DP, LE",Yes + A-GPS support,true,false,true,"USB Type-C 2.0, OTG",false,true,false,"Accelerometer, Compass, Fingerprint (side mounted), Proximity",6000 mAh,false,"[""- Battery charging 18W wired"",""Reverse wired""]","[""Sleek Black"",""Titanium Silver"",""Iris Blue"",""Ruby Red""]",Weight Unknown,[34999.0],0.87500,3c0b317428d8660c1cfb799e9fbfcb831342a2b3bf551590c3508fb85cee4859,"{""Battery"":{""Capacity"":""6000 mAh"",""Charging"":[""- Battery charging 18W wired"",""Reverse wired""],""WirelessCharging"":0},""Body"":{""Build"":""NFC (data transfer only; not for payments - market/region dependent), IP64 dust tight and water resistant (water splashes), Drop resistant up to 1.5m, Glass front, plastic back, plastic frame"",""Dimensions"":""165.6 x 77 x 8 mm"",""Protection"":""NFC (data transfer only; not for payments - market/region dependent), IP64 dust tight and water resistant (water splashes), Drop resistant up to 1.5m, Glass front, plastic back, plastic frame"",""SIM"":""Nano-SIM + Nano-SIM"",""Weight"":""198 g""},""Colors"":[""Sleek Black"",""Titanium Silver"",""Iris Blue"",""Ruby Red""],""Display"":{""Protection"":null,""Resolution"":""720 x 1600 Pixels (~263 PPI)"",""Size"":""6.67 Inches"",""Type"":""IPS LCD Capacitive Touchscreen""},""Features"":{""BackFingerPrint"":0,""Bluetooth"":""v5.0 with A2DP, LE"",""InDisplayFingerPrint"":0,""Infrared port"":0,""NFC"":1,""Positioning"":""Yes + A-GPS support"",""Radio"":1,""Sensors"":""Accelerometer, Compass, Fingerprint (side mounted), Proximity"",""SideFingerPrint"":1,""USB"":""USB Type-C 2.0, OTG"",""WLAN"":""Wi-Fi 802.11 a/b/g/n/ac, dual-band""},""Launch"":{""Announced"":null,""Status"":null},""Main Camera"":{""Features"":""HDR, panorama, Video (1440p@30fps, 1080p@30fps)"",""Specifications"":[""Single Camera: 8 MP, f/2.0, (wide), 1/4.0\"", AF, Dual LED Flash""],""Video"":[""1440p@30fps, 1080p@30fps""]},""Memory"":{""Card slot"":""microSDXC (dedicated slot)"",""Technology"":""128GB Built-in, 4GB RAM, eMMC 5.1"",""Types"":[""128GB Built-in"",""4GB RAM"",""eMMC 5.1""]},""MobileName"":""Infinix Smart 10 Plus"",""Network"":{""2G"":1,""3G"":1,""4G"":1,""5G"":0},""Platform"":{""CPU"":""Octa-core (2 x 1.8 GHz Cortex-A75 + 6 x 1.6 GHz Cortex-A55)"",""Chipset"":""Unisoc T7250 (12 nm)"",""GPU"":""Mali-G57 MP1"",""OS"":""Android 15 OS""},""Price"":[34999.0],""Selfie Camera"":{""Specifications"":[""8 MP, f/2.0, (wide), 1/4.0""],""Video"":[""1440p@30fps, 1080p@30fps""]},""Sound"":{""3.5mm jack"":1,""Loudspeaker"":""3.5mm Audio Jack, Speaker Phone""},""Weight"":null}"
0e10fde081d198a572bd8d29ca6a9e4a710b97d6f342ecf37e2f3e9a32be1000,whatmobile,whatmobile.com.pk,whatmobile.com.pk/whatmobile__Infinix_Smart-20-128GB.json,https://www.whatmobile.com.pk/Infinix_Smart-20-128GB,filename,2026-08-14T07:43:11+00:00,Infinix Smart 20 128GB,true,true,true,false,,,167.7 x 78.8 x 7.7 mm,N/A,"Glass front, plastic back, plastic frame, IP64 dust tight and water resistant (water splashes), Drop resistant up to 1.5m",Nano-SIM + Nano-SIM,"Glass front, plastic back, plastic frame, IP64 dust tight and water resistant (water splashes), Drop resistant up to 1.5m",IPS LCD Capacitive Touchscreen,6.78 Inches,720 x 1600 Pixels (~259 PPI),,Android 16 OS,Mediatek Helio G81 Ultimate (12 nm),Octa-core (2 x 2.0 GHz Cortex-A75 + 6 x 1.8 GHz Cortex-A55),Mali-G52 MC2,microSDXC (dedicated slot),"[""128GB Built-in"",""4GB RAM"",""eMMC 5.1""]","128GB Built-in, 4GB RAM, eMMC 5.1","[""Single Camera: 8 MP, f/2.0, (wide), 1/4.0\"", AF, Dual LED Flash""]","panorama, Video (1440p@30fps, 1080p@30fps)","[""1440p@30fps, 1080p@30fps""]","[""8 MP, f/2.0, (wide), 1/4.0\""""]",,"[""1440p@30fps, 1080p@30fps""]","3.5mm Audio Jack, Speaker Phone",true,"Wi-Fi 802.11 a/b/g/n/ac, dual-band","v5.0 with A2DP, LE",Yes + A-GPS support,true,false,true,"USB Type-C 2.0, OTG",false,true,false,"Accelerometer, Compass, Fingerprint (side mounted), Proximity",5200 mAh,false,"[""- Battery Charging 15W wired"",""5W reverse wired""]","[""Shadow Black"",""Cloudline Blue"",""Polaris Titanium"",""Sunlike Orange""]",Weight Unknown,[41999.0],0.87500,d0f4febb8bdd44a3f9d1219ce284acc048afa9bd348015f9d8f9159c88b5a0ad,"{""Battery"":{""Capacity"":""5200 mAh"",""Charging"":[""- Battery Charging 15W wired"",""5W reverse wired""],""WirelessCharging"":0},""Body"":{""Build"":""Glass front, plastic back, plastic frame, IP64 dust tight and water resistant (water splashes), Drop resistant up to 1.5m"",""Dimensions"":""167.7 x 78.8 x 7.7 mm"",""Protection"":""Glass front, plastic back, plastic frame, IP64 dust tight and water resistant (water splashes), Drop resistant up to 1.5m"",""SIM"":""Nano-SIM + Nano-SIM"",""Weight"":""N/A""},""Colors"":[""Shadow Black"",""Cloudline Blue"",""Polaris Titanium"",""Sunlike Orange""],""Display"":{""Protection"":null,""Resolution"":""720 x 1600 Pixels (~259 PPI)"",""Size"":""6.78 Inches"",""Type"":""IPS LCD Capacitive Touchscreen""},""Features"":{""BackFingerPrint"":0,""Bluetooth"":""v5.0 with A2DP, LE"",""InDisplayFingerPrint"":0,""Infrared port"":0,""NFC"":1,""Positioning"":""Yes + A-GPS support"",""Radio"":1,""Sensors"":""Accelerometer, Compass, Fingerprint (side mounted), Proximity"",""SideFingerPrint"":1,""USB"":""USB Type-C 2.0, OTG"",""WLAN"":""Wi-Fi 802.11 a/b/g/n/ac, dual-band""},""Launch"":{""Announced"":null,""Status"":null},""Main Camera"":{""Features"":""panorama, Video (1440p@30fps, 1080p@30fps)"",""Specifications"":[""Single Camera: 8 MP, f/2.0, (wide), 1/4.0\"", AF, Dual LED Flash""],""Video"":[""1440p@30fps, 1080p@30fps""]},""Memory"":{""Card slot"":""microSDXC (dedicated slot)"",""Technology"":""128GB Built-in, 4GB RAM, eMMC 5.1"",""Types"":[""128GB Built-in"",""4GB RAM"",""eMMC 5.1""]},""MobileName"":""Infinix Smart 20 128GB"",""Network"":{""2G"":1,""3G"":1,""4G"":1,""5G"":0},""Platform"":{""CPU"":""Octa-core (2 x 2.0 GHz Cortex-A75 + 6 x 1.8 GHz Cortex-A55)"",""Chipset"":""Mediatek Helio G81 Ultimate (12 nm)"",""GPU"":""Mali-G52 MC2"",""OS"":""Android 16 OS""},""Price"":[41999.0],""Selfie Camera"":{""Specifications"":[""8 MP, f/2.0, (wide), 1/4.0\""""],""Video"":[""1440p@30fps, 1080p@30fps""]},""Sound"":{""3.5mm jack"":1,""Loudspeaker"":""3.5mm Audio Jack, Speaker Phone""},""Weight"":null}"
86f2036f04a5210dc8feeda4cffa06ae4ed9863a113d395eb7fb150d8674942f,whatmobile,whatmobile.com.pk,whatmobile.com.pk/whatmobile__Infinix_Smart-20.json,https://www.whatmobile.com.pk/Infinix_Smart-20,filename,2026-08-14T07:47:43+00:00,Infinix Smart 20,true,true,true,false,,,167.7 x 78.8 x 7.7 mm,N/A,"Glass front, plastic back, plastic frame, IP64 dust tight and water resistant (water splashes), Drop resistant up to 1.5m",Nano-SIM + Nano-SIM,"Glass front, plastic back, plastic frame, IP64 dust tight and water resistant (water splashes), Drop resistant up to 1.5m",IPS LCD Capacitive Touchscreen,6.78 Inches,720 x 1600 Pixels (~259 PPI),,Android 16 OS,Mediatek Helio G81 Ultimate (12 nm),Octa-core (2 x 2.0 GHz Cortex-A75 + 6 x 1.8 GHz Cortex-A55),Mali-G52 MC2,microSDXC (dedicated slot),"[""64GB Built-in"",""4GB RAM"",""eMMC 5.1""]","64GB Built-in, 4GB RAM, eMMC 5.1","[""Single Camera: 8 MP, f/2.0, (wide), 1/4.0\"", AF, Dual LED Flash""]","panorama, Video (1440p@30fps, 1080p@30fps)","[""1440p@30fps, 1080p@30fps""]","[""8 MP, f/2.0, (wide), 1/4.0\""""]",,"[""1440p@30fps, 1080p@30fps""]","3.5mm Audio Jack, Speaker Phone",true,"Wi-Fi 802.11 a/b/g/n/ac, dual-band","v5.0 with A2DP, LE",Yes + A-GPS support,true,false,true,"USB Type-C 2.0, OTG",false,true,false,"Accelerometer, Compass, Fingerprint (side mounted), Proximity",5200 mAh,false,"[""- Battery Charging 15W wired"",""5W reverse wired""]","[""Shadow Black"",""Cloudline Blue"",""Polaris Titanium"",""Sunlike Orange""]",Weight Unknown,[36999.0],0.87500,5b9b441ed2194541abaa3b8dfcf8e993e1d1e305e6acd57cb9766a2ead1a47bf,"{""Battery"":{""Capacity"":""5200 mAh"",""Charging"":[""- Battery Charging 15W wired"",""5W reverse wired""],""WirelessCharging"":0},""Body"":{""Build"":""Glass front, plastic back, plastic frame, IP64 dust tight and water resistant (water splashes), Drop resistant up to 1.5m"",""Dimensions"":""167.7 x 78.8 x 7.7 mm"",""Protection"":""Glass front, plastic back, plastic frame, IP64 dust tight and water resistant (water splashes), Drop resistant up to 1.5m"",""SIM"":""Nano-SIM + Nano-SIM"",""Weight"":""N/A""},""Colors"":[""Shadow Black"",""Cloudline Blue"",""Polaris Titanium"",""Sunlike Orange""],""Display"":{""Protection"":null,""Resolution"":""720 x 1600 Pixels (~259 PPI)"",""Size"":""6.78 Inches"",""Type"":""IPS LCD Capacitive Touchscreen""},""Features"":{""BackFingerPrint"":0,""Bluetooth"":""v5.0 with A2DP, LE"",""InDisplayFingerPrint"":0,""Infrared port"":0,""NFC"":1,""Positioning"":""Yes + A-GPS support"",""Radio"":1,""Sensors"":""Accelerometer, Compass, Fingerprint (side mounted), Proximity"",""SideFingerPrint"":1,""USB"":""USB Type-C 2.0, OTG"",""WLAN"":""Wi-Fi 802.11 a/b/g/n/ac, dual-band""},""Launch"":{""Announced"":null,""Status"":null},""Main Camera"":{""Features"":""panorama, Video (1440p@30fps, 1080p@30fps)"",""Specifications"":[""Single Camera: 8 MP, f/2.0, (wide), 1/4.0\"", AF, Dual LED Flash""],""Video"":[""1440p@30fps, 1080p@30fps""]},""Memory"":{""Card slot"":""microSDXC (dedicated slot)"",""Technology"":""64GB Built-in, 4GB RAM, eMMC 5.1"",""Types"":[""64GB Built-in"",""4GB RAM"",""eMMC 5.1""]},""MobileName"":""Infinix Smart 20"",""Network"":{""2G"":1,""3G"":1,""4G"":1,""5G"":0},""Platform"":{""CPU"":""Octa-core (2 x 2.0 GHz Cortex-A75 + 6 x 1.8 GHz Cortex-A55)"",""Chipset"":""Mediatek Helio G81 Ultimate (12 nm)"",""GPU"":""Mali-G52 MC2"",""OS"":""Android 16 OS""},""Price"":[36999.0],""Selfie Camera"":{""Specifications"":[""8 MP, f/2.0, (wide), 1/4.0\""""],""Video"":[""1440p@30fps, 1080p@30fps""]},""Sound"":{""3.5mm jack"":1,""Loudspeaker"":""3.5mm Audio Jack, Speaker Phone""},""Weight"":null}"
4c3d5bfb64ec9eb732633b3e2aa45c816bbeebfd75dc1dbdae9471be57fc9977,whatmobile,whatmobile.com.pk,whatmobile.com.pk/whatmobile__itel_A200-Plus.json,https://www.whatmobile.com.pk/itel_A200-Plus,filename,2026-08-14T07:45:11+00:00,itel A200 Plus,true,true,true,false,,,8.3 mm thickness,N/A,"IP65 dust tight and water resistant (low pressure water jets), Drop resistant up to 1.8m",Nano-SIM + Nano-SIM,"IP65 dust tight and water resistant (low pressure water jets), Drop resistant up to 1.8m",IPS LCD Capacitive Touchscreen,6.75 Inches,720 x 1600 Pixels (~260 PPI),,Android 15 (Go edition),Unisoc T7250 (12 nm),Octa-core (2 x 1.8 GHz Cortex-A75 + 6 x 1.6 GHz Cortex-A55),ARM Mali G57 MP1,microSDXC,"[""128GB Built-in"",""3GB RAM (5GB Extended RAM)""]","128GB Built-in, 3GB RAM (5GB Extended RAM)","[""13 MP, LED Flash""]","HDR, Panorama, Video (1080p@30fps)","[""1080p@30fps""]","[""5 MP""]",,"[""5 MP""]","3.5mm Audio Jack, Speaker Phone",true,"Wi-Fi 802.11 b/g/n, Wi-Fi Direct, hotspot","v5.0 with A2DP, LE",Yes + A-GPS support,false,false,true,"USB Type-C, OTG",false,true,false,"Accelerometer, Fingerprint (side mounted)",6000 mAh,false,"[""- Battery charging 18W wired""]","[""Orange"",""Blue"",""Star Titanium""]",Weight Unknown,[31999.0],0.87500,ba14c2eb8b8e15e6e7964dc14f1ff98adbe3a45c2279f6a0277049308902ca4e,"{""Battery"":{""Capacity"":""6000 mAh"",""Charging"":[""- Battery charging 18W wired""],""WirelessCharging"":0},""Body"":{""Build"":""IP65 dust tight and water resistant (low pressure water jets), Drop resistant up to 1.8m"",""Dimensions"":""8.3 mm thickness"",""Protection"":""IP65 dust tight and water resistant (low pressure water jets), Drop resistant up to 1.8m"",""SIM"":""Nano-SIM + Nano-SIM"",""Weight"":""N/A""},""Colors"":[""Orange"",""Blue"",""Star Titanium""],""Display"":{""Protection"":null,""Resolution"":""720 x 1600 Pixels (~260 PPI)"",""Size"":""6.75 Inches"",""Type"":""IPS LCD Capacitive Touchscreen""},""Features"":{""BackFingerPrint"":0,""Bluetooth"":""v5.0 with A2DP, LE"",""InDisplayFingerPrint"":0,""Infrared port"":0,""NFC"":0,""Positioning"":""Yes + A-GPS support"",""Radio"":1,""Sensors"":""Accelerometer, Fingerprint (side mounted)"",""SideFingerPrint"":1,""USB"":""USB Type-C, OTG"",""WLAN"":""Wi-Fi 802.11 b/g/n, Wi-Fi Direct, hotspot""},""Launch"":{""Announced"":null,""Status"":null},""Main Camera"":{""Features"":""HDR, Panorama, Video (1080p@30fps)"",""Specifications"":[""13 MP, LED Flash""],""Video"":[""1080p@30fps""]},""Memory"":{""Card slot"":""microSDXC"",""Technology"":""128GB Built-in, 3GB RAM (5GB Extended RAM)"",""Types"":[""128GB Built-in"",""3GB RAM (5GB Extended RAM)""]},""MobileName"":""itel A200 Plus"",""Network"":{""2G"":1,""3G"":1,""4G"":1,""5G"":0},""Platform"":{""CPU"":""Octa-core (2 x 1.8 GHz Cortex-A75 + 6 x 1.6 GHz Cortex-A55)"",""Chipset"":""Unisoc T7250 (12 nm)"",""GPU"":""ARM Mali G57 MP1"",""OS"":""Android 15 (Go edition)""},""Price"":[31999.0],""Selfie Camera"":{""Specifications"":[""5 MP""],""Video"":[""5 MP""]},""Sound"":{""3.5mm jack"":1,""Loudspeaker"":""3.5mm Audio Jack, Speaker Phone""},""Weight"":null}"
da34572f2018d20a6e38151c67b3e1418e6859a51107a99cdf7bf35c4d5b8a06,whatmobile,whatmobile.com.pk,whatmobile.com.pk/whatmobile__itel_City-200.json,https://www.whatmobile.com.pk/itel_City-200,filename,2026-08-14T07:45:18+00:00,itel City 200,true,true,true,false,,,167.6 x 78.6 x 7.5 mm,N/A,"IP65 dust tight and water resistant (low pressure water jets), Drop resistant up to 1.5m",Nano-SIM + Nano-SIM,"IP65 dust tight and water resistant (low pressure water jets), Drop resistant up to 1.5m",IPS LCD Capacitive Touchscreen,6.78 Inches,720 x 1576 Pixels (~256 PPI),,Android 15 OS,Unisoc T7250 (12 nm),Octa-core (2 x 1.8 GHz Cortex-A75 + 6 x 1.6 GHz Cortex-A55),ARM Mali G57 MP1,microSDXC,"[""128GB Built-in"",""4GB RAM""]","128GB Built-in, 4GB RAM","[""50 MP, LED Flash""]","HDR, Panorama, Video","[""HDR, Panorama, Video""]","[""8 MP""]",,"[""8 MP""]","3.5mm Audio Jack, Speaker Phone",true,"Wi-Fi 802.11 b/g/n, Wi-Fi Direct, hotspot","v5.0 with A2DP, LE",Yes + A-GPS support,false,false,true,"USB Type-C, OTG",false,true,false,"Accelerometer, Fingerprint (side mounted)",5200 mAh,false,"[""- Battery charging 18W wired Reverse wired""]","[""Bass Black"",""Echo Silver"",""Vibe Purple"",""Melody Pink""]",Weight Unknown,[36999.0],0.87500,337374e8b37971efec322de8fb37cb276e08a88f643b09c20a7f4a499b2de853,"{""Battery"":{""Capacity"":""5200 mAh"",""Charging"":[""- Battery charging 18W wired Reverse wired""],""WirelessCharging"":0},""Body"":{""Build"":""IP65 dust tight and water resistant (low pressure water jets), Drop resistant up to 1.5m"",""Dimensions"":""167.6 x 78.6 x 7.5 mm"",""Protection"":""IP65 dust tight and water resistant (low pressure water jets), Drop resistant up to 1.5m"",""SIM"":""Nano-SIM + Nano-SIM"",""Weight"":""N/A""},""Colors"":[""Bass Black"",""Echo Silver"",""Vibe Purple"",""Melody Pink""],""Display"":{""Protection"":null,""Resolution"":""720 x 1576 Pixels (~256 PPI)"",""Size"":""6.78 Inches"",""Type"":""IPS LCD Capacitive Touchscreen""},""Features"":{""BackFingerPrint"":0,""Bluetooth"":""v5.0 with A2DP, LE"",""InDisplayFingerPrint"":0,""Infrared port"":0,""NFC"":0,""Positioning"":""Yes + A-GPS support"",""Radio"":1,""Sensors"":""Accelerometer, Fingerprint (side mounted)"",""SideFingerPrint"":1,""USB"":""USB Type-C, OTG"",""WLAN"":""Wi-Fi 802.11 b/g/n, Wi-Fi Direct, hotspot""},""Launch"":{""Announced"":null,""Status"":null},""Main Camera"":{""Features"":""HDR, Panorama, Video"",""Specifications"":[""50 MP, LED Flash""],""Video"":[""HDR, Panorama, Video""]},""Memory"":{""Card slot"":""microSDXC"",""Technology"":""128GB Built-in, 4GB RAM"",""Types"":[""128GB Built-in"",""4GB RAM""]},""MobileName"":""itel City 200"",""Network"":{""2G"":1,""3G"":1,""4G"":1,""5G"":0},""Platform"":{""CPU"":""Octa-core (2 x 1.8 GHz Cortex-A75 + 6 x 1.6 GHz Cortex-A55)"",""Chipset"":""Unisoc T7250 (12 nm)"",""GPU"":""ARM Mali G57 MP1"",""OS"":""Android 15 OS""},""Price"":[36999.0],""Selfie Camera"":{""Specifications"":[""8 MP""],""Video"":[""8 MP""]},""Sound"":{""3.5mm jack"":1,""Loudspeaker"":""3.5mm Audio Jack, Speaker Phone""},""Weight"":null}"
91c111a97e75c0b6d6f8c8d4f9d4de04381beda91742a625ad792a27dba32a85,whatmobile,whatmobile.com.pk,whatmobile.com.pk/whatmobile__itel_Power-80.json,https://www.whatmobile.com.pk/itel_Power-80,filename,2026-08-14T07:42:26+00:00,itel Power 80,true,true,true,false,,,,N/A,"IP68/IP69 dust tight and water resistant (high pressure water jets; immersible up to 1.5m for 30 min), Drop resistant up to 2m",Nano-SIM + Nano-SIM,"IP68/IP69 dust tight and water resistant (high pressure water jets; immersible up to 1.5m for 30 min), Drop resistant up to 2m",IPS LCD Capacitive Touchscreen,6.8 Inches,720 x 1576 Pixels (~256 PPI),,Android 16 OS,Unisoc T7250 (12 nm),Octa-core (2 x 1.8 GHz Cortex-A75 + 6 x 1.6 GHz Cortex-A55),Mali-G57 MP1,No,"[""128GB Built-in"",""4GB RAM (+4GB Extended RAM)""]","128GB Built-in, 4GB RAM (+4GB Extended RAM)","[""Single Camera: 50 MP AI camera, LED Flash""]","HDR Super Night Mode, Video (1080p@30fps)","[""1080p@30fps""]","[""8 MP""]",,"[""8 MP""]","3.5mm Audio Jack, Speaker Phone",true,"Wi-Fi 802.11 a/b/g/n/ac, dual-band, Wi-Fi Direct","v5.0 with A2DP, LE",Yes + A-GPS support,false,false,true,"USB Type-C, OTG",false,true,false,"Accelerometer, Fingerprint (side mounted), Proximity","(Non removable), 7000 mAh",false,"[""- 18W wired"",""Reverse wired""]","[""Thundra green"",""Rock black""]",Weight Unknown,[39999.0],0.83333,e072a949852483dee152d877be50abeaeeedbf82d3443410d9d3fd9f8c422700,"{""Battery"":{""Capacity"":""(Non removable), 7000 mAh"",""Charging"":[""- 18W wired"",""Reverse wired""],""WirelessCharging"":0},""Body"":{""Build"":""IP68/IP69 dust tight and water resistant (high pressure water jets; immersible up to 1.5m for 30 min), Drop resistant up to 2m"",""Dimensions"":null,""Protection"":""IP68/IP69 dust tight and water resistant (high pressure water jets; immersible up to 1.5m for 30 min), Drop resistant up to 2m"",""SIM"":""Nano-SIM + Nano-SIM"",""Weight"":""N/A""},""Colors"":[""Thundra green"",""Rock black""],""Display"":{""Protection"":null,""Resolution"":""720 x 1576 Pixels (~256 PPI)"",""Size"":""6.8 Inches"",""Type"":""IPS LCD Capacitive Touchscreen""},""Features"":{""BackFingerPrint"":0,""Bluetooth"":""v5.0 with A2DP, LE"",""InDisplayFingerPrint"":0,""Infrared port"":0,""NFC"":0,""Positioning"":""Yes + A-GPS support"",""Radio"":1,""Sensors"":""Accelerometer, Fingerprint (side mounted), Proximity"",""SideFingerPrint"":1,""USB"":""USB Type-C, OTG"",""WLAN"":""Wi-Fi 802.11 a/b/g/n/ac, dual-band, Wi-Fi Direct""},""Launch"":{""Announced"":null,""Status"":null},""Main Camera"":{""Features"":""HDR Super Night Mode, Video (1080p@30fps)"",""Specifications"":[""Single Camera: 50 MP AI camera, LED Flash""],""Video"":[""1080p@30fps""]},""Memory"":{""Card slot"":""No"",""Technology"":""128GB Built-in, 4GB RAM (+4GB Extended RAM)"",""Types"":[""128GB Built-in"",""4GB RAM (+4GB Extended RAM)""]},""MobileName"":""itel Power 80"",""Network"":{""2G"":1,""3G"":1,""4G"":1,""5G"":0},""Platform"":{""CPU"":""Octa-core (2 x 1.8 GHz Cortex-A75 + 6 x 1.6 GHz Cortex-A55)"",""Chipset"":""Unisoc T7250 (12 nm)"",""GPU"":""Mali-G57 MP1"",""OS"":""Android 16 OS""},""Price"":[39999.0],""Selfie Camera"":{""Specifications"":[""8 MP""],""Video"":[""8 MP""]},""Sound"":{""3.5mm jack"":1,""Loudspeaker"":""3.5mm Audio Jack, Speaker Phone""},""Weight"":null}"
a5194f76da0e91245673ebf641d3b08109bae4889ccc94bd61f6c9b949a4f6a3,whatmobile,whatmobile.com.pk,whatmobile.com.pk/whatmobile__itel_Super-26-Ultra.json,https://www.whatmobile.com.pk/itel_Super-26-Ultra,filename,2026-08-14T07:52:21+00:00,itel Super 26 Ultra,true,true,true,false,,,6.8 mm thickness,N/A,IP65 dust and splash resistance,Nano-SIM + Nano-SIM,IP65 dust and splash resistance,3D-Curved AMOLED Capacitive Touchscreen,6.78 Inches,1080 x 2436 Pixels (~393 PPI),Corning Gorilla Glass 7i,Android 15 OS,Unisoc T7300 (6 nm),Octa-core (2 x 2.2 GHz Cortex-A78 + 6 x 2.0 GHz Cortex-A55),ARM Mali-G57 MP2,"microSD Card, (supports up to 256GB)","[""256GB Built-in"",""8GB RAM (+8GB of Extended RAM )""]","256GB Built-in, 8GB RAM (+8GB of Extended RAM )","[""Dual Camera: 50 MP"",""2 MP, LED Flash""]","HDR, Panorama, Video (1080p@30fps)","[""1080p@30fps""]","[""32 MP""]",,"[""32 MP""]","3.5mm Audio Jack, Speaker Phone",true,"Wi-Fi 802.11 b/g/n, Wi-Fi Direct, hotspot","v5.0 with A2DP, LE",Yes + A-GPS support,false,false,true,USB-C port,false,true,false,"Accelerometer, Face Unlock, Fingerprint (side mounted), Proximity",6000 mAh,false,"[""- 18W wired""]","[""Saphire"",""Black"",""Blue""]",Weight Unknown,[51999.0],0.87500,4dcad0da9def3710efa3fee23feff40c2dc0921b29214e04ee76d0ce13d3712f,"{""Battery"":{""Capacity"":""6000 mAh"",""Charging"":[""- 18W wired""],""WirelessCharging"":0},""Body"":{""Build"":""IP65 dust and splash resistance"",""Dimensions"":""6.8 mm thickness"",""Protection"":""IP65 dust and splash resistance"",""SIM"":""Nano-SIM + Nano-SIM"",""Weight"":""N/A""},""Colors"":[""Saphire"",""Black"",""Blue""],""Display"":{""Protection"":""Corning Gorilla Glass 7i"",""Resolution"":""1080 x 2436 Pixels (~393 PPI)"",""Size"":""6.78 Inches"",""Type"":""3D-Curved AMOLED Capacitive Touchscreen""},""Features"":{""BackFingerPrint"":0,""Bluetooth"":""v5.0 with A2DP, LE"",""InDisplayFingerPrint"":0,""Infrared port"":0,""NFC"":0,""Positioning"":""Yes + A-GPS support"",""Radio"":1,""Sensors"":""Accelerometer, Face Unlock, Fingerprint (side mounted), Proximity"",""SideFingerPrint"":1,""USB"":""USB-C port"",""WLAN"":""Wi-Fi 802.11 b/g/n, Wi-Fi Direct, hotspot""},""Launch"":{""Announced"":null,""Status"":null},""Main Camera"":{""Features"":""HDR, Panorama, Video (1080p@30fps)"",""Specifications"":[""Dual Camera: 50 MP"",""2 MP, LED Flash""],""Video"":[""1080p@30fps""]},""Memory"":{""Card slot"":""microSD Card, (supports up to 256GB)"",""Technology"":""256GB Built-in, 8GB RAM (+8GB of Extended RAM )"",""Types"":[""256GB Built-in"",""8GB RAM (+8GB of Extended RAM )""]},""MobileName"":""itel Super 26 Ultra"",""Network"":{""2G"":1,""3G"":1,""4G"":1,""5G"":0},""Platform"":{""CPU"":""Octa-core (2 x 2.2 GHz Cortex-A78 + 6 x 2.0 GHz Cortex-A55)"",""Chipset"":""Unisoc T7300 (6 nm)"",""GPU"":""ARM Mali-G57 MP2"",""OS"":""Android 15 OS""},""Price"":[51999.0],""Selfie Camera"":{""Specifications"":[""32 MP""],""Video"":[""32 MP""]},""Sound"":{""3.5mm jack"":1,""Loudspeaker"":""3.5mm Audio Jack, Speaker Phone""},""Weight"":null}"
83c2c1555a3be7db081b424f247d6302a0c7b3ec10b980fe639184c503dfe064,whatmobile,whatmobile.com.pk,whatmobile.com.pk/whatmobile__Nothing_CMF-Phone-2-Pro.json,https://www.whatmobile.com.pk/Nothing_CMF-Phone-2-Pro,filename,2026-08-14T07:43:03+00:00,Nothing CMF Phone 2 Pro,true,true,true,true,,,164 x 78 x 7.8 mm,185 g,"NFC (market/region dependent), User-replaceable back cover, IP54 dust protected and water resistant (water splashes), Manufacturer-rated water-resistant (up to 25cm for 20 min)",Nano-SIM + Nano-SIM,"NFC (market/region dependent), User-replaceable back cover, IP54 dust protected and water resistant (water splashes), Manufacturer-rated water-resistant (up to 25cm for 20 min)","AMOLED Capacitive Touchscreen, 1B Colors",6.77 Inches,1080 x 2392 Pixels (~388 PPI),"Panda Glass, Mohs level 5, Ultra HDR image support","Android 15 OS, up to 3 major Android upgrade",Mediatek Dimensity 7300 Pro (4 nm),Octa-core (2 x 2.8 GHz Cortex-A715 + 6 x 2.0 Cortex-A510),Mali-G615 MC2,microSDXC,"[""128GB Built-in"",""8GB RAM""]","128GB Built-in, 8GB RAM","[""Dual Camera: 50 MP, f/1.9, 24mm (wide), 1/1.57\"", dual pixel PDAF"",""50 MP, f/1.9, 50mm (telephoto), 1/2.88\"", PDAF, 2x optical zoom"",""8 MP, f/2.2, 15mm, (ultrawide), 1/4.0\"", LED Flash""]","panorama, HDR, Video (4K@30fps, 1080p@30/60/120fps, gyro-EIS)","[""4K@30fps, 1080p@30/60/120fps, gyro-EIS""]","[""16 MP, f/2.0, 22mm (wide), 1/3.0\""""]",,"[""1080p@30fps""]","3.5mm Audio Jack, Dual Speaker",true,"Wi-Fi 802.11 a/b/g/n/ac/6, dual-band","v5.3 with A2DP, LE","Yes + GPS, GALILEO, GLONASS, BDS, QZSS",true,false,true,USB Type-C,false,false,true,"Accelerometer, Compass, Fingerprint (under display, optical), Gyro, Proximity",5000 mAh,false,"[""- Fast battery 33W wired"",""5W reverse wired""]","[""White"",""Black"",""Orange"",""Light Green""]",Weight Unknown,[102249.0],0.87500,abc5916bc64cf853e5104815a1bb09180fcd912bb1513e7534b9192ac3062adf,"{""Battery"":{""Capacity"":""5000 mAh"",""Charging"":[""- Fast battery 33W wired"",""5W reverse wired""],""WirelessCharging"":0},""Body"":{""Build"":""NFC (market/region dependent), User-replaceable back cover, IP54 dust protected and water resistant (water splashes), Manufacturer-rated water-resistant (up to 25cm for 20 min)"",""Dimensions"":""164 x 78 x 7.8 mm"",""Protection"":""NFC (market/region dependent), User-replaceable back cover, IP54 dust protected and water resistant (water splashes), Manufacturer-rated water-resistant (up to 25cm for 20 min)"",""SIM"":""Nano-SIM + Nano-SIM"",""Weight"":""185 g""},""Colors"":[""White"",""Black"",""Orange"",""Light Green""],""Display"":{""Protection"":""Panda Glass, Mohs level 5, Ultra HDR image support"",""Resolution"":""1080 x 2392 Pixels (~388 PPI)"",""Size"":""6.77 Inches"",""Type"":""AMOLED Capacitive Touchscreen, 1B Colors""},""Features"":{""BackFingerPrint"":0,""Bluetooth"":""v5.3 with A2DP, LE"",""InDisplayFingerPrint"":1,""Infrared port"":0,""NFC"":1,""Positioning"":""Yes + GPS, GALILEO, GLONASS, BDS, QZSS"",""Radio"":1,""Sensors"":""Accelerometer, Compass, Fingerprint (under display, optical), Gyro, Proximity"",""SideFingerPrint"":0,""USB"":""USB Type-C"",""WLAN"":""Wi-Fi 802.11 a/b/g/n/ac/6, dual-band""},""Launch"":{""Announced"":null,""Status"":null},""Main Camera"":{""Features"":""panorama, HDR, Video (4K@30fps, 1080p@30/60/120fps, gyro-EIS)"",""Specifications"":[""Dual Camera: 50 MP, f/1.9, 24mm (wide), 1/1.57\"", dual pixel PDAF"",""50 MP, f/1.9, 50mm (telephoto), 1/2.88\"", PDAF, 2x optical zoom"",""8 MP, f/2.2, 15mm, (ultrawide), 1/4.0\"", LED Flash""],""Video"":[""4K@30fps, 1080p@30/60/120fps, gyro-EIS""]},""Memory"":{""Card slot"":""microSDXC"",""Technology"":""128GB Built-in, 8GB RAM"",""Types"":[""128GB Built-in"",""8GB RAM""]},""MobileName"":""Nothing CMF Phone 2 Pro"",""Network"":{""2G"":1,""3G"":1,""4G"":1,""5G"":1},""Platform"":{""CPU"":""Octa-core (2 x 2.8 GHz Cortex-A715 + 6 x 2.0 Cortex-A510)"",""Chipset"":""Mediatek Dimensity 7300 Pro (4 nm)"",""GPU"":""Mali-G615 MC2"",""OS"":""Android 15 OS, up to 3 major Android upgrade""},""Price"":[102249.0],""Selfie Camera"":{""Specifications"":[""16 MP, f/2.0, 22mm (wide), 1/3.0\""""],""Video"":[""1080p@30fps""]},""Sound"":{""3.5mm jack"":1,""Loudspeaker"":""3.5mm Audio Jack, Dual Speaker""},""Weight"":null}"
4f29f863b9a0f34c1324566df37f289cbec6ba80976b5ebbea174e7ce8a8b020,whatmobile,whatmobile.com.pk,whatmobile.com.pk/whatmobile__Nothing_Phone-3a-Lite.json,https://www.whatmobile.com.pk/Nothing_Phone-3a-Lite,filename,2026-08-14T07:50:57+00:00,Nothing Phone 3a Lite,true,true,true,true,,,164 x 78 x 8.3 mm,199 g,"IP54 dust protected and water resistant (water splashes), Glass front + Panda Glass), plastic frame, glass back (Panda Glass)",Nano-SIM + Nano-SIM,"IP54 dust protected and water resistant (water splashes), Glass front + Panda Glass), plastic frame, glass back (Panda Glass)","AMOLED Capacitive Touchscreen, 1B Colors",6.77 Inches,1080 x 2392 Pixels (~388 PPI),"Panda Glass, Mohs level 5","Android 15 OS,up to 3 major Android upgrades",Mediatek Dimensity 7300 Pro (4 nm),Octa-core (4 x 2.5 GHz Cortex-A78 + 4 x 2.0 GHz Cortex-A55),Mali-G615 MC2,microSDXC,"[""256GB Built-in"",""8GB RAM""]","256GB Built-in, 8GB RAM","[""Triple Camera: 50 MP, f/1.9, 24mm (wide), 1/1.57\"", dual pixel PDAF, OIS"",""8 MP, f/2.2, 15mm, (ultrawide), 1/4.0\"""",""2 MP, f/2.4, (macro), LED Flash""]","panorama, HDR, Video (4K@30fps, 1080p@30/60/120fps, gyro-EIS)","[""4K@30fps, 1080p@30/60/120fps, gyro-EIS""]","[""16 MP, f/2.5, (wide)""]",,"[""1080p@30fps""]","3.5mm Audio Jack, Speaker Phone",true,"Wi-Fi 802.11 a/b/g/n/ac/6, dual-band, Wi-Fi Direct","v5.3 with A2DP, LE","Yes + A-GPS support & Glonass, BDS, GALILEO, QZSS",true,false,false,"USB Type-C 2.0, OTG",false,false,true,"Accelerometer, Compass, Fingerprint (under display, optical), Gyro, Proximity, Circle to Search",5000 mAh,false,"[""- Fast battery 33W wired"",""50% in 20 min"",""5W reverse wired""]","[""Desert Gold"",""Ocean Cyan"",""Meteor Silver"",""Velvet Black""]",Weight Unknown,[112749.0],0.87500,02f61eae218069e673d5da1f6720eded4bbdfcd872f6781a257057254f7bcbcf,"{""Battery"":{""Capacity"":""5000 mAh"",""Charging"":[""- Fast battery 33W wired"",""50% in 20 min"",""5W reverse wired""],""WirelessCharging"":0},""Body"":{""Build"":""IP54 dust protected and water resistant (water splashes), Glass front + Panda Glass), plastic frame, glass back (Panda Glass)"",""Dimensions"":""164 x 78 x 8.3 mm"",""Protection"":""IP54 dust protected and water resistant (water splashes), Glass front + Panda Glass), plastic frame, glass back (Panda Glass)"",""SIM"":""Nano-SIM + Nano-SIM"",""Weight"":""199 g""},""Colors"":[""Desert Gold"",""Ocean Cyan"",""Meteor Silver"",""Velvet Black""],""Display"":{""Protection"":""Panda Glass, Mohs level 5"",""Resolution"":""1080 x 2392 Pixels (~388 PPI)"",""Size"":""6.77 Inches"",""Type"":""AMOLED Capacitive Touchscreen, 1B Colors""},""Features"":{""BackFingerPrint"":0,""Bluetooth"":""v5.3 with A2DP, LE"",""InDisplayFingerPrint"":1,""Infrared port"":0,""NFC"":1,""Positioning"":""Yes + A-GPS support & Glonass, BDS, GALILEO, QZSS"",""Radio"":0,""Sensors"":""Accelerometer, Compass, Fingerprint (under display, optical), Gyro, Proximity, Circle to Search"",""SideFingerPrint"":0,""USB"":""USB Type-C 2.0, OTG"",""WLAN"":""Wi-Fi 802.11 a/b/g/n/ac/6, dual-band, Wi-Fi Direct""},""Launch"":{""Announced"":null,""Status"":null},""Main Camera"":{""Features"":""panorama, HDR, Video (4K@30fps, 1080p@30/60/120fps, gyro-EIS)"",""Specifications"":[""Triple Camera: 50 MP, f/1.9, 24mm (wide), 1/1.57\"", dual pixel PDAF, OIS"",""8 MP, f/2.2, 15mm, (ultrawide), 1/4.0\"""",""2 MP, f/2.4, (macro), LED Flash""],""Video"":[""4K@30fps, 1080p@30/60/120fps, gyro-EIS""]},""Memory"":{""Card slot"":""microSDXC"",""Technology"":""256GB Built-in, 8GB RAM"",""Types"":[""256GB Built-in"",""8GB RAM""]},""MobileName"":""Nothing Phone 3a Lite"",""Network"":{""2G"":1,""3G"":1,""4G"":1,""5G"":1},""Platform"":{""CPU"":""Octa-core (4 x 2.5 GHz Cortex-A78 + 4 x 2.0 GHz Cortex-A55)"",""Chipset"":""Mediatek Dimensity 7300 Pro (4 nm)"",""GPU"":""Mali-G615 MC2"",""OS"":""Android 15 OS,up to 3 major Android upgrades""},""Price"":[112749.0],""Selfie Camera"":{""Specifications"":[""16 MP, f/2.5, (wide)""],""Video"":[""1080p@30fps""]},""Sound"":{""3.5mm jack"":1,""Loudspeaker"":""3.5mm Audio Jack, Speaker Phone""},""Weight"":null}"
c0091215d0dcebf2d6172595d189efe6ce83870d434dfea0ed7c17ac516d9405,whatmobile,whatmobile.com.pk,whatmobile.com.pk/whatmobile__Nothing_Phone-3a-Pro.json,https://www.whatmobile.com.pk/Nothing_Phone-3a-Pro,filename,2026-08-14T07:42:51+00:00,Nothing Phone 3a Pro,true,true,true,true,,,163.5 x 77.5 x 8.4 mm,201 g,"Glass front (Panda Glass), plastic frame, glass back, IP64 dust tight and water resistant (water splashes) 3 LED light strips on the back (notifications, camera fill light, 26 addressable zones)",Nano-SIM + Nano-SIM + eSIM (max 2 at a time),"Glass front (Panda Glass), plastic frame, glass back, IP64 dust tight and water resistant (water splashes) 3 LED light strips on the back (notifications, camera fill light, 26 addressable zones)","AMOLED Capacitive Touchscreen, 1B Colors",6.77 Inches,1080 x 2392 Pixels (~388 PPI),"Panda Glass, Mohs level 5","Android 15 OS, upgradable to Android 16",Qualcomm SM7635 Snapdragon 7s Gen 3 (4 nm),Octa-core (1 x 2.5 GHz Cortex-A720 + 3 x 2.4 GHz Cortex-A720 + 4 x 1.8 GHz Cortex-A520),Adreno 810,No,"[""256GB Built-in"",""12GB RAM""]","256GB Built-in, 12GB RAM","[""Triple Camera: 50 MP, f/1.9, 24mm (wide), 1/1.56\"", dual pixel PDAF, OIS"",""50 MP, f/2.6, 70mm (periscope telephoto), 1/1.95\"", PDAF, OIS, 3x optical zoom"",""8 MP, f/2.2, 15mm, (ultrawide), 1/4.0\"", LED Flash""]","panorama, HDR, Video (4K@30fps, 1080p@30/60/120fps, gyro-EIS, OIS","[""4K@30fps, 1080p@30/60/120fps, gyro-EIS, OIS""]","[""50 MP, f/2.2, 24mm (wide), 1/2.76\""""]",,"[""4K@30fps, 1080p@30fps""]",Speaker Phone,false,"Wi-Fi 802.11 a/b/g/n/ac/6, dual-band, Wi-Fi Direct","v5.4 with A2DP, LE","Yes + A-GPS support & Glonass, BDS, GALILEO, QZSS",true,false,false,"USB Type-C 2.0, OTG",false,false,true,"Accelerometer, Compass, Fingerprint (under display, optical), Gyro, Proximity, Circle to Search",5000 mAh,false,"[""- Fast battery 50W wired"",""50% in 19 min"",""100% in 56 min""]","[""Black"",""Gray""]",Weight Unknown,[183499.0],0.87500,48505d8ee81cf2280624c80750aaf34a28b3300e579cc24a1ef2d08d733a53c3,"{""Battery"":{""Capacity"":""5000 mAh"",""Charging"":[""- Fast battery 50W wired"",""50% in 19 min"",""100% in 56 min""],""WirelessCharging"":0},""Body"":{""Build"":""Glass front (Panda Glass), plastic frame, glass back, IP64 dust tight and water resistant (water splashes) 3 LED light strips on the back (notifications, camera fill light, 26 addressable zones)"",""Dimensions"":""163.5 x 77.5 x 8.4 mm"",""Protection"":""Glass front (Panda Glass), plastic frame, glass back, IP64 dust tight and water resistant (water splashes) 3 LED light strips on the back (notifications, camera fill light, 26 addressable zones)"",""SIM"":""Nano-SIM + Nano-SIM + eSIM (max 2 at a time)"",""Weight"":""201 g""},""Colors"":[""Black"",""Gray""],""Display"":{""Protection"":""Panda Glass, Mohs level 5"",""Resolution"":""1080 x 2392 Pixels (~388 PPI)"",""Size"":""6.77 Inches"",""Type"":""AMOLED Capacitive Touchscreen, 1B Colors""},""Features"":{""BackFingerPrint"":0,""Bluetooth"":""v5.4 with A2DP, LE"",""InDisplayFingerPrint"":1,""Infrared port"":0,""NFC"":1,""Positioning"":""Yes + A-GPS support & Glonass, BDS, GALILEO, QZSS"",""Radio"":0,""Sensors"":""Accelerometer, Compass, Fingerprint (under display, optical), Gyro, Proximity, Circle to Search"",""SideFingerPrint"":0,""USB"":""USB Type-C 2.0, OTG"",""WLAN"":""Wi-Fi 802.11 a/b/g/n/ac/6, dual-band, Wi-Fi Direct""},""Launch"":{""Announced"":null,""Status"":null},""Main Camera"":{""Features"":""panorama, HDR, Video (4K@30fps, 1080p@30/60/120fps, gyro-EIS, OIS"",""Specifications"":[""Triple Camera: 50 MP, f/1.9, 24mm (wide), 1/1.56\"", dual pixel PDAF, OIS"",""50 MP, f/2.6, 70mm (periscope telephoto), 1/1.95\"", PDAF, OIS, 3x optical zoom"",""8 MP, f/2.2, 15mm, (ultrawide), 1/4.0\"", LED Flash""],""Video"":[""4K@30fps, 1080p@30/60/120fps, gyro-EIS, OIS""]},""Memory"":{""Card slot"":""No"",""Technology"":""256GB Built-in, 12GB RAM"",""Types"":[""256GB Built-in"",""12GB RAM""]},""MobileName"":""Nothing Phone 3a Pro"",""Network"":{""2G"":1,""3G"":1,""4G"":1,""5G"":1},""Platform"":{""CPU"":""Octa-core (1 x 2.5 GHz Cortex-A720 + 3 x 2.4 GHz Cortex-A720 + 4 x 1.8 GHz Cortex-A520)"",""Chipset"":""Qualcomm SM7635 Snapdragon 7s Gen 3 (4 nm)"",""GPU"":""Adreno 810"",""OS"":""Android 15 OS, upgradable to Android 16""},""Price"":[183499.0],""Selfie Camera"":{""Specifications"":[""50 MP, f/2.2, 24mm (wide), 1/2.76\""""],""Video"":[""4K@30fps, 1080p@30fps""]},""Sound"":{""3.5mm jack"":0,""Loudspeaker"":""Speaker Phone""},""Weight"":null}"
89bfe71d5ee89015a60b8a2b3187f9587d12e861c00a947410ec7795378ff292,whatmobile,whatmobile.com.pk,whatmobile.com.pk/whatmobile__Nothing_Phone-3a.json,https://www.whatmobile.com.pk/Nothing_Phone-3a,filename,2026-08-14T07:42:57+00:00,Nothing Phone 3a,true,true,true,true,,,163.5 x 77.5 x 8.4 mm,201 g,"Glass front + Panda Glass), plastic frame, glass back, IP64 dust tight and water resistant (water splashes) 3 LED light strips on the back (notifications, camera fill light, 26 addressable zones)",Nano-SIM + Nano-SIM,"Glass front + Panda Glass), plastic frame, glass back, IP64 dust tight and water resistant (water splashes) 3 LED light strips on the back (notifications, camera fill light, 26 addressable zones)","AMOLED Capacitive Touchscreen, 1B Colors",6.77 Inches,1080 x 2392 Pixels (~388 PPI),"Panda Glass, Mohs level 5","Android 15 OS, upgradable to Android 16",Qualcomm SM7635 Snapdragon 7s Gen 3 (4 nm),Octa-core (1 x 2.5 GHz Cortex-A720 + 3 x 2.4 GHz Cortex-A720 + 4 x 1.8 GHz Cortex-A520),Adreno 810,No,"[""256GB Built-in"",""12GB RAM"",""UFS 2.2""]","256GB Built-in, 12GB RAM, UFS 2.2","[""Triple Camera: 50 MP, f/1.9, 24mm (wide), 1/1.57\"", dual pixel PDAF, OIS"",""50 MP, f/2.0, 50mm (telephoto), 1/2.74\"", PDAF, 2x optical zoom"",""8 MP, f/2.2, 15mm, (ultrawide), 1/4.0\"", LED Flash""]","panorama, HDR, Video (4K@30fps, 1080p@30/60/120fps, gyro-EIS, OIS)","[""4K@30fps, 1080p@30/60/120fps, gyro-EIS, OIS""]","[""32 MP, f/2.2, 22mm (wide), 1/3.44\""""]",,"[""1080p@30fps""]",Speaker Phone,false,"Wi-Fi 802.11 a/b/g/n/ac/6, dual-band, Wi-Fi Direct","v5.4 with A2DP, LE","Yes + A-GPS support & Glonass, BDS, GALILEO, QZSS",true,false,false,"USB Type-C 2.0, OTG",false,false,true,"Accelerometer, Compass, Fingerprint (under display, optical), Gyro, Proximity, Circle to Search",5000 mAh,false,"[""- Fast battery 50W wired"",""50% in 19 min"",""100% in 56 min""]","[""Black"",""White"",""Blue"",""Community Edition green""]",Weight Unknown,[153499.0],0.87500,d637a3892e7e0437eea14fa04f1ed526eb716c4d15c1fdda6aa79bee7b91b9a8,"{""Battery"":{""Capacity"":""5000 mAh"",""Charging"":[""- Fast battery 50W wired"",""50% in 19 min"",""100% in 56 min""],""WirelessCharging"":0},""Body"":{""Build"":""Glass front + Panda Glass), plastic frame, glass back, IP64 dust tight and water resistant (water splashes) 3 LED light strips on the back (notifications, camera fill light, 26 addressable zones)"",""Dimensions"":""163.5 x 77.5 x 8.4 mm"",""Protection"":""Glass front + Panda Glass), plastic frame, glass back, IP64 dust tight and water resistant (water splashes) 3 LED light strips on the back (notifications, camera fill light, 26 addressable zones)"",""SIM"":""Nano-SIM + Nano-SIM"",""Weight"":""201 g""},""Colors"":[""Black"",""White"",""Blue"",""Community Edition green""],""Display"":{""Protection"":""Panda Glass, Mohs level 5"",""Resolution"":""1080 x 2392 Pixels (~388 PPI)"",""Size"":""6.77 Inches"",""Type"":""AMOLED Capacitive Touchscreen, 1B Colors""},""Features"":{""BackFingerPrint"":0,""Bluetooth"":""v5.4 with A2DP, LE"",""InDisplayFingerPrint"":1,""Infrared port"":0,""NFC"":1,""Positioning"":""Yes + A-GPS support & Glonass, BDS, GALILEO, QZSS"",""Radio"":0,""Sensors"":""Accelerometer, Compass, Fingerprint (under display, optical), Gyro, Proximity, Circle to Search"",""SideFingerPrint"":0,""USB"":""USB Type-C 2.0, OTG"",""WLAN"":""Wi-Fi 802.11 a/b/g/n/ac/6, dual-band, Wi-Fi Direct""},""Launch"":{""Announced"":null,""Status"":null},""Main Camera"":{""Features"":""panorama, HDR, Video (4K@30fps, 1080p@30/60/120fps, gyro-EIS, OIS)"",""Specifications"":[""Triple Camera: 50 MP, f/1.9, 24mm (wide), 1/1.57\"", dual pixel PDAF, OIS"",""50 MP, f/2.0, 50mm (telephoto), 1/2.74\"", PDAF, 2x optical zoom"",""8 MP, f/2.2, 15mm, (ultrawide), 1/4.0\"", LED Flash""],""Video"":[""4K@30fps, 1080p@30/60/120fps, gyro-EIS, OIS""]},""Memory"":{""Card slot"":""No"",""Technology"":""256GB Built-in, 12GB RAM, UFS 2.2"",""Types"":[""256GB Built-in"",""12GB RAM"",""UFS 2.2""]},""MobileName"":""Nothing Phone 3a"",""Network"":{""2G"":1,""3G"":1,""4G"":1,""5G"":1},""Platform"":{""CPU"":""Octa-core (1 x 2.5 GHz Cortex-A720 + 3 x 2.4 GHz Cortex-A720 + 4 x 1.8 GHz Cortex-A520)"",""Chipset"":""Qualcomm SM7635 Snapdragon 7s Gen 3 (4 nm)"",""GPU"":""Adreno 810"",""OS"":""Android 15 OS, upgradable to Android 16""},""Price"":[153499.0],""Selfie Camera"":{""Specifications"":[""32 MP, f/2.2, 22mm (wide), 1/3.44\""""],""Video"":[""1080p@30fps""]},""Sound"":{""3.5mm jack"":0,""Loudspeaker"":""Speaker Phone""},""Weight"":null}"
13f3b11875c13d3624e2975e9f8df76c9ea6ef8e560a9d10d7387e42b67a90c7,whatmobile,whatmobile.com.pk,whatmobile.com.pk/whatmobile__Nothing_Phone-4a-Pro.json,https://www.whatmobile.com.pk/Nothing_Phone-4a-Pro,filename,2026-08-14T07:49:29+00:00,Nothing Phone 4a Pro,true,true,true,true,,,163.7 x 76.6 x 8 mm,210 g,"Glass front + Gorilla Glass 7i), Aluminum frame, aluminum back, IP65 dust tight and water resistant (low pressure water jets), Manufacturer-rated water-resistant (up to 25cm for 20 min), 137 individually addressable mini-LEDs, Aircraft-grade aluminium unibody",Nano-SIM + Nano-SIM,"Glass front + Gorilla Glass 7i), Aluminum frame, aluminum back, IP65 dust tight and water resistant (low pressure water jets), Manufacturer-rated water-resistant (up to 25cm for 20 min), 137 individually addressable mini-LEDs, Aircraft-grade aluminium unibody","AMOLED Capacitive Touchscreen, 1B Colors",6.83 Inches,1260 x 2800 Pixels (~450 PPI),"Corning Gorilla Glass 7i, Mohs level 5",Android 16 OS,Qualcomm SM7750-AB Snapdragon 7 Gen 4 (4 nm),Octa-core (1 x 2.8 GHz Cortex-720 + 4 x 2.4 GHz Cortex-720 + 3 x 1.8 GHz Cortex-520),Adreno 722,microSDXC (dedicated slot),"[""256GB Built-in"",""12GB RAM"",""UFS 3.1""]","256GB Built-in, 12GB RAM, UFS 3.1","[""Triple Camera: 50 MP, f/1.9, 24mm (wide), 1/1.56\"", dual pixel PDAF, OIS"",""50 MP, f/2.9, 80mm (periscope telephoto), 1/2.75\"", PDAF, OIS, 3.5x optical zoom"",""8 MP, f/2.2, 15mm, (ultrawide), 1/4.0\"", LED Flash""]","panorama, Ultra HDR, Video (4K@30fps, 1080p@30/60/120fps, gyro-EIS, OIS, Dolby Vision HDR, Ultra XDR)","[""4K@30fps, 1080p@30/60/120fps, gyro-EIS, OIS, Dolby Vision HDR, Ultra XDR""]","[""32 MP, f/2.2, 22mm (wide), 1/3.42\""""]",,"[""1080p@30fps""]","3.5mm Audio Jack, Speaker Phone",true,"Wi-Fi 802.11 a/b/g/n/ac/6, dual-band, Wi-Fi Direct","v5.4 with A2DP, LE","Yes + GPS (L1+L5), GLONASS, BDS, GALILEO, QZSS, NavIC, SBAS",true,false,false,"USB Type-C 2.0, OTG",false,false,true,"Accelerometer, Compass, Fingerprint (under display, optical), Gyro, Proximity, Circle to Search",Si-Ca 5080 mAh,false,"[""- Fast battery 50W wired"",""50% in 22 min"",""100% in 64 min"",""7.5W reverse wired""]","[""Black"",""Silver"",""Pink""]",Weight Unknown,[244999.0],0.87500,361c4e8858167a8c2d384c6a8886ad08b4b303faf2c29794767f493453fa54cf,"{""Battery"":{""Capacity"":""Si-Ca 5080 mAh"",""Charging"":[""- Fast battery 50W wired"",""50% in 22 min"",""100% in 64 min"",""7.5W reverse wired""],""WirelessCharging"":0},""Body"":{""Build"":""Glass front + Gorilla Glass 7i), Aluminum frame, aluminum back, IP65 dust tight and water resistant (low pressure water jets), Manufacturer-rated water-resistant (up to 25cm for 20 min), 137 individually addressable mini-LEDs, Aircraft-grade aluminium unibody"",""Dimensions"":""163.7 x 76.6 x 8 mm"",""Protection"":""Glass front + Gorilla Glass 7i), Aluminum frame, aluminum back, IP65 dust tight and water resistant (low pressure water jets), Manufacturer-rated water-resistant (up to 25cm for 20 min), 137 individually addressable mini-LEDs, Aircraft-grade aluminium unibody"",""SIM"":""Nano-SIM + Nano-SIM"",""Weight"":""210 g""},""Colors"":[""Black"",""Silver"",""Pink""],""Display"":{""Protection"":""Corning Gorilla Glass 7i, Mohs level 5"",""Resolution"":""1260 x 2800 Pixels (~450 PPI)"",""Size"":""6.83 Inches"",""Type"":""AMOLED Capacitive Touchscreen, 1B Colors""},""Features"":{""BackFingerPrint"":0,""Bluetooth"":""v5.4 with A2DP, LE"",""InDisplayFingerPrint"":1,""Infrared port"":0,""NFC"":1,""Positioning"":""Yes + GPS (L1+L5), GLONASS, BDS, GALILEO, QZSS, NavIC, SBAS"",""Radio"":0,""Sensors"":""Accelerometer, Compass, Fingerprint (under display, optical), Gyro, Proximity, Circle to Search"",""SideFingerPrint"":0,""USB"":""USB Type-C 2.0, OTG"",""WLAN"":""Wi-Fi 802.11 a/b/g/n/ac/6, dual-band, Wi-Fi Direct""},""Launch"":{""Announced"":null,""Status"":null},""Main Camera"":{""Features"":""panorama, Ultra HDR, Video (4K@30fps, 1080p@30/60/120fps, gyro-EIS, OIS, Dolby Vision HDR, Ultra XDR)"",""Specifications"":[""Triple Camera: 50 MP, f/1.9, 24mm (wide), 1/1.56\"", dual pixel PDAF, OIS"",""50 MP, f/2.9, 80mm (periscope telephoto), 1/2.75\"", PDAF, OIS, 3.5x optical zoom"",""8 MP, f/2.2, 15mm, (ultrawide), 1/4.0\"", LED Flash""],""Video"":[""4K@30fps, 1080p@30/60/120fps, gyro-EIS, OIS, Dolby Vision HDR, Ultra XDR""]},""Memory"":{""Card slot"":""microSDXC (dedicated slot)"",""Technology"":""256GB Built-in, 12GB RAM, UFS 3.1"",""Types"":[""256GB Built-in"",""12GB RAM"",""UFS 3.1""]},""MobileName"":""Nothing Phone 4a Pro"",""Network"":{""2G"":1,""3G"":1,""4G"":1,""5G"":1},""Platform"":{""CPU"":""Octa-core (1 x 2.8 GHz Cortex-720 + 4 x 2.4 GHz Cortex-720 + 3 x 1.8 GHz Cortex-520)"",""Chipset"":""Qualcomm SM7750-AB Snapdragon 7 Gen 4 (4 nm)"",""GPU"":""Adreno 722"",""OS"":""Android 16 OS""},""Price"":[244999.0],""Selfie Camera"":{""Specifications"":[""32 MP, f/2.2, 22mm (wide), 1/3.42\""""],""Video"":[""1080p@30fps""]},""Sound"":{""3.5mm jack"":1,""Loudspeaker"":""3.5mm Audio Jack, Speaker Phone""},""Weight"":null}"
a484a0b3d5153115a95acc9463f1142ee6068b796801e7b59991abbc6b27a0bc,whatmobile,whatmobile.com.pk,whatmobile.com.pk/whatmobile__Nothing_Phone-4a.json,https://www.whatmobile.com.pk/Nothing_Phone-4a,filename,2026-08-14T07:49:34+00:00,Nothing Phone 4a,true,true,true,true,,,N/A,N/A,"Glass front + Panda Glass), plastic frame, glass back, IP64 dust tight and water resistant (water splashes), 3 LED light strips on the back (notifications, camera fill light, 63 addressable zones)",Nano-SIM + Nano-SIM,"Glass front + Panda Glass), plastic frame, glass back, IP64 dust tight and water resistant (water splashes), 3 LED light strips on the back (notifications, camera fill light, 63 addressable zones)","AMOLED Capacitive Touchscreen, 1B Colors",6.78 Inches,1260 x 2800 Pixels (~453 PPI),"Panda Glass, Mohs level 5",Android 16 OS,Qualcomm SM7635-AC Snapdragon 7s Gen 4 (4 nm),Octa-core (1 x 2.7 GHz Cortex-A720 + 3 x 2.4 GHz Cortex-A720 + 4 x 1.8 GHz Cortex-A520),Adreno 810,No,"[""256GB Built-in"",""12GB RAM"",""UFS 3.1""]","256GB Built-in, 12GB RAM, UFS 3.1","[""Triple Camera: 50 MP, f/1.9, 24mm (wide), 1/1.57\"", dual pixel PDAF, OIS"",""50 MP, f/2.0, 50mm (telephoto), 1/2.74\"", PDAF, 2x optical zoom"",""8 MP, f/2.2, 15mm, (ultrawide), 1/4.0\"", LED Flash""]","panorama, HDR, Video (4K@30fps, 1080p@30/60/120fps, gyro-EIS, OIS)","[""4K@30fps, 1080p@30/60/120fps, gyro-EIS, OIS""]","[""32 MP, f/2.2, 22mm (wide), 1/3.44\""""]",,"[""1080p@30fps""]","3.5mm Audio Jack, Speaker Phone",true,"Wi-Fi 802.11 a/b/g/n/ac/6, dual-band, Wi-Fi Direct","v5.4 with A2DP, LE","Yes + GPS (L1+L5), GLONASS, BDS, GALILEO, QZSS, NavIC, SBAS",true,false,false,"USB Type-C 2.0, OTG",false,false,true,"Accelerometer, Compass, Fingerprint (under display, optical), Gyro, Proximity, Circle to Search",Si-Ca 5080 mAh,false,"[""- Fast battery 50W wired"",""50% in 19 min"",""100% in 56 min""]","[""Black; other colors""]",Weight Unknown,[214999.0],0.87500,80ebaba518cd6ce5c4280e4cdaca2509b990f5c18b76b10ab57cc5dc8db98e6e,"{""Battery"":{""Capacity"":""Si-Ca 5080 mAh"",""Charging"":[""- Fast battery 50W wired"",""50% in 19 min"",""100% in 56 min""],""WirelessCharging"":0},""Body"":{""Build"":""Glass front + Panda Glass), plastic frame, glass back, IP64 dust tight and water resistant (water splashes), 3 LED light strips on the back (notifications, camera fill light, 63 addressable zones)"",""Dimensions"":""N/A"",""Protection"":""Glass front + Panda Glass), plastic frame, glass back, IP64 dust tight and water resistant (water splashes), 3 LED light strips on the back (notifications, camera fill light, 63 addressable zones)"",""SIM"":""Nano-SIM + Nano-SIM"",""Weight"":""N/A""},""Colors"":[""Black; other colors""],""Display"":{""Protection"":""Panda Glass, Mohs level 5"",""Resolution"":""1260 x 2800 Pixels (~453 PPI)"",""Size"":""6.78 Inches"",""Type"":""AMOLED Capacitive Touchscreen, 1B Colors""},""Features"":{""BackFingerPrint"":0,""Bluetooth"":""v5.4 with A2DP, LE"",""InDisplayFingerPrint"":1,""Infrared port"":0,""NFC"":1,""Positioning"":""Yes + GPS (L1+L5), GLONASS, BDS, GALILEO, QZSS, NavIC, SBAS"",""Radio"":0,""Sensors"":""Accelerometer, Compass, Fingerprint (under display, optical), Gyro, Proximity, Circle to Search"",""SideFingerPrint"":0,""USB"":""USB Type-C 2.0, OTG"",""WLAN"":""Wi-Fi 802.11 a/b/g/n/ac/6, dual-band, Wi-Fi Direct""},""Launch"":{""Announced"":null,""Status"":null},""Main Camera"":{""Features"":""panorama, HDR, Video (4K@30fps, 1080p@30/60/120fps, gyro-EIS, OIS)"",""Specifications"":[""Triple Camera: 50 MP, f/1.9, 24mm (wide), 1/1.57\"", dual pixel PDAF, OIS"",""50 MP, f/2.0, 50mm (telephoto), 1/2.74\"", PDAF, 2x optical zoom"",""8 MP, f/2.2, 15mm, (ultrawide), 1/4.0\"", LED Flash""],""Video"":[""4K@30fps, 1080p@30/60/120fps, gyro-EIS, OIS""]},""Memory"":{""Card slot"":""No"",""Technology"":""256GB Built-in, 12GB RAM, UFS 3.1"",""Types"":[""256GB Built-in"",""12GB RAM"",""UFS 3.1""]},""MobileName"":""Nothing Phone 4a"",""Network"":{""2G"":1,""3G"":1,""4G"":1,""5G"":1},""Platform"":{""CPU"":""Octa-core (1 x 2.7 GHz Cortex-A720 + 3 x 2.4 GHz Cortex-A720 + 4 x 1.8 GHz Cortex-A520)"",""Chipset"":""Qualcomm SM7635-AC Snapdragon 7s Gen 4 (4 nm)"",""GPU"":""Adreno 810"",""OS"":""Android 16 OS""},""Price"":[214999.0],""Selfie Camera"":{""Specifications"":[""32 MP, f/2.2, 22mm (wide), 1/3.44\""""],""Video"":[""1080p@30fps""]},""Sound"":{""3.5mm jack"":1,""Loudspeaker"":""3.5mm Audio Jack, Speaker Phone""},""Weight"":null}"
874860fd82ea6b96910e95e507108ccb61e387a40410e2a1b62dc8dd45031e14,whatmobile,whatmobile.com.pk,whatmobile.com.pk/whatmobile__Oppo_A5-256GB.json,https://www.whatmobile.com.pk/Oppo_A5-256GB,filename,2026-08-14T07:50:45+00:00,Oppo A5 256GB,true,true,true,false,,,165.7 x 76.2 x 8 mm,193 g,"NFC (market/region dependent), IP65 dust tight and water resistant (low pressure water jets), MIL-STD-810H compliant*",Nano-SIM + Nano-SIM,"NFC (market/region dependent), IP65 dust tight and water resistant (low pressure water jets), MIL-STD-810H compliant*",IPS LCD Capacitive Touchscreen,6.67 Inches,720 x 1604 Pixels (~264 PPI),"Corning Gorilla Glass 7i, Mohs level 4",Android 15 OS,Qualcomm SM-6115 Snapdragon 6s 4G Gen1 (11 nm),Octa-core (4 x 2.1 GHz Cortex-A73 + 4 x 1.8 GHz Cortex-A53),Adreno 610,microSDXC,"[""256GB Built-in"",""8GB RAM"",""UFS 2.2""]","256GB Built-in, 8GB RAM, UFS 2.2","[""Dual Camera: 50 MP, f/1.8, (wide), PDAF"",""2 MP, f/2.4, (wide) LED Flash""]","panorama, HDR, Video (1080p@30fps)","[""1080p@30fps""]","[""5 MP, f/2.2, (wide), Panorama""]",,"[""1080p@30fps""]","3.5mm Audio Jack, Speaker Phone",true,"Wi-Fi 802.11 a/b/g/n/ac, dual-band","v5.0 with A2DP, LE","Yes + A-GPS support & Glonass, BDS, GALILEO, QZSS",true,false,true,"USB Type-C 2.0, OTG",false,true,false,"Accelerometer, Compass, Fingerprint (side-mounted), Proximity",6000 mAh,false,"[""- Fast charging 45W wired"",""33W PPS"",""13.5W PD"",""50% in 36 min""]","[""Midnight Purple"",""Aurora Green"",""Mist White""]",Weight Unknown,[54999.0],0.87500,dbdc94c20f1a1af9e4b50eb89839b689954b3b9ff7a48729f301c774010e6212,"{""Battery"":{""Capacity"":""6000 mAh"",""Charging"":[""- Fast charging 45W wired"",""33W PPS"",""13.5W PD"",""50% in 36 min""],""WirelessCharging"":0},""Body"":{""Build"":""NFC (market/region dependent), IP65 dust tight and water resistant (low pressure water jets), MIL-STD-810H compliant*"",""Dimensions"":""165.7 x 76.2 x 8 mm"",""Protection"":""NFC (market/region dependent), IP65 dust tight and water resistant (low pressure water jets), MIL-STD-810H compliant*"",""SIM"":""Nano-SIM + Nano-SIM"",""Weight"":""193 g""},""Colors"":[""Midnight Purple"",""Aurora Green"",""Mist White""],""Display"":{""Protection"":""Corning Gorilla Glass 7i, Mohs level 4"",""Resolution"":""720 x 1604 Pixels (~264 PPI)"",""Size"":""6.67 Inches"",""Type"":""IPS LCD Capacitive Touchscreen""},""Features"":{""BackFingerPrint"":0,""Bluetooth"":""v5.0 with A2DP, LE"",""InDisplayFingerPrint"":0,""Infrared port"":0,""NFC"":1,""Positioning"":""Yes + A-GPS support & Glonass, BDS, GALILEO, QZSS"",""Radio"":1,""Sensors"":""Accelerometer, Compass, Fingerprint (side-mounted), Proximity"",""SideFingerPrint"":1,""USB"":""USB Type-C 2.0, OTG"",""WLAN"":""Wi-Fi 802.11 a/b/g/n/ac, dual-band""},""Launch"":{""Announced"":null,""Status"":null},""Main Camera"":{""Features"":""panorama, HDR, Video (1080p@30fps)"",""Specifications"":[""Dual Camera: 50 MP, f/1.8, (wide), PDAF"",""2 MP, f/2.4, (wide) LED Flash""],""Video"":[""1080p@30fps""]},""Memory"":{""Card slot"":""microSDXC"",""Technology"":""256GB Built-in, 8GB RAM, UFS 2.2"",""Types"":[""256GB Built-in"",""8GB RAM"",""UFS 2.2""]},""MobileName"":""Oppo A5 256GB"",""Network"":{""2G"":1,""3G"":1,""4G"":1,""5G"":0},""Platform"":{""CPU"":""Octa-core (4 x 2.1 GHz Cortex-A73 + 4 x 1.8 GHz Cortex-A53)"",""Chipset"":""Qualcomm SM-6115 Snapdragon 6s 4G Gen1 (11 nm)"",""GPU"":""Adreno 610"",""OS"":""Android 15 OS""},""Price"":[54999.0],""Selfie Camera"":{""Specifications"":[""5 MP, f/2.2, (wide), Panorama""],""Video"":[""1080p@30fps""]},""Sound"":{""3.5mm jack"":1,""Loudspeaker"":""3.5mm Audio Jack, Speaker Phone""},""Weight"":null}"
047e5d40e9b76fc1e4f5a32869cd2ec56ba94005195216f3711c0ff2e52dbdd0,whatmobile,whatmobile.com.pk,whatmobile.com.pk/whatmobile__Oppo_A5-8GB.json,https://www.whatmobile.com.pk/Oppo_A5-8GB,filename,2026-08-14T07:50:52+00:00,Oppo A5 8GB,true,true,true,false,,,165.7 x 76.2 x 8 mm,193 g,"NFC (market/region dependent), IP65 dust tight and water resistant (low pressure water jets), MIL-STD-810H compliant*",Nano-SIM + Nano-SIM,"NFC (market/region dependent), IP65 dust tight and water resistant (low pressure water jets), MIL-STD-810H compliant*",IPS LCD Capacitive Touchscreen,6.67 Inches,720 x 1604 Pixels (~264 PPI),"Corning Gorilla Glass 7i, Mohs level 4",Android 15 OS,Qualcomm SM-6115 Snapdragon 6s 4G Gen1 (11 nm),Octa-core (4 x 2.1 GHz Cortex-A73 + 4 x 1.8 GHz Cortex-A53),Adreno 610,microSDXC,"[""128GB Built-in"",""8GB RAM"",""UFS 2.1""]","128GB Built-in, 8GB RAM, UFS 2.1","[""Dual Camera: 50 MP, f/1.8, (wide), PDAF"",""2 MP, f/2.4, (wide) LED Flash""]","panorama, HDR, Video (1080p@30fps)","[""1080p@30fps""]","[""5 MP, f/2.2, (wide), Panorama""]",,"[""1080p@30fps""]","3.5mm Audio Jack, Speaker Phone",true,"Wi-Fi 802.11 a/b/g/n/ac, dual-band","v5.0 with A2DP, LE","Yes + A-GPS support & Glonass, BDS, GALILEO, QZSS",true,false,true,"USB Type-C 2.0, OTG",false,true,false,"Accelerometer, Compass, Fingerprint (side-mounted), Proximity",6000 mAh,false,"[""- Fast charging 45W wired"",""33W PPS"",""13.5W PD"",""50% in 36 min""]","[""Midnight Purple"",""Aurora Green"",""Mist White""]",Weight Unknown,[49999.0],0.87500,a8af32de029bbf84526ad36cca501cc5fc9b24a62695ccdcc4b2d991f679d655,"{""Battery"":{""Capacity"":""6000 mAh"",""Charging"":[""- Fast charging 45W wired"",""33W PPS"",""13.5W PD"",""50% in 36 min""],""WirelessCharging"":0},""Body"":{""Build"":""NFC (market/region dependent), IP65 dust tight and water resistant (low pressure water jets), MIL-STD-810H compliant*"",""Dimensions"":""165.7 x 76.2 x 8 mm"",""Protection"":""NFC (market/region dependent), IP65 dust tight and water resistant (low pressure water jets), MIL-STD-810H compliant*"",""SIM"":""Nano-SIM + Nano-SIM"",""Weight"":""193 g""},""Colors"":[""Midnight Purple"",""Aurora Green"",""Mist White""],""Display"":{""Protection"":""Corning Gorilla Glass 7i, Mohs level 4"",""Resolution"":""720 x 1604 Pixels (~264 PPI)"",""Size"":""6.67 Inches"",""Type"":""IPS LCD Capacitive Touchscreen""},""Features"":{""BackFingerPrint"":0,""Bluetooth"":""v5.0 with A2DP, LE"",""InDisplayFingerPrint"":0,""Infrared port"":0,""NFC"":1,""Positioning"":""Yes + A-GPS support & Glonass, BDS, GALILEO, QZSS"",""Radio"":1,""Sensors"":""Accelerometer, Compass, Fingerprint (side-mounted), Proximity"",""SideFingerPrint"":1,""USB"":""USB Type-C 2.0, OTG"",""WLAN"":""Wi-Fi 802.11 a/b/g/n/ac, dual-band""},""Launch"":{""Announced"":null,""Status"":null},""Main Camera"":{""Features"":""panorama, HDR, Video (1080p@30fps)"",""Specifications"":[""Dual Camera: 50 MP, f/1.8, (wide), PDAF"",""2 MP, f/2.4, (wide) LED Flash""],""Video"":[""1080p@30fps""]},""Memory"":{""Card slot"":""microSDXC"",""Technology"":""128GB Built-in, 8GB RAM, UFS 2.1"",""Types"":[""128GB Built-in"",""8GB RAM"",""UFS 2.1""]},""MobileName"":""Oppo A5 8GB"",""Network"":{""2G"":1,""3G"":1,""4G"":1,""5G"":0},""Platform"":{""CPU"":""Octa-core (4 x 2.1 GHz Cortex-A73 + 4 x 1.8 GHz Cortex-A53)"",""Chipset"":""Qualcomm SM-6115 Snapdragon 6s 4G Gen1 (11 nm)"",""GPU"":""Adreno 610"",""OS"":""Android 15 OS""},""Price"":[49999.0],""Selfie Camera"":{""Specifications"":[""5 MP, f/2.2, (wide), Panorama""],""Video"":[""1080p@30fps""]},""Sound"":{""3.5mm jack"":1,""Loudspeaker"":""3.5mm Audio Jack, Speaker Phone""},""Weight"":null}"
583c0b6bb846b06bb536e0f0dfcbc6546eeb3931dbe947d065d8f5af61a9f1a6,whatmobile,whatmobile.com.pk,whatmobile.com.pk/whatmobile__Oppo_A5i-128GB.json,https://www.whatmobile.com.pk/Oppo_A5i-128GB,filename,2026-08-14T07:52:25+00:00,Oppo A5i 128GB,true,true,true,false,,,165.77 x 76.08 x 7.68mm,186 g,"NFC, (market/region dependent), IP65 dust tight and water resistant",Nano-SIM + Nano-SIM,"NFC, (market/region dependent), IP65 dust tight and water resistant",IPS LCD Capacitive Touchscreen,6.67 Inches,720 x 1604 Pixels (~264 PPI),,Android 15 OS,Qualcomm SM-6115 Snapdragon 6s 4G Gen1 (11 nm),2.1 Ghz Octa Core,Adreno 610,"microSD Card, (supports up to 256GB)","[""128GB Built-in"",""4GB RAM"",""UFS 2.1""]","128GB Built-in, 4GB RAM, UFS 2.1","[""Dual Camera: 8 MP"",""AI, LED Flash""]","panorama, HDR, Video (1080p@30fps)","[""1080p@30fps""]","[""5 MP f/2.2""]",,"[""5 MP f/2.2""]","3.5mm Audio Jack, Speaker Phone",true,"Wi-Fi 802.11 a/b/g/n/ac, dual-band","v5.1 with A2DP, LE, apt-X","Yes + A-GPS support & Glonass, BDS, GALILEO, QZSS",true,false,true,"USB Type-C 2.0, OTG",false,false,false,"Accelerometer, Compass, FingerPrint, Gravity, Proximity",5100 mAh,false,"[""- Fast charging 45W""]","[""Nebula Red"",""Starry Purple""]",Weight Unknown,[35999.0],0.87500,3ab207cbe7582b49ab155934c7b3297774062dc1d77f7436137eadddc60005b4,"{""Battery"":{""Capacity"":""5100 mAh"",""Charging"":[""- Fast charging 45W""],""WirelessCharging"":0},""Body"":{""Build"":""NFC, (market/region dependent), IP65 dust tight and water resistant"",""Dimensions"":""165.77 x 76.08 x 7.68mm"",""Protection"":""NFC, (market/region dependent), IP65 dust tight and water resistant"",""SIM"":""Nano-SIM + Nano-SIM"",""Weight"":""186 g""},""Colors"":[""Nebula Red"",""Starry Purple""],""Display"":{""Protection"":null,""Resolution"":""720 x 1604 Pixels (~264 PPI)"",""Size"":""6.67 Inches"",""Type"":""IPS LCD Capacitive Touchscreen""},""Features"":{""BackFingerPrint"":0,""Bluetooth"":""v5.1 with A2DP, LE, apt-X"",""InDisplayFingerPrint"":0,""Infrared port"":0,""NFC"":1,""Positioning"":""Yes + A-GPS support & Glonass, BDS, GALILEO, QZSS"",""Radio"":1,""Sensors"":""Accelerometer, Compass, FingerPrint, Gravity, Proximity"",""SideFingerPrint"":0,""USB"":""USB Type-C 2.0, OTG"",""WLAN"":""Wi-Fi 802.11 a/b/g/n/ac, dual-band""},""Launch"":{""Announced"":null,""Status"":null},""Main Camera"":{""Features"":""panorama, HDR, Video (1080p@30fps)"",""Specifications"":[""Dual Camera: 8 MP"",""AI, LED Flash""],""Video"":[""1080p@30fps""]},""Memory"":{""Card slot"":""microSD Card, (supports up to 256GB)"",""Technology"":""128GB Built-in, 4GB RAM, UFS 2.1"",""Types"":[""128GB Built-in"",""4GB RAM"",""UFS 2.1""]},""MobileName"":""Oppo A5i 128GB"",""Network"":{""2G"":1,""3G"":1,""4G"":1,""5G"":0},""Platform"":{""CPU"":""2.1 Ghz Octa Core"",""Chipset"":""Qualcomm SM-6115 Snapdragon 6s 4G Gen1 (11 nm)"",""GPU"":""Adreno 610"",""OS"":""Android 15 OS""},""Price"":[35999.0],""Selfie Camera"":{""Specifications"":[""5 MP f/2.2""],""Video"":[""5 MP f/2.2""]},""Sound"":{""3.5mm jack"":1,""Loudspeaker"":""3.5mm Audio Jack, Speaker Phone""},""Weight"":null}"
4d98910a0077b235644868d9af092523886c100a68acb9b29f714d949add965a,whatmobile,whatmobile.com.pk,whatmobile.com.pk/whatmobile__Oppo_A6-256GB.json,https://www.whatmobile.com.pk/Oppo_A6-256GB,filename,2026-08-14T07:49:53+00:00,Oppo A6 256GB,true,true,true,false,,,166.61 x 78.51 x 8.61mm,215 g,"IP69 dust & water resistance, Photo/video editor, Document viewer",Nano-SIM + Nano-SIM,"IP69 dust & water resistance, Photo/video editor, Document viewer",IPS LCD Capacitive Touchscreen,6.75 Inches,720 x 1570 Pixels (~256 PPI),,Android 15 OS,Qualcomm Snapdragon 685,Octa Core,Adreno 610,microSD Card,"[""256GB Built-in"",""8GB RAM"",""UFS 2.2""]","256GB Built-in, 8GB RAM, UFS 2.2","[""Dual Camera: 50 MP, f/1.8, AF"",""2 MP, f/2.4, LED Flash""]","panorama, HDR, Video","[""panorama, HDR, Video""]","[""8 MP, f/2.0""]",,"[""8 MP, f/2.0""]","3.5mm Audio Jack, Speaker Phone",true,"Wi-Fi 802.11 a/b/g/n/ac, dual-band, WiFi Direct, hotspot","v5.0 with A2DP, LE","Yes + A-GPS support & Glonass, BDS, GALILEO, QZSS",false,false,true,USB Type-C,false,false,false,"Accelerometer, gyro, proximity, compass, Fingerprint",7000 mAh,false,"[""- Fast battery 45W""]","[""Sapphire Blue"",""Aurora Gold""]",Weight Unknown,[89999.0],0.87500,0ff8683d66863c4b9528a3cc8c38cf65808ab649ad7fa822c3c3e1c334cd75d7,"{""Battery"":{""Capacity"":""7000 mAh"",""Charging"":[""- Fast battery 45W""],""WirelessCharging"":0},""Body"":{""Build"":""IP69 dust & water resistance, Photo/video editor, Document viewer"",""Dimensions"":""166.61 x 78.51 x 8.61mm"",""Protection"":""IP69 dust & water resistance, Photo/video editor, Document viewer"",""SIM"":""Nano-SIM + Nano-SIM"",""Weight"":""215 g""},""Colors"":[""Sapphire Blue"",""Aurora Gold""],""Display"":{""Protection"":null,""Resolution"":""720 x 1570 Pixels (~256 PPI)"",""Size"":""6.75 Inches"",""Type"":""IPS LCD Capacitive Touchscreen""},""Features"":{""BackFingerPrint"":0,""Bluetooth"":""v5.0 with A2DP, LE"",""InDisplayFingerPrint"":0,""Infrared port"":0,""NFC"":0,""Positioning"":""Yes + A-GPS support & Glonass, BDS, GALILEO, QZSS"",""Radio"":1,""Sensors"":""Accelerometer, gyro, proximity, compass, Fingerprint"",""SideFingerPrint"":0,""USB"":""USB Type-C"",""WLAN"":""Wi-Fi 802.11 a/b/g/n/ac, dual-band, WiFi Direct, hotspot""},""Launch"":{""Announced"":null,""Status"":null},""Main Camera"":{""Features"":""panorama, HDR, Video"",""Specifications"":[""Dual Camera: 50 MP, f/1.8, AF"",""2 MP, f/2.4, LED Flash""],""Video"":[""panorama, HDR, Video""]},""Memory"":{""Card slot"":""microSD Card"",""Technology"":""256GB Built-in, 8GB RAM, UFS 2.2"",""Types"":[""256GB Built-in"",""8GB RAM"",""UFS 2.2""]},""MobileName"":""Oppo A6 256GB"",""Network"":{""2G"":1,""3G"":1,""4G"":1,""5G"":0},""Platform"":{""CPU"":""Octa Core"",""Chipset"":""Qualcomm Snapdragon 685"",""GPU"":""Adreno 610"",""OS"":""Android 15 OS""},""Price"":[89999.0],""Selfie Camera"":{""Specifications"":[""8 MP, f/2.0""],""Video"":[""8 MP, f/2.0""]},""Sound"":{""3.5mm jack"":1,""Loudspeaker"":""3.5mm Audio Jack, Speaker Phone""},""Weight"":null}"
f5114d8f15495fa9b34df9e175f2607f659a35cab4489f5b8c38be19a5c500cd,whatmobile,whatmobile.com.pk,whatmobile.com.pk/whatmobile__Oppo_A6-Pro-256GB.json,https://www.whatmobile.com.pk/Oppo_A6-Pro-256GB,filename,2026-08-14T07:51:42+00:00,Oppo A6 Pro 256GB,true,true,true,false,,,158.2 x 75 x 8 mm,188 g,"NFC (market/region dependent), IP68/IP69 dust tight and water resistant (high pressure water jets; immersible up to 1.5m for 30 min)",Nano-SIM + Nano-SIM,"NFC (market/region dependent), IP68/IP69 dust tight and water resistant (high pressure water jets; immersible up to 1.5m for 30 min)","AMOLED Capacitive Touchscreen, 1B Colors",6.57 Inches,1080 x 2372 Pixels (~397 PPI),AGC DT-Star D+,Android 15 OS,Mediatek Helio G100 (6 nm),Octa-core (2 x 2.2 GHz Cortex-A76 + 6 x 2.0 GHz Cortex-A55),Mali-G57 MC2,"microSD Card, (supports up to 256GB)","[""256GB Built-in"",""8GB RAM"",""UFS 2.2""]","256GB Built-in, 8GB RAM, UFS 2.2","[""Dual Camera: 50 MP, f/1.8, (wide), PDAF"",""2 MP, f/2.4, (depth), LED Flash""]","panorama, HDR, Video (1080p@30/60/120fps)","[""1080p@30/60/120fps""]","[""16 MP, f/2.4, (wide), Panorama""]",,"[""1080p@30fps""]","3.5mm Audio Jack, Speaker Phone",true,"Wi-Fi 802.11 a/b/g/n/ac, dual-band","v5.4 with A2DP, LE, apt-X HD","Yes + A-GPS support & Glonass, BDS, GALILEO, QZSS",true,false,true,"USB Type-C 2.0, OTG",false,false,true,"Accelerometer, Fingerprint (under display, optical), Gyro, Proximity",Li-ion Si-Ca 7000 mAh,false,"[""- Fast charging 80W wired"",""33W PPS"",""13.5W PD"",""Reverse wired charging""]","[""Stellar Blue"",""Rosewood Red""]",Weight Unknown,[89999.0],0.87500,4ec5d1a72730751b0437454ef2089743aac98b7dc86d832a901eb1440bc8d642,"{""Battery"":{""Capacity"":""Li-ion Si-Ca 7000 mAh"",""Charging"":[""- Fast charging 80W wired"",""33W PPS"",""13.5W PD"",""Reverse wired charging""],""WirelessCharging"":0},""Body"":{""Build"":""NFC (market/region dependent), IP68/IP69 dust tight and water resistant (high pressure water jets; immersible up to 1.5m for 30 min)"",""Dimensions"":""158.2 x 75 x 8 mm"",""Protection"":""NFC (market/region dependent), IP68/IP69 dust tight and water resistant (high pressure water jets; immersible up to 1.5m for 30 min)"",""SIM"":""Nano-SIM + Nano-SIM"",""Weight"":""188 g""},""Colors"":[""Stellar Blue"",""Rosewood Red""],""Display"":{""Protection"":""AGC DT-Star D+"",""Resolution"":""1080 x 2372 Pixels (~397 PPI)"",""Size"":""6.57 Inches"",""Type"":""AMOLED Capacitive Touchscreen, 1B Colors""},""Features"":{""BackFingerPrint"":0,""Bluetooth"":""v5.4 with A2DP, LE, apt-X HD"",""InDisplayFingerPrint"":1,""Infrared port"":0,""NFC"":1,""Positioning"":""Yes + A-GPS support & Glonass, BDS, GALILEO, QZSS"",""Radio"":1,""Sensors"":""Accelerometer, Fingerprint (under display, optical), Gyro, Proximity"",""SideFingerPrint"":0,""USB"":""USB Type-C 2.0, OTG"",""WLAN"":""Wi-Fi 802.11 a/b/g/n/ac, dual-band""},""Launch"":{""Announced"":null,""Status"":null},""Main Camera"":{""Features"":""panorama, HDR, Video (1080p@30/60/120fps)"",""Specifications"":[""Dual Camera: 50 MP, f/1.8, (wide), PDAF"",""2 MP, f/2.4, (depth), LED Flash""],""Video"":[""1080p@30/60/120fps""]},""Memory"":{""Card slot"":""microSD Card, (supports up to 256GB)"",""Technology"":""256GB Built-in, 8GB RAM, UFS 2.2"",""Types"":[""256GB Built-in"",""8GB RAM"",""UFS 2.2""]},""MobileName"":""Oppo A6 Pro 256GB"",""Network"":{""2G"":1,""3G"":1,""4G"":1,""5G"":0},""Platform"":{""CPU"":""Octa-core (2 x 2.2 GHz Cortex-A76 + 6 x 2.0 GHz Cortex-A55)"",""Chipset"":""Mediatek Helio G100 (6 nm)"",""GPU"":""Mali-G57 MC2"",""OS"":""Android 15 OS""},""Price"":[89999.0],""Selfie Camera"":{""Specifications"":[""16 MP, f/2.4, (wide), Panorama""],""Video"":[""1080p@30fps""]},""Sound"":{""3.5mm jack"":1,""Loudspeaker"":""3.5mm Audio Jack, Speaker Phone""},""Weight"":null}"
c3de8c0847f7a2aa4849f295bd48b35c739300c56604676cdf37c1f42d1a4324,whatmobile,whatmobile.com.pk,whatmobile.com.pk/whatmobile__Oppo_A6-Pro.json,https://www.whatmobile.com.pk/Oppo_A6-Pro,filename,2026-08-14T07:52:44+00:00,Oppo A6 Pro,true,true,true,false,,,158.2 x 75 x 8 mm,188 g,"NFC (market/region dependent), IP68/IP69 dust tight and water resistant (high pressure water jets; immersible up to 1.5m for 30 min)",Nano-SIM + Nano-SIM,"NFC (market/region dependent), IP68/IP69 dust tight and water resistant (high pressure water jets; immersible up to 1.5m for 30 min)","AMOLED Capacitive Touchscreen, 1B Colors",6.57 Inches,1080 x 2372 Pixels (~397 PPI),AGC DT-Star D+,Android 15 OS,Mediatek Helio G100 (6 nm),Octa-core (2 x 2.2 GHz Cortex-A76 + 6 x 2.0 GHz Cortex-A55),Mali-G57 MC2,"microSD Card, (supports up to 256GB)","[""128GB Built-in"",""8GB RAM"",""UFS 2.2""]","128GB Built-in, 8GB RAM, UFS 2.2","[""Dual Camera: 50 MP, f/1.8, (wide), PDAF"",""2 MP, f/2.4, (depth), LED Flash""]","panorama, HDR, Video (1080p@30/60/120fps)","[""1080p@30/60/120fps""]","[""16 MP, f/2.4, (wide), Panorama""]",,"[""1080p@30fps""]","3.5mm Audio Jack, Speaker Phone",true,"Wi-Fi 802.11 a/b/g/n/ac, dual-band","v5.4 with A2DP, LE, apt-X HD","Yes + A-GPS support & Glonass, BDS, GALILEO, QZSS",true,false,true,"USB Type-C 2.0, OTG",false,false,true,"Accelerometer, Fingerprint (under display, optical), Gyro, Proximity",Li-ion Si-Ca 7000 mAh,false,"[""- Fast charging 80W wired"",""33W PPS"",""13.5W PD"",""Reverse wired charging""]","[""Stellar Blue"",""Rosewood Red""]",Weight Unknown,[74999.0],0.87500,e598c91b586c057d2b56866d46d67cea80b554d7f9d69ca67b5d0af6d9e46fab,"{""Battery"":{""Capacity"":""Li-ion Si-Ca 7000 mAh"",""Charging"":[""- Fast charging 80W wired"",""33W PPS"",""13.5W PD"",""Reverse wired charging""],""WirelessCharging"":0},""Body"":{""Build"":""NFC (market/region dependent), IP68/IP69 dust tight and water resistant (high pressure water jets; immersible up to 1.5m for 30 min)"",""Dimensions"":""158.2 x 75 x 8 mm"",""Protection"":""NFC (market/region dependent), IP68/IP69 dust tight and water resistant (high pressure water jets; immersible up to 1.5m for 30 min)"",""SIM"":""Nano-SIM + Nano-SIM"",""Weight"":""188 g""},""Colors"":[""Stellar Blue"",""Rosewood Red""],""Display"":{""Protection"":""AGC DT-Star D+"",""Resolution"":""1080 x 2372 Pixels (~397 PPI)"",""Size"":""6.57 Inches"",""Type"":""AMOLED Capacitive Touchscreen, 1B Colors""},""Features"":{""BackFingerPrint"":0,""Bluetooth"":""v5.4 with A2DP, LE, apt-X HD"",""InDisplayFingerPrint"":1,""Infrared port"":0,""NFC"":1,""Positioning"":""Yes + A-GPS support & Glonass, BDS, GALILEO, QZSS"",""Radio"":1,""Sensors"":""Accelerometer, Fingerprint (under display, optical), Gyro, Proximity"",""SideFingerPrint"":0,""USB"":""USB Type-C 2.0, OTG"",""WLAN"":""Wi-Fi 802.11 a/b/g/n/ac, dual-band""},""Launch"":{""Announced"":null,""Status"":null},""Main Camera"":{""Features"":""panorama, HDR, Video (1080p@30/60/120fps)"",""Specifications"":[""Dual Camera: 50 MP, f/1.8, (wide), PDAF"",""2 MP, f/2.4, (depth), LED Flash""],""Video"":[""1080p@30/60/120fps""]},""Memory"":{""Card slot"":""microSD Card, (supports up to 256GB)"",""Technology"":""128GB Built-in, 8GB RAM, UFS 2.2"",""Types"":[""128GB Built-in"",""8GB RAM"",""UFS 2.2""]},""MobileName"":""Oppo A6 Pro"",""Network"":{""2G"":1,""3G"":1,""4G"":1,""5G"":0},""Platform"":{""CPU"":""Octa-core (2 x 2.2 GHz Cortex-A76 + 6 x 2.0 GHz Cortex-A55)"",""Chipset"":""Mediatek Helio G100 (6 nm)"",""GPU"":""Mali-G57 MC2"",""OS"":""Android 15 OS""},""Price"":[74999.0],""Selfie Camera"":{""Specifications"":[""16 MP, f/2.4, (wide), Panorama""],""Video"":[""1080p@30fps""]},""Sound"":{""3.5mm jack"":1,""Loudspeaker"":""3.5mm Audio Jack, Speaker Phone""},""Weight"":null}"
09f7fddd5d25ab68a14ab5cc973eb4cdd59cb92e67bf33a49c31c4146fee70c6,whatmobile,whatmobile.com.pk,whatmobile.com.pk/whatmobile__Oppo_A6c-128GB.json,https://www.whatmobile.com.pk/Oppo_A6c-128GB,filename,2026-08-14T07:42:40+00:00,Oppo A6c 128GB,true,true,true,false,,,166.48 x 78.23 x 8.95mm,215 g,"IP64 dust-tight and water-resistant (water splashes), Glass front, plastic frame, plastic back",Nano-SIM + Nano-SIM,"IP64 dust-tight and water-resistant (water splashes), Glass front, plastic frame, plastic back",IPS LCD Capacitive Touchscreen,6.75 Inches,720 x 1570 Pixels (~256 PPI),,Android 16 OS,Unisoc T7250 (12 nm),Octa-core (2 x 1.8 GHz Cortex-A75 + 6 x 1.6 GHz Cortex-A55),ARM Mali-G57 MP1,microSD Card,"[""128GB Built-in"",""4GB RAM"",""UFS 2.2""]","128GB Built-in, 4GB RAM, UFS 2.2","[""Single Camera: 13 MP, f/2.2, (wide), AF, LED Flash""]","panorama, HDR, Video (1080p@30fps)","[""1080p@30fps""]","[""5 MP, f/2.2, (wide)""]",,"[""1080p@30fps""]",Speaker Phone,false,"IPS LCD, 120Hz, 700 nits (typ)","v5.2 with A2DP, LE","Yes + A-GPS support & Glonass, BDS, GALILEO, QZSS",false,false,true,"USB Type-C 2.0, OTG",false,true,false,"Accelerometer, Compass, Fingerprint (side-mounted), Proximity",7000 mAh,false,"[""- Battery charging Wired"",""5W reverse wired""]","[""Stone Brown"",""Feather Purple"",""Feather White""]",Weight Unknown,[55999.0],0.87500,406a3df7e50d31e870eea9c48f360d650ea10b43d58dc3e1452ece63098b593a,"{""Battery"":{""Capacity"":""7000 mAh"",""Charging"":[""- Battery charging Wired"",""5W reverse wired""],""WirelessCharging"":0},""Body"":{""Build"":""IP64 dust-tight and water-resistant (water splashes), Glass front, plastic frame, plastic back"",""Dimensions"":""166.48 x 78.23 x 8.95mm"",""Protection"":""IP64 dust-tight and water-resistant (water splashes), Glass front, plastic frame, plastic back"",""SIM"":""Nano-SIM + Nano-SIM"",""Weight"":""215 g""},""Colors"":[""Stone Brown"",""Feather Purple"",""Feather White""],""Display"":{""Protection"":null,""Resolution"":""720 x 1570 Pixels (~256 PPI)"",""Size"":""6.75 Inches"",""Type"":""IPS LCD Capacitive Touchscreen""},""Features"":{""BackFingerPrint"":0,""Bluetooth"":""v5.2 with A2DP, LE"",""InDisplayFingerPrint"":0,""Infrared port"":0,""NFC"":0,""Positioning"":""Yes + A-GPS support & Glonass, BDS, GALILEO, QZSS"",""Radio"":1,""Sensors"":""Accelerometer, Compass, Fingerprint (side-mounted), Proximity"",""SideFingerPrint"":1,""USB"":""USB Type-C 2.0, OTG"",""WLAN"":""IPS LCD, 120Hz, 700 nits (typ)""},""Launch"":{""Announced"":null,""Status"":null},""Main Camera"":{""Features"":""panorama, HDR, Video (1080p@30fps)"",""Specifications"":[""Single Camera: 13 MP, f/2.2, (wide), AF, LED Flash""],""Video"":[""1080p@30fps""]},""Memory"":{""Card slot"":""microSD Card"",""Technology"":""128GB Built-in, 4GB RAM, UFS 2.2"",""Types"":[""128GB Built-in"",""4GB RAM"",""UFS 2.2""]},""MobileName"":""Oppo A6c 128GB"",""Network"":{""2G"":1,""3G"":1,""4G"":1,""5G"":0},""Platform"":{""CPU"":""Octa-core (2 x 1.8 GHz Cortex-A75 + 6 x 1.6 GHz Cortex-A55)"",""Chipset"":""Unisoc T7250 (12 nm)"",""GPU"":""ARM Mali-G57 MP1"",""OS"":""Android 16 OS""},""Price"":[55999.0],""Selfie Camera"":{""Specifications"":[""5 MP, f/2.2, (wide)""],""Video"":[""1080p@30fps""]},""Sound"":{""3.5mm jack"":0,""Loudspeaker"":""Speaker Phone""},""Weight"":null}"
fcba7aba3939c0ace7cbbd34d1baa2f7bc0875bcaf9e428d620b28ac5ecbe006,whatmobile,whatmobile.com.pk,whatmobile.com.pk/whatmobile__Oppo_A6k-6GB.json,https://www.whatmobile.com.pk/Oppo_A6k-6GB,filename,2026-08-14T07:44:47+00:00,Oppo A6k 6GB,true,true,true,false,,,166.61 x 78.51 x 8.61 mm,205 g,"IP64 dust & water resistance, Photo/video editor, Document viewer",Nano-SIM + Nano-SIM,"IP64 dust & water resistance, Photo/video editor, Document viewer",IPS LCD Capacitive Touchscreen,6.75 Inches,720 x 1570 Pixels (~256 PPI),,Android 15 OS,Qualcomm SM6225 Snapdragon 685 (6 nm),2.8 Ghz Octa Core,Adreno 610,microSD Card,"[""128GB Built-in"",""6GB RAM""]","128GB Built-in, 6GB RAM","[""Dual Camera: 13 MP"",""AI, LED Flash""]","panorama, HDR, Video (1080p@30fps)","[""1080p@30fps""]","[""5 MP""]",,"[""5 MP""]",Speaker Phone,false,"Wi-Fi 802.11 a/b/g/n/ac, dual-band","v5.0 with A2DP, LE","Yes + A-GPS support & Glonass, BDS, GALILEO, QZSS",false,false,true,"USB Type-C 2.0, OTG",false,true,false,"Accelerometer, Compass, Fingerprint (side-mounted), Proximity",6100 mAh,false,"[""- Battery charging 15W wired""]","[""Plume Purple"",""Ice Blue""]",Weight Unknown,[66999.0],0.87500,4bf9ab6799d65de63cde0d38c3953091f56776103dd3f0797b4b8a983ccc3cab,"{""Battery"":{""Capacity"":""6100 mAh"",""Charging"":[""- Battery charging 15W wired""],""WirelessCharging"":0},""Body"":{""Build"":""IP64 dust & water resistance, Photo/video editor, Document viewer"",""Dimensions"":""166.61 x 78.51 x 8.61 mm"",""Protection"":""IP64 dust & water resistance, Photo/video editor, Document viewer"",""SIM"":""Nano-SIM + Nano-SIM"",""Weight"":""205 g""},""Colors"":[""Plume Purple"",""Ice Blue""],""Display"":{""Protection"":null,""Resolution"":""720 x 1570 Pixels (~256 PPI)"",""Size"":""6.75 Inches"",""Type"":""IPS LCD Capacitive Touchscreen""},""Features"":{""BackFingerPrint"":0,""Bluetooth"":""v5.0 with A2DP, LE"",""InDisplayFingerPrint"":0,""Infrared port"":0,""NFC"":0,""Positioning"":""Yes + A-GPS support & Glonass, BDS, GALILEO, QZSS"",""Radio"":1,""Sensors"":""Accelerometer, Compass, Fingerprint (side-mounted), Proximity"",""SideFingerPrint"":1,""USB"":""USB Type-C 2.0, OTG"",""WLAN"":""Wi-Fi 802.11 a/b/g/n/ac, dual-band""},""Launch"":{""Announced"":null,""Status"":null},""Main Camera"":{""Features"":""panorama, HDR, Video (1080p@30fps)"",""Specifications"":[""Dual Camera: 13 MP"",""AI, LED Flash""],""Video"":[""1080p@30fps""]},""Memory"":{""Card slot"":""microSD Card"",""Technology"":""128GB Built-in, 6GB RAM"",""Types"":[""128GB Built-in"",""6GB RAM""]},""MobileName"":""Oppo A6k 6GB"",""Network"":{""2G"":1,""3G"":1,""4G"":1,""5G"":0},""Platform"":{""CPU"":""2.8 Ghz Octa Core"",""Chipset"":""Qualcomm SM6225 Snapdragon 685 (6 nm)"",""GPU"":""Adreno 610"",""OS"":""Android 15 OS""},""Price"":[66999.0],""Selfie Camera"":{""Specifications"":[""5 MP""],""Video"":[""5 MP""]},""Sound"":{""3.5mm jack"":0,""Loudspeaker"":""Speaker Phone""},""Weight"":null}"
8a67707b5e1cd6fdc94015871b2726fe2765eb15d480b076725e895625e40a07,whatmobile,whatmobile.com.pk,whatmobile.com.pk/whatmobile__Oppo_A6k-8GB.json,https://www.whatmobile.com.pk/Oppo_A6k-8GB,filename,2026-08-14T07:44:42+00:00,Oppo A6k 8GB,true,true,true,false,,,166.61 x 78.51 x 8.61 mm,205 g,"IP64 dust & water resistance, Photo/video editor, Document viewer",Nano-SIM + Nano-SIM,"IP64 dust & water resistance, Photo/video editor, Document viewer",IPS LCD Capacitive Touchscreen,6.75 Inches,720 x 1570 Pixels (~256 PPI),,Android 15 OS,Qualcomm SM6225 Snapdragon 685 (6 nm),2.8 Ghz Octa Core,Adreno 610,microSD Card,"[""128GB Built-in"",""8GB RAM""]","128GB Built-in, 8GB RAM","[""Dual Camera: 13 MP"",""AI, LED Flash""]","panorama, HDR, Video (1080p@30fps)","[""1080p@30fps""]","[""5 MP""]",,"[""5 MP""]",Speaker Phone,false,"Wi-Fi 802.11 a/b/g/n/ac, dual-band","v5.0 with A2DP, LE","Yes + A-GPS support & Glonass, BDS, GALILEO, QZSS",false,false,true,"USB Type-C 2.0, OTG",false,true,false,"Accelerometer, Compass, Fingerprint (side-mounted), Proximity",6100 mAh,false,"[""- Battery charging 15W wired""]","[""Plume Purple"",""Ice Blue""]",Weight Unknown,[69999.0],0.87500,ab400198e1a8a6513ac8850ac96425417c76b6ca740b059692d58fff0b275817,"{""Battery"":{""Capacity"":""6100 mAh"",""Charging"":[""- Battery charging 15W wired""],""WirelessCharging"":0},""Body"":{""Build"":""IP64 dust & water resistance, Photo/video editor, Document viewer"",""Dimensions"":""166.61 x 78.51 x 8.61 mm"",""Protection"":""IP64 dust & water resistance, Photo/video editor, Document viewer"",""SIM"":""Nano-SIM + Nano-SIM"",""Weight"":""205 g""},""Colors"":[""Plume Purple"",""Ice Blue""],""Display"":{""Protection"":null,""Resolution"":""720 x 1570 Pixels (~256 PPI)"",""Size"":""6.75 Inches"",""Type"":""IPS LCD Capacitive Touchscreen""},""Features"":{""BackFingerPrint"":0,""Bluetooth"":""v5.0 with A2DP, LE"",""InDisplayFingerPrint"":0,""Infrared port"":0,""NFC"":0,""Positioning"":""Yes + A-GPS support & Glonass, BDS, GALILEO, QZSS"",""Radio"":1,""Sensors"":""Accelerometer, Compass, Fingerprint (side-mounted), Proximity"",""SideFingerPrint"":1,""USB"":""USB Type-C 2.0, OTG"",""WLAN"":""Wi-Fi 802.11 a/b/g/n/ac, dual-band""},""Launch"":{""Announced"":null,""Status"":null},""Main Camera"":{""Features"":""panorama, HDR, Video (1080p@30fps)"",""Specifications"":[""Dual Camera: 13 MP"",""AI, LED Flash""],""Video"":[""1080p@30fps""]},""Memory"":{""Card slot"":""microSD Card"",""Technology"":""128GB Built-in, 8GB RAM"",""Types"":[""128GB Built-in"",""8GB RAM""]},""MobileName"":""Oppo A6k 8GB"",""Network"":{""2G"":1,""3G"":1,""4G"":1,""5G"":0},""Platform"":{""CPU"":""2.8 Ghz Octa Core"",""Chipset"":""Qualcomm SM6225 Snapdragon 685 (6 nm)"",""GPU"":""Adreno 610"",""OS"":""Android 15 OS""},""Price"":[69999.0],""Selfie Camera"":{""Specifications"":[""5 MP""],""Video"":[""5 MP""]},""Sound"":{""3.5mm jack"":0,""Loudspeaker"":""Speaker Phone""},""Weight"":null}"
8fec41a82a58529407621ed5f8af6135c7763afdf872bb322280d59698a2c82d,whatmobile,whatmobile.com.pk,whatmobile.com.pk/whatmobile__Oppo_A6s-Pro.json,https://www.whatmobile.com.pk/Oppo_A6s-Pro,filename,2026-08-14T07:44:33+00:00,Oppo A6s Pro,true,true,true,false,,,"158.2 x 75 x 8.18mm (Lumina Forest), 8.21mm (Eclipse Blue)",194 g,"Glass front, plastic frame, plastic back, IP68/IP69K dust-tight and water-resistant (high-pressure water jets; immersible up to 1.5m for 30 min)",Nano-SIM + Nano-SIM,"Glass front, plastic frame, plastic back, IP68/IP69K dust-tight and water-resistant (high-pressure water jets; immersible up to 1.5m for 30 min)","AMOLED Capacitive Touchscreen, 1B Colors",6.57 Inches,1080 x 2372 Pixels (~397 PPI),AGC DT-Star D+,Android 16 OS,MediaTek Helio G100 MAX,Octa-core (2 x 2.2 GHz Cortex-A76 + 6 x 2.0 GHz Cortex-A55),ARM Mali-G57 MP2,microSD Card,"[""256GB Built-in"",""8GB RAM"",""UFS 2.2""]","256GB Built-in, 8GB RAM, UFS 2.2","[""Dual Camera: 50 MP, f/1.8, (wide), PDAF"",""2 MP, LED Flash""]","panorama, HDR, Video (1080p@30/60/120fps)","[""1080p@30/60/120fps""]","[""50 MP, (wide), Panorama""]",,"[""1080p@30fps""]",Speaker Phone,false,"Wi-Fi 802.11 a/b/g/n/ac, dual-band","v5.4 with A2DP, LE, aptX","Yes + A-GPS support & Glonass, BDS, GALILEO, QZSS",true,false,true,"USB Type-C 2.0, OTG",false,false,true,"Accelerometer, Fingerprint (under display, optical), Gyro, Proximity",Li-ion Si-Ca 7000 mAh,false,"[""- Fast battery 80W wired"",""33W PPS"",""13.5W PD"",""5W reverse wired""]","[""Lumina Frost"",""Eclipse Blue""]",Weight Unknown,[99999.0],0.87500,babfd0ffe176fec8ee7fdf524ec98df13d04c514960aa4d4d139465108b4cf3d,"{""Battery"":{""Capacity"":""Li-ion Si-Ca 7000 mAh"",""Charging"":[""- Fast battery 80W wired"",""33W PPS"",""13.5W PD"",""5W reverse wired""],""WirelessCharging"":0},""Body"":{""Build"":""Glass front, plastic frame, plastic back, IP68/IP69K dust-tight and water-resistant (high-pressure water jets; immersible up to 1.5m for 30 min)"",""Dimensions"":""158.2 x 75 x 8.18mm (Lumina Forest), 8.21mm (Eclipse Blue)"",""Protection"":""Glass front, plastic frame, plastic back, IP68/IP69K dust-tight and water-resistant (high-pressure water jets; immersible up to 1.5m for 30 min)"",""SIM"":""Nano-SIM + Nano-SIM"",""Weight"":""194 g""},""Colors"":[""Lumina Frost"",""Eclipse Blue""],""Display"":{""Protection"":""AGC DT-Star D+"",""Resolution"":""1080 x 2372 Pixels (~397 PPI)"",""Size"":""6.57 Inches"",""Type"":""AMOLED Capacitive Touchscreen, 1B Colors""},""Features"":{""BackFingerPrint"":0,""Bluetooth"":""v5.4 with A2DP, LE, aptX"",""InDisplayFingerPrint"":1,""Infrared port"":0,""NFC"":1,""Positioning"":""Yes + A-GPS support & Glonass, BDS, GALILEO, QZSS"",""Radio"":1,""Sensors"":""Accelerometer, Fingerprint (under display, optical), Gyro, Proximity"",""SideFingerPrint"":0,""USB"":""USB Type-C 2.0, OTG"",""WLAN"":""Wi-Fi 802.11 a/b/g/n/ac, dual-band""},""Launch"":{""Announced"":null,""Status"":null},""Main Camera"":{""Features"":""panorama, HDR, Video (1080p@30/60/120fps)"",""Specifications"":[""Dual Camera: 50 MP, f/1.8, (wide), PDAF"",""2 MP, LED Flash""],""Video"":[""1080p@30/60/120fps""]},""Memory"":{""Card slot"":""microSD Card"",""Technology"":""256GB Built-in, 8GB RAM, UFS 2.2"",""Types"":[""256GB Built-in"",""8GB RAM"",""UFS 2.2""]},""MobileName"":""Oppo A6s Pro"",""Network"":{""2G"":1,""3G"":1,""4G"":1,""5G"":0},""Platform"":{""CPU"":""Octa-core (2 x 2.2 GHz Cortex-A76 + 6 x 2.0 GHz Cortex-A55)"",""Chipset"":""MediaTek Helio G100 MAX"",""GPU"":""ARM Mali-G57 MP2"",""OS"":""Android 16 OS""},""Price"":[99999.0],""Selfie Camera"":{""Specifications"":[""50 MP, (wide), Panorama""],""Video"":[""1080p@30fps""]},""Sound"":{""3.5mm jack"":0,""Loudspeaker"":""Speaker Phone""},""Weight"":null}"
94ea77d718951f7792deddabceffaf41357916c5ef30b1aef03125e3ba6d27cb,whatmobile,whatmobile.com.pk,whatmobile.com.pk/whatmobile__Oppo_A6x-6GB.json,https://www.whatmobile.com.pk/Oppo_A6x-6GB,filename,2026-08-14T07:44:27+00:00,Oppo A6x 6GB,true,true,true,false,,,166.6 x 78.5 x 8.6 mm,210 g,IP64 dust tight and water resistant (water splashes),Nano-SIM + Nano-SIM,IP64 dust tight and water resistant (water splashes),IPS LCD Capacitive Touchscreen,6.75 Inches,720 x 1570 Pixels (~256 PPI),,Android 15 OS,Qualcomm SM6225 Snapdragon 685 (6 nm),Octa-core (4 x 2.8 GHz Cortex-A73 + 4 x 1.9 GHz Cortex-A53),Adreno 610,"microSD Card, (supports up to 256GB)","[""128GB Built-in"",""6GB RAM"",""UFS 2.2""]","128GB Built-in, 6GB RAM, UFS 2.2","[""13 MP, f/2.2, (wide), AF, LED Flash""]","HDR, Panorama, Video (1080p@30/60fps)","[""1080p@30/60fps""]","[""5 MP, f/2.2, (wide)""]",,"[""1080p@30fps""]","3.5mm Audio Jack, Speaker Phone",true,"Wi-Fi 802.11 a/b/g/n/ac, dual-band","v5.0 with A2DP, LE","Yes + A-GPS support & Glonass, BDS, GALILEO, QZSS",false,false,true,"USB Type-C 2.0, OTG",false,true,false,"Accelerometer, Compass, Fingerprint (side-mounted), Proximity",6500 mAh,false,"[""- 5W reverse wired""]","[""Violet Purple"",""Plum Purple""]",Weight Unknown,[46999.0],0.87500,e29e0912550d70216d85bbfd79a9c0055947efc9ade53985215d8ddd8fd18db0,"{""Battery"":{""Capacity"":""6500 mAh"",""Charging"":[""- 5W reverse wired""],""WirelessCharging"":0},""Body"":{""Build"":""IP64 dust tight and water resistant (water splashes)"",""Dimensions"":""166.6 x 78.5 x 8.6 mm"",""Protection"":""IP64 dust tight and water resistant (water splashes)"",""SIM"":""Nano-SIM + Nano-SIM"",""Weight"":""210 g""},""Colors"":[""Violet Purple"",""Plum Purple""],""Display"":{""Protection"":null,""Resolution"":""720 x 1570 Pixels (~256 PPI)"",""Size"":""6.75 Inches"",""Type"":""IPS LCD Capacitive Touchscreen""},""Features"":{""BackFingerPrint"":0,""Bluetooth"":""v5.0 with A2DP, LE"",""InDisplayFingerPrint"":0,""Infrared port"":0,""NFC"":0,""Positioning"":""Yes + A-GPS support & Glonass, BDS, GALILEO, QZSS"",""Radio"":1,""Sensors"":""Accelerometer, Compass, Fingerprint (side-mounted), Proximity"",""SideFingerPrint"":1,""USB"":""USB Type-C 2.0, OTG"",""WLAN"":""Wi-Fi 802.11 a/b/g/n/ac, dual-band""},""Launch"":{""Announced"":null,""Status"":null},""Main Camera"":{""Features"":""HDR, Panorama, Video (1080p@30/60fps)"",""Specifications"":[""13 MP, f/2.2, (wide), AF, LED Flash""],""Video"":[""1080p@30/60fps""]},""Memory"":{""Card slot"":""microSD Card, (supports up to 256GB)"",""Technology"":""128GB Built-in, 6GB RAM, UFS 2.2"",""Types"":[""128GB Built-in"",""6GB RAM"",""UFS 2.2""]},""MobileName"":""Oppo A6x 6GB"",""Network"":{""2G"":1,""3G"":1,""4G"":1,""5G"":0},""Platform"":{""CPU"":""Octa-core (4 x 2.8 GHz Cortex-A73 + 4 x 1.9 GHz Cortex-A53)"",""Chipset"":""Qualcomm SM6225 Snapdragon 685 (6 nm)"",""GPU"":""Adreno 610"",""OS"":""Android 15 OS""},""Price"":[46999.0],""Selfie Camera"":{""Specifications"":[""5 MP, f/2.2, (wide)""],""Video"":[""1080p@30fps""]},""Sound"":{""3.5mm jack"":1,""Loudspeaker"":""3.5mm Audio Jack, Speaker Phone""},""Weight"":null}"
82d40ece4f34e725e49575d906a7efa4a2e474ab05a7fa5dbccf33c906c64718,whatmobile,whatmobile.com.pk,whatmobile.com.pk/whatmobile__Oppo_A6x-8GB.json,https://www.whatmobile.com.pk/Oppo_A6x-8GB,filename,2026-08-14T07:48:20+00:00,Oppo A6x 8GB,true,true,true,false,,,166.6 x 78.5 x 8.6 mm,210 g,IP64 dust tight and water resistant (water splashes),Nano-SIM + Nano-SIM,IP64 dust tight and water resistant (water splashes),IPS LCD Capacitive Touchscreen,6.75 Inches,720 x 1570 Pixels (~256 PPI),,Android 15 OS,Qualcomm SM6225 Snapdragon 685 (6 nm),Octa-core (4 x 2.8 GHz Cortex-A73 + 4 x 1.9 GHz Cortex-A53),Adreno 610,"microSD Card, (supports up to 256GB)","[""128GB Built-in"",""8GB RAM"",""UFS 2.2""]","128GB Built-in, 8GB RAM, UFS 2.2","[""13 MP, f/2.2, (wide), AF, LED Flash""]","HDR, Panorama, Video (1080p@30/60fps)","[""1080p@30/60fps""]","[""5 MP, f/2.2, (wide)""]",,"[""1080p@30fps""]","3.5mm Audio Jack, Speaker Phone",true,"Wi-Fi 802.11 a/b/g/n/ac, dual-band","v5.0 with A2DP, LE","Yes + A-GPS support & Glonass, BDS, GALILEO, QZSS",false,false,true,"USB Type-C 2.0, OTG",false,true,false,"Accelerometer, Compass, Fingerprint (side-mounted), Proximity",6500 mAh,false,"[""- 5W reverse wired""]","[""Violet Purple"",""Plum Purple""]",Weight Unknown,[51999.0],0.87500,f5aa669f01979db6c421e453b2402173786e7f6d61a2e5c0ab4c49c45b7a6c83,"{""Battery"":{""Capacity"":""6500 mAh"",""Charging"":[""- 5W reverse wired""],""WirelessCharging"":0},""Body"":{""Build"":""IP64 dust tight and water resistant (water splashes)"",""Dimensions"":""166.6 x 78.5 x 8.6 mm"",""Protection"":""IP64 dust tight and water resistant (water splashes)"",""SIM"":""Nano-SIM + Nano-SIM"",""Weight"":""210 g""},""Colors"":[""Violet Purple"",""Plum Purple""],""Display"":{""Protection"":null,""Resolution"":""720 x 1570 Pixels (~256 PPI)"",""Size"":""6.75 Inches"",""Type"":""IPS LCD Capacitive Touchscreen""},""Features"":{""BackFingerPrint"":0,""Bluetooth"":""v5.0 with A2DP, LE"",""InDisplayFingerPrint"":0,""Infrared port"":0,""NFC"":0,""Positioning"":""Yes + A-GPS support & Glonass, BDS, GALILEO, QZSS"",""Radio"":1,""Sensors"":""Accelerometer, Compass, Fingerprint (side-mounted), Proximity"",""SideFingerPrint"":1,""USB"":""USB Type-C 2.0, OTG"",""WLAN"":""Wi-Fi 802.11 a/b/g/n/ac, dual-band""},""Launch"":{""Announced"":null,""Status"":null},""Main Camera"":{""Features"":""HDR, Panorama, Video (1080p@30/60fps)"",""Specifications"":[""13 MP, f/2.2, (wide), AF, LED Flash""],""Video"":[""1080p@30/60fps""]},""Memory"":{""Card slot"":""microSD Card, (supports up to 256GB)"",""Technology"":""128GB Built-in, 8GB RAM, UFS 2.2"",""Types"":[""128GB Built-in"",""8GB RAM"",""UFS 2.2""]},""MobileName"":""Oppo A6x 8GB"",""Network"":{""2G"":1,""3G"":1,""4G"":1,""5G"":0},""Platform"":{""CPU"":""Octa-core (4 x 2.8 GHz Cortex-A73 + 4 x 1.9 GHz Cortex-A53)"",""Chipset"":""Qualcomm SM6225 Snapdragon 685 (6 nm)"",""GPU"":""Adreno 610"",""OS"":""Android 15 OS""},""Price"":[51999.0],""Selfie Camera"":{""Specifications"":[""5 MP, f/2.2, (wide)""],""Video"":[""1080p@30fps""]},""Sound"":{""3.5mm jack"":1,""Loudspeaker"":""3.5mm Audio Jack, Speaker Phone""},""Weight"":null}"
7b331861edb5602fac1a04db9ff2811950e6c4dce5b6d0a268768eb3f48a2022,whatmobile,whatmobile.com.pk,whatmobile.com.pk/whatmobile__Oppo_Reno-14-512GB.json,https://www.whatmobile.com.pk/Oppo_Reno-14-512GB,filename,2026-08-14T07:53:21+00:00,Oppo Reno 14 512GB,true,true,true,true,,,157.9 x 74.7 x 7.3 mm,187 g,"Glass front + Gorilla Glass 7i), aluminum alloy frame, glass back",Nano-SIM + Nano-SIM,"Glass front + Gorilla Glass 7i), aluminum alloy frame, glass back","AMOLED Capacitive Touchscreen, 1B Colors",6.59 Inches,1256 x 2760 Pixels (~460 PPI),Corning Gorilla Glass 7i or Crystal Shield Glass,Android 15 OS,Mediatek Dimensity 8350 (4 nm),Octa-core (1 x 3.35 GHz Cortex-A715 + 3 x 3.20 GHz Cortex-A715 + 4 x 2.20 GHz Cortex-A510),Mali G615-MC6,No,"[""512GB Built-in"",""12GB RAM"",""UFS 3.1""]","512GB Built-in, 12GB RAM, UFS 3.1","[""Triple Camera: 50 MP, f/1.8, 26mm (wide), PDAF, OIS"",""50 MP, f/2.8, 80mm (telephoto), PDAF, OIS, 3.5x optical zoom"",""8 MP, f/2.2, 15mm, (ultrawide), 1/4.0\"", AF, LED Flash""]","Color spectrum sensor, HDR, panorama, Video (4K@30/60fps, 1080p@30/60/120fps, gyro-EIS, HDR)","[""4K@30/60fps, 1080p@30/60/120fps, gyro-EIS, HDR""]","[""50 MP, f/2.0, 21mm (wide), AF, Panorama, HDR""]",,"[""4K@30/60fps, 1080p@30/60fps, gyro-EIS, HDR""]",Speaker Phone,false,"Wi-Fi 802.11 a/b/g/n/ac/6e, dual-band","v5.4 with A2DP, LE, aptX HD, LHDC 5","Yes + GPS, GLONASS, GALILEO, BDS, QZSS",true,true,false,"USB Type-C 2.0, OTG",false,false,true,"Accelerometer, Compass, Fingerprint (under display, optical), Gyro, Proximity, BeaconLink calls via bluetooth, up to 200m",6000 mAh,false,"[""- Fast battery 80W wired"",""13.5W PD"",""33W PPS"",""Reverse wired""]","[""Luminous Green"",""Opal White""]",Weight Unknown,[159999.0],0.87500,69e6f59547d602253aa595fbd4aff80541f71fc3693074eada527e04d004363e,"{""Battery"":{""Capacity"":""6000 mAh"",""Charging"":[""- Fast battery 80W wired"",""13.5W PD"",""33W PPS"",""Reverse wired""],""WirelessCharging"":0},""Body"":{""Build"":""Glass front + Gorilla Glass 7i), aluminum alloy frame, glass back"",""Dimensions"":""157.9 x 74.7 x 7.3 mm"",""Protection"":""Glass front + Gorilla Glass 7i), aluminum alloy frame, glass back"",""SIM"":""Nano-SIM + Nano-SIM"",""Weight"":""187 g""},""Colors"":[""Luminous Green"",""Opal White""],""Display"":{""Protection"":""Corning Gorilla Glass 7i or Crystal Shield Glass"",""Resolution"":""1256 x 2760 Pixels (~460 PPI)"",""Size"":""6.59 Inches"",""Type"":""AMOLED Capacitive Touchscreen, 1B Colors""},""Features"":{""BackFingerPrint"":0,""Bluetooth"":""v5.4 with A2DP, LE, aptX HD, LHDC 5"",""InDisplayFingerPrint"":1,""Infrared port"":1,""NFC"":1,""Positioning"":""Yes + GPS, GLONASS, GALILEO, BDS, QZSS"",""Radio"":0,""Sensors"":""Accelerometer, Compass, Fingerprint (under display, optical), Gyro, Proximity, BeaconLink calls via bluetooth, up to 200m"",""SideFingerPrint"":0,""USB"":""USB Type-C 2.0, OTG"",""WLAN"":""Wi-Fi 802.11 a/b/g/n/ac/6e, dual-band""},""Launch"":{""Announced"":null,""Status"":null},""Main Camera"":{""Features"":""Color spectrum sensor, HDR, panorama, Video (4K@30/60fps, 1080p@30/60/120fps, gyro-EIS, HDR)"",""Specifications"":[""Triple Camera: 50 MP, f/1.8, 26mm (wide), PDAF, OIS"",""50 MP, f/2.8, 80mm (telephoto), PDAF, OIS, 3.5x optical zoom"",""8 MP, f/2.2, 15mm, (ultrawide), 1/4.0\"", AF, LED Flash""],""Video"":[""4K@30/60fps, 1080p@30/60/120fps, gyro-EIS, HDR""]},""Memory"":{""Card slot"":""No"",""Technology"":""512GB Built-in, 12GB RAM, UFS 3.1"",""Types"":[""512GB Built-in"",""12GB RAM"",""UFS 3.1""]},""MobileName"":""Oppo Reno 14 512GB"",""Network"":{""2G"":1,""3G"":1,""4G"":1,""5G"":1},""Platform"":{""CPU"":""Octa-core (1 x 3.35 GHz Cortex-A715 + 3 x 3.20 GHz Cortex-A715 + 4 x 2.20 GHz Cortex-A510)"",""Chipset"":""Mediatek Dimensity 8350 (4 nm)"",""GPU"":""Mali G615-MC6"",""OS"":""Android 15 OS""},""Price"":[159999.0],""Selfie Camera"":{""Specifications"":[""50 MP, f/2.0, 21mm (wide), AF, Panorama, HDR""],""Video"":[""4K@30/60fps, 1080p@30/60fps, gyro-EIS, HDR""]},""Sound"":{""3.5mm jack"":0,""Loudspeaker"":""Speaker Phone""},""Weight"":null}"
4b8d2512aaa2a8fc245d0ea0cda7e2100f5284ce2849e5dc70667113713b5c27,whatmobile,whatmobile.com.pk,whatmobile.com.pk/whatmobile__Oppo_Reno-15-512GB.json,https://www.whatmobile.com.pk/Oppo_Reno-15-512GB,filename,2026-08-14T07:47:38+00:00,Oppo Reno 15 512GB,true,true,true,true,,,"158 x 74.8 x 7.77mm (Twilight Blue), 7.89mm (Aurora White)",197 g,"NFC (market/region dependent), Glass front + Gorilla Glass 7i), aluminum frame, glass back, IP68/IP69 dust tight and water resistant (high pressure water jets; immersible up to 1.5m for 30 min)",Nano-SIM + Nano-SIM + eSIM (max 2 at a time),"NFC (market/region dependent), Glass front + Gorilla Glass 7i), aluminum frame, glass back, IP68/IP69 dust tight and water resistant (high pressure water jets; immersible up to 1.5m for 30 min)","AMOLED Capacitive Touchscreen, 1B Colors",6.59 Inches,1256 x 2760 Pixels (~460 PPI),Corning Gorilla Glass 7i,Android 16 OS,Qualcomm SM7750-AB Snapdragon 7 Gen 4 (4 nm),Octa-core (1 x 2.8 GHz Cortex-720 + 4 x 2.4 GHz Cortex-720 + 3 x 1.8 GHz Cortex-520),Adreno 722,No,"[""512GB Built-in"",""12GB RAM"",""UFS 3.1""]","512GB Built-in, 12GB RAM, UFS 3.1","[""Triple Camera: 50 MP, f/1.8, 26mm (wide), PDAF, OIS"",""50 MP, f/2.8, 80mm (telephoto), PDAF, OIS, 3.5x optical zoom"",""8 MP, f/2.2, 15mm, (ultrawide), 1/4.0\"", AF, LED Flash""]","Color spectrum sensor, HDR, panorama, Video (4K@30/60fps, 1080p@30/60/120fps, gyro-EIS, HDR)","[""4K@30/60fps, 1080p@30/60/120fps, gyro-EIS, HDR""]","[""50 MP, f/2.0, 18mm (ultrawide), AF, Panorama, HDR""]",,"[""4K@30/60fps, 1080p@30/60fps, gyro-EIS, HDR""]",Speaker Phone,false,"Wi-Fi 802.11 a/b/g/n/ac, dual-band","v5.4 with A2DP, LE, aptX HD, LHDC 5","Yes + GPS, GLONASS, GALILEO, BDS, QZSS",true,true,false,"USB Type-C 2.0, OTG",false,false,true,"Accelerometer, Compass, Fingerprint (under display, optical), Gyro, Proximity, BeaconLink calls via bluetooth, up to 200m",6500 mAh,false,"[""- Fast battery 80W wired"",""80W UFCS"",""55W PPS"",""13.5W PD"",""13.5W QC"",""100% in 50 min"",""Reverse wired""]","[""Twilight Blue"",""Aurora White""]",Weight Unknown,[189999.0],0.87500,70a8e303960eac2b0f0245ed55f289a5762f9aa91229816626fb569cc6ac6747,"{""Battery"":{""Capacity"":""6500 mAh"",""Charging"":[""- Fast battery 80W wired"",""80W UFCS"",""55W PPS"",""13.5W PD"",""13.5W QC"",""100% in 50 min"",""Reverse wired""],""WirelessCharging"":0},""Body"":{""Build"":""NFC (market/region dependent), Glass front + Gorilla Glass 7i), aluminum frame, glass back, IP68/IP69 dust tight and water resistant (high pressure water jets; immersible up to 1.5m for 30 min)"",""Dimensions"":""158 x 74.8 x 7.77mm (Twilight Blue), 7.89mm (Aurora White)"",""Protection"":""NFC (market/region dependent), Glass front + Gorilla Glass 7i), aluminum frame, glass back, IP68/IP69 dust tight and water resistant (high pressure water jets; immersible up to 1.5m for 30 min)"",""SIM"":""Nano-SIM + Nano-SIM + eSIM (max 2 at a time)"",""Weight"":""197 g""},""Colors"":[""Twilight Blue"",""Aurora White""],""Display"":{""Protection"":""Corning Gorilla Glass 7i"",""Resolution"":""1256 x 2760 Pixels (~460 PPI)"",""Size"":""6.59 Inches"",""Type"":""AMOLED Capacitive Touchscreen, 1B Colors""},""Features"":{""BackFingerPrint"":0,""Bluetooth"":""v5.4 with A2DP, LE, aptX HD, LHDC 5"",""InDisplayFingerPrint"":1,""Infrared port"":1,""NFC"":1,""Positioning"":""Yes + GPS, GLONASS, GALILEO, BDS, QZSS"",""Radio"":0,""Sensors"":""Accelerometer, Compass, Fingerprint (under display, optical), Gyro, Proximity, BeaconLink calls via bluetooth, up to 200m"",""SideFingerPrint"":0,""USB"":""USB Type-C 2.0, OTG"",""WLAN"":""Wi-Fi 802.11 a/b/g/n/ac, dual-band""},""Launch"":{""Announced"":null,""Status"":null},""Main Camera"":{""Features"":""Color spectrum sensor, HDR, panorama, Video (4K@30/60fps, 1080p@30/60/120fps, gyro-EIS, HDR)"",""Specifications"":[""Triple Camera: 50 MP, f/1.8, 26mm (wide), PDAF, OIS"",""50 MP, f/2.8, 80mm (telephoto), PDAF, OIS, 3.5x optical zoom"",""8 MP, f/2.2, 15mm, (ultrawide), 1/4.0\"", AF, LED Flash""],""Video"":[""4K@30/60fps, 1080p@30/60/120fps, gyro-EIS, HDR""]},""Memory"":{""Card slot"":""No"",""Technology"":""512GB Built-in, 12GB RAM, UFS 3.1"",""Types"":[""512GB Built-in"",""12GB RAM"",""UFS 3.1""]},""MobileName"":""Oppo Reno 15 512GB"",""Network"":{""2G"":1,""3G"":1,""4G"":1,""5G"":1},""Platform"":{""CPU"":""Octa-core (1 x 2.8 GHz Cortex-720 + 4 x 2.4 GHz Cortex-720 + 3 x 1.8 GHz Cortex-520)"",""Chipset"":""Qualcomm SM7750-AB Snapdragon 7 Gen 4 (4 nm)"",""GPU"":""Adreno 722"",""OS"":""Android 16 OS""},""Price"":[189999.0],""Selfie Camera"":{""Specifications"":[""50 MP, f/2.0, 18mm (ultrawide), AF, Panorama, HDR""],""Video"":[""4K@30/60fps, 1080p@30/60fps, gyro-EIS, HDR""]},""Sound"":{""3.5mm jack"":0,""Loudspeaker"":""Speaker Phone""},""Weight"":null}"
04cf26efc2467f7d7e62f46e9945dc84d1cead713066faf1c59fb7026daf87f5,whatmobile,whatmobile.com.pk,whatmobile.com.pk/whatmobile__Oppo_Reno-15-Pro.json,https://www.whatmobile.com.pk/Oppo_Reno-15-Pro,filename,2026-08-14T07:53:15+00:00,Oppo Reno 15 Pro,true,true,true,true,,,"151.2 x 72.4 x 7.99mm (Dusk Brown), 8.13mm (Aurora Blue)",187 g,"Glass front + Gorilla Glass 7i), aluminum frame, glass back, IP68/IP69 dust tight and water resistant (high pressure water jets; immersible up to 1.5m for 30 min)",Nano-SIM + Nano-SIM + eSIM (max 2 at a time),"Glass front + Gorilla Glass 7i), aluminum frame, glass back, IP68/IP69 dust tight and water resistant (high pressure water jets; immersible up to 1.5m for 30 min)","AMOLED Capacitive Touchscreen, 1B Colors",6.32 Inches,1216 x 2640 Pixels (~460 PPI),Corning Gorilla Glass 7i,Android 16 OS,Mediatek Dimensity 8450 (4 nm),Octa-core (1 x 3.25 GHz Cortex-A725 + 3 x 3.0 GHz Cortex-A725 + 4 x 2.1 GHz Cortex-A725),Mali-G720 MC7,No,"[""512GB Built-in"",""12GB RAM"",""UFS 3.1""]","512GB Built-in, 12GB RAM, UFS 3.1","[""Triple Camera: 200 MP, f/1.8, 24mm (wide), 1/1.56\"", PDAF, OIS"",""50 MP, f/2.8, 85mm (telephoto), PDAF, OIS, 3.5x optical zoom"",""50 MP, f/2.0, 16mm, (ultrawide), AF, LED Flash""]","Color spectrum sensor, HDR, panorama, Video (4K@30/60fps, 1080p@30/60/120/240/480fps, gyro-EIS, HDR, OIS)","[""4K@30/60fps, 1080p@30/60/120/240/480fps, gyro-EIS, HDR, OIS""]","[""50 MP, f/2.0, 18mm, (ultrawide), AF, Panorama, HDR""]",,"[""4K@30/60fps, 1080p@30/60fps, gyro-EIS, HDR""]","24-bit/192kHz audio, Speaker Phone",false,"Wi-Fi 802.11 a/b/g/n/ac/6e, dual-band","v5.4 with A2DP, LE, aptX HD, LHDC 5","Yes + GPS, GLONASS, GALILEO, BDS, QZSS",true,true,false,"USB Type-C 2.0, OTG",false,false,true,"Accelerometer, Compass, Fingerprint (under display, optical), Gyro, Proximity, BeaconLink calls via bluetooth, up to 200m",6200 mAh,false,"[""- Fast battery 80W wired"",""13.5W PD"",""55W PPS"",""100% in 53 min"",""Reverse wired""]","[""Dusk Brown"",""Aurora Blue""]",Weight Unknown,[249999.0],0.87500,6981404c4539c083a855a35717fae72ac22a31885e3610f4d10f0db753172740,"{""Battery"":{""Capacity"":""6200 mAh"",""Charging"":[""- Fast battery 80W wired"",""13.5W PD"",""55W PPS"",""100% in 53 min"",""Reverse wired""],""WirelessCharging"":0},""Body"":{""Build"":""Glass front + Gorilla Glass 7i), aluminum frame, glass back, IP68/IP69 dust tight and water resistant (high pressure water jets; immersible up to 1.5m for 30 min)"",""Dimensions"":""151.2 x 72.4 x 7.99mm (Dusk Brown), 8.13mm (Aurora Blue)"",""Protection"":""Glass front + Gorilla Glass 7i), aluminum frame, glass back, IP68/IP69 dust tight and water resistant (high pressure water jets; immersible up to 1.5m for 30 min)"",""SIM"":""Nano-SIM + Nano-SIM + eSIM (max 2 at a time)"",""Weight"":""187 g""},""Colors"":[""Dusk Brown"",""Aurora Blue""],""Display"":{""Protection"":""Corning Gorilla Glass 7i"",""Resolution"":""1216 x 2640 Pixels (~460 PPI)"",""Size"":""6.32 Inches"",""Type"":""AMOLED Capacitive Touchscreen, 1B Colors""},""Features"":{""BackFingerPrint"":0,""Bluetooth"":""v5.4 with A2DP, LE, aptX HD, LHDC 5"",""InDisplayFingerPrint"":1,""Infrared port"":1,""NFC"":1,""Positioning"":""Yes + GPS, GLONASS, GALILEO, BDS, QZSS"",""Radio"":0,""Sensors"":""Accelerometer, Compass, Fingerprint (under display, optical), Gyro, Proximity, BeaconLink calls via bluetooth, up to 200m"",""SideFingerPrint"":0,""USB"":""USB Type-C 2.0, OTG"",""WLAN"":""Wi-Fi 802.11 a/b/g/n/ac/6e, dual-band""},""Launch"":{""Announced"":null,""Status"":null},""Main Camera"":{""Features"":""Color spectrum sensor, HDR, panorama, Video (4K@30/60fps, 1080p@30/60/120/240/480fps, gyro-EIS, HDR, OIS)"",""Specifications"":[""Triple Camera: 200 MP, f/1.8, 24mm (wide), 1/1.56\"", PDAF, OIS"",""50 MP, f/2.8, 85mm (telephoto), PDAF, OIS, 3.5x optical zoom"",""50 MP, f/2.0, 16mm, (ultrawide), AF, LED Flash""],""Video"":[""4K@30/60fps, 1080p@30/60/120/240/480fps, gyro-EIS, HDR, OIS""]},""Memory"":{""Card slot"":""No"",""Technology"":""512GB Built-in, 12GB RAM, UFS 3.1"",""Types"":[""512GB Built-in"",""12GB RAM"",""UFS 3.1""]},""MobileName"":""Oppo Reno 15 Pro"",""Network"":{""2G"":1,""3G"":1,""4G"":1,""5G"":1},""Platform"":{""CPU"":""Octa-core (1 x 3.25 GHz Cortex-A725 + 3 x 3.0 GHz Cortex-A725 + 4 x 2.1 GHz Cortex-A725)"",""Chipset"":""Mediatek Dimensity 8450 (4 nm)"",""GPU"":""Mali-G720 MC7"",""OS"":""Android 16 OS""},""Price"":[249999.0],""Selfie Camera"":{""Specifications"":[""50 MP, f/2.0, 18mm, (ultrawide), AF, Panorama, HDR""],""Video"":[""4K@30/60fps, 1080p@30/60fps, gyro-EIS, HDR""]},""Sound"":{""3.5mm jack"":0,""Loudspeaker"":""24-bit/192kHz audio, Speaker Phone""},""Weight"":null}"
2601edd26a87527a49071ec3b6d20e662bc7e35c1149365d4a9e07d208942732,whatmobile,whatmobile.com.pk,whatmobile.com.pk/whatmobile__Oppo_Reno-15F.json,https://www.whatmobile.com.pk/Oppo_Reno-15F,filename,2026-08-14T07:48:40+00:00,Oppo Reno 15F,true,true,true,true,,,"158.2 x 74.9 x 8.14mm (Twilight Blue), 8.27mm (Aurora Blue)",195 g,"NFC (market/region dependent), Glass front (Gorilla Glass+), aluminum frame, glass back (AGC Dragontrail DT-Star D+), IP68/IP69 dust tight and water resistant (high pressure water jets; immersible up to 1.5m for 30 min)",Nano-SIM + Nano-SIM,"NFC (market/region dependent), Glass front (Gorilla Glass+), aluminum frame, glass back (AGC Dragontrail DT-Star D+), IP68/IP69 dust tight and water resistant (high pressure water jets; immersible up to 1.5m for 30 min)","AMOLED Capacitive Touchscreen, 1B Colors",6.57 Inches,1080 x 2372 Pixels (~397 PPI),Corning Gorilla Glass+,Android 16 OS,Qualcomm SM6450 Snapdragon 6 Gen 1 (4 nm),Octa-core (4 x 2.2 GHz Cortex-A78 + 4 x 1.8 GHz Cortex-A55),Adreno 710,microSDXC,"[""256GB Built-in"",""8GB RAM"",""UFS 3.1""]","256GB Built-in, 8GB RAM, UFS 3.1","[""Triple Camera: 50 MP, f/1.8, 26mm (wide), 1/1.95\"", PDAF, OIS"",""8 MP, f/2.2, 16mm, (ultrawide), 1/4.0\"""",""2 MP (macro), Ring-LED flash""]","Color spectrum sensor, LED flash, HDR, panorama, (Afterglow Pink model only), Video (4K@30/60fps, 1080p@30/60/120fps, gyro-EIS, OIS)","[""4K@30/60fps, 1080p@30/60/120fps, gyro-EIS, OIS""]","[""50 MP, f/2.0, 18mm (ultrawide), AF""]",,"[""4K@30fps, 1080p@30fps, gyro-EIS""]","24-bit/192kHz audio, Speaker Phone",false,"Wi-Fi 802.11 a/b/g/n/ac, dual-band","v5.1 with A2DP, LE, aptX HD","Yes + GPS, GLONASS, GALILEO, BDS, QZSS",true,false,true,"USB Type-C 2.0, OTG",false,false,true,"Accelerometer, Compass, Fingerprint (under display, optical), Gyro, Proximity, BeaconLink calls via bluetooth, up to 200m",Li-ion Si-Ca 7000 mAh,false,"[""- Fast battery 80W wired"",""55W PPS"",""13.5W PD/QC"",""100% in 64 min"",""Reverse wired""]","[""Twilight Blue"",""Aurora Blue""]",Weight Unknown,[134999.0],0.87500,f27b937ede33dfac09dcdd88fa633571248aae736d617b82ae4a0f9b8f04d9f0,"{""Battery"":{""Capacity"":""Li-ion Si-Ca 7000 mAh"",""Charging"":[""- Fast battery 80W wired"",""55W PPS"",""13.5W PD/QC"",""100% in 64 min"",""Reverse wired""],""WirelessCharging"":0},""Body"":{""Build"":""NFC (market/region dependent), Glass front (Gorilla Glass+), aluminum frame, glass back (AGC Dragontrail DT-Star D+), IP68/IP69 dust tight and water resistant (high pressure water jets; immersible up to 1.5m for 30 min)"",""Dimensions"":""158.2 x 74.9 x 8.14mm (Twilight Blue), 8.27mm (Aurora Blue)"",""Protection"":""NFC (market/region dependent), Glass front (Gorilla Glass+), aluminum frame, glass back (AGC Dragontrail DT-Star D+), IP68/IP69 dust tight and water resistant (high pressure water jets; immersible up to 1.5m for 30 min)"",""SIM"":""Nano-SIM + Nano-SIM"",""Weight"":""195 g""},""Colors"":[""Twilight Blue"",""Aurora Blue""],""Display"":{""Protection"":""Corning Gorilla Glass+"",""Resolution"":""1080 x 2372 Pixels (~397 PPI)"",""Size"":""6.57 Inches"",""Type"":""AMOLED Capacitive Touchscreen, 1B Colors""},""Features"":{""BackFingerPrint"":0,""Bluetooth"":""v5.1 with A2DP, LE, aptX HD"",""InDisplayFingerPrint"":1,""Infrared port"":0,""NFC"":1,""Positioning"":""Yes + GPS, GLONASS, GALILEO, BDS, QZSS"",""Radio"":1,""Sensors"":""Accelerometer, Compass, Fingerprint (under display, optical), Gyro, Proximity, BeaconLink calls via bluetooth, up to 200m"",""SideFingerPrint"":0,""USB"":""USB Type-C 2.0, OTG"",""WLAN"":""Wi-Fi 802.11 a/b/g/n/ac, dual-band""},""Launch"":{""Announced"":null,""Status"":null},""Main Camera"":{""Features"":""Color spectrum sensor, LED flash, HDR, panorama, (Afterglow Pink model only), Video (4K@30/60fps, 1080p@30/60/120fps, gyro-EIS, OIS)"",""Specifications"":[""Triple Camera: 50 MP, f/1.8, 26mm (wide), 1/1.95\"", PDAF, OIS"",""8 MP, f/2.2, 16mm, (ultrawide), 1/4.0\"""",""2 MP (macro), Ring-LED flash""],""Video"":[""4K@30/60fps, 1080p@30/60/120fps, gyro-EIS, OIS""]},""Memory"":{""Card slot"":""microSDXC"",""Technology"":""256GB Built-in, 8GB RAM, UFS 3.1"",""Types"":[""256GB Built-in"",""8GB RAM"",""UFS 3.1""]},""MobileName"":""Oppo Reno 15F"",""Network"":{""2G"":1,""3G"":1,""4G"":1,""5G"":1},""Platform"":{""CPU"":""Octa-core (4 x 2.2 GHz Cortex-A78 + 4 x 1.8 GHz Cortex-A55)"",""Chipset"":""Qualcomm SM6450 Snapdragon 6 Gen 1 (4 nm)"",""GPU"":""Adreno 710"",""OS"":""Android 16 OS""},""Price"":[134999.0],""Selfie Camera"":{""Specifications"":[""50 MP, f/2.0, 18mm (ultrawide), AF""],""Video"":[""4K@30fps, 1080p@30fps, gyro-EIS""]},""Sound"":{""3.5mm jack"":0,""Loudspeaker"":""24-bit/192kHz audio, Speaker Phone""},""Weight"":null}"
dd20c46956095267896777241f11412448f591aacde3bbe59275a7461a916797,whatmobile,whatmobile.com.pk,whatmobile.com.pk/whatmobile__Realme_16-Pro-Plus.json,https://www.whatmobile.com.pk/Realme_16-Pro-Plus,filename,2026-08-14T07:50:00+00:00,Realme 16 Pro Plus,true,true,true,true,,,162.5 x 76.3 x 8.49 mm,198 g,"Glass front, aluminum alloy frame, plastic back or silicone polymer back (eco leather), IP68/IP69K dust tight and water resistant (high pressure water jets; immersible up to 2m for 30 min)",Nano-SIM + Nano-SIM,"Glass front, aluminum alloy frame, plastic back or silicone polymer back (eco leather), IP68/IP69K dust tight and water resistant (high pressure water jets; immersible up to 2m for 30 min)","AMOLED Capacitive Touchscreen, 1B Colors",6.8 Inches,1280 x 2800 Pixels (~453 PPI),"Corning Gorilla Glass 7i, Mohs level 6","Android 16 OS, up to 3 major Android upgrades",Qualcomm SM7750-AB Snapdragon 7 Gen 4 (4 nm),Octa-core (1 x 2.8 GHz Cortex-720 + 4 x 2.4 GHz Cortex-720 + 3 x 1.8 GHz Cortex-520),Adreno 722,No,"[""512GB Built-in"",""12GB RAM"",""UFS 3.1""]","512GB Built-in, 12GB RAM, UFS 3.1","[""Triple Camera: 200 MP, f/1.9, 23mm (wide), 1/1.56\"", dual-pixel PDAF, OIS"",""50 MP, f/2.8, (periscope telephoto), 1/2.76\"", PDAF, OIS, 3.5 optical zoom"",""8 MP, (ultrawide), 1/4.0\"", AF, LED Flash""]","HDR, Panorama, Video (4K@24/30/60fps, 1080p@24/30/60/120fps, HDR, gyro-EIS, OIS)","[""4K@24/30/60fps, 1080p@24/30/60/120fps, HDR, gyro-EIS, OIS""]","[""50 MP, f/2.4, 23mm (wide), 1/2.88, Panorama""]",,"[""4K@30/60fps, 1080p@30/60fps, HDR""]",Speaker Phone,false,"Wi-Fi 802.11 a/b/g/n/ac/6, dual-band","v5.4 with A2DP, LE,aptX HD, LHDC 5","Yes + A-GPS support & Glonass, BDS",true,true,false,"USB Type-C 2.0, OTG",false,false,true,"Accelerometer, Compass, Fingerprint (under display, optical), Gyro, Proximity",Li-ion Si-Ca 7000 mAh,false,"[""- Fast battery 80W wired"",""55W PPS"",""13.5W PD/QC"",""Reverse wired"",""Bypass Charging""]","[""Master Gold"",""Master Grey""]",Weight Unknown,[199999.0],0.87500,976f010c8a53e9e2d53451f130c65d3b0560529454632e8eac720de143418243,"{""Battery"":{""Capacity"":""Li-ion Si-Ca 7000 mAh"",""Charging"":[""- Fast battery 80W wired"",""55W PPS"",""13.5W PD/QC"",""Reverse wired"",""Bypass Charging""],""WirelessCharging"":0},""Body"":{""Build"":""Glass front, aluminum alloy frame, plastic back or silicone polymer back (eco leather), IP68/IP69K dust tight and water resistant (high pressure water jets; immersible up to 2m for 30 min)"",""Dimensions"":""162.5 x 76.3 x 8.49 mm"",""Protection"":""Glass front, aluminum alloy frame, plastic back or silicone polymer back (eco leather), IP68/IP69K dust tight and water resistant (high pressure water jets; immersible up to 2m for 30 min)"",""SIM"":""Nano-SIM + Nano-SIM"",""Weight"":""198 g""},""Colors"":[""Master Gold"",""Master Grey""],""Display"":{""Protection"":""Corning Gorilla Glass 7i, Mohs level 6"",""Resolution"":""1280 x 2800 Pixels (~453 PPI)"",""Size"":""6.8 Inches"",""Type"":""AMOLED Capacitive Touchscreen, 1B Colors""},""Features"":{""BackFingerPrint"":0,""Bluetooth"":""v5.4 with A2DP, LE,aptX HD, LHDC 5"",""InDisplayFingerPrint"":1,""Infrared port"":1,""NFC"":1,""Positioning"":""Yes + A-GPS support & Glonass, BDS"",""Radio"":0,""Sensors"":""Accelerometer, Compass, Fingerprint (under display, optical), Gyro, Proximity"",""SideFingerPrint"":0,""USB"":""USB Type-C 2.0, OTG"",""WLAN"":""Wi-Fi 802.11 a/b/g/n/ac/6, dual-band""},""Launch"":{""Announced"":null,""Status"":null},""Main Camera"":{""Features"":""HDR, Panorama, Video (4K@24/30/60fps, 1080p@24/30/60/120fps, HDR, gyro-EIS, OIS)"",""Specifications"":[""Triple Camera: 200 MP, f/1.9, 23mm (wide), 1/1.56\"", dual-pixel PDAF, OIS"",""50 MP, f/2.8, (periscope telephoto), 1/2.76\"", PDAF, OIS, 3.5 optical zoom"",""8 MP, (ultrawide), 1/4.0\"", AF, LED Flash""],""Video"":[""4K@24/30/60fps, 1080p@24/30/60/120fps, HDR, gyro-EIS, OIS""]},""Memory"":{""Card slot"":""No"",""Technology"":""512GB Built-in, 12GB RAM, UFS 3.1"",""Types"":[""512GB Built-in"",""12GB RAM"",""UFS 3.1""]},""MobileName"":""Realme 16 Pro Plus"",""Network"":{""2G"":1,""3G"":1,""4G"":1,""5G"":1},""Platform"":{""CPU"":""Octa-core (1 x 2.8 GHz Cortex-720 + 4 x 2.4 GHz Cortex-720 + 3 x 1.8 GHz Cortex-520)"",""Chipset"":""Qualcomm SM7750-AB Snapdragon 7 Gen 4 (4 nm)"",""GPU"":""Adreno 722"",""OS"":""Android 16 OS, up to 3 major Android upgrades""},""Price"":[199999.0],""Selfie Camera"":{""Specifications"":[""50 MP, f/2.4, 23mm (wide), 1/2.88, Panorama""],""Video"":[""4K@30/60fps, 1080p@30/60fps, HDR""]},""Sound"":{""3.5mm jack"":0,""Loudspeaker"":""Speaker Phone""},""Weight"":null}"
8a1b4e658a4924becc155ade37432f6ada5aa66ed5eb4bfdbe2038c8bf7f587c,whatmobile,whatmobile.com.pk,whatmobile.com.pk/whatmobile__Realme_16-Pro.json,https://www.whatmobile.com.pk/Realme_16-Pro,filename,2026-08-14T07:50:07+00:00,Realme 16 Pro,true,true,true,true,,,162.6 x 77.6 x 7.8 mm,192 g,"NFC (market/region dependent), Glass front, plastic frame, plastic back or silicone polymer back (eco leather), IP68/IP69K dust tight and water resistant (high pressure water jets; immersible up to 2m for 30 min)",Nano-SIM + Nano-SIM,"NFC (market/region dependent), Glass front, plastic frame, plastic back or silicone polymer back (eco leather), IP68/IP69K dust tight and water resistant (high pressure water jets; immersible up to 2m for 30 min)","AMOLED Capacitive Touchscreen, 1B Colors",6.78 Inches,1272 x 2772 Pixels (~450 PPI),AGC DT star D+,"Android 16 OS, up to 3 major Android upgrades",Mediatek Dimensity 7300 Max (4 nm),Octa-core (4 x 2.5 GHz Cortex-A78 + 4 x 2.0 GHz Cortex-A55),Mali-G615 MC2,No,"[""512GB Built-in"",""12GB RAM"",""UFS 3.1""]","512GB Built-in, 12GB RAM, UFS 3.1","[""Dual Camera: 200 MP, f/1.9, 23mm (wide), 1/1.56\"", dual-pixel PDAF, OIS"",""8 MP, (ultrawide), 1/4.0\"", LED Flash""]","HDR, Panorama, Video (4K@30fps, 1080p@30/60/120fps, HDR, gyro-EIS, OIS)","[""4K@30fps, 1080p@30/60/120fps, HDR, gyro-EIS, OIS""]","[""50 MP, f/2.4, 23mm (wide), 1/2.88, Panorama""]",,"[""4K@30fps, 1080p@30/60fps, HDR""]",Speaker Phone,false,"Wi-Fi 802.11 a/b/g/n/ac, dual-band","v5.4 with A2DP, LE, aptX HD, LHDC 5","Yes + A-GPS support & Glonass, BDS",true,true,false,"USB Type-C 2.0, OTG",false,false,true,"Accelerometer, Compass, Fingerprint (under display, optical), Gyro, Proximity",Li-ion Si-Ca 7000 mAh,false,"[""- Fast battery 80W wired"",""55W PPS，13.5W PD2.0，10W BC1.2"",""Reverse wired"",""Bypass Charging""]","[""Orchid Purple"",""Pebble Grey""]",Weight Unknown,[169999.0],0.87500,8b034d1e01c5be575dba4f351bd3ee92e736472068e04b459e5e456e6fa04fee,"{""Battery"":{""Capacity"":""Li-ion Si-Ca 7000 mAh"",""Charging"":[""- Fast battery 80W wired"",""55W PPS，13.5W PD2.0，10W BC1.2"",""Reverse wired"",""Bypass Charging""],""WirelessCharging"":0},""Body"":{""Build"":""NFC (market/region dependent), Glass front, plastic frame, plastic back or silicone polymer back (eco leather), IP68/IP69K dust tight and water resistant (high pressure water jets; immersible up to 2m for 30 min)"",""Dimensions"":""162.6 x 77.6 x 7.8 mm"",""Protection"":""NFC (market/region dependent), Glass front, plastic frame, plastic back or silicone polymer back (eco leather), IP68/IP69K dust tight and water resistant (high pressure water jets; immersible up to 2m for 30 min)"",""SIM"":""Nano-SIM + Nano-SIM"",""Weight"":""192 g""},""Colors"":[""Orchid Purple"",""Pebble Grey""],""Display"":{""Protection"":""AGC DT star D+"",""Resolution"":""1272 x 2772 Pixels (~450 PPI)"",""Size"":""6.78 Inches"",""Type"":""AMOLED Capacitive Touchscreen, 1B Colors""},""Features"":{""BackFingerPrint"":0,""Bluetooth"":""v5.4 with A2DP, LE, aptX HD, LHDC 5"",""InDisplayFingerPrint"":1,""Infrared port"":1,""NFC"":1,""Positioning"":""Yes + A-GPS support & Glonass, BDS"",""Radio"":0,""Sensors"":""Accelerometer, Compass, Fingerprint (under display, optical), Gyro, Proximity"",""SideFingerPrint"":0,""USB"":""USB Type-C 2.0, OTG"",""WLAN"":""Wi-Fi 802.11 a/b/g/n/ac, dual-band""},""Launch"":{""Announced"":null,""Status"":null},""Main Camera"":{""Features"":""HDR, Panorama, Video (4K@30fps, 1080p@30/60/120fps, HDR, gyro-EIS, OIS)"",""Specifications"":[""Dual Camera: 200 MP, f/1.9, 23mm (wide), 1/1.56\"", dual-pixel PDAF, OIS"",""8 MP, (ultrawide), 1/4.0\"", LED Flash""],""Video"":[""4K@30fps, 1080p@30/60/120fps, HDR, gyro-EIS, OIS""]},""Memory"":{""Card slot"":""No"",""Technology"":""512GB Built-in, 12GB RAM, UFS 3.1"",""Types"":[""512GB Built-in"",""12GB RAM"",""UFS 3.1""]},""MobileName"":""Realme 16 Pro"",""Network"":{""2G"":1,""3G"":1,""4G"":1,""5G"":1},""Platform"":{""CPU"":""Octa-core (4 x 2.5 GHz Cortex-A78 + 4 x 2.0 GHz Cortex-A55)"",""Chipset"":""Mediatek Dimensity 7300 Max (4 nm)"",""GPU"":""Mali-G615 MC2"",""OS"":""Android 16 OS, up to 3 major Android upgrades""},""Price"":[169999.0],""Selfie Camera"":{""Specifications"":[""50 MP, f/2.4, 23mm (wide), 1/2.88, Panorama""],""Video"":[""4K@30fps, 1080p@30/60fps, HDR""]},""Sound"":{""3.5mm jack"":0,""Loudspeaker"":""Speaker Phone""},""Weight"":null}"
671cece05efe4ce2f9804669b1ad946753c41f843953429c027d0e6c4353638e,whatmobile,whatmobile.com.pk,whatmobile.com.pk/whatmobile__Realme_C100i-128GB.json,https://www.whatmobile.com.pk/Realme_C100i-128GB,filename,2026-08-14T07:42:20+00:00,Realme C100i 128GB,true,true,true,false,,,166.5 x 78.2 x 8.4 mm,208 g,"Glass front, plastic frame, plastic back, IP64 dust tight and water resistant (water splashes) Drop resistant up to 2m",Nano-SIM + Nano-SIM,"Glass front, plastic frame, plastic back, IP64 dust tight and water resistant (water splashes) Drop resistant up to 2m",IPS LCD Capacitive Touchscreen,6.8 Inches,720 x 1570 Pixels (~254 PPI),Panda MN228 or Corning Gorilla Glass,Android 16 OS,Unisoc T7250 (12 nm),Octa-core (2 x 1.8 GHz Cortex-A75 + 6 x 1.6 GHz Cortex-A55),Mali-G57 MP1,microSDXC,"[""128GB Built-in"",""4GB RAM"",""eMMC 5.1""]","128GB Built-in, 4GB RAM, eMMC 5.1","[""8 MP, f/2.0, (wide), AF, LED Flash""]","HDR, panorama, Video (1080p@30fps)","[""1080p@30fps""]","[""5 MP, f/2.2, (wide)""]",,"[""720p@30fps""]","3.5mm Audio Jack, Speaker Phone",true,"Wi-Fi 802.11 a/b/g/n/ac, dual-band","v5.2 with A2DP, LE","Yes + A-GPS support, & GALILEO, GLONASS, BDS",true,false,true,"USB Type-C 2.0, OTG",false,false,false,"Accelerometer, Compass, Fingerprint, Proximity",Li-ion Si-Ca 7000 mAh,false,"[""- 15W wired"",""PD"",""QC"",""Reverse wired""]","[""Dawn Purple"",""Dusk Gray""]",Weight Unknown,[46999.0],0.87500,36758ecaeec4bbc5ea99eb5be41e5d475eac6c577d9b8f9a727db2af538ff003,"{""Battery"":{""Capacity"":""Li-ion Si-Ca 7000 mAh"",""Charging"":[""- 15W wired"",""PD"",""QC"",""Reverse wired""],""WirelessCharging"":0},""Body"":{""Build"":""Glass front, plastic frame, plastic back, IP64 dust tight and water resistant (water splashes) Drop resistant up to 2m"",""Dimensions"":""166.5 x 78.2 x 8.4 mm"",""Protection"":""Glass front, plastic frame, plastic back, IP64 dust tight and water resistant (water splashes) Drop resistant up to 2m"",""SIM"":""Nano-SIM + Nano-SIM"",""Weight"":""208 g""},""Colors"":[""Dawn Purple"",""Dusk Gray""],""Display"":{""Protection"":""Panda MN228 or Corning Gorilla Glass"",""Resolution"":""720 x 1570 Pixels (~254 PPI)"",""Size"":""6.8 Inches"",""Type"":""IPS LCD Capacitive Touchscreen""},""Features"":{""BackFingerPrint"":0,""Bluetooth"":""v5.2 with A2DP, LE"",""InDisplayFingerPrint"":0,""Infrared port"":0,""NFC"":1,""Positioning"":""Yes + A-GPS support, & GALILEO, GLONASS, BDS"",""Radio"":1,""Sensors"":""Accelerometer, Compass, Fingerprint, Proximity"",""SideFingerPrint"":0,""USB"":""USB Type-C 2.0, OTG"",""WLAN"":""Wi-Fi 802.11 a/b/g/n/ac, dual-band""},""Launch"":{""Announced"":null,""Status"":null},""Main Camera"":{""Features"":""HDR, panorama, Video (1080p@30fps)"",""Specifications"":[""8 MP, f/2.0, (wide), AF, LED Flash""],""Video"":[""1080p@30fps""]},""Memory"":{""Card slot"":""microSDXC"",""Technology"":""128GB Built-in, 4GB RAM, eMMC 5.1"",""Types"":[""128GB Built-in"",""4GB RAM"",""eMMC 5.1""]},""MobileName"":""Realme C100i 128GB"",""Network"":{""2G"":1,""3G"":1,""4G"":1,""5G"":0},""Platform"":{""CPU"":""Octa-core (2 x 1.8 GHz Cortex-A75 + 6 x 1.6 GHz Cortex-A55)"",""Chipset"":""Unisoc T7250 (12 nm)"",""GPU"":""Mali-G57 MP1"",""OS"":""Android 16 OS""},""Price"":[46999.0],""Selfie Camera"":{""Specifications"":[""5 MP, f/2.2, (wide)""],""Video"":[""720p@30fps""]},""Sound"":{""3.5mm jack"":1,""Loudspeaker"":""3.5mm Audio Jack, Speaker Phone""},""Weight"":null}"
2e14abf32d6ca77541ef662ffa6ca8b5ffe790b6a69c038b33a37ec6934973e4,whatmobile,whatmobile.com.pk,whatmobile.com.pk/whatmobile__Realme_C100i-6GB.json,https://www.whatmobile.com.pk/Realme_C100i-6GB,filename,2026-08-14T07:42:14+00:00,Realme C100i 6GB,true,true,true,false,,,166.5 x 78.2 x 8.4 mm,208 g,"Glass front, plastic frame, plastic back, IP64 dust tight and water resistant (water splashes) Drop resistant up to 2m",Nano-SIM + Nano-SIM,"Glass front, plastic frame, plastic back, IP64 dust tight and water resistant (water splashes) Drop resistant up to 2m",IPS LCD Capacitive Touchscreen,6.8 Inches,720 x 1570 Pixels (~254 PPI),Panda MN228 or Corning Gorilla Glass,Android 16 OS,Unisoc T7250 (12 nm),Octa-core (2 x 1.8 GHz Cortex-A75 + 6 x 1.6 GHz Cortex-A55),Mali-G57 MP1,microSDXC,"[""128GB Built-in"",""6GB RAM"",""eMMC 5.1""]","128GB Built-in, 6GB RAM, eMMC 5.1","[""8 MP, f/2.0, (wide), AF, LED Flash""]","HDR, panorama, Video (1080p@30fps)","[""1080p@30fps""]","[""5 MP, f/2.2, (wide)""]",,"[""720p@30fps""]","3.5mm Audio Jack, Speaker Phone",true,"Wi-Fi 802.11 a/b/g/n/ac, dual-band","v5.2 with A2DP, LE","Yes + A-GPS support, & GALILEO, GLONASS, BDS",true,false,true,"USB Type-C 2.0, OTG",false,false,false,"Accelerometer, Compass, Fingerprint, Proximity",Li-ion Si-Ca 7000 mAh,false,"[""- 15W wired"",""PD"",""QC"",""Reverse wired""]","[""Dawn Purple"",""Dusk Gray""]",Weight Unknown,[56999.0],0.87500,98caec1e53380265305ac7251c822456909123fbf0818a2d9fe775b9dbf6e332,"{""Battery"":{""Capacity"":""Li-ion Si-Ca 7000 mAh"",""Charging"":[""- 15W wired"",""PD"",""QC"",""Reverse wired""],""WirelessCharging"":0},""Body"":{""Build"":""Glass front, plastic frame, plastic back, IP64 dust tight and water resistant (water splashes) Drop resistant up to 2m"",""Dimensions"":""166.5 x 78.2 x 8.4 mm"",""Protection"":""Glass front, plastic frame, plastic back, IP64 dust tight and water resistant (water splashes) Drop resistant up to 2m"",""SIM"":""Nano-SIM + Nano-SIM"",""Weight"":""208 g""},""Colors"":[""Dawn Purple"",""Dusk Gray""],""Display"":{""Protection"":""Panda MN228 or Corning Gorilla Glass"",""Resolution"":""720 x 1570 Pixels (~254 PPI)"",""Size"":""6.8 Inches"",""Type"":""IPS LCD Capacitive Touchscreen""},""Features"":{""BackFingerPrint"":0,""Bluetooth"":""v5.2 with A2DP, LE"",""InDisplayFingerPrint"":0,""Infrared port"":0,""NFC"":1,""Positioning"":""Yes + A-GPS support, & GALILEO, GLONASS, BDS"",""Radio"":1,""Sensors"":""Accelerometer, Compass, Fingerprint, Proximity"",""SideFingerPrint"":0,""USB"":""USB Type-C 2.0, OTG"",""WLAN"":""Wi-Fi 802.11 a/b/g/n/ac, dual-band""},""Launch"":{""Announced"":null,""Status"":null},""Main Camera"":{""Features"":""HDR, panorama, Video (1080p@30fps)"",""Specifications"":[""8 MP, f/2.0, (wide), AF, LED Flash""],""Video"":[""1080p@30fps""]},""Memory"":{""Card slot"":""microSDXC"",""Technology"":""128GB Built-in, 6GB RAM, eMMC 5.1"",""Types"":[""128GB Built-in"",""6GB RAM"",""eMMC 5.1""]},""MobileName"":""Realme C100i 6GB"",""Network"":{""2G"":1,""3G"":1,""4G"":1,""5G"":0},""Platform"":{""CPU"":""Octa-core (2 x 1.8 GHz Cortex-A75 + 6 x 1.6 GHz Cortex-A55)"",""Chipset"":""Unisoc T7250 (12 nm)"",""GPU"":""Mali-G57 MP1"",""OS"":""Android 16 OS""},""Price"":[56999.0],""Selfie Camera"":{""Specifications"":[""5 MP, f/2.2, (wide)""],""Video"":[""720p@30fps""]},""Sound"":{""3.5mm jack"":1,""Loudspeaker"":""3.5mm Audio Jack, Speaker Phone""},""Weight"":null}"
db9277edba0a3f4bf3457f3b2935a5b1d11599fb22b578534685fc14fc6684b8,whatmobile,whatmobile.com.pk,whatmobile.com.pk/whatmobile__Realme_C85-256GB.json,https://www.whatmobile.com.pk/Realme_C85-256GB,filename,2026-08-14T07:48:13+00:00,Realme C85 256GB,true,true,true,true,,,166.1 x 77.9 x 8.4 mm,215 g,"NFC (market/region dependent), IP68/IP69K dust tight and water resistant (high pressure water jets; immersible up to 6m for 30 min), RGB notification (on the back), Photo/video editor, Document viewer",Nano-SIM + Nano-SIM,"NFC (market/region dependent), IP68/IP69K dust tight and water resistant (high pressure water jets; immersible up to 6m for 30 min), RGB notification (on the back), Photo/video editor, Document viewer",IPS LCD Capacitive Touchscreen,6.8 Inches,720 x 1560 Pixels (~253 PPI),,Android 15 OS,Mediatek Dimensity 6300 (6 nm),Octa-core (2 x 2.4 GHz Cortex-A76 + 6 x 2.0 GHz Cortex-A55),Mali-G57 MP2,microSDXC (uses shared SIM slot),"[""256GB Built-in"",""8GB RAM""]","256GB Built-in, 8GB RAM","[""Single Camera: 50 MP, f/1.8, 28mm (wide), 1/2.96\"", PDAF, LED Flash""]","HDR, panorama, Video (1080p@30/120fps)","[""1080p@30/120fps""]","[""8 MP, f/2.0, 26mm (wide), 1/4.0""]",,"[""8 MP, f/2.0, 26mm (wide"","", 1/4.0""]","3.5mm Audio Jack, Speaker Phone",true,"Wi-Fi 802.11 a/b/g/n/ac, dual-band","v5.3 with A2DP, LE","Yes + A-GPS support, & GLONASS, BDS, GALILEO, QZSS",true,false,true,"USB Type-C 2.0, OTG",false,true,false,"Accelerometer, Compass, Fingerprint (side-mounted), Gyro, Proximity",Li-ion Si-Ca 7000 mAh,false,"[""- Fast charging 45W wired"",""Reverse wired"",""Bypass charging""]","[""Green"",""Purple""]",Weight Unknown,[64999.0],0.87500,eaaf089b575767c9a636696595bafdf9ce39ec7c9211e3940d49a15c8ab5b1e6,"{""Battery"":{""Capacity"":""Li-ion Si-Ca 7000 mAh"",""Charging"":[""- Fast charging 45W wired"",""Reverse wired"",""Bypass charging""],""WirelessCharging"":0},""Body"":{""Build"":""NFC (market/region dependent), IP68/IP69K dust tight and water resistant (high pressure water jets; immersible up to 6m for 30 min), RGB notification (on the back), Photo/video editor, Document viewer"",""Dimensions"":""166.1 x 77.9 x 8.4 mm"",""Protection"":""NFC (market/region dependent), IP68/IP69K dust tight and water resistant (high pressure water jets; immersible up to 6m for 30 min), RGB notification (on the back), Photo/video editor, Document viewer"",""SIM"":""Nano-SIM + Nano-SIM"",""Weight"":""215 g""},""Colors"":[""Green"",""Purple""],""Display"":{""Protection"":null,""Resolution"":""720 x 1560 Pixels (~253 PPI)"",""Size"":""6.8 Inches"",""Type"":""IPS LCD Capacitive Touchscreen""},""Features"":{""BackFingerPrint"":0,""Bluetooth"":""v5.3 with A2DP, LE"",""InDisplayFingerPrint"":0,""Infrared port"":0,""NFC"":1,""Positioning"":""Yes + A-GPS support, & GLONASS, BDS, GALILEO, QZSS"",""Radio"":1,""Sensors"":""Accelerometer, Compass, Fingerprint (side-mounted), Gyro, Proximity"",""SideFingerPrint"":1,""USB"":""USB Type-C 2.0, OTG"",""WLAN"":""Wi-Fi 802.11 a/b/g/n/ac, dual-band""},""Launch"":{""Announced"":null,""Status"":null},""Main Camera"":{""Features"":""HDR, panorama, Video (1080p@30/120fps)"",""Specifications"":[""Single Camera: 50 MP, f/1.8, 28mm (wide), 1/2.96\"", PDAF, LED Flash""],""Video"":[""1080p@30/120fps""]},""Memory"":{""Card slot"":""microSDXC (uses shared SIM slot)"",""Technology"":""256GB Built-in, 8GB RAM"",""Types"":[""256GB Built-in"",""8GB RAM""]},""MobileName"":""Realme C85 256GB"",""Network"":{""2G"":1,""3G"":1,""4G"":1,""5G"":1},""Platform"":{""CPU"":""Octa-core (2 x 2.4 GHz Cortex-A76 + 6 x 2.0 GHz Cortex-A55)"",""Chipset"":""Mediatek Dimensity 6300 (6 nm)"",""GPU"":""Mali-G57 MP2"",""OS"":""Android 15 OS""},""Price"":[64999.0],""Selfie Camera"":{""Specifications"":[""8 MP, f/2.0, 26mm (wide), 1/4.0""],""Video"":[""8 MP, f/2.0, 26mm (wide"","", 1/4.0""]},""Sound"":{""3.5mm jack"":1,""Loudspeaker"":""3.5mm Audio Jack, Speaker Phone""},""Weight"":null}"
ea0b438dacdefaa91e0868b25396132c4d629ef033a28687aa37d4787593baee,whatmobile,whatmobile.com.pk,whatmobile.com.pk/whatmobile__Realme_C85-Pro-256GB.json,https://www.whatmobile.com.pk/Realme_C85-Pro-256GB,filename,2026-08-14T07:50:33+00:00,Realme C85 Pro 256GB,true,true,true,false,,,164.4 x 78 x 8.1 mm,205 g,"NFC (market/region dependent), IP68/IP69K dust tight and water resistant (high pressure water jets; immersible up to 6m for 30 min), RGB notification (on the back), Photo/video editor, Document viewer",Nano-SIM + Nano-SIM,"NFC (market/region dependent), IP68/IP69K dust tight and water resistant (high pressure water jets; immersible up to 6m for 30 min), RGB notification (on the back), Photo/video editor, Document viewer",AMOLED Capacitive Touchscreen,6.8 Inches,1080 x 2344 Pixels (~380 PPI),,Android 15 OS,Qualcomm SM6225 Snapdragon 685 (6 nm),Octa-core (4 x 2.8 GHz Cortex-A73 + 4 x 1.9 GHz Cortex-A53),Adreno 610,microSDXC (uses shared SIM slot),"[""256GB Built-in"",""8GB RAM""]","256GB Built-in, 8GB RAM","[""Single Camera: 50 MP, f/1.8, 28mm (wide), PDAF, LED Flash""]","HDR, panorama, Video (1080p@30/120fps)","[""1080p@30/120fps""]","[""8 MP, f/2.0, 26mm (wide), 1/4.0\"", Panorama""]",,"[""1080p@30fps""]","3.5mm Audio Jack, Speaker Phone",true,"Wi-Fi 802.11 a/b/g/n/ac, dual-band","v5.0 with A2DP, LE","Yes + A-GPS support, & GLONASS, BDS, GALILEO",true,false,true,"USB Type-C 2.0, OTG",false,false,false,"Accelerometer, Compass, Fingerprint, Proximity",Li-ion Si-Ca 7000 mAh,false,"[""- Fast charging 45W wired"",""Reverse wired"",""Bypass charging""]","[""Parrot Purple"",""Peacock Green""]",Weight Unknown,[64999.0],0.87500,3183f4f0ce9adabaff1ba4b14da4adf15b5e3017f9e8183f4f14bcecc32fbf10,"{""Battery"":{""Capacity"":""Li-ion Si-Ca 7000 mAh"",""Charging"":[""- Fast charging 45W wired"",""Reverse wired"",""Bypass charging""],""WirelessCharging"":0},""Body"":{""Build"":""NFC (market/region dependent), IP68/IP69K dust tight and water resistant (high pressure water jets; immersible up to 6m for 30 min), RGB notification (on the back), Photo/video editor, Document viewer"",""Dimensions"":""164.4 x 78 x 8.1 mm"",""Protection"":""NFC (market/region dependent), IP68/IP69K dust tight and water resistant (high pressure water jets; immersible up to 6m for 30 min), RGB notification (on the back), Photo/video editor, Document viewer"",""SIM"":""Nano-SIM + Nano-SIM"",""Weight"":""205 g""},""Colors"":[""Parrot Purple"",""Peacock Green""],""Display"":{""Protection"":null,""Resolution"":""1080 x 2344 Pixels (~380 PPI)"",""Size"":""6.8 Inches"",""Type"":""AMOLED Capacitive Touchscreen""},""Features"":{""BackFingerPrint"":0,""Bluetooth"":""v5.0 with A2DP, LE"",""InDisplayFingerPrint"":0,""Infrared port"":0,""NFC"":1,""Positioning"":""Yes + A-GPS support, & GLONASS, BDS, GALILEO"",""Radio"":1,""Sensors"":""Accelerometer, Compass, Fingerprint, Proximity"",""SideFingerPrint"":0,""USB"":""USB Type-C 2.0, OTG"",""WLAN"":""Wi-Fi 802.11 a/b/g/n/ac, dual-band""},""Launch"":{""Announced"":null,""Status"":null},""Main Camera"":{""Features"":""HDR, panorama, Video (1080p@30/120fps)"",""Specifications"":[""Single Camera: 50 MP, f/1.8, 28mm (wide), PDAF, LED Flash""],""Video"":[""1080p@30/120fps""]},""Memory"":{""Card slot"":""microSDXC (uses shared SIM slot)"",""Technology"":""256GB Built-in, 8GB RAM"",""Types"":[""256GB Built-in"",""8GB RAM""]},""MobileName"":""Realme C85 Pro 256GB"",""Network"":{""2G"":1,""3G"":1,""4G"":1,""5G"":0},""Platform"":{""CPU"":""Octa-core (4 x 2.8 GHz Cortex-A73 + 4 x 1.9 GHz Cortex-A53)"",""Chipset"":""Qualcomm SM6225 Snapdragon 685 (6 nm)"",""GPU"":""Adreno 610"",""OS"":""Android 15 OS""},""Price"":[64999.0],""Selfie Camera"":{""Specifications"":[""8 MP, f/2.0, 26mm (wide), 1/4.0\"", Panorama""],""Video"":[""1080p@30fps""]},""Sound"":{""3.5mm jack"":1,""Loudspeaker"":""3.5mm Audio Jack, Speaker Phone""},""Weight"":null}"
47022f3936dae5f65de88a20c9c4d52d7f890496ba652450a079e4c6664088c6,whatmobile,whatmobile.com.pk,whatmobile.com.pk/whatmobile__Realme_C85-Pro.json,https://www.whatmobile.com.pk/Realme_C85-Pro,filename,2026-08-14T07:50:38+00:00,Realme C85 Pro,true,true,true,false,,,164.4 x 78 x 8.1 mm,205 g,"NFC (market/region dependent), IP68/IP69K dust tight and water resistant (high pressure water jets; immersible up to 6m for 30 min), RGB notification (on the back), Photo/video editor, Document viewer",Nano-SIM + Nano-SIM,"NFC (market/region dependent), IP68/IP69K dust tight and water resistant (high pressure water jets; immersible up to 6m for 30 min), RGB notification (on the back), Photo/video editor, Document viewer",AMOLED Capacitive Touchscreen,6.8 Inches,1080 x 2344 Pixels (~380 PPI),,Android 15 OS,Qualcomm SM6225 Snapdragon 685 (6 nm),Octa-core (4 x 2.8 GHz Cortex-A73 + 4 x 1.9 GHz Cortex-A53),Adreno 610,microSDXC (uses shared SIM slot),"[""128GB Built-in"",""8GB RAM""]","128GB Built-in, 8GB RAM","[""Single Camera: 50 MP, f/1.8, 28mm (wide), PDAF, LED Flash""]","HDR, panorama, Video (1080p@30/120fps)","[""1080p@30/120fps""]","[""8 MP, f/2.0, 26mm (wide), 1/4.0""]",,"[""8 MP, f/2.0, 26mm (wide"","", 1/4.0""]","3.5mm Audio Jack, Speaker Phone",true,"Wi-Fi 802.11 a/b/g/n/ac, dual-band","v5.0 with A2DP, LE","Yes + A-GPS support, & GLONASS, BDS, GALILEO",true,false,true,"USB Type-C 2.0, OTG",false,false,false,"Accelerometer, Compass, Fingerprint, Proximity",Li-ion Si-Ca 7000 mAh,false,"[""- Fast charging 45W wired"",""Reverse wired"",""Bypass charging""]","[""Parrot Purple"",""Peacock Green""]",Weight Unknown,[61999.0],0.87500,9750943f5388e09f61e9267a26642b2176b9146625c019fcf67a9a93b58f9567,"{""Battery"":{""Capacity"":""Li-ion Si-Ca 7000 mAh"",""Charging"":[""- Fast charging 45W wired"",""Reverse wired"",""Bypass charging""],""WirelessCharging"":0},""Body"":{""Build"":""NFC (market/region dependent), IP68/IP69K dust tight and water resistant (high pressure water jets; immersible up to 6m for 30 min), RGB notification (on the back), Photo/video editor, Document viewer"",""Dimensions"":""164.4 x 78 x 8.1 mm"",""Protection"":""NFC (market/region dependent), IP68/IP69K dust tight and water resistant (high pressure water jets; immersible up to 6m for 30 min), RGB notification (on the back), Photo/video editor, Document viewer"",""SIM"":""Nano-SIM + Nano-SIM"",""Weight"":""205 g""},""Colors"":[""Parrot Purple"",""Peacock Green""],""Display"":{""Protection"":null,""Resolution"":""1080 x 2344 Pixels (~380 PPI)"",""Size"":""6.8 Inches"",""Type"":""AMOLED Capacitive Touchscreen""},""Features"":{""BackFingerPrint"":0,""Bluetooth"":""v5.0 with A2DP, LE"",""InDisplayFingerPrint"":0,""Infrared port"":0,""NFC"":1,""Positioning"":""Yes + A-GPS support, & GLONASS, BDS, GALILEO"",""Radio"":1,""Sensors"":""Accelerometer, Compass, Fingerprint, Proximity"",""SideFingerPrint"":0,""USB"":""USB Type-C 2.0, OTG"",""WLAN"":""Wi-Fi 802.11 a/b/g/n/ac, dual-band""},""Launch"":{""Announced"":null,""Status"":null},""Main Camera"":{""Features"":""HDR, panorama, Video (1080p@30/120fps)"",""Specifications"":[""Single Camera: 50 MP, f/1.8, 28mm (wide), PDAF, LED Flash""],""Video"":[""1080p@30/120fps""]},""Memory"":{""Card slot"":""microSDXC (uses shared SIM slot)"",""Technology"":""128GB Built-in, 8GB RAM"",""Types"":[""128GB Built-in"",""8GB RAM""]},""MobileName"":""Realme C85 Pro"",""Network"":{""2G"":1,""3G"":1,""4G"":1,""5G"":0},""Platform"":{""CPU"":""Octa-core (4 x 2.8 GHz Cortex-A73 + 4 x 1.9 GHz Cortex-A53)"",""Chipset"":""Qualcomm SM6225 Snapdragon 685 (6 nm)"",""GPU"":""Adreno 610"",""OS"":""Android 15 OS""},""Price"":[61999.0],""Selfie Camera"":{""Specifications"":[""8 MP, f/2.0, 26mm (wide), 1/4.0""],""Video"":[""8 MP, f/2.0, 26mm (wide"","", 1/4.0""]},""Sound"":{""3.5mm jack"":1,""Loudspeaker"":""3.5mm Audio Jack, Speaker Phone""},""Weight"":null}"
fb7a7ef5b35e9c06eb5d9fcb0c17c779b870995aa29efa0e409e53e9c5f76fd1,whatmobile,whatmobile.com.pk,whatmobile.com.pk/whatmobile__Realme_GT-7-Dream-Edition.json,https://www.whatmobile.com.pk/Realme_GT-7-Dream-Edition,filename,2026-08-14T07:52:51+00:00,Realme GT 7 Dream Edition,true,true,true,true,,,162.4 x 76.1 x 8.3 mm,211 g,"NFC, 360˚, IP69 dust tight and water resistant (high pressure water jets; immersible up to 1.5m for 30 min)",Nano-SIM + Nano-SIM + eSIM (max 2 at a time),"NFC, 360˚, IP69 dust tight and water resistant (high pressure water jets; immersible up to 1.5m for 30 min)","LTPO AMOLED Capacitive Touchscreen, 1B Colors",6.78 Inches,1264 x 2780 Pixels (~450 PPI),Corning Gorilla Glass 7i or ArmorShell glass,Android 15 OS,Mediatek Dimensity 9400e (4 nm),Octa-core (1 x 3.4 GHz Cortex-X4 + 3 x 2.85 GHz Cortex-X4 + 4 x 2.0 GHz Cortex-A720),Immortalis-G720 MC12,No,"[""512GB Built-in"",""16GB RAM"",""UFS 4.0""]","512GB Built-in, 16GB RAM, UFS 4.0","[""Triple Camera: 50 MP, f/1.8, (wide), 1/1.56, PDAF"",""50 MP, f/2.0, (telephoto), 1/2.76\"", PDAF, 2x optical zoom"",""8 MP, f/2.2, 16mm, 112˚ (ultrawide), 1/4.0\"", LED Flash""]","Color spectrum sensor, HDR, panorama, Video (8K@30fps, 4K@30/60/120fps, 1080p@30/60/120/240fps, gyro-EIS, OIS, Dolby Vision HDR)","[""8K@30fps, 4K@30/60/120fps, 1080p@30/60/120/240fps, gyro-EIS, OIS, Dolby Vision HDR""]","[""32 MP, f/2.5, 21mm (wide), 1/2.74, Panorama""]",,"[""4K@30/60fps, 1080p@30/60fps""]","24-bit/192kHz Hi-Res audio, Speaker Phone",false,"Wi-Fi 802.11 a/b/g/n/ac/6/7, dual-band, Wi-Fi Direct","v5.4 with A2DP, LE","Yes + GPS (L1+L5), BDS (B1I+B1C+B2a+B2b), GALILEO (E1+E5a+E5b), QZSS (L1+L5), NavIC (L5), GLONASS",true,true,false,USB Type-C,false,false,true,"Accelerometer, color spectrum, Compass, Fingerprint (under display, optical), Gyro, Proximity",Li-ion Si-Ca 7000 mAh,false,"[""- Fast charging 120W wired"",""14 min to 50%"",""40 min to 100%"",""7.5W reverse wired"",""Bypass charging""]","[""Aston Martin racing Green""]",Weight Unknown,[219999.0],0.87500,4ffb1d618134b2c5ee747bb3c073084ecce82cd2594bccb30abc8c352d0cf7a9,"{""Battery"":{""Capacity"":""Li-ion Si-Ca 7000 mAh"",""Charging"":[""- Fast charging 120W wired"",""14 min to 50%"",""40 min to 100%"",""7.5W reverse wired"",""Bypass charging""],""WirelessCharging"":0},""Body"":{""Build"":""NFC, 360˚, IP69 dust tight and water resistant (high pressure water jets; immersible up to 1.5m for 30 min)"",""Dimensions"":""162.4 x 76.1 x 8.3 mm"",""Protection"":""NFC, 360˚, IP69 dust tight and water resistant (high pressure water jets; immersible up to 1.5m for 30 min)"",""SIM"":""Nano-SIM + Nano-SIM + eSIM (max 2 at a time)"",""Weight"":""211 g""},""Colors"":[""Aston Martin racing Green""],""Display"":{""Protection"":""Corning Gorilla Glass 7i or ArmorShell glass"",""Resolution"":""1264 x 2780 Pixels (~450 PPI)"",""Size"":""6.78 Inches"",""Type"":""LTPO AMOLED Capacitive Touchscreen, 1B Colors""},""Features"":{""BackFingerPrint"":0,""Bluetooth"":""v5.4 with A2DP, LE"",""InDisplayFingerPrint"":1,""Infrared port"":1,""NFC"":1,""Positioning"":""Yes + GPS (L1+L5), BDS (B1I+B1C+B2a+B2b), GALILEO (E1+E5a+E5b), QZSS (L1+L5), NavIC (L5), GLONASS"",""Radio"":0,""Sensors"":""Accelerometer, color spectrum, Compass, Fingerprint (under display, optical), Gyro, Proximity"",""SideFingerPrint"":0,""USB"":""USB Type-C"",""WLAN"":""Wi-Fi 802.11 a/b/g/n/ac/6/7, dual-band, Wi-Fi Direct""},""Launch"":{""Announced"":null,""Status"":null},""Main Camera"":{""Features"":""Color spectrum sensor, HDR, panorama, Video (8K@30fps, 4K@30/60/120fps, 1080p@30/60/120/240fps, gyro-EIS, OIS, Dolby Vision HDR)"",""Specifications"":[""Triple Camera: 50 MP, f/1.8, (wide), 1/1.56, PDAF"",""50 MP, f/2.0, (telephoto), 1/2.76\"", PDAF, 2x optical zoom"",""8 MP, f/2.2, 16mm, 112˚ (ultrawide), 1/4.0\"", LED Flash""],""Video"":[""8K@30fps, 4K@30/60/120fps, 1080p@30/60/120/240fps, gyro-EIS, OIS, Dolby Vision HDR""]},""Memory"":{""Card slot"":""No"",""Technology"":""512GB Built-in, 16GB RAM, UFS 4.0"",""Types"":[""512GB Built-in"",""16GB RAM"",""UFS 4.0""]},""MobileName"":""Realme GT 7 Dream Edition"",""Network"":{""2G"":1,""3G"":1,""4G"":1,""5G"":1},""Platform"":{""CPU"":""Octa-core (1 x 3.4 GHz Cortex-X4 + 3 x 2.85 GHz Cortex-X4 + 4 x 2.0 GHz Cortex-A720)"",""Chipset"":""Mediatek Dimensity 9400e (4 nm)"",""GPU"":""Immortalis-G720 MC12"",""OS"":""Android 15 OS""},""Price"":[219999.0],""Selfie Camera"":{""Specifications"":[""32 MP, f/2.5, 21mm (wide), 1/2.74, Panorama""],""Video"":[""4K@30/60fps, 1080p@30/60fps""]},""Sound"":{""3.5mm jack"":0,""Loudspeaker"":""24-bit/192kHz Hi-Res audio, Speaker Phone""},""Weight"":null}"
06bfc36940b09cf3390ed5d361e3b135a19761529880923232a394637bfffecf,whatmobile,whatmobile.com.pk,whatmobile.com.pk/whatmobile__Realme_Note-60-128GB.json,https://www.whatmobile.com.pk/Realme_Note-60-128GB,filename,2026-08-14T07:48:58+00:00,Realme Note 60 128GB,true,true,true,false,,,167.3 x 76.7 x 7.8 mm,187 g,"Glass front, plastic frame, plastic back, IP64, dust and splash resistant, Die-cast aluminum chassis, Document viewer, Photo/video editor",Nano-SIM + Nano-SIM,"Glass front, plastic frame, plastic back, IP64, dust and splash resistant, Die-cast aluminum chassis, Document viewer, Photo/video editor",IPS LCD Capacitive Touchscreen,6.74 Inches,720 x 1600 Pixels (~260 PPI),Reinforced glass,Android 14 OS,Unisoc Tiger T612 (12 nm),Octa-core (2 x 1.8 GHz Cortex-A75 + 6 x 1.8 GHz Cortex-A55),Mali-G57,microSDXC,"[""128GB Built-in"",""4GB RAM""]","128GB Built-in, 4GB RAM","[""Single Camera: 32 MP, f/1.8, (wide), PDAF, Auxiliary lens""]","Panorama, Video (1080p@30fps)","[""1080p@30fps""]","[""5 MP, (wide)""]",,"[""5 MP, (wide""]","3.5mm Audio Jack, Speaker Phone",true,"Wi-Fi 802.11 a/b/g/n/ac, dual-band","v5.0 with A2DP, LE","Yes + A-GPS support & Glonass, BDS, GALILEO, QZSS",false,false,true,USB Type-C 2.0,false,true,false,"Accelerometer, Compass, Fingerprint (side-mounted), Proximity","(Non removable), 5000 mAh",false,"[""- Battery charging 10W wired""]","[""Voyage Blue"",""Marble Black""]",Weight Unknown,[28999.0],0.87500,0a66ae4633a9b6a4666b05ae9a4c14a31fcc3471ffc8e497c4a5fd4439011ebd,"{""Battery"":{""Capacity"":""(Non removable), 5000 mAh"",""Charging"":[""- Battery charging 10W wired""],""WirelessCharging"":0},""Body"":{""Build"":""Glass front, plastic frame, plastic back, IP64, dust and splash resistant, Die-cast aluminum chassis, Document viewer, Photo/video editor"",""Dimensions"":""167.3 x 76.7 x 7.8 mm"",""Protection"":""Glass front, plastic frame, plastic back, IP64, dust and splash resistant, Die-cast aluminum chassis, Document viewer, Photo/video editor"",""SIM"":""Nano-SIM + Nano-SIM"",""Weight"":""187 g""},""Colors"":[""Voyage Blue"",""Marble Black""],""Display"":{""Protection"":""Reinforced glass"",""Resolution"":""720 x 1600 Pixels (~260 PPI)"",""Size"":""6.74 Inches"",""Type"":""IPS LCD Capacitive Touchscreen""},""Features"":{""BackFingerPrint"":0,""Bluetooth"":""v5.0 with A2DP, LE"",""InDisplayFingerPrint"":0,""Infrared port"":0,""NFC"":0,""Positioning"":""Yes + A-GPS support & Glonass, BDS, GALILEO, QZSS"",""Radio"":1,""Sensors"":""Accelerometer, Compass, Fingerprint (side-mounted), Proximity"",""SideFingerPrint"":1,""USB"":""USB Type-C 2.0"",""WLAN"":""Wi-Fi 802.11 a/b/g/n/ac, dual-band""},""Launch"":{""Announced"":null,""Status"":null},""Main Camera"":{""Features"":""Panorama, Video (1080p@30fps)"",""Specifications"":[""Single Camera: 32 MP, f/1.8, (wide), PDAF, Auxiliary lens""],""Video"":[""1080p@30fps""]},""Memory"":{""Card slot"":""microSDXC"",""Technology"":""128GB Built-in, 4GB RAM"",""Types"":[""128GB Built-in"",""4GB RAM""]},""MobileName"":""Realme Note 60 128GB"",""Network"":{""2G"":1,""3G"":1,""4G"":1,""5G"":0},""Platform"":{""CPU"":""Octa-core (2 x 1.8 GHz Cortex-A75 + 6 x 1.8 GHz Cortex-A55)"",""Chipset"":""Unisoc Tiger T612 (12 nm)"",""GPU"":""Mali-G57"",""OS"":""Android 14 OS""},""Price"":[28999.0],""Selfie Camera"":{""Specifications"":[""5 MP, (wide)""],""Video"":[""5 MP, (wide""]},""Sound"":{""3.5mm jack"":1,""Loudspeaker"":""3.5mm Audio Jack, Speaker Phone""},""Weight"":null}"
304ae24508f9f71596d2b69e716d338b7c9dfde7cd3e8176b022faec1d9ddeb4,whatmobile,whatmobile.com.pk,whatmobile.com.pk/whatmobile__Realme_Note-60x-128GB.json,https://www.whatmobile.com.pk/Realme_Note-60x-128GB,filename,2026-08-14T07:48:53+00:00,Realme Note 60x 128GB,true,true,true,false,,,167.3 x 76.7 x 7.8 mm,187 g,"IP54, dust and splash resistant, Die-cast aluminum chassis, ArmorShell",Nano-SIM + Nano-SIM,"IP54, dust and splash resistant, Die-cast aluminum chassis, ArmorShell",IPS LCD Capacitive Touchscreen,6.74 Inches,720 x 1600 Pixels (~260 PPI),Reinforced glass,Android 14 OS,Unisoc Tiger T612 (12 nm),Octa-core (2 x 1.8 GHz Cortex-A75 + 6 x 1.8 GHz Cortex-A55),Mali-G57,microSD Card,"[""128GB Built-in"",""4GB RAM""]","128GB Built-in, 4GB RAM","[""Single Camera: 8 MP Auxiliary lens, LED Flash""]","Panorama, Video (1080p@30fps)","[""1080p@30fps""]","[""5 MP, (wide)""]",,"[""720p@30fps""]","3.5mm Audio Jack, Speaker Phone",true,"Wi-Fi 802.11 a/b/g/n/ac, dual-band","v5.0 with A2DP, LE","Yes + A-GPS support, & GLONASS",false,false,true,USB Type-C 2.0,false,false,false,"Accelerometer, Compass, Proximity","(Non removable), 5000 mAh",false,"[""- Battery charging 10W wired""]","[""Wilderness Green"",""Marble Black""]",Weight Unknown,[39999.0],0.87500,aa02f11b27b8c710a838d42835a1f075a83ae5fffa33df8d5ad24e4a5ca33af1,"{""Battery"":{""Capacity"":""(Non removable), 5000 mAh"",""Charging"":[""- Battery charging 10W wired""],""WirelessCharging"":0},""Body"":{""Build"":""IP54, dust and splash resistant, Die-cast aluminum chassis, ArmorShell"",""Dimensions"":""167.3 x 76.7 x 7.8 mm"",""Protection"":""IP54, dust and splash resistant, Die-cast aluminum chassis, ArmorShell"",""SIM"":""Nano-SIM + Nano-SIM"",""Weight"":""187 g""},""Colors"":[""Wilderness Green"",""Marble Black""],""Display"":{""Protection"":""Reinforced glass"",""Resolution"":""720 x 1600 Pixels (~260 PPI)"",""Size"":""6.74 Inches"",""Type"":""IPS LCD Capacitive Touchscreen""},""Features"":{""BackFingerPrint"":0,""Bluetooth"":""v5.0 with A2DP, LE"",""InDisplayFingerPrint"":0,""Infrared port"":0,""NFC"":0,""Positioning"":""Yes + A-GPS support, & GLONASS"",""Radio"":1,""Sensors"":""Accelerometer, Compass, Proximity"",""SideFingerPrint"":0,""USB"":""USB Type-C 2.0"",""WLAN"":""Wi-Fi 802.11 a/b/g/n/ac, dual-band""},""Launch"":{""Announced"":null,""Status"":null},""Main Camera"":{""Features"":""Panorama, Video (1080p@30fps)"",""Specifications"":[""Single Camera: 8 MP Auxiliary lens, LED Flash""],""Video"":[""1080p@30fps""]},""Memory"":{""Card slot"":""microSD Card"",""Technology"":""128GB Built-in, 4GB RAM"",""Types"":[""128GB Built-in"",""4GB RAM""]},""MobileName"":""Realme Note 60x 128GB"",""Network"":{""2G"":1,""3G"":1,""4G"":1,""5G"":0},""Platform"":{""CPU"":""Octa-core (2 x 1.8 GHz Cortex-A75 + 6 x 1.8 GHz Cortex-A55)"",""Chipset"":""Unisoc Tiger T612 (12 nm)"",""GPU"":""Mali-G57"",""OS"":""Android 14 OS""},""Price"":[39999.0],""Selfie Camera"":{""Specifications"":[""5 MP, (wide)""],""Video"":[""720p@30fps""]},""Sound"":{""3.5mm jack"":1,""Loudspeaker"":""3.5mm Audio Jack, Speaker Phone""},""Weight"":null}"
20c579d2cb42e8e0c9e4ce78444a2a84c673f1b776524bae825f1a05b6b88c2b,whatmobile,whatmobile.com.pk,whatmobile.com.pk/whatmobile__Realme_Note-70-6GB.json,https://www.whatmobile.com.pk/Realme_Note-70-6GB,filename,2026-08-14T07:52:15+00:00,Realme Note 70 6GB,true,true,true,false,,,167.20 x 76.60 x 7.94mm,201 g,"Glass front, plastic frame, plastic back, IP64 dust tight and water resistant (water splashes)",Nano-SIM + Nano-SIM,"Glass front, plastic frame, plastic back, IP64 dust tight and water resistant (water splashes)",IPS LCD Capacitive Touchscreen,6.74 Inches,720 x 1600 Pixels (~260 PPI),Reinforced glass,Android 15 OS,Unisoc T7250 (12 nm),1.8Ghz Octa Core,Mali-G57 MP1,microSDXC (dedicated slot),"[""128GB Built-in"",""6GB RAM (+8GB Extended RAM)""]","128GB Built-in, 6GB RAM (+8GB Extended RAM)","[""Single Camera: 13 MP, f/2.2, LED Flash""]","Photo Mode, Video Mode, Night Mode, Professional Mode, Portrait Mode, Panorama, Slow Motion, Time-lapse, HyperText Mode, Dual-view Video, Sticker，Google Lens, Video","[""Photo Mode, Video Mode, Night Mode, Professional Mode, Portrait Mode, Panorama, Slow Motion, Time-lapse, HyperText Mode, Dual-view Video, Sticker，Google Lens, Video""]","[""5 MP""]",,"[""5 MP""]","3.5mm Audio Jack, Speaker Phone",true,"Wi-Fi 802.11 a/b/g/n/ac/6, dual-band","v5.2 with A2DP, LE","Yes + A-GPS support, & GLONASS, BDS, GALILEO",false,false,true,USB Type-C 2.0,false,true,false,"Accelerometer, Compass, Fingerprint (side-mounted), Proximity",6300 mAh,false,"[""- Battery charging 15W wired""]","[""Beach Gold"",""Obsidian Black""]",Weight Unknown,[46999.0],0.87500,6d34044b94714b0dd2a60d6da27f776f4b719cb28a1791022182772eb2195b3c,"{""Battery"":{""Capacity"":""6300 mAh"",""Charging"":[""- Battery charging 15W wired""],""WirelessCharging"":0},""Body"":{""Build"":""Glass front, plastic frame, plastic back, IP64 dust tight and water resistant (water splashes)"",""Dimensions"":""167.20 x 76.60 x 7.94mm"",""Protection"":""Glass front, plastic frame, plastic back, IP64 dust tight and water resistant (water splashes)"",""SIM"":""Nano-SIM + Nano-SIM"",""Weight"":""201 g""},""Colors"":[""Beach Gold"",""Obsidian Black""],""Display"":{""Protection"":""Reinforced glass"",""Resolution"":""720 x 1600 Pixels (~260 PPI)"",""Size"":""6.74 Inches"",""Type"":""IPS LCD Capacitive Touchscreen""},""Features"":{""BackFingerPrint"":0,""Bluetooth"":""v5.2 with A2DP, LE"",""InDisplayFingerPrint"":0,""Infrared port"":0,""NFC"":0,""Positioning"":""Yes + A-GPS support, & GLONASS, BDS, GALILEO"",""Radio"":1,""Sensors"":""Accelerometer, Compass, Fingerprint (side-mounted), Proximity"",""SideFingerPrint"":1,""USB"":""USB Type-C 2.0"",""WLAN"":""Wi-Fi 802.11 a/b/g/n/ac/6, dual-band""},""Launch"":{""Announced"":null,""Status"":null},""Main Camera"":{""Features"":""Photo Mode, Video Mode, Night Mode, Professional Mode, Portrait Mode, Panorama, Slow Motion, Time-lapse, HyperText Mode, Dual-view Video, Sticker，Google Lens, Video"",""Specifications"":[""Single Camera: 13 MP, f/2.2, LED Flash""],""Video"":[""Photo Mode, Video Mode, Night Mode, Professional Mode, Portrait Mode, Panorama, Slow Motion, Time-lapse, HyperText Mode, Dual-view Video, Sticker，Google Lens, Video""]},""Memory"":{""Card slot"":""microSDXC (dedicated slot)"",""Technology"":""128GB Built-in, 6GB RAM (+8GB Extended RAM)"",""Types"":[""128GB Built-in"",""6GB RAM (+8GB Extended RAM)""]},""MobileName"":""Realme Note 70 6GB"",""Network"":{""2G"":1,""3G"":1,""4G"":1,""5G"":0},""Platform"":{""CPU"":""1.8Ghz Octa Core"",""Chipset"":""Unisoc T7250 (12 nm)"",""GPU"":""Mali-G57 MP1"",""OS"":""Android 15 OS""},""Price"":[46999.0],""Selfie Camera"":{""Specifications"":[""5 MP""],""Video"":[""5 MP""]},""Sound"":{""3.5mm jack"":1,""Loudspeaker"":""3.5mm Audio Jack, Speaker Phone""},""Weight"":null}"
35106d23adf2f88e8c21504c3848848383f61408431e8d01950f75480051a7d3,whatmobile,whatmobile.com.pk,whatmobile.com.pk/whatmobile__Samsung_Galaxy-A07-128GB.json,https://www.whatmobile.com.pk/Samsung_Galaxy-A07-128GB,filename,2026-08-14T07:51:25+00:00,Samsung Galaxy A07 128GB,true,true,true,false,,,164.4 x 77.4 x 7.6 mm,184 g,"Glass front, plastic back, plastic frame, IP54 dust protected and water resistant (water splashes)",Nano-SIM + Nano-SIM,"Glass front, plastic back, plastic frame, IP54 dust protected and water resistant (water splashes)",PLS LCD Capacitive Touchscreen,6.7 Inches,720 x 1600 Pixels (~262 PPI),,"Android 15 OS, up to 6 major Android upgrades",Mediatek Helio G99 (6 nm),Octa-core (2 x 2.2 GHz Cortex-A76 + 6 x 2.0 GHz Cortex-A55),Mali-G57 MC2,microSDXC,"[""128GB Built-in"",""4GB RAM"",""eMMC 5.1""]","128GB Built-in, 4GB RAM, eMMC 5.1","[""Dual Camera: 50 MP, f/1.8, (wide), 1/2.76\"", PDAF"",""2 MP, f/2.4, (depth), LED Flash""]","Geo-tagging, touch focus, face detection, panorama, HDR, Video (1080p@30/60fps)","[""1080p@30/60fps""]","[""8 MP, f/2.0, (wide), 1/4.0""]",,"[""8 MP, f/2.0, (wide"","", 1/4.0""]","3.5mm Audio Jack, Speaker Phone",true,"Wi-Fi 802.11 a/b/g/n/ac, dual-band, Wi-Fi Direct","v5.3 with A2DP, LE","Yes + A-GPS support & Glonass, BDS",false,false,true,USB Type-C 2.0,false,true,false,"Accelerometer, Fingerprint (side-mounted), Proximity",5000 mAh,false,"[""- Fast charging 25W wired""]","[""Gray"",""Light Violet"",""Dark Green""]",Weight Unknown,[44999.0],0.87500,449400cb18b5d41da1c62e5e87712e9c0491b16f73a600766a57f2dd2e27c825,"{""Battery"":{""Capacity"":""5000 mAh"",""Charging"":[""- Fast charging 25W wired""],""WirelessCharging"":0},""Body"":{""Build"":""Glass front, plastic back, plastic frame, IP54 dust protected and water resistant (water splashes)"",""Dimensions"":""164.4 x 77.4 x 7.6 mm"",""Protection"":""Glass front, plastic back, plastic frame, IP54 dust protected and water resistant (water splashes)"",""SIM"":""Nano-SIM + Nano-SIM"",""Weight"":""184 g""},""Colors"":[""Gray"",""Light Violet"",""Dark Green""],""Display"":{""Protection"":null,""Resolution"":""720 x 1600 Pixels (~262 PPI)"",""Size"":""6.7 Inches"",""Type"":""PLS LCD Capacitive Touchscreen""},""Features"":{""BackFingerPrint"":0,""Bluetooth"":""v5.3 with A2DP, LE"",""InDisplayFingerPrint"":0,""Infrared port"":0,""NFC"":0,""Positioning"":""Yes + A-GPS support & Glonass, BDS"",""Radio"":1,""Sensors"":""Accelerometer, Fingerprint (side-mounted), Proximity"",""SideFingerPrint"":1,""USB"":""USB Type-C 2.0"",""WLAN"":""Wi-Fi 802.11 a/b/g/n/ac, dual-band, Wi-Fi Direct""},""Launch"":{""Announced"":null,""Status"":null},""Main Camera"":{""Features"":""Geo-tagging, touch focus, face detection, panorama, HDR, Video (1080p@30/60fps)"",""Specifications"":[""Dual Camera: 50 MP, f/1.8, (wide), 1/2.76\"", PDAF"",""2 MP, f/2.4, (depth), LED Flash""],""Video"":[""1080p@30/60fps""]},""Memory"":{""Card slot"":""microSDXC"",""Technology"":""128GB Built-in, 4GB RAM, eMMC 5.1"",""Types"":[""128GB Built-in"",""4GB RAM"",""eMMC 5.1""]},""MobileName"":""Samsung Galaxy A07 128GB"",""Network"":{""2G"":1,""3G"":1,""4G"":1,""5G"":0},""Platform"":{""CPU"":""Octa-core (2 x 2.2 GHz Cortex-A76 + 6 x 2.0 GHz Cortex-A55)"",""Chipset"":""Mediatek Helio G99 (6 nm)"",""GPU"":""Mali-G57 MC2"",""OS"":""Android 15 OS, up to 6 major Android upgrades""},""Price"":[44999.0],""Selfie Camera"":{""Specifications"":[""8 MP, f/2.0, (wide), 1/4.0""],""Video"":[""8 MP, f/2.0, (wide"","", 1/4.0""]},""Sound"":{""3.5mm jack"":1,""Loudspeaker"":""3.5mm Audio Jack, Speaker Phone""},""Weight"":null}"
4a42bd60f4611f77d7c4defaa28d65cac6823395a81e89705e8f8eb51d507e32,whatmobile,whatmobile.com.pk,whatmobile.com.pk/whatmobile__Samsung_Galaxy-A07-6GB.json,https://www.whatmobile.com.pk/Samsung_Galaxy-A07-6GB,filename,2026-08-14T07:51:20+00:00,Samsung Galaxy A07 6GB,true,true,true,false,,,164.4 x 77.4 x 7.6 mm,184 g,"Glass front, plastic back, plastic frame, IP54 dust protected and water resistant (water splashes)",Nano-SIM + Nano-SIM,"Glass front, plastic back, plastic frame, IP54 dust protected and water resistant (water splashes)",PLS LCD Capacitive Touchscreen,6.7 Inches,720 x 1600 Pixels (~262 PPI),,"Android 15 OS, up to 6 major Android upgrades",Mediatek Helio G99 (6 nm),Octa-core (2 x 2.2 GHz Cortex-A76 + 6 x 2.0 GHz Cortex-A55),Mali-G57 MC2,microSDXC,"[""128GB Built-in"",""6GB RAM""]","128GB Built-in, 6GB RAM","[""Dual Camera: 50 MP, f/1.8, (wide), 1/2.76\"", PDAF"",""2 MP, f/2.4, (depth), LED Flash""]","Geo-tagging, touch focus, face detection, panorama, HDR, Video (1080p@30/60fps)","[""1080p@30/60fps""]","[""8 MP, f/2.0, (wide), 1/4.0""]",,"[""8 MP, f/2.0, (wide"","", 1/4.0""]","3.5mm Audio Jack, Speaker Phone",true,"Wi-Fi 802.11 a/b/g/n/ac, dual-band, Wi-Fi Direct","v5.3 with A2DP, LE","Yes + A-GPS support & Glonass, BDS",false,false,true,USB Type-C 2.0,false,true,false,"Accelerometer, Fingerprint (side-mounted), Proximity",5000 mAh,false,"[""- Fast charging 25W wired""]","[""Gray"",""Light Violet"",""Dark Green""]",Weight Unknown,[52500.0],0.87500,6ddf774ffc2af6e36dc0435fa8107656bca1a4622f695e31cc02e9b5c20b738b,"{""Battery"":{""Capacity"":""5000 mAh"",""Charging"":[""- Fast charging 25W wired""],""WirelessCharging"":0},""Body"":{""Build"":""Glass front, plastic back, plastic frame, IP54 dust protected and water resistant (water splashes)"",""Dimensions"":""164.4 x 77.4 x 7.6 mm"",""Protection"":""Glass front, plastic back, plastic frame, IP54 dust protected and water resistant (water splashes)"",""SIM"":""Nano-SIM + Nano-SIM"",""Weight"":""184 g""},""Colors"":[""Gray"",""Light Violet"",""Dark Green""],""Display"":{""Protection"":null,""Resolution"":""720 x 1600 Pixels (~262 PPI)"",""Size"":""6.7 Inches"",""Type"":""PLS LCD Capacitive Touchscreen""},""Features"":{""BackFingerPrint"":0,""Bluetooth"":""v5.3 with A2DP, LE"",""InDisplayFingerPrint"":0,""Infrared port"":0,""NFC"":0,""Positioning"":""Yes + A-GPS support & Glonass, BDS"",""Radio"":1,""Sensors"":""Accelerometer, Fingerprint (side-mounted), Proximity"",""SideFingerPrint"":1,""USB"":""USB Type-C 2.0"",""WLAN"":""Wi-Fi 802.11 a/b/g/n/ac, dual-band, Wi-Fi Direct""},""Launch"":{""Announced"":null,""Status"":null},""Main Camera"":{""Features"":""Geo-tagging, touch focus, face detection, panorama, HDR, Video (1080p@30/60fps)"",""Specifications"":[""Dual Camera: 50 MP, f/1.8, (wide), 1/2.76\"", PDAF"",""2 MP, f/2.4, (depth), LED Flash""],""Video"":[""1080p@30/60fps""]},""Memory"":{""Card slot"":""microSDXC"",""Technology"":""128GB Built-in, 6GB RAM"",""Types"":[""128GB Built-in"",""6GB RAM""]},""MobileName"":""Samsung Galaxy A07 6GB"",""Network"":{""2G"":1,""3G"":1,""4G"":1,""5G"":0},""Platform"":{""CPU"":""Octa-core (2 x 2.2 GHz Cortex-A76 + 6 x 2.0 GHz Cortex-A55)"",""Chipset"":""Mediatek Helio G99 (6 nm)"",""GPU"":""Mali-G57 MC2"",""OS"":""Android 15 OS, up to 6 major Android upgrades""},""Price"":[52500.0],""Selfie Camera"":{""Specifications"":[""8 MP, f/2.0, (wide), 1/4.0""],""Video"":[""8 MP, f/2.0, (wide"","", 1/4.0""]},""Sound"":{""3.5mm jack"":1,""Loudspeaker"":""3.5mm Audio Jack, Speaker Phone""},""Weight"":null}"
247056d786b08a36a8d37537c33b4447accaccd40414325fcec610a38e782688,whatmobile,whatmobile.com.pk,whatmobile.com.pk/whatmobile__Samsung_Galaxy-A17-8GB.json,https://www.whatmobile.com.pk/Samsung_Galaxy-A17-8GB,filename,2026-08-14T07:51:31+00:00,Samsung Galaxy A17 8GB,true,true,true,false,,,164.4 x 77.9 x 7.5 mm,192 g,"NFC (market/region dependent), IP54 dust protected and water resistant (water splashes), Glass front (Gorilla Glass Victus), plastic frame, glass fiber back",Nano-SIM + Nano-SIM,"NFC (market/region dependent), IP54 dust protected and water resistant (water splashes), Glass front (Gorilla Glass Victus), plastic frame, glass fiber back","Super AMOLED Capacitive Touchscreen, Multitouch",6.7 Inches,1080 x 2340 Pixels (~382 PPI),"Corning Gorilla Glass Victus, Mohs level 5","Android 15 OS, up to 6 major Android upgrades",Mediatek Helio G99 (6 nm),Octa-core (2 x 2.2 GHz Cortex-A76 + 6 x 2.0 GHz Cortex-A55),Mali-G57 MC2,microSDXC (uses shared SIM slot),"[""256GB Built-in"",""8GB RAM""]","256GB Built-in, 8GB RAM","[""Triple Camera: 50 MP, f/1.8, (wide), 1/2.76\"", AF, OIS"",""5 MP, f/2.2, (ultrawide), 1/5.0\"""",""2 MP, f/2.4, (macro), LED Flash""]","panorama, HDR, Video (1080p@30fps, gyro-EIS)","[""1080p@30fps, gyro-EIS""]","[""13 MP, f/2.0, (wide), 1/3.1""]",,"[""1080p@30fps""]","3.5mm Audio Jack, Speaker Phone",true,"Wi-Fi 802.11 a/b/g/n/ac, dual-band, Wi-Fi Direct","v5.3 with A2DP, LE","Yes + GPS, GLONASS, GALILEO, BDS, QZSS",true,false,true,USB Type-C 2.0,false,true,false,"Accelerometer, Compass, Fingerprint (side mounted), Virtual proximity sensing",5000 mAh,false,"[""- Fast battery 25W wired""]","[""Black"",""Gray"",""Light blue""]",Weight Unknown,[87500.0],0.87500,29c0649d0d2eac699e61e8f6a9858f5410ec9c0ddc5f5b51504ded45665ff3ee,"{""Battery"":{""Capacity"":""5000 mAh"",""Charging"":[""- Fast battery 25W wired""],""WirelessCharging"":0},""Body"":{""Build"":""NFC (market/region dependent), IP54 dust protected and water resistant (water splashes), Glass front (Gorilla Glass Victus), plastic frame, glass fiber back"",""Dimensions"":""164.4 x 77.9 x 7.5 mm"",""Protection"":""NFC (market/region dependent), IP54 dust protected and water resistant (water splashes), Glass front (Gorilla Glass Victus), plastic frame, glass fiber back"",""SIM"":""Nano-SIM + Nano-SIM"",""Weight"":""192 g""},""Colors"":[""Black"",""Gray"",""Light blue""],""Display"":{""Protection"":""Corning Gorilla Glass Victus, Mohs level 5"",""Resolution"":""1080 x 2340 Pixels (~382 PPI)"",""Size"":""6.7 Inches"",""Type"":""Super AMOLED Capacitive Touchscreen, Multitouch""},""Features"":{""BackFingerPrint"":0,""Bluetooth"":""v5.3 with A2DP, LE"",""InDisplayFingerPrint"":0,""Infrared port"":0,""NFC"":1,""Positioning"":""Yes + GPS, GLONASS, GALILEO, BDS, QZSS"",""Radio"":1,""Sensors"":""Accelerometer, Compass, Fingerprint (side mounted), Virtual proximity sensing"",""SideFingerPrint"":1,""USB"":""USB Type-C 2.0"",""WLAN"":""Wi-Fi 802.11 a/b/g/n/ac, dual-band, Wi-Fi Direct""},""Launch"":{""Announced"":null,""Status"":null},""Main Camera"":{""Features"":""panorama, HDR, Video (1080p@30fps, gyro-EIS)"",""Specifications"":[""Triple Camera: 50 MP, f/1.8, (wide), 1/2.76\"", AF, OIS"",""5 MP, f/2.2, (ultrawide), 1/5.0\"""",""2 MP, f/2.4, (macro), LED Flash""],""Video"":[""1080p@30fps, gyro-EIS""]},""Memory"":{""Card slot"":""microSDXC (uses shared SIM slot)"",""Technology"":""256GB Built-in, 8GB RAM"",""Types"":[""256GB Built-in"",""8GB RAM""]},""MobileName"":""Samsung Galaxy A17 8GB"",""Network"":{""2G"":1,""3G"":1,""4G"":1,""5G"":0},""Platform"":{""CPU"":""Octa-core (2 x 2.2 GHz Cortex-A76 + 6 x 2.0 GHz Cortex-A55)"",""Chipset"":""Mediatek Helio G99 (6 nm)"",""GPU"":""Mali-G57 MC2"",""OS"":""Android 15 OS, up to 6 major Android upgrades""},""Price"":[87500.0],""Selfie Camera"":{""Specifications"":[""13 MP, f/2.0, (wide), 1/3.1""],""Video"":[""1080p@30fps""]},""Sound"":{""3.5mm jack"":1,""Loudspeaker"":""3.5mm Audio Jack, Speaker Phone""},""Weight"":null}"
d8193e1a86d154110a833e815380f272b3796df63234e5b8423398413fc8b967,whatmobile,whatmobile.com.pk,whatmobile.com.pk/whatmobile__Samsung_Galaxy-A27.json,https://www.whatmobile.com.pk/Samsung_Galaxy-A27,filename,2026-08-14T07:50:12+00:00,Samsung Galaxy A27,true,true,true,true,,,162.4 x 78.2 x 7.8 mm,200 g,"NFC (Unspecified), Glass front + Gorilla Glass Victus+), plastic frame, glass back (Gorilla Glass Victus+), IP64 dust tight and water resistant (water splashes)",Nano-SIM + Nano-SIM,"NFC (Unspecified), Glass front + Gorilla Glass Victus+), plastic frame, glass back (Gorilla Glass Victus+), IP64 dust tight and water resistant (water splashes)",Super AMOLED Capacitive Touchscreen,6.7 Inches,1080 x 2340 Pixels (~385 PPI),"Corning Gorilla Glass Victus+, Mohs level 5","Android 16 OS, up to 6 major Android upgrades",Qualcomm SM6475-AB Snapdragon 6 Gen 3 (4 nm),Octa-core (4 x 2.4 GHz Cortex-A78 + 4 x 1.8 GHz Cortex-A55),Adreno 710,microSDXC (uses shared SIM slot),"[""128/256GB Built-in"",""6/8GB RAM""]","128/256GB Built-in, 6/8GB RAM","[""Triple Camera: 50 MP, f/1.8, (wide), 1/2.76\"", PDAF, OIS"",""5 MP, f/2.2, (ultrawide), 1/5.0\"""",""2 MP (macro), LED Flash""]","panorama, HDR, Video (4K@30fps, 1080p@30fps, 720p@480fps, gyro-EIS","[""4K@30fps, 1080p@30fps, 720p@480fps, gyro-EIS""]","[""12 MP, f/2.2, (wide), AF""]",,"[""1080p@30fps""]","3.5mm Audio Jack, Speaker Phone",true,"Wi-Fi 802.11 a/b/g/n/ac, dual-band, Wi-Fi Direct","v5.1 with A2DP, LE, ASHA","Yes + GPS, GLONASS, GALILEO, BDS, QZSS",false,false,true,"USB Type-C 2.0, OTG",false,true,false,"Accelerometer, Compass, Fingerprint (side-mounted),, Gyro, Virtual proximity sensing Samsung DeX support",5000 mAh,false,"[""- Fast battery 25W wired"",""45% in 30 min""]","[""Black"",""Blue"",""Light Green"",""Light Pink""]",Weight Unknown,[119999.0],0.87500,3c9c6028f237e6ae5208c2ba53ae70722411a23ca677beee45ac32e16b1d7ec1,"{""Battery"":{""Capacity"":""5000 mAh"",""Charging"":[""- Fast battery 25W wired"",""45% in 30 min""],""WirelessCharging"":0},""Body"":{""Build"":""NFC (Unspecified), Glass front + Gorilla Glass Victus+), plastic frame, glass back (Gorilla Glass Victus+), IP64 dust tight and water resistant (water splashes)"",""Dimensions"":""162.4 x 78.2 x 7.8 mm"",""Protection"":""NFC (Unspecified), Glass front + Gorilla Glass Victus+), plastic frame, glass back (Gorilla Glass Victus+), IP64 dust tight and water resistant (water splashes)"",""SIM"":""Nano-SIM + Nano-SIM"",""Weight"":""200 g""},""Colors"":[""Black"",""Blue"",""Light Green"",""Light Pink""],""Display"":{""Protection"":""Corning Gorilla Glass Victus+, Mohs level 5"",""Resolution"":""1080 x 2340 Pixels (~385 PPI)"",""Size"":""6.7 Inches"",""Type"":""Super AMOLED Capacitive Touchscreen""},""Features"":{""BackFingerPrint"":0,""Bluetooth"":""v5.1 with A2DP, LE, ASHA"",""InDisplayFingerPrint"":0,""Infrared port"":0,""NFC"":0,""Positioning"":""Yes + GPS, GLONASS, GALILEO, BDS, QZSS"",""Radio"":1,""Sensors"":""Accelerometer, Compass, Fingerprint (side-mounted),, Gyro, Virtual proximity sensing Samsung DeX support"",""SideFingerPrint"":1,""USB"":""USB Type-C 2.0, OTG"",""WLAN"":""Wi-Fi 802.11 a/b/g/n/ac, dual-band, Wi-Fi Direct""},""Launch"":{""Announced"":null,""Status"":null},""Main Camera"":{""Features"":""panorama, HDR, Video (4K@30fps, 1080p@30fps, 720p@480fps, gyro-EIS"",""Specifications"":[""Triple Camera: 50 MP, f/1.8, (wide), 1/2.76\"", PDAF, OIS"",""5 MP, f/2.2, (ultrawide), 1/5.0\"""",""2 MP (macro), LED Flash""],""Video"":[""4K@30fps, 1080p@30fps, 720p@480fps, gyro-EIS""]},""Memory"":{""Card slot"":""microSDXC (uses shared SIM slot)"",""Technology"":""128/256GB Built-in, 6/8GB RAM"",""Types"":[""128/256GB Built-in"",""6/8GB RAM""]},""MobileName"":""Samsung Galaxy A27"",""Network"":{""2G"":1,""3G"":1,""4G"":1,""5G"":1},""Platform"":{""CPU"":""Octa-core (4 x 2.4 GHz Cortex-A78 + 4 x 1.8 GHz Cortex-A55)"",""Chipset"":""Qualcomm SM6475-AB Snapdragon 6 Gen 3 (4 nm)"",""GPU"":""Adreno 710"",""OS"":""Android 16 OS, up to 6 major Android upgrades""},""Price"":[119999.0],""Selfie Camera"":{""Specifications"":[""12 MP, f/2.2, (wide), AF""],""Video"":[""1080p@30fps""]},""Sound"":{""3.5mm jack"":1,""Loudspeaker"":""3.5mm Audio Jack, Speaker Phone""},""Weight"":null}"
d7285b46c06b880fc24db30508a7404d0d24e4a33d94d116b57adc179eae2d6f,whatmobile,whatmobile.com.pk,whatmobile.com.pk/whatmobile__Samsung_Galaxy-A37.json,https://www.whatmobile.com.pk/Samsung_Galaxy-A37,filename,2026-08-14T07:50:17+00:00,Samsung Galaxy A37,true,true,true,true,,,162.9 x 78.2 x 7.4 mm,196 g,"NFC (market/region dependent), Glass front (Gorilla Glass Victus+), plastic frame, glass back + Gorilla Glass Victus+), IP68 dust tight and water resistant (immersible up to 1.5m for 30 min)",· Nano-SIM + Nano-SIM + eSIM + eSIM (max 2 at a time),"NFC (market/region dependent), Glass front (Gorilla Glass Victus+), plastic frame, glass back + Gorilla Glass Victus+), IP68 dust tight and water resistant (immersible up to 1.5m for 30 min)",Super AMOLED Capacitive Touchscreen,6.7 Inches,1080 x 2340 Pixels (~382 PPI),"Corning Gorilla Glass Victus+, Mohs level 5","Android 16 OS, up to 6 major Android upgrades",Exynos 1480 (4 nm),Octa-core (4 x 2.75 GHz Cortex-A78 + 4 x 2.0 GHz Cortex-A55),Xclipse 530,No,"[""256GB Built-in"",""8GB RAM"",""UFS""]","256GB Built-in, 8GB RAM, UFS","[""Triple Camera: 50 MP, f/1.8, (wide), 1/1.56\"", PDAF, OIS"",""8 MP, f/2.2, (ultrawide), 1/4.0\"""",""5 MP, f/2.4, (macro), LED Flash""]","panorama, HDR, Video (4K@30fps, 1080p@30/60fps, gyro-EIS)","[""4K@30fps, 1080p@30/60fps, gyro-EIS""]","[""12 MP, f/2.2, (wide), 1/3.2\""""]",,"[""4K@30fps, 1080p@30fps, 10-bit HDR""]","24-bit/192kHz Hi-Res audio, Speaker Phone",false,"Wi-Fi 802.11 a/b/g/n/ac/6, dual-band, Wi-Fi Direct","v5.4 with A2DP, LE","Yes + GPS, GLONASS, GALILEO, BDS, QZSS",true,false,false,"USB Type-C 2.0, OTG",false,false,true,"Accelerometer, Compass, Fingerprint (under display, optical), Gyro, Virtual proximity sensing",5000 mAh,false,"[""- Fast battery 45W wired""]","[""Graygreen"",""Charkoal"",""White"",""Light Violet""]",Weight Unknown,[149999.0],0.87500,73a7a2e712963a5984aec53fb61618c29943e040fd5793ca4d670c4f66e8f222,"{""Battery"":{""Capacity"":""5000 mAh"",""Charging"":[""- Fast battery 45W wired""],""WirelessCharging"":0},""Body"":{""Build"":""NFC (market/region dependent), Glass front (Gorilla Glass Victus+), plastic frame, glass back + Gorilla Glass Victus+), IP68 dust tight and water resistant (immersible up to 1.5m for 30 min)"",""Dimensions"":""162.9 x 78.2 x 7.4 mm"",""Protection"":""NFC (market/region dependent), Glass front (Gorilla Glass Victus+), plastic frame, glass back + Gorilla Glass Victus+), IP68 dust tight and water resistant (immersible up to 1.5m for 30 min)"",""SIM"":""· Nano-SIM + Nano-SIM + eSIM + eSIM (max 2 at a time)"",""Weight"":""196 g""},""Colors"":[""Graygreen"",""Charkoal"",""White"",""Light Violet""],""Display"":{""Protection"":""Corning Gorilla Glass Victus+, Mohs level 5"",""Resolution"":""1080 x 2340 Pixels (~382 PPI)"",""Size"":""6.7 Inches"",""Type"":""Super AMOLED Capacitive Touchscreen""},""Features"":{""BackFingerPrint"":0,""Bluetooth"":""v5.4 with A2DP, LE"",""InDisplayFingerPrint"":1,""Infrared port"":0,""NFC"":1,""Positioning"":""Yes + GPS, GLONASS, GALILEO, BDS, QZSS"",""Radio"":0,""Sensors"":""Accelerometer, Compass, Fingerprint (under display, optical), Gyro, Virtual proximity sensing"",""SideFingerPrint"":0,""USB"":""USB Type-C 2.0, OTG"",""WLAN"":""Wi-Fi 802.11 a/b/g/n/ac/6, dual-band, Wi-Fi Direct""},""Launch"":{""Announced"":null,""Status"":null},""Main Camera"":{""Features"":""panorama, HDR, Video (4K@30fps, 1080p@30/60fps, gyro-EIS)"",""Specifications"":[""Triple Camera: 50 MP, f/1.8, (wide), 1/1.56\"", PDAF, OIS"",""8 MP, f/2.2, (ultrawide), 1/4.0\"""",""5 MP, f/2.4, (macro), LED Flash""],""Video"":[""4K@30fps, 1080p@30/60fps, gyro-EIS""]},""Memory"":{""Card slot"":""No"",""Technology"":""256GB Built-in, 8GB RAM, UFS"",""Types"":[""256GB Built-in"",""8GB RAM"",""UFS""]},""MobileName"":""Samsung Galaxy A37"",""Network"":{""2G"":1,""3G"":1,""4G"":1,""5G"":1},""Platform"":{""CPU"":""Octa-core (4 x 2.75 GHz Cortex-A78 + 4 x 2.0 GHz Cortex-A55)"",""Chipset"":""Exynos 1480 (4 nm)"",""GPU"":""Xclipse 530"",""OS"":""Android 16 OS, up to 6 major Android upgrades""},""Price"":[149999.0],""Selfie Camera"":{""Specifications"":[""12 MP, f/2.2, (wide), 1/3.2\""""],""Video"":[""4K@30fps, 1080p@30fps, 10-bit HDR""]},""Sound"":{""3.5mm jack"":0,""Loudspeaker"":""24-bit/192kHz Hi-Res audio, Speaker Phone""},""Weight"":null}"
a6789d3461b371c678709b9788ec581233f533e6e23df12deec0dc8967ba9368,whatmobile,whatmobile.com.pk,whatmobile.com.pk/whatmobile__Samsung_Galaxy-A56-12GB.json,https://www.whatmobile.com.pk/Samsung_Galaxy-A56-12GB,filename,2026-08-14T07:48:31+00:00,Samsung Galaxy A56 12GB,true,true,true,true,,,162.7 x 77.5 x 7.4 mm,197 g,"IP67 dust/water resistant (up to 1m for 30 min), Glass front + Gorilla Glass Victus), Glass back + Gorilla Glass), Aluminum frame",Nano-SIM + Nano-SIM + eSIM (max 2 at a time),"IP67 dust/water resistant (up to 1m for 30 min), Glass front + Gorilla Glass Victus), Glass back + Gorilla Glass), Aluminum frame",Super AMOLED Capacitive Touchscreen,6.74 Inches,1080 x 2340 Pixels (~382 PPI),Corning Gorilla Glass Victus,Android 15 OS,Exynos 1580 (4 nm),Octa-core (1 x 2.91 GHz + 3 x 2.6 GHz & 4x1.95 GHz),Xclipse 540,microSDXC (uses shared SIM slot),"[""256GB Built-in"",""12GB RAM""]","256GB Built-in, 12GB RAM","[""Triple Camera: 50 MP, f/1.8, (wide), 1/1.56\"", PDAF, OIS"",""12 MP, f/2.2, (ultrawide), 1/3.06\"""",""5 MP, f/2.4, (macro), LED Flash""]","panorama, HDR, Video (4K@30fps, 1080p@30/60fps, gyro-EIS)","[""4K@30fps, 1080p@30/60fps, gyro-EIS""]","[""12 MP, f/2.0, (wide)""]",,"[""4K@30fps, 1080p@30/60fps""]",Speaker Phone,false,"Wi-Fi 802.11 a/b/g/n/ac/6e, dual-band, Wi-Fi Direct","v5.3 with A2DP, LE","Yes + GPS, GLONASS, GALILEO, BDS, QZSS",true,false,false,"USB Type-C 2.0, OTG",false,false,true,"Accelerometer, Compass, Fingerprint (under display, optical), Gyro, Proximity, Circle to Search",5000 mAh,false,"[""- Fast charging 45W""]","[""Black; other colors""]",Weight Unknown,[150999.0],0.87500,e0c683a85b4f436878d69797ada5134b4587ab9edb1d35c22ab21f69c7571732,"{""Battery"":{""Capacity"":""5000 mAh"",""Charging"":[""- Fast charging 45W""],""WirelessCharging"":0},""Body"":{""Build"":""IP67 dust/water resistant (up to 1m for 30 min), Glass front + Gorilla Glass Victus), Glass back + Gorilla Glass), Aluminum frame"",""Dimensions"":""162.7 x 77.5 x 7.4 mm"",""Protection"":""IP67 dust/water resistant (up to 1m for 30 min), Glass front + Gorilla Glass Victus), Glass back + Gorilla Glass), Aluminum frame"",""SIM"":""Nano-SIM + Nano-SIM + eSIM (max 2 at a time)"",""Weight"":""197 g""},""Colors"":[""Black; other colors""],""Display"":{""Protection"":""Corning Gorilla Glass Victus"",""Resolution"":""1080 x 2340 Pixels (~382 PPI)"",""Size"":""6.74 Inches"",""Type"":""Super AMOLED Capacitive Touchscreen""},""Features"":{""BackFingerPrint"":0,""Bluetooth"":""v5.3 with A2DP, LE"",""InDisplayFingerPrint"":1,""Infrared port"":0,""NFC"":1,""Positioning"":""Yes + GPS, GLONASS, GALILEO, BDS, QZSS"",""Radio"":0,""Sensors"":""Accelerometer, Compass, Fingerprint (under display, optical), Gyro, Proximity, Circle to Search"",""SideFingerPrint"":0,""USB"":""USB Type-C 2.0, OTG"",""WLAN"":""Wi-Fi 802.11 a/b/g/n/ac/6e, dual-band, Wi-Fi Direct""},""Launch"":{""Announced"":null,""Status"":null},""Main Camera"":{""Features"":""panorama, HDR, Video (4K@30fps, 1080p@30/60fps, gyro-EIS)"",""Specifications"":[""Triple Camera: 50 MP, f/1.8, (wide), 1/1.56\"", PDAF, OIS"",""12 MP, f/2.2, (ultrawide), 1/3.06\"""",""5 MP, f/2.4, (macro), LED Flash""],""Video"":[""4K@30fps, 1080p@30/60fps, gyro-EIS""]},""Memory"":{""Card slot"":""microSDXC (uses shared SIM slot)"",""Technology"":""256GB Built-in, 12GB RAM"",""Types"":[""256GB Built-in"",""12GB RAM""]},""MobileName"":""Samsung Galaxy A56 12GB"",""Network"":{""2G"":1,""3G"":1,""4G"":1,""5G"":1},""Platform"":{""CPU"":""Octa-core (1 x 2.91 GHz + 3 x 2.6 GHz & 4x1.95 GHz)"",""Chipset"":""Exynos 1580 (4 nm)"",""GPU"":""Xclipse 540"",""OS"":""Android 15 OS""},""Price"":[150999.0],""Selfie Camera"":{""Specifications"":[""12 MP, f/2.0, (wide)""],""Video"":[""4K@30fps, 1080p@30/60fps""]},""Sound"":{""3.5mm jack"":0,""Loudspeaker"":""Speaker Phone""},""Weight"":null}"
aa107e0df2a31c69074f79377c87bfb8e5e3e7af494d861a68e58ed3a5c12927,whatmobile,whatmobile.com.pk,whatmobile.com.pk/whatmobile__Samsung_Galaxy-A57-12GB.json,https://www.whatmobile.com.pk/Samsung_Galaxy-A57-12GB,filename,2026-08-14T07:43:23+00:00,Samsung Galaxy A57 12GB,true,true,true,true,,,161.5 x 76.8 x 6.9 mm,179 g,"NFC (market/region dependent), Glass front+ Gorilla Glass Victus+), Aluminum frame, glass back (Gorilla Glass Victus+), IP68 dust tight and water resistant (immersible up to 1.5m for 30 min)",Nano-SIM + Nano-SIM + eSIM + eSIM (max 2 at a time),"NFC (market/region dependent), Glass front+ Gorilla Glass Victus+), Aluminum frame, glass back (Gorilla Glass Victus+), IP68 dust tight and water resistant (immersible up to 1.5m for 30 min)",Super AMOLED Plus Touchscreen,6.7 Inches,1080 x 2340 Pixels (~384 PPI),"Corning Gorilla Glass Victus+, Mohs level 5","Android 16 OS, up to 6 major Android upgrades",Exynos 1680 (4 nm),Octa-core (1 x 2.9 GHz Cortex-720 + 4 x 2.6 GHz Cortex-720 + 3 x 1.95 GHz Cortex-520),Xclipse 550,No,"[""256GB Built-in"",""12GB RAM"",""UFS""]","256GB Built-in, 12GB RAM, UFS","[""Triple Camera: 50 MP, f/1.8, (wide), 1/1.56\"", PDAF, OIS"",""12 MP, f/2.2, (ultrawide), 1/3.06\"", 5 MP, f/2.4, (macro), LED Flash""]","Best Face, panorama, HDR, Video (4K@30fps, 1080p@30/60fps, HDR, gyro-EIS)","[""4K@30fps, 1080p@30/60fps, HDR, gyro-EIS""]","[""12 MP, f/2.2, (wide), 1/3.2\""""]",,"[""4K@30fps, 1080p@30/60fps, 10-bit HDR""]",Speaker Phone,false,"Wi-Fi 802.11 a/b/g/n/ac/6e, dual-band or tri-band, Wi-Fi Direct","v6.0 with A2DP, LE","Yes + GPS, GLONASS, GALILEO, BDS, QZSS",true,false,false,"USB Type-C 2.0, OTG",false,false,true,"Accelerometer, Compass, Fingerprint (under display, optical), Gyro, Proximity, Virtual proximity sensing",5000 mAh,false,"[""- Fast charging 45W wired""]","[""Navy"",""Gray"",""Icyblue"",""Lilac""]",Weight Unknown,[184999.0],0.87500,da48d3273507ca9aadec56ab6ae24b24663e95b47644fd12e08282e7b4fdcf1c,"{""Battery"":{""Capacity"":""5000 mAh"",""Charging"":[""- Fast charging 45W wired""],""WirelessCharging"":0},""Body"":{""Build"":""NFC (market/region dependent), Glass front+ Gorilla Glass Victus+), Aluminum frame, glass back (Gorilla Glass Victus+), IP68 dust tight and water resistant (immersible up to 1.5m for 30 min)"",""Dimensions"":""161.5 x 76.8 x 6.9 mm"",""Protection"":""NFC (market/region dependent), Glass front+ Gorilla Glass Victus+), Aluminum frame, glass back (Gorilla Glass Victus+), IP68 dust tight and water resistant (immersible up to 1.5m for 30 min)"",""SIM"":""Nano-SIM + Nano-SIM + eSIM + eSIM (max 2 at a time)"",""Weight"":""179 g""},""Colors"":[""Navy"",""Gray"",""Icyblue"",""Lilac""],""Display"":{""Protection"":""Corning Gorilla Glass Victus+, Mohs level 5"",""Resolution"":""1080 x 2340 Pixels (~384 PPI)"",""Size"":""6.7 Inches"",""Type"":""Super AMOLED Plus Touchscreen""},""Features"":{""BackFingerPrint"":0,""Bluetooth"":""v6.0 with A2DP, LE"",""InDisplayFingerPrint"":1,""Infrared port"":0,""NFC"":1,""Positioning"":""Yes + GPS, GLONASS, GALILEO, BDS, QZSS"",""Radio"":0,""Sensors"":""Accelerometer, Compass, Fingerprint (under display, optical), Gyro, Proximity, Virtual proximity sensing"",""SideFingerPrint"":0,""USB"":""USB Type-C 2.0, OTG"",""WLAN"":""Wi-Fi 802.11 a/b/g/n/ac/6e, dual-band or tri-band, Wi-Fi Direct""},""Launch"":{""Announced"":null,""Status"":null},""Main Camera"":{""Features"":""Best Face, panorama, HDR, Video (4K@30fps, 1080p@30/60fps, HDR, gyro-EIS)"",""Specifications"":[""Triple Camera: 50 MP, f/1.8, (wide), 1/1.56\"", PDAF, OIS"",""12 MP, f/2.2, (ultrawide), 1/3.06\"", 5 MP, f/2.4, (macro), LED Flash""],""Video"":[""4K@30fps, 1080p@30/60fps, HDR, gyro-EIS""]},""Memory"":{""Card slot"":""No"",""Technology"":""256GB Built-in, 12GB RAM, UFS"",""Types"":[""256GB Built-in"",""12GB RAM"",""UFS""]},""MobileName"":""Samsung Galaxy A57 12GB"",""Network"":{""2G"":1,""3G"":1,""4G"":1,""5G"":1},""Platform"":{""CPU"":""Octa-core (1 x 2.9 GHz Cortex-720 + 4 x 2.6 GHz Cortex-720 + 3 x 1.95 GHz Cortex-520)"",""Chipset"":""Exynos 1680 (4 nm)"",""GPU"":""Xclipse 550"",""OS"":""Android 16 OS, up to 6 major Android upgrades""},""Price"":[184999.0],""Selfie Camera"":{""Specifications"":[""12 MP, f/2.2, (wide), 1/3.2\""""],""Video"":[""4K@30fps, 1080p@30/60fps, 10-bit HDR""]},""Sound"":{""3.5mm jack"":0,""Loudspeaker"":""Speaker Phone""},""Weight"":null}"
5c5e7c9855b0f4627ed07ca43133322296664dfb3a1baae9e5684fd6c3cf6c05,whatmobile,whatmobile.com.pk,whatmobile.com.pk/whatmobile__Samsung_Galaxy-A57-512GB.json,https://www.whatmobile.com.pk/Samsung_Galaxy-A57-512GB,filename,2026-08-14T07:43:16+00:00,Samsung Galaxy A57 512GB,true,true,true,true,,,161.5 x 76.8 x 6.9 mm,179 g,"NFC (market/region dependent), Glass front+ Gorilla Glass Victus+), Aluminum frame, glass back (Gorilla Glass Victus+), IP68 dust tight and water resistant (immersible up to 1.5m for 30 min)",Nano-SIM + Nano-SIM + eSIM + eSIM (max 2 at a time),"NFC (market/region dependent), Glass front+ Gorilla Glass Victus+), Aluminum frame, glass back (Gorilla Glass Victus+), IP68 dust tight and water resistant (immersible up to 1.5m for 30 min)",Super AMOLED Plus Touchscreen,6.7 Inches,1080 x 2340 Pixels (~384 PPI),"Corning Gorilla Glass Victus+, Mohs level 5","Android 16 OS, up to 6 major Android upgrades",Exynos 1680 (4 nm),Octa-core (1 x 2.9 GHz Cortex-720 + 4 x 2.6 GHz Cortex-720 + 3 x 1.95 GHz Cortex-520),Xclipse 550,No,"[""512GB Built-in"",""12GB RAM"",""UFS""]","512GB Built-in, 12GB RAM, UFS","[""Triple Camera: 50 MP, f/1.8, (wide), 1/1.56\"", PDAF, OIS"",""12 MP, f/2.2, (ultrawide), 1/3.06\"", 5 MP, f/2.4, (macro), LED Flash""]","Best Face, panorama, HDR, Video (4K@30fps, 1080p@30/60fps, HDR, gyro-EIS)","[""4K@30fps, 1080p@30/60fps, HDR, gyro-EIS""]","[""12 MP, f/2.2, (wide), 1/3.2\""""]",,"[""4K@30fps, 1080p@30/60fps, 10-bit HDR""]",Speaker Phone,false,"Wi-Fi 802.11 a/b/g/n/ac/6e, dual-band or tri-band, Wi-Fi Direct","v6.0 with A2DP, LE","Yes + GPS, GLONASS, GALILEO, BDS, QZSS",true,false,false,"USB Type-C 2.0, OTG",false,false,true,"Accelerometer, Compass, Fingerprint (under display, optical), Gyro, Proximity, Virtual proximity sensing",5000 mAh,false,"[""- Fast charging 45W wired""]","[""Navy"",""Gray"",""Icyblue"",""Lilac""]",Weight Unknown,[224999.0],0.87500,47b4313a9b5c3727735f5164f7d3eb810535667859c0374e97f1ae9a283284b3,"{""Battery"":{""Capacity"":""5000 mAh"",""Charging"":[""- Fast charging 45W wired""],""WirelessCharging"":0},""Body"":{""Build"":""NFC (market/region dependent), Glass front+ Gorilla Glass Victus+), Aluminum frame, glass back (Gorilla Glass Victus+), IP68 dust tight and water resistant (immersible up to 1.5m for 30 min)"",""Dimensions"":""161.5 x 76.8 x 6.9 mm"",""Protection"":""NFC (market/region dependent), Glass front+ Gorilla Glass Victus+), Aluminum frame, glass back (Gorilla Glass Victus+), IP68 dust tight and water resistant (immersible up to 1.5m for 30 min)"",""SIM"":""Nano-SIM + Nano-SIM + eSIM + eSIM (max 2 at a time)"",""Weight"":""179 g""},""Colors"":[""Navy"",""Gray"",""Icyblue"",""Lilac""],""Display"":{""Protection"":""Corning Gorilla Glass Victus+, Mohs level 5"",""Resolution"":""1080 x 2340 Pixels (~384 PPI)"",""Size"":""6.7 Inches"",""Type"":""Super AMOLED Plus Touchscreen""},""Features"":{""BackFingerPrint"":0,""Bluetooth"":""v6.0 with A2DP, LE"",""InDisplayFingerPrint"":1,""Infrared port"":0,""NFC"":1,""Positioning"":""Yes + GPS, GLONASS, GALILEO, BDS, QZSS"",""Radio"":0,""Sensors"":""Accelerometer, Compass, Fingerprint (under display, optical), Gyro, Proximity, Virtual proximity sensing"",""SideFingerPrint"":0,""USB"":""USB Type-C 2.0, OTG"",""WLAN"":""Wi-Fi 802.11 a/b/g/n/ac/6e, dual-band or tri-band, Wi-Fi Direct""},""Launch"":{""Announced"":null,""Status"":null},""Main Camera"":{""Features"":""Best Face, panorama, HDR, Video (4K@30fps, 1080p@30/60fps, HDR, gyro-EIS)"",""Specifications"":[""Triple Camera: 50 MP, f/1.8, (wide), 1/1.56\"", PDAF, OIS"",""12 MP, f/2.2, (ultrawide), 1/3.06\"", 5 MP, f/2.4, (macro), LED Flash""],""Video"":[""4K@30fps, 1080p@30/60fps, HDR, gyro-EIS""]},""Memory"":{""Card slot"":""No"",""Technology"":""512GB Built-in, 12GB RAM, UFS"",""Types"":[""512GB Built-in"",""12GB RAM"",""UFS""]},""MobileName"":""Samsung Galaxy A57 512GB"",""Network"":{""2G"":1,""3G"":1,""4G"":1,""5G"":1},""Platform"":{""CPU"":""Octa-core (1 x 2.9 GHz Cortex-720 + 4 x 2.6 GHz Cortex-720 + 3 x 1.95 GHz Cortex-520)"",""Chipset"":""Exynos 1680 (4 nm)"",""GPU"":""Xclipse 550"",""OS"":""Android 16 OS, up to 6 major Android upgrades""},""Price"":[224999.0],""Selfie Camera"":{""Specifications"":[""12 MP, f/2.2, (wide), 1/3.2\""""],""Video"":[""4K@30fps, 1080p@30/60fps, 10-bit HDR""]},""Sound"":{""3.5mm jack"":0,""Loudspeaker"":""Speaker Phone""},""Weight"":null}"
6442be3f9b24f202069db69c38361cb47062f9778cb7cb57a1d445b84d6f7af1,whatmobile,whatmobile.com.pk,whatmobile.com.pk/whatmobile__Sparx_Neo-15-Ultra.json,https://www.whatmobile.com.pk/Sparx_Neo-15-Ultra,filename,2026-08-14T07:48:09+00:00,Sparx Neo 15 Ultra,true,true,true,false,,,167.35 x 77.37 x 8.5mm,N/A,"Photo/video editor, Document viewer","Dual Sim, Dual Standby (Nano-SIM)","Photo/video editor, Document viewer",IPS LCD Capacitive Touchscreen,6.75 Inches,1080 x 2340 Pixels (~382 PPI),,Android 15 OS,MediaTek,Octa Core,,"microSD Card, (supports up to 256GB)","[""128GB Built-in"",""6GB RAM (+ 6GB Expandable RAM)""]","128GB Built-in, 6GB RAM (+ 6GB Expandable RAM)","[""50 MP CIF, LED Flash""]","Geo-tagging, Phase detection, HDR, Video","[""Geo-tagging, Phase detection, HDR, Video""]","[""8 MP""]",,"[""8 MP""]","3.5mm Audio Jack, Speaker Phone",true,"Wi-Fi 802.11 b/g/n, hotspot","v5.0 with A2DP, LE",Yes + A-GPS support,false,false,true,USB type-C,false,true,false,"Accelerometer, FingerPrint (side mounted), Proximity","(Non removable), 5000 mAh",false,"[""- Battery charging 18W""]","[""Solar Champagne""]",Weight Unknown,[29499.0],0.83333,7dfde336f87c072eed0d59592fa1edca5c3d4843c64eaad27b434ddf56d5d11c,"{""Battery"":{""Capacity"":""(Non removable), 5000 mAh"",""Charging"":[""- Battery charging 18W""],""WirelessCharging"":0},""Body"":{""Build"":""Photo/video editor, Document viewer"",""Dimensions"":""167.35 x 77.37 x 8.5mm"",""Protection"":""Photo/video editor, Document viewer"",""SIM"":""Dual Sim, Dual Standby (Nano-SIM)"",""Weight"":""N/A""},""Colors"":[""Solar Champagne""],""Display"":{""Protection"":null,""Resolution"":""1080 x 2340 Pixels (~382 PPI)"",""Size"":""6.75 Inches"",""Type"":""IPS LCD Capacitive Touchscreen""},""Features"":{""BackFingerPrint"":0,""Bluetooth"":""v5.0 with A2DP, LE"",""InDisplayFingerPrint"":0,""Infrared port"":0,""NFC"":0,""Positioning"":""Yes + A-GPS support"",""Radio"":1,""Sensors"":""Accelerometer, FingerPrint (side mounted), Proximity"",""SideFingerPrint"":1,""USB"":""USB type-C"",""WLAN"":""Wi-Fi 802.11 b/g/n, hotspot""},""Launch"":{""Announced"":null,""Status"":null},""Main Camera"":{""Features"":""Geo-tagging, Phase detection, HDR, Video"",""Specifications"":[""50 MP CIF, LED Flash""],""Video"":[""Geo-tagging, Phase detection, HDR, Video""]},""Memory"":{""Card slot"":""microSD Card, (supports up to 256GB)"",""Technology"":""128GB Built-in, 6GB RAM (+ 6GB Expandable RAM)"",""Types"":[""128GB Built-in"",""6GB RAM (+ 6GB Expandable RAM)""]},""MobileName"":""Sparx Neo 15 Ultra"",""Network"":{""2G"":1,""3G"":1,""4G"":1,""5G"":0},""Platform"":{""CPU"":""Octa Core"",""Chipset"":""MediaTek"",""GPU"":null,""OS"":""Android 15 OS""},""Price"":[29499.0],""Selfie Camera"":{""Specifications"":[""8 MP""],""Video"":[""8 MP""]},""Sound"":{""3.5mm jack"":1,""Loudspeaker"":""3.5mm Audio Jack, Speaker Phone""},""Weight"":null}"
be8fa653a7c71d690d2eb77abf9cc44ea51b9b949294b49c312e385cc1571a3b,whatmobile,whatmobile.com.pk,whatmobile.com.pk/whatmobile__Tecno_Camon-50-Pro.json,https://www.whatmobile.com.pk/Tecno_Camon-50-Pro,filename,2026-08-14T07:45:35+00:00,Tecno Camon 50 Pro,true,true,true,false,,,162.4 x 77 x 7.4 mm,N/A,IP68/IP69K dust tight and water resistant (high pressure water jets; immersible up to 2m for 30 min),Nano-SIM + Nano-SIM,IP68/IP69K dust tight and water resistant (high pressure water jets; immersible up to 2m for 30 min),Curved AMOLED Capacitive Touchscreen,6.78 Inches,1208 x 2644 Pixels (~429 PPI),Unspecified,"Android 16 OS, up to 3 major Android upgrades",Mediatek Helio G200 Ultimate (6 nm),Octa-core (2 x 2.2 GHz Cortex-A76 + 6 x 2.0 GHz Cortex-A55),Mali-G57 MC2 (1.1GHz),Unspecified,"[""256GB Built-in"",""8GB RAM""]","256GB Built-in, 8GB RAM","[""Triple Camera: 50 MP, f/1.8, 23mm (wide), 1/1.56\"", PDAF, OIS"",""50 MP, f/2.4, 70mm (telephoto), AF, OIS, 3x optical zoom"",""8 MP, f/2.2, 14mm, (ultrawide), Dual LED Flash""]","Panorama, HDR, Video (1080p@30fps)","[""1080p@30fps""]","[""32 MP, f/2.5, (wide)""]",,"[""1080p@30fps""]","24-bit/192kHz Hi-Res audio, Dual Speaker, Dolby Atmos",false,"Wi-Fi 802.11 a/b/g/n/ac, dual-band","v5.3 with A2DP, LE",Yes + A-GPS support,true,true,true,"USB Type-C 2.0, OTG",false,false,true,"Accelerometer, Compass, Fingerprint (under display, optical, Proximity",6150 mAh,false,"[""- Fast battery 45W wired""]","[""Moonshadow Black"",""Malachite Green"",""Nebula Titanium""]",Weight Unknown,[104999.0],0.87500,fdd4ba1a83127a7a7f8a22e24bd4a834623a8fc38d570972c97deb400d306b69,"{""Battery"":{""Capacity"":""6150 mAh"",""Charging"":[""- Fast battery 45W wired""],""WirelessCharging"":0},""Body"":{""Build"":""IP68/IP69K dust tight and water resistant (high pressure water jets; immersible up to 2m for 30 min)"",""Dimensions"":""162.4 x 77 x 7.4 mm"",""Protection"":""IP68/IP69K dust tight and water resistant (high pressure water jets; immersible up to 2m for 30 min)"",""SIM"":""Nano-SIM + Nano-SIM"",""Weight"":""N/A""},""Colors"":[""Moonshadow Black"",""Malachite Green"",""Nebula Titanium""],""Display"":{""Protection"":""Unspecified"",""Resolution"":""1208 x 2644 Pixels (~429 PPI)"",""Size"":""6.78 Inches"",""Type"":""Curved AMOLED Capacitive Touchscreen""},""Features"":{""BackFingerPrint"":0,""Bluetooth"":""v5.3 with A2DP, LE"",""InDisplayFingerPrint"":1,""Infrared port"":1,""NFC"":1,""Positioning"":""Yes + A-GPS support"",""Radio"":1,""Sensors"":""Accelerometer, Compass, Fingerprint (under display, optical, Proximity"",""SideFingerPrint"":0,""USB"":""USB Type-C 2.0, OTG"",""WLAN"":""Wi-Fi 802.11 a/b/g/n/ac, dual-band""},""Launch"":{""Announced"":null,""Status"":null},""Main Camera"":{""Features"":""Panorama, HDR, Video (1080p@30fps)"",""Specifications"":[""Triple Camera: 50 MP, f/1.8, 23mm (wide), 1/1.56\"", PDAF, OIS"",""50 MP, f/2.4, 70mm (telephoto), AF, OIS, 3x optical zoom"",""8 MP, f/2.2, 14mm, (ultrawide), Dual LED Flash""],""Video"":[""1080p@30fps""]},""Memory"":{""Card slot"":""Unspecified"",""Technology"":""256GB Built-in, 8GB RAM"",""Types"":[""256GB Built-in"",""8GB RAM""]},""MobileName"":""Tecno Camon 50 Pro"",""Network"":{""2G"":1,""3G"":1,""4G"":1,""5G"":0},""Platform"":{""CPU"":""Octa-core (2 x 2.2 GHz Cortex-A76 + 6 x 2.0 GHz Cortex-A55)"",""Chipset"":""Mediatek Helio G200 Ultimate (6 nm)"",""GPU"":""Mali-G57 MC2 (1.1GHz)"",""OS"":""Android 16 OS, up to 3 major Android upgrades""},""Price"":[104999.0],""Selfie Camera"":{""Specifications"":[""32 MP, f/2.5, (wide)""],""Video"":[""1080p@30fps""]},""Sound"":{""3.5mm jack"":0,""Loudspeaker"":""24-bit/192kHz Hi-Res audio, Dual Speaker, Dolby Atmos""},""Weight"":null}"
84957b6778275fa587013b80a287199599552ad390d554efd643c3a7c41d361a,whatmobile,whatmobile.com.pk,whatmobile.com.pk/whatmobile__Tecno_Camon-50-Ultra.json,https://www.whatmobile.com.pk/Tecno_Camon-50-Ultra,filename,2026-08-14T07:44:21+00:00,Tecno Camon 50 Ultra,true,true,true,true,,,162.4 x 77 x 7.8 mm,178 g,"Glass front + Gorilla Glass 7i), glass back + Gorilla Glass 7i), plastic frame, IP68/IP69K dust tight and water resistant (high pressure water jets; immersible up to 2m for 30 min)",Nano-SIM + Nano-SIM + eSIM (max 2 at a time),"Glass front + Gorilla Glass 7i), glass back + Gorilla Glass 7i), plastic frame, IP68/IP69K dust tight and water resistant (high pressure water jets; immersible up to 2m for 30 min)",Curved AMOLED Capacitive Touchscreen,6.78 Inches,1208 x 2644 Pixels (~429 PPI),"Corning Gorilla Glass 7i, HDR image support","Android 16 OS, up to 3 major Android upgrades",Mediatek Dimensity 7400 Ultimate (4 nm),Octa-core (4 x 2.6 GHz Cortex-A78 + 4 x 2.0 GHz Cortex-A55),Mali-G615 MC2,No,"[""256GB Built-in"",""12GB RAM(+12GB Extended RAM)""]","256GB Built-in, 12GB RAM(+12GB Extended RAM)","[""Triple Camera: 50 MP, f/1.8, 23mm (wide), 1/1.56\"", PDAF, OIS"",""50 MP, f/2.4, 70mm (telephoto), 1/2.88\"", PDAF, 3x optical zoom"",""8 MP, f/2.2, 14mm, (ultrawide), 1/4.0\"", Dual LED Flash""]","Panorama, HDR, Video (4K@30fps, 1080p@60fps)","[""4K@30fps, 1080p@60fps""]","[""50 MP, f/2.4, 21mm (wide), 1/2.76\"", PDAF""]",,"[""4K@30/60fps, 1080p@60fps""]","24-bit/192kHz Hi-Res audio, Stereo speakers (with Dolby Atmos)",false,"Wi-Fi 802.11 a/b/g/n/ac, dual-band","v5.3 with A2DP, LE",Yes + A-GPS support,true,true,true,"USB Type-C 2.0, OTG",false,false,true,"Accelerometer, Compass, Fingerprint (under display, optical), Proximity",6500 mAh,false,"[""- Fast battery 45W wired""]","[""Moonshadow Black"",""Nebula Titanium"",""Luminous Orange""]",Weight Unknown,[119999.0],0.87500,539d8b86441eee2e622bfca754abcfb2b2dda4faa79ba5f110343f4c05c21b39,"{""Battery"":{""Capacity"":""6500 mAh"",""Charging"":[""- Fast battery 45W wired""],""WirelessCharging"":0},""Body"":{""Build"":""Glass front + Gorilla Glass 7i), glass back + Gorilla Glass 7i), plastic frame, IP68/IP69K dust tight and water resistant (high pressure water jets; immersible up to 2m for 30 min)"",""Dimensions"":""162.4 x 77 x 7.8 mm"",""Protection"":""Glass front + Gorilla Glass 7i), glass back + Gorilla Glass 7i), plastic frame, IP68/IP69K dust tight and water resistant (high pressure water jets; immersible up to 2m for 30 min)"",""SIM"":""Nano-SIM + Nano-SIM + eSIM (max 2 at a time)"",""Weight"":""178 g""},""Colors"":[""Moonshadow Black"",""Nebula Titanium"",""Luminous Orange""],""Display"":{""Protection"":""Corning Gorilla Glass 7i, HDR image support"",""Resolution"":""1208 x 2644 Pixels (~429 PPI)"",""Size"":""6.78 Inches"",""Type"":""Curved AMOLED Capacitive Touchscreen""},""Features"":{""BackFingerPrint"":0,""Bluetooth"":""v5.3 with A2DP, LE"",""InDisplayFingerPrint"":1,""Infrared port"":1,""NFC"":1,""Positioning"":""Yes + A-GPS support"",""Radio"":1,""Sensors"":""Accelerometer, Compass, Fingerprint (under display, optical), Proximity"",""SideFingerPrint"":0,""USB"":""USB Type-C 2.0, OTG"",""WLAN"":""Wi-Fi 802.11 a/b/g/n/ac, dual-band""},""Launch"":{""Announced"":null,""Status"":null},""Main Camera"":{""Features"":""Panorama, HDR, Video (4K@30fps, 1080p@60fps)"",""Specifications"":[""Triple Camera: 50 MP, f/1.8, 23mm (wide), 1/1.56\"", PDAF, OIS"",""50 MP, f/2.4, 70mm (telephoto), 1/2.88\"", PDAF, 3x optical zoom"",""8 MP, f/2.2, 14mm, (ultrawide), 1/4.0\"", Dual LED Flash""],""Video"":[""4K@30fps, 1080p@60fps""]},""Memory"":{""Card slot"":""No"",""Technology"":""256GB Built-in, 12GB RAM(+12GB Extended RAM)"",""Types"":[""256GB Built-in"",""12GB RAM(+12GB Extended RAM)""]},""MobileName"":""Tecno Camon 50 Ultra"",""Network"":{""2G"":1,""3G"":1,""4G"":1,""5G"":1},""Platform"":{""CPU"":""Octa-core (4 x 2.6 GHz Cortex-A78 + 4 x 2.0 GHz Cortex-A55)"",""Chipset"":""Mediatek Dimensity 7400 Ultimate (4 nm)"",""GPU"":""Mali-G615 MC2"",""OS"":""Android 16 OS, up to 3 major Android upgrades""},""Price"":[119999.0],""Selfie Camera"":{""Specifications"":[""50 MP, f/2.4, 21mm (wide), 1/2.76\"", PDAF""],""Video"":[""4K@30/60fps, 1080p@60fps""]},""Sound"":{""3.5mm jack"":0,""Loudspeaker"":""24-bit/192kHz Hi-Res audio, Stereo speakers (with Dolby Atmos)""},""Weight"":null}"
de7bf99032fd8ab6780baaf66cb7d5d30eb77bc586be93b9ab0ae90fdd5ac2d0,whatmobile,whatmobile.com.pk,whatmobile.com.pk/whatmobile__Tecno_Camon-50.json,https://www.whatmobile.com.pk/Tecno_Camon-50,filename,2026-08-14T07:47:34+00:00,Tecno Camon 50,true,true,true,false,,,162.4 x 77.2 x 7.5 mm,N/A,"IP68/IP69K dust tight and water resistant (high pressure water jets; immersible up to 2m for 30 min), Document viewer",Nano-SIM + Nano-SIM,"IP68/IP69K dust tight and water resistant (high pressure water jets; immersible up to 2m for 30 min), Document viewer","AMOLED Capacitive Touchscreen, 1B Colors",6.78 Inches,1208 x 2644 Pixels (~429 PPI),Unspecified,"Android 16 OS, up to 3 major Android upgrades",Mediatek Helio G200 Ultimate (6 nm),Octa-core (2 x 2.2 GHz Cortex-A76 + 6 x 2.0 GHz Cortex-A55),Mali-G57 MC2 (1.1GHz),Unspecified,"[""256GB Built-in"",""8GB RAM""]","256GB Built-in, 8GB RAM","[""Dual Camera: 50 MP, f/1.8, 23mm (wide), 1/1.56\"", PDAF, OIS"",""8 MP, f/2.2, 14mm, (ultrawide), AF, Dual LED Flash""]","Panorama, HDR, Video (1080p@30fps)","[""1080p@30fps""]","[""32 MP, f/2.5, (wide)""]",,"[""1080p@30fps""]","Dolby Atmos, Dual Speaker",false,"Wi-Fi 802.11 a/b/g/n/ac, dual-band","v5.4 with A2DP, LE",Yes + A-GPS support,true,true,true,"USB Type-C 2.0, OTG",false,false,true,"Accelerometer, Compass, Fingerprint (under display, optical), Proximity",6500 mAh,false,"[""- Fast battery 45W wired""]","[""Moonshadow Black"",""Malachite Green"",""Nebula Titanium""]",Weight Unknown,[94999.0],0.87500,334b9fca209bb0ccd486361b7ad7a6a251ca41f52d8f9a72901e27899b9f8612,"{""Battery"":{""Capacity"":""6500 mAh"",""Charging"":[""- Fast battery 45W wired""],""WirelessCharging"":0},""Body"":{""Build"":""IP68/IP69K dust tight and water resistant (high pressure water jets; immersible up to 2m for 30 min), Document viewer"",""Dimensions"":""162.4 x 77.2 x 7.5 mm"",""Protection"":""IP68/IP69K dust tight and water resistant (high pressure water jets; immersible up to 2m for 30 min), Document viewer"",""SIM"":""Nano-SIM + Nano-SIM"",""Weight"":""N/A""},""Colors"":[""Moonshadow Black"",""Malachite Green"",""Nebula Titanium""],""Display"":{""Protection"":""Unspecified"",""Resolution"":""1208 x 2644 Pixels (~429 PPI)"",""Size"":""6.78 Inches"",""Type"":""AMOLED Capacitive Touchscreen, 1B Colors""},""Features"":{""BackFingerPrint"":0,""Bluetooth"":""v5.4 with A2DP, LE"",""InDisplayFingerPrint"":1,""Infrared port"":1,""NFC"":1,""Positioning"":""Yes + A-GPS support"",""Radio"":1,""Sensors"":""Accelerometer, Compass, Fingerprint (under display, optical), Proximity"",""SideFingerPrint"":0,""USB"":""USB Type-C 2.0, OTG"",""WLAN"":""Wi-Fi 802.11 a/b/g/n/ac, dual-band""},""Launch"":{""Announced"":null,""Status"":null},""Main Camera"":{""Features"":""Panorama, HDR, Video (1080p@30fps)"",""Specifications"":[""Dual Camera: 50 MP, f/1.8, 23mm (wide), 1/1.56\"", PDAF, OIS"",""8 MP, f/2.2, 14mm, (ultrawide), AF, Dual LED Flash""],""Video"":[""1080p@30fps""]},""Memory"":{""Card slot"":""Unspecified"",""Technology"":""256GB Built-in, 8GB RAM"",""Types"":[""256GB Built-in"",""8GB RAM""]},""MobileName"":""Tecno Camon 50"",""Network"":{""2G"":1,""3G"":1,""4G"":1,""5G"":0},""Platform"":{""CPU"":""Octa-core (2 x 2.2 GHz Cortex-A76 + 6 x 2.0 GHz Cortex-A55)"",""Chipset"":""Mediatek Helio G200 Ultimate (6 nm)"",""GPU"":""Mali-G57 MC2 (1.1GHz)"",""OS"":""Android 16 OS, up to 3 major Android upgrades""},""Price"":[94999.0],""Selfie Camera"":{""Specifications"":[""32 MP, f/2.5, (wide)""],""Video"":[""1080p@30fps""]},""Sound"":{""3.5mm jack"":0,""Loudspeaker"":""Dolby Atmos, Dual Speaker""},""Weight"":null}"
43f19b71be2b9602c67b5f0d605c054491b8ad653921e6655e77530ca06b1223,whatmobile,whatmobile.com.pk,whatmobile.com.pk/whatmobile__Tecno_Spark-40C.json,https://www.whatmobile.com.pk/Tecno_Spark-40C,filename,2026-08-14T07:51:37+00:00,Tecno Spark 40C,true,true,true,false,,,165.6 x 77 x 8.4 mm,N/A,"Glass front, plastic back, plastic frame, IP64 dust tight and water resistant (water splashes) Drop resistant up to 1.5m",Nano-SIM + Nano-SIM,"Glass front, plastic back, plastic frame, IP64 dust tight and water resistant (water splashes) Drop resistant up to 1.5m",IPS LCD Capacitive Touchscreen,6.67 Inches,720 x 1600 Pixels (~263 PPI),,Android 15 OS,Mediatek Helio G81 (12 nm),Octa-core (2 x 2.0 GHz Cortex-A75 + 6 x 1.8 GHz Cortex-A55),Mali-G52 MC2,Unspecified,"[""128GB Built-in"",""4GB RAM (+4GB virtual RAM)""]","128GB Built-in, 4GB RAM (+4GB virtual RAM)","[""13 MP, f/1.8, 27mm (wide), PDAF, Dual LED Flash""]","Panorama, Video (1080p@30fps)","[""1080p@30fps""]","[""8 MP""]",,"[""8 MP""]","3.5mm Audio Jack, DTS Sound, Dual Speaker",true,"Wi-Fi 802.11 a/b/g/n/ac, dual-band","v5.0 with A2DP, LE",Yes + A-GPS support,false,true,true,"USB Type-C, OTG",false,true,false,"Accelerometer, Compass, Fingerprint (side-mounted), Proximity",6000 mAh,false,"[""- Battery charging 18W wired""]","[""Veil White"",""Ripple Blue"",""Titanium Grey"",""Ink Black""]",Weight Unknown,[29999.0],0.87500,a22e800679fad54a3d08d1eae40101907e916acc5e014495d97c0090fd0054a8,"{""Battery"":{""Capacity"":""6000 mAh"",""Charging"":[""- Battery charging 18W wired""],""WirelessCharging"":0},""Body"":{""Build"":""Glass front, plastic back, plastic frame, IP64 dust tight and water resistant (water splashes) Drop resistant up to 1.5m"",""Dimensions"":""165.6 x 77 x 8.4 mm"",""Protection"":""Glass front, plastic back, plastic frame, IP64 dust tight and water resistant (water splashes) Drop resistant up to 1.5m"",""SIM"":""Nano-SIM + Nano-SIM"",""Weight"":""N/A""},""Colors"":[""Veil White"",""Ripple Blue"",""Titanium Grey"",""Ink Black""],""Display"":{""Protection"":null,""Resolution"":""720 x 1600 Pixels (~263 PPI)"",""Size"":""6.67 Inches"",""Type"":""IPS LCD Capacitive Touchscreen""},""Features"":{""BackFingerPrint"":0,""Bluetooth"":""v5.0 with A2DP, LE"",""InDisplayFingerPrint"":0,""Infrared port"":1,""NFC"":0,""Positioning"":""Yes + A-GPS support"",""Radio"":1,""Sensors"":""Accelerometer, Compass, Fingerprint (side-mounted), Proximity"",""SideFingerPrint"":1,""USB"":""USB Type-C, OTG"",""WLAN"":""Wi-Fi 802.11 a/b/g/n/ac, dual-band""},""Launch"":{""Announced"":null,""Status"":null},""Main Camera"":{""Features"":""Panorama, Video (1080p@30fps)"",""Specifications"":[""13 MP, f/1.8, 27mm (wide), PDAF, Dual LED Flash""],""Video"":[""1080p@30fps""]},""Memory"":{""Card slot"":""Unspecified"",""Technology"":""128GB Built-in, 4GB RAM (+4GB virtual RAM)"",""Types"":[""128GB Built-in"",""4GB RAM (+4GB virtual RAM)""]},""MobileName"":""Tecno Spark 40C"",""Network"":{""2G"":1,""3G"":1,""4G"":1,""5G"":0},""Platform"":{""CPU"":""Octa-core (2 x 2.0 GHz Cortex-A75 + 6 x 1.8 GHz Cortex-A55)"",""Chipset"":""Mediatek Helio G81 (12 nm)"",""GPU"":""Mali-G52 MC2"",""OS"":""Android 15 OS""},""Price"":[29999.0],""Selfie Camera"":{""Specifications"":[""8 MP""],""Video"":[""8 MP""]},""Sound"":{""3.5mm jack"":1,""Loudspeaker"":""3.5mm Audio Jack, DTS Sound, Dual Speaker""},""Weight"":null}"
c4bc3440dc9bb78daa0129e81082337d12286b3a5592226b4fa9a961b6e9444d,whatmobile,whatmobile.com.pk,whatmobile.com.pk/whatmobile__Tecno_Spark-50.json,https://www.whatmobile.com.pk/Tecno_Spark-50,filename,2026-08-14T07:45:23+00:00,Tecno Spark 50,true,true,true,false,,,167.8 x 79.2 x 8.2 mm,210 g,"Glass front, plastic frame, plastic back, IP64 dust tight and water resistant (water splashes), Drop resistant up to 1.5m",Nano-SIM + Nano-SIM,"Glass front, plastic frame, plastic back, IP64 dust tight and water resistant (water splashes), Drop resistant up to 1.5m",IPS LCD Capacitive Touchscreen,6.78 Inches,720 x 1600 Pixels (~259 PPI),,Android 16 OS,MediaTek Helio G81,Octa-core (2 x 2.0 GHz Cortex-A75 + 6 x 1.8 GHz Cortex-A55),Mali-G57 MC2,microSDXC (dedicated slot),"[""128GB Built-in"",""6GB RAM (+12GB Extended RAM)""]","128GB Built-in, 6GB RAM (+12GB Extended RAM)","[""50 MP, f/1.9, (wide), PDAF, LED Flash""]","Panorama, Video (1440p@30fps, 1080p@30fps)","[""1440p@30fps, 1080p@30fps""]","[""8 MP, f/2.0, (wide)""]",,"[""8 MP, f/2.0, (wide""]","3.5mm Audio Jack, Speaker Phone",true,"Wi-Fi 802.11 a/b/g/n/ac, dual-band","v5.3 with A2DP, LE",Yes + A-GPS support,false,false,true,USB Type-C,false,true,false,"Accelerometer, Compass, Fingerprint (side-mounted), Proximity",7000 mAh,false,"[""- 18W wired""]","[""Halo Blue"",""Titanium Grey"",""Ink Black"",""Aurora Purple""]",Weight Unknown,[55999.0],0.87500,c46f1d78bd38d68e756208a8ad2886166afb338bf2c82a890b14c1e5ec6ee1b4,"{""Battery"":{""Capacity"":""7000 mAh"",""Charging"":[""- 18W wired""],""WirelessCharging"":0},""Body"":{""Build"":""Glass front, plastic frame, plastic back, IP64 dust tight and water resistant (water splashes), Drop resistant up to 1.5m"",""Dimensions"":""167.8 x 79.2 x 8.2 mm"",""Protection"":""Glass front, plastic frame, plastic back, IP64 dust tight and water resistant (water splashes), Drop resistant up to 1.5m"",""SIM"":""Nano-SIM + Nano-SIM"",""Weight"":""210 g""},""Colors"":[""Halo Blue"",""Titanium Grey"",""Ink Black"",""Aurora Purple""],""Display"":{""Protection"":null,""Resolution"":""720 x 1600 Pixels (~259 PPI)"",""Size"":""6.78 Inches"",""Type"":""IPS LCD Capacitive Touchscreen""},""Features"":{""BackFingerPrint"":0,""Bluetooth"":""v5.3 with A2DP, LE"",""InDisplayFingerPrint"":0,""Infrared port"":0,""NFC"":0,""Positioning"":""Yes + A-GPS support"",""Radio"":1,""Sensors"":""Accelerometer, Compass, Fingerprint (side-mounted), Proximity"",""SideFingerPrint"":1,""USB"":""USB Type-C"",""WLAN"":""Wi-Fi 802.11 a/b/g/n/ac, dual-band""},""Launch"":{""Announced"":null,""Status"":null},""Main Camera"":{""Features"":""Panorama, Video (1440p@30fps, 1080p@30fps)"",""Specifications"":[""50 MP, f/1.9, (wide), PDAF, LED Flash""],""Video"":[""1440p@30fps, 1080p@30fps""]},""Memory"":{""Card slot"":""microSDXC (dedicated slot)"",""Technology"":""128GB Built-in, 6GB RAM (+12GB Extended RAM)"",""Types"":[""128GB Built-in"",""6GB RAM (+12GB Extended RAM)""]},""MobileName"":""Tecno Spark 50"",""Network"":{""2G"":1,""3G"":1,""4G"":1,""5G"":0},""Platform"":{""CPU"":""Octa-core (2 x 2.0 GHz Cortex-A75 + 6 x 1.8 GHz Cortex-A55)"",""Chipset"":""MediaTek Helio G81"",""GPU"":""Mali-G57 MC2"",""OS"":""Android 16 OS""},""Price"":[55999.0],""Selfie Camera"":{""Specifications"":[""8 MP, f/2.0, (wide)""],""Video"":[""8 MP, f/2.0, (wide""]},""Sound"":{""3.5mm jack"":1,""Loudspeaker"":""3.5mm Audio Jack, Speaker Phone""},""Weight"":null}"
73eb0f4c5856bdc594a1ff8c44d34dbdb9fd5b3547bc9f067d15702911b8cd5c,whatmobile,whatmobile.com.pk,whatmobile.com.pk/whatmobile__Tecno_Spark-Go-2-4GB.json,https://www.whatmobile.com.pk/Tecno_Spark-Go-2-4GB,filename,2026-08-14T07:53:25+00:00,Tecno Spark Go 2 4GB,true,true,true,false,,,165.6 x 77 x 8.3 mm,N/A,"Glass front, plastic back, plastic frame, IP64 dust tight and water resistant (water splashes), Drop resistant up to 1.5m","Dual Sim, Dual Standby (Nano-SIM)","Glass front, plastic back, plastic frame, IP64 dust tight and water resistant (water splashes), Drop resistant up to 1.5m",IPS LCD Capacitive Touchscreen,6.67 Inches,720 x 1600 Pixels (~263 PPI),,Android 15 OS,Unisoc T7250 (12 nm),Octa-core (2 x 1.8 GHz Cortex-A75 + 6 x 1.6 GHz Cortex-A55),Mali-G57 MP1,microSDXC,"[""64GB Built-in"",""4GB RAM"",""eMMC 5.1""]","64GB Built-in, 4GB RAM, eMMC 5.1","[""13 MP, f/1.8, 27mm (wide), PDAF, Dual LED Flash""]","HDR, Video (1080p@30fps)","[""1080p@30fps""]","[""8 MP, Dual LED Flash""]",,"[""8 MP, Dual LED Flash""]","3.5mm Audio Jack, Dual Speakers",true,"Wi-Fi 802.11 b/g/n, Wi-Fi Direct, hotspot","v5.0 with A2DP, LE",Yes + A-GPS support,false,true,true,"USB Type-C, OTG",false,true,false,"Accelerometer, Fingerprint (side mounted), Proximity",5000 mAh,false,"[""- Battery charging 15W wired""]","[""Ink Black"",""Titanium Grey"",""Veil White"",""Turquoise Green""]",Weight Unknown,[26999.0],0.87500,e83e6ad3f49f398cffb5e84c0ae278e9c19f6bc8a5491713d8366fb5c79eddd8,"{""Battery"":{""Capacity"":""5000 mAh"",""Charging"":[""- Battery charging 15W wired""],""WirelessCharging"":0},""Body"":{""Build"":""Glass front, plastic back, plastic frame, IP64 dust tight and water resistant (water splashes), Drop resistant up to 1.5m"",""Dimensions"":""165.6 x 77 x 8.3 mm"",""Protection"":""Glass front, plastic back, plastic frame, IP64 dust tight and water resistant (water splashes), Drop resistant up to 1.5m"",""SIM"":""Dual Sim, Dual Standby (Nano-SIM)"",""Weight"":""N/A""},""Colors"":[""Ink Black"",""Titanium Grey"",""Veil White"",""Turquoise Green""],""Display"":{""Protection"":null,""Resolution"":""720 x 1600 Pixels (~263 PPI)"",""Size"":""6.67 Inches"",""Type"":""IPS LCD Capacitive Touchscreen""},""Features"":{""BackFingerPrint"":0,""Bluetooth"":""v5.0 with A2DP, LE"",""InDisplayFingerPrint"":0,""Infrared port"":1,""NFC"":0,""Positioning"":""Yes + A-GPS support"",""Radio"":1,""Sensors"":""Accelerometer, Fingerprint (side mounted), Proximity"",""SideFingerPrint"":1,""USB"":""USB Type-C, OTG"",""WLAN"":""Wi-Fi 802.11 b/g/n, Wi-Fi Direct, hotspot""},""Launch"":{""Announced"":null,""Status"":null},""Main Camera"":{""Features"":""HDR, Video (1080p@30fps)"",""Specifications"":[""13 MP, f/1.8, 27mm (wide), PDAF, Dual LED Flash""],""Video"":[""1080p@30fps""]},""Memory"":{""Card slot"":""microSDXC"",""Technology"":""64GB Built-in, 4GB RAM, eMMC 5.1"",""Types"":[""64GB Built-in"",""4GB RAM"",""eMMC 5.1""]},""MobileName"":""Tecno Spark Go 2 4GB"",""Network"":{""2G"":1,""3G"":1,""4G"":1,""5G"":0},""Platform"":{""CPU"":""Octa-core (2 x 1.8 GHz Cortex-A75 + 6 x 1.6 GHz Cortex-A55)"",""Chipset"":""Unisoc T7250 (12 nm)"",""GPU"":""Mali-G57 MP1"",""OS"":""Android 15 OS""},""Price"":[26999.0],""Selfie Camera"":{""Specifications"":[""8 MP, Dual LED Flash""],""Video"":[""8 MP, Dual LED Flash""]},""Sound"":{""3.5mm jack"":1,""Loudspeaker"":""3.5mm Audio Jack, Dual Speakers""},""Weight"":null}"
5b4da1433330929f240ca32abf7f8ce7b541a5167df43173b6138267bdcada85,whatmobile,whatmobile.com.pk,whatmobile.com.pk/whatmobile__Tecno_Spark-Go-3.json,https://www.whatmobile.com.pk/Tecno_Spark-Go-3,filename,2026-08-14T07:49:16+00:00,Tecno Spark Go 3,true,true,true,false,,,165.6 x 77 x 8.3 mm,N/A,"Glass front, plastic back, plastic frame, IP64 dust tight and water resistant (water splashes), Drop resistant up to 1.5m",Nano-SIM + Nano-SIM,"Glass front, plastic back, plastic frame, IP64 dust tight and water resistant (water splashes), Drop resistant up to 1.5m",IPS LCD Capacitive Touchscreen,6.75 Inches,720 x 1600 Pixels (~260 PPI),,Android 15 OS,Unisoc T7250 (12 nm),Octa-core (2 x 1.8 GHz Cortex-A75 + 6 x 1.6 GHz Cortex-A55),Mali-G57 MP1,microSDXC (dedicated slot),"[""128GB Built-in"",""4GB RAM""]","128GB Built-in, 4GB RAM","[""13 MP, f/1.8, 27mm (wide), PDAF, Dual LED Flash""]","HDR, Video (1080p@30fps)","[""1080p@30fps""]","[""8 MP""]",,"[""8 MP""]","3.5mm Audio Jack, Dual Speakers",true,"Wi-Fi 802.11 a/b/g/n/ac, dual-band","v5.0 with A2DP, LE",Yes + A-GPS support,false,true,true,"USB Type-C, OTG",false,true,false,"Accelerometer, Fingerprint (side mounted), Proximity",5000 mAh,false,"[""- Battery charging 15W wired""]","[""Titanium Grey"",""Ink Black"",""Galaxy Blue"",""Aurora Purple""]",Weight Unknown,[41999.0],0.87500,2aa8d0aec12c6a2e2d52982b5f8e01ca37794411f77f2b9f3519d374f5011212,"{""Battery"":{""Capacity"":""5000 mAh"",""Charging"":[""- Battery charging 15W wired""],""WirelessCharging"":0},""Body"":{""Build"":""Glass front, plastic back, plastic frame, IP64 dust tight and water resistant (water splashes), Drop resistant up to 1.5m"",""Dimensions"":""165.6 x 77 x 8.3 mm"",""Protection"":""Glass front, plastic back, plastic frame, IP64 dust tight and water resistant (water splashes), Drop resistant up to 1.5m"",""SIM"":""Nano-SIM + Nano-SIM"",""Weight"":""N/A""},""Colors"":[""Titanium Grey"",""Ink Black"",""Galaxy Blue"",""Aurora Purple""],""Display"":{""Protection"":null,""Resolution"":""720 x 1600 Pixels (~260 PPI)"",""Size"":""6.75 Inches"",""Type"":""IPS LCD Capacitive Touchscreen""},""Features"":{""BackFingerPrint"":0,""Bluetooth"":""v5.0 with A2DP, LE"",""InDisplayFingerPrint"":0,""Infrared port"":1,""NFC"":0,""Positioning"":""Yes + A-GPS support"",""Radio"":1,""Sensors"":""Accelerometer, Fingerprint (side mounted), Proximity"",""SideFingerPrint"":1,""USB"":""USB Type-C, OTG"",""WLAN"":""Wi-Fi 802.11 a/b/g/n/ac, dual-band""},""Launch"":{""Announced"":null,""Status"":null},""Main Camera"":{""Features"":""HDR, Video (1080p@30fps)"",""Specifications"":[""13 MP, f/1.8, 27mm (wide), PDAF, Dual LED Flash""],""Video"":[""1080p@30fps""]},""Memory"":{""Card slot"":""microSDXC (dedicated slot)"",""Technology"":""128GB Built-in, 4GB RAM"",""Types"":[""128GB Built-in"",""4GB RAM""]},""MobileName"":""Tecno Spark Go 3"",""Network"":{""2G"":1,""3G"":1,""4G"":1,""5G"":0},""Platform"":{""CPU"":""Octa-core (2 x 1.8 GHz Cortex-A75 + 6 x 1.6 GHz Cortex-A55)"",""Chipset"":""Unisoc T7250 (12 nm)"",""GPU"":""Mali-G57 MP1"",""OS"":""Android 15 OS""},""Price"":[41999.0],""Selfie Camera"":{""Specifications"":[""8 MP""],""Video"":[""8 MP""]},""Sound"":{""3.5mm jack"":1,""Loudspeaker"":""3.5mm Audio Jack, Dual Speakers""},""Weight"":null}"
0a041421d6ee9d2fbd60825d249081870f88b53a367f839d08d260a44f9b27be,whatmobile,whatmobile.com.pk,whatmobile.com.pk/whatmobile__Vivo_V60-512GB.json,https://www.whatmobile.com.pk/Vivo_V60-512GB,filename,2026-08-14T07:51:51+00:00,Vivo V60 512GB,true,true,true,true,,,"163.53 x 76.96 x 7.53 mm (Gray), 163.53 x 76.96 x 7.65 mm (Gold)",192 g,"Glass front, plastic back or glass back, IP68/IP69 dust tight and water resistant (high pressure water jets; immersible up to 1.5m for 120 min)",Nano-SIM + Nano-SIM,"Glass front, plastic back or glass back, IP68/IP69 dust tight and water resistant (high pressure water jets; immersible up to 1.5m for 120 min)","AMOLED Capacitive Touchscreen, 1B Colors",6.77 Inches,1080 x 2392 Pixels (~388 PPI),Schott Xensation Core,"Android 15, up to 4 major Android upgrades",Qualcomm SM7750-AB Snapdragon 7 Gen 4 (4 nm),Octa-core (1 x 2.8 GHz Cortex-720 + 4 x 2.4 GHz Cortex-720 + 3 x 1.8 GHz Cortex-520),Adreno 722,No,"[""512GB Built-in"",""12GB RAM""]","512GB Built-in, 12GB RAM","[""Triple Camera: 50 MP, f/1.9, 23mm (wide), 1/1.56\"", PDAF, OIS"",""50 MP, f/2.7, 73mm (periscope telephoto), 1/1.95\"", PDAF, OIS, 3x optical zoom"",""8 MP, f/2.0, 15mm, (ultrawide), Ring-LED flash""]","Zeiss optics, panorama, HDR, Video (4K@30fps, 1080p@30fps, gyro-EIS, OIS)","[""4K@30fps, 1080p@30fps, gyro-EIS, OIS""]","[""50 MP, f/2.2, 21mm (wide), 1/2.76\"", Zeiss optics, HDR""]",,"[""4K@30fps, 1080p@30/60fps""]",Speaker Phone,false,"Wi-Fi 802.11 a/b/g/n/ac/6, dual-band","v5.4 with A2DP, LE","Yes + A-GPS Support & GLONASS, GALILEO, BDS, QZSS, NavIC",true,true,false,"USB Type-C 2.0, OTG",false,false,true,"Accelerometer, Compass, Fingerprint (under display, optical), Gyro, Proximity, Virtual proximity sensing",Li-ion Si-Ca 6500 mAh,false,"[""- Fast battery 90W wired"",""PD"",""Reverse wired"",""Bypass charging""]","[""Desert Gold"",""Mist Gray""]",Weight Unknown,[159999.0],0.87500,6ede509516c924b3dbd4c3a2e54005b9b3ad22474577e857a55ecb6964fb4537,"{""Battery"":{""Capacity"":""Li-ion Si-Ca 6500 mAh"",""Charging"":[""- Fast battery 90W wired"",""PD"",""Reverse wired"",""Bypass charging""],""WirelessCharging"":0},""Body"":{""Build"":""Glass front, plastic back or glass back, IP68/IP69 dust tight and water resistant (high pressure water jets; immersible up to 1.5m for 120 min)"",""Dimensions"":""163.53 x 76.96 x 7.53 mm (Gray), 163.53 x 76.96 x 7.65 mm (Gold)"",""Protection"":""Glass front, plastic back or glass back, IP68/IP69 dust tight and water resistant (high pressure water jets; immersible up to 1.5m for 120 min)"",""SIM"":""Nano-SIM + Nano-SIM"",""Weight"":""192 g""},""Colors"":[""Desert Gold"",""Mist Gray""],""Display"":{""Protection"":""Schott Xensation Core"",""Resolution"":""1080 x 2392 Pixels (~388 PPI)"",""Size"":""6.77 Inches"",""Type"":""AMOLED Capacitive Touchscreen, 1B Colors""},""Features"":{""BackFingerPrint"":0,""Bluetooth"":""v5.4 with A2DP, LE"",""InDisplayFingerPrint"":1,""Infrared port"":1,""NFC"":1,""Positioning"":""Yes + A-GPS Support & GLONASS, GALILEO, BDS, QZSS, NavIC"",""Radio"":0,""Sensors"":""Accelerometer, Compass, Fingerprint (under display, optical), Gyro, Proximity, Virtual proximity sensing"",""SideFingerPrint"":0,""USB"":""USB Type-C 2.0, OTG"",""WLAN"":""Wi-Fi 802.11 a/b/g/n/ac/6, dual-band""},""Launch"":{""Announced"":null,""Status"":null},""Main Camera"":{""Features"":""Zeiss optics, panorama, HDR, Video (4K@30fps, 1080p@30fps, gyro-EIS, OIS)"",""Specifications"":[""Triple Camera: 50 MP, f/1.9, 23mm (wide), 1/1.56\"", PDAF, OIS"",""50 MP, f/2.7, 73mm (periscope telephoto), 1/1.95\"", PDAF, OIS, 3x optical zoom"",""8 MP, f/2.0, 15mm, (ultrawide), Ring-LED flash""],""Video"":[""4K@30fps, 1080p@30fps, gyro-EIS, OIS""]},""Memory"":{""Card slot"":""No"",""Technology"":""512GB Built-in, 12GB RAM"",""Types"":[""512GB Built-in"",""12GB RAM""]},""MobileName"":""Vivo V60 512GB"",""Network"":{""2G"":1,""3G"":1,""4G"":1,""5G"":1},""Platform"":{""CPU"":""Octa-core (1 x 2.8 GHz Cortex-720 + 4 x 2.4 GHz Cortex-720 + 3 x 1.8 GHz Cortex-520)"",""Chipset"":""Qualcomm SM7750-AB Snapdragon 7 Gen 4 (4 nm)"",""GPU"":""Adreno 722"",""OS"":""Android 15, up to 4 major Android upgrades""},""Price"":[159999.0],""Selfie Camera"":{""Specifications"":[""50 MP, f/2.2, 21mm (wide), 1/2.76\"", Zeiss optics, HDR""],""Video"":[""4K@30fps, 1080p@30/60fps""]},""Sound"":{""3.5mm jack"":0,""Loudspeaker"":""Speaker Phone""},""Weight"":null}"
3c5e649f38209669f9f05961d14d691e9cd12ed7a3efb4471a535ad934aa176a,whatmobile,whatmobile.com.pk,whatmobile.com.pk/whatmobile__Vivo_V60-Lite-5G.json,https://www.whatmobile.com.pk/Vivo_V60-Lite-5G,filename,2026-08-14T07:51:07+00:00,Vivo V60 Lite 5G,true,true,true,true,,,163.77 x 76.28 x 7.59 mm,194 g,"Glass front, plastic back, plastic frame, IP65 dust tight and water resistant (low pressure water jets)","Dual Sim, Dual Standby (Nano-SIM)","Glass front, plastic back, plastic frame, IP65 dust tight and water resistant (low pressure water jets)","AMOLED Capacitive Touchscreen, 1B Colors",6.77 Inches,1080 x 2392 Pixels (~388 PPI),,Android 15 OS,Mediatek Dimensity 7360 Turbo (4 nm),Octa-core (4 x 2.5 GHz Cortex-A78 + 4 x 2.0 GHz Cortex-A55),Mali-G615 MC2,No,"[""256GB Built-in"",""12GB RAM"",""UFS 3.1""]","256GB Built-in, 12GB RAM, UFS 3.1","[""Dual Camera: 50 MP, f/1.8, (wide), 1/1.95\"", PDAF"",""8 MP, f/2.2, (ultrawide), Ring-LED flash""]","panorama, HDR, Video (1080p@30fps)","[""1080p@30fps""]","[""32 MP, f/2.5, (wide), 1/3.1\""""]",,"[""1080p@30fps""]",Speaker Phone,false,"Wi-Fi 802.11 a/b/g/n/ac/6, dual-band","v5.4 with A2DP, LE","Yes + A-GPS Support & GLONASS, GALILEO, BDS, QZSS",false,false,false,"USB Type-C 2.0, OTG",false,false,true,"Accelerometer, Circle to Search, Compass, Fingerprint (under display, optical), Gyro, Proximity",Li-ion Si-Ca 6500 mAh,false,"[""- Fast battery 90W wired"",""100% in 52 min"",""6W reverse wired"",""Bypass charging""]","[""Blue"",""Black""]",Weight Unknown,[94999.0],0.87500,8987c504a705db072a4a140bbf767bcaf8f67ec3393c69335939c2b0304a615b,"{""Battery"":{""Capacity"":""Li-ion Si-Ca 6500 mAh"",""Charging"":[""- Fast battery 90W wired"",""100% in 52 min"",""6W reverse wired"",""Bypass charging""],""WirelessCharging"":0},""Body"":{""Build"":""Glass front, plastic back, plastic frame, IP65 dust tight and water resistant (low pressure water jets)"",""Dimensions"":""163.77 x 76.28 x 7.59 mm"",""Protection"":""Glass front, plastic back, plastic frame, IP65 dust tight and water resistant (low pressure water jets)"",""SIM"":""Dual Sim, Dual Standby (Nano-SIM)"",""Weight"":""194 g""},""Colors"":[""Blue"",""Black""],""Display"":{""Protection"":null,""Resolution"":""1080 x 2392 Pixels (~388 PPI)"",""Size"":""6.77 Inches"",""Type"":""AMOLED Capacitive Touchscreen, 1B Colors""},""Features"":{""BackFingerPrint"":0,""Bluetooth"":""v5.4 with A2DP, LE"",""InDisplayFingerPrint"":1,""Infrared port"":0,""NFC"":0,""Positioning"":""Yes + A-GPS Support & GLONASS, GALILEO, BDS, QZSS"",""Radio"":0,""Sensors"":""Accelerometer, Circle to Search, Compass, Fingerprint (under display, optical), Gyro, Proximity"",""SideFingerPrint"":0,""USB"":""USB Type-C 2.0, OTG"",""WLAN"":""Wi-Fi 802.11 a/b/g/n/ac/6, dual-band""},""Launch"":{""Announced"":null,""Status"":null},""Main Camera"":{""Features"":""panorama, HDR, Video (1080p@30fps)"",""Specifications"":[""Dual Camera: 50 MP, f/1.8, (wide), 1/1.95\"", PDAF"",""8 MP, f/2.2, (ultrawide), Ring-LED flash""],""Video"":[""1080p@30fps""]},""Memory"":{""Card slot"":""No"",""Technology"":""256GB Built-in, 12GB RAM, UFS 3.1"",""Types"":[""256GB Built-in"",""12GB RAM"",""UFS 3.1""]},""MobileName"":""Vivo V60 Lite 5G"",""Network"":{""2G"":1,""3G"":1,""4G"":1,""5G"":1},""Platform"":{""CPU"":""Octa-core (4 x 2.5 GHz Cortex-A78 + 4 x 2.0 GHz Cortex-A55)"",""Chipset"":""Mediatek Dimensity 7360 Turbo (4 nm)"",""GPU"":""Mali-G615 MC2"",""OS"":""Android 15 OS""},""Price"":[94999.0],""Selfie Camera"":{""Specifications"":[""32 MP, f/2.5, (wide), 1/3.1\""""],""Video"":[""1080p@30fps""]},""Sound"":{""3.5mm jack"":0,""Loudspeaker"":""Speaker Phone""},""Weight"":null}"
ce0156b771d9d55b9cbe267c12e5b0489c32de76904dba084846a197f5ba1ef5,whatmobile,whatmobile.com.pk,whatmobile.com.pk/whatmobile__Vivo_V60-Lite.json,https://www.whatmobile.com.pk/Vivo_V60-Lite,filename,2026-08-14T07:52:30+00:00,Vivo V60 Lite,true,true,true,false,,,163.77 x 76.28 x 7.59 mm,194 g,"Glass front, plastic back, plastic frame, IP65 dust tight and water resistant (low pressure water jets)",Nano-SIM + Nano-SIM,"Glass front, plastic back, plastic frame, IP65 dust tight and water resistant (low pressure water jets)","AMOLED Capacitive Touchscreen, 1B Colors",6.77 Inches,1080 x 2392 Pixels (~388 PPI),,Android 15 OS,Qualcomm SM6225 Snapdragon 685 (6 nm),Octa-core (4 x 2.8 GHz Cortex-A73 + 4 x 1.9 GHz Cortex-A53),Adreno 610,No,"[""256GB Built-in"",""8GB RAM"",""UFS 2.2""]","256GB Built-in, 8GB RAM, UFS 2.2","[""Dual Camera: 50 MP, f/1.8, (wide), 1/1.95\"", PDAF"",""8 MP, f/2.2, (ultrawide), Ring-LED flash""]","panorama, HDR, Video (1080p@30fps)","[""1080p@30fps""]","[""32 MP, f/2.5, (wide), 1/3.1\""""]",,"[""1080p@30fps""]",Speaker Phone,false,"Wi-Fi 802.11 a/b/g/n/ac/6, dual-band","v5.0 with A2DP, LE","Yes + A-GPS Support & GLONASS, GALILEO, BDS, QZSS",false,false,false,"USB Type-C 2.0, OTG",false,false,true,"Accelerometer, Circle to Search, Compass, Fingerprint (under display, optical), Gyro, Proximity",Li-ion Si-Ca 6500 mAh,false,"[""- Fast battery 90W wired"",""100% in 55 min"",""6W reverse wired"",""Bypass charging""]","[""Blue"",""Black""]",Weight Unknown,[76999.0],0.87500,6d4b83e0932b8cbe5da31734c767d380622775cb1af96cb97ca93d1940feb5bf,"{""Battery"":{""Capacity"":""Li-ion Si-Ca 6500 mAh"",""Charging"":[""- Fast battery 90W wired"",""100% in 55 min"",""6W reverse wired"",""Bypass charging""],""WirelessCharging"":0},""Body"":{""Build"":""Glass front, plastic back, plastic frame, IP65 dust tight and water resistant (low pressure water jets)"",""Dimensions"":""163.77 x 76.28 x 7.59 mm"",""Protection"":""Glass front, plastic back, plastic frame, IP65 dust tight and water resistant (low pressure water jets)"",""SIM"":""Nano-SIM + Nano-SIM"",""Weight"":""194 g""},""Colors"":[""Blue"",""Black""],""Display"":{""Protection"":null,""Resolution"":""1080 x 2392 Pixels (~388 PPI)"",""Size"":""6.77 Inches"",""Type"":""AMOLED Capacitive Touchscreen, 1B Colors""},""Features"":{""BackFingerPrint"":0,""Bluetooth"":""v5.0 with A2DP, LE"",""InDisplayFingerPrint"":1,""Infrared port"":0,""NFC"":0,""Positioning"":""Yes + A-GPS Support & GLONASS, GALILEO, BDS, QZSS"",""Radio"":0,""Sensors"":""Accelerometer, Circle to Search, Compass, Fingerprint (under display, optical), Gyro, Proximity"",""SideFingerPrint"":0,""USB"":""USB Type-C 2.0, OTG"",""WLAN"":""Wi-Fi 802.11 a/b/g/n/ac/6, dual-band""},""Launch"":{""Announced"":null,""Status"":null},""Main Camera"":{""Features"":""panorama, HDR, Video (1080p@30fps)"",""Specifications"":[""Dual Camera: 50 MP, f/1.8, (wide), 1/1.95\"", PDAF"",""8 MP, f/2.2, (ultrawide), Ring-LED flash""],""Video"":[""1080p@30fps""]},""Memory"":{""Card slot"":""No"",""Technology"":""256GB Built-in, 8GB RAM, UFS 2.2"",""Types"":[""256GB Built-in"",""8GB RAM"",""UFS 2.2""]},""MobileName"":""Vivo V60 Lite"",""Network"":{""2G"":1,""3G"":1,""4G"":1,""5G"":0},""Platform"":{""CPU"":""Octa-core (4 x 2.8 GHz Cortex-A73 + 4 x 1.9 GHz Cortex-A53)"",""Chipset"":""Qualcomm SM6225 Snapdragon 685 (6 nm)"",""GPU"":""Adreno 610"",""OS"":""Android 15 OS""},""Price"":[76999.0],""Selfie Camera"":{""Specifications"":[""32 MP, f/2.5, (wide), 1/3.1\""""],""Video"":[""1080p@30fps""]},""Sound"":{""3.5mm jack"":0,""Loudspeaker"":""Speaker Phone""},""Weight"":null}"
86fe7de219e1b322c02bdb102386588999aa727ebc55577b41684638952e1de4,whatmobile,whatmobile.com.pk,whatmobile.com.pk/whatmobile__Vivo_V70-512GB.json,https://www.whatmobile.com.pk/Vivo_V70-512GB,filename,2026-08-14T07:44:39+00:00,Vivo V70 512GB,true,true,true,true,,,"157.5 x 74.3 x 7.59 mm (Dune Grey), 157.5 x 74.3 x 7.40mm (Authentic Black)",187 g,"Glass front, aluminum alloy frame, glass back or fiber-reinforced plastic back, IP68/IP69 dust tight and water resistant (high pressure water jets; immersible up to 1.5m for 30 min)",Nano-SIM + Nano-SIM,"Glass front, aluminum alloy frame, glass back or fiber-reinforced plastic back, IP68/IP69 dust tight and water resistant (high pressure water jets; immersible up to 1.5m for 30 min)","AMOLED Capacitive Touchscreen, 1B Colors",6.59 Inches,1260 x 2750 Pixels (~459 PPI),"Schott Xensation Core, Mohs level 4",Android 16 OS,Qualcomm SM7750-AB Snapdragon 7 Gen 4 (4 nm),Octa-core (1 x 2.8 GHz Cortex-720 + 4 x 2.4 GHz Cortex-720 + 3 x 1.8 GHz Cortex-520),Adreno 722,Unspecified,"[""512GB Built-in"",""12GB RAM"",""UFS 4.1""]","512GB Built-in, 12GB RAM, UFS 4.1","[""Triple Camera: 50 MP, f/1.9, 23mm (wide), 1/1.56\"", PDAF, OIS"",""50 MP, f/2.7, 85mm (periscope telephoto), 1/1.95\"", PDAF, OIS, 3.7x optical zoom"",""8 MP, f/2.2, 15mm, (ultrawide), Ring-LED flash""]","Zeiss optics, panorama, HDR, Video (4K@30/60fps, 1080p@30/60fps, gyro-EIS, OIS, HDR, LUT)","[""4K@30/60fps, 1080p@30/60fps, gyro-EIS, OIS, HDR, LUT""]","[""50 MP, f/2.0, 21mm (wide), 1/2.76""]",,"[""50 MP, f/2.0, 21mm (wide"","", 1/2.76""]",Speaker Phone,false,"Wi-Fi 802.11 a/b/g/n/ac, dual-band","v5.4 with A2DP, LE","Yes + A-GPS Support & GLONASS, GALILEO, BDS, QZSS, NavIC",false,true,false,"USB Type-C 2.0, OTG",false,false,true,"Accelerometer, Compass, Fingerprint (under display, optical), Gyro, Proximity, Circle to Search",Li-ion Si-Ca 6500 mAh,false,"[""- Fast charging 90W wired"",""PD"",""Reverse wired"",""Bypass charging""]","[""Dune Grey"",""Authentic Black""]",Weight Unknown,[199999.0],0.87500,cbf348ace13cab40409096703c8ff00168236edac85a6845b0adbfc1c4077351,"{""Battery"":{""Capacity"":""Li-ion Si-Ca 6500 mAh"",""Charging"":[""- Fast charging 90W wired"",""PD"",""Reverse wired"",""Bypass charging""],""WirelessCharging"":0},""Body"":{""Build"":""Glass front, aluminum alloy frame, glass back or fiber-reinforced plastic back, IP68/IP69 dust tight and water resistant (high pressure water jets; immersible up to 1.5m for 30 min)"",""Dimensions"":""157.5 x 74.3 x 7.59 mm (Dune Grey), 157.5 x 74.3 x 7.40mm (Authentic Black)"",""Protection"":""Glass front, aluminum alloy frame, glass back or fiber-reinforced plastic back, IP68/IP69 dust tight and water resistant (high pressure water jets; immersible up to 1.5m for 30 min)"",""SIM"":""Nano-SIM + Nano-SIM"",""Weight"":""187 g""},""Colors"":[""Dune Grey"",""Authentic Black""],""Display"":{""Protection"":""Schott Xensation Core, Mohs level 4"",""Resolution"":""1260 x 2750 Pixels (~459 PPI)"",""Size"":""6.59 Inches"",""Type"":""AMOLED Capacitive Touchscreen, 1B Colors""},""Features"":{""BackFingerPrint"":0,""Bluetooth"":""v5.4 with A2DP, LE"",""InDisplayFingerPrint"":1,""Infrared port"":1,""NFC"":0,""Positioning"":""Yes + A-GPS Support & GLONASS, GALILEO, BDS, QZSS, NavIC"",""Radio"":0,""Sensors"":""Accelerometer, Compass, Fingerprint (under display, optical), Gyro, Proximity, Circle to Search"",""SideFingerPrint"":0,""USB"":""USB Type-C 2.0, OTG"",""WLAN"":""Wi-Fi 802.11 a/b/g/n/ac, dual-band""},""Launch"":{""Announced"":null,""Status"":null},""Main Camera"":{""Features"":""Zeiss optics, panorama, HDR, Video (4K@30/60fps, 1080p@30/60fps, gyro-EIS, OIS, HDR, LUT)"",""Specifications"":[""Triple Camera: 50 MP, f/1.9, 23mm (wide), 1/1.56\"", PDAF, OIS"",""50 MP, f/2.7, 85mm (periscope telephoto), 1/1.95\"", PDAF, OIS, 3.7x optical zoom"",""8 MP, f/2.2, 15mm, (ultrawide), Ring-LED flash""],""Video"":[""4K@30/60fps, 1080p@30/60fps, gyro-EIS, OIS, HDR, LUT""]},""Memory"":{""Card slot"":""Unspecified"",""Technology"":""512GB Built-in, 12GB RAM, UFS 4.1"",""Types"":[""512GB Built-in"",""12GB RAM"",""UFS 4.1""]},""MobileName"":""Vivo V70 512GB"",""Network"":{""2G"":1,""3G"":1,""4G"":1,""5G"":1},""Platform"":{""CPU"":""Octa-core (1 x 2.8 GHz Cortex-720 + 4 x 2.4 GHz Cortex-720 + 3 x 1.8 GHz Cortex-520)"",""Chipset"":""Qualcomm SM7750-AB Snapdragon 7 Gen 4 (4 nm)"",""GPU"":""Adreno 722"",""OS"":""Android 16 OS""},""Price"":[199999.0],""Selfie Camera"":{""Specifications"":[""50 MP, f/2.0, 21mm (wide), 1/2.76""],""Video"":[""50 MP, f/2.0, 21mm (wide"","", 1/2.76""]},""Sound"":{""3.5mm jack"":0,""Loudspeaker"":""Speaker Phone""},""Weight"":null}"
2646f923a87ea048ce8acb7db6fcde33728e6924c74828e83d5aef36d5121db2,whatmobile,whatmobile.com.pk,whatmobile.com.pk/whatmobile__Vivo_V70-FE-12GB.json,https://www.whatmobile.com.pk/Vivo_V70-FE-12GB,filename,2026-08-14T07:43:28+00:00,Vivo V70 FE 12GB,true,true,true,true,,,163.7 x 76.2 x 7.6 mm,200 g,"Glass front, plastic frame, plastic back, IP68/IP69 dust-tight and water-resistant (high-pressure water jets; immersible up to 1.5m for 2 hours)",Nano-SIM + Nano-SIM,"Glass front, plastic frame, plastic back, IP68/IP69 dust-tight and water-resistant (high-pressure water jets; immersible up to 1.5m for 2 hours)","AMOLED Capacitive Touchscreen, 1B Colors",6.83 Inches,1260 x 2800 Pixels (~450 PPI),,Android 16 OS,Mediatek Dimensity 7360 Turbo (4 nm),Octa-core (4 x 2.5 GHz Cortex-A78 + 4 x 2.0 GHz Cortex-A55),Mali-G615 MC2,Unspecified,"[""256GB Built-in"",""12GB RAM"",""UFS 3.1""]","256GB Built-in, 12GB RAM, UFS 3.1","[""Dual camera: 200 MP, f/1.9, 24mm (wide), 1/1.56\"", PDAF, OIS"",""8 MP, f/2.2, (ultrawide), 1/4.0\"", Ring-LED flash""]","Color spectrum sensor, HDR, panorama, Video (4K, 1080p, gyro-EIS, OIS)","[""4K, 1080p, gyro-EIS, OIS""]","[""32 MP, f/2.2, 22mm (wide), 1/3.1\""""]",,"[""4K, 1080p""]",Speaker Phone,false,"Wi-Fi 802.11 a/b/g/n/ac/6, dual-band","v5.4 with A2DP, LE","Yes + A-GPS Support & GLONASS, GALILEO, BDS, QZSS",false,true,false,"USB Type-C 2.0, OTG",false,false,true,"Accelerometer, Compass, Fingerprint (under display, optical), Gyro, Proximity, Circle to Search",Li-ion Si-Ca 7000 mAh,false,"[""- Fast charging 90W wired"",""100% in 60 min"",""Reverse wired"",""Bypass Charging""]","[""Ocean Blue"",""Titanium Silver""]",Weight Unknown,[139999.0],0.87500,9fc27f9ee0840854ef57079189acd8e83a6ad07ab2b02360f122d5dfebe3638d,"{""Battery"":{""Capacity"":""Li-ion Si-Ca 7000 mAh"",""Charging"":[""- Fast charging 90W wired"",""100% in 60 min"",""Reverse wired"",""Bypass Charging""],""WirelessCharging"":0},""Body"":{""Build"":""Glass front, plastic frame, plastic back, IP68/IP69 dust-tight and water-resistant (high-pressure water jets; immersible up to 1.5m for 2 hours)"",""Dimensions"":""163.7 x 76.2 x 7.6 mm"",""Protection"":""Glass front, plastic frame, plastic back, IP68/IP69 dust-tight and water-resistant (high-pressure water jets; immersible up to 1.5m for 2 hours)"",""SIM"":""Nano-SIM + Nano-SIM"",""Weight"":""200 g""},""Colors"":[""Ocean Blue"",""Titanium Silver""],""Display"":{""Protection"":null,""Resolution"":""1260 x 2800 Pixels (~450 PPI)"",""Size"":""6.83 Inches"",""Type"":""AMOLED Capacitive Touchscreen, 1B Colors""},""Features"":{""BackFingerPrint"":0,""Bluetooth"":""v5.4 with A2DP, LE"",""InDisplayFingerPrint"":1,""Infrared port"":1,""NFC"":0,""Positioning"":""Yes + A-GPS Support & GLONASS, GALILEO, BDS, QZSS"",""Radio"":0,""Sensors"":""Accelerometer, Compass, Fingerprint (under display, optical), Gyro, Proximity, Circle to Search"",""SideFingerPrint"":0,""USB"":""USB Type-C 2.0, OTG"",""WLAN"":""Wi-Fi 802.11 a/b/g/n/ac/6, dual-band""},""Launch"":{""Announced"":null,""Status"":null},""Main Camera"":{""Features"":""Color spectrum sensor, HDR, panorama, Video (4K, 1080p, gyro-EIS, OIS)"",""Specifications"":[""Dual camera: 200 MP, f/1.9, 24mm (wide), 1/1.56\"", PDAF, OIS"",""8 MP, f/2.2, (ultrawide), 1/4.0\"", Ring-LED flash""],""Video"":[""4K, 1080p, gyro-EIS, OIS""]},""Memory"":{""Card slot"":""Unspecified"",""Technology"":""256GB Built-in, 12GB RAM, UFS 3.1"",""Types"":[""256GB Built-in"",""12GB RAM"",""UFS 3.1""]},""MobileName"":""Vivo V70 FE 12GB"",""Network"":{""2G"":1,""3G"":1,""4G"":1,""5G"":1},""Platform"":{""CPU"":""Octa-core (4 x 2.5 GHz Cortex-A78 + 4 x 2.0 GHz Cortex-A55)"",""Chipset"":""Mediatek Dimensity 7360 Turbo (4 nm)"",""GPU"":""Mali-G615 MC2"",""OS"":""Android 16 OS""},""Price"":[139999.0],""Selfie Camera"":{""Specifications"":[""32 MP, f/2.2, 22mm (wide), 1/3.1\""""],""Video"":[""4K, 1080p""]},""Sound"":{""3.5mm jack"":0,""Loudspeaker"":""Speaker Phone""},""Weight"":null}"
89dfc41d18a3673bf83267db56ca3c6dc7964f55a406409748fa2bcd6273d34d,whatmobile,whatmobile.com.pk,whatmobile.com.pk/whatmobile__Vivo_V70-FE.json,https://www.whatmobile.com.pk/Vivo_V70-FE,filename,2026-08-14T07:47:55+00:00,Vivo V70 FE,true,true,true,true,,,163.7 x 76.2 x 7.6 mm,200 g,"Glass front, plastic frame, plastic back, IP68/IP69 dust-tight and water-resistant (high-pressure water jets; immersible up to 1.5m for 2 hours)",Nano-SIM + Nano-SIM,"Glass front, plastic frame, plastic back, IP68/IP69 dust-tight and water-resistant (high-pressure water jets; immersible up to 1.5m for 2 hours)","AMOLED Capacitive Touchscreen, 1B Colors",6.83 Inches,1260 x 2800 Pixels (~450 PPI),,Android 16 OS,Mediatek Dimensity 7360 Turbo (4 nm),Octa-core (4 x 2.5 GHz Cortex-A78 + 4 x 2.0 GHz Cortex-A55),Mali-G615 MC2,Unspecified,"[""256GB Built-in"",""8GB RAM (+ 8GB Extended RAM)"",""UFS 3.1""]","256GB Built-in, 8GB RAM (+ 8GB Extended RAM), UFS 3.1","[""Dual camera: 200 MP, f/1.9, 24mm (wide), 1/1.56\"", PDAF, OIS"",""8 MP, f/2.2, (ultrawide), 1/4.0\"", Ring-LED flash""]","Color spectrum sensor, HDR, panorama, Video (4K, 1080p, gyro-EIS, OIS)","[""4K, 1080p, gyro-EIS, OIS""]","[""32 MP, f/2.2, 22mm (wide), 1/3.1\""""]",,"[""4K, 1080p""]",Speaker Phone,false,"Wi-Fi 802.11 a/b/g/n/ac/6, dual-band","v5.4 with A2DP, LE","Yes + A-GPS Support & GLONASS, GALILEO, BDS, QZSS",false,true,false,"USB Type-C 2.0, OTG",false,false,true,"Accelerometer, Compass, Fingerprint (under display, optical), Gyro, Proximity, Circle to Search",Li-ion Si-Ca 7000 mAh,false,"[""- Fast charging 90W wired"",""100% in 60 min"",""Reverse wired"",""Bypass Charging""]","[""Ocean Blue"",""Titanium Silver""]",Weight Unknown,[124999.0],0.87500,0fcc249a752b5bd8eccbe54c8d42435940a2e0dd34f3544e432b055d5df7181b,"{""Battery"":{""Capacity"":""Li-ion Si-Ca 7000 mAh"",""Charging"":[""- Fast charging 90W wired"",""100% in 60 min"",""Reverse wired"",""Bypass Charging""],""WirelessCharging"":0},""Body"":{""Build"":""Glass front, plastic frame, plastic back, IP68/IP69 dust-tight and water-resistant (high-pressure water jets; immersible up to 1.5m for 2 hours)"",""Dimensions"":""163.7 x 76.2 x 7.6 mm"",""Protection"":""Glass front, plastic frame, plastic back, IP68/IP69 dust-tight and water-resistant (high-pressure water jets; immersible up to 1.5m for 2 hours)"",""SIM"":""Nano-SIM + Nano-SIM"",""Weight"":""200 g""},""Colors"":[""Ocean Blue"",""Titanium Silver""],""Display"":{""Protection"":null,""Resolution"":""1260 x 2800 Pixels (~450 PPI)"",""Size"":""6.83 Inches"",""Type"":""AMOLED Capacitive Touchscreen, 1B Colors""},""Features"":{""BackFingerPrint"":0,""Bluetooth"":""v5.4 with A2DP, LE"",""InDisplayFingerPrint"":1,""Infrared port"":1,""NFC"":0,""Positioning"":""Yes + A-GPS Support & GLONASS, GALILEO, BDS, QZSS"",""Radio"":0,""Sensors"":""Accelerometer, Compass, Fingerprint (under display, optical), Gyro, Proximity, Circle to Search"",""SideFingerPrint"":0,""USB"":""USB Type-C 2.0, OTG"",""WLAN"":""Wi-Fi 802.11 a/b/g/n/ac/6, dual-band""},""Launch"":{""Announced"":null,""Status"":null},""Main Camera"":{""Features"":""Color spectrum sensor, HDR, panorama, Video (4K, 1080p, gyro-EIS, OIS)"",""Specifications"":[""Dual camera: 200 MP, f/1.9, 24mm (wide), 1/1.56\"", PDAF, OIS"",""8 MP, f/2.2, (ultrawide), 1/4.0\"", Ring-LED flash""],""Video"":[""4K, 1080p, gyro-EIS, OIS""]},""Memory"":{""Card slot"":""Unspecified"",""Technology"":""256GB Built-in, 8GB RAM (+ 8GB Extended RAM), UFS 3.1"",""Types"":[""256GB Built-in"",""8GB RAM (+ 8GB Extended RAM)"",""UFS 3.1""]},""MobileName"":""Vivo V70 FE"",""Network"":{""2G"":1,""3G"":1,""4G"":1,""5G"":1},""Platform"":{""CPU"":""Octa-core (4 x 2.5 GHz Cortex-A78 + 4 x 2.0 GHz Cortex-A55)"",""Chipset"":""Mediatek Dimensity 7360 Turbo (4 nm)"",""GPU"":""Mali-G615 MC2"",""OS"":""Android 16 OS""},""Price"":[124999.0],""Selfie Camera"":{""Specifications"":[""32 MP, f/2.2, 22mm (wide), 1/3.1\""""],""Video"":[""4K, 1080p""]},""Sound"":{""3.5mm jack"":0,""Loudspeaker"":""Speaker Phone""},""Weight"":null}"
19c7fea0ae4908cbb32f898d97bb5e4ac64d9d0f37d309a7b43478c222323c01,whatmobile,whatmobile.com.pk,whatmobile.com.pk/whatmobile__Vivo_Y04-6GB.json,https://www.whatmobile.com.pk/Vivo_Y04-6GB,filename,2026-08-14T07:49:02+00:00,Vivo Y04 6GB,true,true,true,false,,,167.3 x 77 x 8.2 mm,199 g,"IP64 dust tight and water resistant (water splashes), Glass front, plastic frame, plastic back",Nano-SIM + Nano-SIM,"IP64 dust tight and water resistant (water splashes), Glass front, plastic frame, plastic back",IPS LCD Capacitive Touchscreen,6.74 Inches,720 x 1600 Pixels (~260 PPI),,Android 14 OS,Unisoc T7225 (12 nm),Octa-core (2 x 2.0 GHz Cortex-A75 + 6 x 1.8 GHz Cortex-A55),Mali-G52 MP1,microSDXC (dedicated slot),"[""128GB Built-in"",""6GB RAM"",""eMMC 5.1""]","128GB Built-in, 6GB RAM, eMMC 5.1","[""Dual Camera: 13 MP, f/2.2, (wide), PDAF"",""0.08 MP, f/3.0 (auxiliary lens), LED Flash""]","Panorama, Video (1080p@30fps)","[""1080p@30fps""]","[""5 MP, f/2.2, (wide)""]",,"[""5 MP, f/2.2, (wide""]","3.5mm Audio Jack, Speaker Phone",true,"Wi-Fi 802.11 a/b/g/n/ac, dual-band","v5.2 with A2DP, LE","Yes + GPS, GLONASS, GALILEO, BDS, QZSS",false,false,true,"USB Type-C 2.0, OTG",false,true,false,"Accelerometer, Fingerprint (side-mounted), Proximity",Li-ion 5500 mAh,false,"[""- 15W wired""]","[""Titanium Gold"",""Dark Green""]",Weight Unknown,[39999.0],0.87500,5f4dc55f7487f903ef6e5a24fe79292258c03a02de0e0ab54fee69e4ea34b3af,"{""Battery"":{""Capacity"":""Li-ion 5500 mAh"",""Charging"":[""- 15W wired""],""WirelessCharging"":0},""Body"":{""Build"":""IP64 dust tight and water resistant (water splashes), Glass front, plastic frame, plastic back"",""Dimensions"":""167.3 x 77 x 8.2 mm"",""Protection"":""IP64 dust tight and water resistant (water splashes), Glass front, plastic frame, plastic back"",""SIM"":""Nano-SIM + Nano-SIM"",""Weight"":""199 g""},""Colors"":[""Titanium Gold"",""Dark Green""],""Display"":{""Protection"":null,""Resolution"":""720 x 1600 Pixels (~260 PPI)"",""Size"":""6.74 Inches"",""Type"":""IPS LCD Capacitive Touchscreen""},""Features"":{""BackFingerPrint"":0,""Bluetooth"":""v5.2 with A2DP, LE"",""InDisplayFingerPrint"":0,""Infrared port"":0,""NFC"":0,""Positioning"":""Yes + GPS, GLONASS, GALILEO, BDS, QZSS"",""Radio"":1,""Sensors"":""Accelerometer, Fingerprint (side-mounted), Proximity"",""SideFingerPrint"":1,""USB"":""USB Type-C 2.0, OTG"",""WLAN"":""Wi-Fi 802.11 a/b/g/n/ac, dual-band""},""Launch"":{""Announced"":null,""Status"":null},""Main Camera"":{""Features"":""Panorama, Video (1080p@30fps)"",""Specifications"":[""Dual Camera: 13 MP, f/2.2, (wide), PDAF"",""0.08 MP, f/3.0 (auxiliary lens), LED Flash""],""Video"":[""1080p@30fps""]},""Memory"":{""Card slot"":""microSDXC (dedicated slot)"",""Technology"":""128GB Built-in, 6GB RAM, eMMC 5.1"",""Types"":[""128GB Built-in"",""6GB RAM"",""eMMC 5.1""]},""MobileName"":""Vivo Y04 6GB"",""Network"":{""2G"":1,""3G"":1,""4G"":1,""5G"":0},""Platform"":{""CPU"":""Octa-core (2 x 2.0 GHz Cortex-A75 + 6 x 1.8 GHz Cortex-A55)"",""Chipset"":""Unisoc T7225 (12 nm)"",""GPU"":""Mali-G52 MP1"",""OS"":""Android 14 OS""},""Price"":[39999.0],""Selfie Camera"":{""Specifications"":[""5 MP, f/2.2, (wide)""],""Video"":[""5 MP, f/2.2, (wide""]},""Sound"":{""3.5mm jack"":1,""Loudspeaker"":""3.5mm Audio Jack, Speaker Phone""},""Weight"":null}"
be2a61a1220df55fa4aef28f447b549aacdfdb773fc90cf50a6de8f0f7f3c82a,whatmobile,whatmobile.com.pk,whatmobile.com.pk/whatmobile__Vivo_Y05-128GB.json,https://www.whatmobile.com.pk/Vivo_Y05-128GB,filename,2026-08-14T07:44:59+00:00,Vivo Y05 128GB,true,true,true,false,,,167.40 x 77.10 x 8.39 mm,209 g,"IP65 dust tight and water resistant (water splashes), Glass front, plastic frame, plastic back",Nano-SIM + Nano-SIM,"IP65 dust tight and water resistant (water splashes), Glass front, plastic frame, plastic back",IPS LCD Capacitive Touchscreen,6.74 Inches,720 x 1600 Pixels (~260 PPI),,Android 16 OS,Unisoc T7225 (12 nm),Octa-Core (2 × 1.8 GHz + 6 × 1.8 GHz),ARM Mali-G57,"microSD Card, (supports upto 2TB)","[""128GB Built-in"",""4GB RAM (+4GB Extended RAM)"",""eMMC 5.1""]","128GB Built-in, 4GB RAM (+4GB Extended RAM), eMMC 5.1","[""8 MP, f/2.0, LED Flash""]","Panorama, Video (1080p@30fps)","[""1080p@30fps""]","[""5 MP, f/2.2""]",,"[""5 MP, f/2.2""]","3.5mm Audio Jack, Speaker Phone",true,"Wi-Fi 802.11 a/b/g/n/ac, dual-band","v5.2 with A2DP, LE","Yes + GPS, GLONASS, GALILEO, BDS, QZSS",false,false,true,"USB Type-C 2.0, OTG",false,true,false,"Accelerometer, Compass, Fingerprint (side mounted), Proximity",Li-ion 6500 mAh,false,"[""- Battery charging 15W""]","[""Black"",""Blue""]",Weight Unknown,[47999.0],0.87500,3d0c22411b7d65a26190081538dc6c0bd0c41adf10ba874d218c2b77ee96479d,"{""Battery"":{""Capacity"":""Li-ion 6500 mAh"",""Charging"":[""- Battery charging 15W""],""WirelessCharging"":0},""Body"":{""Build"":""IP65 dust tight and water resistant (water splashes), Glass front, plastic frame, plastic back"",""Dimensions"":""167.40 x 77.10 x 8.39 mm"",""Protection"":""IP65 dust tight and water resistant (water splashes), Glass front, plastic frame, plastic back"",""SIM"":""Nano-SIM + Nano-SIM"",""Weight"":""209 g""},""Colors"":[""Black"",""Blue""],""Display"":{""Protection"":null,""Resolution"":""720 x 1600 Pixels (~260 PPI)"",""Size"":""6.74 Inches"",""Type"":""IPS LCD Capacitive Touchscreen""},""Features"":{""BackFingerPrint"":0,""Bluetooth"":""v5.2 with A2DP, LE"",""InDisplayFingerPrint"":0,""Infrared port"":0,""NFC"":0,""Positioning"":""Yes + GPS, GLONASS, GALILEO, BDS, QZSS"",""Radio"":1,""Sensors"":""Accelerometer, Compass, Fingerprint (side mounted), Proximity"",""SideFingerPrint"":1,""USB"":""USB Type-C 2.0, OTG"",""WLAN"":""Wi-Fi 802.11 a/b/g/n/ac, dual-band""},""Launch"":{""Announced"":null,""Status"":null},""Main Camera"":{""Features"":""Panorama, Video (1080p@30fps)"",""Specifications"":[""8 MP, f/2.0, LED Flash""],""Video"":[""1080p@30fps""]},""Memory"":{""Card slot"":""microSD Card, (supports upto 2TB)"",""Technology"":""128GB Built-in, 4GB RAM (+4GB Extended RAM), eMMC 5.1"",""Types"":[""128GB Built-in"",""4GB RAM (+4GB Extended RAM)"",""eMMC 5.1""]},""MobileName"":""Vivo Y05 128GB"",""Network"":{""2G"":1,""3G"":1,""4G"":1,""5G"":0},""Platform"":{""CPU"":""Octa-Core (2 × 1.8 GHz + 6 × 1.8 GHz)"",""Chipset"":""Unisoc T7225 (12 nm)"",""GPU"":""ARM Mali-G57"",""OS"":""Android 16 OS""},""Price"":[47999.0],""Selfie Camera"":{""Specifications"":[""5 MP, f/2.2""],""Video"":[""5 MP, f/2.2""]},""Sound"":{""3.5mm jack"":1,""Loudspeaker"":""3.5mm Audio Jack, Speaker Phone""},""Weight"":null}"
e5ab53a1860808ef848773d716382b91437a66ffaa68822f8cbf2913524be2ba,whatmobile,whatmobile.com.pk,whatmobile.com.pk/whatmobile__Vivo_Y11d-6GB.json,https://www.whatmobile.com.pk/Vivo_Y11d-6GB,filename,2026-08-14T07:44:14+00:00,Vivo Y11d 6GB,true,true,true,false,,,167.40 x 77.10 x 8.39 mm,209 g,Composite plastic sheet,Nano-SIM + Nano-SIM,Composite plastic sheet,IPS LCD Capacitive Touchscreen,6.74 Inches,720 x 1600 Pixels (~260 PPI),,Android 16 OS,Unisoc T7225 (12 nm),Octa Core (2 x 1.8 GHz + 6 x 1.8 GHz),ARM Mali-G57 MP1,"microSD Card, (supports up to 2TB)","[""128GB Built-in"",""6GB RAM"",""eMMC 5.1""]","128GB Built-in, 6GB RAM, eMMC 5.1","[""Dual Camera: 50 MP, f/1.8"",""0.08 MP, f/3.0, LED Flash""]","Night, Portrait, Live Photo, Time-lapse, Pro, Panorama, Video (1080p@30fps)","[""1080p@30fps""]","[""5 MP, f/2.2""]",,"[""5 MP, f/2.2""]","3.5mm Audio Jack, Speaker Phone",true,"Wi-Fi 802.11 a/b/g/n/ac, dual-band, Wi-Fi Direct, hotspot","v5.2 with A2DP, LE","Yes + AGPS, GLONASS, BDS, GALILEO",false,false,true,USB Type-C 2.0,false,true,false,"Accelerometer, Compass, Fingerprint (side mounted), Gyro, Proximity",Li-ion 6500 mAh,false,"[""- Fast charging 44W""]","[""Sunrise Gold"",""Voyage Black""]",Weight Unknown,[65999.0],0.87500,a59a3a89635053e21baedf0e49b423879d9c5e33996dfbae48c880f48ec77fc4,"{""Battery"":{""Capacity"":""Li-ion 6500 mAh"",""Charging"":[""- Fast charging 44W""],""WirelessCharging"":0},""Body"":{""Build"":""Composite plastic sheet"",""Dimensions"":""167.40 x 77.10 x 8.39 mm"",""Protection"":""Composite plastic sheet"",""SIM"":""Nano-SIM + Nano-SIM"",""Weight"":""209 g""},""Colors"":[""Sunrise Gold"",""Voyage Black""],""Display"":{""Protection"":null,""Resolution"":""720 x 1600 Pixels (~260 PPI)"",""Size"":""6.74 Inches"",""Type"":""IPS LCD Capacitive Touchscreen""},""Features"":{""BackFingerPrint"":0,""Bluetooth"":""v5.2 with A2DP, LE"",""InDisplayFingerPrint"":0,""Infrared port"":0,""NFC"":0,""Positioning"":""Yes + AGPS, GLONASS, BDS, GALILEO"",""Radio"":1,""Sensors"":""Accelerometer, Compass, Fingerprint (side mounted), Gyro, Proximity"",""SideFingerPrint"":1,""USB"":""USB Type-C 2.0"",""WLAN"":""Wi-Fi 802.11 a/b/g/n/ac, dual-band, Wi-Fi Direct, hotspot""},""Launch"":{""Announced"":null,""Status"":null},""Main Camera"":{""Features"":""Night, Portrait, Live Photo, Time-lapse, Pro, Panorama, Video (1080p@30fps)"",""Specifications"":[""Dual Camera: 50 MP, f/1.8"",""0.08 MP, f/3.0, LED Flash""],""Video"":[""1080p@30fps""]},""Memory"":{""Card slot"":""microSD Card, (supports up to 2TB)"",""Technology"":""128GB Built-in, 6GB RAM, eMMC 5.1"",""Types"":[""128GB Built-in"",""6GB RAM"",""eMMC 5.1""]},""MobileName"":""Vivo Y11d 6GB"",""Network"":{""2G"":1,""3G"":1,""4G"":1,""5G"":0},""Platform"":{""CPU"":""Octa Core (2 x 1.8 GHz + 6 x 1.8 GHz)"",""Chipset"":""Unisoc T7225 (12 nm)"",""GPU"":""ARM Mali-G57 MP1"",""OS"":""Android 16 OS""},""Price"":[65999.0],""Selfie Camera"":{""Specifications"":[""5 MP, f/2.2""],""Video"":[""5 MP, f/2.2""]},""Sound"":{""3.5mm jack"":1,""Loudspeaker"":""3.5mm Audio Jack, Speaker Phone""},""Weight"":null}"
041ed8a6d8297b010d9f9ba878459ef517d1af01cadee0ce6c4dbd071363a5f5,whatmobile,whatmobile.com.pk,whatmobile.com.pk/whatmobile__Vivo_Y21d-6GB.json,https://www.whatmobile.com.pk/Vivo_Y21d-6GB,filename,2026-08-14T07:49:07+00:00,Vivo Y21d 6GB,true,true,true,false,,,166.14 x 77.01 x 8.39 mm,209 g,"Document viewer, Photo/video editor",Nano-SIM + Nano-SIM,"Document viewer, Photo/video editor",IPS LCD Capacitive Touchscreen,6.68 Inches,720 x 1608 Pixels (~264 PPI),,Android 15 OS,Unisoc T7225 (12 nm),Octa-Core (2 × 1.8 GHz + 6 × 1.8 GHz),Arm Mali G57,"microSD Card, (supports up to 2TB)","[""128GB Built-in"",""6GB RAM"",""eMMC 5.1""]","128GB Built-in, 6GB RAM, eMMC 5.1","[""Dual Camera: 50 MP, f/1.8"",""0.08 MP, f/2.2, LED Flash""]","Night, Portrait, Video, Live Photo, Slo-mo, Time-lapse, Panorama, Video","[""Night, Portrait, Video, Live Photo, Slo-mo, Time-lapse, Panorama, Video""]","[""5 MP""]",,"[""5 MP""]","3.5mm Audio Jack, Speaker Phone",true,"Wi-Fi 802.11 a/b/g/n/ac, dual-band, Wi-Fi Direct, hotspot","v5.2 with A2DP, LE","Yes + A-GPS support & Glonass, BDS, GALILEO, QZSS",false,false,true,"USB Type-C 2.0, OTG",false,true,false,"Accelerometer, Compass, Fingerprint (side mounted), Gyro, Proximity",Li-ion 6500 mAh,false,"[""- Fast charging 44W""]","[""Coral Red"",""Jade Green""]",Weight Unknown,[49999.0],0.87500,999e4d315b8194fccecfdd4e141ab1e2d08893606cd699665aba4f99f00d71dd,"{""Battery"":{""Capacity"":""Li-ion 6500 mAh"",""Charging"":[""- Fast charging 44W""],""WirelessCharging"":0},""Body"":{""Build"":""Document viewer, Photo/video editor"",""Dimensions"":""166.14 x 77.01 x 8.39 mm"",""Protection"":""Document viewer, Photo/video editor"",""SIM"":""Nano-SIM + Nano-SIM"",""Weight"":""209 g""},""Colors"":[""Coral Red"",""Jade Green""],""Display"":{""Protection"":null,""Resolution"":""720 x 1608 Pixels (~264 PPI)"",""Size"":""6.68 Inches"",""Type"":""IPS LCD Capacitive Touchscreen""},""Features"":{""BackFingerPrint"":0,""Bluetooth"":""v5.2 with A2DP, LE"",""InDisplayFingerPrint"":0,""Infrared port"":0,""NFC"":0,""Positioning"":""Yes + A-GPS support & Glonass, BDS, GALILEO, QZSS"",""Radio"":1,""Sensors"":""Accelerometer, Compass, Fingerprint (side mounted), Gyro, Proximity"",""SideFingerPrint"":1,""USB"":""USB Type-C 2.0, OTG"",""WLAN"":""Wi-Fi 802.11 a/b/g/n/ac, dual-band, Wi-Fi Direct, hotspot""},""Launch"":{""Announced"":null,""Status"":null},""Main Camera"":{""Features"":""Night, Portrait, Video, Live Photo, Slo-mo, Time-lapse, Panorama, Video"",""Specifications"":[""Dual Camera: 50 MP, f/1.8"",""0.08 MP, f/2.2, LED Flash""],""Video"":[""Night, Portrait, Video, Live Photo, Slo-mo, Time-lapse, Panorama, Video""]},""Memory"":{""Card slot"":""microSD Card, (supports up to 2TB)"",""Technology"":""128GB Built-in, 6GB RAM, eMMC 5.1"",""Types"":[""128GB Built-in"",""6GB RAM"",""eMMC 5.1""]},""MobileName"":""Vivo Y21d 6GB"",""Network"":{""2G"":1,""3G"":1,""4G"":1,""5G"":0},""Platform"":{""CPU"":""Octa-Core (2 × 1.8 GHz + 6 × 1.8 GHz)"",""Chipset"":""Unisoc T7225 (12 nm)"",""GPU"":""Arm Mali G57"",""OS"":""Android 15 OS""},""Price"":[49999.0],""Selfie Camera"":{""Specifications"":[""5 MP""],""Video"":[""5 MP""]},""Sound"":{""3.5mm jack"":1,""Loudspeaker"":""3.5mm Audio Jack, Speaker Phone""},""Weight"":null}"
34b7115693cdca58139716cc49cd7ab78f12eac81220266cdbc9c170e38b93f9,whatmobile,whatmobile.com.pk,whatmobile.com.pk/whatmobile__Vivo_Y21d-8GB.json,https://www.whatmobile.com.pk/Vivo_Y21d-8GB,filename,2026-08-14T07:48:26+00:00,Vivo Y21d 8GB,true,true,true,false,,,166.14 x 77.01 x 8.39 mm,209 g,"Document viewer, Photo/video editor",Nano-SIM + Nano-SIM,"Document viewer, Photo/video editor",IPS LCD Capacitive Touchscreen,6.68 Inches,720 x 1608 Pixels (~264 PPI),,Android 15 OS,Unisoc T7225 (12 nm),Octa-Core (2 × 1.8 GHz + 6 × 1.8 GHz),Arm Mali G57,"microSD Card, (supports up to 2TB)","[""128GB Built-in"",""8GB RAM"",""eMMC 5.1""]","128GB Built-in, 8GB RAM, eMMC 5.1","[""Dual Camera: 50 MP, f/1.8"",""0.08 MP, f/2.2, LED Flash""]","Night, Portrait, Video, Live Photo, Slo-mo, Time-lapse, Panorama, Video","[""Night, Portrait, Video, Live Photo, Slo-mo, Time-lapse, Panorama, Video""]","[""5 MP""]",,"[""5 MP""]","3.5mm Audio Jack, Speaker Phone",true,"Wi-Fi 802.11 a/b/g/n/ac, dual-band, Wi-Fi Direct, hotspot","v5.2 with A2DP, LE","Yes + A-GPS support & Glonass, BDS, GALILEO, QZSS",false,false,true,"USB Type-C 2.0, OTG",false,true,false,"Accelerometer, Compass, Fingerprint (side mounted), Gyro, Proximity",Li-ion 6500 mAh,false,"[""- Fast charging 44W""]","[""Coral Red"",""Jade Green""]",Weight Unknown,[56999.0],0.87500,e87511c3cedb70d4de5973cdbfb25b054998225273f99ecfd70fdee379c7241c,"{""Battery"":{""Capacity"":""Li-ion 6500 mAh"",""Charging"":[""- Fast charging 44W""],""WirelessCharging"":0},""Body"":{""Build"":""Document viewer, Photo/video editor"",""Dimensions"":""166.14 x 77.01 x 8.39 mm"",""Protection"":""Document viewer, Photo/video editor"",""SIM"":""Nano-SIM + Nano-SIM"",""Weight"":""209 g""},""Colors"":[""Coral Red"",""Jade Green""],""Display"":{""Protection"":null,""Resolution"":""720 x 1608 Pixels (~264 PPI)"",""Size"":""6.68 Inches"",""Type"":""IPS LCD Capacitive Touchscreen""},""Features"":{""BackFingerPrint"":0,""Bluetooth"":""v5.2 with A2DP, LE"",""InDisplayFingerPrint"":0,""Infrared port"":0,""NFC"":0,""Positioning"":""Yes + A-GPS support & Glonass, BDS, GALILEO, QZSS"",""Radio"":1,""Sensors"":""Accelerometer, Compass, Fingerprint (side mounted), Gyro, Proximity"",""SideFingerPrint"":1,""USB"":""USB Type-C 2.0, OTG"",""WLAN"":""Wi-Fi 802.11 a/b/g/n/ac, dual-band, Wi-Fi Direct, hotspot""},""Launch"":{""Announced"":null,""Status"":null},""Main Camera"":{""Features"":""Night, Portrait, Video, Live Photo, Slo-mo, Time-lapse, Panorama, Video"",""Specifications"":[""Dual Camera: 50 MP, f/1.8"",""0.08 MP, f/2.2, LED Flash""],""Video"":[""Night, Portrait, Video, Live Photo, Slo-mo, Time-lapse, Panorama, Video""]},""Memory"":{""Card slot"":""microSD Card, (supports up to 2TB)"",""Technology"":""128GB Built-in, 8GB RAM, eMMC 5.1"",""Types"":[""128GB Built-in"",""8GB RAM"",""eMMC 5.1""]},""MobileName"":""Vivo Y21d 8GB"",""Network"":{""2G"":1,""3G"":1,""4G"":1,""5G"":0},""Platform"":{""CPU"":""Octa-Core (2 × 1.8 GHz + 6 × 1.8 GHz)"",""Chipset"":""Unisoc T7225 (12 nm)"",""GPU"":""Arm Mali G57"",""OS"":""Android 15 OS""},""Price"":[56999.0],""Selfie Camera"":{""Specifications"":[""5 MP""],""Video"":[""5 MP""]},""Sound"":{""3.5mm jack"":1,""Loudspeaker"":""3.5mm Audio Jack, Speaker Phone""},""Weight"":null}"
e81f31d687b95aa322df381e62f9c8da571f9db2d9f0da0a6f5645bba6a3029d,whatmobile,whatmobile.com.pk,whatmobile.com.pk/whatmobile__Vivo_Y29-256GB.json,https://www.whatmobile.com.pk/Vivo_Y29-256GB,filename,2026-08-14T07:48:46+00:00,Vivo Y29 256GB,true,true,true,false,,,165.7 x 76.3 x 8.2 mm,204 g,"Glass front, plastic back, plastic frame, IP64 dust tight and water resistant (water splashes)",Nano-SIM + Nano-SIM,"Glass front, plastic back, plastic frame, IP64 dust tight and water resistant (water splashes)",IPS LCD Capacitive Touchscreen,6.68 Inches,720 x 1608 Pixels (~264 PPI),Schott Glass,Android 15 OS,Qualcomm SM6225 Snapdragon 685 (6 nm),Octa-core (4 x 2.8 GHz Cortex-A73 + 4 x 1.9 GHz Cortex-A53),Adreno 610,microSDXC (uses shared SIM slot),"[""256GB Built-in"",""8GB RAM"",""eMMC 5.1""]","256GB Built-in, 8GB RAM, eMMC 5.1","[""Dual Camera: 50 MP, f/1.8, (wide), PDAF"",""2 MP, f/2.4, (depth), Ring-LED flash, Ring-LED flash""]","Panorama, Video (1080p@30fps)","[""1080p@30fps""]","[""8 MP, f/2.0, (wide)""]",,"[""1080p@30fps""]","24-bit/192kHz Hi-Res audio, Speaker Phone",false,"Wi-Fi 802.11 a/b/g/n/ac, dual-band","v5.0 with A2DP, LE","Yes + AGPS, GLONASS, BDS, GALILEO",false,false,true,"USB Type-C 2.0, OTG",false,true,false,"Accelerometer, Compass, Fingerprint (side-mounted), Proximity, Circle to Search",Li-ion 6500 mAh,false,"[""- Fast battery 44W wired"",""50% in 41 min"",""100% in 92 min"",""Reverse wired""]","[""Noble Brown"",""Elegant White""]",Weight Unknown,[60999.0],0.87500,f27bce3643acde90368e832f4ac31f21e54a9f8f67774ed188b73925cb5b2cb8,"{""Battery"":{""Capacity"":""Li-ion 6500 mAh"",""Charging"":[""- Fast battery 44W wired"",""50% in 41 min"",""100% in 92 min"",""Reverse wired""],""WirelessCharging"":0},""Body"":{""Build"":""Glass front, plastic back, plastic frame, IP64 dust tight and water resistant (water splashes)"",""Dimensions"":""165.7 x 76.3 x 8.2 mm"",""Protection"":""Glass front, plastic back, plastic frame, IP64 dust tight and water resistant (water splashes)"",""SIM"":""Nano-SIM + Nano-SIM"",""Weight"":""204 g""},""Colors"":[""Noble Brown"",""Elegant White""],""Display"":{""Protection"":""Schott Glass"",""Resolution"":""720 x 1608 Pixels (~264 PPI)"",""Size"":""6.68 Inches"",""Type"":""IPS LCD Capacitive Touchscreen""},""Features"":{""BackFingerPrint"":0,""Bluetooth"":""v5.0 with A2DP, LE"",""InDisplayFingerPrint"":0,""Infrared port"":0,""NFC"":0,""Positioning"":""Yes + AGPS, GLONASS, BDS, GALILEO"",""Radio"":1,""Sensors"":""Accelerometer, Compass, Fingerprint (side-mounted), Proximity, Circle to Search"",""SideFingerPrint"":1,""USB"":""USB Type-C 2.0, OTG"",""WLAN"":""Wi-Fi 802.11 a/b/g/n/ac, dual-band""},""Launch"":{""Announced"":null,""Status"":null},""Main Camera"":{""Features"":""Panorama, Video (1080p@30fps)"",""Specifications"":[""Dual Camera: 50 MP, f/1.8, (wide), PDAF"",""2 MP, f/2.4, (depth), Ring-LED flash, Ring-LED flash""],""Video"":[""1080p@30fps""]},""Memory"":{""Card slot"":""microSDXC (uses shared SIM slot)"",""Technology"":""256GB Built-in, 8GB RAM, eMMC 5.1"",""Types"":[""256GB Built-in"",""8GB RAM"",""eMMC 5.1""]},""MobileName"":""Vivo Y29 256GB"",""Network"":{""2G"":1,""3G"":1,""4G"":1,""5G"":0},""Platform"":{""CPU"":""Octa-core (4 x 2.8 GHz Cortex-A73 + 4 x 1.9 GHz Cortex-A53)"",""Chipset"":""Qualcomm SM6225 Snapdragon 685 (6 nm)"",""GPU"":""Adreno 610"",""OS"":""Android 15 OS""},""Price"":[60999.0],""Selfie Camera"":{""Specifications"":[""8 MP, f/2.0, (wide)""],""Video"":[""1080p@30fps""]},""Sound"":{""3.5mm jack"":0,""Loudspeaker"":""24-bit/192kHz Hi-Res audio, Speaker Phone""},""Weight"":null}"
7ae64d15324996ac9511ef989a0021d7f49d847bbb53691b0024115d049b325f,whatmobile,whatmobile.com.pk,whatmobile.com.pk/whatmobile__Vivo_Y31d-256GB.json,https://www.whatmobile.com.pk/Vivo_Y31d-256GB,filename,2026-08-14T07:43:53+00:00,Vivo Y31d 256GB,true,true,true,false,,,166.6 x 78.4 x 8.39mm,219 g,"IP68/IP69 dust tight and water resistant (high pressure water jets; immersible up to 1.5m for 30 min), Document viewer, Photo/video editor",Nano-SIM + Nano-SIM,"IP68/IP69 dust tight and water resistant (high pressure water jets; immersible up to 1.5m for 30 min), Document viewer, Photo/video editor",IPS LCD Capacitive Touchscreen,6.75 Inches,720 x 1570 Pixels (~256 PPI),,Android 16 OS,Qualcomm Snapdragon 6s 4G Gen 2,Octa-core (4 x 2.9 GHz Cortex-A73 + 4 x 1.9 GHz Cortex-A53),Adreno 610,microSDXC (dedicated slot),"[""256GB Built-in"",""8GB RAM"",""UFS 2.2""]","256GB Built-in, 8GB RAM, UFS 2.2","[""Dual Camera: 50 MP, f/2.0, (wide), PDAF"",""2 MP, LED Flash""]","Panorama, HDR, Video, (1080p@30fps)","[""Panorama, HDR, Video, (1080p@30fps""]","[""8 MP, f/2.1, (wide)""]",,"[""1080p@30fps""]",Speaker Phone,false,"Wi-Fi 802.11 a/b/g/n/ac, dual-band, Wi-Fi Direct, hotspot","v5.1 with A2DP, LE","Yes + GPS, GALILEO, GLONASS, BDS, QZSS",false,true,true,"USB Type-C 2.0, OTG",false,true,false,"Accelerometer, Compass, Fingerprint (side mounted), Gyro, Proximity",7200 mAh,false,"[""- Fast charging 44W wired"",""50% in 43 min"",""Reverse wired"",""Bypass Charging""]","[""Glow White"",""Starlight Gray""]",Weight Unknown,[89999.0],0.87500,6c30fc3c4d4b8fc50daefc84a1f908edc412a98b17ca5a2b9d570ae3b8512445,"{""Battery"":{""Capacity"":""7200 mAh"",""Charging"":[""- Fast charging 44W wired"",""50% in 43 min"",""Reverse wired"",""Bypass Charging""],""WirelessCharging"":0},""Body"":{""Build"":""IP68/IP69 dust tight and water resistant (high pressure water jets; immersible up to 1.5m for 30 min), Document viewer, Photo/video editor"",""Dimensions"":""166.6 x 78.4 x 8.39mm"",""Protection"":""IP68/IP69 dust tight and water resistant (high pressure water jets; immersible up to 1.5m for 30 min), Document viewer, Photo/video editor"",""SIM"":""Nano-SIM + Nano-SIM"",""Weight"":""219 g""},""Colors"":[""Glow White"",""Starlight Gray""],""Display"":{""Protection"":null,""Resolution"":""720 x 1570 Pixels (~256 PPI)"",""Size"":""6.75 Inches"",""Type"":""IPS LCD Capacitive Touchscreen""},""Features"":{""BackFingerPrint"":0,""Bluetooth"":""v5.1 with A2DP, LE"",""InDisplayFingerPrint"":0,""Infrared port"":1,""NFC"":0,""Positioning"":""Yes + GPS, GALILEO, GLONASS, BDS, QZSS"",""Radio"":1,""Sensors"":""Accelerometer, Compass, Fingerprint (side mounted), Gyro, Proximity"",""SideFingerPrint"":1,""USB"":""USB Type-C 2.0, OTG"",""WLAN"":""Wi-Fi 802.11 a/b/g/n/ac, dual-band, Wi-Fi Direct, hotspot""},""Launch"":{""Announced"":null,""Status"":null},""Main Camera"":{""Features"":""Panorama, HDR, Video, (1080p@30fps)"",""Specifications"":[""Dual Camera: 50 MP, f/2.0, (wide), PDAF"",""2 MP, LED Flash""],""Video"":[""Panorama, HDR, Video, (1080p@30fps""]},""Memory"":{""Card slot"":""microSDXC (dedicated slot)"",""Technology"":""256GB Built-in, 8GB RAM, UFS 2.2"",""Types"":[""256GB Built-in"",""8GB RAM"",""UFS 2.2""]},""MobileName"":""Vivo Y31d 256GB"",""Network"":{""2G"":1,""3G"":1,""4G"":1,""5G"":0},""Platform"":{""CPU"":""Octa-core (4 x 2.9 GHz Cortex-A73 + 4 x 1.9 GHz Cortex-A53)"",""Chipset"":""Qualcomm Snapdragon 6s 4G Gen 2"",""GPU"":""Adreno 610"",""OS"":""Android 16 OS""},""Price"":[89999.0],""Selfie Camera"":{""Specifications"":[""8 MP, f/2.1, (wide)""],""Video"":[""1080p@30fps""]},""Sound"":{""3.5mm jack"":0,""Loudspeaker"":""Speaker Phone""},""Weight"":null}"
ebab87bcd40ba3ef17b7ae4fe6ed4a4b940ebff0f94ebcc2ac1fd5028ff7f996,whatmobile,whatmobile.com.pk,whatmobile.com.pk/whatmobile__Vivo_Y31d-8GB.json,https://www.whatmobile.com.pk/Vivo_Y31d-8GB,filename,2026-08-14T07:43:40+00:00,Vivo Y31d 8GB,true,true,true,false,,,166.6 x 78.4 x 8.39mm,219 g,"IP68/IP69 dust tight and water resistant (high pressure water jets; immersible up to 1.5m for 30 min), Document viewer, Photo/video editor",Nano-SIM + Nano-SIM,"IP68/IP69 dust tight and water resistant (high pressure water jets; immersible up to 1.5m for 30 min), Document viewer, Photo/video editor",IPS LCD Capacitive Touchscreen,6.75 Inches,720 x 1570 Pixels (~256 PPI),,Android 16 OS,Qualcomm Snapdragon 6s 4G Gen 2,Octa-core (4 x 2.9 GHz Cortex-A73 + 4 x 1.9 GHz Cortex-A53),Adreno 610,microSDXC (dedicated slot),"[""128GB Built-in"",""8GB RAM"",""UFS 2.2""]","128GB Built-in, 8GB RAM, UFS 2.2","[""Dual Camera: 50 MP, f/2.0, (wide), PDAF"",""2 MP, LED Flash""]","Panorama, HDR, Video, (1080p@30fps)","[""Panorama, HDR, Video, (1080p@30fps""]","[""8 MP, f/2.1, (wide)""]",,"[""1080p@30fps""]",Speaker Phone,false,"Wi-Fi 802.11 a/b/g/n/ac, dual-band, Wi-Fi Direct, hotspot","v5.1 with A2DP, LE","Yes + GPS, GALILEO, GLONASS, BDS, QZSS",false,true,true,"USB Type-C 2.0, OTG",false,true,false,"Accelerometer, Compass, Fingerprint (side mounted), Gyro, Proximity",7200 mAh,false,"[""- Fast charging 44W wired"",""50% in 43 min"",""Reverse wired"",""Bypass Charging""]","[""Glow White"",""Starlight Gray""]",Weight Unknown,[79999.0],0.87500,b9008f32cbd20bb7878ee1848fb101ac347df4b69864ebd07f55d2f5583b4629,"{""Battery"":{""Capacity"":""7200 mAh"",""Charging"":[""- Fast charging 44W wired"",""50% in 43 min"",""Reverse wired"",""Bypass Charging""],""WirelessCharging"":0},""Body"":{""Build"":""IP68/IP69 dust tight and water resistant (high pressure water jets; immersible up to 1.5m for 30 min), Document viewer, Photo/video editor"",""Dimensions"":""166.6 x 78.4 x 8.39mm"",""Protection"":""IP68/IP69 dust tight and water resistant (high pressure water jets; immersible up to 1.5m for 30 min), Document viewer, Photo/video editor"",""SIM"":""Nano-SIM + Nano-SIM"",""Weight"":""219 g""},""Colors"":[""Glow White"",""Starlight Gray""],""Display"":{""Protection"":null,""Resolution"":""720 x 1570 Pixels (~256 PPI)"",""Size"":""6.75 Inches"",""Type"":""IPS LCD Capacitive Touchscreen""},""Features"":{""BackFingerPrint"":0,""Bluetooth"":""v5.1 with A2DP, LE"",""InDisplayFingerPrint"":0,""Infrared port"":1,""NFC"":0,""Positioning"":""Yes + GPS, GALILEO, GLONASS, BDS, QZSS"",""Radio"":1,""Sensors"":""Accelerometer, Compass, Fingerprint (side mounted), Gyro, Proximity"",""SideFingerPrint"":1,""USB"":""USB Type-C 2.0, OTG"",""WLAN"":""Wi-Fi 802.11 a/b/g/n/ac, dual-band, Wi-Fi Direct, hotspot""},""Launch"":{""Announced"":null,""Status"":null},""Main Camera"":{""Features"":""Panorama, HDR, Video, (1080p@30fps)"",""Specifications"":[""Dual Camera: 50 MP, f/2.0, (wide), PDAF"",""2 MP, LED Flash""],""Video"":[""Panorama, HDR, Video, (1080p@30fps""]},""Memory"":{""Card slot"":""microSDXC (dedicated slot)"",""Technology"":""128GB Built-in, 8GB RAM, UFS 2.2"",""Types"":[""128GB Built-in"",""8GB RAM"",""UFS 2.2""]},""MobileName"":""Vivo Y31d 8GB"",""Network"":{""2G"":1,""3G"":1,""4G"":1,""5G"":0},""Platform"":{""CPU"":""Octa-core (4 x 2.9 GHz Cortex-A73 + 4 x 1.9 GHz Cortex-A53)"",""Chipset"":""Qualcomm Snapdragon 6s 4G Gen 2"",""GPU"":""Adreno 610"",""OS"":""Android 16 OS""},""Price"":[79999.0],""Selfie Camera"":{""Specifications"":[""8 MP, f/2.1, (wide)""],""Video"":[""1080p@30fps""]},""Sound"":{""3.5mm jack"":0,""Loudspeaker"":""Speaker Phone""},""Weight"":null}"
6121038dba32bec7f4529487de05cf2a18a64322f110f7247b4caa5cb4ea6a67,whatmobile,whatmobile.com.pk,whatmobile.com.pk/whatmobile__Vivo_Y500-256GB.json,https://www.whatmobile.com.pk/Vivo_Y500-256GB,filename,2026-08-14T07:42:33+00:00,Vivo Y500 256GB,true,true,true,false,,,"163.73 x 76.18 x 8.40 mm (Blue), 163.73 x 76.18 x 8.52 mm (White)",215 g,"IP68/IP69+ dust tight and water resistant (high pressure water jets; immersible up to 1.5m for 24 hours), Drop resistant up to 1.7m",Nano-SIM + Nano-SIM,"IP68/IP69+ dust tight and water resistant (high pressure water jets; immersible up to 1.5m for 24 hours), Drop resistant up to 1.7m",AMOLED Capacitive Touchscreen,6.8 Inches,1260 x 2800 Pixels (~450 PPI),,Android 16 OS,Unisoc T7300,Octa-Core (2 × 2.2 GHz + 6 × 2.0 GHz),Arm Mali-G57 MC2,No,"[""256GB Built-in"",""8GB RAM""]","256GB Built-in, 8GB RAM","[""Dual Camera: 50 MP, f/1.8, (wide), PDAF"",""2 MP, f/2.4, (depth), Ring-LED flash""]","Panorama, HDR, Video (4K@30fps, 1080p@30fps, gyro-EIS)","[""4K@30fps, 1080p@30fps, gyro-EIS""]","[""32 MP""]",,"[""32 MP""]","24-bit/192kHz Hi-Res & Hi-Res, Wireless audio 3D Panoramic Audio speaker, Speaker Phone",false,"Wi-Fi 802.11 a/b/g/n/ac/6, dual-band","v5.4 with A2DP, LE, aptX HD","Yes + GPS, GLONASS, GALILEO, BDS, QZSS",false,false,false,"USB Type-C 2.0, OTG",false,false,true,"Accelerometer, Compass, Fingerprint (under display, optical), Gyro, Proximity",Li-ion Si-Ca 8100 mAh,false,"[""- Fast battery 44W""]","[""Midnight Blue"",""Pearl White""]",Weight Unknown,[109999.0],0.87500,3a510b632acd825058856389e650140e7d60740260e263419d7256ea6e090519,"{""Battery"":{""Capacity"":""Li-ion Si-Ca 8100 mAh"",""Charging"":[""- Fast battery 44W""],""WirelessCharging"":0},""Body"":{""Build"":""IP68/IP69+ dust tight and water resistant (high pressure water jets; immersible up to 1.5m for 24 hours), Drop resistant up to 1.7m"",""Dimensions"":""163.73 x 76.18 x 8.40 mm (Blue), 163.73 x 76.18 x 8.52 mm (White)"",""Protection"":""IP68/IP69+ dust tight and water resistant (high pressure water jets; immersible up to 1.5m for 24 hours), Drop resistant up to 1.7m"",""SIM"":""Nano-SIM + Nano-SIM"",""Weight"":""215 g""},""Colors"":[""Midnight Blue"",""Pearl White""],""Display"":{""Protection"":null,""Resolution"":""1260 x 2800 Pixels (~450 PPI)"",""Size"":""6.8 Inches"",""Type"":""AMOLED Capacitive Touchscreen""},""Features"":{""BackFingerPrint"":0,""Bluetooth"":""v5.4 with A2DP, LE, aptX HD"",""InDisplayFingerPrint"":1,""Infrared port"":0,""NFC"":0,""Positioning"":""Yes + GPS, GLONASS, GALILEO, BDS, QZSS"",""Radio"":0,""Sensors"":""Accelerometer, Compass, Fingerprint (under display, optical), Gyro, Proximity"",""SideFingerPrint"":0,""USB"":""USB Type-C 2.0, OTG"",""WLAN"":""Wi-Fi 802.11 a/b/g/n/ac/6, dual-band""},""Launch"":{""Announced"":null,""Status"":null},""Main Camera"":{""Features"":""Panorama, HDR, Video (4K@30fps, 1080p@30fps, gyro-EIS)"",""Specifications"":[""Dual Camera: 50 MP, f/1.8, (wide), PDAF"",""2 MP, f/2.4, (depth), Ring-LED flash""],""Video"":[""4K@30fps, 1080p@30fps, gyro-EIS""]},""Memory"":{""Card slot"":""No"",""Technology"":""256GB Built-in, 8GB RAM"",""Types"":[""256GB Built-in"",""8GB RAM""]},""MobileName"":""Vivo Y500 256GB"",""Network"":{""2G"":1,""3G"":1,""4G"":1,""5G"":0},""Platform"":{""CPU"":""Octa-Core (2 × 2.2 GHz + 6 × 2.0 GHz)"",""Chipset"":""Unisoc T7300"",""GPU"":""Arm Mali-G57 MC2"",""OS"":""Android 16 OS""},""Price"":[109999.0],""Selfie Camera"":{""Specifications"":[""32 MP""],""Video"":[""32 MP""]},""Sound"":{""3.5mm jack"":0,""Loudspeaker"":""24-bit/192kHz Hi-Res & Hi-Res, Wireless audio 3D Panoramic Audio speaker, Speaker Phone""},""Weight"":null}"
c2d6664e6f2b5240cf834d7330df2a850b3f57cd2a068b236da130943b70d8a3,whatmobile,whatmobile.com.pk,whatmobile.com.pk/whatmobile__Xiaomi_Redmi-15.json,https://www.whatmobile.com.pk/Xiaomi_Redmi-15,filename,2026-08-14T07:53:35+00:00,Xiaomi Redmi 15,true,true,true,false,,,169.48 x 80.45 x 8.40mm,214 g,IP64 dust tight and water resistant (water splashes),Nano-SIM + Nano-SIM,IP64 dust tight and water resistant (water splashes),IPS LCD Capacitive Touchscreen,6.9 Inches,1080 x 2340 Pixels (~374 PPI),,Android 15 OS,Qualcomm SM6375 Snapdragon 6s Gen 3 (6 nm),Octa-core (4 x 2.8 GHz Cortex-A73 + 4 x 1.9 GHz Cortex-A53),Adreno 610,microSDXC (uses shared SIM slot),"[""128GB Built-in"",""8GB RAM""]","128GB Built-in, 8GB RAM","[""Dual Camera: 50 MP, f/1.8, (wide), PDAF"",""Auxiliary lens, LED Flash""]","HDR, Video (1080p@30fps)","[""1080p@30fps""]","[""8 MP, f/2.0, (wide)""]",,"[""1080p@30fps""]",Speaker Phone,false,"Wi-Fi 802.11 b/g/n/ac, dual-band","v5.0 with A2DP, LE","Yes + A-GPS support & Glonass, BDS",false,true,true,USB Type-C 2.0,false,true,false,"Accelerometer, Compass, Fingerprint (side mounted), Virtual proximity sensing",Li-ion Si-Ca 7000 mAh,false,"[""- Fast battery 33W wired""]","[""Midnight Black"",""Titan Gray"",""Sandy Purple""]",Weight Unknown,[54999.0],0.87500,c5ce60b55714257abd40898623a73772f24b721bf7206202438a13a47f7a7911,"{""Battery"":{""Capacity"":""Li-ion Si-Ca 7000 mAh"",""Charging"":[""- Fast battery 33W wired""],""WirelessCharging"":0},""Body"":{""Build"":""IP64 dust tight and water resistant (water splashes)"",""Dimensions"":""169.48 x 80.45 x 8.40mm"",""Protection"":""IP64 dust tight and water resistant (water splashes)"",""SIM"":""Nano-SIM + Nano-SIM"",""Weight"":""214 g""},""Colors"":[""Midnight Black"",""Titan Gray"",""Sandy Purple""],""Display"":{""Protection"":null,""Resolution"":""1080 x 2340 Pixels (~374 PPI)"",""Size"":""6.9 Inches"",""Type"":""IPS LCD Capacitive Touchscreen""},""Features"":{""BackFingerPrint"":0,""Bluetooth"":""v5.0 with A2DP, LE"",""InDisplayFingerPrint"":0,""Infrared port"":1,""NFC"":0,""Positioning"":""Yes + A-GPS support & Glonass, BDS"",""Radio"":1,""Sensors"":""Accelerometer, Compass, Fingerprint (side mounted), Virtual proximity sensing"",""SideFingerPrint"":1,""USB"":""USB Type-C 2.0"",""WLAN"":""Wi-Fi 802.11 b/g/n/ac, dual-band""},""Launch"":{""Announced"":null,""Status"":null},""Main Camera"":{""Features"":""HDR, Video (1080p@30fps)"",""Specifications"":[""Dual Camera: 50 MP, f/1.8, (wide), PDAF"",""Auxiliary lens, LED Flash""],""Video"":[""1080p@30fps""]},""Memory"":{""Card slot"":""microSDXC (uses shared SIM slot)"",""Technology"":""128GB Built-in, 8GB RAM"",""Types"":[""128GB Built-in"",""8GB RAM""]},""MobileName"":""Xiaomi Redmi 15"",""Network"":{""2G"":1,""3G"":1,""4G"":1,""5G"":0},""Platform"":{""CPU"":""Octa-core (4 x 2.8 GHz Cortex-A73 + 4 x 1.9 GHz Cortex-A53)"",""Chipset"":""Qualcomm SM6375 Snapdragon 6s Gen 3 (6 nm)"",""GPU"":""Adreno 610"",""OS"":""Android 15 OS""},""Price"":[54999.0],""Selfie Camera"":{""Specifications"":[""8 MP, f/2.0, (wide)""],""Video"":[""1080p@30fps""]},""Sound"":{""3.5mm jack"":0,""Loudspeaker"":""Speaker Phone""},""Weight"":null}"
addcab631ed3e59831cf9f5715dc21a770548ac97d508e6a477910b10c2b556d,whatmobile,whatmobile.com.pk,whatmobile.com.pk/whatmobile__Xiaomi_Redmi-15C-6GB.json,https://www.whatmobile.com.pk/Xiaomi_Redmi-15C-6GB,filename,2026-08-14T07:52:03+00:00,Xiaomi Redmi 15C 6GB,true,true,true,false,,,173 x 81 x 8.2 mm,205 g,"NFC (market/region dependent), IP64 dust tight and water resistant (water splashes), Glass front (Gorilla Glass 3), plastic frame, glass back or silicone polymer (eco leather) back","Dual Sim, Dual Standby (Nano-SIM)","NFC (market/region dependent), IP64 dust tight and water resistant (water splashes), Glass front (Gorilla Glass 3), plastic frame, glass back or silicone polymer (eco leather) back",IPS LCD Capacitive Touchscreen,6.9 Inches,720 x 1640 Pixels (~260 PPI),,Android 15 OS,Mediatek Helio G81 Ultra (12 nm),Octa-core (2 x 2.0 GHz Cortex-A75 + 6 x 1.8 GHz Cortex-A55),Mali-G52 MC2,microSDXC (dedicated slot),"[""128GB Built-in"",""6GB RAM""]","128GB Built-in, 6GB RAM","[""Dual camera: 50 MP, f/1.8, 28mm (wide), 1/2.76\"", PDAF"",""QVGA, f/3.0, LED Flash""]","HDR, Video (1080p@30fps)","[""1080p@30fps""]","[""8 MP, f/2.0, (wide), 1/4.0, HDR""]",,"[""1080p@30fps""]","3.5mm Audio Jack, Speaker Phone",true,"Wi-Fi 802.11 a/b/g/n/ac, dual-band, Wi-Fi Direct","v5.4 with A2DP, LE","Yes + A-GPS support & Glonass, BDS",true,false,true,"USB Type-C 2.0, OTG",false,true,false,"Accelerometer, Compass, Fingerprint (side mounted), Virtual proximity sensing",6000 mAh,false,"[""- 33W wired"",""PD""]","[""Moonlight Blue"",""Mint Green"",""Midnight Gray"",""Twilight Orange""]",Weight Unknown,[46999.0],0.87500,ae33d0250e38e169a50a6aed83152d3c500a377a3820b91e99fad4cfaeca2b6f,"{""Battery"":{""Capacity"":""6000 mAh"",""Charging"":[""- 33W wired"",""PD""],""WirelessCharging"":0},""Body"":{""Build"":""NFC (market/region dependent), IP64 dust tight and water resistant (water splashes), Glass front (Gorilla Glass 3), plastic frame, glass back or silicone polymer (eco leather) back"",""Dimensions"":""173 x 81 x 8.2 mm"",""Protection"":""NFC (market/region dependent), IP64 dust tight and water resistant (water splashes), Glass front (Gorilla Glass 3), plastic frame, glass back or silicone polymer (eco leather) back"",""SIM"":""Dual Sim, Dual Standby (Nano-SIM)"",""Weight"":""205 g""},""Colors"":[""Moonlight Blue"",""Mint Green"",""Midnight Gray"",""Twilight Orange""],""Display"":{""Protection"":null,""Resolution"":""720 x 1640 Pixels (~260 PPI)"",""Size"":""6.9 Inches"",""Type"":""IPS LCD Capacitive Touchscreen""},""Features"":{""BackFingerPrint"":0,""Bluetooth"":""v5.4 with A2DP, LE"",""InDisplayFingerPrint"":0,""Infrared port"":0,""NFC"":1,""Positioning"":""Yes + A-GPS support & Glonass, BDS"",""Radio"":1,""Sensors"":""Accelerometer, Compass, Fingerprint (side mounted), Virtual proximity sensing"",""SideFingerPrint"":1,""USB"":""USB Type-C 2.0, OTG"",""WLAN"":""Wi-Fi 802.11 a/b/g/n/ac, dual-band, Wi-Fi Direct""},""Launch"":{""Announced"":null,""Status"":null},""Main Camera"":{""Features"":""HDR, Video (1080p@30fps)"",""Specifications"":[""Dual camera: 50 MP, f/1.8, 28mm (wide), 1/2.76\"", PDAF"",""QVGA, f/3.0, LED Flash""],""Video"":[""1080p@30fps""]},""Memory"":{""Card slot"":""microSDXC (dedicated slot)"",""Technology"":""128GB Built-in, 6GB RAM"",""Types"":[""128GB Built-in"",""6GB RAM""]},""MobileName"":""Xiaomi Redmi 15C 6GB"",""Network"":{""2G"":1,""3G"":1,""4G"":1,""5G"":0},""Platform"":{""CPU"":""Octa-core (2 x 2.0 GHz Cortex-A75 + 6 x 1.8 GHz Cortex-A55)"",""Chipset"":""Mediatek Helio G81 Ultra (12 nm)"",""GPU"":""Mali-G52 MC2"",""OS"":""Android 15 OS""},""Price"":[46999.0],""Selfie Camera"":{""Specifications"":[""8 MP, f/2.0, (wide), 1/4.0, HDR""],""Video"":[""1080p@30fps""]},""Sound"":{""3.5mm jack"":1,""Loudspeaker"":""3.5mm Audio Jack, Speaker Phone""},""Weight"":null}"
db9309791f972f99eec3bf255babe2d0978915a7559bcc263d306958bf329b67,whatmobile,whatmobile.com.pk,whatmobile.com.pk/whatmobile__Xiaomi_Redmi-A7-Pro-128GB.json,https://www.whatmobile.com.pk/Xiaomi_Redmi-A7-Pro-128GB,filename,2026-08-14T07:42:45+00:00,Xiaomi Redmi A7 Pro 128GB,true,true,true,false,,,171.6 x 79.5 x 8.2 mm,208 g,"Dust and splash resistant, Photo/video editor, Document viewer",Nano-SIM + Nano-SIM,"Dust and splash resistant, Photo/video editor, Document viewer",IPS LCD Capacitive Touchscreen,6.9 Inches,720 x 1600 Pixels (~254 PPI),,Android 16 OS,Unisoc T7250 (12 nm),Octa-core (2 x 1.8 GHz Cortex-A75 + 6 x 1.6 GHz Cortex-A55),Mali-G57 MP1,microSDXC (dedicated slot),"[""128GB Built-in"",""4GB RAM"",""UFS 2.2""]","128GB Built-in, 4GB RAM, UFS 2.2","[""Dual Camera: 32 MP, f/1.8, (wide)"",""Auxiliary lens, LED Flash""]","HDR, Video (1080p@30fps)","[""1080p@30fps""]","[""8 MP""]",,"[""8 MP""]","3.5mm Audio Jack, 24-bit/192kHz audio, Speaker Phone",true,"Wi-Fi 802.11 a/b/g/n/ac, dual-band","v5.2 with A2DP, LE",Yes + GPS,false,false,true,USB Type-C 2.0,false,true,false,"Accelerometer, Compass, Fingerprint (side mounted), Virtual proximity sensing",6000 mAh,false,"[""- Battery charging 15W wired""]","[""Black"",""Mist Blue"",""Palm Green"",""Sunset Orange""]",Weight Unknown,[40999.0],0.87500,03a2941eab1eadc4269b502b8caa31e147f3b8934e96dbe76a7754f7e2a542af,"{""Battery"":{""Capacity"":""6000 mAh"",""Charging"":[""- Battery charging 15W wired""],""WirelessCharging"":0},""Body"":{""Build"":""Dust and splash resistant, Photo/video editor, Document viewer"",""Dimensions"":""171.6 x 79.5 x 8.2 mm"",""Protection"":""Dust and splash resistant, Photo/video editor, Document viewer"",""SIM"":""Nano-SIM + Nano-SIM"",""Weight"":""208 g""},""Colors"":[""Black"",""Mist Blue"",""Palm Green"",""Sunset Orange""],""Display"":{""Protection"":null,""Resolution"":""720 x 1600 Pixels (~254 PPI)"",""Size"":""6.9 Inches"",""Type"":""IPS LCD Capacitive Touchscreen""},""Features"":{""BackFingerPrint"":0,""Bluetooth"":""v5.2 with A2DP, LE"",""InDisplayFingerPrint"":0,""Infrared port"":0,""NFC"":0,""Positioning"":""Yes + GPS"",""Radio"":1,""Sensors"":""Accelerometer, Compass, Fingerprint (side mounted), Virtual proximity sensing"",""SideFingerPrint"":1,""USB"":""USB Type-C 2.0"",""WLAN"":""Wi-Fi 802.11 a/b/g/n/ac, dual-band""},""Launch"":{""Announced"":null,""Status"":null},""Main Camera"":{""Features"":""HDR, Video (1080p@30fps)"",""Specifications"":[""Dual Camera: 32 MP, f/1.8, (wide)"",""Auxiliary lens, LED Flash""],""Video"":[""1080p@30fps""]},""Memory"":{""Card slot"":""microSDXC (dedicated slot)"",""Technology"":""128GB Built-in, 4GB RAM, UFS 2.2"",""Types"":[""128GB Built-in"",""4GB RAM"",""UFS 2.2""]},""MobileName"":""Xiaomi Redmi A7 Pro 128GB"",""Network"":{""2G"":1,""3G"":1,""4G"":1,""5G"":0},""Platform"":{""CPU"":""Octa-core (2 x 1.8 GHz Cortex-A75 + 6 x 1.6 GHz Cortex-A55)"",""Chipset"":""Unisoc T7250 (12 nm)"",""GPU"":""Mali-G57 MP1"",""OS"":""Android 16 OS""},""Price"":[40999.0],""Selfie Camera"":{""Specifications"":[""8 MP""],""Video"":[""8 MP""]},""Sound"":{""3.5mm jack"":1,""Loudspeaker"":""3.5mm Audio Jack, 24-bit/192kHz audio, Speaker Phone""},""Weight"":null}"
43210a8a173a423028ca615be0d78905a3713cd647a366bce6f857c400a8c38b,whatmobile,whatmobile.com.pk,whatmobile.com.pk/whatmobile__Xiaomi_Redmi-A7-Pro.json,https://www.whatmobile.com.pk/Xiaomi_Redmi-A7-Pro,filename,2026-08-14T07:45:30+00:00,Xiaomi Redmi A7 Pro,true,true,true,false,,,171.6 x 79.5 x 8.2 mm,208 g,"Dust and splash resistant, Photo/video editor, Document viewer",Nano-SIM + Nano-SIM,"Dust and splash resistant, Photo/video editor, Document viewer",IPS LCD Capacitive Touchscreen,6.9 Inches,720 x 1600 Pixels (~254 PPI),,Android 16 OS,Unisoc T7250 (12 nm),Octa-core (2 x 1.8 GHz Cortex-A75 + 6 x 1.6 GHz Cortex-A55),Mali-G57 MP1,microSDXC (dedicated slot),"[""64GB Built-in"",""4GB RAM"",""UFS 2.2""]","64GB Built-in, 4GB RAM, UFS 2.2","[""Dual Camera: 32 MP, f/1.8, (wide)"",""Auxiliary lens, LED Flash""]","HDR, Video (1080p@30fps)","[""1080p@30fps""]","[""8 MP""]",,"[""8 MP""]","3.5mm Audio Jack, 24-bit/192kHz audio, Speaker Phone",true,"Wi-Fi 802.11 a/b/g/n/ac, dual-band","v5.2 with A2DP, LE",Yes + GPS,false,false,true,USB Type-C 2.0,false,true,false,"Accelerometer, Compass, Fingerprint (side mounted), Virtual proximity sensing",6000 mAh,false,"[""- Battery charging 15W wired""]","[""Black"",""Mist Blue"",""Palm Green"",""Sunset Orange""]",Weight Unknown,[36999.0],0.87500,60eef76f548f7b10ca1a5e6ecf3c21a80ed8b25f5623ca1eb36d435c0a39e0da,"{""Battery"":{""Capacity"":""6000 mAh"",""Charging"":[""- Battery charging 15W wired""],""WirelessCharging"":0},""Body"":{""Build"":""Dust and splash resistant, Photo/video editor, Document viewer"",""Dimensions"":""171.6 x 79.5 x 8.2 mm"",""Protection"":""Dust and splash resistant, Photo/video editor, Document viewer"",""SIM"":""Nano-SIM + Nano-SIM"",""Weight"":""208 g""},""Colors"":[""Black"",""Mist Blue"",""Palm Green"",""Sunset Orange""],""Display"":{""Protection"":null,""Resolution"":""720 x 1600 Pixels (~254 PPI)"",""Size"":""6.9 Inches"",""Type"":""IPS LCD Capacitive Touchscreen""},""Features"":{""BackFingerPrint"":0,""Bluetooth"":""v5.2 with A2DP, LE"",""InDisplayFingerPrint"":0,""Infrared port"":0,""NFC"":0,""Positioning"":""Yes + GPS"",""Radio"":1,""Sensors"":""Accelerometer, Compass, Fingerprint (side mounted), Virtual proximity sensing"",""SideFingerPrint"":1,""USB"":""USB Type-C 2.0"",""WLAN"":""Wi-Fi 802.11 a/b/g/n/ac, dual-band""},""Launch"":{""Announced"":null,""Status"":null},""Main Camera"":{""Features"":""HDR, Video (1080p@30fps)"",""Specifications"":[""Dual Camera: 32 MP, f/1.8, (wide)"",""Auxiliary lens, LED Flash""],""Video"":[""1080p@30fps""]},""Memory"":{""Card slot"":""microSDXC (dedicated slot)"",""Technology"":""64GB Built-in, 4GB RAM, UFS 2.2"",""Types"":[""64GB Built-in"",""4GB RAM"",""UFS 2.2""]},""MobileName"":""Xiaomi Redmi A7 Pro"",""Network"":{""2G"":1,""3G"":1,""4G"":1,""5G"":0},""Platform"":{""CPU"":""Octa-core (2 x 1.8 GHz Cortex-A75 + 6 x 1.6 GHz Cortex-A55)"",""Chipset"":""Unisoc T7250 (12 nm)"",""GPU"":""Mali-G57 MP1"",""OS"":""Android 16 OS""},""Price"":[36999.0],""Selfie Camera"":{""Specifications"":[""8 MP""],""Video"":[""8 MP""]},""Sound"":{""3.5mm jack"":1,""Loudspeaker"":""3.5mm Audio Jack, 24-bit/192kHz audio, Speaker Phone""},""Weight"":null}"
72ff8f62231e56134c58aa8a9fa2070af6659357a717184b08e722b7a0ec7699,whatmobile,whatmobile.com.pk,whatmobile.com.pk/whatmobile__Xiaomi_Redmi-Note-15-256GB.json,https://www.whatmobile.com.pk/Xiaomi_Redmi-Note-15-256GB,filename,2026-08-14T07:44:09+00:00,Xiaomi Redmi Note 15 256GB,true,true,true,false,,,164 x 75.4 x 7.9 mm,188 g,"NFC, (market/region dependent), IP64 dust tight and water resistant (water splashes)",Nano-SIM + Nano-SIM,"NFC, (market/region dependent), IP64 dust tight and water resistant (water splashes)",AMOLED Capacitive Touchscreen,6.77 Inches,1080 x 2392 Pixels (~388 PPI),,Android 15 OS,Mediatek Helio G100 Ultra (6 nm),Octa-core (2 x 2.2 GHz Cortex-A76 + 6 x 2.0 GHz Cortex-A55),Mali-G57 MC2,microSDXC (uses shared SIM slot),"[""256GB Built-in"",""8GB RAM""]","256GB Built-in, 8GB RAM","[""Dual Camera: 108 MP, f/1.7, 24mm (wide), 1/1.67\"", PDAF"",""Auxiliary lens, LED Flash""]","HDR, Panorama, Video (1080p@30fps)","[""1080p@30fps""]","[""20 MP, (wide)""]",,"[""1080p@30fps""]","24-bit/192kHz Hi-Res & Hi-Res wireless audio, Speaker Phone (with Dolby Atmos)",false,"Wi-Fi 802.11 a/b/g/n/ac, dual-band, Wi-Fi Direct","v5.3 with A2DP, LE","Yes + A-GPS support & Glonass, BDS, GALILEO, QZSS",true,false,false,"USB Type-C 2.0, OTG",false,false,true,"Accelerometer, Proximity, Compass, Fingerprint (under display, optical), Gyro, Circle to Search",Li-ion 6000 mAh,false,"[""- Fast battery 33W wired"",""18W reverse wired""]","[""Glacier Blue"",""Purple"",""Forest Green"",""Black""]",Weight Unknown,[74999.0],0.87500,0cbdf6743da09ec5aa733032b2a0446d33e6a19b4720d17cc37864efd0a736c3,"{""Battery"":{""Capacity"":""Li-ion 6000 mAh"",""Charging"":[""- Fast battery 33W wired"",""18W reverse wired""],""WirelessCharging"":0},""Body"":{""Build"":""NFC, (market/region dependent), IP64 dust tight and water resistant (water splashes)"",""Dimensions"":""164 x 75.4 x 7.9 mm"",""Protection"":""NFC, (market/region dependent), IP64 dust tight and water resistant (water splashes)"",""SIM"":""Nano-SIM + Nano-SIM"",""Weight"":""188 g""},""Colors"":[""Glacier Blue"",""Purple"",""Forest Green"",""Black""],""Display"":{""Protection"":null,""Resolution"":""1080 x 2392 Pixels (~388 PPI)"",""Size"":""6.77 Inches"",""Type"":""AMOLED Capacitive Touchscreen""},""Features"":{""BackFingerPrint"":0,""Bluetooth"":""v5.3 with A2DP, LE"",""InDisplayFingerPrint"":1,""Infrared port"":0,""NFC"":1,""Positioning"":""Yes + A-GPS support & Glonass, BDS, GALILEO, QZSS"",""Radio"":0,""Sensors"":""Accelerometer, Proximity, Compass, Fingerprint (under display, optical), Gyro, Circle to Search"",""SideFingerPrint"":0,""USB"":""USB Type-C 2.0, OTG"",""WLAN"":""Wi-Fi 802.11 a/b/g/n/ac, dual-band, Wi-Fi Direct""},""Launch"":{""Announced"":null,""Status"":null},""Main Camera"":{""Features"":""HDR, Panorama, Video (1080p@30fps)"",""Specifications"":[""Dual Camera: 108 MP, f/1.7, 24mm (wide), 1/1.67\"", PDAF"",""Auxiliary lens, LED Flash""],""Video"":[""1080p@30fps""]},""Memory"":{""Card slot"":""microSDXC (uses shared SIM slot)"",""Technology"":""256GB Built-in, 8GB RAM"",""Types"":[""256GB Built-in"",""8GB RAM""]},""MobileName"":""Xiaomi Redmi Note 15 256GB"",""Network"":{""2G"":1,""3G"":1,""4G"":1,""5G"":0},""Platform"":{""CPU"":""Octa-core (2 x 2.2 GHz Cortex-A76 + 6 x 2.0 GHz Cortex-A55)"",""Chipset"":""Mediatek Helio G100 Ultra (6 nm)"",""GPU"":""Mali-G57 MC2"",""OS"":""Android 15 OS""},""Price"":[74999.0],""Selfie Camera"":{""Specifications"":[""20 MP, (wide)""],""Video"":[""1080p@30fps""]},""Sound"":{""3.5mm jack"":0,""Loudspeaker"":""24-bit/192kHz Hi-Res & Hi-Res wireless audio, Speaker Phone (with Dolby Atmos)""},""Weight"":null}"
8b4cf6d8373e4098085482971dcea6e858fa3491146f0d450b4074e2dbcb568e,whatmobile,whatmobile.com.pk,whatmobile.com.pk/whatmobile__Xiaomi_Redmi-Note-15-Pro-512GB.json,https://www.whatmobile.com.pk/Xiaomi_Redmi-Note-15-Pro-512GB,filename,2026-08-14T07:44:04+00:00,Xiaomi Redmi Note 15 Pro 512GB,true,true,true,false,,,163.2 x 76.2 x 7.69 mm,195 g,"NFC (market/region dependent), Glass front + Gorilla Glass Victus 2), plastic back or silicone polymer back (eco leather), plastic frame, IP68/IP69K dust tight and water resistant (high pressure water jets; immersible up to 1.5m for 30 min), Manufacturer-rated water-resistance (up to 2m for 24 hours) Drop resistant up to 2.5m",Dual SIM (nano SIM + nano SIM or nano SIM + eSIM),"NFC (market/region dependent), Glass front + Gorilla Glass Victus 2), plastic back or silicone polymer back (eco leather), plastic frame, IP68/IP69K dust tight and water resistant (high pressure water jets; immersible up to 1.5m for 30 min), Manufacturer-rated water-resistance (up to 2m for 24 hours) Drop resistant up to 2.5m",AMOLED Capacitive Touchscreen,6.77 Inches,1080 x 2392 Pixels (~388 PPI),Corning Gorilla Glass Victus 2,Android 15 OS,MediaTek Helio G200-Ultra,2.6 Ghz Octa Core,Mali-G615 MC2,No,"[""512GB Built-in"",""12GB RAM""]","512GB Built-in, 12GB RAM","[""Dual Camera: 200 MP, f/1.7, 23mm (wide), 1/1.4\"", 0.56µm, multi-directional PDAF, OIS"",""8 MP, f/2.2, 15mm, (ultrawide), 1/4.0\"", LED Flash""]","HDR, Panorama, Video (1080p@30/60fps, gyro-EIS)","[""1080p@30/60fps, gyro-EIS""]","[""20 MP""]",,"[""20 MP""]",Dual Speaker with immersive sound experience,false,"Wi-Fi 802.11 a/b/g/n/ac/6, dual-band, Wi-Fi Direct","v5.4 with A2DP, LE","Yes + GPS, GLONASS, GALILEO, BDS",true,true,true,"USB Type-C 2.0, OTG",false,false,true,"Accelerometer, Compass, Fingerprint (under display, optical), Gyro, Proximity",Li-ion 6500 mAh,false,"[""- Fast battery 45W wired"",""22.5W reverse wired""]","[""Titanium Color"",""Glacier Blue"",""Black""]",Weight Unknown,[114999.0],0.87500,4d9a00fd6f5e7faa792c0afc8c98f7f757803ca5212c20f2405e12fd37a1e1b7,"{""Battery"":{""Capacity"":""Li-ion 6500 mAh"",""Charging"":[""- Fast battery 45W wired"",""22.5W reverse wired""],""WirelessCharging"":0},""Body"":{""Build"":""NFC (market/region dependent), Glass front + Gorilla Glass Victus 2), plastic back or silicone polymer back (eco leather), plastic frame, IP68/IP69K dust tight and water resistant (high pressure water jets; immersible up to 1.5m for 30 min), Manufacturer-rated water-resistance (up to 2m for 24 hours) Drop resistant up to 2.5m"",""Dimensions"":""163.2 x 76.2 x 7.69 mm"",""Protection"":""NFC (market/region dependent), Glass front + Gorilla Glass Victus 2), plastic back or silicone polymer back (eco leather), plastic frame, IP68/IP69K dust tight and water resistant (high pressure water jets; immersible up to 1.5m for 30 min), Manufacturer-rated water-resistance (up to 2m for 24 hours) Drop resistant up to 2.5m"",""SIM"":""Dual SIM (nano SIM + nano SIM or nano SIM + eSIM)"",""Weight"":""195 g""},""Colors"":[""Titanium Color"",""Glacier Blue"",""Black""],""Display"":{""Protection"":""Corning Gorilla Glass Victus 2"",""Resolution"":""1080 x 2392 Pixels (~388 PPI)"",""Size"":""6.77 Inches"",""Type"":""AMOLED Capacitive Touchscreen""},""Features"":{""BackFingerPrint"":0,""Bluetooth"":""v5.4 with A2DP, LE"",""InDisplayFingerPrint"":1,""Infrared port"":1,""NFC"":1,""Positioning"":""Yes + GPS, GLONASS, GALILEO, BDS"",""Radio"":1,""Sensors"":""Accelerometer, Compass, Fingerprint (under display, optical), Gyro, Proximity"",""SideFingerPrint"":0,""USB"":""USB Type-C 2.0, OTG"",""WLAN"":""Wi-Fi 802.11 a/b/g/n/ac/6, dual-band, Wi-Fi Direct""},""Launch"":{""Announced"":null,""Status"":null},""Main Camera"":{""Features"":""HDR, Panorama, Video (1080p@30/60fps, gyro-EIS)"",""Specifications"":[""Dual Camera: 200 MP, f/1.7, 23mm (wide), 1/1.4\"", 0.56µm, multi-directional PDAF, OIS"",""8 MP, f/2.2, 15mm, (ultrawide), 1/4.0\"", LED Flash""],""Video"":[""1080p@30/60fps, gyro-EIS""]},""Memory"":{""Card slot"":""No"",""Technology"":""512GB Built-in, 12GB RAM"",""Types"":[""512GB Built-in"",""12GB RAM""]},""MobileName"":""Xiaomi Redmi Note 15 Pro 512GB"",""Network"":{""2G"":1,""3G"":1,""4G"":1,""5G"":0},""Platform"":{""CPU"":""2.6 Ghz Octa Core"",""Chipset"":""MediaTek Helio G200-Ultra"",""GPU"":""Mali-G615 MC2"",""OS"":""Android 15 OS""},""Price"":[114999.0],""Selfie Camera"":{""Specifications"":[""20 MP""],""Video"":[""20 MP""]},""Sound"":{""3.5mm jack"":0,""Loudspeaker"":""Dual Speaker with immersive sound experience""},""Weight"":null}"
677d31b21144f8ac9d714981c29c7e14ebe59cf5a8c4ca5c5812b4c563efbdc4,whatmobile,whatmobile.com.pk,whatmobile.com.pk/whatmobile__Xiaomi_Redmi-Note-15-Pro-Plus.json,https://www.whatmobile.com.pk/Xiaomi_Redmi-Note-15-Pro-Plus,filename,2026-08-14T07:53:41+00:00,Xiaomi Redmi Note 15 Pro Plus,true,true,true,true,,,163.3 x 78.3 x 7.9 mm,207 g,"NFC (market/region dependent), Glass front (Gorilla Glass Victus 2), glass back + Gorilla Glass) or silicone polymer back (eco leather), IP68/IP69K dust tight and water resistant (high pressure water jets; immersible up to 1.5m for 30 min), Manufacturer-rated water-resistance (up to 2m for 24 hours) Drop resistant up to 2.5m",Nano-SIM + eSIM + Nano-SIM + Nano-SIM,"NFC (market/region dependent), Glass front (Gorilla Glass Victus 2), glass back + Gorilla Glass) or silicone polymer back (eco leather), IP68/IP69K dust tight and water resistant (high pressure water jets; immersible up to 1.5m for 30 min), Manufacturer-rated water-resistance (up to 2m for 24 hours) Drop resistant up to 2.5m","AMOLED Capacitive Touchscreen, 68B Colors",6.83 Inches,1280 x 2772 Pixels (~447 PPI),"Corning Gorilla Glass Victus 2, Mohs level 5","Android 15 OS, up to 4 major Android upgrades",Qualcomm SM7635-AC Snapdragon 7s Gen 4 (4 nm),Octa-core (1 x 2.7 GHz Cortex-A720 + 3 x 2.4 GHz Cortex-A720 + 4 x 1.8 GHz Cortex-A520),Adreno 810,No,"[""512GB Built-in"",""12GB RAM"",""UFS 2.2""]","512GB Built-in, 12GB RAM, UFS 2.2","[""Dual Camera: 200 MP, f/1.7, 23mm (wide), 1/1.4\"", 0.56µm, multi-directional PDAF, OIS"",""8 MP, f/2.2, 15mm, (ultrawide), 1/4.0\"", LED Flash""]","HDR, Panorama, Video (4K@30fps, 1080p@30/60/120fps, gyro-EIS, OIS)","[""4K@30fps, 1080p@30/60/120fps, gyro-EIS, OIS""]","[""32 MP, f/2.2, (wide), 1/3.0, HDR, panorama""]",,"[""1080p@30/60fps""]","24-bit/192kHz Hi-Res & Hi-Res wireless audio, Speaker Phone (with Dolby Atmos)",false,"Wi-Fi 802.11 a/b/g/n/ac/6/6e, dual-band, Wi-Fi Direct (/6e is market/region dependent)","v5.4 with A2DP, LE","Yes + GPS (L1+L5), GALILEO, GLONASS, QZSS, BDS",true,true,true,"USB Type-C 2.0, OTG",false,false,true,"Accelerometer, Circle to Search, Compass, Fingerprint (under display, optical, Gyro, Proximity",Li-ion Si-Ca 6500 mAh,false,"[""- Fast charging 100W wired"",""100% in 40 min"",""22.5W reverse wired""]","[""Mocha Brown"",""Glacier Blue"",""Black""]",Weight Unknown,[174999.0],0.87500,eb9393685c095bf299ae2f0369b5ca01d5270cf43eee4f28a7e4dedea6247d5f,"{""Battery"":{""Capacity"":""Li-ion Si-Ca 6500 mAh"",""Charging"":[""- Fast charging 100W wired"",""100% in 40 min"",""22.5W reverse wired""],""WirelessCharging"":0},""Body"":{""Build"":""NFC (market/region dependent), Glass front (Gorilla Glass Victus 2), glass back + Gorilla Glass) or silicone polymer back (eco leather), IP68/IP69K dust tight and water resistant (high pressure water jets; immersible up to 1.5m for 30 min), Manufacturer-rated water-resistance (up to 2m for 24 hours) Drop resistant up to 2.5m"",""Dimensions"":""163.3 x 78.3 x 7.9 mm"",""Protection"":""NFC (market/region dependent), Glass front (Gorilla Glass Victus 2), glass back + Gorilla Glass) or silicone polymer back (eco leather), IP68/IP69K dust tight and water resistant (high pressure water jets; immersible up to 1.5m for 30 min), Manufacturer-rated water-resistance (up to 2m for 24 hours) Drop resistant up to 2.5m"",""SIM"":""Nano-SIM + eSIM + Nano-SIM + Nano-SIM"",""Weight"":""207 g""},""Colors"":[""Mocha Brown"",""Glacier Blue"",""Black""],""Display"":{""Protection"":""Corning Gorilla Glass Victus 2, Mohs level 5"",""Resolution"":""1280 x 2772 Pixels (~447 PPI)"",""Size"":""6.83 Inches"",""Type"":""AMOLED Capacitive Touchscreen, 68B Colors""},""Features"":{""BackFingerPrint"":0,""Bluetooth"":""v5.4 with A2DP, LE"",""InDisplayFingerPrint"":1,""Infrared port"":1,""NFC"":1,""Positioning"":""Yes + GPS (L1+L5), GALILEO, GLONASS, QZSS, BDS"",""Radio"":1,""Sensors"":""Accelerometer, Circle to Search, Compass, Fingerprint (under display, optical, Gyro, Proximity"",""SideFingerPrint"":0,""USB"":""USB Type-C 2.0, OTG"",""WLAN"":""Wi-Fi 802.11 a/b/g/n/ac/6/6e, dual-band, Wi-Fi Direct (/6e is market/region dependent)""},""Launch"":{""Announced"":null,""Status"":null},""Main Camera"":{""Features"":""HDR, Panorama, Video (4K@30fps, 1080p@30/60/120fps, gyro-EIS, OIS)"",""Specifications"":[""Dual Camera: 200 MP, f/1.7, 23mm (wide), 1/1.4\"", 0.56µm, multi-directional PDAF, OIS"",""8 MP, f/2.2, 15mm, (ultrawide), 1/4.0\"", LED Flash""],""Video"":[""4K@30fps, 1080p@30/60/120fps, gyro-EIS, OIS""]},""Memory"":{""Card slot"":""No"",""Technology"":""512GB Built-in, 12GB RAM, UFS 2.2"",""Types"":[""512GB Built-in"",""12GB RAM"",""UFS 2.2""]},""MobileName"":""Xiaomi Redmi Note 15 Pro Plus"",""Network"":{""2G"":1,""3G"":1,""4G"":1,""5G"":1},""Platform"":{""CPU"":""Octa-core (1 x 2.7 GHz Cortex-A720 + 3 x 2.4 GHz Cortex-A720 + 4 x 1.8 GHz Cortex-A520)"",""Chipset"":""Qualcomm SM7635-AC Snapdragon 7s Gen 4 (4 nm)"",""GPU"":""Adreno 810"",""OS"":""Android 15 OS, up to 4 major Android upgrades""},""Price"":[174999.0],""Selfie Camera"":{""Specifications"":[""32 MP, f/2.2, (wide), 1/3.0, HDR, panorama""],""Video"":[""1080p@30/60fps""]},""Sound"":{""3.5mm jack"":0,""Loudspeaker"":""24-bit/192kHz Hi-Res & Hi-Res wireless audio, Speaker Phone (with Dolby Atmos)""},""Weight"":null}"
a3144d1f4e3f4c6767ce0c0867ce1f0eeda51fbb0a05043cbf7895ddfb889277,whatmobile,whatmobile.com.pk,whatmobile.com.pk/whatmobile__Xiaomi_Redmi-Note-15-Pro.json,https://www.whatmobile.com.pk/Xiaomi_Redmi-Note-15-Pro,filename,2026-08-14T07:53:04+00:00,Xiaomi Redmi Note 15 Pro,true,true,true,false,,,163.2 x 76.2 x 7.69 mm,195 g,"NFC (market/region dependent), Glass front + Gorilla Glass Victus 2), plastic back or silicone polymer back (eco leather), plastic frame, IP68/IP69K dust tight and water resistant (high pressure water jets; immersible up to 1.5m for 30 min), Manufacturer-rated water-resistance (up to 2m for 24 hours) Drop resistant up to 2.5m",Dual SIM (Nano SIM + Nano SIM or Nano SIM + eSIM),"NFC (market/region dependent), Glass front + Gorilla Glass Victus 2), plastic back or silicone polymer back (eco leather), plastic frame, IP68/IP69K dust tight and water resistant (high pressure water jets; immersible up to 1.5m for 30 min), Manufacturer-rated water-resistance (up to 2m for 24 hours) Drop resistant up to 2.5m",AMOLED Capacitive Touchscreen,6.77 Inches,1080 x 2392 Pixels (~388 PPI),Corning Gorilla Glass Victus 2,Android 15 OS,MediaTek Helio G200-Ultra,2.6 Ghz Octa Core,Mali-G615 MC2,No,"[""256GB Built-in"",""8GB RAM""]","256GB Built-in, 8GB RAM","[""Dual Camera: 200 MP, f/1.7, 23mm (wide), 1/1.4\"", 0.56µm, multi-directional PDAF, OIS"",""8 MP, f/2.2, 15mm, (ultrawide), 1/4.0\"", LED Flash""]","HDR, Panorama, Video (1080p@30/60fps, gyro-EIS)","[""1080p@30/60fps, gyro-EIS""]","[""20 MP""]",,"[""20 MP""]",Dual Speaker with immersive sound experience,false,"Wi-Fi 802.11 a/b/g/n/ac/6, dual-band, Wi-Fi Direct","v5.4 with A2DP, LE","Yes + GPS, GLONASS, GALILEO, BDS",true,true,true,"USB Type-C 2.0, OTG",false,false,true,"Accelerometer, Compass, Fingerprint (under display, optical), Gyro, Proximity",Li-ion 6500 mAh,false,"[""- Fast battery 45W wired"",""22.5W reverse wired""]","[""Titanium Color"",""Glacier Blue"",""Black""]",Weight Unknown,[94999.0],0.87500,5738a378762d97135bd32688f17f8838a9b89fbd67f4595a1164bd6510d3f7bf,"{""Battery"":{""Capacity"":""Li-ion 6500 mAh"",""Charging"":[""- Fast battery 45W wired"",""22.5W reverse wired""],""WirelessCharging"":0},""Body"":{""Build"":""NFC (market/region dependent), Glass front + Gorilla Glass Victus 2), plastic back or silicone polymer back (eco leather), plastic frame, IP68/IP69K dust tight and water resistant (high pressure water jets; immersible up to 1.5m for 30 min), Manufacturer-rated water-resistance (up to 2m for 24 hours) Drop resistant up to 2.5m"",""Dimensions"":""163.2 x 76.2 x 7.69 mm"",""Protection"":""NFC (market/region dependent), Glass front + Gorilla Glass Victus 2), plastic back or silicone polymer back (eco leather), plastic frame, IP68/IP69K dust tight and water resistant (high pressure water jets; immersible up to 1.5m for 30 min), Manufacturer-rated water-resistance (up to 2m for 24 hours) Drop resistant up to 2.5m"",""SIM"":""Dual SIM (Nano SIM + Nano SIM or Nano SIM + eSIM)"",""Weight"":""195 g""},""Colors"":[""Titanium Color"",""Glacier Blue"",""Black""],""Display"":{""Protection"":""Corning Gorilla Glass Victus 2"",""Resolution"":""1080 x 2392 Pixels (~388 PPI)"",""Size"":""6.77 Inches"",""Type"":""AMOLED Capacitive Touchscreen""},""Features"":{""BackFingerPrint"":0,""Bluetooth"":""v5.4 with A2DP, LE"",""InDisplayFingerPrint"":1,""Infrared port"":1,""NFC"":1,""Positioning"":""Yes + GPS, GLONASS, GALILEO, BDS"",""Radio"":1,""Sensors"":""Accelerometer, Compass, Fingerprint (under display, optical), Gyro, Proximity"",""SideFingerPrint"":0,""USB"":""USB Type-C 2.0, OTG"",""WLAN"":""Wi-Fi 802.11 a/b/g/n/ac/6, dual-band, Wi-Fi Direct""},""Launch"":{""Announced"":null,""Status"":null},""Main Camera"":{""Features"":""HDR, Panorama, Video (1080p@30/60fps, gyro-EIS)"",""Specifications"":[""Dual Camera: 200 MP, f/1.7, 23mm (wide), 1/1.4\"", 0.56µm, multi-directional PDAF, OIS"",""8 MP, f/2.2, 15mm, (ultrawide), 1/4.0\"", LED Flash""],""Video"":[""1080p@30/60fps, gyro-EIS""]},""Memory"":{""Card slot"":""No"",""Technology"":""256GB Built-in, 8GB RAM"",""Types"":[""256GB Built-in"",""8GB RAM""]},""MobileName"":""Xiaomi Redmi Note 15 Pro"",""Network"":{""2G"":1,""3G"":1,""4G"":1,""5G"":0},""Platform"":{""CPU"":""2.6 Ghz Octa Core"",""Chipset"":""MediaTek Helio G200-Ultra"",""GPU"":""Mali-G615 MC2"",""OS"":""Android 15 OS""},""Price"":[94999.0],""Selfie Camera"":{""Specifications"":[""20 MP""],""Video"":[""20 MP""]},""Sound"":{""3.5mm jack"":0,""Loudspeaker"":""Dual Speaker with immersive sound experience""},""Weight"":null}"
1c355bef3eab13d781ce17f2d953ac6cec07d1c1fd035cc35dd6c0a45414c99c,whatmobile,whatmobile.com.pk,whatmobile.com.pk/whatmobile__Xiaomi_Redmi-Note-15.json,https://www.whatmobile.com.pk/Xiaomi_Redmi-Note-15,filename,2026-08-14T07:52:37+00:00,Xiaomi Redmi Note 15,true,true,true,false,,,164 x 75.4 x 7.9 mm,188 g,"NFC, (market/region dependent), IP64 dust tight and water resistant (water splashes)",Nano-SIM + Nano-SIM,"NFC, (market/region dependent), IP64 dust tight and water resistant (water splashes)",AMOLED Capacitive Touchscreen,6.77 Inches,1080 x 2392 Pixels (~388 PPI),,Android 15 OS,Mediatek Helio G100 Ultra (6 nm),Octa-core (2 x 2.2 GHz Cortex-A76 + 6 x 2.0 GHz Cortex-A55),Mali-G57 MC2,microSDXC (uses shared SIM slot),"[""128GB Built-in"",""8GB RAM""]","128GB Built-in, 8GB RAM","[""Dual Camera: 108 MP, f/1.7, 24mm (wide), 1/1.67\"", PDAF"",""Auxiliary lens, LED Flash""]","HDR, Panorama, Video (1080p@30fps)","[""1080p@30fps""]","[""20 MP, (wide)""]",,"[""1080p@30fps""]","24-bit/192kHz Hi-Res & Hi-Res wireless audio, Speaker Phone (with Dolby Atmos)",false,"Wi-Fi 802.11 a/b/g/n/ac, dual-band, Wi-Fi Direct","v5.3 with A2DP, LE","Yes + A-GPS support & Glonass, BDS, GALILEO, QZSS",true,false,false,"USB Type-C 2.0, OTG",false,false,true,"Accelerometer, Proximity, Compass, Fingerprint (under display, optical), Gyro, Circle to Search",Li-ion 6000 mAh,false,"[""- Fast battery 33W wired"",""18W reverse wired""]","[""Black"",""Forest Green"",""Glacier Blue""]",Weight Unknown,[69999.0],0.87500,8b798268a0161d04a68c2fc4ce0a7c6243092c78c401e3d4543c10314fbceeee,"{""Battery"":{""Capacity"":""Li-ion 6000 mAh"",""Charging"":[""- Fast battery 33W wired"",""18W reverse wired""],""WirelessCharging"":0},""Body"":{""Build"":""NFC, (market/region dependent), IP64 dust tight and water resistant (water splashes)"",""Dimensions"":""164 x 75.4 x 7.9 mm"",""Protection"":""NFC, (market/region dependent), IP64 dust tight and water resistant (water splashes)"",""SIM"":""Nano-SIM + Nano-SIM"",""Weight"":""188 g""},""Colors"":[""Black"",""Forest Green"",""Glacier Blue""],""Display"":{""Protection"":null,""Resolution"":""1080 x 2392 Pixels (~388 PPI)"",""Size"":""6.77 Inches"",""Type"":""AMOLED Capacitive Touchscreen""},""Features"":{""BackFingerPrint"":0,""Bluetooth"":""v5.3 with A2DP, LE"",""InDisplayFingerPrint"":1,""Infrared port"":0,""NFC"":1,""Positioning"":""Yes + A-GPS support & Glonass, BDS, GALILEO, QZSS"",""Radio"":0,""Sensors"":""Accelerometer, Proximity, Compass, Fingerprint (under display, optical), Gyro, Circle to Search"",""SideFingerPrint"":0,""USB"":""USB Type-C 2.0, OTG"",""WLAN"":""Wi-Fi 802.11 a/b/g/n/ac, dual-band, Wi-Fi Direct""},""Launch"":{""Announced"":null,""Status"":null},""Main Camera"":{""Features"":""HDR, Panorama, Video (1080p@30fps)"",""Specifications"":[""Dual Camera: 108 MP, f/1.7, 24mm (wide), 1/1.67\"", PDAF"",""Auxiliary lens, LED Flash""],""Video"":[""1080p@30fps""]},""Memory"":{""Card slot"":""microSDXC (uses shared SIM slot)"",""Technology"":""128GB Built-in, 8GB RAM"",""Types"":[""128GB Built-in"",""8GB RAM""]},""MobileName"":""Xiaomi Redmi Note 15"",""Network"":{""2G"":1,""3G"":1,""4G"":1,""5G"":0},""Platform"":{""CPU"":""Octa-core (2 x 2.2 GHz Cortex-A76 + 6 x 2.0 GHz Cortex-A55)"",""Chipset"":""Mediatek Helio G100 Ultra (6 nm)"",""GPU"":""Mali-G57 MC2"",""OS"":""Android 15 OS""},""Price"":[69999.0],""Selfie Camera"":{""Specifications"":[""20 MP, (wide)""],""Video"":[""1080p@30fps""]},""Sound"":{""3.5mm jack"":0,""Loudspeaker"":""24-bit/192kHz Hi-Res & Hi-Res wireless audio, Speaker Phone (with Dolby Atmos)""},""Weight"":null}"
4bc001ed25342c096f23e270f2a958c79e91d68d53497f00a55840d4caafad65,whatmobile,whatmobile.com.pk,whatmobile.com.pk/whatmobile__ZTE_Nubia-A36.json,https://www.whatmobile.com.pk/ZTE_Nubia-A36,filename,2026-08-14T07:51:47+00:00,ZTE Nubia A36,true,true,true,false,,,167.6 x 77.4 x 8.3 mm,N/A,"Glass front, plastic frame, plastic back",Nano-SIM + Nano-SIM,"Glass front, plastic frame, plastic back",IPS LCD Capacitive Touchscreen,6.75 Inches,720 x 1600 Pixels (~260 PPI),,Android 15 OS,Unisoc T7200 (12 nm),Octa-core (2 x 1.6 GHz Cortex-A75 + 6 x 1.6 GHz Cortex-A55),Mali-G57 MP1,microSDXC (dedicated slot),"[""64GB Built-in"",""4GB RAM (+8GB Extended RAM)"",""eMMC 5.1""]","64GB Built-in, 4GB RAM (+8GB Extended RAM), eMMC 5.1","[""Dual Camera: 13 MP"",""AI lens LED Flash""]","Phase detection, Geo-tagging, Video (1080p@30fps)","[""1080p@30fps""]","[""5 MP""]",,"[""5 MP""]","3.5mm Audio Jack, Dual Speaker DTS",true,Wi-Fi 802.11 a/b/g/n/ac,"v5.2 with A2DP, LE",Yes + A-GPS support & Glonass,false,false,true,USB Type-C 2.0,false,false,false,"Accelerometer, Compass, Proximity",Non removable 5000 mAh,false,"[""- Battery charging 10W""]","[""Titanium Gold"",""Aqua Green""]",Weight Unknown,[30999.0],0.87500,fb9a7a58d57cbcc5d21e90efe2897a71c3bb376d614614967717fa5dfd927207,"{""Battery"":{""Capacity"":""Non removable 5000 mAh"",""Charging"":[""- Battery charging 10W""],""WirelessCharging"":0},""Body"":{""Build"":""Glass front, plastic frame, plastic back"",""Dimensions"":""167.6 x 77.4 x 8.3 mm"",""Protection"":""Glass front, plastic frame, plastic back"",""SIM"":""Nano-SIM + Nano-SIM"",""Weight"":""N/A""},""Colors"":[""Titanium Gold"",""Aqua Green""],""Display"":{""Protection"":null,""Resolution"":""720 x 1600 Pixels (~260 PPI)"",""Size"":""6.75 Inches"",""Type"":""IPS LCD Capacitive Touchscreen""},""Features"":{""BackFingerPrint"":0,""Bluetooth"":""v5.2 with A2DP, LE"",""InDisplayFingerPrint"":0,""Infrared port"":0,""NFC"":0,""Positioning"":""Yes + A-GPS support & Glonass"",""Radio"":1,""Sensors"":""Accelerometer, Compass, Proximity"",""SideFingerPrint"":0,""USB"":""USB Type-C 2.0"",""WLAN"":""Wi-Fi 802.11 a/b/g/n/ac""},""Launch"":{""Announced"":null,""Status"":null},""Main Camera"":{""Features"":""Phase detection, Geo-tagging, Video (1080p@30fps)"",""Specifications"":[""Dual Camera: 13 MP"",""AI lens LED Flash""],""Video"":[""1080p@30fps""]},""Memory"":{""Card slot"":""microSDXC (dedicated slot)"",""Technology"":""64GB Built-in, 4GB RAM (+8GB Extended RAM), eMMC 5.1"",""Types"":[""64GB Built-in"",""4GB RAM (+8GB Extended RAM)"",""eMMC 5.1""]},""MobileName"":""ZTE Nubia A36"",""Network"":{""2G"":1,""3G"":1,""4G"":1,""5G"":0},""Platform"":{""CPU"":""Octa-core (2 x 1.6 GHz Cortex-A75 + 6 x 1.6 GHz Cortex-A55)"",""Chipset"":""Unisoc T7200 (12 nm)"",""GPU"":""Mali-G57 MP1"",""OS"":""Android 15 OS""},""Price"":[30999.0],""Selfie Camera"":{""Specifications"":[""5 MP""],""Video"":[""5 MP""]},""Sound"":{""3.5mm jack"":1,""Loudspeaker"":""3.5mm Audio Jack, Dual Speaker DTS""},""Weight"":null}"
dab2bac67f680a308cd3165d64883a73aaa0fc812cbbaadeb19d58304fc668b4,whatmobile,whatmobile.com.pk,whatmobile.com.pk/whatmobile__ZTE_Nubia-A56.json,https://www.whatmobile.com.pk/ZTE_Nubia-A56,filename,2026-08-14T07:51:02+00:00,ZTE Nubia A56,true,true,true,false,,,167.6 x 77.4 x 8.3 mm,193 g,"Glass front, plastic frame, plastic back",Nano-SIM + Nano-SIM,"Glass front, plastic frame, plastic back",IPS LCD Capacitive Touchscreen,6.75 Inches,720 x 1600 Pixels (~260 PPI),,Android 15 OS,Unisoc T7200 (12 nm),Octa-core (2 x 1.6 GHz Cortex-A75 + 6 x 1.6 GHz Cortex-A55),Mali-G57 MP1,microSDXC (dedicated slot),"[""128GB Built-in"",""4GB RAM (+8GB Extended RAM)""]","128GB Built-in, 4GB RAM (+8GB Extended RAM)","[""Dual Camera: 13 MP"",""AI lens LED Flash""]","Phase detection, Geo-tagging, Video (1080p@30fps)","[""1080p@30fps""]","[""8 MP""]",,"[""8 MP""]","3.5mm Audio Jack, Dual Speaker DTS",true,Wi-Fi 802.11 b/g/n,"v5.2 with A2DP, LE",Yes + A-GPS support & Glonass,false,false,true,USB Type-C 2.0,false,true,false,"Accelerometer, Fingerprint (side-mounted)",Non removable 5000 mAh,false,"[""- Battery charging 10W""]","[""Black"",""Off White""]",Weight Unknown,[33999.0],0.87500,b70f4b70aa716b61925049f609abf046597b91e00e20d215969ebe2bdf7fc185,"{""Battery"":{""Capacity"":""Non removable 5000 mAh"",""Charging"":[""- Battery charging 10W""],""WirelessCharging"":0},""Body"":{""Build"":""Glass front, plastic frame, plastic back"",""Dimensions"":""167.6 x 77.4 x 8.3 mm"",""Protection"":""Glass front, plastic frame, plastic back"",""SIM"":""Nano-SIM + Nano-SIM"",""Weight"":""193 g""},""Colors"":[""Black"",""Off White""],""Display"":{""Protection"":null,""Resolution"":""720 x 1600 Pixels (~260 PPI)"",""Size"":""6.75 Inches"",""Type"":""IPS LCD Capacitive Touchscreen""},""Features"":{""BackFingerPrint"":0,""Bluetooth"":""v5.2 with A2DP, LE"",""InDisplayFingerPrint"":0,""Infrared port"":0,""NFC"":0,""Positioning"":""Yes + A-GPS support & Glonass"",""Radio"":1,""Sensors"":""Accelerometer, Fingerprint (side-mounted)"",""SideFingerPrint"":1,""USB"":""USB Type-C 2.0"",""WLAN"":""Wi-Fi 802.11 b/g/n""},""Launch"":{""Announced"":null,""Status"":null},""Main Camera"":{""Features"":""Phase detection, Geo-tagging, Video (1080p@30fps)"",""Specifications"":[""Dual Camera: 13 MP"",""AI lens LED Flash""],""Video"":[""1080p@30fps""]},""Memory"":{""Card slot"":""microSDXC (dedicated slot)"",""Technology"":""128GB Built-in, 4GB RAM (+8GB Extended RAM)"",""Types"":[""128GB Built-in"",""4GB RAM (+8GB Extended RAM)""]},""MobileName"":""ZTE Nubia A56"",""Network"":{""2G"":1,""3G"":1,""4G"":1,""5G"":0},""Platform"":{""CPU"":""Octa-core (2 x 1.6 GHz Cortex-A75 + 6 x 1.6 GHz Cortex-A55)"",""Chipset"":""Unisoc T7200 (12 nm)"",""GPU"":""Mali-G57 MP1"",""OS"":""Android 15 OS""},""Price"":[33999.0],""Selfie Camera"":{""Specifications"":[""8 MP""],""Video"":[""8 MP""]},""Sound"":{""3.5mm jack"":1,""Loudspeaker"":""3.5mm Audio Jack, Dual Speaker DTS""},""Weight"":null}"
ec096c9896603113394f987db5de991e4c3d82289139044270a53841c8602205,whatmobile,whatmobile.com.pk,whatmobile.com.pk/whatmobile__ZTE_nubia-V60-Premier-Edition.json,https://www.whatmobile.com.pk/ZTE_nubia-V60-Premier-Edition,filename,2026-08-14T07:49:24+00:00,ZTE nubia V60 Premier Edition,true,true,true,false,,,164.2 x 75.3 x 8.6 mm,198 g,"Glass front, glass back, plastic frame, Photo/video editor, Document viewer",Nano-SIM + Nano-SIM,"Glass front, glass back, plastic frame, Photo/video editor, Document viewer",IPS LCD Capacitive Touchscreen,6.6 Inches,720 x 1612 Pixels (~267 PPI),,Android 13 OS,Unisoc T606,Octa-core (2 x 1.6 GHz Cortex-A75 + 6 x 1.6 GHz Cortex-A55),Mali-G57 MP1,microSDXC (dedicated slot),"[""256GB Built-in"",""8GB RAM (+12GB of Extended RAM )""]","256GB Built-in, 8GB RAM (+12GB of Extended RAM )","[""Dual Camera: 50 MP"",""AI, LED Flash""]","HDR, Panorama, Video (1080p@30fps)","[""1080p@30fps""]","[""8 MP, f/2.0, (wide)""]",,"[""8 MP, f/2.0, (wide""]","3.5mm Audio Jack, Speaker Phone",true,"Wi-Fi 802.11 a/b/g/n/ac, dual-band","v5.2 with A2DP, LE",Yes + A-GPS support,false,false,true,USB Type-C 2.0,false,true,false,"Accelerometer, Compass, Fingerprint (side mounted), Proximity","(Li-ion Non removable), 5000 mAh",false,"[""- Fast charging 22.5W""]","[""Dark Blue"",""Champagne Gold"",""Sunrise Voilet""]",Weight Unknown,[41999.0],0.87500,0d88b1d7fada46396ca8cc808f05baa7101c57e05c9f48ca96d5e6e0c390c54e,"{""Battery"":{""Capacity"":""(Li-ion Non removable), 5000 mAh"",""Charging"":[""- Fast charging 22.5W""],""WirelessCharging"":0},""Body"":{""Build"":""Glass front, glass back, plastic frame, Photo/video editor, Document viewer"",""Dimensions"":""164.2 x 75.3 x 8.6 mm"",""Protection"":""Glass front, glass back, plastic frame, Photo/video editor, Document viewer"",""SIM"":""Nano-SIM + Nano-SIM"",""Weight"":""198 g""},""Colors"":[""Dark Blue"",""Champagne Gold"",""Sunrise Voilet""],""Display"":{""Protection"":null,""Resolution"":""720 x 1612 Pixels (~267 PPI)"",""Size"":""6.6 Inches"",""Type"":""IPS LCD Capacitive Touchscreen""},""Features"":{""BackFingerPrint"":0,""Bluetooth"":""v5.2 with A2DP, LE"",""InDisplayFingerPrint"":0,""Infrared port"":0,""NFC"":0,""Positioning"":""Yes + A-GPS support"",""Radio"":1,""Sensors"":""Accelerometer, Compass, Fingerprint (side mounted), Proximity"",""SideFingerPrint"":1,""USB"":""USB Type-C 2.0"",""WLAN"":""Wi-Fi 802.11 a/b/g/n/ac, dual-band""},""Launch"":{""Announced"":null,""Status"":null},""Main Camera"":{""Features"":""HDR, Panorama, Video (1080p@30fps)"",""Specifications"":[""Dual Camera: 50 MP"",""AI, LED Flash""],""Video"":[""1080p@30fps""]},""Memory"":{""Card slot"":""microSDXC (dedicated slot)"",""Technology"":""256GB Built-in, 8GB RAM (+12GB of Extended RAM )"",""Types"":[""256GB Built-in"",""8GB RAM (+12GB of Extended RAM )""]},""MobileName"":""ZTE nubia V60 Premier Edition"",""Network"":{""2G"":1,""3G"":1,""4G"":1,""5G"":0},""Platform"":{""CPU"":""Octa-core (2 x 1.6 GHz Cortex-A75 + 6 x 1.6 GHz Cortex-A55)"",""Chipset"":""Unisoc T606"",""GPU"":""Mali-G57 MP1"",""OS"":""Android 13 OS""},""Price"":[41999.0],""Selfie Camera"":{""Specifications"":[""8 MP, f/2.0, (wide)""],""Video"":[""8 MP, f/2.0, (wide""]},""Sound"":{""3.5mm jack"":1,""Loudspeaker"":""3.5mm Audio Jack, Speaker Phone""},""Weight"":null}"
98d358e48d36d529afe24a05c368e3ddfeffeedef323408cf02a32c38316b908,whatmobile,whatmobile.com.pk,whatmobile.com.pk/whatmobile__ZTE_nubia-V80-Max.json,https://www.whatmobile.com.pk/ZTE_nubia-V80-Max,filename,2026-08-14T07:43:58+00:00,ZTE nubia V80 Max,true,true,true,false,,,171.6 x 77.8 x 8.3 mm,191 g,"NFC (market/region dependent), Drop resistant up to 1.8m, IP64 dust-tight and water-resistant (water splashes)",Nano-SIM + Nano-SIM,"NFC (market/region dependent), Drop resistant up to 1.8m, IP64 dust-tight and water-resistant (water splashes)",IPS LCD Capacitive Touchscreen,6.9 Inches,720 x 1640 Pixels (~260 PPI),,Android 16 OS,Unisoc T7250 (12 nm),Octa-core (2 x 1.8 GHz Cortex-A75 + 6 x 1.6 GHz Cortex-A55),Mali-G57 MP1,microSDXC,"[""256GB Built-in"",""8GB RAM (12GB Extended RAM)""]","256GB Built-in, 8GB RAM (12GB Extended RAM)","[""Dual Camera: 50 MP, f/1.8, (wide), PDAF"",""Auxiliary lenses, LED Flash""]","HDR, Panorama, Video (1080p@30fps)","[""1080p@30fps""]","[""16 MP""]",,"[""1080p@30fps""]","3.5mm Audio Jack, Speaker Phone",true,"Wi-Fi 802.11 a/b/g/n/ac, dual-band","v5.2 with A2DP, LE","Yes + A-GPS support & Glonass, GALILEO",true,false,true,USB Type-C 2.0,false,true,false,"Accelerometer, Compass, Fingerprint side-mounted), Proximity",6000 mAh,false,"[""- Fast charging 22.5W wired"",""10W Reverse wired"",""Bypass Charging""]","[""Stardust Purple"",""Stellar Silver"",""Aurellia Gold"",""Sky Cyan"",""Space Black""]",Weight Unknown,[45999.0],0.87500,f5d15f6c8ca1696b407eb411cd536b2608454c8bc73cf64967da71371d605c49,"{""Battery"":{""Capacity"":""6000 mAh"",""Charging"":[""- Fast charging 22.5W wired"",""10W Reverse wired"",""Bypass Charging""],""WirelessCharging"":0},""Body"":{""Build"":""NFC (market/region dependent), Drop resistant up to 1.8m, IP64 dust-tight and water-resistant (water splashes)"",""Dimensions"":""171.6 x 77.8 x 8.3 mm"",""Protection"":""NFC (market/region dependent), Drop resistant up to 1.8m, IP64 dust-tight and water-resistant (water splashes)"",""SIM"":""Nano-SIM + Nano-SIM"",""Weight"":""191 g""},""Colors"":[""Stardust Purple"",""Stellar Silver"",""Aurellia Gold"",""Sky Cyan"",""Space Black""],""Display"":{""Protection"":null,""Resolution"":""720 x 1640 Pixels (~260 PPI)"",""Size"":""6.9 Inches"",""Type"":""IPS LCD Capacitive Touchscreen""},""Features"":{""BackFingerPrint"":0,""Bluetooth"":""v5.2 with A2DP, LE"",""InDisplayFingerPrint"":0,""Infrared port"":0,""NFC"":1,""Positioning"":""Yes + A-GPS support & Glonass, GALILEO"",""Radio"":1,""Sensors"":""Accelerometer, Compass, Fingerprint side-mounted), Proximity"",""SideFingerPrint"":1,""USB"":""USB Type-C 2.0"",""WLAN"":""Wi-Fi 802.11 a/b/g/n/ac, dual-band""},""Launch"":{""Announced"":null,""Status"":null},""Main Camera"":{""Features"":""HDR, Panorama, Video (1080p@30fps)"",""Specifications"":[""Dual Camera: 50 MP, f/1.8, (wide), PDAF"",""Auxiliary lenses, LED Flash""],""Video"":[""1080p@30fps""]},""Memory"":{""Card slot"":""microSDXC"",""Technology"":""256GB Built-in, 8GB RAM (12GB Extended RAM)"",""Types"":[""256GB Built-in"",""8GB RAM (12GB Extended RAM)""]},""MobileName"":""ZTE nubia V80 Max"",""Network"":{""2G"":1,""3G"":1,""4G"":1,""5G"":0},""Platform"":{""CPU"":""Octa-core (2 x 1.8 GHz Cortex-A75 + 6 x 1.6 GHz Cortex-A55)"",""Chipset"":""Unisoc T7250 (12 nm)"",""GPU"":""Mali-G57 MP1"",""OS"":""Android 16 OS""},""Price"":[45999.0],""Selfie Camera"":{""Specifications"":[""16 MP""],""Video"":[""1080p@30fps""]},""Sound"":{""3.5mm jack"":1,""Loudspeaker"":""3.5mm Audio Jack, Speaker Phone""},""Weight"":null}"
9d4bd0a89b746776efebb207d930f53aaf5bcb489d178e4075336527644a5be7,whatmobile,whatmobile.com.pk,whatmobile.com.pk/whatmobile__ZTE_nubia-V80-Pro.json,https://www.whatmobile.com.pk/ZTE_nubia-V80-Pro,filename,2026-08-14T07:43:47+00:00,ZTE nubia V80 Pro,true,true,true,false,,,171.6 x 77.8 x 8.3 mm,191 g,"Glass front, plastic frame, IP64 dust-tight and water-resistant (water splashes)",Nano-SIM + Nano-SIM,"Glass front, plastic frame, IP64 dust-tight and water-resistant (water splashes)",IPS LCD Capacitive Touchscreen,6.75 Inches,900 x 1940 Pixels (~317 PPI),,Android 16 OS,Unisoc T7280 (12 nm),Octa-Core (2 x 2.2GHz Cortex-A75 + 6 x 2.0GHz Cortex-A55,Mali-G57 MP1,microSDXC,"[""256GB Built-in"",""8GB RAM (+12GB of Extended RAM )""]","256GB Built-in, 8GB RAM (+12GB of Extended RAM )","[""Triple Camera: Camera: 50 MP, f/1.8, (wide), PDAF"",""Auxiliary lens, LED Flash""]","HDR, Panorama, Video (1080p@30fps)","[""1080p@30fps""]","[""16 MP""]",,"[""1080p@30fps""]","3.5mm Audio Jack, Speaker Phone",true,"Wi-Fi 802.11 a/b/g/n/ac, dual-band","v5.2 with A2DP, LE","Yes + A-GPS support & Glonass, GALILEO",true,false,true,USB Type-C 2.0,false,true,false,"Accelerometer, Compass, Fingerprint side-mounted), Proximity",5000 mAh,false,"[""- Fast charging 22.5W wired"",""10W reverse wired""]","[""White""]",Weight Unknown,[50999.0],0.87500,ec0611ca5882c457686d9fc241fe3ece2f0763f8ef8c9dd0ec1664fc2270ae7e,"{""Battery"":{""Capacity"":""5000 mAh"",""Charging"":[""- Fast charging 22.5W wired"",""10W reverse wired""],""WirelessCharging"":0},""Body"":{""Build"":""Glass front, plastic frame, IP64 dust-tight and water-resistant (water splashes)"",""Dimensions"":""171.6 x 77.8 x 8.3 mm"",""Protection"":""Glass front, plastic frame, IP64 dust-tight and water-resistant (water splashes)"",""SIM"":""Nano-SIM + Nano-SIM"",""Weight"":""191 g""},""Colors"":[""White""],""Display"":{""Protection"":null,""Resolution"":""900 x 1940 Pixels (~317 PPI)"",""Size"":""6.75 Inches"",""Type"":""IPS LCD Capacitive Touchscreen""},""Features"":{""BackFingerPrint"":0,""Bluetooth"":""v5.2 with A2DP, LE"",""InDisplayFingerPrint"":0,""Infrared port"":0,""NFC"":1,""Positioning"":""Yes + A-GPS support & Glonass, GALILEO"",""Radio"":1,""Sensors"":""Accelerometer, Compass, Fingerprint side-mounted), Proximity"",""SideFingerPrint"":1,""USB"":""USB Type-C 2.0"",""WLAN"":""Wi-Fi 802.11 a/b/g/n/ac, dual-band""},""Launch"":{""Announced"":null,""Status"":null},""Main Camera"":{""Features"":""HDR, Panorama, Video (1080p@30fps)"",""Specifications"":[""Triple Camera: Camera: 50 MP, f/1.8, (wide), PDAF"",""Auxiliary lens, LED Flash""],""Video"":[""1080p@30fps""]},""Memory"":{""Card slot"":""microSDXC"",""Technology"":""256GB Built-in, 8GB RAM (+12GB of Extended RAM )"",""Types"":[""256GB Built-in"",""8GB RAM (+12GB of Extended RAM )""]},""MobileName"":""ZTE nubia V80 Pro"",""Network"":{""2G"":1,""3G"":1,""4G"":1,""5G"":0},""Platform"":{""CPU"":""Octa-Core (2 x 2.2GHz Cortex-A75 + 6 x 2.0GHz Cortex-A55"",""Chipset"":""Unisoc T7280 (12 nm)"",""GPU"":""Mali-G57 MP1"",""OS"":""Android 16 OS""},""Price"":[50999.0],""Selfie Camera"":{""Specifications"":[""16 MP""],""Video"":[""1080p@30fps""]},""Sound"":{""3.5mm jack"":1,""Loudspeaker"":""3.5mm Audio Jack, Speaker Phone""},""Weight"":null}"
