record_key,type,size,resolution,protection
89fb0be3058f25b1e5a69120a7cfba9add137e9817a94a06a35bb48433a44365,"IPS LCD capacitive touchscreen, 16M colors","7.0 inches, 135.1 cm2 (~69.8% screen-to-body ratio)","720 x 1280 pixels, 16:9 ratio (~210 ppi density)",
10f55854f51d5b84e0eb9ed8c639e0f4c3460fdb07ca959f9a14dd063f1443da,"Super AMOLED capacitive touchscreen, 16M colors","5.5 inches, 83.4 cm2","1080 x 1920 pixels, 16:9 ratio (~401 ppi density)",
1ab5abc8c0748d4ea3403e07fdc56ba5f858590a17d0765c0621e34aa488e6f0,"AMOLED capacitive touchscreen, 16M colors","5.5 inches, 83.4 cm2 (~70.2% screen-to-body ratio)","1080 x 1920 pixels, 16:9 ratio (~401 ppi density)",
96a47a3382828fdb979478b767999c5cbd557d2885034d43c2a8e23508186432,"IPS LCD capacitive touchscreen, 16M colors","5.5 inches, 83.4 cm2 (~69.0% screen-to-body ratio)","720 x 1280 pixels, 16:9 ratio (~267 ppi density)",
5e14850209d299b4bcb3f90ee3fc4a865a149ff35815a25c3084889ff69a11f1,"IPS LCD capacitive touchscreen, 16M colors","5.5 inches, 83.4 cm2 (~71.7% screen-to-body ratio)","1080 x 1920 pixels, 16:9 ratio (~401 ppi density)",
b8ea81e2546c0beb37a6cc657b95d06d438654532b6e0e9fb9c6a1be22c1bf78,"IPS LCD capacitive touchscreen, 16M colors","5.5 inches, 83.4 cm2 (~70.3% screen-to-body ratio)","720 x 1280 pixels, 16:9 ratio (~267 ppi density)",
d11260c06a3969df8a383259bff9c146cc7d3d54ebb478dbf8d63fe571079bc5,"IPS LCD capacitive touchscreen, 16M colors","5.0 inches, 68.9 cm2 (~66.4% screen-to-body ratio)","720 x 1280 pixels, 16:9 ratio (~294 ppi density)",
a4ccf5b003cda08392cea54e8dced13e3d5446161a13a1bab4334d6cf5671a17,"Liquid Retina IPS LCD, 500 nits 1640 x 2360 pixels (~264 ppi density) Protection Scratch-resistant glass, oleophobic coating","10.9 inches , Sensors Fingerprint (top-mounted), accelerometer, gyro, compass, barometer",,
8318d1d203744d6231230d9449679dae29eb443c175330fbfceb216345eae554,"Liquid Retina IPS LCD, 500 nits 1640 x 2360 pixels (~264 ppi density) Protection Scratch-resistant glass, oleophobic coating","10.9 inches , Sensors Fingerprint (top-mounted), accelerometer, gyro, compass, barometer",,
d604b741be8fd9402ee3bc7e415f85ffc9a8aca019149c7b5bbd0fd5dc2068e0,"Liquid Retina IPS LCD, 500 nits 1640 x 2360 pixels (~264 ppi density) Protection Scratch-resistant glass, oleophobic coating","10.2 inches, Sensors Fingerprint (front-mounted), accelerometer, gyro, compass, barometer Siri natural language commands and dictation",,
d40d11115776bcca313f33d43d6119658dd74513b169c236d56de5651e908c7b,"Liquid Retina IPS LCD, 500 nits 1640 x 2360 pixels (~264 ppi density) Protection Scratch-resistant glass, oleophobic coating","10.2 inches, Sensors Fingerprint (front-mounted), accelerometer, gyro, compass, barometer Siri natural language commands and dictation",,
0af7fbac62e566ab3fcf6aa8fa1bda477f8c57149d5d03938651c0038a0f8b09,"Liquid Retina IPS LCD, 500 nits 1640 x 2360 pixels (~264 ppi density) Protection Scratch-resistant glass, oleophobic coating","10.2 inches,Sensors Fingerprint (front-mounted), accelerometer, gyro, compass, barometer",,
8e7eb16b139502b933ca47bb1f3841c51f9676dd5544bb417404a566339d9487,"Liquid Retina IPS LCD, 500 nits 1640 x 2360 pixels (~264 ppi density) Protection Scratch-resistant glass, oleophobic coating","10.2 inches,Sensors Fingerprint (front-mounted), accelerometer, gyro, compass, barometer",,
eff47b8d8d4b9e8afc784ac4a87f31c79e368e095990ef228ce41ad5f9fd13a8,"Liquid Retina IPS LCD, 500 nits 1640 x 2360 pixels (~264 ppi density) Protection Scratch-resistant glass, oleophobic coating","11.0 inches , Sensors Fingerprint (top-mounted), accelerometer, gyro, compass, barometer",,
13430ce6ba465dc2ac9b7df2d622991575d16501f61cfb0338818aa4add6e3e2,"Liquid Retina IPS LCD, 500 nits 1640 x 2360 pixels (~264 ppi density) Protection Scratch-resistant glass, oleophobic coating","10.9 inches, Sensors Fingerprint (top-mounted), accelerometer, gyro, compass, barometer Siri natural language commands and dictation",,
de958bedfa3403bed3b3ee75eaa9418063c255bd018303ad099a5b9d989f78f0,"Liquid Retina IPS LCD, 500 nits 1640 x 2360 pixels (~264 ppi density) Protection Scratch-resistant glass, oleophobic coating","10.9 inches, Sensors Fingerprint (top-mounted), accelerometer, gyro, compass, barometer Siri natural language commands and dictation",,
5681580d9666208260654f2bb29b73e36e4635368857f315278d2cc7364d369f,"Liquid Retina IPS LCD, 500 nits 1640 x 2360 pixels (~264 ppi density) Protection Scratch-resistant glass, oleophobic coating","10.9 inches , Sensors Fingerprint (top-mounted), accelerometer, gyro, compass, barometer",,
90ccfa4d7e41e9af9418cf452bb1908c92c14c3d92fdd0f058165ede9b44c116,"LED-backlit IPS LCD, 7.9 inches",7.9 inches,1536 x 2048 pixels,
bb6bf428a691043b46f0953521636ea797a84100d9fb5df81f84c573caaefc92,"Liquid Retina IPS LCD, 500 nits 1640 x 2360 pixels (~264 ppi density) Protection Scratch-resistant glass, oleophobic coating","7.9 inches, Sensors Fingerprint (front-mounted), accelerometer, gyro, compass, barometer Siri natural language commands and dictation",,
721da20b566d5f70b45f47d4779cce2507f04392365684308d4afdd82dab13a3,"Liquid Retina IPS LCD, 500 nits 1640 x 2360 pixels (~264 ppi density) Protection Scratch-resistant glass, oleophobic coating","11.0 inches, Sensors Face ID, accelerometer, gyro, barometer Siri natural language commands and dictation",,
081cf621564ae64ef89e327bce62184e08e2a0ae1e749cff58fd4df8a412fe15,"Liquid Retina IPS LCD, 500 nits 1640 x 2360 pixels (~264 ppi density) Protection Scratch-resistant glass, oleophobic coating","11.0 inches , Sensors Face ID, accelerometer, gyro, barometer",,
515716c71cfe7cf4036d4bf3644aadc21f583932680401628270244bb0fea200,"Liquid Retina IPS LCD, 500 nits 1640 x 2360 pixels (~264 ppi density) Protection Scratch-resistant glass, oleophobic coating","11.0 inches , Sensors Face ID, accelerometer, gyro, barometer",,
839bdd7e7768483e3ea1eed70d48e02c3328061adb49d25b4bd9ecb9ef3569db,"Liquid Retina IPS LCD, 500 nits 1640 x 2360 pixels (~264 ppi density) Protection Scratch-resistant glass, oleophobic coating","12.9 inches, Sensors Face ID, accelerometer, gyro, barometer Siri natural language commands and dictation",,
cb505fb59a6612269b895a50cbb91cfc1c1798b8b427ea99f5ae90d7826de72e,"Liquid Retina IPS LCD, 500 nits 1640 x 2360 pixels (~264 ppi density) Protection Scratch-resistant glass, oleophobic coating","12.9 inches, Sensors Face ID, accelerometer, gyro, barometer",,
02506b7ad35adb4f01643b5ef1de8b16aeb266c6d54e801f9470276c62ce9db5,Super Retina XDR OLED,6.5 inches,1242 x 2688 (Pixels),
6c2143c9950d535357c0c72260b653f4cbd0a9172afd546ff0c6d3584d20ae7e,Super Retina XDR,5.8 inches,1125 x 2436 Pixels | 19.5:9 ratio | 458 ppi density,
5460f1a1c6f32c0a71488f36d329b80c32b67f908de994a216ea1f051dfd4787,"Liquid Retina IPS LCD 16M Colors,",6.1 inches | 90.3 cm2,"828 x 1792 pixels, (~326 ppi density)",
4b16ae3f4feb981b0cb90f765b56d335d6c78e083b6413438020b609851f4e54,Hexa-core 2x3.1 GHz Firestorm | 4x1.8,6.7 inches,1284 x 2778 (pixels) | 19.5:9 ratio | ~458 ppi density,
caa7523c013768210f76416f31a81dea62e7beade540766fe6d3aa3953ec970f,Super Retina XDR OLED,6.1 inches,1170 x 2532 (Pixels),
522cb18175e58841d2d4bbf6d4c95f68e0d2bd339d9bf1dd8a6cc85cb0db9eb9,Super Retina XDR OLED,6.1 inches,1170 x 2532 (Pixels),
34fb0b1a3e944cab4b5c815de100bba836de57c6798e600469f5170e5291bd69,Super Retina XDR OLED,6.1 inches,1170 x 2532 (Pixels),
1ffcc14fd67b37b583a1ce98ed34fdc0d7ae8ed456e094a5aa3ecdc6dda0943f,Super Retina XDR OLED,6.1 inches,1170 x 2532 (Pixels),
4a41a080af929274f0d5e7f1e2c44eda91ddc4212dbeff32a3f5ddfc57793a33,Super Retina XDR OLED,6.1 inches,1170 x 2532 (Pixels),
6df5d2a54d79e0abf2fc769758e3993a267ea3c872e9d4e830abc8b8dafc7f4c,Super Retina XDR OLED,6.1 inches,1170 x 2532 (Pixels),
d3fe74475ee1b1e2a75ca1a87d1ccdc08a0adaa7a15038051065a5662f72f1a8,Super Retina XDR OLED,6.1 inches,1170 x 2532 (Pixels),
21e35f5df545bb335eaa5fef2caad3f13eab25d7c12bb0e3415a029302c53f7d,"Super Retina XDR OLED, HDR10, Dolby Vision, 800 nits (HBM), 1200 nits (peak)","6.1 inches, 90.2 cm2 (~86.0% screen-to-body ratio)","1170 x 2532 pixels, 19.5:9 ratio (~460 ppi density)",
0fc20a18a1401d1be7a24b3a876867ac57d6301b68b4e3851b486d4f73ee5dbe,"6.7 inches, 110.2 cm2 (~88.3% screen-to-body ratio)","6,7 inches",1290 x 2796 pixels,
e3f10c57ce1c149bb54bfb6afbc4ca34836538093c5627d828a9243e65434d9b,"LTPO Super Retina XDR OLED, 120Hz, HDR10, Dolby Vision, 1000 nits (typ),","6.1 inches, 91.7 cm2 (~87.0% screen-to-body ratio)","1179 x 2556 pixels, 19.5:9 ratio (~460 ppi density)",
06a6649b5e26b8d4a33fdf32ee338243676e4679c160c9912907513c51b8597b,"Super Retina XDR OLED, HDR10, Dolby Vision, 1000 nits (HBM), 2000 nits (peak)","6.1 inches, 91.3 cm2 (~86.4% screen-to-body ratio)","1179 x 2556 pixels, 19.5:9 ratio (~461 ppi density)",
cee13c6009af131fb06a0e875f5e74e496dab44d6daeb4ff1384430b0c37e866,6.7‑inch (diagonal) all‑screen OLED display,6.7‑inch (diagonal) all‑screen OLED display,"Super Retina XDR display 1290 x 2796 pixels, 19.5:9 ratio (~460 ppi density)",
5d67c462c1796cabfb9355b711318f81d42525d3d2c927c9c182c22c08640fbf,"LTPO Super Retina XDR OLED, 120Hz, HDR10, Dolby Vision, 1000 nits (typ), 2000 nits (HBM)","6.1 inches, 91.3 cm2 (~88.2% screen-to-body ratio)","1179 x 2556 pixels, 19.5:9 ratio (~461 ppi density)",
adbbcb28bf4ce70739dce2bf78eae8023c397152eb1a8f8f535e9d4d7b98eaa1,"Super Retina XDR OLED Touchscreen,",6.7 Inches,1290 x 2797 Pixels (~460 PPI),
80c0d01c99ce9e0e7bbcfc9c39dfec779235fc5224cfb95e1d4911874a45df91,LTPO Super Retina XDR OLED,6.9 Inches,1329 x 2868 Pixels (~458 PPI),
845d863045ffa12828830644a2e9c37ee93be1ec432459e418bf5f8e85d2089e,LTPO Super Retina XDR OLED,6.3 Inches,1206 x 2622 Pixels (~458 PPI),
7b88f5aa4df7bfc80af9f7be386627bddd9aae3cd3812e496ecdc33ba251d5e1,Super Retina XDR OLED Touchscreen,6.1 Inches,1179 x 2556 Pixels (~461 PPI),
c2c91efebf8fbf9c36080bb8471055f87bbe37213dad14f12590770ce1e2833b,"LTPO Super Retina XDR OLED, 120Hz, HDR10, Dolby Vision, 1000 nits (typ), 1600 nits (HBM), 3000 nits (peak)","6.3 inches, 96.4 cm² (~90.1% screen-to-body ratio)","1206 x 2622 pixels, 19.5:9 ratio (~460 ppi density)",
1ff918dc3044e59c88513e99cb446134d88a493df8e0d3ed261bde40a788a4c2,"LTPO Super Retina XDR OLED, 120Hz, HDR10, Dolby Vision","6.9 inches, 115.6 cm² (~90.7% screen-to-body ratio)","1320 x 2868 pixels, 19.5:9 ratio (~460 ppi density)",
392d5e41791d77e1b786f5a5671fd185675bf3391cb41738db41174d796399cf,"LTPO Super Retina XDR OLED, 120Hz, HDR10, Dolby Vision","6.9 inches, 115.6 cm² (~90.7% screen-to-body ratio)","1320 x 2868 pixels, 19.5:9 ratio (~460 ppi density)",
14749a9a8983075cd85f8d5c8f574cb9e2e934e155b63e56423d1348692d0990,"LTPO Super Retina XDR OLED, 120Hz, HDR10, Dolby Vision","6.9 inches, 115.6 cm² (~90.7% screen-to-body ratio)","1320 x 2868 pixels, 19.5:9 ratio (~460 ppi density)",
327f6c9435c1ae3171437be22eb0e2f6d033fb0bede337982e9e15c57887c9e0,"LTPO Super Retina XDR OLED, 120Hz, HDR10, Dolby Vision","6.9 inches, 115.6 cm² (~90.7% screen-to-body ratio)","1320 x 2868 pixels, 19.5:9 ratio (~460 ppi density)",
9a77be6ba282fbc1ee914949d570b69a7eb529a15c337fa0e0e29fd2223b74f5,"LTPO Super Retina XDR OLED, 120Hz, HDR10, Dolby Vision","6.9 inches, 115.6 cm² (~90.7% screen-to-body ratio)","1320 x 2868 pixels, 19.5:9 ratio (~460 ppi density)",
5913e5d09f5ea79d79e6fab8735a8458e9dc5e6269a3d6bed59c9f9afca8962d,"LTPO Super Retina XDR OLED, 120Hz, HDR10, Dolby Vision","6.9 inches, 115.6 cm² (~90.7% screen-to-body ratio)","1320 x 2868 pixels, 19.5:9 ratio (~460 ppi density)",
6d7e2036cb82946deeac379c93dc3e7e36dfba98f5137fd1873b5bca18e8550d,"LTPO Super Retina XDR OLED, 120Hz, HDR10, Dolby Vision","6.9 inches, 115.6 cm² (~90.7% screen-to-body ratio)","1320 x 2868 pixels, 19.5:9 ratio (~460 ppi density)",
430109d36c88936c33edde862f998c2db5581ebe66e0bbae5897610e3c787e8a,"LTPO Super Retina XDR OLED, 120Hz, HDR10, Dolby Vision","6.9 inches, 115.6 cm² (~90.7% screen-to-body ratio)","1320 x 2868 pixels, 19.5:9 ratio (~460 ppi density)",
cc6fd05b9922d44bfb5e751a02582f67e72dacf4aafe915d330759759aacdc0d,"TFT capacitive touchscreen, 16M colors",3.5 inches (~50.9% screen-to-body ratio),320 x 480 pixels (~165 ppi pixel density),
e9e980e6fd7a44ff817edfff8da88eb6875428df5118d257e845ea52e925c031,"LED-backlit IPS LCD, 4.0 inches",4.0 inches,640 x 1136 pixels,
5f2a8b85d7b1dd6afd4df1527bded32cd4a466c97838cb83f7c7ffd9d5c401dd,"LED-backlit IPS LCD, 4.0 inches",4.0 inches,640 x 1136 pixels,
0889ab0ff62ea85e05112d30c7523874b40e56c98216d3c5f600c57453f7df4f,"LED-backlit IPS LCD, capacitive touchscreen, 16M colors",4.7 inches (~65.8% screen-to-body ratio),750 x 1334 pixels (~326 ppi pixel density),
8b4af0a80826212eb090055cb98169da47e0188a3e9ba2f99daf576dcf5b18f3,Retina HD display 5.5-inch,5.5-inch,1080-pixel resolution at 401 ppi 1300:1 contrast ratio (typical),
c1f9d3c25514328d0c75d851823b5da85a8e6ea4c086ebb807b01a3bbf8975a8,Retina HD display 5.5-inch,5.5-inch,1080-pixel resolution at 401 ppi 1300:1 contrast ratio (typical),
cf0f3e18d62f120499de23a8be7d7124982468deb0aead9e7e74076add72589d,5.5” Retina HD display,5.5”,1920-by-1080-pixel resolution at 401 ppi,
7b6dabedc34c052e0ad29a8e1c055a9949b0c36eb014d36fcc396f78729b3598,4.7” Retina HD display,4.7”,1334-by-750-pixel resolution at 326 ppi,
f2114405001a17832cad22afc31b84ce29d08b441dc9240443d47ba33f5536b5,"LTPO Super Retina XDR OLED, 120Hz, HDR10, Dolby Vision, 1000 nits (typ), 1600 nits (HBM), 3000 nits (peak)","6.5 inches, 104.9 cm2 (~89.9% screen-to-body ratio)","1260 x 2736 pixels, 19.5:9 ratio (~460 ppi density)",
3ba1f5c8672022112c7e0bb3b7fe36916a9f848fa2da6a138851c7425659cadc,"LTPO Super Retina XDR OLED, 120Hz, HDR10, Dolby Vision, 1000 nits (typ), 1600 nits (HBM), 3000 nits (peak)","6.5 inches, 104.9 cm2 (~89.9% screen-to-body ratio)","1260 x 2736 pixels, 19.5:9 ratio (~460 ppi density)",
7cebedb3d16e7558a15b0a61b43e41f9e1ac860ff0ba9fbe89659c76b093eaf5,"LTPO Super Retina XDR OLED, 120Hz, HDR10, Dolby Vision, 1000 nits (typ), 1600 nits (HBM), 3000 nits (peak)","6.5 inches, 104.9 cm2 (~89.9% screen-to-body ratio)","1260 x 2736 pixels, 19.5:9 ratio (~460 ppi density)",
60c9ee05887b399763c55d76128f0255a2cc155891711036ebdaa3c0d05c5013,OLED,6.1 inches (15.49 cm),828 x 1792 pixels 324 ppi,
2812e35b7e5faae60483c087694df55152aff6d660721db5de49648b61b97c83,5.8-inch HD Display,5.8 inches,1125 x 2436 pixels,
82cdcd55c05157ac8c8443af3b38b9e101e7e8a32f18846f07c84c3022811ef1,6.1” Retina HD display,"6.1 "" inch",828 x 1792 pixels,
e88b0e5ad86ef984be04551cb54ea0b8262d1468c21c17f2d1c3914f01dd2fb8,"6.5 "" inches HDR","6.5"" inches Super Retina custom OLED",1242x2688 pixels,
e9e52696e5e4636f6e7f4ce9a83a39835dad30ddb6ae8936b8171679648b6864,"5.8"" inches HDR","5.8"" inches Super Retina custom OLED",1125x2436 pixels,
3c18888323a10b53653405191eb9f07bd5d7b8ea8536d5d34978f3172396aa04,,,,
b09366f9f4936097e26f795ecfc817666813be2c998319e2c6ba975a545b7953,,,,
c81a4dc137ad637c4ebde5b046309fa3a4347c1a0b2c3af081b3007ff9fa1982,,,,
739800458e3382dcbf617529a0750dbf9222feb38e1664c4e639aa34fc4c17de,,,,
2e4c001cb26d24d39ba5d7eb774eaaffd83bfd22dbd494b3ea0da981232db9fe,"AMOLED capacitive touchscreen, 16M colors","6.59 inches, 106.6 cm2 (~80.3% screen-to-body ratio)","1080 x 2340 pixels, 19.5:9 ratio (~391 ppi density)",
7d4b6f5bca218fef52eeca993e7b3c919717bd45956659f80e784e34500dd973,"AMOLED capacitive touchscreen, 1B colors","6.59 inches, 106.6 cm2 (~79.9% screen-to-body ratio)","1080 x 2340 pixels, 19.5:9 ratio (~391 ppi density)",
18f1dca050d3aadf36955f6287f7c269f6dc6336f5faae1a355ca236d26ceada,"AMOLED, 1B colors, 144Hz, HDR10+, 800 nits (typ), 1200 nits (peak)","6.78 inches, 109.5 cm2 (~82.0% screen-to-body ratio)",1080 x 2448 pixels (~395 ppi density),
19d46271c5f7944569670a6e699ffcb26e2d69cf109a696b577782fbb0f567b8,"AMOLED, 1B colors, 165Hz, HDR10+, 800 nits (typ), 1200 nits (peak)","6.78 inches, 109.5 cm2 (~82.2% screen-to-body ratio)",1080 x 2448 pixels (~395 ppi density),
692bcfec6023235df51dc1f413af63543853bb7f0aac0f2d8abec54b878859b8,"LTPO AMOLED, 1B colors, 165Hz, HDR10, 1600 nits (HBM), 2500 nits (peak)","6.78 inches, 111.0 cm2 (~88.2% screen-to-body ratio)","1080 x 2400 pixels, 20:9 ratio (~388 ppi density)",
66306b5ccfc51ab546616714e5bb1784443848d319950e1db3852aaa2a34e85c,"LTPO AMOLED, 1B colors, 165Hz, HDR10, 1600 nits (HBM), 2500 nits (peak)","6.78 inches, 111.0 cm2 (~88.2% screen-to-body ratio)","1080 x 2400 pixels, 20:9 ratio (~388 ppi density)",
f6cd1e6ef962e8b87c0ebe04e8db26055ac1e11787ff7f22fb2e1501cc410b93,"LTPO AMOLED, 144Hz, HDR10, 1600 nits (HBM), 2500 nits (peak)","6.78 inches, 111.0 cm2 (~88.2% screen-to-body ratio)","1080 x 2400 pixels, 20:9 ratio (~388 ppi density)",
daedf67b9fbf008de1546c13692e448d5fc02ff0975c3b3fa80e9241b16c43dd,"Super AMOLED capacitive touchscreen, 16M colors",5.7 inches (~74.0% screen-to-body ratio),1080 x 1920 pixels (~386 ppi pixel density),
513be45b3876af7b16eab7c82dfcaab4921798a1d8d6845fd79cb4c9188140c5,"AMOLED capacitive touchscreen, 16M colors","5.5 inches, 83.4 cm2 (~70.3% screen-to-body ratio)","1080 x 1920 pixels, 16:9 ratio (~401 ppi density)",
67f433cf97c83c8fef76c34884cf6f8b87654688dfa3e5c43eee737c3e8e6d33,"IPS LCD capacitive touchscreen, 16M colors","6.2 inches, 96.9 cm2 (~83.6% screen-to-body ratio)","1080 x 2246 pixels, 18.7:9 ratio (~402 ppi density)",
2c027c029bd4758cc87aac4f7ff6f473fafee32760e77491159644044525be52,"IPS LCD capacitive touchscreen, 16M colors","6.4 inches, 100.5 cm2 (~83.8% screen-to-body ratio)","1080 x 2340 pixels, 19.5:9 ratio (~403 ppi density)",
5075fd76a723d4ea6286b592cebd441387a4a8823bffe571b417f69a5848b736,"Super AMOLED capacitive touchscreen, 16M colors","6.67 inches, 107.4 cm2 (~84.2% screen-to-body ratio)","1080 x 2400 pixels, 20:9 ratio (~395 ppi density)",
24ca5ffc74b10116c4f44ab9b32b3e19c2988b405fdd2d3a2b5c7ac9443f7fc1,"Super AMOLED capacitive touchscreen, 16M colors","6.67 inches, 107.4 cm2 (~84.2% screen-to-body ratio)","1080 x 2400 pixels, 20:9 ratio (~395 ppi density)",
40edcff1108d8943ee6b9c401dab620bd0ed9b2a4124a69b4da02ec69317a471,"IPS LCD capacitive touchscreen, 16M colors",5.5 inches (~66.6% screen-to-body ratio),1080 x 1920 pixels (~401 ppi pixel density),
d8e33b8054afe479068ab0b38db7080b5a6cfa6b62633469fd144633ed94192a,"IPS LCD capacitive touchscreen, 16M colors",5.5 inches (~71.4% screen-to-body ratio),720 x 1280 pixels (~267 ppi pixel density),
d398474583d108ccb1f6c506a9957b1252885f97765fc456d9d792aedff4ece1,"IPS LCD capacitive touchscreen, 16M colors","5.99 inches, 92.6 cm2 (~75.8% screen-to-body ratio)","1080 x 2160 pixels, 18:9 ratio (~403 ppi density)",
e1507b3f3353c86889c8c6e44e9adc05e7c42a86516e525218071c077a21567a,"IPS LCD capacitive touchscreen, 16M colors","5.99 inches, 92.6 cm2","1080 x 2160 pixels, 18:9 ratio (~403 ppi density)",
62f63bdae5cccf9b9da08d302f4137f8fd6b46de33a5f620cb6ef441164f9d6f,IPS LCD,"4.5 inches, 60.0 cm2 (~55.6% screen-to-body ratio)","1080 x 1620 pixels, 3:2 ratio (~434 ppi density)",
b045e43e9a67442446eb6faf5d769473da3b5df36dd3080c802feaa5b6c1ca71,"IPS LCD capacitive touchscreen, 16M colors","4.5 inches, 60.3 cm2 (~55.5% screen-to-body ratio)","1080 x 1620 pixels, 3:2 ratio (~433 ppi density)",
86641e5ace506b05390daa2a0e906ab59615dfd339fa1cdf128e6a0568538bf2,IPS LCD,"4.5 inches, 60.0 cm2 (~55.6% screen-to-body ratio)","1080 x 1620 pixels, 3:2 ratio (~434 ppi density)",
645966fc9a38a1507c06d9241fc5e7e97e9919f08bc333beed91d47ce563c282,AMOLED,"5.4 inches, 81.6 cm2 (~71.9% screen-to-body ratio)","1440 x 2560 pixels, 16:9 ratio (~540 ppi density)",
a08ee630e4708d2ce2c7d8d0f774907c4fd616de99a6ebfa35e6dd3e08e11d30,TFT,"4.2 inches, 50.2 cm2 (~58.9% screen-to-body ratio)","768 x 1280 pixels, 5:3 ratio (~355 ppi density)",
559642f522b389c80dc90aef3150986c741eb21491dc9d88aabb5b2a4b6c66c2,"Super AMOLED capacitive touchscreen, 16M colors",5.0 inches (~68.0% screen-to-body ratio),720 x 1280 pixels (~294 ppi pixel density),
c69bd4be28f45b0ddf5efb66a795bd0969045cce23b214d965236619ee67a13f,Super Retina XDR OLED,6.5 inches,1242 x 2688 (Pixels),
d756780f4888a45a79a0a80d6cf7f44c889ee469918541c0a1775e8b566c1632,Super Retina XDR OLED,6.5 inches,1242 x 2688 (Pixels),
27a8bd288266f5a7c571afc3974e20a838466aa4882446b112c1c39b6be06a58,6.52 inches,6.52 Inches,720 x 1600 Pixels,
2aa2e2c3e52e0231ba84fc47b9c545aae7cf00d42928743eb391622ea9652bf5,6.52 inches HD,6.52 inches HD,720 x 1600 Pixels,
339bf7557a0c02b189ef72fcc88f69e6b77e0fa00501d002de584e7c832b8944,6.52 inches,6.52 inches,1600 x 720 pixels,
ff1c8e2b029db778a389c970830a5d5f348f4b0907e04dd0938fb2df3319ecb3,IPS LCD Capacitive Touchscreen,6.53 (Inches),720 x 1600 (Pixels),
167548727a53d29ee84d1aa9384cd87fefa0d21e0170b20676ec2535e8911dd6,IPS LCD Capacitive Touchscreen,6.51 (Inches),720 x 1600 (Pixels),
1f59563228efc1b504001f2e22f9c15d27681bbae16cc6d100d813c47ec341d6,IPS LCD Capacitive Touchscreen,6.55 (Inches),720 x 1600 (Pixels),
67bf3dacc4edde4dfad10eafebbba4f1ed0a6f9ff82f1ba304e1cf4ef3b088da,LTPS TFT LCD,6.67 (Inches),1080 x 2400 (Pixels),
fc2d9eb5ae0a4698ce758e03b7bed883e7c8362248a3eb8701dbc7014e8ecd3d,"OLED capacitive touchscreen, 16M colors","10.5 inches, 319.7 cm2 (~67.2% screen-to-body ratio)","1600 x 2560 pixels, 16:10 ratio (~288 ppi density)",
c1b780b4f16fc0086c196fb0ea1b15b1663f156ae606ec4758c371f196a1ec20,"IPS LCD capacitive touchscreen, 16M colors","7.0 inches, 142.1 cm2 (~62.4% screen-to-body ratio)","800 x 1280 pixels, 16:10 ratio (~216 ppi density)",
3f194c532b54b54c2590f8fbf39ed973e9056b30f29a92d8786d7a827b0e1aa1,"OLED capacitive touchscreen, 16M colors","8.4 inches, 204.6 cm2 (~76.3% screen-to-body ratio)","1600 x 2560 pixels, 16:10 ratio (~359 ppi density)",
31111fb454974bcd124e82149a4252123526192062e863700d9e29527e37b5e0,"OLED capacitive touchscreen, 16M colors","8.0 inches, 185.6 cm2 (~67.3% screen-to-body ratio)","800 x 1280 pixels, 16:10 ratio (~189 ppi density)",
7e8df2c11a8e0ad4c85baefd46c61407257bc82dc12a3863ec6f80b64de27e8a,"TFT capacitive touchscreen, 256K colors","3.5 inches, 34.9 cm2 (~54.6% screen-to-body ratio)","480 x 800 pixels, 5:3 ratio (~267 ppi density)",
cbb8f8b52ca8901539e4e697a66be431d92539ccf7abc4f2547185d5d5368d60,"TFT capacitive touchscreen, 16M colors","10.1 inches, 281.1 cm2 (~57.7% screen-to-body ratio)","1366 x 768 pixels, 16:9 ratio (~155 ppi density)",
153738a46672e40f6efe03e2d952007e89dd2781381e179e7b3d95938890ce9a,"IPS LCD capacitive touchscreen, 16M colors","4.0 inches, 44.1 cm2","480 x 854 pixels, 16:9 ratio (~245 ppi density)",
4111c9622f8f1f953a33807c8a5e3fe4940a34a101ca7a323e20cab177facc41,"TFT capacitive touchscreen, 16M colors","5.0 inches, 68.9 cm2 (~68.9% screen-to-body ratio)","480 x 854 pixels, 16:9 ratio (~196 ppi density)",
6d9124e94cd97e83d853b1ef27cc76824715380b78693e2b0e42bd8584d8023b,"TFT capacitive touchscreen, 16M colors","5.0 inches, 68.9 cm2 (~68.9% screen-to-body ratio)","480 x 854 pixels, 16:9 ratio (~196 ppi density)",
e7bece99511b77e336ff7e0380eb4b348316d331003f7240401976e2e9f5d8ec,"TFT capacitive touchscreen, 16M colors","5.5 inches, 83.4 cm2","480 x 854 pixels, 16:9 ratio (~178 ppi density)",
d7b63138525193a949a3a771ff18cffa05ed166e34ddf55d573a8c2aaaf00f18,"TN TFT capacitive touchscreen, 16M colors","5.0 inches, 68.9 cm2 (~63.3% screen-to-body ratio)","480 x 854 pixels, 16:9 ratio (~196 ppi density)",
eaa695a1accc76182c363e9e6f1b92d9bec096ad4c0e991190072d7409ea860d,"IPS LCD capacitive touchscreen, 16M colors","5.5 inches, 83.4 cm2 (~69.0% screen-to-body ratio)","720 x 1280 pixels, 16:9 ratio (~267 ppi density)",
2a24f91db5bc247e1cfdb459f6f8e75c3c169f4bb8fb3fda99b9f65ea3ac9b74,IPS LCD,"6.3 inches, 97.4 cm2 (~74.3% screen-to-body ratio)","1080 x 2340 pixels, 19.5:9 ratio (~409 ppi density)",
74915d54d45db4cd866cc57c7c05edd9e67628ff826d2e704da771b2970c5a81,"TFT capacitive touchscreen, 16M colors","5.0 inches, 68.9 cm2 (~63.2% screen-to-body ratio)","720 x 1280 pixels, 16:9 ratio (~294 ppi density)",
a2f6378a71dccdb937a96e97cc38939801a6649ae3ffc53a857ea27cacb4ca3d,"IPS LCD capacitive touchscreen, 16M colors","5.0 inches, 64.5 cm2 (~61.8% screen-to-body ratio","480 x 960 pixels, 18:9 ratio (~215 ppi density)",
e6b52fe8623cd477ff8a71f2ae469a9743b7ec2c143b2a7e58ec4f9be00e0a95,"LTPS IPS LCD capacitive touchscreen, 16M colors","5.5 inches, 83.4 cm2 (~65.1% screen-to-body ratio)","1080 x 1920 pixels, 16:9 ratio (~401 ppi density)",
a1dbcc8e7db3366c8288118b0d41fa71329bb0dbd9590b7eb6f3d126fddbe4bd,"IPS LCD capacitive touchscreen, 16M colors","5.7 inches, 83.8 cm2","720 x 1440 pixels, 18:9 ratio (~282 ppi density)",
be1b579898bc562172ad1cafd7ca0b52000cc7b15d85e5a20570a76d7bdc3ab6,"TN TFT capacitive touchscreen, 16M colors","5.99 inches, 98.9 cm2 (~75.9% screen-to-body ratio)","1080 x 1920 pixels, 16:9 ratio (~368 ppi density)",
2bd2708024f82446d9e2bdcb336322feb57824fa3c1fc638e33ef083b94ac3c9,"IPS LCD capacitive touchscreen, 16M colors","5.99 inches, 92.6 cm2","1080 x 2160 pixels, 18:9 ratio (~403 ppi density)",
05c1c5cd65c6fbe16ad908fa1189ca96d2b51009b873113af6c22fdf99413261,"IPS LCD capacitive touchscreen, 16M colors","6.2 inches, 95.9 cm2 (~83.8% screen-to-body ratio)","1080 x 2280 pixels, 19:9 ratio (~407 ppi density)",
213018b2eac5bf9e7b4556ee55ab85c4a2d3eb3d5229475db5300f8ab37b9d7e,"TFT capacitive touchscreen, 16M colors","4.95 inches, 63.2 cm2 (~69.1% screen-to-body ratio)","480 x 960 pixels, 18:9 ratio (~217 ppi density)",
be482602d3d2756ef3feafb5176639468ce8743666d5f6da31a62f37b4f179b8,"TFT capacitive touchscreen, 16M colors","4.95 inches, 63.2 cm2 (~69.1% screen-to-body ratio)","480 x 960 pixels, 18:9 ratio (~217 ppi density)",
6e035c003e2ba9d5c0bbb3eb2d8d4915213bab7842197fbd2d17a2b97b8992be,"IPS LCD capacitive touchscreen, 16M colors","5.5 inches, 83.4 cm2 (~69.0% screen-to-body ratio)","720 x 1280 pixels, 16:9 ratio (~267 ppi density)",
e49fb27a2cf7cc64aac4efc4ad0c1e2597bd5ed6069957dc8841dc3cc0aea35c,"IPS LCD capacitive touchscreen, 16M colors","5.9 inches, 89.8 cm2 (~71.8% screen-to-body ratio)","1080 x 2160 pixels, 18:9 ratio (~409 ppi density)",
3732ab2a6c12e102f7c5dffe1e2010e20f1454504ae3b684632afc3ae875e8aa,IPS LCD,"6.82 inches, 110.5 cm2 (~81.4% screen-to-body ratio)",720 x 1640 pixels (~263 ppi density),
22341b083d1e5fbac673871d68f14e0720fd9afdeecc75abb303644c6b0999e8,TFT LCD,"5.0 inches, 68.9 cm2 (~67.7% screen-to-body ratio","480 x 854 pixels, 16:9 ratio (~196 ppi density)",
2719d3f5f931568d8033f27678c86dbaf63ccea7de667d6c8b85c6ea77ac3c74,"IPS LCD capacitive touchscreen, 16M colors","5.7 inches, 81.1 cm2 (~77.3% screen-to-body ratio)","720 x 1520 pixels, 19:9 ratio (~295 ppi density)",
71e71e29ecfa4642e1a810b7f580aa50ba32991827b22022afc13e363cdbfb48,"IPS LCD capacitive touchscreen, 16M colors","6.2 inches, 97.6 cm2 (~82.9% screen-to-body ratio)","720 x 1520 pixels, 18.5:9 ratio (~265 ppi density)",
17524ffe1c948f79c777d518b03175e91bd11c13acf504a07722c9f76d94a651,"IPS LCD capacitive touchscreen, 16M colors","6.3 inches, 100.7 cm2 (~80.9% screen-to-body ratio)","720 x 1480 pixels, 18.5:9 ratio (~261 ppi density)",
919b782dc31330c0b4cf91c2ba97312857890e6c226ecba570d0b0520aad6c18,"IPS LCD capacitive touchscreen, 16M colors","6.5 inches, 107.2 cm2 (~86.3% screen-to-body ratio)","720 x 1480 pixels, 18.5:9 ratio (~253 ppi density)",
562b4c2c162e7baeb4e9666c6cd2c3738b4828d6bb03a86ad017099e8c036322,"IPS LCD capacitive touchscreen, 16M colors","7.12 inches, 127.8 cm2 (~81.7% screen-to-body ratio)","1080 x 2244 pixels, 18.7:9 ratio (~350 ppi density)",
0f2ab4329ae6be416302e1b912f18f55d3b671273060328f8d9be18479dcfad7,"OLED capacitive touchscreen, 16M colors","6.4 inches, 100.5 cm2 (~83.3% screen-to-body ratio)","1080 x 2340 pixels, 19.5:9 ratio (~403 ppi density)",
b0176a9e9ead9203d9ba3ceb956592aee8a32533ae13f26849002cddde8fdbf3,Capacitive touch Screen FWVGA IPS,,854 x 480 Pixels,
31194bf3667568c9af7137dad43d65001bd9ec8217d87560386a29ca4598f8c7,"IPS LCD capacitive touchscreen, 16M colors","5.0 inches, 68.9 cm2 (~65.1% screen-to-body ratio)","720 x 1280 pixels, 16:9 ratio (~294 ppi density) Multitouch",
d5e43000b6e1e0ac57a91cf4d1c9a2ea7d0e5c7d92ea1d2c8b248d3b4e9eb776,"IPS LCD capacitive touchscreen, 16M colors","5.0 inches, 68.9 cm2 (~65.1% screen-to-body ratio)","720 x 1280 pixels, 16:9 ratio (~294 ppi density) Multitouch",
e3242e54782879abbc7cf496c131b9ae1702ca0f2560ccaba03b7fcc6fbda168,TFT capacitive touchscreen,"4.0 inches, 45.5 cm2 (~59.2% screen-to-body ratio)","480 x 800 pixels, 5:3 ratio (~233 ppi density)",
849a5216bf430ebc7cb1b8937eadc568d2de0550b3562012153790dac7815eee,"IPS LCD capacitive touchscreen, 16M colors","4.5 inches, 55.8 cm2 (~62.2% screen-to-body ratio)","480 x 854 pixels, 16:9 ratio (~218 ppi density)",
cd4a647a657cb18fc1e9ef085fe50dd1bae6925c95c8640f0f1c1d38db1f265f,"IPS LCD capacitive touchscreen, 16M colors","5.0 inches, 68.9 cm2 (~71.9% screen-to-body ratio)","1080 x 1920 pixels, 16:9 ratio (~441 ppi density)",
020d8b395b78e27485dfbdbda6918fb04f1212649c35529168acbf63d325422e,"IPS LCD capacitive touchscreen, 16M colors","5.0 inches, 68.9 cm2 (~64.1% screen-to-body ratio)","1080 x 1920 pixels, 16:9 ratio (~441 ppi density)",
ed0beedf46c11b29130cf83a302ce80c54b035b75899b92e0575d6eacf439064,"IPS LCD capacitive touchscreen, 16M colors","5.0 inches, 68.9 cm2 (~67.9% screen-to-body ratio)","720 x 1280 pixels, 16:9 ratio (~294 ppi density)",
d3ffc6e6202afa5812baccf69318765b35854b5bb66f37c28d7939d070ebd5eb,"IPS LCD capacitive touchscreen, 16M colors","5.0 inches, 68.9 cm2 (~66.5% screen-to-body ratio)","480 x 854 pixels, 16:9 ratio (~196 ppi density)",
6be77f5cfb5af522e56df63b6c2cba3fa0c010d7ef2a0fbb40319d541fc10fdd,"IPS LCD capacitive touchscreen, 16M colors","5.3 inches, 77.4 cm2 (~69.2% screen-to-body ratio)","720 x 1280 pixels, 16:9 ratio (~277 ppi density)",
f90bda82db6897dcc9f74bd18575ee052cf2317248025cf8b64736c5b283d547,"AMOLED capacitive touchscreen, 16M colors","6.0 inches, 99.2 cm2 (~75.1% screen-to-body ratio)","1080 x 1920 pixels, 16:9 ratio (~367 ppi density)",
b0b46a67f7596874934fa42af752207000f61cd51b135fa0ba68ecb07e97d764,"IPS LCD capacitive touchscreen, 16M colors","6.0 inches, 92.9 cm2 (~78.6% screen-to-body ratio)","720 x 1440 pixels, 18:9 ratio (~268 ppi density)",
1e5ea1e5e61b59f3c3bcfaf649a1f08b0ec461b4564725fd535e8ee3abc65d60,"AMOLED capacitive touchscreen, 16M colors","6.01 inches, 93.2 cm2 (~78.1% screen-to-body ratio)","1080 x 2160 pixels, 18:9 ratio (~402 ppi density)",
7f1c5f317ad0b121cd2e222143334a2c2f4ed6f40b476d96b61913706396c94c,"IPS LCD capacitive touchscreen, 16M colors","5.5 inches, 83.4 cm2 (~70.5% screen-to-body ratio)","720 x 1280 pixels, 16:9 ratio (~267 ppi density)",
c3a87414e2f57bee5cd83d7f204f0d18dee51ca74cc0d091f5c9dd593e1005ea,"LTPS IPS LCD capacitive touchscreen, 16M colors","5.5 inches, 83.4 cm2 (~70.1% screen-to-body ratio)","1080 x 1920 pixels, 16:9 ratio (~401 ppi density)",
ccad9d527e3ea4f3179990252f3dcc73a8559e50d7152677a4fbb6efca888869,"IPS LCD capacitive touchscreen, 16M colors","5.5 inches, 83.4 cm2 (~71.0% screen-to-body ratio)","1080 x 1920 pixels, 16:9 ratio (~401 ppi density)",
208db085a1e091849420e9ee23b5dedc0caf89477f8fb5c938b480ff54bfe978,"IPS LCD capacitive touchscreen, 16M colors","5.2 inches, 74.5 cm2 (~68.0% screen-to-body ratio)","720 x 1280 pixels, 16:9 ratio (~282 ppi density)",
ba8c21dc07c0ddc952296a9442ea6141dfcb07e24e140117c0b23a07ce52c171,"IPS LCD capacitive touchscreen, 16M colors","5.2 inches, 74.5 cm2 (~67.4% screen-to-body ratio)","720 x 1280 pixels, 16:9 ratio (~282 ppi density)",
f8317c034cdf49de2772c0dd551e027ff5ba000bc99362cc96afe0c9d24e44dc,"IPS LCD capacitive touchscreen, 16M colors","5.2 inches, 74.5 cm2 (~67.4% screen-to-body ratio)","720 x 1280 pixels, 16:9 ratio (~282 ppi density)",
68cc9edf5c833371730c37bc8839f88fc73db5d2c47185ef8d5980d5d104bb72,"OLED, 120 Hz, HDR10+","6.3 inches, 94.7 cm² (~86.1% screen-to-body ratio)","1080 x 2424 pixels, 20:9 (~422 ppi)",
f1082914a805a3f0c0a3370b692e50ae8cc4dc4302f4b9390241d56e8c3850d8,"OLED, 120 Hz, HDR10+","6.3 inches, 94.7 cm² (~86.1% screen-to-body ratio)","1080 x 2424 pixels, 20:9 (~422 ppi)",
eaf71c360a8240b7a182ecf63e423a8fe4988dc0ae28303f97fefaebaeea0c0d,"LTPO OLED, 120Hz, HDR10+, 2200 nits (HBM), 3300 nits (peak)","6.8 inches, 109.7 cm² (~88.0% screen-to-body ratio)","1344 x 2992 pixels, 20:9 ratio (~486 ppi)",
d7876bb206276b258b1b92bd0342b083a7e88d455f0fafe7f7f8c7e939bd6ccb,Yes,"10.4 inches, 307.9 cm2 (~81.6% screen-to-body ratio)","1200 x 2000 pixels, 5:3 ratio (~224 ppi density)",
3ef701683d4efe26d1792884c0c4186ce4353a670d865205bb8051ef446cc5eb,"P-OLED capacitive touchscreen, 16M colors","6.3 inches, 100.3 cm2 (~82.8% screen-to-body ratio)","1440 x 2960 pixels, 18.5:9 ratio (~523 ppi density)",
b1836fdc747d9aeead89687095cd874941005329ae5abad724eb3338f94a88f0,"P-OLED capacitive touchscreen, 16M colors","5.5 inches, 76.7 cm2 (~77.2% screen-to-body ratio)","1080 x 2160 pixels, 18:9 ratio (~443 ppi density)",
76b4db4ed1a2ad316ceabdbf340fd14f7e19792a1661c4937b0d1b5415d75855,"OLED, HDR","5.81 inches, 83.2 cm2 (~83.3% screen-to-body ratio)","1080 x 2340 pixels, 19.5:9 ratio (~443 ppi density)",
d2466a180193b8ae4b3879a01fd2c2dc21eeb6e0c9babb7dfa1ea5099be5ff81,"OLED, 90Hz, HDR10+","6.0 inches, 87.6 cm2 (~85.9% screen-to-body ratio)","1080 x 2340 pixels, 19.5:9 ratio (~432 ppi density)",
dc78d5a88d2f5c8e7259b149fe433459c555abbe2ceffea8fb9122cd5f1726ec,"LTPO AMOLED, 120Hz, HDR10+","6.71 inches, 110.5 cm2 (~88.8% screen-to-body ratio)","1440 x 3120 pixels, 19.5:9 ratio (~512 ppi density)",
6abb28b69b8f8551d877086e110f2afa8428aad481c1531317caf2088e37eaf9,"AMOLED, 90Hz, HDR10+","6.4 inches, 98.9 cm2 (~83.4% screen-to-body ratio)","1080 x 2400 pixels, 20:9 ratio (~411 ppi density)",
bba740d954df86e3b95c8edc47c2eb28f649683a6a9efe929e50f104812e3132,"AMOLED capacitive touchscreen, 16M colors","5.0 inches, 68.9 cm2 (~69.0% screen-to-body ratio)","1080 x 1920 pixels, 16:9 ratio (~441 ppi density)",
8551eeb83b85ec9ada42f28a216455c9e25992d24746d51f2ef59d2d357bf1d4,"HD IPS Display, Multitouch",5.0 inches,1280 x 720 pixels Multitouch,
629e8c0623f664d57650159a629691a35325f62ea6d8ac0680c5d2ecbe46b5e9,"6.21"" (inch)","6.21"" inches",1080x2340 pixels,
d48cd74e39783ea83c57e152c7e34fbcd66cde65da0e0abc18b9680c734bb3fb,"5.84"" (inch)","5.84"" inches",1080x2280 pixels,
cc3f21648bfbfdcb4383ee7af73960529056021e90c0edb337a5a5a808f3610e,IPS LCD,"6.21 inches, 94.7 cm2 (~83.1% screen-to-body ratio)","1080 x 2340 pixels, 19.5:9 ratio (~415 ppi density)",
f506fa3bfb5911b84fea3aa2a8ff93e547808986e32cfcaf502de60036240a5b,"IPS LCD capacitive touchscreen, 16M colors","6.21 inches, 94.7 cm2 (~83.1% screen-to-body ratio)","1080 x 2340 pixels, 19.5:9 ratio (~415 ppi density)",
07dee32bc8449ae3d7c6d8b3397bcfb6667475a76f5185923bcae07fba5b0f95,"LTPS IPS LCD capacitive touchscreen, 16M colors",6.59 inches,1080 x 2340 pixels,
27239b39b11cfa6786a05978e901fdef212057437e4a701ff62dc5af04e615b7,IPS LCD Capacitive touch screen 16 million colors,6.39 inches (79.9% screen-to-body ratio),1080 x 2280 pixels 19:9 Ratio,
f6475a83e72d2af982fcc9705360a7a69b4e3944c92d88e30494b5f61e24c850,"AMOLED, 90Hz","6.7 inches, 108.0 cm2 (~89.9% screen-to-body ratio)","1080 x 2412 pixels, 20:9 ratio (~394 ppi density)",
722334600dddf401728d1b479afe5810ac8aeaa64073e68edcac6a6f3c197bf1,"OLED, 1B colors, 120Hz, HDR, 4000 nits (peak)","6.78 inches, 111.5 cm2 (~90.8% screen-to-body ratio)",1224 x 2700 pixels (~437 ppi density),
fdda99b4952a27bc4a973937baebdfd84007f46ecd16a9998310127c406ff026,"IPS LCD capacitive touchscreen, 16M colors","6.21 inches, 94.7 cm2 (~83.1% screen-to-body ratio)","1080 x 2340 pixels, 19.5:9 ratio (~415 ppi density)",
e0d3ac001deb7dd159fb32c8c62ffd252b18a30d227b6551eef8d2dd512bdc0b,"IPS LCD capacitive touchscreen, 16M colors","6.26 inches, 96.2 cm2 (~84.2% screen-to-body ratio)","1080 x 2340 pixels, 19.5:9 ratio (~412 ppi density)",
6c9bd1bc851bc3082417083f9da53554e14565cfa006b480a4d28e4f74e513a5,"OLED capacitive touchscreen, 16M colors","6.58 inches, 105.2 cm2",1200 x 2640 pixels 441 ppi density,
ef8badc8ea9badf7f175259cda665e75d4550353543515070d4ffd44da10e567,"OLED, 90Hz","6.57 inches, 106.0 cm2 (~89.8% screen-to-body ratio)","1080 x 2340 pixels, 19.5:9 ratio (~392 ppi density)",
967c180184947f27b9e81bc68f48bbedaaabdc122488d3bc6382dc141749dae1,"IPS LCD capacitive touchscreen, 16M colors","6.5 inches, 102.0 cm2 (~83.8% screen-to-body ratio)","1080 x 2400 pixels, 20:9 ratio 405 ppi density",
278889c69918bf7c90e2636b0145aea357587f6d74282ccad99af173ba5171a0,"OLED, 1B colors, 120Hz","6.72 inches, 110.9 cm2 (~90.8% screen-to-body ratio)","1236 x 2676 pixels, 19.5:9 ratio (~439 ppi density)",
33ae8049f3cda35316e32dac34809fb5269b116731644d6010e390e15434ac4d,"IPS LCD, 120Hz","6.78 inches, 111.4 cm2 (~89.4% screen-to-body ratio)",1080 x 2388 pixels (~387 ppi density),
39fed8fdb3ddb572aea61f9c6c87e0b3acc478075fe4f1fb08d393c9875deab4,"OLED, 1B colors, 120Hz, HDR10+","6.78 inches, 111.4 cm2 (~90.9% screen-to-body ratio)",1200 x 2652 pixels (~429 ppi density),
584b1c9dae5eb00d0e33e1c639ff5d3ba18d5e699279c97b6e24984083c122c9,"OLED, 1B colors, 120Hz, HDR","6.67 inches, 107.4 cm2 (~90.7% screen-to-body ratio)","1080 x 2400 pixels, 20:9 ratio (~395 ppi density)",
282e91d2df6e20c0697cec0760df3384c989dafb90ac32f9fd671a50ef7fcca1,"OLED, 1B colors, 120Hz","6.78 inches, 111.4 cm2 (~91.1% screen-to-body ratio)",1200 x 2652 pixels (~429 ppi density),
0b8709a270c381a12e4b42ffa79d34ed713c83339108b81efe4edcb7e511a885,"OLED, 1B colors, 120Hz","6.78 inches, 111.4 cm2 (~91.1% screen-to-body ratio)",1200 x 2652 pixels (~429 ppi density),
8c28a9543e52e25dfce7ba6acd60b7ddfe488fae7861812d0b17ff8a1ca3fa34,"OLED, 1B colors, 120Hz","6.67 inches, 107.4 cm2 (~90.8% screen-to-body ratio)","1080 x 2400 pixels, 20:9 ratio (~395 ppi density)",
e7cfc733ed4c563fc3f3b959be2ac7e5dca3978c0b4eea33ec325a6b736653f0,"5.7"" (Inch)","5.7"" inches",720x1440 pixels,
ecd45de4aed095cc2432336239c0901fc4afc30b5418fe7a41ea93d66a30322f,"5.99"" (inch)","5.99"" inches",720x1440 pixels,
fa6f782fdd157df33246397095b59de051f3c14454f8f29f7624dab9acb51861,"5.45"" (inch)","5.45"" inches",720x1440 pixels,
c6e44ee37dc1489164c3b837e9f925f04242ec6745998cf8472cfd598cf2a85a,"5.93"" (inch)","5.93"" inches",1080x2160 pixels,
7eb62e816a9c2206ad1dd664773fdbd1d17b52c0027c4ed684e7b24c59af08f0,"OLED, 1B colors, 120Hz","6.78 inches, 111.5 cm2 (~91.2% screen-to-body ratio)",1224 x 2700 pixels (~437 ppi density),
072b3099882330412ede28502aef22fa9e0d79396c548f9c41859f3aa67933b0,"OLED, 1B colors, 120Hz, 1000 nits (peak)","6.67 inches, 107.9 cm2 (~90.7% screen-to-body ratio)",1080 x 2400 pixels (~444 ppi density),
aba2058141066f5f60f9545f128462ecba4b3e5e2ea6a005093a0976a0950651,IPS LCD,"6.09 inches, 91.0 cm2 (~79.2% screen-to-body ratio)","720 x 1560 pixels, 19.5:9 ratio (~282 ppi density)",
0c31f743af20e7d616a84d41698fe8c44dec6f1a12ad57685d588a8bc001e331,"6.26"" (inch)","6.26"" inches",720x1520 pixels,
ebd1dd52bb4cc36cdf946d74ea3dea158d55ab6f52d46941187c20a133eef707,"6.5"" (inch)","6.5"" inches",1080x2340 pixels,
2d46afa2bfe54d1f1bba5de3c857bbe2f4233f9c15050fc3940bf0e04b9e24f3,5.65 (inch),"5.65"" inches",1080x2160 pixels,
f11c9a6dd4f3a54f1e442dda8424d4b4a4f51f93dce7660aff670f754ed04f62,"AMOLED, 1B colors, 120Hz, HDR10+, 1600 nits (peak)","6.7 inches, 108.9 cm2 (~90.8% screen-to-body ratio)",1200 x 2664 pixels (~435 ppi density),
52cab8aebe1b782a63157b75b318a075551b3cedc061fe315d137e5129316f4c,"IPS LCD, 90Hz","6.7 inches, 108.7 cm2 (~89.6% screen-to-body ratio)",1080 x 2388 pixels (~391 ppi density),
74d952931aba24a918742ef830b0a695f3fb145cc9f00373b34e4eed5a3675f9,,"6.7 inches, 108.9 cm2 (~90.8% screen-to-body ratio)",o) Resolution,
2377750b66a3f7bb549d90cf3567aff36324999d7a6dc291adf6e4ad7371e5c4,IPS LCD,"6.39 inches, 100.2 cm2 (~82.4% screen-to-body ratio)","720 x 1560 pixels, 19.5:9 ratio (~269 ppi density)",
c08676efd14bc5a03f969f61452f913e50de80e01b6fc34f4b954b925df64d63,IPS LCD,"6.5 inches, 103.2 cm2 (~84.0% screen-to-body ratio)","1080 x 2340 pixels, 19.5:9 ratio (~397 ppi density)",
b9b82e21445057a54772597edfbd081b801390b7066972d84c65900e0a9fb81a,"LTPS IPS LCD capacitive touchscreen, 16M colors","6.59 inches, 106.6 cm2 (~84.7% screen-to-body ratio)","1080 x 2340 pixels, 19.5:9 ratio (~391 ppi density)",
69e18d2bc6a8b82184c1f8080b02185b409c4ac5a6f539b06f262b7bb63677ec,AMOLED,"6.39 inches, 100.2 cm2 (~84.8% screen-to-body ratio)","1080 x 2340 pixels, 19.5:9 ratio (~403 ppi density)",
db9b716825d411cd9b24815d09f624c78e5dd1f2d90bb856372d35e74c52c8df,"OLED, 1B colors, 120Hz, HDR10+","6.76 inches, 115.7 cm2 (~94.9% screen-to-body ratio)","1344 x 2772 pixels, 18.5:9 ratio (~456 ppi density)",
8c04c7289e0343b5844f3b9612daa79aa34e22c66297fdd7ce20f67c516d2cce,"OLED, 1B colors, 120Hz, HDR10+","6.76 inches, 115.7 cm2 (~94.9% screen-to-body ratio)","1344 x 2772 pixels, 18.5:9 ratio (~456 ppi density)",
429bd624d7f2aa82cda6d2c0322f644179f15a82c799867b6d880ccec4aaeac7,"IPS LCD, 120Hz","6.81 inches, 112.3 cm2 (~89.3% screen-to-body ratio)",1080 x 2388 pixels (~385 ppi density),
636d88abd4c4ddf11a25f8a1ca5d121f2124e7f0d9b7ce2539f249bef7c59910,"TPO OLED, 1B colors, 120Hz, HDR10+, 1800 nits (peak)","6.81 inches, 113.7 cm2 (~91.0% screen-to-body ratio)","1312 x 2848 pixels, 19.5:9 ratio (~460 ppi density)",
77aca7db655c739adecdabbc5b0c4512ac9dc928ba6aaac79a7920093b801d58,"LTPO OLED, 1B colors, 120Hz, Dolby Vision, HDR, 1600 nits (HBM), 5000 nits (peak)","6.8 inches, 112.8 cm2 (~91.6% screen-to-body ratio)","1280 x 2800 pixels, 19.5:9 ratio (~453 ppi density)",
8acb11e5c04b02795ea2d0f2303b8ab9b64d2891890f0ddeb245b7db760e99d4,6.74-inch TFT LCD,6.74-inch TFT LCD,"720 x 1600 pixels, 20:9 ratio (~260 ppi density)",
d93f4cd094461614477cc364155a3ce0cf3cc9a1b83dc3e91e30440948e8d5b7,6.74-inch TFT LCD,6.74-inch TFT LCD,"720 x 1600 pixels, 20:9 ratio (~260 ppi density)",
86c36d30448237000f7404feff2a0e68414e213994637b1133ddf8cef8890131,6.74-inch TFT LCD,6.74-inch TFT LCD,"720 x 1600 pixels, 20:9 ratio (~260 ppi density)",
5cfb000637314a974b735790523268dc11617964196dbb4d865af43b6adfb1d6,"IPS LCD capacitive touchscreen, 16M colors","5.71 inches, 81.4 cm2 (~78.1% screen-to-body ratio)","720 x 1520 pixels, 19:9 ratio (~295 ppi density)",
6ad97aed868c61df446f73ba792c3bd3237f6c4e0ef3ebf7a10827212cbddfc2,"IPS LCD capacitive touchscreen, 16M colors","6.57” inches, 97.4 cm2","1080 x 2340 pixels, 19.5:9 ratio 409 ppi density",
084400c80a9a3338b55844215bd543f243622ad7b5f7998d9198f5495165fb38,"OLED, HDR10","6.53 inches, 102.9 cm2 (~85.2% screen-to-body ratio)","1080 x 2400 pixels, 20:9 ratio (~403 ppi density)",
a61d978c6e53a76151ab16a4458cceeb3875a8e8061894b6d8f74201ea75bbbe,IPS LCD,"6.6 inches, 105.2 cm2 (~89.3% screen-to-body ratio)","1080 x 2400 pixels, 20:9 ratio (~399 ppi density)",
25cf27589d9bd8fd5bd0309f8af596ffa91c503251be880b3e1b861c1b777b00,"TFT LCD, 120Hz","6.77 inches, 110.2 cm2 (~85.9% screen-to-body ratio)","720 x 1610 pixels, 20:9 ratio (~261 ppi density)",
76216b8849ec0201732dda75bf99fe0c7a145c4378c320a891e72a7f20bee78c,"IPS LCD capacitive touchscreen, 16M colors","6.3 inches, 97.4 cm2 (~83.0% screen-to-body ratio)","1080 x 2340 pixels, 19.5:9 ratio (~409 ppi density)",
1c86fff918a5f4b0ee5bc80dfeec37427409dd896e6bb51bb13e99e9f0bb4065,"6.3"" (inch)","6.3"" inches",1080x2340 pixels,
54345d398025cbef2646b307245e1089effb3fb307dab9aa95913b8a454ba45f,"IPS LCD, 120Hz","6.67 inches, 108.1 cm2 (~89.5% screen-to-body ratio)",1080 x 2376 pixels (~391 ppi density),
4d49a7a70591e038ed8c2fc74da3b1fd791d053537763c0012e496432e984721,"IPS LCD capacitive touchscreen, 16M colors",6.3 inches,"1080 x 2400 pixels, 20:9 ratio",
746cedba2258dfe58e73bf388ebb994c1db8791a9724ca04a8da6a67f7183256,"IPS LCD capacitive touchscreen, 16M colors","6.57 inches, 104.7 cm2 (~84.9% screen-to-body ratio)","1080 x 2400 pixels, 20:9 ratio (~400 ppi density)",
fce3b85300e4276d5cacb1d68d83d4a77862ea7f7ab126c735c10928a30d2f21,"AMOLED, 1B colors, HDR10, 120Hz, 800 nits (peak)","6.72 inches, 110.4 cm2 (~91.1% screen-to-body ratio)","1236 x 2676 pixels, 19.5:9 ratio (~440 ppi density)",
8cdd04e9a42b17ecaf2853ae43661e5d33861af6a75b72e03bb70b6efcd34eb7,"IPS LCD capacitive touchscreen, 16M colors",6.67 inches,"1080 x 2400 pixels, 20:9 ratio",
1052202acc7ef03d331e273b57d1cc6f9140d3bad7f376bdc4b4229e586c15a6,"LTPS IPS LCD capacitive touchscreen, 16M colors",6.63 inches,"1080 x 2400 pixels, 20:9 ratio 397 ppi density",
c30d8becfd192dfbadaf88fb7e1adc9694e2817a191ced666d2b214e4e3ddc38,"LTPS IPS LCD capacitive touchscreen, 16M colors",6.63 inches,"1080 x 2400 pixels, 20:9 ratio 397 ppi density",
be4c521d60d758f89607f55e681a5ad542a2d89dac4ee591c030b97daa744c84,IPS LCD,"6.6 inches, 105.2 cm2 (~89.3% screen-to-body ratio)","1080 x 2400 pixels, 20:9 ratio (~399 ppi density)",
a16abfecfad1c1006a672e92d4af1573c2219f7c94b2d943b18615b088de439c,"IPS LCD, HDR10","7.09 inches, 125.5 cm2 (~84.7% screen-to-body ratio)","1080 x 2280 pixels, 19:9 ratio (~356 ppi density)",
150ffda17c2edb08e7b9eb044f903a5fa0c9233a543a5f899dcad3a4fbf7392d,"IPS LCD, 120Hz","6.81 inches, 112.3 cm2 (~89.2% screen-to-body ratio)",1080 x 2388 pixels (~385 ppi density),
0ba3052a5d988f0d3dcad6ecc4a3dd50a2b6bff9442733b665cb575cf4268343,"IPS LCD, 90Hz","6.7 inches, 108.7 cm2 (~89.1% screen-to-body ratio)",1080 x 2388 pixels (~391 ppi density),
0750cc095f9f6d30bb6c772dfbf24284a793b22eedd3d25252abc8dfe3cb52ac,"IPS LCD, 144Hz","6.81 inches, 112.3 cm2 (~89.2% screen-to-body ratio)",1080 x 2388 pixels (~385 ppi density),
5a899a03cea0ddb002728974e24856018f01539c0e4027e7fe77aa6d7b2ce427,"OLED, 1B colors, 120Hz","6.67 inches, 107.4 cm2 (~89.9% screen-to-body ratio)","1080 x 2400 pixels, 20:9 ratio (~395 ppi density)",
da0c9ba790cd2ed48db882a037951efb6d4135db8a16845620a111891d6775e7,IPS LCD,"6.7 inches, 108.7 cm2 (~89.6% screen-to-body ratio)",1080 x 2388 pixels (~391 ppi density),
af2dcd2317c51f6f1b73c19de255d67792d21994d623a4bd650322b33a531002,"TFT LCD,","6.56 inches, 103.4 cm2 (~84.3% screen-to-body ratio)","720 x 1612 pixels, 20:9 ratio (~269 ppi density)",
7d0ea799d84c713b2d5248093ba71f8c5c438de033573ee4b4df605e15f8b1e3,"TFT LCD, 90Hz","6.74 inches (109.7 cm²), ~85.3% screen-to-body ratio","720 × 1600 pixels, 20:9 ratio (~260 ppi density)",
f76e285eae5ab07fbedb9f56def4906b048cf944804f529d006de82866dc8000,"TFT LCD, 90Hz","6.74 inches (109.7 cm²), ~85.3% screen-to-body ratio","720 × 1600 pixels, 20:9 ratio (~260 ppi density)",
2b26be9103525abe60682955f9838fe883291d6209cc516030ced948119263b8,"TFT LCD, 90Hz","6.56 inches, 103.4 cm2 (~84.3% screen-to-body ratio)","720 x 1612 pixels, 20:9 ratio (~269 ppi density)",
3040a93bc4886334dcaccc3f8631a53046290d2d8c22de4889e0e77006dc4413,"PS LCD, 90Hz","6.74 inches, 109.7 cm2 (~84.8% screen-to-body ratio)","720 x 1600 pixels, 20:9 ratio (~260 ppi density)",
f36f8caadb51d5d29eafedc13574fd7946ea785b366b601c5d36e88a5a2592c1,"IPS LCD, 90Hz, 850 nits (peak)","6.8 inches, 111.3 cm2 (~87.3% screen-to-body ratio)","1080 x 2412 pixels, 20:9 ratio (~389 ppi density)",
258fd2e82dbf2c75cd63c1e0943a794e5720cb4751384b0cb29a633857fb5477,TFT LCD,"6.5 inches, 102.0 cm2 (~83.0% screen-to-body ratio)","720 x 1600 pixels, 20:9 ratio (~270 ppi density)",
3c0648577ba425dacaa7a1b83cb0512c37947e6f2e795e3108249d0b8924f117,"IPS LCD, 90Hz","6.7 inches, 108.7 cm2 (~89.1% screen-to-body ratio)",1080 x 2388 pixels (~391 ppi density),
fce3289ecd644af2deed34613dfc529951447a53666edbada7ac3c9b1de46fd2,"AMOLED, 90Hz, 1200 nits (HBM), 2000 nits (peak)","6.7 inches, 108.0 cm2 (~89.9% screen-to-body ratio)","1080 x 2412 pixels, 20:9 ratio (~394 ppi density)",
6af75994fd252847d5e3c3e50932c7d345fcdf616bdef3c417e266e945548642,"IPS LCD, 120Hz","6.81 inches, 112.3 cm2 (~89.2% screen-to-body ratio)",1080 x 2388 pixels (~385 ppi density),
df71342539f13646d8241e70a50d0af1e81f3f53849a9e299e7186d8433a3f22,"AMOLED, 1B colors, 120Hz, 800 nits (HBM)","6.67 inches, 107.4 cm2 (~89.9% screen-to-body ratio)","1080 x 2400 pixels, 20:9 ratio (~395 ppi density)",
d6bd746984752bc011a88abf1097771a32f28f07d787d93c8e568da2c096ed06,"AMOLED, 1B colors, 120Hz, 1200 nits (peak)","6.78 inches, 112.6 cm2 (~91.2% screen-to-body ratio)","1220 x 2652 pixels, 19.5:9 ratio (~431 ppi density)",
2d55f641556de08c3d4ccafb06f716dc46542c365e61e17d61958b14fa250cf0,"Super LCD5, 5.2 inches",5.2 inches,1440 x 2560 pixels,
673fcd3ae9c116d78632d79f612dd6f9db8c028c9278b2d5c2f738f40dce2d13,"Capacitive touchscreen, 16M colors",3.8 inches (~55.8% screen-to-body ratio),480 x 800 pixels (~246 ppi pixel density),
7a45bb210cbfa9466a47cb20c5f8a5ac955438e74d69e2ad52c737551c80815a,"Capacitive touchscreen, 16M colors",5.2 inches (~67.6% screen-to-body ratio),1440 x 2560 pixels (~565 ppi pixel density),
05974f7c44aabf1688b7386a917c3053275e93802b9083591e0bbd1fdcfc279b,"IPS LCD capacitive touchscreen, 16M colors","6.0 inches, 92.9 cm2 (~76.7% screen-to-body ratio)","720 x 1440 pixels, 18:9 ratio (~268 ppi density)",
51a9fd7f66af772c6234c3d8e327419e18e3403730ec6cd7a9d25e794b5ea4d4,"Super LCD capacitive touchscreen, 16M colors","5.2 inches, 73.2 cm2 (~68.7% screen-to-body ratio)","1080 x 1920 pixels, 16:9 ratio (~428 ppi density)",
d32bdd1f5d1df19833df52d02e06efa0d257ed41736ea9d49f71a9ee3e0d4736,"IPS LCD capacitive touchscreen, 16M colors","6.2 inches, 95.9 cm2 (~82.1% screen-to-body ratio)","720 x 1520 pixels, 19:9 ratio (~271 ppi density)",
3c01460d9f9bc1dc35b9e169c804c3e9d16bd6a96e5c30adbfd9774144af2709,"IPS LCD capacitive touchscreen, 16M colors","6.2 inches, 95.9 cm2 (~82.1% screen-to-body ratio)","720 x 1520 pixels, 19:9 ratio (~271 ppi density)",
1097396e08645581b95ec1f7dffd651461824bfe6fa2863fd8be82f00e127c83,"S-AMOLED LCD capacitive touch screen ,16M colors",6.57 inches,"1080 x 2340 pixels, 19.5:9 ratio 401 ppi density",
ed5e2f30fbbc49d34321def3c81eddfabce300143a50b14c0c925c5d5f85cab2,"Super LCD3 capacitive touchscreen, 16M colors",5.0 inches (~69.3% screen-to-body ratio),1080 x 1920 pixels (~441 ppi pixel density),
1bf2681ea04ac51bdc838add97cf1b3486adcc2b8d90bbb037eeac542648621f,"IPS LCD capacitive touchscreen, 16M colors","5.7 inches, 83.8 cm2 (~74.8% screen-to-body ratio)","720 x 1440 pixels, 18:9 ratio (~282 ppi density)",
905cc2b09c3a170d62ffceb2d76a9332cb37370a7adc7750c4cb1a5a2075dde5,"AMOLED capacitive touchscreen, 16M colors",4.3 inches (~58.7% screen-to-body ratio),540 x 960 pixels (~256 ppi pixel density),
dd11ca459a5d8b2fad11dd234294b68a5b33698c78be32b2bd3b7c4b0ffacd93,"Super IPS LCD3, 5.0 inches",5.0 inches,1080 x 1920 pixels,
17e83d311b28ea6cc578e486d8137f82b42582941ef3c90572ac30fb40bc79c7,"Super LCD3 capacitive touchscreen, 16M colors",5.2 inches (~68.6% screen-to-body ratio),1440 x 2560 pixels (~565 ppi pixel density),
c6a7aa8cf69431b58e7c1ccee4e2cc9cd9559dbb944352a9bb5a99bd4fad82f0,"Super LCD capacitive touchscreen, 16M colors","5.5 inches, 83.4 cm2 (~72.1% screen-to-body ratio)","1080 x 1920 pixels, 16:9 ratio (~401 ppi density)",
71e21484265c3b8ad928347a9928dce6a6e2dbbef785763cbd9a6bb890346038,"Super LCD6 capacitive touchscreen, 16M colors","6.0 inches, 92.6 cm2 (~78.0% screen-to-body ratio)","1440 x 2880 pixels, 18:9 ratio (~538 ppi density",
3715775de8681384ade40ed9add2b2ab04f988bb90634cf1ed4a4d7f310ebfb0,"Capacitive touchscreen, 16M colors","6.0 inches, 92.9 cm2 (~77.7% screen-to-body ratio)","1080 x 2160 pixels, 18:9 ratio (~402 ppi density)",
2d6d105e0923fdafacf6ce4f474ebacf8f4984f80866074db583ed83e00049db,"Super LCD6 capacitive touchscreen, 16M colors","6.0 inches, 92.9 cm2 (~80.3% screen-to-body ratio)","1440 x 2880 pixels, 18:9 ratio (~537 ppi density)",
fb2e9c089dd591ddd629dc13f05ca2f55d81bf0d79422dcb8917d300d4482b99,"OLED capacitive touchscreen, 16M colors","6.0 inches, 92.9 cm2 (~78.2% screen-to-body ratio)","1080 x 2160 pixels, 18:9 ratio (~402 ppi density)",
dc515a4665639994ddff32b6e46240d13332895094779f85e56746846c65415c,6.7 inches OLED 120HZ,"6,7 inches",1080 x 2400 pixels,
6101d31af9f83d84021370e46bb31057a4dd0abde2e034674fc577f0ba04be8d,IPS LCD,"6.53 inches, 104.7 cm2 (~82.4% screen-to-body ratio)","720 x 1560 pixels, 19.5:9 ratio (~263 ppi density)",
2a0443e867f666e66810995b0954c367ae265136d452c915cc804b518766add3,"IPS LCD capacitive touchscreen, 16M colors","6.2 inches, 95.9 cm2 (~81.7% screen-to-body ratio)","720 x 1520 pixels, 19:9 ratio (~271 ppi density)",
fa5ad4fba877945e5a3a6a71800a7fd0f9b65ef712123507eee19d84502961f4,"IPS LCD capacitive touchscreen, 16M colors",5.0 inches (~71.7% screen-to-body ratio),1080 x 1920 pixels (~441 ppi pixel density),
ce894bf6c8dc8c18bf8ba88cd08d41a3fae4611c79d732986eb6e5ce540e07a0,"AMOLED capacitive touchscreen, 16M colors","6.3 inches, 95.8 cm2 (~83.2% screen-to-body ratio)","1080 x 2400 pixels, 20:9 ratio (~418 ppi density) 600 nits",
36cbaa08e91731625a64bcfeebf877336e67bef99cdcd76cd4497435ec002241,IPS LCD,"6.67 inches, 107.4 cm2 (~84.3% screen-to-body ratio)","1080 x 2400 pixels, 20:9 ratio (~395 ppi density)",
a24accb98f43473cecfc90d4f804fcfaac701b1d6ae65c0824f064643b2fd585,"IPS LCD capacitive touchscreen, 16M colors",6.81 inches,"1080 x 2400 pixels, 19.5:9 ratio 386 ppi density",
b4f11b35512438beeabe54a7b008979cb8bed0fa59fbb6c6c06d385a1603a89b,"IPS LCD capacitive touchscreen, 16M colors",5.5 inches (~72.6% screen-to-body ratio),1080 x 1920 pixels (~401 ppi pixel density),
b547a8ba2bdeff1458def538c6037462205b1b41f5384f186c2049a622fd29ad,"IPS LCD capacitive touchscreen, 16M colors","5.0 inches, 68.9 cm2 (~67.5% screen-to-body ratio)","720 x 1280 pixels, 16:9 ratio (~294 ppi density)",
d375de2e795a24a6d3d6bed176174a60720947b7d28a8d89a9d3721fed2e9f2c,"IPS LCD capacitive touchscreen, 16M colors","5.99 inches, 92.6 cm2 (~76.3% screen-to-body ratio)","720 x 1440 pixels, 18:9 ratio (~269 ppi density)",
a71773ab01b8bc4bbb45f2ba327d4fc481c4082681af700887679bc4fcc7a956,"IPS LCD capacitive touchscreen, 16M colors",5.2 inches (~73.9% screen-to-body ratio),1080 x 1920 pixels (~424 ppi pixel density),
9280f11728a439fae76b64a184d75b0b8f43a53e8981f715091abe3ec9adbc7f,"LTPS IPS LCD capacitive touchscreen, 16M colors","5.7 inches, 89.6 cm2 (~73.6% screen-to-body ratio)","1440 x 2560 pixels, 16:9 ratio (~515 ppi density)",
c29e3470ee916ab6ff69d745545769de3e5270918dd4249566b8ee4f45b98c28,"AMOLED capacitive touchscreen, 16M colors","6.39 inches, 100.2 cm2 (~84.8% screen-to-body ratio)","1080 x 2340 pixels, 19.5:9 ratio (~403 ppi density)",
4e085d391f1313c7036106f6a7e6f28e4e35311a53cc02b7600e0ee44928c8fc,"Super AMOLED capacitive touchscreen, 16M colors","6.95 inches, 122.6 cm2 (~81.5% screen-to-body ratio)","1080 x 2220 pixels, 18.5:9 ratio (~355 ppi density)",
2343e8fc774e60266e805d3bc817c1793ec5965e25afc8633667eeddb54a87a6,"OLED capacitive touchscreen, 16M colors","6.3 inches, 95.8 cm2 (~83.2% screen-to-body ratio)","1080 x 2400 pixels, 20:9 ratio (~418 ppi density)",
5d50528105cce2da030746a71d28473ceee6d61f1cb0afcd000ce9469bdef86c,"IPS LCD capacitive touchscreen, 16M colors","6.4 inches, 101.4 cm2 (~85.7% screen-to-body ratio)",1080 x 2310 pixels (~398 ppi density),
9d1a13f539d4a21870cbd433ad25e4e2fda127cc658d89731d3abbe4b3e86619,"5.9"" (inch)","5.9"" inches",1080x2160 pixels,
d9d1582b47a4b1d7d529e6e987c2e0e93674191fa7b64a1ef196662a88cf47a2,"OLED, HDR10","6.0 inches, 92.9 cm2 (~80.9% screen-to-body ratio)","1080 x 2160 pixels, 18:9 ratio (~402 ppi density)",
f0184a4ce777afdf818d6c344d326255d519e5c99d5aa9b4683da1128cf69b78,"IPS LCD capacitive touchscreen, 16M colors","6.53 inches, 107.5 cm2 (~88.0% screen-to-body ratio)","1080 x 2244 pixels, 18.7:9 ratio (~381 ppi density)",
097c1ef4e62c9c96384979197d89d2e3b1b13a068949ed9ed0ed731f26273822,"6.39"" (inch)","6.39"" inches",1440x3120 pixels,
6702bea874813cc31cbc4d5000441a396d6bc4da7fac7408f2fea8c5cbde4fd5,"OLED capacitive touchscreen, 16M colors","7.2 inches, 130.7 cm2 (~87.6% screen-to-body ratio)","1080 x 2244 pixels, 18.7:9 ratio (~346 ppi density)",
f18ee3a180a20f82b7fdb83a0fccf94eb0cc46cac57fb244916c21564fd7a03f,"AMOLED capacitive touchscreen, 16M colors","7.2 inches, 130.7 cm2 (~87.6% screen-to-body ratio)","1080 x 2244 pixels, 18.7:9 ratio (~346 ppi density)",
0cd3c7efdf1c90c8e3ee6c58af07c30fceca8c15233c8d115cd214f111f9162c,OLED,6.62 inches,FHD+ 2340 x 1080,
7b1e456780e4ee5cc9d7aba354293b154e21a0b40df108cdfa8e90f4a838fadf,"IPS LCD capacitive touchscreen, 16M colors","6.3 inches, 84.2% screen-to-body ratio","1080 x 2340 pixels, 19.5:9 ratio",
dc267e58bc5022b696c27d89032e55677287e2b05b80e369dedc0e8b0e46c315,"OLED, HDR10, 90Hz","6.76 inches, 115.7 cm2 (~94.1% screen-to-body ratio)","1344 x 2772 pixels, 18.5:9 ratio (~456 ppi density)",
80a7c3a79cf4f12b791a9a1bca6687dbdffd881cda1ca90ec8264308c12dc405,"OLED, HDR10, 90Hz","6.5 inches, 102.7 cm2 (~89.3% screen-to-body ratio)",1080 x 2376 pixels (~402 ppi density),
38de3666bfb144eff80b65071096c4182f41255e21e9364885867e5e2fef502c,"IPS-NEO LCD capacitive touchscreen, 16M colors",6.0 inches (~78.0% screen-to-body ratio),1080 x 1920 pixels (~368 ppi pixel density),
2263cdd631bf2b5c9c71755b5b15c40a305fed37f1a3e97cb88aaf2a009a6017,IPS Display,Yes,Yes,
e0fdeebc691b806683d5d67c7415fae2b2f4b2d7b408e1e5c2044d2b8670ac53,"8.0"" (inch)","8.0"" inches",2200x2480 pixels,
9cd9d6243d767943f0d53d83cce09362283df359cfd565d9ea26f1a3cde4acce,"AMOLED capacitive touchscreen, 16M colors",5.7 inches (~71.4% screen-to-body ratio),1440 x 2560 pixels (~518 ppi pixel density),
81dec6e0cffd9f704c68b494107ae1ee1c30f33d035b8074c2c3dc7c9ccd06c4,"OLED, 1B colors, 120Hz, HDR10","6.67 inches, 107.4 cm2 (~89.6% screen-to-body ratio)","1080 x 2400 pixels, 20:9 ratio (~395 ppi density)",
e9faa2465079171b827b801b0a4cd16103858b85eec4bed3082de4b9909ba0b3,"OLED, 1B colors, HDR10, 120Hz","6.78 inches, 111.4 cm2 (~91.1% screen-to-body ratio)",1200 x 2652 pixels (~436 ppi density),
c261ff4a1ad55db46069e2695f7b88d2d64060727638aa805b9d5f5bca41656d,IPS LCD,"6.6 inches, 105.2 cm2 (~89.3% screen-to-body ratio)","1080 x 2400 pixels, 20:9 ratio (~399 ppi density)",
a8e0d9906f463aa25493f41f3cf11fdad7b0533839cdbae1bb0a9a62003e693c,"LTPS IPS LCD capacitive touchscreen, 16M colors","5.5 inches, 83.4 cm2 (~72.3% screen-to-body ratio)","1080 x 1920 pixels, 16:9 ratio (~401 ppi density)",
ce52e9bf47630c5fa52e76a7b8c1d8290422dd5acc5b7dc472af5f7565a8a112,"LTPS IPS LCD capacitive touchscreen, 16M colors","5.0 inches, 68.3 cm2 (~69.7% screen-to-body ratio)","1080 x 1920 pixels, 16:9 ratio (~443 ppi density)",
154566deff2ab612b0374345c2e0c0960273f6665c3557e9ffd76390a9a07906,"6.3"" (inch)","6.3"" inches",1080x2340 pixels,
8ee24e989a2e6b5ce7fa45ce5e096b2dab471db838ecbd2e2ec105ffe95c7821,"6.3"" (inch)","6.3"" inches",1080x2340 pixels,
26aa214d617bc57126839395890bf54bf6f760edd72e098ec90f81743038ad30,"IPS LCD capacitive touchscreen, 16M colors","6.4 inches, 101.4 cm2 (~86.0% screen-to-body ratio)",1080 x 2310 pixels (~398 ppi density),
9addc6db67c550f1a7beb47c886362c0dbe550dad39257df4228be4a8fab3ae8,"IPS LCD capacitive touchscreen, 16M colors","6.15 inches, 93.6 cm2 (~84.2% screen-to-body ratio)",1080 x 2312 pixels (~415 ppi density),
b1ba2efccb14a30a652fd23add0a27286319d952124e1145f0df950069b23cc8,"OLED capacitive touchscreen, 16M colors","6.39 inches, 100.2 cm2 (~85.1% screen-to-body ratio)","1080 x 2340 pixels, 19.5:9 ratio (~403 ppi density)",
269a8f1cafefade2cdea48990e39b530090d7c1aab961ddfb10ea8eaf465b62b,"IPS LCD capacitive touchscreen, 16M colors","6.26 inches, 96.2 cm2 (~84.2% screen-to-body ratio)","1080 x 2340 pixels, 19.5:9 ratio (~412 ppi density)",
7d7dd0aa2685694319adc00022f330aec86204c2c96f4c44183316323326fb61,6.26 Inches,6.26 Inches,1080 x 2340 Pixels (~412 PPI),
2284f65a14eb6fe0b5648c418f5cfadc8040ecdf5d9dbaf4bbdb48af4c9bae35,"OLED capacitive touchscreen, 16M colors",6.39,"1080 x 2400 pixels, 19.5:9 ratio",
4f5278df614838eccda79915ad15f3d66470ef4e7d2d74f1055f13d5f617ef4e,6.4 Inches,6.4 Inches,1080 x 2310 Pixels (~398 PPI),
3f4b1b319a801ac665f2b00d1c7f7ae1edf20d43186c0e4e16741db7d08c028e,OLEDOLED,"6.53 inches, 102.9 cm2 (~86.3% screen-to-body ratio)","1080 x 2400 pixels, 20:9 ratio (~403 ppi density)",
f128b08a334cbc0774b2d25971a91cceeae72347642323aca1b9556acee4d0f0,"LTPS IPS LCD capacitive touchscreen, 16M colors",6.69 inches,"1080 x 2400 pixels, 20:9 ratio",
342812a72531653d3494e5ff045b8d061f45ba54f70b0fb7563ae47b08c4126d,"OLED capacitive touchscreen, 16M colors","6.57 inches, 106.0 cm2 (~89.6% screen-to-body ratio)","1080 x 2340 pixels, 19.5:9 ratio 392 ppi density",
25c4c7ad7a31e31c1c433723045460d7d364c47652af6fbac96e8234a2a53ad9,IPS LCD,"6.67 inches, 108.1 cm2 (~89.4% screen-to-body ratio)",1080 x 2376 pixels (~391 ppi density),
d92a76ca98a993cb1e550c8c78ed5d740be4044d80cbc269fa716a38b1700345,"OLED, 1B colors, HDR10, 120Hz","6.72 inches, 110.9 cm2 (~91.2% screen-to-body ratio)","1236 x 2676 pixels, 19.5:9 ratio (~439 ppi density)",
f728159e45e2e5784db241ea10e7b3e63bdc3840daa23db94bb398f6cf23c13d,"OLED, 1B colors, HDR10, 120Hz","6.72 inches, 110.9 cm2 (~91.2% screen-to-body ratio)","1236 x 2676 pixels, 19.5:9 ratio (~439 ppi density)",
f74baa4f4f10e609ff084648e797cffd2812f0bdc358a25915dd914e5a523723,"IPS LCD capacitive touchscreen, 16M colors",5.0 inches (~70.6% screen-to-body ratio),1080 x 1920 pixels (~441 ppi pixel density),
40b6aa6ae76cb93838fb217dd2a5f2a7534f1c653df44ff315c182b1e691a3f4,IPS LCD,"6.52 inches, 102.6 cm2 (~82.4% screen-to-body ratio)","720 x 1600 pixels, 20:9 ratio (~269 ppi density)",
c26707da4088b41b5da51a7cbeee5376170d882616cc8746827abc46ca71cea2,IPS LCD,"6.75 inches, 110.0 cm2 (~84.1% screen-to-body ratio)","720 x 1600 pixels, 20:9 ratio (~260 ppi density)",
0c842c6df218b44fd20a628f753f1074a7393debb9a124a39a5b4f3bf2966a66,"IPS LCD, 90Hz","6.7 inches, 108.7 cm2 (~89.1% screen-to-body ratio)",1080 x 2388 pixels (~391 ppi density),
75fb10cd796d19ecddbb332808be6a45bcc914e522473339f7bf33e80bbd98ae,"LTPS IPS LCD capacitive touchscreen, 16M colors","6.59 inches, 106.6 cm2 (~84.7% screen-to-body ratio)","1080 x 2340 pixels, 19.5:9 ratio (~391 ppi density)",
6e4135b0f30b90ac20472bc724f2afd784a542184b62b02a98083dcf28bf7237,"OLED capacitive touchscreen, 16M colors",6.3 inches,"1080 x 2400 pixels, 20:9 ratio 418 ppi density",
4f0280116f24a2334439162e97c08cabbe12595ec6046d8004d3ed795f8b5cb5,"5.65"" (inch) Full HD","5.65"" inches",1080x2160 pixels,
8e966901430b44cceebdad664b8e5db9b54a4073ac3d3ab3c681fc0cdf4da58f,"LTPS IPS LCD capacitive touchscreen, 16M colors",5.2 inches (~70.7% screen-to-body ratio),1080 x 1920 pixels (~424 ppi pixel density),
851b44e09dd49a696a4cddb965a81e1384e3ad3a1be7e788c5f1e4867c5d933b,"IPS-NEO LCD capacitive touchscreen, 16M colors",5.5 inches (~71.6% screen-to-body ratio),1440 x 2560 pixels (~540 ppi pixel density),
bfc458e8b4117e7365dae878584abf4ca032343b62d16203b38b1bab585f0c63,"IPS-NEO LCD capacitive touchscreen, 16M colors",5.1 inches (~71.2% screen-to-body ratio),1080 x 1920 pixels (~432 ppi pixel density),
baf60c61b091f763a7fd198121c3315442851111fd4e4f06ff93171e084839b2,"5.84"" inches","5.84"" (inch)",1080x2280 pixels,
b60d12633ed24e113989f8d369970ecb1af5eaecc3624e7cb065a6ddb31e6182,"6.1"" (inch)","6.1"" inches",1080x2240 pixels,
121d7bf7943594396516cb023dcdfbd509029314a0c40ebe773af2833a923048,"5.8"" (inch)","5.8"" inches",1080x2240 pixels,
52297bd2c3b33f5828b358ceb00bff3216c20ca9c047baa1fd90a421430089a1,"IPS LCD capacitive touchscreen, 16M colors","6.15 inches, 93.6 cm2 (~84.2% screen-to-body ratio)",1080 x 2312 pixels (~415 ppi density),
74aa3797dc85f4e42eb650610f16cb423e83debb966e7531eccb5283c5eb16fd,"OLED capacitive touchscreen, 16M colors","6.1 inches, 91.3 cm2","1080 x 2340 pixels, 19.5:9 ratio (~422 ppi density)",
fed575495d17ddfb464602fbd77caaae0977062395ce1b31518d65c6ffd7e5db,"OLED capacitive touchscreen, 16M colors","6.47 inches, 102.8 cm2 (~88.6% screen-to-body ratio)","1080 x 2340 pixels, 19.5:9 ratio (~398 ppi density)",
e4a7bb072bf4c46100df74ab35e35f6ca5cde912cd6ff0c6436a92fa87f63ae8,"OLED capacitive touchscreen, 16M colors","6.47 inches, 102.8 cm2 (~88.6% screen-to-body ratio)","1080 x 2340 pixels, 19.5:9 ratio (~398 ppi density)",
5327499e773f092bb6a3ab00ccdb0c228a4fc883809c3428f179db4d4f58ef2e,OLED,"6.1 inches, 91.3 cm2 (~86.3% screen-to-body ratio)","1080 x 2340 pixels, 19.5:9 ratio (~422 ppi density)",
214f611de0df4c95bf058a0bad2088e86d1bd6c6c72d9dcba443e0f96ae8324d,"Super AMOLED capacitive touchscreen, 16M colors",6.5 inches,"1080 x 2400 pixels, 20:9 ratio",
9b19b4cfeea62385d737b7200fd2a2396982db95d975553536c8c29e2ef2697c,"AMOLED capacitive touchscreen, 16M colors",6.5 inches,1080 x 2400 pixels,
fbdb91777cedae382c3b3054043d74c36f600cb3cb603d8e09c1b7d13765b902,"OLED, 1B colors, 120Hz","6.6 inches, 105.4 cm2 (~91.2% screen-to-body ratio)",1228 x 2700 pixels (~450 ppi density),
f234d2e49eb99781ad9d6464bca4cf327c0725ac7c1879255ba8fb185c2095f4,"OLED, 1B colors, 120Hz","6.6 inches, 105.4 cm2 (~91.2% screen-to-body ratio)",1228 x 2700 pixels (~450 ppi density),
5247464fb9ac5971dc1b9ed537b9c4571690a19a985be86ed1c8c1cad856c646,"LTPS IPS LCD capacitive touchscreen, 16M colors",6.8 inches (~74.1% screen-to-body ratio),1080 x 1920 pixels (~326 ppi pixel density),
9597b3b672d8d91d3b9f856c7976fd7944eb24cd9febc1fa07bd2fd2e5b56bf4,IPS display,"10.4 inches, 307.9 cm2 (~81.6% screen-to-body ratio)","1200 x 2000 pixels, 5:3 ratio (~224 ppi density)",
4e426a7fcf0871c2d43a07906f171f7f3071bec3d039bd09863f0b3d8b561017,"IPS-NEO LCD capacitive touchscreen, 16M colors","5.2 inches, 74.9 cm2 (~72.9% screen-to-body ratio)","1080 x 1920 pixels, 16:9 ratio (~423 ppi density)",
5ee9bff9f8b6d6d9a5ad71a10ee12a3c4483c4183af4dbf7cdca320ca6a5f523,"IPS LCD capacitive touchscreen, 16M colors","7.12 inches, 127.8 cm2 (~83.5% screen-to-body ratio)","1080 x 2244 pixels, 18.7:9 ratio (~350 ppi density)",
673064675f617cad98f29094384e7e52d2b954c3fb4cf611b3f0650dcd8fc295,"5.45"" inches",5.45 (inches),720x1440 pixels,
a96ac9cc201b9b96124fbb814a76f2c07517d591a01cb8ef904dd5f70381bf96,"LTPS IPS LCD capacitive touchscreen, 16M colors",6.4 inches,"1080 x 2240 pixels, 18.7:9 ratio",
acd97a0dfd3608052b9b76e4c59899fb32f14404bf42eb50e6659a96940540a9,"6.26""","6.26"" inches",720x1520 pixels,
24a89503670df9314fd6d199646b61ee55bf898abe8381492cc81871d61679b0,IPS LCD,"6.67 inches, 107.4 cm2 (~84.3% screen-to-body ratio)","1080 x 2400 pixels, 20:9 ratio (~395 ppi density)",
f6097d01e262e91ae05c6c94f0c4e1d4c0721e852f7ef34a35fd833ddcd0e9f8,"IPS LCD capacitive touchscreen, 16M colors","6.39 inches, 100.2 cm2 (~82.4% screen-to-body ratio)","720 x 1560 pixels, 19.5:9 ratio (~269 ppi density)",
16dc132f32dc6f3d714a031c1f30a45242115e7ac618efb723fe69103b54f6b0,"IPS LCD capacitive touchscreen, 16M colors","6.5 inches, 103.7 cm2 (~82.8% screen-to-body ratio)","1080 x 2340 pixels, 19.5:9 ratio (~396 ppi density)",
2c51ce85dd7764432bcb15dcdb85d4a44858adec5fe08012c0647ebf4965f54f,"IPS LCD Capacitive Touchscreen, 16.7M Colors","6.59 inches, 106.6 cm2 (~84.3% screen-to-body ratio)","1080 x 2340 pixels, 19.5:9 ratio (~391 ppi density)",
0d7e10e8aec27fa6190efb0d9b9188422941fcf4b1bb9003f1d140ccabd13a26,"6.5"" (inch)","6.5"" inches",1080x2340 pixels,
6dd52806c7f26772668b3a69ae059f404b1de45a0839a6af2ac6632da3a81c16,"IPS LCD capacitive touchscreen, 16M colors","6.63 inches, 106.1 cm2 (~84.8% screen-to-body ratio)","1080 x 2400 pixels, 20:9 ratio (~397 ppi density)",
2317ddd668f3e0b66b63806d56f5dbb4c8a706e3f2449832f58b64cedc333fcf,"LTPS IPS LCD Capacitive Touchscreen, 16M Colors, Multitouch",6.59 Inches,1080 x 2340 Pixels (~391 PPI),
5e3c56dd6e8be454b07b0dc71c354f265c63aff73581ba5f57ea71a5a0664a72,,,,
932022faf41be2a550e9d68d16a99d73ab09635fecce1dbfc9ac0b2765cdf774,"AMOLED, 1B colors, 120Hz, 900 nits (peak)","6.67 inches, 107.4 cm2 (~87.0% screen-to-body ratio)","1080 x 2400 pixels, 20:9 ratio (~395 ppi density)",
6f185242ce900f58a1fc0f222f6ea8cf010992a3cefb437c7479ad5ac00845cc,"AMOLED Capacitive Touchscreen, 1B, Multitouch",6.78 Inches,1080 x 2436 Pixels (~393 PPI),
fff46647414199bfe43e10274c3235655dc75f3701231966b9c01fd6d06c5493,IPS LCD Capacitive Touchscreen,6.82 (Inches),720 x 1640 (Pixels),
bc9aa6f61d29b09e0d7b865abf3dac96ead8083042d37f3a8b53dd036da48244,IPS LCD Capacitive Touchscreen,6.82 (Inches),720 x 1640 (Pixels),
f28329b89503c429b6df0f2ee76d30917ba77fa67ab0b1e2297f9b41ea6efd37,IPS LCD Capacitive Touchscreen,6.5 (Inches),720 x 1600 (Pixels),
6a9413ef852932d376d6880e1135c15e10180a700d66f1d7b6eec49d6a6abd34,"IPS LCD, 90Hz","6.82 inches, 110.5 cm2 (~83.1% screen-to-body ratio)",720 x 1640 pixels (~263 ppi density),
f893a3adeb9872d2bd51a88b1b8b528f1839d10fbff8d9ba5d7e4b5ad1753d3b,IPS LCD Capacitive Touchscreen,6.6 (Inches),1080 x 2408 (Pixels),
89cf3041d346c32f74bef850b466c853218bea0779fd2694211b57b82b411f6c,IPS LCD Capacitive Touchscreen,6.6 (Inches),1080 x 2408 (Pixels),
ba363d677074283d6c00ff41b51384a6405a9df04c9dd50a7402977f7ef38411,IPS LCD Capacitive Touchscreen,6.82 (Inches),720 x 1640 (Pixels),
0971c72cbeebcbf2c03a47cc8252331c2f976bf39fe90d662d384ab6fc62933c,"IPS LCD, 90Hz, 500 nits (peak)","6.78 inches, 108.6 cm2 (~83.5% screen-to-body ratio)",1080 x 2480 pixels (~399 ppi density),
66a36d4c06a85e1e94c67c334675f94b1edca5dd591d3c547858ad9af6853829,"IPS LCD, 90Hz","6.82 inches, 111.7 cm2 (~84.5% screen-to-body ratio)","720 x 1612 pixels, 20:9 ratio (~259 ppi density)",
6df2b684dfc3bbb87c9e9364dca93aab7576fec1afabc55b5257257b2a7fbf0f,"IPS LCD, 90Hz","6.6 inches, 104.6 cm2 (~84.1% screen-to-body ratio)","720 x 1612 pixels, 20:9 ratio (~267 ppi density)",
be0a3468adbf596888de6a670b9c2ba9eeb563e2ccf1ba7362bbc6c48da6188e,IPS LCD Capacitive Touchscreen,6.80 (Inches),720 x 1640 (Pixels),
227a3939a620e42cff74158ea56ec0a21567c10d52e325747ddba536f8b679f4,"IPS LCD, 90Hz, 500 nits (peak)","6.82 inches, 110.5 cm2 (~82.8% screen-to-body ratio)",720 x 1640 pixels (~263 ppi density),
a5f597b07e62516dc98cb4502dd9d33c793227b63e9a3c3c7c7fcf4631cc88a2,"IPS LCD, 120Hz, 500 nits","6.78 inches, 109.2 cm2 (~84.3% screen-to-body ratio)",1080 x 2460 pixels (~396 ppi density),
0d97d7dc1af2715dc85f6e017d2e54fc40200e2114ea05ceea9578c58c2c874f,"IPS LCD Capacitive Touchscreen, 16M Colors, Multitouch",6.8 Inches,1080 x 2408 Pixels (~387 PPI),
6da9f32a44085add77c2436692e76b16ec46fe9be7bed109d9f9ad249cbfc909,"IPS LCD Capacitive Touchscreen, 16M Colors, Multitouc",6.56 Inches,720 x 1612 Pixels (~269 PPI),
869711eec8ea183185c4142eaa211c8b74be40633081597aa7a0794f616dcad1,"HD Display, 16M colors, Multitouch","5.5 Inches, 720 x 1280 pixels",Yes,
d3d2e65599cfcba7c67a4716b76f2c7738b88bf51a918ee97e9c141b696cc691,"HD Display, 16M colors, Multitouch","5.5 Inches, 720 x 1280 pixels",Yes,
901fdcf7f07167e8c27fc22d64217dd1c242b13d466029b79b2ec0ae19ed62a2,"IPS LCD capacitive touchscreen, 16M colors",5.5 Inches,Yes,
b4a41656814d4ed2efbdda8b916ced1d35f161f3f1de8c86142aa4810388255f,"AMOLED Capacitive Touchscreen, 1B Colors",6.78 Inches,1080 x 2436 Pixels (~393 PPI),
3eb0527255bac7f6b37b50b57fbef9bbc023fb0f994b2a53a5b56cc1f4e7fb84,"IPS LCD, 120Hz, 480 nits (typ)","6.7 inches, 108.4 cm2 (~84.8% screen-to-body ratio)","720 x 1600 pixels, 20:9 ratio (~262 ppi density)",
52a701a365b1d0a1958f6dde89ba42570ca51a75bba96555d6caf1fd652c54df,"IPS LCD, 120Hz, 500 nits (peak)","6.7 inches, 108.4 cm2 (~84.8% screen-to-body ratio)","720 x 1600 pixels, 20:9 ratio (~262 ppi density)",
8c3f53f81b3298e4e960c8ebf32b5f3eb54c539eb330a18718e8f10d19e52d49,AMOLED Capacitive Touchscreen,6.78 inches,1224 × 2720 pixels (~440 PPI),
5e9c3a336640be77c4d45fcba1992e5e0b925e2639c08556cb218c4d999e3227,AMOLED Capacitive Touchscreen,6.78 inches,1224 × 2720 pixels (~440 PPI),
c70ba01debcc518919d7e7a2970540c1df06b9998974f397390907b80cd6bbb1,"IPS LCD capacitive touchscreen, 16M colors","6.2 inches, 96.7 cm2 (~82.2% screen-to-body ratio)",720 x 1500 pixels (~268 ppi density),
da2879e9dc6f0f0882d237d0cee3eda310b956386fd94411d10df97980fd2beb,"IPS LCD capacitive touchscreen, 16M colors","6.2 inches, 99.2 cm2 (~83.5% screen-to-body ratio)","720 x 1440 pixels, 18:9 ratio (~260 ppi density)",
e7e01705d9f405ecbc7d37e63fcfd3c0c78d1319bdcf5c3dd990bb472206000a,"IPS LCD capacitive touchscreen, 16M colors","6.2 inches, 95.9 cm2 (~82.8% screen-to-body ratio)","720 x 1520 pixels, 19:9 ratio (~271 ppi density)",
8843e4dc022eaf5807c7589dec0bf77bb89b02b1cea004ebaca2a8e731765b2c,"IPS LCD Capacitive Touchscreen, 16M Colors, Multitouch",6.5 Inches,720 x 1560 Pixels (~264 PPI),
3e9545e6f10a539ac2301f4f221358dc0d863747e0a7a6495b913bb1c2814604,IPS LCD,"6.82 inches, 110.5 cm2 (~82.4% screen-to-body ratio)",720 x 1640 pixels (~263 ppi density),
916ad19da52f7931548769b1eeffbc12810494933ab5969232d6b468a1388b48,"LTPS IPS LCD Capacitive Touchscreen, 16M Colors, Multitouch",6.2 Inches,720 x 1500 Pixels (~268 PPI),
b044484bc5f517f9e4e059dbb2d26b12852393e811573b87f7e717021014f6e0,IPS LCD Capacitive Touchscreen,6.95 (Inches),1080 x 2460 (Pixels),
4d96905f7308a17982ba846a82671250a31f8ecd4ed2b2a70a3323460275295c,IPS LCD Capacitive Touchscreen,6.95 (Inches),1080 x 2460 (Pixels),
adf83687ca5db66eb2a249a8277f881f5f22d94dd9d60bd14d61ea9ceb58ae39,IPS LCD Capacitive Touchscreen,6.95 (Inches),1080 x 2460 (Pixels),
a109539ad5965f0b365993e98e9ceb53ea43f04c05b2cb07214dea5231243975,IPS LCD Capacitive Touchscreen,6.95 (Inches),1080 x 2460 (Pixels),
482bd0cad2f26720a18a6e55b87bdad80d67a2b691808c4927cdb5f6d1a7a11f,IPS LCD,"6.95 inches, 114.7 cm2 (~84.2% screen-to-body ratio)",1080 x 2460 pixels (~387 ppi density),
1b099dac9b692c23756bf6d74788cfd33633abd2424d490bbbff2c8047eaf903,AMOLED,"6.7 inches, 108.4 cm2 (~85.7% screen-to-body ratio)","1080 x 2400 pixels, 20:9 ratio (~393 ppi density)",
0de6dd7deaf31889405fcaae4818aaf1a183e024a2d69a0d2cd2751895320aa0,AMOLED,"6.7 inches, 108.4 cm2 (~85.6% screen-to-body ratio)","1080 x 2400 pixels, 20:9 ratio (~393 ppi density)",
c063ac0aaec3b6169af0ef225d8d18ad20288e8a2b188bdc8d4cd373eb584687,"AMOLED, 1B colors, 120Hz, 700 nits (peak)","6.7 inches, 108.4 cm2 (~86.4% screen-to-body ratio)","1080 x 2400 pixels, 20:9 ratio (~393 ppi density)",
3cc4053220c07017dbb86287cfb9359cbe7608ac1eeacd7ef199138a0caf3b69,"IPS LCD, 90Hz","6.82 inches, 110.5 cm2 (~83.6% screen-to-body ratio)",720 x 1640 pixels (~263 ppi density),
4cb5d062aab369d91dbf53ff6273fef0bb256a85a76d0728259e419c2d34e86e,"3D Curved AMOLED Capacitive Touchscreen, Multitouch",6.78 Inches,1080 x 2436 Pixels (~393 PPI,
14b13d14396e4bccf4cad5b9b3dd311706ed7ad0767ad09c2f2badf02edce11d,"LTPS IPS LCD capacitive touchscreen, 16M colors","6.0 inches, 92.9 cm2 (~78.4% screen-to-body ratio)","1080 x 2160 pixels, 18:9 ratio (~402 ppi density)",
e3f65694a80bba18bbd9ac16a60937af4c66b88461f472331b12e566da6e81a3,"AMOLED capacitive touchscreen, 16M colors","6.01 inches, 93.2 cm2 (~81.1% screen-to-body ratio)","1080 x 2160 pixels, 18:9 ratio (~402 ppi density)",
833445777bfcb7b8c392fd902ea336ca5c9a4bcda59cc33ec69cd15ad30152ad,"IPS LCD capacitive touchscreen, 16M colors","6.6 inches, 105.2 cm2 (~82.8% screen-to-body ratio)","720 x 1600 pixels, 20:9 ratio (~266 ppi density)",
857a9cfdadfdb60836b1a09075e972c00d091a8b11e1bc0f4464f1f12d6ba614,"IPS LCD capacitive touchscreen, 16M colors","6.95 inches, 114.7 cm2 (~83.7% screen-to-body ratio)",720 x 1640 pixels (~258 ppi density),
d6ea3ecbd1da709f72691b074a471962dc641b91b298368a537fcd74af3ea2f3,IPS LCD Capacitive Touchscreen,7 (Inches),720 x 1640 (Pixels),
4c708285a5bf0c207e7f98036b4ac2a0c29fe20130e659c0a9f24de3132c9efa,IPS LCD Capacitive Touchscreen,6.8 (Inches),720 x 1640 (Pixels),
bb7fd615fa628ef8090cead86ab0feb5658d53f806f13ae9534ad1fe5246786a,6.78 inches,6.78 inches,1.5K (1208 × 2644),
8c1fbe226fe91fb710483fc690f2476418c0789bf4b8c37c4284c3cf2193b6ba,"IPS LCD capacitive touchscreen, 16M colors","6.2 inches, 95.9 cm2 (~82.0% screen-to-body ratio)","720 x 1520 pixels, 19:9 ratio (~271 ppi density)",
e8c6eb3ac5f70393800c4a54e81b213dd78cecdbb9b1155a6791580e717f3547,"IPS LCD Capacitive Touchscreen, 16M Colors, Multitouch Size 6.6 Inches",6.6 Inches,760 x 1600 Pixels (~268 PPI),
60d5c5f5c2cb8315ff1f7857546f22caf056daa9878bddbb41cc35de9a2ac32e,"IPS LCD capacitive touchscreen, 16M colors","6.6 inches, 102.1 cm2 (~81.9% screen-to-body ratio)","720 x 1600 pixels, 20:9 ratio (~270 ppi density)",
99e993730040c9f2a0aa1d094722680c54c1757007fae07221f23cd775fb9741,"IPS LCD capacitive touchscreen, 16M colors","6.52 inches, 102.6 cm2 (~81.5% screen-to-body ratio)","720 x 1600 pixels, 20:9 ratio (~269 ppi density)",
e20e8d8036ebcca887e91777ea0eb1f3a9e345cd3e8d22e4b332287cc33ab60c,"IPS LCD Capacitive Touchscreen, 16M Colors",6.0 Inches,720 x 1440 Pixels (~268 PPI),
75f4ac2bc9430d6596fc729c5781998d13b0733618f8bb2c197783ba22f50c50,720 x 1600 Pixels (~266 PPI),,720 x 1600 Pixels (~266 PPI),
9a17498eb43aa5cec918616f9d750aa63b25612a47f9ca6873069fab5d029b06,"IPS LCD capacitive touchscreen, 16M colors","6.6 inches, 105.2 cm2 (~82.9% screen-to-body ratio)","720 x 1600 pixels, 20:9 ratio (~266 ppi density)",
c976294d2614ef96f1351fdcaed4bf9a4ac80923f9ff985e7641f053c044378f,IPS LCD Capacitive Touchscreen,6.6 (Inches),720 x 1600 (Pixels),
fba063d3e219eeae186adf6bde879ab25f2ac7c8265e70ceb25e6a30b5e7725f,"IPS LCD, 500 nits (peak)","6.52 inches, 102.6 cm2 (~82.6% screen-to-body ratio)","720 x 1600 pixels, 20:9 ratio (~269 ppi density)",
32a32cea3cc2d2e83467238bbe84f709c8170aa53fccce931c3b9daee51bb98b,IPS LCD Capacitive Touchscreen,6.6 (Inches),720 x 1600 (Pixels),
ec885ce5dece29beaa41d2445415e610c639f623ac1c58e678fd583dabffa898,IPS LCD Capacitive Touchscreen,6.6 (Inches),720 x 1600 (Pixels),
3daa30859456e560be43808f5023e0d3222fbd288dd7fe4224128d4e28f9c40a,"IPS LCD, 500 nits (peak)","6.6 inches, 105.2 cm2","720 x 1600 pixels, 20:9 ratio (~266 ppi density)",
b8b86d63ab9707230cba31f4143d73b966ede078dc4c1f674e3be1d9d28e0afe,IPS LCD Capacitive Touchscreen,6.6 (Inches),720 x 1600 (Pixels),
d197eebee05da0aa318166bc0028315750dff4e9188d038e2c2bf55ccecb06f5,"IPS LCD, 90Hz, 500 nits (peak)","6.6 inches, 104.6 cm2 (~84.6% screen-to-body ratio)","720 x 1612 pixels, 20:9 ratio (~267 ppi density)",
55e2f35b5d9a8f046d534275bd0f2f2f506f5d22ad2a3afc74a93ed70fa01a48,"IPS LCD Capacitive Touchscreen, 16M Colors, Multitouch",6.6 Inches,720 x 1612 Pixels (~267 PPI),
95e7fc8a9c8385a414dd011e6a9350551d264b3a6682d5be88a2de0a42d3baef,IPS LCD,6.6,720 x 1612 pixels,
3767918247e2bc2bad0e4bf18cbaf46797c3fc1674bac492824c6e67c315b8a9,"IPS LCD, 500 nits (typ)","6.1 inches, 91.3 cm2 (~76.7% screen-to-body ratio)","720 x 1560 pixels, 19.5:9 ratio (~282 ppi density)",
96b8f0f1abecf77e1e3bfb217889aa0f0055a2841bc941e5738b9d7450434e9b,IPS LCD Capacitive Touchscreen,6.1 (Inches),720 x 1560 (Pixels),
595d7d483fede8a9cc1e8bc9c2d7f384ccf7c4111a39bf55109686e8dbf1e905,"IPS LCD capacitive touchscreen, 16M colors",5.0 Inches,Yes,
4b13673ed8b6a38286756ddf00f661e78e1023eb34e11cf706f682a96f088479,"AMOLED, 90Hz","6.7 inches, 108.4 cm2 (~86.0% screen-to-body ratio)","1080 x 2400 pixels, 20:9 ratio (~393 ppi density)",
599fdfbc9e52913de5f12f2297ba0b12db22737df4ecbcb7e575138ae7e92a22,"IPS LCD, 120Hz, 500 nits (peak)","6.78 inches, 109.2 cm2 (~84.6% screen-to-body ratio)",1080 x 2460 pixels (~396 ppi density),
dd6c0fd51ec71af02ec134bf7621c2da3da0ce068a8159c0d4788ab21a62a887,"3D Curved AMOLED Touchscreen, 1B Colors, Multitouch",6.78 Inches,1080 x 2400 Pixels (~388 PPI),
bace382edb97d747591045bef6fc0c23867355759d9235694f360c79c09e1488,"HD IPS Display, 16M colors,","5.5 Inches, 1920 x 1080 pixels (~440 PPI)",,
aef3a2c07776456cb691d50e58ae9f304a1a26bf54c206d4ffadf94760c877f5,"AMOLED, 1B colors, HDR, 144Hz, 1300 nits (HBM)","6.78 inches, 109.9 cm2 (~89.4% screen-to-body ratio)",1080 x 2436 pixels (~393 ppi density),
8504ad6a360029f71eb17cdb6eb1df10e99f370a809f0eff44904fbc24614e46,IPS LCD Capacitive Touchscreen,6.78 (Inches),1080 x 2460 (Pixels),
c64d84ff19128695249b21079ead33eba678c21adca89903b749d24fd6937fa7,"IPS LCD capacitive touchscreen, 16M colors",6.18 inches,FullHD+,
f3c1ad7ff0fe37b02a882f3a049b0eef8c302065b294ccd7601e18d449cf8c89,"6.85 inches, 111.4 cm2 (~86.8% screen-to-body ratio)","6.85 inches, 111.4 cm2 (~86.8% screen-to-body ratio)",1080 x 2460 pixels (~392 ppi density),
95f48280a5262a4ba58c0041f4382c96e5a61e9250ccf52c3443a6471335f3a8,"IPS LCD, 90Hz, 480 nits (typ)","6.85 inches, 111.4 cm2 (~86.8% screen-to-body ratio)",1080 x 2460 pixels (~392 ppi density),
4fb8e5fb1a63dffd23cd3029180225f16bbd6565a6e0c19c5393317f698bc463,"Foldable LTPO AMOLED, 120Hz, 1400 nits (peak)","6.9 inches, 107.6 cm2 (~86.1% screen-to-body ratio)",1080 x 2640 pixels (~413 ppi density),
c6a9472683d859c67a8a414be8a5e927038eeb80045638f0110b56a3d87078d4,"AMOLED, 120Hz","6.8 inches, 111.6 cm2 (~90.5% screen-to-body ratio)","1080 x 2400 pixels, 20:9 ratio (~387 ppi density)",
f3f1fe390c5a5338e3c030721353689fd287de2b5d608e4371407fbb3a7dc4ee,IPS LCD Capacitive Touchscreen,6.78 (Inches),1080 x 2460 (Pixels),
ef3935f8a99dabe55d08c8d308d516ba543744017c98116926e8463d054a429e,AMOLED Capacitive Touchscreen,6.7 (Inches),1080 x 2400 (Pixels),
9b29117dfc50d47d59818f8eb380c194de18e9c139c95aa814500a1f3f4d4365,"TFT capacitive touchscreen, 16M colors","4.5 inches, 55.8 cm2 (~60.7% screen-to-body ratio)","480 x 854 pixels, 16:9 ratio (~218 ppi density",
96cd1bb49dda299393df9c7e2500e08e6b4ec4e23d18236c74be51fd2e1d7b14,"IPS LCD capacitive touchscreen, 16M colors","5.0 inches, 68.9 cm2 (~69.3% screen-to-body ratio)","720 x 1280 pixels, 16:9 ratio (~294 ppi density)",
aae8233bf0d758edc7c0e098199b74d70e3144a3d738478e61462a14a1f5ab79,"Super AMOLED capacitive touchscreen, 16M colors","5.0 inches, 68.9 cm2 (~66.5% screen-to-body ratio)","720 x 1280 pixels, 16:9 ratio (~294 ppi density)",
dc3fd72c9a71e9bffedba7a47f58fa14539489b6ccb019d677d489b31a49b050,"IPS LCD capacitive touchscreen, 16M colors","5.2 inches, 74.5 cm2 (~68.4% screen-to-body ratio)","720 x 1280 pixels, 16:9 ratio (~282 ppi density)",
3e42edcef47d5bf8bfa52f60ccc59463db3ccf521d49200f9da31c9c86e4c370,"IPS LCD capacitive touchscreen, 16M colors","5.5 inches, 83.4 cm2 (~71.5% screen-to-body ratio)","1080 x 1920 pixels, 16:9 ratio (~401 ppi density)",
6b5eb7229c7d011fa22c9cc9387fc80e901153bf0d06cd1e6f1340ca29c8d3c9,"IPS LCD capacitive touchscreen, 16M colors","5.0 inches, 68.9 cm2 (~68.0% screen-to-body ratio)","480 x 854 pixels, 16:9 ratio (~196 ppi density)",
f931af3e3b35fec934e8801acc9af296bee6c529aee4125a2dbd6f4733cd1051,"IPS LCD capacitive touchscreen, 16M colors","5.0 inches, 68.9 cm2 (~65.1% screen-to-body ratio)","720 x 1280 pixels, 16:9 ratio (~294 ppi density)",
895b88618cf01fb2d439835869c080d31f98aa8c40ba0b078375cdfe853a08a3,"IPS LCD capacitive touchscreen, 16M colors","4.5 inches, 55.8 cm2 (~60.4% screen-to-body ratio)","540 x 960 pixels, 16:9 ratio (~245 ppi density)",
bf13882ce3c24e7c160e3493430bd8a48b33af9bd78627788f1d7210925bb127,"IPS LCD capacitive touchscreen, 16M colors","5.0 inches, 68.9 cm2 (~67.0% screen-to-body ratio)","480 x 854 pixels, 16:9 ratio (~196 ppi density)",
f0b0a398444ebb9c9da5c6ca52c3463f258df9167d71837ad7c223cf4b886051,"IPS LCD capacitive touchscreen, 16M colors","5.0 inches, 68.9 cm2 (~67.0% screen-to-body ratio)","480 x 854 pixels, 16:9 ratio (~196 ppi density)",
c0a163cbad62cbfda67f45f1884940cfe9b1bd5a505ec112861494aa0148a05f,"IPS LCD capacitive touchscreen, 16M colors","5.0 inches, 68.9 cm2 (~66.5% screen-to-body ratio)","720 x 1280 pixels, 16:9 ratio (~294 ppi density)",
674aa654437ae34afc9acf883fa4e67d447609dd198c9bfe31d96cfe41f3bac4,"IPS LCD capacitive touchscreen, 16M colors","5.0 inches, 68.9 cm2 (~68.5% screen-to-body ratio)","720 x 1280 pixels, 16:9 ratio (~294 ppi density)",
d070664346a5c03324f957733033d4ad3ee4c444f83e56957b16534148c0a808,"IPS LCD capacitive touchscreen, 16M colors","5.0 inches, 68.9 cm2 (~68.7% screen-to-body ratio)","720 x 1280 pixels, 16:9 ratio (~294 ppi density)",
60ca51913f037517fff6c111469a7ded60de14cf0da0f317ebddd33c721ecc5a,"IPS LCD capacitive touchscreen, 16M colors","4.0 inches, 45.5 cm2 (~56.9% screen-to-body ratio)","480 x 800 pixels, 5:3 ratio (~233 ppi density)",
8a144ccb593ef8b81631b6e73d89746dc1c4d7e51dcc64cec5b482409d46b741,"Liquid Retina IPS LCD, 500 nits (typ)","11.0 inches, 357.6 cm2 (~80.9% screen-to-body ratio)",1640 x 2360 pixels (~264 ppi density),
34dba3fe56a2dbc6f41eb1427dce81c876ef7a7bbaa78a8f688aa5750ca49ec0,"Liquid Retina IPS LCD, 500 nits (typ)","8.3 inches, 203.9 cm2 (~77.4% screen-to-body ratio)","1488 x 2266 pixels, 3:2 ratio (~327 ppi density)",
165cebc4905a4705772a25e18983d2469840d9d3594c4e1e7f968fddce3c1aad,"Super Retina XDR OLED, HDR10, Dolby Vision, 625 nits (HBM), 1200 nits (peak)","5.4 inches, 71.9 cm2 (~85.1% screen-to-body ratio)","1080 x 2340 pixels, 19.5:9 ratio (~476 ppi density)",
f1493ac847b41e442e494abc55a973e54e7103509a85f06a8a8d9a675e4ccbe0,"Super Retina XDR OLED, HDR10, Dolby Vision, 800 nits (HBM), 1200 nits (peak)","6.1 inches, 90.2 cm2 (~86.0% screen-to-body ratio)","1170 x 2532 pixels, 19.5:9 ratio (~460 ppi density)",
541e037767874bea631577fc2f5940a6af083cadfc1d9c132652ea91fca70b33,Super Retina XDR OLED,6.1 inches,1170 x 2532 (pixels) | 19.5:9 ratio | ~460 ppi density,
68ef5deedf92c0ad43d51f7086d6c205968105179bca0e287d1dc2bde86c9bd9,"Super Retina XDR OLED, HDR10, Dolby Vision, 800 nits (HBM), 1200 nits (peak)","6.7 inches, 109.8 cm2 (~87.4% screen-to-body ratio)","1284 x 2778 pixels, 19.5:9 ratio (~458 ppi density)",
320dea4ae16d175331e26dd277e205488f74ec0f16cc55257dcdcb84ae2a40b0,"6.7‑inch (diagonal) all‑screen OLED display, 110.2 cm2 (~88.0% screen-to-body ratio)","6.7‑inch (diagonal) all‑screen OLED display, 110.2 cm2 (~88.0% screen-to-body ratio)","1290 x 2796 pixels, 19.5:9 ratio (~460 ppi density)",
0ff1bfee9ea6ac11b58f3d3f1ce9e82d85ca0ddb913f5c2f4b8d7e5483b2c42d,"Super Retina XDR OLED Capacitive Touchscreen, Multitouch","Super Retina XDR OLED Capacitive Touchscreen, Multitouch",1290 x 2796 Pixels (~460 PPI),
a1bdcfcf66adfeebc2ad82d8c591bec43a293a881fda0aec63ae598025b51acb,"Super Retina XDR OLED, HDR10, 800 nits (HBM), 1200 nits (peak)","6.1 inches, 91.4 cm2 (~87.1% screen-to-body ratio)","1170 x 2532 pixels, 19.5:9 ratio (~457 ppi density)",
88f75829b6fca1ac4d48f9fd3c574b4266d33fb387ce8d2a44f89e06ce1f7106,"LED-backlit IPS LCD, capacitive touchscreen, 16M colors",3.5 inches (~54.0% screen-to-body ratio),640 x 960 pixels (~330 ppi pixel density),
95b03ed311cd25082e300ab0857ff82434e91c823213fbcbd7bff300f2306b2c,IPS LCD,"4.0 inches, 44.1 cm2 (~60.8% screen-to-body ratio)","640 x 1136 pixels, 16:9 ratio (~326 ppi density)",
12dfaccae46226774dd8e716f18d5995e1f29136341156a1c8c4a34c51376eee,"LED-backlit IPS LCD, capacitive touchscreen, 16M colors","4.7 inches, 60.9 cm2 (~65.6% screen-to-body ratio)","750 x 1334 pixels, 16:9 ratio (~326 ppi density)",
2c49ebca443bfe1afa4e8b69da33b9f0cf695cdbe921cae14da6617e605672ac,"LED-backlit IPS LCD, capacitive touchscreen, 16M colors","4.7 inches, 60.9 cm2 (~65.6% screen-to-body ratio)","750 x 1334 pixels, 16:9 ratio (~326 ppi density)",
1d0d18e8446fa54c55183dfb5ed6582f957e33a9557ffc4663db67c87002772d,"LED-backlit IPS LCD, capacitive touchscreen, 16M colors, Multitouch",4 Inches,640 x 1136 pixels,
ad16987138fbaea8ce938b919b5483495b58239dd508624877c3b869a3215afd,"Retina IPS LCD, 625 nits (typ)","4.7 inches, 60.9 cm2 (~65.4% screen-to-body ratio)","750 x 1334 pixels, 16:9 ratio (~326 ppi density)",
f9d08dd8c8fd0c42dc7ffbcab7cbd4d057175d1751e7f42209dbaffb2ba9aa72,IPS LCD Capacitive Touchscreen,6.6 inches,720 x 1612 pixels,
40c733fa2ec244fc2e5e43711cf334c01a08cf2a91a9f9d784bbb389da3b264b,FWVGA Display Touchscreen,5.0 (Inches),480 x 854 (Pixels),
14e8edced48e07b5c65747c2ffe841228db67a5b7d099f07a640e1da50e8faa8,IPS LCD,"5.0 inches, 68.9 cm2","480 x 854 pixels, 16:9 ratio (~196 ppi density)",
baef26c7b346ba0a5a66849c6db80bdf0471a77433e1e04a280842e28c7b7d8e,IPS LCD Capacitive Touchscreen,5.0 (Inches),720 x 1280 (Pixels),
e6712fe70a6600687264c0f752b0d8ff4eb95934c76749a56e1c2a0333a2556b,IPS LCD Capacitive Touchscreen,5.0 (Inches),480 x 854 (Pixels),
112954e96e8987f64f944daa09549ef1feb80ed72ce86b581f654d1d22828574,IPS LCD Capacitive Touchscreen,5.7 (Inches),720 x 1280 (Pixels),
df063f992ab32480a0a29f9a5c8d5846f33d1af7b24b5160fbf0da2e44fa580f,IPS LCD Capacitive Touchscreen,6.1 (Inches),720 x 1520 (Pixels),
64aace9113f0bfaec7bbf96dd16bdab5e66fc3234110caba197a4062e968aca5,IPS LCD Capacitive Touchscreen,6.6 (Inches),720 x 1520 (Pixels),
415096cf4ba548ceb68f30cff087ae78919b1f608c88be0faccef0d6752b0400,IPS LCD,"6.6 inches, 104.6 cm2","720 x 1612 pixels, 20:9 ratio (~267 ppi density)",
d5eed64047c49e900c71cfad37d573e295aac1b2e74b7595a933dcb207130c96,"IPS LCD, 500 nits (peak)","6.6 inches, 104.6 cm2","720 x 1612 pixels, 20:9 ratio (~267 ppi density)",
96655ddc72d0f00c4792605f19dfe1f048c50e247f28661547924d3e2e02574e,"IPS LCD, 120Hz, 500 nits (peak)","IPS LCD, 120Hz, 500 nits (peak)","720 x 1600 pixels, 20:9 ratio (~262 ppi density)",
c230dd08b5eb8842d73f3fc8c5486fa493ac6539be58291eba3596811579e812,"IPS LCD, 90Hz","6.6 inches, 104.6 cm2","720 x 1612 pixels, 20:9 ratio (~267 ppi density)",
12f8ea5c811c91fe5a1b5fe3b991773e3a2d5b79f985f52aadacf7d33c91b99c,"IPS LCD, 120Hz","6.56 inches, 103.4 cm2","720 x 1612 pixels, 20:9 ratio (~269 ppi density)",
99531973e6ba295a059a7793076a77ef36b7b09929e3f9008c04a05a5d1546d5,IPS LCD,"6.6 inches, 104.9 cm2","1080 x 2408 pixels, 20:9 ratio (~400 ppi density)",
2fc9d60449140a3c5c203a4bc37c9592e2c809741d6ff5311d3cf85e2ca80653,IPS LCD,"6.6 inches, 104.6 cm2","720 x 1612 pixels, 20:9 ratio (~267 ppi density)",
23a8bf22c3b30f99e530797738ba39ef34da59428cd3dc7cd941a76ced9cc4e2,"AMOLED, 500 nits (peak)","6.78 inches, 111.0 cm2","1080 x 2400 pixels, 20:9 ratio (~388 ppi density)",
102ddf3ca9acf144e63286e2a2ee176e6b58b43cef4afff5b7154438535a58f2,"IPS LCD Capacitive Touchscreen, 16M Colors, Multitouch",6.6 Inches,720 x 1600 Pixels (~266 PPI),
0d228a2ce9e316f061461bdf3c1d74e79d6010aedb69f31196b4e1272c54b256,"IPS LCD, 90Hz, 480 nits (peak)","6.6 inches, 104.6 cm2 (~84.8% screen-to-body ratio)","720 x 1612 pixels, 20:9 ratio (~267 ppi density)",
88276b2bcfb94142eab55f9bbd830a0ff69bfdaca0d0f4575fb93d713bbc27ca,"AMOLED, 1B colors, 120Hz, 1200 nits (HBM), 1800 nits (peak)","6.78 inches, 109.9 cm2",1080 x 2436 pixels (~393 ppi density),
2c52abea27ff1fb82d0a24cb58b6cc6d3a3ca871389e4c9ba6ddfbc64fcd8eb2,"AMOLED, 1B colors, 120Hz, 1000 nits (HBM), 1400 nits (peak)","6.78 inches, 109.9 cm2",1080 x 2436 pixels (~393 ppi density),
7b894d0b9128cbd9677c565ee04623ca2bde02110425b9274b317b6364ea93cc,"IPS LCD, 120Hz, 450 nits (typ), 600 nits (HBM)","6.88 inches, 112.4 cm2 (~84.0% screen-to-body ratio)",720 x 1640 pixels (~260 ppi density),
70ce8ccc4edbeb3eb24e6e2f650f224cb862f77ae189824dd2f1d2cba02eee23,IPS LCD Capacitive Touchscreen,6.5 (Inches),720 x 1600 (Pixels),
433b03f3cc3a3a745cb1a9939103d8de205c39e9fb440a6d7019170f31c06ff0,IPS LCD Capacitive Touchscreen,6.5 (Inches),720 x 1600 (Pixels),
a427289f6475193b898965bb8eed84aaa0e210ec434229397581b2532e847b8e,IPS LCD Capacitive Touchscreen,6.8 (Inches),720 x 1600 (Pixels),
3a5a52001048d5b29af5e384e2bce4bc09b3a7e00cffe37aa7cf330432050fd7,IPS LCD Capacitive Touchscreen,6.8 (Inches),720 x 1600 (Pixels),
3e6fd4832a16af508cae9e5d8bd37e005a7a0e721f2083d089cac1d9d21ccf42,IPS LCD Capacitive Touchscreen,6.6 (Inches),720 x 1600 (Pixels),
1cb6017445a62ff44b214301f1d607d3200e4433615ba1a4304296f7745ad520,IPS LCD Capacitive Touchscreen,6.52 (Inches),720 x 1600 (Pixels),
8639a33d72caf4cf08629a498b1dcd0ee0b7f13557961672b02c20307770b728,IPS LCD Capacitive Touchscreen,6.6 (Inches),720 x 1600 (Pixels),
b28be188d8a97a58e94e7d68610e4d5a8bab2ec2431b780fb5087aa89509bcf1,"AMOLED, 90Hz, HDR10+","5.0 inches, 68.9 cm2 (~67.4% screen-to-body ratio)","720 x 1280 pixels, 16:9 ratio (~294 ppi density)",
9ddaa44f3340113d279ac16443d8210528bd31a07cbeb80867002124b7580b9d,"AMOLED, 90Hz, HDR10+","4.5 inches, 55.8 cm2 (~62.7% screen-to-body ratio)","540 x 960 pixels, 16:9 ratio (~245 ppi density)",
8b2793ccb20eb8ee7f1f26057341b61e19338c6a2f171bf9783068f7f5dac9bd,IPS LCD,"5.0 inches, 68.9 cm2 (~64.4% screen-to-body ratio)","1080 x 1920 pixels, 16:9 ratio (~441 ppi density)",
0984213a8d4e53188639eda085b62d2a61a26ba93bd49dad3c00e81117ab7619,IPS LCD,"5.0 inches, 68.9 cm2 (~66.4% screen-to-body ratio)","720 x 1280 pixels, 16:9 ratio (~294 ppi density)",
b3007b726e0fa3cd68119155e66084db7e400b70426ce9d892d568f181bb59ec,"AMOLED, 1B colors, 120Hz, HDR10+, 950 nits (HBM)","6.78 inches, 111.0 cm2 (~90.5% screen-to-body ratio)","1080 x 2400 pixels, 20:9 ratio (~388 ppi density)",
6ab5edbd19b9c8dc4c58a66d053db1e64332abc2debdcc0eabcbf1e52596858a,IPS LCD,"6.78 inches, 109.2 cm2 (~84.2% screen-to-body ratio)",1080 x 2460 pixels (~396 ppi density),
b73680517cb85c17d68ce58d16c4e69018485f220fda3c3962f2e96196cc8185,"IPS LCD, 90Hz","6.56 inches, 103.9 cm2 (~83.3% screen-to-body ratio)","720 x 1600 pixels, 20:9 ratio (~267 ppi density)",
06cd13a4f8b8ee4364ca4f7e104448a578030904ee789e1af00d200299ddb327,"IPS LCD, 90Hz","6.52 inches, 102.6 cm2","720 x 1600 pixels, 20:9 ratio (~269 ppi density)",
9d3fd4a22d654bfbc3d3e012e265d4b5b8c4dcd7b4650369d6d63a496aa136c2,"AMOLED capacitive touchscreen, 16M colors","6.44 inches, 100.1 cm2 (~83.2% screen-to-body ratio)","1080 x 2400 pixels, 20:9 ratio 409 ppi density",
ef6f76eeee8dc0facfbc307e0a32f2381342c183b9eb1b8772e3aa0dda5a28cf,"IPS LCD, 90Hz","6.52 inches, 102.6 cm2","720 x 1600 pixels, 20:9 ratio (~269 ppi density)",
355775d8d055be8537e5a751d8eb0e8808d5509ae37382c88a8a4f485d053907,IPS LCD,"4.0 inches, 45.5 cm2 (~56.9% screen-to-body ratio)","480 x 800 pixels, 5:3 ratio (~233 ppi density)",
e136a752f6855e294764ef2d394550a3f5deab962f6e6c2854979b4f39e65c54,IPS LCD,"5.0 inches, 68.9 cm2 (~65.7% screen-to-body ratio)","540 x 960 pixels, 16:9 ratio (~220 ppi density)",
87c6743172c15bec6c6eb189647d8b274ae995949f6627e93c92c2f2c300380c,IPS LCD,"5.0 inches, 68.9 cm2 (~61.4% screen-to-body ratio)","480 x 854 pixels, 16:9 ratio (~196 ppi density)",
bf0689b809881ca663b28363f045d9a14455688a7aac14067c7f996ea967aa40,"IPS LCD, 120Hz","6.78 inches, 109.2 cm2 (~84.4% screen-to-body ratio)",1080 x 2460 pixels (~396 ppi density),
57eaf125deced9520aabdbd9e671d04dae5ed4620dc291a5f41dc0c74590c91f,IPS LCD,"6.5 inches, 102.0 cm2 (~81.3% screen-to-body ratio)","720 x 1600 pixels, 20:9 ratio (~270 ppi density)",
fa338390be98fc26549e5b7308c75df268b33a1e2838bc0443d04c6fdc711b31,IPS LCD,"6.52 inches, 102.6 cm2 (~82.1% screen-to-body ratio)","720 x 1600 pixels, 20:9 ratio (~269 ppi density)",
8b6b77e9317a310739e789e0f66c7a917a567fd85965b3626d387f5145b9f306,IPS LCD,"6.52 inches, 102.6 cm2 (~82.4% screen-to-body ratio)","720 x 1600 pixels, 20:9 ratio (~269 ppi density)",
aefee693c1fe50dc0ffe67106b3e3894227d7c4534581beef584afbc4d038d8f,IPS LCD,"6.51 inches, 102.3 cm2 (~82.1% screen-to-body ratio)","720 x 1600 pixels, 20:9 ratio (~270 ppi density)",
aecf078afde722903b160fa40d33ca335c79f20a789ac33bf0e03f306ba670d6,"IPS LCD capacitive touchscreen, 16M colors","5.5 inches, 83.4 cm2 (~74.4% screen-to-body ratio)","1080 x 1920 pixels, 16:9 ratio (~401 ppi density)",
c8f633ad1891a3b1e42b7383d5342b6c47665717bf5cf9484224c20c00d4e879,"IPS LCD capacitive touchscreen, 16M colors","5.5 inches, 83.4 cm2 (~74.4% screen-to-body ratio)","1080 x 1920 pixels, 16:9 ratio (~401 ppi density)",
23684406bbe031204a91325bbebc712268bd01b1643f5bfeec5ac996f9ae5f9e,"LTPS IPS LCD capacitive touchscreen, 16M colors","5.7 inches, 89.6 cm2 (~73.6% screen-to-body ratio)","1440 x 2560 pixels, 16:9 ratio (~515 ppi density)",
636d5b58cc170b655be2eff4f987ddf1e15e049d57a7c0ab93710835997beed0,"IPS LCD capacitive touchscreen, 16M colors","6.33 inches, 110.5 cm2 (~79.2% screen-to-body ratio)","1440 x 2560 pixels, 16:9 ratio (~464 ppi density)",
07284341dd10f6e9a33c64a22d5fd93bff59bc0286723e2628a0137e465c7e25,"IPS LCD capacitive touchscreen, 16M colors","5.5 inches, 82.6 cm2 (~73.8% screen-to-body ratio)","1080 x 1920 pixels, 16:9 ratio (~403 ppi density)",
790b2a10761d98931ce7861468f259c4aada1d89839c66377b448768c5082460,"IPS LCD capacitive touchscreen, 16M colors","5.5 inches, 83.4 cm2 (~74.4% screen-to-body ratio)","1080 x 1920 pixels, 16:9 ratio (~401 ppi density)",
c28cea3d717315e4573f19485b2df9997a6dd2dc0ba06019c6fd690bf1941643,"IPS LCD capacitive touchscreen, 16M colors","5.5 inches, 83.4 cm2 (~74.4% screen-to-body ratio)","1080 x 1920 pixels, 16:9 ratio (~401 ppi density)",
4cf435c67360de1f5844f256f036e7383a2b124dfc9d25ebb8184d224c646e7e,"IPS LCD capacitive touchscreen, 16M colors","6.09 inches, 91.0 cm2 (~80.7% screen-to-body ratio)","720 x 1560 pixels, 19.5:9 ratio (~282 ppi density)",
477ac22bdd3e4833c3a59a1c98debba265ee7e4cfc5b5491ad7a261cf32b23f1,"IPS capacitive touchscreen, 16M colors",5.0 inches (~69.8% screen-to-body ratio),720 x 1280 pixels (~294 ppi pixel density),
ece51424ddc87fdd4067a39556dfe23dc98649d65c3cc7bce39c8351de2b662e,"IPS LCD capacitive touchscreen, 16M colors",5.0 inches (~69.8% screen-to-body ratio),720 x 1280 pixels (~294 ppi pixel density),
16ee14ff6c0462d24772a171752dae158979b37de190ae897895a486cfeeed11,"IPS capacitive touchscreen, 16M colors",5.0 inches,720 x 1280 pixels (~294 ppi pixel density),
fdacca034138ddbeb80721e63572315476ed6a4f57024acf6da09bcb95db7908,"IPS LCD capacitive touchscreen, 16M colors","6.22 inches, 95.0 cm2","1080 x 2340 pixels, 19.5:9 ratio (~414 ppi density)",
383e176472254e459ff73e255b9c278e0feeea5c9cb87887e220f2abf2ce9126,IPS LCD,"6.52 inches, 102.6 cm2 (~81.9% screen-to-body ratio)","720 x 1600 pixels, 20:9 ratio (~269 ppi density)",
52cb7a6cc8d4c70c881a9c45f5ad2cd8d3f17d5f5d2f7fe9c5cf2035cf060836,"IPS LCD, 90Hz","6.51 inches, 102.3 cm2","720 x 1600 pixels, 20:9 ratio (~270 ppi density)",
1090c7f3d06f963a3730decdac61ab08295e2aa4a92d1de95f5c19110adc9b10,"IPS LCD capacitive touchscreen, 16M colors",5.5 inches (~71.0% screen-to-body ratio),1080 x 1920 pixels (~401 ppi pixel density),
49850fcd34c59ac17245a7f770acc38c0c9b4fca03d7f15728bdc5a75fc8bad0,"IPS LCD capacitive touchscreen, 16M colors","5.99 inches, 92.6 cm2 (~79.1% screen-to-body ratio)","1080 x 2160 pixels, 18:9 ratio (~403 ppi density)",
3bfc52f999fee44a32d15bb11f2179854b6a6c630510f5d2c215783b57a8f303,"IPS LCD capacitive touchscreen, 16M colors","6.22 inches, 96.6 cm2 (~82.3% screen-to-body ratio)","720 x 1520 pixels, 19:9 ratio (~270 ppi density)",
593d016b8ae9a92150654b4e747f997946ee8577d5403ad1a6c831b1959a1235,"OLED, 144Hz, HDR10+, 1000 nits (peak)","6.67 inches, 107.4 cm2 (~85.3% screen-to-body ratio)","1080 x 2400 pixels, 20:9 ratio (~395 ppi density)",
f4b63f61380f67bc44dfce6bdc009f4532c07e17b4a7355a64fee8d08d5daba6,"IPS LCD capacitive touchscreen, 16M colors","5.0 inches, 68.9 cm2 (~68.4% screen-to-body ratio)","1080 x 1920 pixels, 16:9 ratio (~441 ppi density)",
45c3d73380a0d7fd5f8b5b71e9489cce0d1421b34000791886bfddf51bb26056,"Super AMOLED capacitive touchscreen, 16M colors",5.5 inches (~72.0% screen-to-body ratio),"1080 x 1920 pixels, 16:9 ratio (~401 ppi density)",
046f0737fdd6434410f800b9e31437d64a56139666e36597af41ba0d871c4cfd,"IPS LCD capacitive touchscreen, 16M colors",5.0 inches (~67.6% screen-to-body ratio),720 x 1280 pixels (~294 ppi pixel density),
da11ed67afe926c261b861b06284d1d8355098ac8b2319e62f7c5c35af68f115,"IPS LCD capacitive touchscreen, 16M colors",5.0 inches (~66.0% screen-to-body ratio),720 x 1280 pixels (~294 ppi pixel density),
d247dde6591c00867409b276809a717b354974ce24b0d6012c0e52803a3b5f46,"LTPS IPS LCD capacitive touchscreen, 16M colors","6.2 inches, 96.9 cm2 (~83.0% screen-to-body ratio)","1080 x 2246 pixels, 18.7:9 ratio (~402 ppi density)",
54f50d624ff77a88b7a9d9a1060e455001bf600ec94bcafa39f59b39675fe645,"IPS LCD capacitive touchscreen, 16M colors",5.3 inches (~67.3% screen-to-body ratio),720 x 1280 pixels (~277 ppi pixel density),
255ac9c757f34860986ac57afe63130e34e33fb6472707ea317dd9fd674e2bbb,"Super AMOLED capacitive touchscreen, 16M colors",5.0 inches (~65.8% screen-to-body ratio),720 x 1280 pixels (~294 ppi pixel density),
5e2d7179f90fa0619f514dc7bf64b8cdba1a6061461188be05b7ee5bf239fc1d,"IPS capacitive touchscreen, 16M colors",5.0 inches (~68.4% screen-to-body ratio),720 x 1280 pixels (~294 ppi pixel density),
677ae9c1c552e662ca26a71738fcb914b7aa67a641e6621991cfa0fbbb37cfe6,"IPS LCD capacitive touchscreen, 16M colors",5.5 inches (~72.1% screen-to-body ratio),1080 x 1920 pixels (~401 ppi pixel density),
658ccd6e17484d3fde06d98ee1fa33eae0c72d011f3680bf61ced6fab08d20e2,"IPS LCD capacitive touchscreen, 16M colors",5.0 inches (~69.3% screen-to-body ratio),1080 x 1920 pixels (~441 ppi pixel density),
abd525cbeffa1121d8e3c6af012b2a3c928b0152deaf7d3fea065a5d3b517fff,"IPS LCD capacitive touchscreen, 16M colors",5.0 inches (~71.7% screen-to-body ratio),1080 x 1920 pixels (~441 ppi pixel density),
6e75c33ef69e1a0253a97adde8c4e2adec957adc26e13c7dbadbb159346a1703,"IPS LCD capacitive touchscreen, 16M colors",5.5 inches (~70.8% screen-to-body ratio),1080 x 1920 pixels (~401 ppi pixel density),
a7eb689315b1e6f884833446c834457ca7b36e5a175743807baf2ae8c035b360,"IPS LCD capacitive touchscreen, 16M colors",5.5 inches (~73.5% screen-to-body ratio),720 x 1280 pixels (~267 ppi pixel density),
2bce3c0a1d0ec155845489d0831a66e76e2ed98181446938fd7320d3ac3576e3,"IPS LCD Capacitive Touchscreen, 16M Colors, Multitouch","6.2 inches, 96.9 cm2 (~83.6% screen-to-body ratio)","1080 x 2246 pixels, 18.7:9 ratio (~402 ppi density)",
a53ec9c3002c219be809d77c767f815a30fa41a95f041a455290a8e58cf4f2b5,"Super AMOLED capacitive touchscreen, 16M colors","6.39 inches, 100.2 cm2 (~88.5% screen-to-body ratio)","1080 x 2340 pixels, 19.5:9 ratio (~403 ppi density)",
b6095b13663c75888e1f0ce7b6d0998118f4a0244c0a6183548287a6de7144af,"LTPS IPS LCD capacitive touchscreen, 16M colors","6.3 inches, 97.4 cm2 (~83.5% screen-to-body ratio)","1080 x 2340 pixels, 19.5:9 ratio (~409 ppi density)",
418425e42d6cdb727a436b7d663fc1af62153ecea6a1b6cef8c5c226e4b68c98,"Super AMOLED capacitive touchscreen, 16M colors","6.39 inches, 100.2 cm2 (~85.3% screen-to-body ratio)","1080 x 2340 pixels, 19.5:9 ratio (~403 ppi density)",
176a424d6abb8eb7b4c8e8932f36a5ad5f58d06c8de565710c105a1b9320994f,"IPS LCD capacitive touchscreen, 16M colors","6.3 inches, 97.4 cm2 (~83.7% screen-to-body ratio)","1080 x 2340 pixels, 19.5:9 ratio (~409 ppi density)",
e17a01008372915027147065b00a5c41da2c5f0a44e66bfe797ee4933f42f764,"True IPS+ LCD, 5.9 inches",5.9 inches,1080 x 1920 pixels,
d2c14a30f6a6e39fa36a3f47f791f117ca10fc0a7b1a9988defe0d3e26a9e836,"True HD-IPS+ LCD, 5.9 inches",5.9 inches,1440 x 2560 pixels,
f6119106147d088741af766bbe26ac5e3aafb13bfce859075d344fe33dcb0b81,,5.7 inches,1440 x 2880 pixels,
fcd6b821de10fbec7a3663b6232bcaa5f2e06326befeb95cdaed7aa39c5f7ab2,"IPS LCD capacitive touchscreen, 16M colors","6.1 inches, 91.3 cm2 (~82.9% screen-to-body ratio)","1440 x 3120 pixels, 19.5:9 ratio (~564 ppi density)",
8d5990e976a5427c773b61804939f7b0728fd73c750ed7144a18a067610dc002,"IPS LCD capacitive touchscreen, 16M colors","6.1 inches, 91.0 cm2 (~82.6% screen-to-body ratio)","1440 x 3120 pixels, 19.5:9 ratio (~564 ppi density)",
e78269b39030b5ae2c9db0443b3da6f7cf63a59b93afeb5a1443e268275c6e3e,"AMOLED capacitive touchscreen, 16M colors","6.1 inches, 91.0 cm2 (~83.5% screen-to-body ratio)","1440 x 3120 pixels, 19.5:9 ratio (~564 ppi density)",
cc65b04b7c8668052b82304c2eeacc3dfdbff60765aff8b7dab0f873a765a0de,"G-OLED capacitive touchscreen, 16M colors","6.21 inches, 97.6 cm2 (~82.0% screen-to-body ratio)",1080 x 2248 pixels (~401 ppi density),
0506106eb1fef8053df7eef2514ec82ebaa05074e868443f0e4eeae77cdf6368,"IPS LCD capacitive touchscreen, 16M colors","5.3 inches, 77.4 cm2 (~69.2% screen-to-body ratio)","720 x 1280 pixels, 16:9 ratio (~277 ppi density)",
9c6a739aca7ab237d6a6d3773e175fea634ed6247432d539ddcdabc49ccb33a4,"IPS LCD capacitive touchscreen, 16M colors","5.3 inches, 77.4 cm2 (~69.2% screen-to-body ratio)","720 x 1280 pixels, 16:9 ratio (~277 ppi density)",
e91da4fb99a95e900e0e59848d097ea6b0b2c87506ecaca8905230ec9abb5e25,"IPS LCD capacitive touchscreen, 16M colors","5.45 inches, 76.7 cm2 (~71.7% screen-to-body ratio)","480 x 960 pixels, 18:9 ratio (~197 ppi density)",
3e0cf7c1d40a2f52e6e73c7ca87d548f4d91be373b419f9737c75909160dba94,"IPS LCD capacitive touchscreen, 16M colors","5.7 inches, 83.8 cm2 (~76.2% screen-to-body ratio)","720 x 1440 pixels, 18:9 ratio (~282 ppi density)",
4ca3eefd8fb62288c9ad3c134384838dcb7bf72a5d308b1ddf86aeea75258558,"IPS LCD capacitive touchscreen, 16M colors","6.5 inches, 102.0 cm2 (~80.6% screen-to-body ratio)","720 x 1600 pixels, 20:9 ratio (~270 ppi density)",
d13144a0c2be765ab3bebd24e08673baeab0b487da336a45127fc8638b441960,"IPS LCD capacitive touchscreen, 16M colors","6.5 inches, 105.5 cm2 (~82.1% screen-to-body ratio)","720 x 1520 pixels, 19:9 ratio (~259 ppi density)",
1b5e1ff7501297cc975aaa79771f274f3fb3cd6a9a0779da5498f6400f949260,"IPS LCD capacitive touchscreen, 16M colors","6.5 inches, 102.0 cm2 (~80.5% screen-to-body ratio)","720 x 1600 pixels, 20:9 ratio (~270 ppi density)",
1b5fbc26e69200d853a0e69907b7422fbb2ff185ad43da2ddc9aa77c119941cd,"IPS LCD capacitive touchscreen, 16M colors","6.5 inches, 103.7 cm2 (~81.4% screen-to-body ratio)","1080 x 2340 pixels, 19.5:9 ratio (~396 ppi density)",
097820a16aeab05501a4707da26b78a281e0caf33a504919bd1b3a4d9482dbcc,"IPS LCD capacitive touchscreen, 16M colors","IPS LCD capacitive touchscreen, 16M colors",1080 x 2310 pixels (~398 ppi density),
810fb37c8498712ae5c5afe8381711a12e0918ec78a842a36b8b29e1e0c71f4b,"IPS LCD capacitive touchscreen, 16M colors","6.2 inches, 99.7 cm2 (~80.2% screen-to-body ratio)","1080 x 2160 pixels, 18:9 ratio (~389 ppi density)",
16afc8575d5150e3d05a262eb9e17d2cf6ec3b1422124ab1922d151dfc6a36a4,"LTPS IPS LCD capacitive touchscreen, 16M colors",6.15 inches,"720 x 1600 pixels, 18:9 ratio (~290 ppi density)",
2f5760050c2dda67fdb95dec0be1130ae6c0b760f39cd24c2049fb7bc79cac4c,"IPS LCD capacitive touchscreen, 16M colors","6.26 inches, 97.8 cm2 (~78.8% screen-to-body ratio)","720 x 1520 pixels, 19:9 ratio (~269 ppi density)",
ac270773c31ab990cf96aa4ddaf90ee8b9d4d8a499473968f017f5bb7331c588,"IPS LCD capacitive touchscreen, 16M colors","5.5 inches, 78.1 cm2 (~78.3% screen-to-body ratio)","1080 x 2160 pixels, 18:9 ratio (~439 ppi density)",
3e71e8fc04d5eb8e5987f6019ad2001a493df324cce5ad302ceae0f45cb0123c,"IPS LCD capacitive touchscreen, 16M colors","5.5 inches, 78.1 cm2 (~78.3% screen-to-body ratio)","1080 x 2160 pixels, 18:9 ratio (~442 ppi density)",
6d70f09ca4b24194ce7a22b2c421deaae40389625644fc347faefeb7e6660a33,"IPS LCD capacitive touchscreen, 16M colors","6.4 inches, 101.4 cm2 (~81.4% screen-to-body ratio)",1080 x 2310 pixels (~398 ppi density),
b17d9521594d97ec91602a08fd4988c76f7b09bef79981a29b1b6b4abcb53d73,"IPS LCD capacitive touchscreen, 16M colors",6.2 inches,1440 x 2560 pixels,
3c127976fba9b9a7d66f7b6afbedf090694ba666246b9f4dad420331e2525ab3,"IPS LCD capacitive touchscreen, 16M colors","6.1 inches, 91.0 cm2 (~82.6% screen-to-body ratio)","1440 x 3120 pixels, 19.5:9 ratio (~564 ppi density)",
75740158af0883389fb10a1011bbf358ec12990a24e31719783698f27d392e3a,"IPS LCD capacitive touchscreen, 16M colors",5.7 inches (~70.8% screen-to-body ratio),1440 x 2560 pixels (~515 ppi pixel density),
96fcd9cf5f3feacf952bfa1e2cb1483d4734261bc68d7df4cb5d6a3b15c7834b,"P-OLED capacitive touchscreen, 16M colors","6.0 inches, 92.9 cm2 (~81.2% screen-to-body ratio)","1440 x 2880 pixels, 18:9 ratio (~537 ppi density)",
456207f3161281e6c132ddabfcca1ac6d05c003a222b08084c9d6505270fcee9,"P-OLED capacitive touchscreen, 16M colors","6.0 inches, 92.6 cm2 (~80.9% screen-to-body ratio)","1440 x 2880 pixels, 18:9 ratio (~538 ppi density)",
f85267a6d7bde6386f2bb9a8429a81eeec4106e6c9d838ad2078bf1ae2ac6442,"P-OLED capacitive touchscreen, 16M colors","6.0 inches, 92.9 cm2 (~81.2% screen-to-body ratio)","1440 x 2880 pixels, 18:9 ratio (~537 ppi density)",
508dabdc88b38da4f98cf744d8f6301583dea460ed76ce766174365d905a8447,"P-OLED capacitive touchscreen, 16M colors","6.4 inches, 92.7 cm2 (~77.1% screen-to-body ratio)","1440 x 3120 pixels, 18:9 ratio (~495 ppi density)",
96012bbe2ea490bb1b61d28a71ea49dfa842d3fc12dbb77787118d80e104a94d,"P-OLED capacitive touchscreen, 16M colors","6.4 inches, 100.5 cm2 (~83.6% screen-to-body ratio)","1440 x 3120 pixels, 19.5:9 ratio (~537 ppi density)",
5717f63382bc1ab4af8d45c5ae8e198b2f5f521577b5a0c02b772795731b3798,P-OLED Capacitive touch screen 16 million colors,6.4 inches,"1440 x 3120 pixels, 18:9 ratio",
d23459c6c665c21c49e1cc714d555786cb82c7bc203e000014aefa7ab72eb09e,"P-OLED capacitive touchscreen, 16M colors","6.8 inches, 109.8 cm2 (~83.6% screen-to-body ratio)",1080 x 2460 pixels (~395 ppi density),
0e17c8dd7580e08df9223ef38c3acdb26a75d277bd9a9160e2205b8b95684177,"P-OLED capacitive touchscreen, 16M colors","6.4 inches, 100.2 cm2 (~82.7% screen-to-body ratio)","1440 x 3120 pixels, 19.5:9 ratio (~538 ppi density)",
7e4784aa71acd82e8fad06d9480ff1b37a1086597daae1793cb5a895cad61e37,"IPS LCD capacitive touchscreen, 16M colors","5.71 inches, 81.7 cm2 (~78.1% screen-to-body ratio)","720 x 1512 pixels, 19:9 ratio (~293 ppi density)",
69fdc9be2f0b6c9e46fe222a06e67baa648b2fa53bde703e35bf25797e21c846,"IPS LCD capacitive touchscreen, 16M colors","6.19 inches, 96.0 cm2 (~80.7% screen-to-body ratio)","720 x 1512 pixels, 19:9 ratio (~271 ppi density)",
8e2cee05485aebdfe5c1aad09237b5db5df487707f8198cc52233c2d90e753a3,"IPS LCD capacitive touchscreen, 16M colors","6.0 inches, 99.2 cm2 (~71.2% screen-to-body ratio)","540 x 960 pixels, 16:9 ratio (~184 ppi density)",
1e59edf087a609af9c70eb5e5c2edde3363f1cb663d4758c050158e005c380eb,"TFT capacitive touchscreen, 256K colors","4.0 inches, 45.5 cm2 (~57.6% screen-to-body ratio)","480 x 800 pixels, 5:3 ratio (~233 ppi density)",
cbf2550f7bb665f02c7b5ad2f21a7e4c26044c36dc390262bb6bde05b6273c98,"IPS LCD capacitive touchscreen, 16M colors","5.5 inches, 83.4 cm2 (~72.6% screen-to-body ratio)","720 x 1280 pixels, 16:9 ratio (~267 ppi density)",
59b3db7d2119686cd1ec25cbdca4dad33659cfe88eff762a03574e5bbf9edb8e,"IPS LCD capacitive touchscreen, 16M colors","5.5 inches, 83.4 cm2 (~68.8% screen-to-body ratio)","720 x 1280 pixels, 16:9 ratio (~267 ppi density)",
bcd93713da3e35707504a6c473a4cddc3425e649c447807564574078ab5603c7,"IPS LCD capacitive touchscreen, 16M colors","5.0 inches, 68.9 cm2 (~65.8% screen-to-body ratio)","540 x 960 pixels, 16:9 ratio (~220 ppi density)",
39e831d8e8a757d98bdbbfcebcd06a09c5d7150f8a62549f2f1377c318faa60a,IPS LCD,"5.0 inches, 68.9 cm2 (~61.4% screen-to-body ratio)","480 x 854 pixels, 16:9 ratio (~196 ppi density)",
a13106bc786d24e224f87a2fd1760216309ef45c43aceac5f4a68a2f5e7df952,"IPS LCD capacitive touchscreen, 16M colors",6.0 inches (~70.4% screen-to-body ratio),720 x 1280 pixels (~245 ppi pixel density),
02d0236af7c382b91a08eae15f2bf2121b8110a9823cd1bae24dbba8b3a6ac0a,"IPS LCD capacitive touchscreen, 16M colors",6.0 inches (~71.4% screen-to-body ratio),1080 x 1920 pixels (~367 ppi pixel density),
5716474e648b7cb010eda6127c29bfefc45e2606562b9a54e5b2510b27f0c606,"Capacitive touchscreen, 16M colors",4.0 inches (~58.5% screen-to-body ratio),480 x 800 pixels (~233 ppi pixel density),
2b4eeee79e5d01e9986fc7e5938488dd1837b47dbffbf0be9111b1abd31e5521,"IPS LCD capacitive touchscreen, 16M colors",5.0 inches (~67.9% screen-to-body ratio),540 x 960 pixels (~220 ppi pixel density),
df89c83843af847f1b3d16d881ce0996547fb5a59ef4e02f0b527d190941758b,"Capacitive touchscreen, 16M colors",4.7 inches (~64.7% screen-to-body ratio),720 x 1280 pixels (~315 ppi pixel density),
97a3193103f301770aebd5333788803ed7273a3ea103759a1f9c68eb1c897f13,"IPS LCD capacitive touchscreen, 16M colors",4.5 inches (~62.9% screen-to-body ratio),480 x 854 pixels (~221 ppi pixel density),
2c1ed8ebc2815243226677d2dfd88cb8e020bb78375b991fc2c99a35b78e9203,"IPS LCD capacitive touchscreen, 16M colors",5.0 inches (~67.6% screen-to-body ratio),720 x 1280 pixels (~294 ppi pixel density),
7be32c4c28a650254747180fe9bdcd5a47ddfe4f349637505f6e6d59ff4bf364,"IPS LCD capacitive touchscreen, 16M colors",5.7 inches (~69.1% screen-to-body ratio),720 x 1280 pixels (~259 ppi pixel density),
2f2622ce410fcaca1a3b0d3a3621970f7ee2f12af643b8f60c99d27cd5b4d5f3,"OLED capacitive touchscreen, 16M colors",5.0 inches (~67.1% screen-to-body ratio),720 x 1280 pixels (~297 ppi pixel density),
835711bd47d7f97d403254ce56defdac8d192305fa61068671007ee56a190f87,"OLED capacitive touchscreen, 16M colors",4.7 inches (~64.3% screen-to-body ratio),720 x 1280 pixels (~316 ppi pixel density),
7cf37131559b231ab590a377c2834c7c536166e9fdd089a692875044c954fa85,"OLED capacitive touchscreen, 16M colors",4.7 inches (~66.0% screen-to-body ratio),720 x 1280 pixels (~312 ppi pixel density),
a8a7da37eac0e9906039fea411a58daf5411ccd24b4c032b13bb07d528234f7f,"IPS LCD capacitive touchscreen, 16M colors",5.0 inches (~69.9% screen-to-body ratio),720 x 1280 pixels (~294 ppi pixel density),
e042264df4536032300fe18f10b3fb0ec429b1c062a2ddc2af3b5234cd017ac8,"IPS LCD capacitive touchscreen, 16M colors",4.5 inches (~62.5% screen-to-body ratio),768 x 1280 pixels (~332 ppi pixel density),
41c813911bfb8e10fb955b91485466e176bac21d6db2c175af537c747c628dd1,"AMOLED capacitive touchscreen, 16M colors",4.5 inches (~63.3% screen-to-body ratio),768 x 1280 pixels (~332 ppi pixel density),
9bfc35fb68c95c21d5df9b624ec3179aabc56746ea4190dc6ff022d7aa99253b,"AMOLED capacitive touchscreen, 16M colors",4.5 inches (~62.9% screen-to-body ratio),768 x 1280 pixels (~332 ppi pixel density),
231781d29c38ad1c58cd51b0d27a5b66b2c914499ba89f2ff4704852e9927122,"AMOLED capacitive touchscreen, 16M colors",5.2 inches (~70.5% screen-to-body ratio),1440 x 2560 pixels (~564 ppi pixel density),
5789d4f6b1b23595c773f3ebe363ff0e04be3c2145fa04e0f3df5f022a3217ae,"AMOLED capacitive touchscreen, 16M colors",5.7 inches (~74.3% screen-to-body ratio),1440 x 2560 pixels (~518 ppi pixel density),
aae1659c09072795a9da1a5a9525b7710930c52813dc8d5162045394c3b954dc,"IPS LCD, 4.5 inches",4.5 inches,720 x 1280 pixels,
4686cbce0d6ef90c8f9b072d0a8fb4675e7152ebb7d7341baf43b90ba47d1ac0,"AMOLED, 1B colors, 144Hz, HDR10+","6.5 inches, 102.0 cm2 (~86.2% screen-to-body ratio)","1080 x 2400 pixels, 20:9 ratio (~405 ppi density)",
144be1ddf98a5a03fb5f4651ee1cec672adabc2e4fbb6945c52b77c9c5c2973b,"IPS LCD, 4.5 inches",4.5 inches,720 x 1280 pixels,
d937deacc1cc70e755a58265034cc96f4d145152cb159420f1158de441edf788,"AMOLED, 1B colors, 144Hz, HDR10+","6.5 inches, 102.0 cm2 (~86.2% screen-to-body ratio)","1080 x 2400 pixels, 20:9 ratio (~405 ppi density)",
941b88fda7ca14a9091ff312901195da902a755bbbd2014d9fe833647cc6f9ae,"AMOLED, 1B colors, 144Hz, HDR10+","6.5 inches, 102.0 cm2 (~86.2% screen-to-body ratio)","1080 x 2400 pixels, 20:9 ratio (~405 ppi density)",
ffcf6f2a3d8f0f8a8e5d736c78ba5aea744bf181ff0255af19154c0a634744de,"AMOLED, 4.7 inches",4.7 inches,720 x 1280 pixels,
8159ed15f3f171eaf5d8bb179065c430961f5c8b8045d00067f5d0a7cbc0ec32,6.67 inches OLED 165Hz,"6,67 inches",1080 x 2400 pixels,
795e4a148fb7c589b239d88d2341afc023a07d2f5b4390bc25ba37724f34ad06,"AMOLED, 1B colors, 144Hz, HDR10+","6.5 inches, 102.0 cm2 (~86.2% screen-to-body ratio)","1080 x 2400 pixels, 20:9 ratio (~405 ppi density)",
f422f2eadebe58a028d071fd60744a6937a4895437a7a0c271e65148632c2ecf,"P-OLED, 1B colors, 144Hz, HDR10+, 1100 nits (peak)","6.55 inches, 103.6 cm2 (~90.8% screen-to-body ratio)","1080 x 2400 pixels, 20:9 ratio (~402 ppi density)",
1e3da623160b8b6c07ddead4171578d15f1fa83820207361aaa25f24e14817fb,"AMOLED, 1B colors, 144Hz, HDR10+","6.5 inches, 102.0 cm2 (~86.2% screen-to-body ratio)","1080 x 2400 pixels, 20:9 ratio (~405 ppi density)",
10077001778881481ca404e668ef2322247ebfd9a923ace824a04234643aac17,"AMOLED, 1B colors, 144Hz, HDR10+","6.5 inches, 102.0 cm2 (~86.2% screen-to-body ratio)","1080 x 2400 pixels, 20:9 ratio (~405 ppi density)",
2d6a4c52a08035026ffcbf42b0264b2045591a1a0358c6d2136f9338babc6868,"OLED, 1B colors, 144Hz, HDR10+","6.7 inches, 108.4 cm2 (~87.4% screen-to-body ratio)","1080 x 2400 pixels, 20:9 ratio (~393 ppi density)",
26a3b11ec9dec17cf4b4f938f16452c81ce72320dc968f320af6cab07c5ef72e,"P-OLED, 1B colors, 144Hz, HDR10+, 1250 nits (peak)","6.67 inches, 107.4 cm2 (~90.3% screen-to-body ratio)","1080 x 2400 pixels, 20:9 ratio (~395 ppi density)",
958a0336c9a0d436929439f264030accf128ed7855bbcbe426b5ff38eaff811e,"P-OLED, 120Hz (LATAM), 144Hz (INT), 1600 nits (peak)","6.7 inches, 108.4 cm2 (~91.6% screen-to-body ratio)","1080 x 2400 pixels, 20:9 ratio (~393 ppi density)",
3afba9bcdc5cc0a6502e37dbcd8a6558b8135782497f9c243002274aa089a88d,"P-OLED, 1B colors, 144Hz, HDR10+, 2000 nits (peak)","6.7 inches, 107.4 cm2 (~92.0% screen-to-body ratio)","1220 x 2712 pixels, 20:9 ratio (~446 ppi density)",
0bf9fe05e32b3e6e001835171d4b784855f73a77392ccd98045b47dc8d041fa3,"OLED, 1B colors, 90Hz, HDR10+","6.7 inches, 110.2 cm2 (~95.8% screen-to-body ratio)","1080 x 2340 pixels, 19.5:9 ratio (~385 ppi density)",
25db52d0bcde0db480fdb259e19c652760e741fd99fde405ee2578d67eeec1bf,"IPS LCD, 90Hz, HDR10, 560 nits (HBM)","6.7 inches, 104.9 cm2 (~84.1% screen-to-body ratio)","1080 x 2520 pixels, 21:9 ratio (~409 ppi density)",
3f014a9d7f38b5ae1202576edad207110c499bf71a6c3abbc096db396be4ccb9,"LCD, 144Hz, HDR10","6.8 inches, 109.8 cm2 (~86.5% screen-to-body ratio)",1080 x 2460 pixels (~395 ppi density),
554f58dcd863bc20806d45894d24a09c34d4e1d3d4181bb509a84be8fbcde6c8,"AMOLED, 1B colors, 144Hz, HDR10+","6.5 inches, 102.0 cm2 (~86.2% screen-to-body ratio)","1080 x 2400 pixels, 20:9 ratio (~405 ppi density)",
0da98a8e62fd1cedce98a590461fc46d34fcc3b97e498efe59d4ff42f525f1c0,IPS LCD,"6.5 inches, 102.8 cm2 (~82.2% screen-to-body ratio)","720 x 1600 pixels, 20:9 ratio (~269 ppi density)",
0e0a27b6ab405d0ca0e009caecfedac9c524ba73ccf9ab72e3cb7129bf4cba97,"IPS LCD capacitive touchscreen, 16M colors","5.7 inches, 83.8 cm2 (~75.4% screen-to-body ratio)","1080 x 2160 pixels, 18:9 ratio (~424 ppi density)",
9866567eb24e559c87a910c66c6a10cea63da67d9eaa298d928f4e607ce3ec18,"5.0"" (inch)","5.0"" inches",720x1280 pixels,
c90aea2a4d827bc0d7e7cbbc39453faf648f39575e222f8297a2ba9816778bf9,"IPS LCD, 90Hz","6.5 inches, 102.0 cm2 (~82.9% screen-to-body ratio)","720 x 1600 pixels, 20:9 ratio (~270 ppi density)",
7931e4997b5ccca5550e5e6bc82fa8064b23dd1ede7a734e0cfc2f0d3479a463,"IPS LCD, 90Hz","6.5 inches, 102.0 cm2 (~82.9% screen-to-body ratio)","720 x 1600 pixels, 20:9 ratio (~270 ppi density)",
30a37fd71c5bc88ea9e54223f4463659891d235a50e573f7fbeb71be30c033b8,"IPS LCD, 90Hz","6.5 inches, 102.0 cm2 (~81.7% screen-to-body ratio)","720 x 1600 pixels, 20:9 ratio (~270 ppi density)",
1f62167c6d647c9e75c72070efb6a15022a6d12030cb8042d62633719646cc1c,"IPS LCD, 90Hz","6.5 inches, 102.0 cm2 (~82.9% screen-to-body ratio)","720 x 1600 pixels, 20:9 ratio (~270 ppi density)",
400414dc4e5a30a06dd2b1f110e56bd4204f52bee31511c8e7507e0659874c7e,"5.5"" (inch)","5.5"" (inch)",720x1280 pixels,
f0b703e09017ebcf8a4e1f49fc4eb13473bb9f183829044bb5642a6b89f17cce,5” (inch) HD,"5.0"" inches",720x1280 pixels,
1b86f60a3031301ec597f3c2bc519112be907b8dfe09603c075e34b583393e63,"IPS LCD, 90Hz","6.5 inches, 102.0 cm2 (~81.6% screen-to-body ratio)","720 x 1600 pixels, 20:9 ratio (~270 ppi density)",
ed5ac2de2a7951da9328c37aa529c57d0c43c09859df72209741f898c0fdcb38,"5.7"" (inch)","5.7"" inches",720x1440 pixels,
bc8438bc09d0a05767f0993473c1f131b5ca948eb06194256a472acecf3e3d5b,"IPS LCD capacitive touchscreen, 16M colors","6.1 inches, 91.3 cm2 (~80.3% screen-to-body ratio)","720 x 1560 pixels, 19.5:9 ratio (~282 ppi density)",
b8a4788b31bb1df402ab3d5d1799c28837f7e131f040670598a36a397f263f16,"IPS LCD capacitive touchscreen, 16M colors","6.1 inches, 91.3 cm2 (~80.4% screen-to-body ratio)","720 x 1560 pixels, 19.5:9 ratio 282 ppi density",
a1f8c95d04458be2a99525d6d578048360629c2fc682e89e87a98263ce5aed72,IPS LCD,"6.4 inches, 100.7 cm2 (~83.0% screen-to-body ratio)",1080 x 2300 pixels (~399 ppi density),
0e27077314998ce3333e8747c36378c4b2e82cae3300e34a29c32b7c02d279cc,IPS LCD,"6.8 inches, 111.6 cm2 (~85.0% screen-to-body ratio)","1080 x 2400 pixels, 20:9 ratio (~387 ppi density)",
64bcfac56c3922558bcf6acb86360435ba79d0995d3d98af14efc83939cd3ab9,"AMOLED, 1B colors, 144Hz, HDR10+","6.5 inches, 102.0 cm2 (~86.2% screen-to-body ratio)","1080 x 2400 pixels, 20:9 ratio (~405 ppi density)",
bc20c8b99851431d661ac2f68d1f971c7bf61351ab7dc94cf20bf72c0b48aca7,IPS LCD,"6.5 inches, 102.8 cm2 (~82.2% screen-to-body ratio)","720 x 1600 pixels, 20:9 ratio (~269 ppi density)",
9d786c48428db18e885ef49ec56d28c9edad660da4603015c84759695358a2c6,"IPS LCD, 90Hz","6.5 inches, 102.0 cm2","720 x 1600 pixels, 20:9 ratio (~270 ppi density)",
4b74d30c4e8df29a55cf9f201765efb8d1c9462962004483dbd990d3b97c9bdc,"IPS LCD, 90Hz","6.5 inches, 102.0 cm2","720 x 1600 pixels, 20:9 ratio (~270 ppi density)",
9efb771d7e48b8f1d18ef6f97afb01dc5af22b2964de4313f7f0f415500cbf14,"PS LCD, 120Hz, HDR10","6.8 inches, 109.8 cm2 (~85.3% screen-to-body ratio)",1080 x 2460 pixels (~395 ppi density),
1eced54534ac4577fd0351f4e73b68069e4ac54a68a14a824d4bdef6617a3276,AMOLED,"6.4 inches, 98.9 cm2 (~83.9% screen-to-body ratio)","1080 x 2400 pixels, 20:9 ratio (~411 ppi density)",
c783106d9b9064d7886cca6bb148145ca7fbc7fd5c264e6727d4b24f1682c180,"IPS LCD capacitive touchscreen, 16M colors","5.2 inches, 74.5 cm2 (~67.1% screen-to-body ratio)","1080 x 1920 pixels, 16:9 ratio (~424 ppi density)",
7cb5fbb1e601cb420cfe17ba3a37cd9b6a49bd0d5408a66a2c92ddfdd9db8463,"AMOLED, 90Hz","6.6 inches, 103.6 cm2 (~86.9% screen-to-body ratio)","1080 x 2400 pixels, 20:9 ratio (~402 ppi density)",
d2ce2745b71dc5fd99bedecb9b2f4f8728c2e9d26e4c34541b8734205d27fb2b,5.5” (inch),"5.5"" inches",1080x1920 pixels,
c091f5b213aa013525bf9191ee92534826b6190ec31953a5d38603ff3566865e,"5.9"" (inch)","5.9"" inches",1080x2160 pixels,
863301a1532906d504f44971715dd8876d1eb4720e19681ccb0f50bb6f8984c8,"IPS LCD capacitive touchscreen, 16M colors","5.7 inches, 81.4 cm2 (~77.3% screen-to-body ratio)","720 x 1512 pixels, 19:9 ratio (~294 ppi density)",
af4780a33f6b68c9bfb927a93613c7d76830f12e20b5f4594a58e8ab1120667f,"IPS Capacitive touch screen 16 million colors,","6.2 inches (81.4% screen-to-body ratio),",1080 x 2270 pixels (19:9 Ratio) 405 PPI pixel density,
1c986970558c779e8ee857b079d39a3ce948ab3b7db6fd218c44bbccd8c6c9eb,"AMOLED, 1B colors, 120Hz","6.6 inches, 104.0 cm2 (~86.8% screen-to-body ratio)",1080 x 2440 pixels (~404 ppi density),
7ecdfd1454301bf3ea8d5e4604b331377cab5855fd7526e7b05eb90872ac1cea,"P-OLED, 1B colors, 120Hz, HDR10+","6.55 inches, 101.9 cm2 (~85.3% screen-to-body ratio)",1080 x 2460 pixels (~410 ppi density),
f927d2f6b3f69f128e1496c8fc33bd64b9cb831de642022a2bfce28eab492651,"AMOLED, 120Hz","6.6 inches, 103.6 cm2 (~86.4% screen-to-body ratio)","1080 x 2400 pixels, 20:9 ratio (~402 ppi density)",
93d0555e0cb7467a895b1faac6a7371b9ea5b465e60820880a3ea4e2a3021db0,"P-OLED, 1B colors, 120Hz, 1300 nits (peak)","6.5 inches, 102.0 cm2 (~85.7% screen-to-body ratio)","1080 x 2400 pixels, 20:9 ratio (~405 ppi density)",
bc1cdeeacb6548570cd6903a86fce2af1b28bae40c80537a7710905da2e5d001,"IPS LCD, HDR10","6.7 inches, 108.4 cm2 (~85.7% screen-to-body ratio)","1080 x 2400 pixels, 20:9 ratio (~393 ppi density)",
9b5af9e3638f654757f459be0f848ece1393687b1e1b14bc8c0982a978493b75,"IPS LCD capacitive touchscreen, 16M colors","6.2 inches, 96.9 cm2 (~82.0% screen-to-body ratio)","1080 x 2280 pixels, 19:9 ratio (~407 ppi density)",
fa51da0f540ec32d4dfbfe965a274f3c98bbe521cb62541f387b9c7aa7f3cfe3,"Foldable P-OLED, 1B colors, 144Hz, HDR10+","6.7 inches, 108.4 cm2 (~81.3% screen-to-body ratio)","6.7 inches, 108.4 cm2 (~81.3% screen-to-body ratio)",
3def3d0d82841542846bef0fde9f6e2316b2dc9be98d48e2a13582e62ac14c7d,"LTPS IPS LCD capacitive touchscreen, 16M colors","5.2 inches, 74.5 cm2 (~68.4% screen-to-body ratio)","1080 x 1920 pixels, 16:9 ratio (~424 ppi density)",
68c4ec06d8fbbd9362ada4c52e715aa905d11b6d764865b5231428541c6e1c36,"AMOLED, 1B colors, 144Hz, HDR10+","6.5 inches, 102.0 cm2 (~86.2% screen-to-body ratio)","1080 x 2400 pixels, 20:9 ratio (~405 ppi density)",
af905e43dfa6bb9e9b2184c64df4132255fcd6bd4801cd37f6b7f054512f693c,"OLED, 1B colors, 165Hz, HDR10+","6.7 inches, 108.4 cm2 (~90.9% screen-to-body ratio)","1080 x 2400 pixels, 20:9 ratio (~393 ppi density)",
a6b5d345e4f541726a6657309f7ab45b8ce86eebcfde2e93c1773b3ac8c1b048,"LTPS IPS LCD capacitive touchscreen, 16M colors","5.9 inches, 89.8 cm2","1080 x 2160 pixels, 18:9 ratio (~409 ppi density)",
a4b83edf09a436aaae8d6e63666aecdfe988803084f33955a6733304fdff76ea,"5.5"" (inch)","5.5"" inches",1080x1920 pixels,
3aed76c17ec0b85dfa56253522db39066111df9f921003a6d790570c840b3356,"P-OLED capacitive touchscreen, 16M colors","5.5 inches, 83.4 cm2 (~70.4% screen-to-body ratio)","1440 x 2560 pixels, 16:9 ratio (~534 ppi density)",
2e9813428a8407b8e252614438134e65131b8f4fa7f7e8f59f46d0a241f5aef5,"Super AMOLED capacitive touchscreen, 16M colors","5.5 inches, 83.4 cm2 (~70.1% screen-to-body ratio)","1080 x 1920 pixels, 16:9 ratio (~401 ppi density)",
3308fe60eba10b5e0d99e6d0e695390617898a2d4c4bb7e9068df196afa8a2dc,"Super AMOLED capacitive touchscreen, 16M colors","6.01 inches, 93.2 cm2 (~77.9% screen-to-body ratio)","1080 x 2160 pixels, 18:9 ratio (~402 ppi density)",
c72332a5e037343b1f37a65f18544bb9d85a1c90c9d3a19e8355e411263d4118,"OLED capacitive touchscreen, 16M colors","6.4 inches, 100.5 cm2 (~84.8% screen-to-body ratio)","1080 x 2340 pixels, 19.5:9 ratio (~403 ppi density)",
b2f05988049edef4cf67e1bb6137d36f4f3d4d457fe3d99e50bfe145119e1d5b,"AMOLED, 1B colors, 144Hz, HDR10+","6.5 inches, 102.0 cm2 (~86.2% screen-to-body ratio)","1080 x 2400 pixels, 20:9 ratio (~405 ppi density)",
0208dbebbb1bb99d29feb90d995beccf169588752f2c85fc2ba817fad3ccee63,"IPS LCD Capacitive Touchscreen, 16M Colors, Multitouch",6.3 Inches,1080 x 2520 Pixels (~435 PPI),
f8000636d5cbdc42b40639e6f60dfe277fa3ae392b02e3189bb81c4ecf08d54f,"IPS LCD capacitive touchscreen, 16M colors","6.5 inches, 103.7 cm2 (~83.7% screen-to-body ratio)","1080 x 2340 pixels, 19.5:9 ratio (~396 ppi density)",
31441df4e3c7eea79019f0e53643c105885c463b86d0d84e629e25f815dea0d7,"IPS LCD capacitive touchscreen, 16M colors","6.2 inches, 96.9 cm2 (~81.7% screen-to-body ratio)","1080 x 2246 pixels, 18.7:9 ratio (~402 ppi density)",
3befc5f7b03ed2738d9ced276cdb646b1cb940df4e96a437e94857fb50338cb3,"LTPS IPS LCD Capacitive touch screen 16 million colors,","6.3 inches (82.5% screen-to-body ratio),",1080 x 2520 pixels (21:9 Ratio) 432 PPI pixel density,
6f2bd147ad7fed45cb0b92d26c2075d16dfb14c9f18f69a74d9879080dbf8df4,"IPS LCD capacitive touchscreen, 16M colors","6.2 inches, 95.1 cm2 (~83.5% screen-to-body ratio)",1080 x 2310 pixels (~411 ppi density),
367ce6336a1ab4372df453a8c08a8573580b1885624b22c9dc6d1d5b187c3e2a,"Foldable LTPO AMOLED, 1B colors, Dolby Vision, 165Hz, HDR10+, 3000 nits (peak)","6.9 inches, 107.6 cm2 (~84.9% screen-to-body ratio)",1080 x 2640 pixels (~413 ppi density),
ab148429cc9369fd9b7689117afdf02437a9b684e422950c1c7c455c0c33318b,IPS LCD Capacitive Touchscreen,6.51 (Inches),720 x 1600 (Pixels),
2ad192c8f99acb1cdd8acc96e1a8729929429e41d6d3b7e63f08b06257b5cc7b,1.5 Ghz Quad Core Cortex-A53,5.5 (Inches),480 x 960 (Pixels),
0a87eb48326356b1c65a2e6f7fb701262ad9fd8515609a57650d8c2b68d6d564,IPS LCD Capacitive Touchscreen,6.2 (Inches),720 x 1520 (Pixels),
9225f9f113e0d76eea8021610d49654d6bd0f5d78d123644f537bc216ca50467,IPS LCD Capacitive Touchscreen,6.5 (Inches),720 x 1600 (Pixels),
50436517aefd14ef879d11ea7606ff39175d8f45ada1211e75920bd188cba8c1,IPS LCD Capacitive Touchscreen,6.5 (Inches),720 x 1600 (Pixels),
d21baf017a4f4fe5dfbdf255ee5226e98e0b6538921179fc91c7d47251494bf2,"IPS LCD capacitive touchscreen, 16M colors","5.86 inches, 85.7 cm2 (~79.6% screen-to-body ratio)","720 x 1520 pixels, 19:9 ratio (~287 ppi density)",
5bd5f42a85d4a9b09bc093a5d7a7d7153a23c63895ea79c61cc3cd68860b1ffe,"IPS LCD capacitive touchscreen, 16M colors","6.0 inches, 92.9 cm2 (~77.5% screen-to-body ratio)","720 x 1440 pixels, 18:9 ratio (~268 ppi density)",
4091c9c8e7a436c32806533004a24c2c277438a79a1cf3d37c2452daa605d242,"IPS LCD capacitive touchscreen, 16 Millions colors",5.45 inches,"720 x 1440 pixels, 18:9 ratio",
420af7fdcf0f1f1338fc49cafbc67c0bdede063791a5d5b93f0c468dd801a32f,IPS LCD Capacitive Touchscreen,6.3 (Inches),720 x 1520 (Pixels),
317bd71c0edc2a2f5ee478c6f972f3cbf41934be43dff54ad442e0f93e5493cb,IPS LCD Capacitive Touchscreen,6.3 (Inches),720 x 1520 (Pixels),
0f366779b7c298e540714852c36886be0c84da2a544e7f683b4b55caaea1fefd,IPS LCD Capacitive Touchscreen,6.3 (Inches),720 x 1520 (Pixels),
40cc9dc998591092af74d918567262a479e2c2ef1f26123fe8f7062eddd7db48,"IPS LCD capacitive touchscreen, 16M colors","5.86 inches, 85.7 cm2 (~79.6% screen-to-body ratio)","720 x 1520 pixels, 19:9 ratio (~287 ppi density)",
fc051a464c9cc40facc0875ff5290f908271df29083a7c7493d0fb22187afdb2,"IPS LCD capacitive touchscreen, 16M colors","5.86 inches, 85.7 cm2 (~79.6% screen-to-body ratio)","720 x 1520 pixels, 19:9 ratio (~287 ppi density)",
7172aacd003adc244e420b7392e4062644ed58ac3f7a3bc4d86ac82fa21701ef,"IPS LCD capacitive touchscreen, 16M colors","5.86 inches, 85.7 cm2 (~79.6% screen-to-body ratio)","720 x 1520 pixels, 19:9 ratio (~287 ppi density)",
dd9d208b5767506cb25c10afb075e842fbc67a62c3364c321978c9d76f0513f9,"IPS LCD capacitive touchscreen, 16M colors","6.3 inches, 99.1 cm2 (~82.5% screen-to-body ratio)","1080 x 2280 pixels, 19:9 ratio (~400 ppi density)",
6411448ea1c11a2e87e9b921011985957d3c16bef1f65eec663103fe3cfb3e47,16M Colors | Multitouch,6.55 (Inches),720 x 1600 (Pixels),
0c1ab704d7b5b9fcb0c859ec0523c780eb066ba3387f3d832f8223971697754d,IPS LCD Capacitive Touchscreen,6.39 (Inches),720 x 1560 (Pixels),
ef482356270e64fbff9fda7f36091fe705dd1d2da1c7cf9fbd0335eee0ec54a7,"IPS LCD capacitive touchscreen, 16M colors","5.8 inches, 85.1 cm2 (~81.5% screen-to-body ratio)","1080 x 2280 pixels, 19:9 ratio (~432 ppi density)",
14fd1f4c1bb15ee715123eed10e1c2b2ff5d173a67b32422049ad0ffa7680daa,"IPS LCD capacitive touchscreen, 16M colors","6.3 inches, 99.1 cm2 (~82.5% screen-to-body ratio)","1080 x 2280 pixels, 19:9 ratio (~400 ppi density)",
263cb7dcf6dc3fa868904a43e42d0b2d25a82c9530f24d10402581ea4eda96b4,"LTPS IPS LCD capacitive touchscreen, 16M colors",6.3 inches,"1080 x 2240 pixels, 18.7:9 ratio",
292dc299ed34da4c9ed74ff63ccb717b44bae0496c21da1a572b6f4f7805cf3d,IPS LCD Capacitive Touchscreen,6.3 (Inches),1080 x 2280 (Pixels),
1eb4f74594e6c1941e5241037edd3179105757ce4b659239e219c91cddb3e3c4,"IPS LCD, HDR10","6.5 inches, 102.0 cm2 (~80.6% screen-to-body ratio)","1080 x 2400 pixels, 20:9 ratio (~405 ppi density)",
0516d068329d3294fa2d8978cee5bde15705921b936ca62cd07680d70312da07,"IPS LCD capacitive touchscreen, 16M colors","6.0 inches, 92.4 cm2 (~77.2% screen-to-body ratio)","1080 x 2160 pixels, 18:9 ratio (~403 ppi density)",
5162014f63f1419557120e7a6aa8d7b96e0849bd59e27944b98ba685685d99e4,"IPS LCD capacitive touchscreen, 16M colors","5.2 inches, 74.5 cm2 (~73.8% screen-to-body ratio)","1080 x 1920 pixels, 16:9 ratio (~424 ppi density)",
38b9d3251d467f6e399118ef615550db8762365d6ec78d4af7b4dbf1e14c6fe7,"IPS LCD capacitive touchscreen, 16M colors","6.22 inches, 90.4 cm2",1080 x 2520 pixels (~441 ppi density),
d634cc6962c3ae3607fba1b9cfc5fe1098c1762f48bc1471478d6964dd3dd382,6.18’’ (inch) Full HD,6.18’’ inches,1080x2280 pixels,
3473ed8863e4908850046fece08182ab915d89a5a93d29f85479b9b960efc15f,"IPS LCD capacitive touchscreen, 16M colors",6.5 inches,"1080 x 2280 pixels, 19:9 ratio 408 ppi density",
a99ef67913df8986fb2354d11a784e6f574bb78dd9a039b608da6d4eaed3a965,IPS LCD Capacitive Touchscreen,6.81 (Inches),1080 x 2400 (Pixels),
5199a00d50c6047481fddc3a22ad464dfb0202838816a8def50e83925ef603d0,"IPS LCD capacitive touchscreen, 16M colors",6.5 inches,"1080 x 2280 pixels, 19:9 ratio",
18590099839fc80978ed55a3fa533b9f12519a3c3fe580e5f331fb3e4eb142b2,"IPS LCD capacitive touchscreen, 16M colors","6.81 inches, 112.0 cm2 (~82.9% screen-to-body ratio)","1080 x 2400 pixels, 20:9 ratio",
d32cc1508f4e7c03b8f3d00a19d9bb3170ad618955e47671459160d75c4a6fbb,5.3” (inch) HD,5.3” inches,1440x2560 pixels,
9a91182085fbeca4f2db58c38d09277ccdf1cb1bc5fa2a474da186ad51d5caa3,"P-OLED capacitive touchscreen, 16M colors",6.39 inches,"1440 x 2960 pixels, 18.5:9 ratio 538 ppi density",
912afecca83191b071c551a1922d950965a2289dacd6b2185442b3f392136bb5,"P-OLED capacitive touchscreen, 16M colors","5.99 inches, 92.6 cm2 (~79.7% screen-to-body ratio)","1440 x 2880 pixels, 18:9 ratio (~538 ppi density)",
5948faec45f53e1374e43637d2290750197f108800c2ac297c44d931c07d63c8,"IPS LCD capacitive touchscreen, 16M colors","6.0 inches, 92.9 cm2 (~77.5% screen-to-body ratio)","720 x 1440 pixels, 18:9 ratio (~268 ppi density)",
c4a0507c9461d2377cf4ed57ca7b81dc4219dafc8f9a768da5d7a0401fef786c,"IPS LCD capacitive touchscreen, 16M colors","6.0 inches, 92.9 cm2 (~77.5% screen-to-body ratio)","720 x 1440 pixels, 18:9 ratio (~268 ppi density)",
c06b898ff4ea2560ae8d7366dcc2baf3d402833b7fa6145edbbbf47404697aef,"IPS LCD capacitive touchscreen, 16M colors","5.86 inches, 85.7 cm2 (~79.6% screen-to-body ratio)","720 x 1520 pixels, 19:9 ratio (~287 ppi density)",
b8f778f359d17e3826e392e40d4468c0259727f77327ae2da5fe7fe282d4af13,"IPS LCD capacitive touchscreen, 16M colors","6.0 inches, 92.9 cm2 (~77.5% screen-to-body ratio)","720 x 1440 pixels, 18:9 ratio (~268 ppi density)",
ce143dd4fe857b7d10a1c4cf237e7afd6521521b456158e6c535c7c92553aaa4,IPS LCD,"6.75 inches, 110.0 cm2","720 x 1600 pixels, 20:9 ratio (~260 ppi density)",
90ce1094090baf30a0690554238d4f3e2813b7a5e36b37e674ea2736e190aafb,"TFT, 16M colors",6.5-inch,"240 x 320 pixels, 4:3 ratio (~182 ppi density)",
c81547bae4ea70889b6556b01c9644a4fa25da9393f6c8c17cd57ff961f05f5e,"IPS LCD capacitive touchscreen, 16M colors","5.86 inches, 85.7 cm2 (~79.6% screen-to-body ratio)","720 x 1520 pixels, 19:9 ratio (~287 ppi density)",
ae9b4b9507400b970b6f8cdff668533a74c015fdd0b16b74b3a92dcc46d2139f,IPS LCD Capacitive Touchscreen,6.52 (Inches),720 x 1600 (Pixels),
727c6518eaf236a7f84f1b65a585284dafa9a9a5cd5f10b072391a3cbef0b731,"IPS LCD, 90Hz, 400 nits (typ)","6.52 inches, 102.6 cm2 (~82.1% screen-to-body ratio)","720 x 1600 pixels, 20:9 ratio (~269 ppi density)",
ec530fb10631e4fc53fe31c2fbea650a201a8a333540cd7dc42691f172529e70,IPS LCD Capacitive Touchscreen,6.5 (Inches),720 x 1600 (Pixels),
112a79e84fd76aaf53dfe8a45c16fc296dc736bf6536b3611dac17093117b1aa,IPS LCD,"6.52 inches, 102.6 cm2 (~81.9% screen-to-body ratio)","720 x 1600 pixels, 20:9 ratio (~269 ppi density)",
bccffb76a0aff5a3bb1ab3aeccc6974eee10c75f3747e69e0b8262f57b8981dc,"IPS LCD, 90Hz, 400 nits (typ)","6.5 inches, 102.0 cm2 (~81.6% screen-to-body ratio)","720 x 1600 pixels, 20:9 ratio (~270 ppi density)",
429cc7744a9d04aa20e14ecbde641a2f6f789c887adb2a7f3e6861dd3f9cc90a,IPS LCD,"6.52 inches, 102.6 cm2 (~77.3% screen-to-body ratio)","720 x 1600 pixels, 20:9 ratio (~269 ppi density)",
c2b976495d4ffa8a97dffa237003a7e26f7691f8c24dea5b7c9e5870cc5ea376,"IPS LCD, 120Hz","6.58 inches, 104.3 cm2 (~81.7% screen-to-body ratio)",Full HD+ resolution,
7c979fa2382f1e09da8631b21f2498db15718eb8a69aa0c928bf5b97dfdc63cf,"IPS LCD, 450 nits (typ)","6.82 inches, 114.2 cm2 (~84.5% screen-to-body ratio)","720 x 1560 pixels, 19.5:9 ratio (~252 ppi density)",
b1e9ef5d458de91d5c6d3209fdfc5c945874d70649a8ed1317b33d20f3d0fe7d,"IPS LCD, 120Hz, 400 nits (typ)","6.58 inches, 104.3 cm2 (~82.8% screen-to-body ratio)","1080 x 2408 pixels, 20:9 ratio (~401 ppi density)",
db887d8758bc3b1d4173ec4103209350e2e0864415c976f20fa39c90c585279d,"IPS LCD, 4.5 inches",4.5 inches,480 x 854 pixels,
4f8f7cdf08d56c1e690e480f8c3e1ec1b4826586f1c2b9a45addf7776df23602,"AMOLED, 5.0 inches",5.0 inches,1080 x 1920 pixels,
b61656ea24b97964f41ccab1442ace05eeec50ae9328cd93974d810ebe9fb3e4,"Quad HD IGZO display 16M colors,",5.3 Inches,N/A,
ca84749d2490283157db0db45336039cd0bcd1bf1e7bbfb51742cd891cc1b0de,"IPS LCD capacitive touchscreen, 16M colors",,"1080 x 2160 pixels, 18:9 ratio",
430265f18bc335a7d6a8798366b76a9d81ccca8ff6dc26ae8458ad779cc3b6e3,"Liquid Retina IPS LCD, 500 nits 1640 x 2360 pixels (~264 ppi density) Protection Scratch-resistant glass, oleophobic coating","10.4 inches, Sensors Accelerometer",,
7bc93516050ad978ace25acc8ff3ea337cfdfc688b5e32150edd15d9a1b17670,"IPS LCD, 450 nits (typ)","6.67 inches, 107.4 cm2 (~79.8% screen-to-body ratio)","1080 x 2400 pixels, 20:9 ratio (~395 ppi density)",
1e647c6680e48cde02e86a103fec5bddf95cb3a5cbf5aeb03047362d66b4c6fa,IPS LCD Capacitive Touchscreen,6.6 (Inches),1080 x 2400 (Pixels),
d32b28a3864430720b1e82ad1756dd9ae194d184f117c8691a4b2708165b2ca2,"AMOLED, 90Hz, 450 nits (typ), 700 nits (peak)","6.43 inches, 99.8 cm2 (~85.0% screen-to-body ratio)","1080 x 2400 pixels, 20:9 ratio (~409 ppi density)",
391306a009bc2ace39aac41101e3f926a5a2d5652d198143a918cc2efd42f44a,"IPS LCD capacitive touchscreen, 16M colors","6.39 inches, 100.9 cm2 (~83.9% screen-to-body ratio)",1080 x 2316 pixels (~400 ppi density),
21154c3ecf2b8fc47aaf1738f06ef77ae2972f5e8ab4f04641528c2383298dc7,"IPS LCD, 550 nits","6.67 inches, 107.4 cm2 (~76.8% screen-to-body ratio)","1080 x 2400 pixels, 20:9 ratio (~395 ppi density)",
2bd8459778ea1d73996c40516c6b74387d3003458a7dadfa3065f1bed8f3e0e2,"Optic AMOLED capacitive touchscreen, 16M colors","6.01 inches, 93.7 cm2 (~80.0% screen-to-body ratio)","1080 x 2160 pixels, 18:9 ratio (~401 ppi density)",
9a53b8dea285d3c630cb6ca4adc8ea814e185dc5b2a004a61823bea2edc8763c,"LTPO2 AMOLED, 1B colors, 120Hz, HDR10+, 500 nits (typ), 800 nits (HBM), 1300 nits (peak)","6.7 inches, 108.4 cm2 (~90.0% screen-to-body ratio)","1440 x 3216 pixels, 20:9 ratio (~525 ppi density)",
dfe184172baf46b06349455afa2b7da3b8b4f3d5d4ebb1c7f0d88765b9de544a,"LTPO2 AMOLED, 1B colors, 120Hz, HDR10+, 500 nits (typ), 800 nits (HBM), 1300 nits (peak)","6.7 inches, 108.4 cm2 (~90.0% screen-to-body ratio)","1440 x 3216 pixels, 20:9 ratio (~525 ppi density)",
868086121464cfd056f323f8b814b0a5a9e8511a4656cdb48e4d54e603d1adf6,"AMOLED, 1B colors, 120Hz, HDR10+","6.7 inches, 108.0 cm2 (~87.6% screen-to-body ratio)","1080 x 2412 pixels, 20:9 ratio (~394 ppi density)",
5de76b4bf19d6875f968fc59c9de34034c5c1bacd434e29af5102c301babc77c,"LTPO2 Fluid AMOLED, 1B colors, 120Hz, HDR10+, 500 nits (typ), 800 nits (HBM), 1300 nits (peak)","6.7 inches, 108.0 cm2","1440 x 3216 pixels, 20:9 ratio (~526 ppi density)",
25770041f8338f2de62dae68926489c2df40bfca1f69a3459ac47bbc39c4c81c,"LTPO AMOLED, 1B colors, 120Hz, Dolby Vision, HDR10+, HDR Vivid",6.32″ (~90.6% screen-to-body),1216 × 2640 (~460 ppi),
8b67d10d74adaef34c2e8fca2e5412cedd2c0c6c54658186f5947d576afb9407,"LTPO AMOLED, 1B colors, 165Hz, PWM, Dolby Vision, HDR10+, HDR Vivid",6.78 inches,"1272 × 2772 pixels, 19.5:9 (~450 ppi)",
ae236b0a50d473971ef33f4b3135df8a0b8aa252d7349a6cef520b2b2233a864,"17.35 cm (6.83 inches, measured diagonally)","17.35 cm (6.83 inches, measured diagonally)","2800×1272 Pixels (FHD+), 450 ppi",
c0acfd47ae5a07f5f4348db331f306309b0099a0a16a2cb59a2d756e8d5b681e,"17.35 cm (6.83 inches, measured diagonally)","17.35 cm (6.83 inches, measured diagonally)","2800×1272 Pixels (FHD+), 450 ppi",
1962821f59bb74ed04fa43834c8dccecdfda67ed131fcb8ddd8d3ce13c41f044,"5.5"" (inches)",5.5 inches,1080x1920 pixels,
e57b86d1bd45920c3ead517f1cd9ac233223f0fe722649aa267df769495ff43a,6.01 (inches),6.01 inches,1080x2160 pixels,
d155ac62bb9e076b1c61312fb9e624a7c91aec1687739078aff7fd83c13aaf90,"6.28"" (inch)",6.28 inches,1080x2280 pixels,
59983e7de1536ea02f08d3d1195800619bc0703c2c8652445545871df6c1c856,"Fluid AMOLED capacitive touchscreen, 16M colors","6.67 inches, 108.8 cm2 (~88.1% screen-to-body ratio)","1440 x 3120 pixels, 19.5:9 ratio (~516 ppi density)",
ffc06e025612a7b6a0509baf33d2891475e0e3d0dab3c250dba369309e319a53,"Fluid AMOLED capacitive touchscreen, 16M colors","6.67 inches, 109.2 cm2 (~88.5% screen-to-body ratio)","1440 x 3120 pixels, 19.5:9 ratio (~515 ppi density)",
1cdea5bbb68690a536b76ec9109733d6dc04fe44e8bfb1f4144267c42ac74cc3,"Fluid AMOLED capacitive touchscreen, 16M colors","6.67 inches, 108.8 cm2 (~88.1% screen-to-body ratio)","1440 x 3120 pixels, 19.5:9 ratio (~516 ppi density)",
76dff3841250c9493f1264b878c318e2ef3434b4110c767f34477a09c949ef49,"Fluid AMOLED capacitive touchscreen, 16M colors","6.55 inches, 103.6 cm2 (~88.7% screen-to-body ratio)","1080 x 2400 pixels, 20:9 ratio (~402 ppi density) HDR10+ 90Hz refresh rate",
00faa6cf9a5afb230a68d623ccbeffd9d799ae0d841a603b3d5336bbbf3e7020,"LTPO2 AMOLED, 1B colors, 120Hz, HDR10+, 500 nits (typ), 800 nits (HBM), 1300 nits (peak)","6.7 inches, 108.4 cm2 (~90.0% screen-to-body ratio)","1440 x 3216 pixels, 20:9 ratio (~525 ppi density)",
72f30c3458de0a4701ad357f86dd1f4afaf884d6e04321a61e2b6a62bd7065eb,"LTPO2 AMOLED, 1B colors, 120Hz, HDR10+, 500 nits (typ), 800 nits (HBM), 1300 nits (peak)","6.7 inches, 108.4 cm2 (~90.0% screen-to-body ratio)","1440 x 3216 pixels, 20:9 ratio (~525 ppi density)",
a71c4a26c16d6eb8c34d26bffc2e7f2e9c3663cbbbe4487f54e6c695a5dbbdc4,"LTPO2 AMOLED, 1B colors, 120Hz, HDR10+, 500 nits (typ), 800 nits (HBM), 1300 nits (peak)","6.7 inches, 108.4 cm2 (~90.0% screen-to-body ratio)","1440 x 3216 pixels, 20:9 ratio (~525 ppi density)",
cbb83202439de99ecee7d307e70a525c32527a0b485d25f9472ede91d2123877,"LTPO2 AMOLED, 1B colors, 120Hz, HDR10+, 500 nits (typ), 800 nits (HBM), 1300 nits (peak)","6.7 inches, 108.4 cm2 (~90.0% screen-to-body ratio)","1440 x 3216 pixels, 20:9 ratio (~525 ppi density)",
1b79cd4c73530e399757555312968b3d1bcfb72e0d5a9cb89e44b5375dee3ec5,"AMOLED, 120Hz, HDR10+","6.62 inches, 106.3 cm2 (~87.9% screen-to-body ratio)","1080 x 2400 pixels, 20:9 ratio (~397 ppi density)",
6763f477bf66cfdb94c6d65252481ee68138f46a097939d6c7915a1277596298,"LTPO AMOLED, 1B colors, 120Hz, HDR10+, Dolby Vision, 800 nits (typ), 1600 nits (HBM), 4500 nits (peak)","6.78 inches, 111.7 cm2 (~90.9% screen-to-body ratio)",1264 x 2780 pixels (~450 ppi density),
83f5dae7a381340ceabb3d27b563423f56d3ff6afb0fba2d0c5b892f299df890,"AMOLED, 1B colors, 120Hz, 1100 nits (HBM), 2150 nits (peak)","6.74 inches, 109.2 cm2 (~89.3% screen-to-body ratio)","1240 x 2772 pixels, 20:9 ratio (~451 ppi density)",
d1277fccb83cddea5dc188691a4c3a2487a5b7d25bcd73f55bbe30e72360384a,"OLED, 1B colors, 120Hz, HDR10+, 500 nits (typ), 800 nits (HBM), 950 nits (peak)","6.7 inches, 108.0 cm2 (~87.6% screen-to-body ratio)","1080 x 2412 pixels, 20:9 ratio (~394 ppi density)",
d751884188426add44638b4f0c8c2c5b7179297fa9fe3669474fc339bb077d90,"Fluid AMOLED, 1B colors, 120Hz, HDR10+, 500 nits (typ), 800 nits (HBM), 950 nits (peak)","6.7 inches, 108.0 cm2 (~87.9% screen-to-body ratio)","1080 x 2412 pixels, 20:9 ratio (~394 ppi density)",
f02c2bd8f391218bf872603e67d883496f5318ea157ba9ad2b47219b01f52f28,"AMOLED, 90Hz, HDR10+","6.43 inches, 99.8 cm2 (~85.7% screen-to-body ratio)","1080 x 2400 pixels, 20:9 ratio (~409 ppi density)",
af20774d890e51c5537f09ece77e11e60b03f03564500ecf6857a52a978607b9,"Fluid AMOLED, 1B colors, 120Hz, HDR10+, 1450 nits (peak)","6.74 inches, 109.2 cm2 (~89.8% screen-to-body ratio)","1240 x 2772 pixels, 20:9 ratio (~451 ppi density)",
a186475198177a639d8a82ca8aceef4dfa280773c3d48f2c31f18f838d55ca03,"Fluid AMOLED, 1B colors, 120Hz, HDR10+, 900 nits (HBM), 1100 nits (peak)","6.7 inches, 108.0 cm2 (~88.3% screen-to-body ratio)","1080 x 2412 pixels, 20:9 ratio (~394 ppi density)",
ae9a3beb791f60853139bb74309561221adc9505d749ec1b4fbd24379a5032f2,"IPS LCD, 90Hz","6.49 inches, 101.7 cm2 (~83.5% screen-to-body ratio)","1080 x 2400 pixels, 20:9 ratio (~406 ppi density)",
8821a2114b0d6a3fb6c966da11611f44654bfafa26c13118082997862ed2206c,"IPS LCD, 90Hz, 480 nits (typ), 600 nits (HBM)","6.56 inches, 103.4 cm2 (~84.2% screen-to-body ratio)","720 x 1612 pixels, 20:9 ratio (~269 ppi density)",
45ccb60cb18966a90ec2701037b57b8c7bb061df8545840c30e9cd2a3f25098c,"IPS LCD, 90Hz","6.49 inches, 102.2 cm2 (~83.7% screen-to-body ratio)","1080 x 2400 pixels, 20:9 ratio (~405 ppi density)",
963f1a618ffe9b640f0e3e3805fafb95b9b5ae6145d18a4fb26b5a31d7182faf,"AMOLED, 120Hz","6.7 inches, 108.4 cm2","1080 x 2400 pixels, 20:9 ratio (~393 ppi density)",
41bd6b0e2a18bfefb757a5ed29090ac0448b74d3b208870d666453bf406d3f99,Corning Gorilla Glass 3,6.22 inches,720x1520 pixels,
38abe6fa6e66e0075a692c2eea551464079b350eb8565ecc5aa03a2c53f23ba8,"IPS LCD, 90Hz, 480 nits (typ)","6.5 inches, 102.0 cm2 (~82.9% screen-to-body ratio)","720 x 1600 pixels, 20:9 ratio (~270 ppi density)",
030048ef893389b88cd32b62cb68fe434fe9532b68bf0616ed7945e42d8d768a,"IPS LCD Capacitive Touchscreen, 16M Colors, Multitouch",6.22 Inches,720 x 1520 Pixels (~270 PPI),
dd6a4c40af09b2c8636035f152c9bec898bb295fd399d651aeeed2fe60e01abc,"IPS LCD capacitive touchscreen, 16M colors",6.5 inches (82.5% screen-to-body ratio),"720 x 1600 pixels, 19.5:9 ratio",
8d2c5547b94fa405bfaad6821a634c80393dd16eda66bb9bc2ae759c693bd6a6,IPS LCD | 480 nits (typ) | Touchscreen,6.52 (inches),720 x 1600 (pixels),
1b27bb139693b49ac0ca893963a71ad80f6a398d1b2c7d2f0367524a9114f9ca,IPS LCD | 480 nits (typ) | Touchscreen,6.52 (inches),720 x 1600 (pixels),
f46c2c3703cab56900eeebd580c95aa06964ef01ab1e9bcc7a668b4a879bf9a1,"IPS LCD, 480 nits (typ),16M Colors",6.5 (Inches),720x1600 pixels,
9b193c3c7643b9746a55f8b45381e4d152ec29144fab34b592339c2f09033fb5,"IPS LCD, 480 nits (typ),16M Colors",6.5 (Inches),720x1600 pixels,
bf92ef484fabe7e2184a0916267ab4449f10e623ce34e40105a08cda5228b4df,"IPS LCD, 480 nits (typ), 550 nits (peak)","6.51 inches, 102.3 cm2 (~82.6% screen-to-body ratio)","720 x 1600 pixels, 20:9 ratio (~270 ppi density)",
db02234c62da17f83c813700cd61811ec26824ef0fa20ceddcd24c9c639cc49d,IPS LCD Capacitive Touchscreen | 16M Colors | Multitouch,6.52 (Inches),720 x 1600 (Pixels),
9365dd55d00758e850d981c73daa263b4b2a7084c351eb5f0effbd0ec7339f12,IPS LCD Capacitive Touchscreen,6.5 (Inches),720x1600 pixels,
b08812421f041dde73e278377be6cdac056eefeb662cb05b943664eba1c8b55f,"IPS LCD, 480 nits (typ)","6.52 inches, 102.6 cm2 (~82.9% screen-to-body ratio)","720 x 1600 pixels, 20:9 ratio (~269 ppi density)",
5b84e79a6e005293f8296038884974db784ef7ccf0e4782703c3c37bc08fef02,IPS LCD Capacitive Touchscreen | 16M Colors | Multitouch,6.56 (Inches),720 x 1612 (Pixels),
c46aa57bc650fc3847fe3cd0601fe59ba093e15790c6003ef75fc4396024a1ce,"IPS LCD, 480 nits (typ), 600 nits (HBM)","6.56 inches, 103.4 cm2 (~83.3% screen-to-body ratio)","720 x 1612 pixels, 20:9 ratio (~269 ppi density)",
62f53fbf3666569ce71a1dae9ce44f4517285268bb2d5b8d3b6bfdbba3e7b4f0,"IPS LCD, 90Hz, 720 nits (peak)","6.56 inches, 103.4 cm2 (~84.2% screen-to-body ratio)","720 x 1612 pixels, 20:9 ratio (~269 ppi density)",
11b3dab8fc32470da35d5c46ab5beded2e264bada7217a9cc6f36d5a33393f6d,"IPS LCD capacitive touchscreen, 16M colors","6.1 inches, 91.3 cm2 (~80.1% screen-to-body ratio)","720 x 1560 pixels, 19.5:9 ratio (~282 ppi density)",
cd52a40b1f5931113ae6067ccf9329bfc574c66687652366ff77b1d78799bd24,"IPS LCD, 90Hz, 480 nits (typ), 600 nits (HBM)","6.56 inches, 103.4 cm2 (~84.0% screen-to-body ratio)","720 x 1612 pixels, 20:9 ratio (~269 ppi density)",
1b02feab2092e76b9f1213fbc16d57477e22253b631b02b27ee839a5b37cda04,"IPS LCD, 90Hz, 680 nits (peak)","6.72 inches, 109.0 cm2 (~86.6% screen-to-body ratio)","1080 x 2400 pixels, 20:9 ratio (~392 ppi density)",
24c7ef039d760e927b57164288ccb1581440521a56f691765a58827463e9705d,"IPS LCD, 90Hz, 720 nits (peak)","6.56 inches, 103.4 cm2 (~84.0% screen-to-body ratio)","720 x 1612 pixels, 20:9 ratio (~269 ppi density)",
5ef92f5756be99a65034aebe2dc2f064f919c2654577f9adac794451f14912fa,"IPS LCD Capacitive Touchscreen, 16M colors",6.5 inches,"720 x 1600 pixels, 20:9 ratio",
8d7e8e4e145220150cbe7d811800e8b9e270888d8339a514159e88b6cb9456db,"IPS LCD capacitive touchscreen, 16M colors",5.0 inches (~67.8% screen-to-body ratio),720 x 1280 pixels (~294 ppi pixel density),
ac8e1c5ea4264794ea86a7eae0369c3615687de7afb94b3453a6164027ec1e97,"IPS LCD Capacitive Touchscreen, 16M Colors, Multitouch",6.56 Inches,720 x 1612 Pixels (~269 PPI),
1a6a0fd9ef96d164091245a64df09402516703681caf8660b1721f7f16e89080,"IPS LCD capacitive touchscreen, 16M colors","5.2 inches, 74.5 cm2 (~68.6% screen-to-body ratio)","720 x 1280 pixels, 16:9 ratio (~282 ppi density)",
a8622898cb479009c43fe012a48b8b2701e09d7c49f94f14d1e995052a8750c1,"IPS LCD capacitive touchscreen, 16M colors","6.2 inches, 95.9 cm2 (~81.2% screen-to-body ratio)","720 x 1520 pixels, 19:9 ratio (~271 ppi density)",
6b90cf5c2801b8fbcdcd24a3c30b1b9e28771d56defefa786ea1e1e67b3f4ac0,"LTPS IPS LCD capacitive touchscreen, 16M colors",6.2 inches,"1080 x 2280 pixels, 19:9 ratio",
139f1d3bd471b5c26c451a7431b79384412c40b90dada07da476e4bc0eabd406,"IPS LCD, 480 nits | 16M Colors",6.5 (inches),1080 x 2400 pixels,
0336f701f6e687ef8f9002c68566d68b6b8ba929a81d50d38b3d00e5d9a3a0f8,Corning Gorilla Glass 3,6.5 (inches),720 x 1600 pixels,
b5e676a16fda6f07f4463c3dcb7804902a2211ad6e940d339066c9944f2908a1,IPS LCD | 16M Colors,6.51 (inches),720x1600 (pixels),
1aa2175430d236207c3684044ddb9240a57fa73badb64374b0602203ab06dbbb,"IPS LCD, 480 nits (typ)","6.52 inches, 102.6 cm2 (~82.9% screen-to-body ratio)","720 x 1600 pixels, 20:9 ratio (~269 ppi density)",
c5184b4d49e30b30a89c94a414524ec30980d344efb39098e231a8caf8bef001,"IPS LCD, 480 nits (typ), 550 nits (peak)","6.51 inches, 102.3 cm2 (~82.6% screen-to-body ratio)","720 x 1600 pixels, 20:9 ratio (~270 ppi density)",
2fee7bce0514dff7e0a5dd2c7c941c08a300240e2d0975353267c137c951bce5,,,,
1900a8d702ce9dbf01f23a8330318ec351ae962b7b6edeeb795d38a852e823c3,IPS LCD Capacitive Touchscreen | 16M Colors | Multitouch,6.5 (Inches),720 x 1612 (Pixels),
3bb5bff53122818e5487b257ef1ec59792d33f74c3fb13ffb09225c3f2261970,"IPS LCD, 90Hz, 480 nits (typ), 600 nits (HBM)","6.56 inches, 103.4 cm2 (~84.0% screen-to-body ratio)","720 x 1612 pixels, 20:9 ratio (~269 ppi density)",
f5c1ceb7de8bfb4ecf1ac9c7c13b00d1122e735d03b64aff372a514b10456e4e,"IPS LCD, 600 nits","6.56 inches, 103.4 cm2 (~84.2% screen-to-body ratio)","720 x 1612 pixels, 20:9 ratio (~269 ppi density)",
e3c1e3ad01ba9dbb41ad60cd120ae616b22e5f9517383dcfad4a37ff7f4a1d8d,"6.56 Inches IPS LCD Capacitive Touchscreen, 16M Colors, Multitouch",6.56 Inches,720 x 1612 Pixels (~269 PPI),
4b03f9044f814ecb4e44caa35c68fccaa69b27c100c9acfa222cd7bed04a73c4,IPS LCD Capacitive Touchscreen | 16M Colors | Multitouch,6.72 (Inches),1080 x 2400 (Pixels),
85e3b3fb8baa871bebaae48429315fec7c35c4e57a4c01d448d2d434f7c54cd7,"IPS LCD, 90Hz, 480 nits (typ), 600 nits (HBM)","6.56 inches, 103.4 cm2 (~84.0% screen-to-body ratio)","720 x 1612 pixels, 20:9 ratio (~269 ppi density)",
6b1faf36304a1e40c1fcbbfa9174a5dea50cedb4cf2564b97da408c9ae6dbc5b,"IPS LCD, 90Hz, 480 nits (typ), 600 nits (HBM)","6.56 inches, 103.4 cm2","720 x 1612 pixels, 20:9 ratio (~269 ppi density)",
2022a20252f65c6dd03a2252f5d5090d6dc8389f400e621eb198562e314aad44,IPS LCD Capacitive Touchscreen,6.67 Inches,720 × 1604 Pixels (~264 PPI),
26ac083867cfa004daac04b369ced19054a69053c6aa7918ba95bee31ab750fc,IPS LCD Capacitive Touchscreen,6.67 Inches,720 × 1604 Pixels (~264 PPI),
33fdad1c2845c9fb1c297b29548cafb51a485791fda0b51829528f75eac16d0e,IPS LCD Capacitive Touchscreen,6.67 Inches,720 × 1604 Pixels (~264 PPI),
d9af4888597a4dd21994387a4a3c5bd2909b959200ae07493ada3e8db14562f4,IPS LCD Capacitive Touchscreen,6.67 Inches,720 × 1604 Pixels (~264 PPI),
7f988f9cad2a1f6b73bfc625de14302a8c8a7833fc9500f62ae31d3aef04b7ba,"S-IPS LCD capacitive touchscreen, 16M colors","6.2 inches, 95.9 cm2 (~81.6% screen-to-body ratio)","720 x 1520 pixels, 19:9 ratio (~271 ppi density)",
1ade41cbab0aeafb39a65e684ea53ab990305d260998287e2be8e1b1ff6bb488,"IPS LCD, 120Hz, 1000 nits (HBM)",6.67 inches (~84.9% screen-to-body ratio),"720 × 1604 pixels, 20:9 ratio (~264 ppi density)",
391f1dfa20571b31879fe1a0b211e828f8f9fa27fea1fb4b92fcd5f26cdb6d9b,"IPS LCD, 120Hz, 1000 nits (HBM)",6.67 inches (~84.9% screen-to-body ratio),"720 × 1604 pixels, 20:9 ratio (~264 ppi density)",
62e46d30a19d961ed535c257d56254bc2e78f718036b395dcde022116e936dc9,6.75 inches,6.75 inches,HD+ (1570 × 720),
dd528384d034e27c36cef7136575b805768df68f262f9868298c990a253e472a,6.57 inches,6.57 inches,FHD+ (2372 × 1080),
ba7abf232c57b31fa9266edf0243ba6d4621ab633cdb46a89db938f6bff374e6,"6.2"" (inch)","6.2"" inches",720x1520 pixels,
333f9934cbe56d82f160f0467632692757f9cb966cbd91b5b98f427e15927146,"IPS LCD capacitive touch screen ,16M colors","6.5 inches, 102.0 cm2","1080 x 2400 pixels, 20:9 ratio 405 ppi density",
1c53e55c31a44bb1d57f9e12a5c5fd8d1856c6467b15babd5677570f6d3834d7,"IPS LCD, 90Hz, 480 nits (typ)","6.5 inches, 102.0 cm2 (~83.9% screen-to-body ratio)","1080 x 2400 pixels, 20:9 ratio (~405 ppi density)",
d02f72b0fe7607bec69506429dc616b9b3134f426bee6025bbc4bcb572d1ba3d,IPS LCD Capacitive Touchscreen,6.56 (Inches),720 x 1612 (Pixels),
e7eb84a928021fc8aea401ea5073c0168471d53372dcd829c04d399bdb1412e3,"IPS LCD, 90Hz, 480 nits (typ), 600 nits (HBM)","6.56 inches, 103.4 cm2 (~84.0% screen-to-body ratio)","720 x 1612 pixels, 20:9 ratio (~269 ppi density)",
25bc1ae5f4762974aa47eaa14b838283f7cee96d048fdf51feee6e68083c9b27,IPS LCD Capacitive Touchscreen | 16M Colors | Multitouch,6.56 (Inches),720 x 1612 (Pixels),
81c6dbceb37bb269051b0789880005a579288f7a43e5301af3885d21338cc719,IPS LCD Capacitive Touchscreen | 16M Colors | Multitouch,6.6 (Inches),720 x 1612 (Pixels),
3ced7e9267807029b5a74b8b8ae7249f27cd8545d33034b320bf023e72f2d56b,AMOLED Capacitive Touchscreen | Multitouch,6.43 (Inches),1080 x 2400 (Pixels),
961b5a3ebccacb0e420e7856fdcbc420ffa0d8f8b77bf50f2f7c01f86b5c8800,"IPS LCD Capacitive Touchscreen, 16M Colors, Multitouch",6.6 Inches,1080 x 2400 Pixels (~401 PPI),
47bf4f8102fed449b4e1a6aeb0a43f431726cc63daed8bd978b6fa91b37f2447,"S-IPS LCD capacitive touchscreen, 16M colors","6.2 inches, 95.9 cm2 (~81.6% screen-to-body ratio)","720 x 1520 pixels, 19:9 ratio (~271 ppi density)",
fd324fbc6459bddd79ea85711b27f2c850161b14d0f5f12eaffbba6478b1400a,"IPS LCD capacitive touchscreen, 16M colors","5.7 inches, 83.8 cm2 (~76.2% screen-to-body ratio)","720 x 1440 pixels, 18:9 ratio (~282 ppi density)",
af6514f71a22d7eb855cdce53232a3b484d1d093006b8721d81864dbf168a009,"AMOLED capacitive touchscreen, 16M colors","6.57 inches, 104.2 cm2 (~84.3% screen-to-body ratio)","1080 x 2400 pixels, 20:9 ratio 401 ppi density",
fc66f887195f989c9014653c60b6eceb043cb14de0b93604513c335ec3f732de,"LTPS IPS LCD, 90Hz, 480 nits (typ)","6.5 inches, 102.0 cm2 (~83.8% screen-to-body ratio)","1080 x 2400 pixels, 20:9 ratio (~405 ppi density)",
2f40c65c1734199d1633c464252f8afe957bf420237b23f82c5a3c7d1aad5269,AMOLED | 430 nits (typ) | 800 nits,6.43 (Inches),1080 x 2400 (Pixels),
5f1ef218c8090161e95eadc8174077859c2cc9a945d657fca3d8b3ab8c4f8260,IPS LCD Capacitive Touchscreen | 16M Colors | Multitouch,6.59 (Inches),1080 x 2412 (Pixels),
e7bd0a76f519d7e4d857156a6f705c61fb94c9d31f49471912d49c5bbbf2aada,"IPS LCD, 90Hz","6.6 inches, 104.9 cm2","1080 x 2408 pixels, 20:9 ratio (~400 ppi density)",
c4e1027fe8c22d748430945149c21317ddd6912c918a52e028c63c4de00617d5,"IPS LCD, 480 nits (typ), 550 nits (peak)","6.51 inches, 102.3 cm2 (~82.6% screen-to-body ratio)","720 x 1600 pixels, 20:9 ratio (~270 ppi density)",
b831a363c48ad11c0a2e8fed6463f9cbf9888d1b1563a085d5234c4e0f3e68b7,"AMOLED capacitive touchscreen, 16M colors","6.55 inches, 103.6 cm2 (~85.9% screen-to-body ratio)","1080 x 2400 pixels, 20:9 ratio (~402 ppi density)",
0aec12bf8c757103cc9d9aa9d252841e7466bd1cbf5571fcbea4a5212b717109,"LTPS IPS LCD capacitive touchscreen, 16M colors","6.5 inches, 103.2 cm2 (~84.1% screen-to-body ratio)","1080 x 2340 pixels, 19.5:9 ratio (~397 ppi density)",
37bcdb06b4d2cdca6541e8f62d44f0cce382c86579c53227795e9251e696ec46,"LTPS IPS LCD capacitive touchscreen, 16M colors","6.5 inches, 103.2 cm2 (~84.1% screen-to-body ratio)","1080 x 2340 pixels, 19.5:9 ratio (~397 ppi density)",
39bd7085c79a18ae1d257f60ddfdfe47bcd0e8c7127cce6b66d2959dd2ed28b1,AMOLED Capacitive Touchscreen,6.4 (Inches),1080 x 2400 (Pixels),
88df596e6398c1d1b94fd77f715e4cef6d9134817d65845869ab60c3b2be2756,Super AMOLED Capacitive,6.4 (Inches),1080 x 2400 (Pixels),
5a1ffa28433f17e5bcc2f32fa1974b48a9738e9acc950b0389b3cde4f4f40b22,Super AMOLED Capacitive,6.4 (Inches),1080 x 2400 (Pixels),
f45a9987e3639480e5e069151422981e02742efdb0f61774b10cffb105e694bd,Super AMOLED Capacitive Touchscreen,6.43 (Inches),1080 x 2400 (Pixels),
ddd0f4f0b443b724d512768d60b15b6b784aeeda1a22aca4607ff74961b9e140,AMOLED Capacitive Touchscreen,6.4 (Inches),1080 x 2400 (Pixels),
009a0c7ede269a92437e79d019ccad66f8b6340f70725edc947501a3101297d2,"AMOLED, 430 nits (typ), 800 nits (peak)","6.43 inches, 99.8 cm2 (~84.4% screen-to-body ratio)","1080 x 2400 pixels, 20:9 ratio (~409 ppi density)",
f75c3d0c64c6f4313f521f747708e82948bb12f534da2024c6146fc8d61b9234,"IPS LCD capacitive touchscreen, 16M colors",5.5 inches (~71.0% screen-to-body ratio),720 x 1280 pixels (~267 ppi pixel density),
f69030ed1901dcbba1199fa886213e2750aa0610297e58d047f5ceb38edacf17,AMOLED Capacitive Touchscreen | Multitouch,6.43 (Inches),1080 x 2400 (Pixels),
d29b0e4746a6813a287f3d938ec102a7d6279d834ad286e441adfa0259874a28,"AMOLED, 1B colors, 120Hz, HDR10+, 500 nits (typ), 900 nits (HBM), 1100 nits (peak)","6.7 inches, 108.0 cm2 (~89.8% screen-to-body ratio)","1080 x 2412 pixels, 20:9 ratio (~394 ppi density)",
2798f92216b85b9bd7711f3bf8e9faf0fcfb6af28edc6537c93dd705e4714220,"AMOLED, 1B colors, 120Hz, 500 nits (typ), 800 nits (HBM), 950 nits (peak)","6.7 inches, 108.0 cm2 (~89.4% screen-to-body ratio)","1080 x 2412 pixels, 20:9 ratio (~394 ppi density)",
353916539397e65064a4f3665cfbea4e52569fe87179010dffa94a00e9357e2c,"LTPS IPS LCD capacitive touchscreen, 16M colors","6.23 inches, 96.9 cm2 (~82.5% screen-to-body ratio)","1080 x 2280 pixels, 19:9 ratio (~405 ppi density)",
a248681378b90b2d4f285bb9f7ce83be3412808f36ed25e336f4cfea84e03774,6.3 (inch),6.3 inches,1080x2340 pixels,
3b0b1af15f2f612baf1a0d3b19268f7cb32486749a54bd6b233466712c5753e9,"Foldable LTPO AMOLED, 120Hz, HDR10+","6.8 inches, 104.5 cm2",1080 x 2640 pixels (~419 ppi density),
50c482f4ec7b2b6a88bbdeb67c70243e3ebea6410a94940da469a1cfd81c857a,"6.4"" (inch)","6.4"" inches",1080x2340 pixels,
6c895a3680991eba33e41cb7498561d8a8b6465d9e7ee8e05e1acec2689d5d3a,"AMOLED, 1B colors, 120Hz, HDR10+, 500 nits (typ), 800 nits (HBM), 1000 nits (peak)","6.8 inches, 104.5 cm2",1080 x 2640 pixels (~419 ppi density),
d1e6ed3c5509f4b864141bd72959488653ad2038afeed75d9c888461f4de65a6,"AMOLED, 1B colors, 120Hz, HDR10+, 500 nits (typ), 800 nits (HBM), 1000 nits (peak)","6.8 inches, 104.5 cm2",1080 x 2640 pixels (~419 ppi density),
489c4e306926af7bc18cb44bb7743391fb4da0bc8a282c809af9e22b52aed000,AMOLED Capacitive Touchscreen,6.7 (Inches),1440 x 3168 (Pixels),
c88b558dad70fd320fcd6c52ab1b28d6beeeb0eeebb4d527325e0659f4a4c9f4,"AMOLED, 1B colors, 120Hz, HDR10+, 500 nits (typ), 800 nits (HBM), 1000 nits (peak)","6.8 inches, 104.5 cm2",1080 x 2640 pixels (~419 ppi density),
39a2f8dd43c650b32c76dd3c6d3d4b993e19e82dd34debb6a1da9c2169b7f8f5,"AMOLED, 1B colors, 120Hz, HDR10+, 500 nits (typ), 800 nits (HBM), 1000 nits (peak)","6.8 inches, 104.5 cm2",1080 x 2640 pixels (~419 ppi density),
026ad1b931e3c0cfb8abf7609d5baf963b7c735e5be6ff46a3adc629b303296c,"AMOLED, 1B colors, 120Hz, HDR10+, 500 nits (typ), 800 nits (HBM), 1000 nits (peak)","6.8 inches, 104.5 cm2",1080 x 2640 pixels (~419 ppi density),
c64899a0e5ddf442cf85de1f4ba142cbf0df2d814fec588ff86144907201587a,"AMOLED capacitive touchscreen, 16M colors","6.6 inches, 108.6 cm2 (~86.8% screen-to-body ratio)","1080 x 2340 pixels, 19.5:9 ratio (~387 ppi density)",
84e86ea6ac779c2e4be5be871ece3a7428dad419bb6fcdeab20d643ff3192649,"Super AMOLED capacitive touchscreen, 16M colors","6.4 inches, 101.0 cm2 (~84.5% screen-to-body ratio)","1080 x 2340 pixels, 19.5:9 ratio (~402 ppi density)",
d6d8c65f3914538bae517c3c9907ed89f85c0b24e933fcc31275dd3ab5ca0a5b,"AMOLED, 120Hz, 500 nits (typ), 800 nits (HBM), 1300 nits (peak)","6.62 inches, 106.3 cm2 (~86.3% screen-to-body ratio)","1080 x 2400 pixels, 20:9 ratio (~397 ppi density)",
2b9aafa37c210692e4a4fd14a5d2991c27956b74ecc3dbb5fcd6aadd4447fcf7,"OLED, 120Hz, 600 nits (typ), 1200 nits (HBM), 2100 nits (peak)","6.67 inches, 107.4 cm2 (~87.2% screen-to-body ratio)","1080 x 2400 pixels, 20:9 ratio (~395 ppi density)",
264d81f7fe81e39af98fadc065a219091a525c5234e4fa2033ab09d3feb5ef3c,"AMOLEDcapacitive touch screen ,16M colors",6.5 inches (83.7% screen-to-body ratio),"1080 x 2400 pixels, 19.5:9 ratio",
8450493dd9de584948ba58524b2ef34c73f24f97eb85ef982038ca1a697a9327,"AMOLEDcapacitive touch screen ,16M colors",6.5 inches (83.7% screen-to-body ratio),"1080 x 2400 pixels, 19.5:9 ratio",
d3addb59ea93737e39b07efc7e8453a899fd3c6caa412902eb4108fb8117d283,"AMOLED, 120Hz, HDR10, 430 nits (typ), 800 nits (peak)","6.43 inches, 99.8 cm2 (~85.6% screen-to-body ratio)","1080 x 2400 pixels, 20:9 ratio (~409 ppi density)",
68956e63a4ea746c022c9c28e7b1503c46270e9f05cc76fde8cf35526d479c76,"AMOLED capacitive touchscreen, 16M colors","6.43 inches, 106.7 cm2 (~80.7% screen-to-body ratio)","1080 x 2160 pixels, 18:9 ratio (~376 ppi density)",
09dc5462340b580746314e948f5347cf32b7dcaf2782fcf58bf5f702531c48ec,"LTPS IPS LCD capacitive touchscreen, 16M colors",6.2 inches,720 x 1520 pixels,
a2a7e8a6ecee110d5d4c3a7f054b1839186cc6d4230c6396c993800d072c6f4b,ColorOS AMOLED 18:9 390 ppi,6.2 inches (15.75 cm),1080 x 2160 pixels,
1fe3a271a6243ae778cfa25a0d7c3f2c5025449f835ff89ef80e64703a16d771,6.4-inch,6.4-inch,1080 x 2280 resolution,
372143654e20aadf5bbe0f939b66ece4d4ea3b2f650cc29a759cf2a02e5a8c1d,"AMOLED capacitive touchscreen, 16M colors","6.4 inches, 102.2 cm2 (~86.7% screen-to-body ratio)","1080 x 2280 pixels, 19:9 ratio (~394 ppi density)",
a1ee6d4075413952f66e8385f4794c8a6f8b256255cf1656fcef189fe5bd1dcd,"6.4"" (inch)","6.4"" inches",1080x2340 pixels,
4a9a0db14651ab284b63fb7440c37e6c9fb5a3b7766a18ace0dd22fb4b373c9e,"Amoled Capacitive Touchscreen, 16M Colors",6.4 Inches,1080 x 2340 Pixels (~403 PPI),
8e7c1504d31c1e704779856b9e7c474f5e4ffd6bdd522405fff74e828bc4f1d9,Super AMOLED 18:9 Yes with notch 402 ppi,6.0 inches (15.24 cm),1080 x 2160 pixels,
afe9437df2b95f8cb4bd94886b43abd9f6ae5163d1a2d9481233f173b5c942c4,"AMOLED capacitive touchscreen, 16M colors","6.6 inches, 108.6 cm2 (~86.8% screen-to-body ratio)","1080 x 2340 pixels, 19.5:9 ratio (~387 ppi density)",
724145c70898f177782af939f782e1d51e4f6fe1af27a7d9f7eddbefa27cb7f6,"AMOLED Capacitive Touchscreen, 1B, Multitouch",6.7 Inches,1080 x 2412 Pixels (~394 PPI),
5537bebb6b0241eab34e0ff43e82a89e5e45a9be703ef29d65fa5609311ae857,AMOLED Capacitive Touchscreen,6.5 (Inches),1080 x 2400 (Pixels),
599e7ec4f45c64fc2517a9cef0dde8c7eb6c6d0351dcb66edef5a7e22b805a76,"AMOLED capacitive touchscreen, 16M colors","6.53 inches, 104.7 cm2 (~85.0% screen-to-body ratio)","1080 x 2340 pixels, 19.5:9 ratio (~395 ppi density)",
66af0f90de98c79e1d174c3ef382531281026150ce444e1e09defbc7812c8e34,Super AMOLED Capacitive Touchscreen,6.4 (Inches),1080 x 2400 (Pixels),
f183f422d9988358d4a6cc1525e09c914eba45df1741df636ec7d2744609ff61,Super AMOLED Capacitive,6.4 (Inches),1080 x 2400 (Pixels),
167d5679de8273f839070b64294834c49f1fac41ac3044ea9056747b3bb1484c,AMOLED Capacitive Touchscreen,6.4 (Inches),1080 x 2400 (Pixels),
800e045392b9840671ec233cdae3c3d241614708ce5067bc3d160ec8e80239ae,"AMOLED capacitive touch screen ,16M colors",6.5 inches,"1080 x 2400 pixels, 20:9 ratio 402 ppi density",
1dbfdc1b4b907bfc4092de201e1fb8cfa96b6f5ff735dbb539f1b8e45ffc1ace,AMOLED Capacitive Touchscreen,6.5 (Inches),1080 x 2400 (Pixels),
332b232c5e8f406935a2dc75554bfdd8b931ce5f8901314f35fd467bc1a2ec5c,AMOLED Capacitive Touchscreen,6.4 (Inches),1080 x 2400 (Pixels),
b40cdfa8a70a00ac7e120c83bd7528352a147a512b97fb653b5cc1bdb2891d8a,"LTPS IPS LCD capacitive touchscreen, 16M colors","6.57 inches, 104.2 cm2 (~84.3% screen-to-body ratio)","1080 x 2400 pixels, 20:9 ratio (~401 ppi density)",
410e633e385d13dded03741cf207b92331c539ad8a8b947ec530f0a717fa7e54,"AMOLED capacitive touch screen ,16M colors",6.5 inches,"1080 x 2400 pixels, 20:9 ratio 402 ppi density",
28cc5796850b2f961f4e4740952c4485b938ded11c7d9fdb5e28a12d5fc38197,Super AMOLED Capacitive,6.5 (Inches),1080 x 2400 (Pixels),
603fc2d5659a7256e784b99b1ee070b0e6a9c9346d6a6f58192c2898753054ac,AMOLED Capacitive Touchscreen | 16M Colors | Multitouch,6.4 (Inches),1080 x 2400 (Pixels),
8863c15ffdb5c1cffe7802e635b0306c628d857b1c9b262e7f0ac32b4bab5fd7,AMOLED Capacitive Touchscreen,6.6 (Inches),1080 x 2400 (Pixels),
7333ea6bf8afe61158eaa53d266836110abee9cb44edd302c92a61bc668e705e,"AMOLED, 430 nits (typ), 600 nits (HDM), 800 nits (peak)","6.4 inches, 98.9 cm2 (~84.1% screen-to-body ratio)","1080 x 2400 pixels, 20:9 ratio (~411 ppi density)",
dcae703f725cdbe7c99098472b3617bd66f635f067ccd5e5f450eaf40e7855d9,AMOLED Capacitive Touchscreen,6.4 (Inches),1080 x 2400 (Pixels),
d1f7fdadfcc1ea80ee9df6270c789ee049ecb43356b3b57f4dec4012e4fb5b0c,"AMOLED capacitive touchscreen, 16M colors","6.6 inches, 108.6 cm2 (~86.8% screen-to-body ratio)","1080 x 2340 pixels, 19.5:9 ratio (~387 ppi density)",
1ae47c4d350629cd997359f0e96b4a479eae8c6537f888ee14f9451259a15091,"AMOLED, 430 nits (typ), 600 nits (HBM)","6.43 inches, 99.8 cm2 (~85.3% screen-to-body ratio)","1080 x 2400 pixels, 20:9 ratio (~409 ppi density)",
a2428f90cac72dd98d032a0a51061dcbecc17afd07098e1c00072632c85f1142,"AMOLED capacitive touch screen ,16M colors",6.5 inches,"1080 x 2400 pixels, 20:9 ratio 402 ppi density",
0d47aace2214a47f3b1fd634dbac680851ef6d8613f897731ae51012299aa199,"AMOLED, 120Hz, HDR10+, 500 nits (typ), 800 nits (HBM), 1300 nits (peak)","6.62 inches, 106.3 cm2 (~89.0% screen-to-body ratio)","1080 x 2400 pixels, 20:9 ratio (~397 ppi density)",
61cc31a125da7617da60670b955344d00d9708c2039b2d2c4c5fd8c99a677427,"AMOLED, 430 nits (typ), 600 nits (HBM)","6.43 inches, 99.8 cm2 (~85.3% screen-to-body ratio)","1080 x 2400 pixels, 20:9 ratio (~409 ppi density)",
03bedadf16b9634ec531783750917e1a46dea25e34bd57e9f6fb99ef9dd6c2ee,"AMOLED capacitive touchscreen, 16M colors","6.5 inches, 102.0 cm2 (~83.7% screen-to-body ratio)","1080 x 2400 pixels, 20:9 ratio (~405 ppi density)",
d5278495eadb68b2bcac33f991ea62924867d7a9decf312cc103cda21993ca7a,"AMOLED, 1B colors, 120Hz, HDR10+, 800 nits (HBM), 950 nits (peak)","6.7 inches, 108.0 cm2 (~89.5% screen-to-body ratio)","1080 x 2412 pixels, 20:9 ratio (~394 ppi density)",
0e914002845c836175e67f010c4c8c40693be5c406fbc6711720c46354b4d30e,"AMOLED, 1B colors, 120Hz, 600 nits (typ), 1200 nits (HMB), 2100 nits (peak)","6.67 inches, 107.4 cm2 (~86.9% screen-to-body ratio)","1080 x 2400 pixels, 20:9 ratio (~395 ppi density)",
cf9466d68d67ab53572634745d02d0fcbe1e1e7ce66ba330b21b2719cea53d84,"AMOLED, 1B colors, 120Hz, HDR10+, 1200 nits (peak)","6.7 inches, 108.0 cm2 (~89.4% screen-to-body ratio)","1080 x 2412 pixels, 20:9 ratio (~394 ppi density)",
f2358755af076ec854d75e49cb15c97c691e5d46ab699e845060262803b4c8e8,AMOLED 16M Colors 411 ppi (pixels per inch),6.4 inches,1080 x 2400 pixels,
4684d9b9da145848a1e5c13e469f4e55c646214f7a3505de83810dac9e46f38a,"IPS LCD capacitive touchscreen, 16M colors",5.0 inches (~66.5% screen-to-body ratio),720 x 1280 pixels (~294 ppi pixel density),
ec4a04c76311be5bfff75c9d56b28a059e16ebda3728094238cddc7c4a31ea1e,"IPS LCD capacitive touchscreen, 16M colors",5.0 inches (~66.9% screen-to-body ratio),720 x 1280 pixels (~294 ppi pixel density),
47cca094fd9548f2201fb9c8fdc54d321771adfde7677af29287f8ee984aaccd,"IPS LCD capacitive touchscreen, 16M colors",5.0 inches (~67.9% screen-to-body ratio),720 x 1280 pixels (~294 ppi pixel density),
255550f7560ad394af913989ad4b3caa845b89022df27d32cc11c5590c28e8bd,"IPS LCD capacitive touchscreen, 16M colors","6.19 inches, 96.4 cm2 (~80.4% screen-to-body ratio)",720 x 1500 pixels (~269 ppi density),
ad1cb540874ae13ec136648ed81736cbb039253289f32c433199a4c36bb5243c,"IPS LCD capacitive touchscreen, 16M colors",5.0 inches (~66.9% screen-to-body ratio),720 x 1280 pixels (~294 ppi pixel density),
e6eafb487aae48e2cb5dc1208b8e6a54f6dbf3c4a68785a1084ba6d558ee7f30,"IPS LCD capacitive touchscreen, 16M colors",5.0 inches (~66.9% screen-to-body ratio),720 x 1280 pixels (~294 ppi pixel density),
3643cb2161d8aba85fb89a8fc170578940d38925577da85290582a414e3ec6a0,"IPS LCD capacitive touchscreen, 16M colors",5.5 inches (~77.2% screen-to-body ratio),720 x 1280 pixels (~267 ppi pixel density),
1affffc61e322966c1a2b076fadeb9da515473e89e3c56a40799b6031fe3e832,"IPS LCD capacitive touchscreen, 16M colors",5.3 inches,720 x 1280 pixels (~277 ppi pixel density),
e8da8156e3cada1a4338426e5b7464ebe9a92598c3a3705818973a186eb62613,"IPS LCD capacitive touchscreen, 16M colors",5.0 inches (~66.9% screen-to-body ratio),720 x 1280 pixels (~294 ppi pixel density),
b0fc835b893284b7737ff869701e83e19f483ef12421378edde06c02d43df12f,"Liquid Retina IPS LCD, 500 nits 1640 x 2360 pixels (~264 ppi density) Protection Scratch-resistant glass, oleophobic coating","12.1 inches , Sensors Accelerometer, gyro, proximity",,
fc7b1e7aa0d1c342143cfaaf7bb28219ff66f542a54b63133889e2b2c370141f,"Liquid Retina IPS LCD, 500 nits 1640 x 2360 pixels (~264 ppi density) Protection Scratch-resistant glass, oleophobic coating","8.07 inches , Sensors Accelerometer, proximity compass Virtual proximity sensing",,
6c43ad85741b168e712d4ee76d2ac54846f32eccc0c101b672fd5e6944eccc6e,"IPS LCD capacitive touchscreen, 16M colors",4.5 inches,720 x 1280 pixels (~326 pixel density),
7fb02e99489d44cc22fcf98352889ca76ea9ffb5e1a2766e4b324516454e9e9f,"IPS LCD capacitive touchscreen, 16M colors",4.5 inches,720 x 1280 pixels (~326 pixel density),
1a75d52694d4b4b521421344bac619ef00f7d9cf2cef8e8f93fd21dcd0819b62,"IPS LCD capacitive touchscreen, 16M colors",4.5 inches,720 x 1280 pixels (~326 pixel density),
6ebad652d5f6cc8a91eb0f9fe2408b250f6350d1e44a8ce2159d1610edcf8e80,"AMOLED capacitive touchscreen, 16M colors, Multitouch, Amigo 3.1 UI","6.0 Inches, 1440 x 2560 pixels (~490 ppi pixel density)",,
fd350f75496edcec6ebb40d9b480bdec81f09b59e27459b794cf371aa5b04d75,"IPS LCD capacitive touchscreen, 16M colors",4.5 inches,720 x 1280 pixels (~326 pixel density),
f14389143e645818fb1df37bedd9e2874b8e227b81a74e15da05c77bcb5f4765,"IPS LCD capacitive touchscreen, 16M colors",4.5 inches,720 x 1280 pixels (~326 pixel density),
593255aafe31862c27a8e8f33910cc7bfe586c5e0472de1ec629a05bf949ab2f,"IPS LCD capacitive touchscreen, 16M colors",4.5 inches,720 x 1280 pixels (~326 pixel density),
5e61158be07de1bf6488b29b422b237d4b396591376bb1b8333514562abf89bd,"IPS LCD capacitive touchscreen, 16M colors",4.5 inches,720 x 1280 pixels (~326 pixel density),
27b34b22f74e234613ffab5b1f82233da171c0b30d6a0427a55c48bc6b95db67,"IPS LCD capacitive touchscreen, 16M colors",4.5 inches,720 x 1280 pixels (~326 pixel density),
947f3b8bfc7048c02a01c22a9da358811f7ad7333ecd26c24be26c0e904a6fcf,"AMOLED capacitive touchscreen, 16M colors",4.5 inches,720 x 1280 pixels (~326 pixel density),
6b95a566f9812cb76d257902a14cecc8992456c93478b128bfb6a876658a746e,"IPS LCD capacitive touchscreen, 16M colors",4.5 inches,720 x 1280 pixels (~326 pixel density),
2a7b2228f0419ae8bf53e541e73ab57b295379f0dfebdc1cf68e5f677b13d309,"IPS LCD capacitive touchscreen, 16M colors",4.5 inches,720 x 1280 pixels (~326 pixel density),
2b3e4cf36041658945fd2612ee3fd98e7bd366115f4b946cf5f2c7980b755d5b,"IPS LCD capacitive touchscreen, 16M colors",4.5 inches,720 x 1280 pixels (~326 pixel density),
dbea666b236f995f4c66e28b55c3a35a02491064894b97833fc34ee9cb9118a1,"IPS LCD capacitive touchscreen, 16M colors",5.2 inches (~67.7% screen-to-body ratio),1080 x 1920 pixels (~424 ppi pixel density),
16108611bc9da9d5b8eb0916f286f9896bbd77fe462b18e0a0027c66b87c747f,"IPS LCD capacitive touchscreen, 16M colors",5.5 inches (~71.4% screen-to-body ratio),1080 x 1920 pixels (~401 ppi pixel density),
7a24682cbe5fb5c0c8367081b3b11a2fa5d9b90b546c5c694ab90461ef7df3ed,"IPS LCD capacitive touchscreen, 16M colors",4.5 inches,720 x 1280 pixels (~326 pixel density),
f7c45d6252f4c4b046b832445ca7a59a3c161c3fcc8b5f5e26a4537f06a52655,"IPS LCD capacitive touchscreen, 16M colors",4.5 inches,720 x 1280 pixels (~326 pixel density),
8428904bbf292a974e7a63ff0bb03444e1e6da3a1ab9ba60674271652319d624,"AMOLED capacitive touchscreen, 16M colors",5.5 inches (~70.4% screen-to-body ratio),720 x 1280 pixels (~267 ppi pixel density),
c780cb7683180465593bf63412e3d6dfc05de0ca51c2becff28cc7b71e96f9ef,5.7 inches,5.7 inches,1080x920,
093b243d1772bd2a731e81bd6c6fbe09b2a34c800c8814fce4825ea081f1eea7,"IPS LCD capacitive touchscreen, 16M colors","6.8 inches, 97.8 cm2 (~78.8% screen-to-body ratio)","720 x 1520 pixels, 19:9 ratio (~269 ppi density)",
e4a3c1f66209e66ca57c7a66528ae7d5af22ef06081e83d2f14ce23e1ffcae7d,"IGZO IPS LCD capacitive touchscreen, 16M colors","5.72 inches, 90.2 cm2 (~72.0% screen-to-body ratio)","1440 x 2560 pixels, 16:9 ratio (~513 ppi density)",
b04c6c590ee687f46c7c1aacc373db5e2ced24fe672043ac08e0b3dbaca59e4a,"IGZO IPS LCD capacitive touchscreen, 16M colors","5.7 inches, 89.6 cm2 (~72.7% screen-to-body ratio)","1440 x 2560 pixels, 16:9 ratio (~515 ppi density)",
ecd57dd7aee1163761e3a95d7fb48a2ff771640a8b073c24aa5bc00e8afd20a9,"6.0"" (inch)",6.0 inches,1080x2160 pixels,
8f066e8d05e9f75bbd6b7c83e281a359cdc84446b03f74d3a50261bda40fe3f9,"Super AMOLED, 90Hz, 1000 nits (peak)","6.4 inches, 98.9 cm2 (~84.4% screen-to-body ratio)","1080 x 2400 pixels, 20:9 ratio (~411 ppi density)",
f2b20ce7824f5848d4fa37771a7eb3d4375a849bfd799d7af8570f07c5d2b48f,"AMOLED, 1B colors, HDR10+, 120Hz, 800 nits","6.7 inches, 108.0 cm2 (~90.5% screen-to-body ratio)","1080 x 2412 pixels, 20:9 ratio (~394 ppi density)",
fec3cdc5c9f695a7c1866d0c3f9baecaaf449645fc70dfc526fd6f97d2553843,"IPS LCD, 120Hz, 600 nits (typ), 680 nits (peak)","6.72 inches, 109.0 cm2 (~89.8% screen-to-body ratio)","1080 x 2400 pixels, 20:9 ratio (~392 ppi density)",
b7f3221e5e61a50049508b94ae3d58c8430e004b1e2209d38eedd9aedbc532d0,"IPS LCD, 90Hz, 400 nits (typ)","6.6 inches, 104.9 cm2 (~85.0% screen-to-body ratio)","1080 x 2408 pixels, 20:9 ratio (~400 ppi density)",
9fbe46c2b8f9299c0d742925b46f72b79a43fd9daa02f024c16e98b92a02975b,"IPS LCD, 90Hz, 400 nits (typ)","6.6 inches, 104.9 cm2 (~85.0% screen-to-body ratio)","1080 x 2408 pixels, 20:9 ratio (~400 ppi density)",
b5541fc13f82706e236d7a76e81a1d92b9042a5f09ef899c6094be367a95c3a5,"IPS LCD, 120Hz, 550 nits (typ), 680 nits (HBM)","6.72 inches, 109.0 cm2 (~86.6% screen-to-body ratio)","1080 x 2400 pixels, 20:9 ratio (~392 ppi density)",
2eff53d3eeb46bcf882e66ca1e10531765baeb2f25fc44079c6651ed7ccfaf86,"IPS LCD, 120Hz, 550 nits (typ), 680 nits (HBM)","6.72 inches, 109.0 cm2 (~86.6% screen-to-body ratio)","1080 x 2400 pixels, 20:9 ratio (~392 ppi density)",
ac1624dccd676548eff96755f8f6824e80652e4a11362fd2cf14c2fc4d917240,"AMOLED, 1B colors, 120Hz, 800 nits (HBM), 950 nits (peak)","6.7 inches, 108.0 cm2 (~90.4% screen-to-body ratio)","1080 x 2412 pixels, 20:9 ratio (~394 ppi density)",
3a1f6edffc718597a49e3ee5bea0ebae67416d6f785e5372eeb22f012a583b6e,"IPS LCD, 120Hz, 800 nits (typ), 950 nits (HBM)","6.72 inches, 109.0 cm2 (~86.5% screen-to-body ratio)","1080 x 2400 pixels, 20:9 ratio (~392 ppi density)",
8d7e2f662c61e3c83e0b508321921ffafb8668b90c23a4dadfaf6c4b71be8763,"OLED, 1B colors, 144Hz, 4608Hz PWM, HDR10+","6.8 inches, 112.8 cm² (~91.2% screen-to-body ratio)","1280 x 2800 pixels, 19.5:9 ratio (~453 ppi density)",
ef9e1e07a5729e5c27aebc2b445001dd120872b9c82113e55cf341cdca5d79d2,"OLED, 1B colors, 144Hz, 4608Hz PWM, HDR10+","6.8 inches, 112.8 cm² (~91.2% screen-to-body ratio)","1280 x 2800 pixels, 19.5:9 ratio (~453 ppi density)",
0fdc4b8a6613f5877ce8421e79345d12211fc62f034ef6b71659ff01fbe11b54,"OLED, 1B colors, 144Hz, 4608Hz PWM, HDR10+, 1800 nits (HBM), 6500 nits (peak)","6.8 inches, 112.8 cm² (~91.2% screen-to-body ratio)","1280 x 2800 pixels, 19.5:9 ratio (~453 ppi density)",
47800812b8f53c3bc76e309ed0726baf6d84c5bb1189f274c0eb5bfa03a011ad,"OLED, 1B colors, 144Hz, 4608Hz PWM, HDR10+, 1800 nits (HBM), 6500 nits (peak)","6.8 inches, 112.8 cm² (~91.2% screen-to-body ratio)","1280 x 2800 pixels, 19.5:9 ratio (~453 ppi density)",
0a2602cbc1860129266d870ccdd8b3c31d09ac3e69497451bd9a4cb164fdb0e6,4R Comfort+ AMOLED Display,16.69cm (6.57 inches),1080 × 2372 pixels,
5722609c191197b597a24ce7b8329c2c1884d614c12c5bccbd911990c02e8817,6.3” (inches),6.3” (inches),1080x2340 pixels,
02c3f6b22ffec75d35d0587ee2f6c22ce6787be7ce0e99d73a55d251c008a234,6.2” (inch),6.2 inches,1520x720 pixels,
33e1e732a747ab7cf30634106b03bab9ed7acb37eff4de72837e822ff7cd9cce,IPS LCD Capacitive Touchscreen,6.5 (Inches),720 x 1600 (Pixels),
9de64e54289168e3ab712da87a22749e9142ef1266358136138eba26eface869,IPS LCD Capacitive Touchscreen,6.6 (Inches),1080 x 2400 (Pixels),
95dcbf2432cd0bc804719675d94896c690eafa1d67cd005ea61a33674d0b0e4b,IPS LCD Capacitive Touchscreen,6.5 (Inches),1080 x 2400 (Pixels),
529cc1784d98103be691397d6e12f8871596ffbf306950830229548afdf8de39,IPS LCD Capacitive Touchscreen,6.5 (Inches),720 x 1600 (Pixels),
e2dcf09673fcf2b6f9eed271252adac75a9589ed46efddf4c0f7e696670cca9f,"IPS LCD capacitive touchscreen, 16M colors",6.6 inches,"1080 x 2400 pixels, 20:9 ratio",
344aca182a6c93c3c652dbf9c36d3319b1014db1f19fc03d9e72f1d6bbfe6716,"Super AMOLED touchscreen, 16M colors","6.1 inches, 100.5 cm2 (~83.8% screen-to-body ratio)","1080 x 2340 pixels, 19.5:9 ratio (~403 ppi density)",
96a859635c1dfb6cefe61c2db49c3b12c7c64ae96a99cf3963e32c98801965c8,Super AMOLED Capacitive,6.4 (Inches),1080 x 2400 (Pixels),
da80acf8f07675bc0f58f40174545a3f13b778b0dab08b4af1cdf557380e205a,PS LCD Capacitive Touchscreen,6.5 (Inches),720 x 1600 (Pixels),
df3544458c991484106146ee0442aa8c33153a5de1f4de0afc4cb0064bb7c1b2,Super AMOLED Capacitive,6.4 (Inches),1080 x 2400 (Pixels),
465483497bb206d8d24672afc743659b77bb2351e3b55e3105d17f14e016bd32,"Super AMOLED Capacitive Touchscreen, 16M Colors, Multitouch",6.4 Inches,1080 x 2400 Pixels (~411 PPI),
929513ccd85a41a08c3cfc0a3f6a0e5712d04931f054864906abfba433c6665c,"IPS LCD, 120Hz, 600 nits (peak)","6.6 inches, 104.8 cm2 (~84.6% screen-to-body ratio)","1080 x 2412 pixels, 20:9 ratio (~400 ppi density)",
f14e505c1de7277ac3fd7a831338274b66cc97353d763eea8b7ffa988dac4045,"IPS LCD, 90Hz, 600 nits (peak)",6.5 inches,"1080 x 2400 pixels, 20:9 ratio (~405 ppi density)",
e5480219d3388b04a7b633eb33849be2b616050d7d2868b5fc2860623c502d04,"IPS LCD, 120Hz, 600 nits (peak)","6.6 inches, 104.8 cm2 (~84.4% screen-to-body ratio)","1080 x 2412 pixels, 20:9 ratio (~400 ppi density)",
8cfdd38309ea15aca27b9afb612c7173f1537d64159575eed576a511035f5009,Super AMOLED Capacitive Touchscreen | Multitouch,6.4 (Inches),1080 x 2400 (Pixels),
3484ef81da70d5c93845f0e702f5cc62c545eb1a6774be17dcb4d38f0dfe2800,"Super AMOLED, 90Hz, 430 nits (typ), 600 nits (HBM)","6.4 inches, 98.9 cm2 (~84.2% screen-to-body ratio)","1080 x 2400 pixels, 20:9 ratio (~411 ppi density)",
aff0466220c9d78d4ac2525634b6aeab6875cbd1fc652d0b0c5ae5ef68ccad99,IPS LCD Capacitive Touchscreen,6.6 (Inches),1080 x 2412 (Pixels),
6f9064bcb8df5b20b91a2080a354147d418e0125c2b6f1fabe39a9fa8d245c55,"6.2"" (inches)","6.2"" (inches)",720x1520 pixels,
a65fdb17dc2f95d98f6906a66420124d52d0b646d4bfef896056f4a5e9c0d0aa,IPS LCD Capacitive Touchscreen,6.52 (Inches),720 x 1600 (Pixels),
34a59bce6804ec87f4ef4227e041d415a1d62cd2da9124df5272185df87175e5,IPS LCD Capacitive Touchscreen,6.5 (Inches),720 x 1560 (Pixels),
ac06fb69239cc7c2391256abed945ac8db54808e7506dd7c043354ce3a2446d3,IPS LCD Capacitive Touchscreen,6.5 (Inches),720 x 1600 (Pixels),
69db5ac7dc6155785c13df94e703b92a8add7aaff2894f1ceb835a20eb5dd0e6,"IPS LCD Capacitive Touchscreen, 16M Colors, Multitouch",6.5 Inches,720 x 1600 Pixels (~270 PPI),
150bf858d2d128577461907bc96b16849fc15ebf4a6232699db8bfe34bc0c51e,"IPS LCD capacitive touchscreen, 16M colors",6.1 Inches,720 x 1560 Pixels (~282 PPI),
4538edb29b7fa1bdfadad5c2eedec1791724b9992fb7b41f6342341f561d5ce5,"IPS LCD, 400 nits (typ)","6.5 inches, 102.0 cm2 (~80.8% screen-to-body ratio)","720 x 1600 pixels, 20:9 ratio (~270 ppi density)",
159a243ee9af007e9cd4737824224259d9812755ddac77b75c27e51d94ad60ed,IPS LCD Capacitive Touchscreen,6.5 (Inches),720 x 1600 (Pixels),
c14b813021c32f07d5316942b7496d2db3bf7b3394197be1b0d018d23a7b774d,IPS LCD Capacitive Touchscreen,6.5 (Inches),720 x 1600 (Pixels),
b1d1496941153a2fd78d7f2a9256f501e08026e422f38751078bbc285d8c7a6b,"IPS LCD Capacitive Touchscreen, 16M Colors, Multitouch",6.5 Inches,720 x 1600 Pixels (~269 PPI),
6599f2ce442fd102a315f319189c89608e14dc39d5df4bcab2d0965cc5ea72aa,IPS LCD Capacitive Touchscreen,6.5 (Inches),720 x 1600 (Pixels),
645ee637f5dc5f736358e9b947c02f36e317ca102cc3f35b7937951907462fde,IPS LCD Capacitive Touchscreen,6.5 (Inches),720 x 1600 (Pixels),
10ebfcb787d9b10b9dcc63d1713cd98d97cbc10e05aff59a8075a69ba7fa88fe,IPS LCD Capacitive Touchscreen,6.5 (Inches),720 x 1600 (Pixels),
274d078a90f8b70f87961ab55ad1a0385cc52e325a2d247c6898343e700a24b7,IPS LCD Capacitive Touchscreen,6.5 (Inches),720 x 1600 (Pixels),
679526157e87d92542471433385a117fd41f6152b6f30b614a81f728069f6486,IPS LCD Capacitive Touchscreen,6.5 (Inches),720 x 1600 (Pixels),
648687aa19ddca51ec730c860127702f9e2b16a10f11c8d983999307afb0fe78,"IPS LCD capacitive touchscreen, 16M colors","6.5 inches, 103.7 cm2","720 x 1560 pixels, 19.5:9 ratio (~264 ppi density)",
199a80383e8d9c7f254d1806ec7511a2d9c28abcae9de7b9fe964234deaa39d8,"IPS LCD, 400 nits","6.5 inches, 102.0 cm2 (~82.2% screen-to-body ratio)","720 x 1600 pixels, 20:9 ratio (~270 ppi density)",
be450a5ee099d124466b05747acdb1189d1ad6eb887e4a233739bc7d165602ea,"IPS LCD Capacitive Touchscreen, 16M Colors, Multitouch",6.5 Inches,720 x 1600 Pixels (~269 PPI),
1b88db54a96603b2167e717c1cd5dd08f4bad542ee7de0ae6f6d976e46cd4575,IPS LCD Capacitive Touchscreen | 16M Colors | Multitouch,6.4 (Inches),1080 x 2400 (Pixels),
dfb5aa92ff8d872f66e1728890cf9ccae1bba239ad17b560d5f03c409aeefa3a,IPS LCD Capacitive Touchscreen | 16M Colors | Multitouch,6.6 (Inches),1080 x 2408 (Pixels),
53b0f426918cd108970b6109547a5f6386a818726bac712e65f94f46ce4dc9fa,"PS LCD, 480 nits (typ)","6.5 inches, 102.0 cm2 (~80.8% screen-to-body ratio)","720 x 1600 pixels, 20:9 ratio (~270 ppi density)",
cb408216d479c5f154e38bd6ff64e0bedbdfc13ca5ec77deeb8b56fde3bf2b06,"IPS LCD Capacitive Touchscreen, 16M colors",6.2 inches,720 x 1600 pixels,
8a89d2ca195a00b06840863c9c9a20f7276c4cafa3f6b8ba62115ea1c40e8561,IPS LCD Capacitive Touchscreen | 16M,6.74 (Inches),720 x 1600 (Pixels),
96c8ef3d0ce96ae603cb16d7f98960ff98da0e3a0f3d29b64b75c36df7b0afad,IPS LCD Capacitive Touchscreen | 16M,6.74 (Inches),720 x 1600 (Pixels),
17a50ced9dc944d51ccc7316322ac76c9886b331d526200664786d4f55ae8acb,"IPS LCD Capacitive Touchscreen, 16M Colors, Multitouch",6.72 Inches,1080 x 2400 Pixels (~392 PPI),
f926db6c986b3eee05303ad07031d1f124a4e750e18149f15f9e810ebcc65985,"IPS LCD, 90Hz, 450 nits (typ), 560 nits (HBM)","6.78 inches, 102.1 cm2 (~79.6% screen-to-body ratio)","720 x 1600 pixels, 20:9 ratio (~270 ppi density)",
a9e06faaa70697848f0bea7fabcc772858034eda785a722d7bc85259ab086887,"IPS LCD, 90Hz, 500 nits (typ), 625 nits (HBM)","6.67 inches, 107.2 cm2 (~85.6% screen-to-body ratio)","720 x 1604 pixels, 20:9 ratio (~264 ppi density)",
fd2745c6aacd1e1f63969b7fe4f51091db5bd6df39942ef3ce7f669ccf96ea11,IPS LCD Capacitive Touchscreen | 16M Colors | Multitouch,6.72 (Inches),1080 x 2400 (Pixels),
bf9802bc2124e88cced148a2ac739e912ec5edd2d7d9cad0d0a7a15fb9b9dd92,IPS LCD Capacitive Touchscreen,6.67 Inches,720 x 1604 Pixels (~264 PPI),
17a2546a74584a5a4007aef563a92305e8eb0176a3d1159ecc85246920ffe0a7,IPS LCD Capacitive Touchscreen,6.67 Inches,720 x 1604 Pixels (~264 PPI),
89b56189b33fe088a35291589eca85e08f3befdadaab4ce27ca1511b4c127187,IPS LCD Capacitive Touchscreen,6.67 Inches,720 x 1604 Pixels (~264 PPI),
bb1f8af7c5a2c0123d37b02796fd0c6095c8a0bfafd69283ae9f3936883d5e60,IPS LCD Capacitive Touchscreen,6.67 Inches,720 x 1604 Pixels (~264 PPI),
51a741d4e564aba0f76924a3895b0162cfa86ddc10f0bc8dff25a5b5b3e40a46,IPS LCD Capacitive Touchscreen,6.8 Inches,720 × 1570 Pixels (~254 PPI),
df33e208a53b4e285af4f22984879c4410ea39f5f4f702c9a76544e981793cc4,IPS LCD Capacitive Touchscreen,6.8 Inches,720 × 1570 Pixels (~254 PPI),
14bc62fcf34a45b448ab28bd5407699d341859c29c15fda7d6ce750534f177a5,IPS LCD Capacitive Touchscreen,6.8 Inches,720 × 1570 Pixels (~254 PPI),
f5350d151b49a5f72bbf1ce7426c850de0b85e3f18d8a15bc127a96c694aef46,IPS LCD Capacitive Touchscreen,6.8 Inches,720 × 1570 Pixels (~254 PPI),
8ce0706a950da687adaf0545a066523cbc01733906d22dc4b2def2b65393f278,AMOLED Capacitive Touchscreen,6.8 Inches,1080 x 2344 pixels (~380 PPI),
0584dd5bd876de5154581ce0775a015e5a86b1a4bfc492c4f44e2674935866c5,AMOLED Capacitive Touchscreen,6.8 Inches,1080 x 2344 pixels (~380 PPI),
96059f8071a554c0d3537137285ad1d304ac1bc1254616d008602d97ecfce8d1,AMOLED Capacitive Touchscreen,6.8 Inches,1080 x 2344 pixels (~380 PPI),
117c60161702a67b3410827c5fa7b4bdcec9eb29f761bbf197a5cb4f0a4a6b78,AMOLED Capacitive Touchscreen,6.8 Inches,1080 x 2344 pixels (~380 PPI),
bede1caf8b3b65343c6288509985942300cb279a630a102f4a0f7fa8fcbb12bb,"LTPO2 AMOLED, 1B colors, 120Hz, HDR10+, 500 nits (typ), 800 nits (HBM), 1400 nits (peak)","6.7 inches, 91.2 cm2 (~74.8% screen-to-body ratio)",1440 x 3216 pixels (~509 ppi density),
39ff5f33d888982272808cd2f6be0209fdb02738c2f8a9fb5b0772da9d29e971,"LTPO AMOLED, 1B colors, 120Hz, HDR, 1000 nits (typ), 1600 nits (HBM), 6000 nits (peak)","6.78 inches, 111.7 cm2 (~91.8% screen-to-body ratio)",1264 x 2780 pixels (~450 ppi density),
3c93f5b867282b205efc1df3bdbcf0fd76a5410b16747453e6dbfaad53c90a92,Super AMOLED Capacitive Touchscreen,6.4 (Inches),1080 x 2400 (Pixels),
c0f97abe2427ef3f8ba7b3af62d07176c16f9fc7f74fbf55be629c1566cece2e,"Super AMOLED capacitive touchscreen, 16M colors",6.6 inches,"1080 x 2400 pixels, 20:9 ratio",
1c1aced69a661d642d913ba30a1de5e4aba4b28d25c541c1e0673610e350d28d,"AMOLED, 1B colors, 120Hz, HDR10+","6.7 inches, 108.0 cm2 (~87.5% screen-to-body ratio)","1080 x 2412 pixels, 20:9 ratio (~394 ppi density)",
65afa148d320bbbdfccdd267a7db878406f9e9a5f380ba44daeff7d5c46f14bc,"LTPO2 AMOLED, 1B colors, 120Hz, HDR10+, 500 nits (typ), 800 nits (HBM), 1400 nits (peak)","6.7 inches, 108.0 cm2 (~88.6% screen-to-body ratio)","1440 x 3216 pixels, 20:9 ratio (~526 ppi density)",
d2690299613068cb430d7c1973c7d751223c090c464bcd4120013cd92898e2ae,"IPS LCD, 90Hz, 480 nits (typ)","6.5 inches, 102.0 cm2 (~83.4% screen-to-body ratio)","1080 x 2400 pixels, 20:9 ratio (~405 ppi density)",
023b10d3e6c7f9d6b9fa285b4846bdb6d36f1ac1589294275bb3266ee7264e13,"IPS LCD capacitive touchscreen, 16M colors",6.5 inches,"720 x 1600 pixels, 20:9 ratio 270 ppi density",
b22ee6954ad90e36ed4ca956bed70e9a3f94bdc081ec3223058a942c7d23574e,IPS LCD Capacitive Touchscreen,6.5 (Inches),1080 x 2400 (Pixels),
54452f1227bdcf740a89f7e6c94f2f17eb6c6c3d65b3500782573a9f261ef744,IPS LCD Capacitive Touchscreen,6.5 (Inches),720 x 1600 (Pixels),
8840eba70bdf0460aeb52fe5b94380eae0739c2ef91d2fd89cdd2295cec22d17,"Super AMOLED, 90Hz","6.4 inches, 98.9 cm2 (~84.2% screen-to-body ratio)","1080 x 2400 pixels, 20:9 ratio (~411 ppi density)",
2c7aea29b983e28a8949bf08322f764da30cb3fd69fba647a8ded63592828245,"IPS LCD Capacitive Touchscreen, 16M Colors, Multitouch",6.6 Inches,1080 x 2412 Pixels (~400 PPI),
43ccbf324c513412f53c7d4cc96a11f21579464bca1e88f5ca09047c9eeb9580,"IPS LCD, 600 nits (peak)","6.6 inches, 104.9 cm2 (~84.4% screen-to-body ratio)","1080 x 2408 pixels, 20:9 ratio (~400 ppi density)",
92d327a98e3227a5806ee1163eae51a78b0231e206f553962d2705df1d1f14d9,"IPS LCD, 400 nits (typ)","6.5 inches, 102.0 cm2 (~82.2% screen-to-body ratio)","720 x 1600 pixels, 20:9 ratio (~270 ppi density)",
747c95f1555353e31debdb694c1c58907dafab6ac9b976e60d78a3ebbc7a2737,"IPS LCD, 90Hz, 680 nits (peak)","6.72 inches, 109.0 cm2 (~86.7% screen-to-body ratio)","1080 x 2400 pixels, 20:9 ratio (~392 ppi density)",
31473b3f0186d045fda4a84f301120cba245fe99f07a9d9f3702e7a4cdf11e14,"IPS LCD, 90Hz, 560 nits (peak)","IPS LCD, 90Hz, 560 nits (peak)","720 x 1600 pixels, 20:9 ratio (~260 ppi density)",
35e4f33dbefcd1d35b34c6196e892c589fc15462d9a69bb462f6dc14ec9fc9f8,"IPS LCD Capacitive Touchscreen, 16M Colors, Multitouch",6.74 Inches,720 x 1600 Pixels (~260 PPI),
bfcd69e816ce1c679f04cb7d15548d70771d7cde39eeb7c0a6163e32541b64ae,"IPS LCD, 90Hz, 560 nits (peak)","6.74 inches, 109.7 cm² (~85.5% screen-to-body ratio)","720 x 1600 pixels, 20:9 ratio (~260 ppi density)",
aaabb9a44167cabf2188b3d73667a7d6d5de492c0ff1b732335a7b894cea4119,"IPS LCD, 90Hz, 560 nits (peak)","6.74 inches, 109.7 cm² (~85.5% screen-to-body ratio)","720 x 1600 pixels, 20:9 ratio (~260 ppi density)",
e832ff3274c13d40530cf9d92e3f697b23e5b4dd030a1c5db0c24ee0e028416f,"IPS LCD, 120Hz, 480 nits (typ), 600 nits (peak)","6.5 inches, 102.0 cm2 (~83.9% screen-to-body ratio)","1080 x 2400 pixels, 20:9 ratio (~405 ppi density)",
5c690cc5b7ed13fc5fe53f9b64ef6192328428829cfa2fbce5d53c245f52c933,"AMOLED, 120Hz, HDR10+, 1300 nits (peak)","6.62 inches, 105.8 cm2 (~85.7% screen-to-body ratio)","1080 x 2400 pixels, 20:9 ratio (~398 ppi density)",
61579fc40a3fceb8c1248957c49115795fd73dd3979cafbeef9105c6ac7e4774,"IPS LCD, 90Hz, 600 nits","6.58 inches, 104.0 cm2 (~84.6% screen-to-body ratio)","1080 x 2400 pixels, 20:9 ratio (~401 ppi density)",
7e49fa67a0bf55ad7a52f27f5d6a85cfce044a1b84bd18445d546a245bab51c6,6.3” (Inches),6.3” inches,1080x2340 pixels,
0f12638e6eed5bdeca191d272372796875e4d58005c4b6dbaa8df230cf3215ce,IPS LCD,"6.5 inches, 102.0 cm2 (~83.9% screen-to-body ratio)","1080 x 2400 pixels, 20:9 ratio (~405 ppi density)",
c429a4e2abde429259d5627fc8b6d8d89803ef126f380ec35021e49ca77acbe0,"IPS LCD, 90Hz, 480 nits (typ), 600 nits","6.5 inches, 102.0 cm2 (~83.9% screen-to-body ratio)","1080 x 2400 pixels, 20:9 ratio (~405 ppi density)",
b734ae975d4a650754b75c083748ea1b5a5961b331a89b8af05432c991c15719,"IPS LCD, 90Hz, 600 nits (HBM)","6.58 inches, 104.3 cm2 (~84.8% screen-to-body ratio)","1080 x 2408 pixels, 20:9 ratio (~401 ppi density)",
792d902ea1373fca77ca8f20627dcc417635c8a8333997ab981da3f3f95822f4,"IPS LCD, 90Hz","6.56 inches, 104.2 cm2 (~84.7% screen-to-body ratio)","720 x 1612 pixels, 20:9 ratio (~268 ppi density)",
9fb7ecfda074de2496e7173b4cb4a144cea592218e0a5c8e88d9134d5eda691d,"IPS LCD, 600 nits","6.5 inches, 102.0 cm2","720 x 1600 pixels, 20:9 ratio (~270 ppi density)",
6cb37931693c8b4ffb66844a0b35684a81cf413b7e65c70e51ae296f03d95ff0,"IPS LCD capacitive touchscreen, 16M colors","6.5 inches, 102.0 cm2 (~83.9% screen-to-body ratio)","1080 x 2400 pixels, 20:9 ratio (~405 ppi density)",
638bfb606798d2e93574c07832eafe4f2cf8d82d59e8f5e077b75bcb260a6d0c,"IPS LCD capacitive touchscreen, 16M colors",6.57 inches (83.6% screen-to-body ratio),"1080 x 2340 pixels, 19.5:9 ratio 401 ppi density",
c6ecaf48f0c53b90b694abeb9df68d4014ec255b3548d8a4e5f4c4993eacad62,IPS LCD Capacitive Touchscreen,6.6 (Inches),1080 x 2400 (Pixels),
3781022b5d9caf5db25012ec23a78b1a7ab07d3fba57df6728a4609fb172c6f5,"IPS LCD capacitive touchscreen, 16M colors",6.4 inches (83.6% screen-to-body ratio),"1080 x 2340 pixels, 19.5:9 ratio 403 ppi density",
eea918bda15aafc604be143fde882aeff602dee53405fec6381fbe8fb513072f,"Super AMOLED capacitive touchscreen, 16M colors",6.6 inches,"1080 x 2400 pixels, 20:9 ratio",
af89c1266cd1416425ac8612a28f3118e352f23571ff88a9837512a229456822,"Super AMOLED capacitive touchscreen, 16M colors","6.44 inches, 100.1 cm2 (~84.9% screen-to-body ratio)","1080 x 2400 pixels, 20:9 ratio (~409 ppi density)",
6c7f07e65b512f95e1ea9a14a003802c3324b2419e58b410f52fb202752b2dce,"Super AMOLED capacitive touchscreen, 16M colors",6.6 inches,"1080 x 2400 pixels, 20:9 ratio",
d672a3b10369d4e79a6c857da2f6a05276eb72ff2a708faf4159cf71db977eea,"Super AMOLED capacitive touchscreen, 16M colors",6.6 inches,"1080 x 2400 pixels, 20:9 ratio",
e9737023f91b87a7e858260fe73ef66da509ac8708ea761e9ae2fbfb2623734d,"Super AMOLED, 120Hz","6.55 inches, 103.6 cm2 (~85.8% screen-to-body ratio)","1080 x 2340 pixels, 19.5:9 ratio 401 ppi density",
f79da9931fb2df34e8d73f033c34eff8bc824ba695eee00fde4dcdd67bd4c4f4,"Super AMOLED capacitive touchscreen, 16M colors",6.6 inches,"1080 x 2400 pixels, 20:9 ratio",
c2c3003b2784454ed1b3c9e7829cdff997d8aed7ad15132b0337da0402d11c3c,Super AMOLED Capacitive,6.4 (Inches),1080 x 2400 (Pixels),
0649bc6272c2cb95d4aad48cfc5ed5a837a9ca9a7c91d090efcf5411ab6be7c0,"6.58"" 1080x2408 pixels Display","6.58 inches, 104.3 cm2 (~84.5% screen-to-body ratio)","1080 x 2408 pixels, 20:9 ratio (~401 ppi density)",
c78109ce47a21e04cb3d74039d92d72bbca7b28cfab3ec47725f2a618300b1d7,"IPS LCD Capacitive Touchscreen, 16M Colors, Multitouch",6.5 Inches,1080 x 2400 Pixels (~405 PPI),
011f59e8ef5b8ec98ec8de71a325d5925ab833677dcefbfb5bcea1bcc047fb4a,"IPS LCD Capacitive Touchscreen, 16M Colors, Multitouch",6.79 Inches,1080 x 2460 Pixels (~396 PPI),
99b15983b9702d32f8e9955d7e4336a4b27407963d3c2fe10c8acde5fea1ca76,"IPS LCD, 120Hz, 450 nits (typ), 600 nits (HBM)","6.88 inches, 112.4 cm2 (~84.0% screen-to-body ratio)",720 x 1640 pixels (~260 ppi density),
422e63ca54f283f4b7c6bf826ae48172fd183f2b94c7ab537f2a7909883959ab,"IPS LCD, 90Hz, 500 nits (HBM)","6.71 inches, 106.5 cm2 (~82.9% screen-to-body ratio)",720 x 1650 pixels (~268 ppi density),
4d20b82c37af1e68d3e64186e993c6a38d94ab24b6b61561e350ef000e83212f,"IPS LCD Capacitive Touchscreen, 16M Colors, Multitouch",6.71 Inches,720 x 1650 Pixels (~268 PPI),
3e8ab2e9f325f26cade9fffa14a9a579d04c1d0ff0ac2a31101c0defd34af667,"AMOLED Capacitive Touchscreen, 16M Colors, Multitouch",6.67 Inches,1080 x 2400 Pixels (~395 PPI),
4e1c671fbd54404ae46b2833cddefb6fd7201837790c45afe17284638e500f21,"AMOLED, 90Hz, 700 nits (HBM), 1000 nits (peak)","6.43 inches, 99.8 cm2 (~84.5% screen-to-body ratio)","1080 x 2400 pixels, 20:9 ratio (~409 ppi density)",
b710de64af3278aee4bd854bc4b8d94b1eef77d5c99f908757ee986251e997d8,"6.4 inches, 307.9 cm2 (~81.6% screen-to-body ratio)","6.4 inches, 307.9 cm2 (~81.6% screen-to-body ratio)",1220 x 2400 Pixels (~404 PPI),
e4d6ebb8b385c0fcec037bafa0998d3f5a1ba9f0ac31c5a4d8e834ec504cb27a,,6.67 Inches,1220 x 2712 Pixels (~446 PPI),
0a44174906cf040064b5eaa1acc249aac1b00588e6f1fb5ff92a24ba3d54980c,"AMOLED Capacitive Touchscreen, 1B Colors",6.67 Inches,1080 x 2400 Pixels (~395 PPI),
b72b863bb6a4e11c369cfde3c0063fc0292d5e7d396a2df72ccec5cd482f6eba,"AMOLED, 120Hz, HDR10+, 2100 nits (peak)","6.67 inches, 107.4 cm2 (~87.4% screen-to-body ratio)","1080 x 2400 pixels, 20:9 ratio (~395 ppi density)",
10eebea2738f1ef04f78e975acc72e3941873b87011c57ca0bffd2f99cb8f585,"IPS LCD Capacitive Touchscreen, 16M Colors, Multitouch",6.67 Inches,1080 x 2400 Pixels (~395 PPI),
7f5e4e65c95e15b2e569891507a88f319afd868ce5321075c8387bd52978333f,"AMOLED Capacitive Touchscreen, 68B, Multitouch",6.67 Inches,1220 x 2712 Pixels (~446 PPI),
1898502cea2f0f2137af049225895170c7466dd1c038545c37f7cfbeaede182f,"IPS LCD capacitive touchscreen, 16M colors","5.7 inches, 57.4 cm2 (~70.6% screen-to-body ratio)","720 x 1280 pixels, 16:9 ratio (~294 ppi density)",
6f4b8c0a3b95af3dc45bb55927c4cb2e0d7fe47cbe2379c02c61ac918294f81c,HD AMOLED Display,5.0 inches,720 x 1280 pixels (~294 Pixel pixel density),
88a5538920a9ae1b072f218e668e7fc551cf9a8a871e2399b1dce2494b1d16c6,HD IPS Display,5.3 Inches,1280 x 720 pixels,
a3082ec38620b83be3d3d2c073596a102f505212df486b942bf6d2158bce6e6d,HD IPS Display,5.5 inches,1280 x 720 pixels,
71863d68c5002bfdf435c286b5a92942f42c3d3453f0daae0f5ec302040a253a,HD AMOLED Display,5.0 inches,720 x 1280 pixels (~294 Pixel pixel density),
31c0c0a7ebe9fa3b63c694a18978a6a1ea7e4e0c9842618b6399bd50ea86d270,IPS FWVGA capacitive touchscreen,4.5 inches,854 x 480 pixels,
5657b00f819e4bf032fe5ec1bda7e2b24a01e6771835cc51014fd970af8c79b7,FW VGA IPS High Resolution Display,4.5 inches,854 x 480 pixels,
2ad9133c2700d905b92ffae74d90b44272564f25afcb0c240e54e998874850b4,QHD IPS LCD Capactive touch-screen,4.7 inches (68 % screen to body ratio),720 x 1280 pixels (~294 ppi pixel density),
98f4e3d0c03d9e62cb48ea9deb80d116320aa431930a5dcb81ce7c7010499513,"Super AMOLED capacitive touchscreen, 16M colors","5.0 inches, 68.9 cm2 (~66.2% screen-to-body ratio)","1080 x 2408 pixels, 20:9 ratio (~400 ppi density)",
d1371ba986b7c5c73e7025a6734f4b95f21619fccf9969cf887227cc7b088eed,"Super AMOLED capacitive touchscreen, 16M colors","6.7 inches, 108.4 cm2(~88.3% screen-to-body ratio)","1080 x 2400 pixels, 20:9 393 ppi density",
755100fa0d00c79acbfcf0799e15cea3ef13453b6f1e59596ea251ff46c612b7,5.7 inches,5.7 inches,720 x 1520 pixels,
f1c5424f10fe48baf12018a587b1bd93460650d7930d2320996daa3a9b1e2c8f,PLS IPS,"6.5 inches, 102.0 cm2 (~81.8% screen-to-body ratio)","720 x 1600 pixels, 20:9 ratio (~270 ppi density)",
69f3f7a021257f49f81998ea0dc1d3e3d270f842b01a1a0438ce415b891c8220,PLS TFT,"6.5 inches, 102.0 cm2 (~81.8% screen-to-body ratio)","720 x 1600 pixels, 20:9 ratio (~270 ppi density)",
b9342f7d1cb3a966d1a6325f1a0b5c05bd636d5f48fa5f1f2acfdf5e38c568f2,PLS LCD,"6.5 inches, 102.0 cm2 (~81.8% screen-to-body ratio)","720 x 1600 pixels, 20:9 ratio (~270 ppi density)",
e36ecc6aa5bfe4b936d27a753e7059aeb894468508dcecd8c28942d3d4883262,PLS LCD,"6.5 inches, 102.0 cm2 (~81.8% screen-to-body ratio)","720 x 1600 pixels, 20:9 ratio (~270 ppi density)",
327938e3bf26bbbb5d14d0a40cc44b406f88c6bf6e910da5865c13d48db889a4,PLS LCD,"6.5 inches, 102.0 cm2 (~81.8% screen-to-body ratio)","720 x 1600 pixels, 20:9 ratio (~270 ppi density)",
4fec34bf57a51594a57b3bb662883535af8eec35d2f65b0a1bf78e6d7f20727d,"PLS LCD Capacitive Touchscreen, 16M Colors, Multitouch",6.5 Inches,720 x 1600 Pixels (~270 PPI),
8b6a7fa9eaa22179f51aa75470f851813da6b0069594ab42347b435fb0d70b9d,"PLS LCD, 90Hz, 400 nits (peak)","6.5 inches, 102.0 cm2 (~80.7% screen-to-body ratio)","720 x 1600 pixels, 20:9 ratio (~270 ppi density)",
28e5a30be469a251b61f43fe1f25b553281908f85c8dc702844164de600d8b49,"PLS LCD, 90Hz, 400 nits (peak)","6.5 inches, 102.0 cm2","720 x 1600 pixels, 20:9 ratio (~270 ppi density)",
f3cdeb67692cde18333e72038644a2e716c94b5d6b724dca38137833a445cb0d,"6.7 inches, 108.4 cm2 (~82.1% screen-to-body ratio)","6.7 inches, 108.4 cm2 (~82.1% screen-to-body ratio)","720 x 1600 pixels, 20:9 ratio (~262 ppi density)",
cc5f88c5362891ab7557b6bfa3bbc4d1ff9ffe93c158c5ca61d558ce5f4fa0ce,"6.7 inches, 108.4 cm2 (~82.9% screen-to-body ratio)","6.7 inches, 108.4 cm2 (~82.9% screen-to-body ratio)","1080 x 2400 pixels, 20:9 ratio (~393 ppi density)",
baf301a924c76de0665a3eb53170b14220b56c62822f5c1ea0201570a1ea9d8d,"PLS LCD, 90Hz","6.7 inches, 108.4 cm² (~83.6% screen-to-body ratio)","720 x 1600 pixels, 20:9 ratio (~262 ppi density)",
38647781cd92c7febb66a90198f559c352ca84a5df755f8a853c3e52ef2fd64a,"PLS LCD, 90Hz","6.7 inches, 108.4 cm² (~83.6% screen-to-body ratio)","720 x 1600 pixels, 20:9 ratio (~262 ppi density)",
81d2f4ce3cc2b13c262aa58e2f61309128dd69a20ccfd7cde35b61072f8522b2,"PLS LCD, 90Hz","6.7 inches, 108.4 cm² (~83.6% screen-to-body ratio)","720 x 1600 pixels, 20:9 ratio (~262 ppi density)",
3ed41436267713b4139c48bb22c42eacf84f0fbd7dd1e6a9a8af716f1fd2e64e,"PLS LCD, 90Hz","6.7 inches, 108.4 cm² (~83.6% screen-to-body ratio)","720 x 1600 pixels, 20:9 ratio (~262 ppi density)",
f97f3b789b2bd2beb5100f237f8df3b0959226880e5395474e838c2746829f79,"PLS LCD, 90Hz","6.7 inches, 108.4 cm² (~83.6% screen-to-body ratio)","720 x 1600 pixels, 20:9 ratio (~262 ppi density)",
bc5a3cc4d76bab165deee09458566f94f3cf706c9a41c8fe06866257a0eba9cd,"PLS LCD, 90Hz","6.7 inches, 108.4 cm² (~83.6% screen-to-body ratio)","720 x 1600 pixels, 20:9 ratio (~262 ppi density)",
c50a737719abe415df73314e97225a302d71696a5b34e41880ed5872b5bb98ae,"PLS LCD, 90Hz","6.7 inches, 108.4 cm² (~83.6% screen-to-body ratio)","720 x 1600 pixels, 20:9 ratio (~262 ppi density)",
8df25f00ae043667dcd474ddadc46b703a7386d15a905038521ba67d08c61ed8,"PLS LCD, 90Hz","6.7 inches, 108.4 cm² (~83.6% screen-to-body ratio)","720 x 1600 pixels, 20:9 ratio (~262 ppi density)",
b3e6a6502c6712490524abe005f60aa3c15efab70475ae7c8efa550b84479912,"PLS LCD, 90Hz","6.7 inches, 108.4 cm² (~83.6% screen-to-body ratio)","720 x 1600 pixels, 20:9 ratio (~262 ppi density)",
11c66d982a60295921c216ae03b917512c0d7df00f67e056fc844fc69f8d3b21,"6.2"" (inch)","6.2"" inches",720x1520 Pixels,
b02030bdb6b0575280a85ac59413b417799f1a63cb3edc0f9c5a0d72a20c72ee,"PLS TFT capacitive touchscreen, 16M colors","5.83 inches, 83.4 cm2 (~81.4% screen-to-body ratio)","720 x 1560 pixels, 19.5:9 ratio (~295 ppi density)",
210379cd07cf47609828a228b61c052254bd268ee6ba996c35d8dfe229a38cd1,"IPS LCD capacitive touchscreen, 16M colors","6.2 inches, 95.9 cm2 (~80.7% screen-to-body ratio)","720 x 1520 pixels, 19:9 ratio (~271 ppi density)",
859731e819a0e0fa6713629c388a70f9b3887db64d9acb0af790c0935cf37365,"IPS LCD capacitive touchscreen, 16M colors",6.2 Inches,720 x 1520 Pixels (~271 PPI),
8e9d6c334ccf200a2011c04211aeff2c0d23e5517bb0df60c4e96d43971a7de5,"PLS TFT LCD Capacitive Touchscreen, 16M Colors, Multitouch",6.5 Inches,720 x 1600 Pixels (~270 PPI),
62c7519ba2b6d47ae9d57d5c3c6085d430c670b83e5514b061bfd5ca4c1b51f4,"PLS LCD, 90Hz","6.5 inches, 102.0 cm2 (~81.1% screen-to-body ratio)","720 x 1600 pixels, 20:9 ratio (~270 ppi density)",
1514269c63faa473bf0846f0a39d9b5ecb632d09cbc81d1a10d3c5fda5c0f409,"PLS LCD, 90Hz","6.8 inches, 111.6 cm2","720 x 1600 pixels, 20:9 ratio (~258 ppi density)",
c8561ee41cce1646c9ea319be7d9704fd9d4b9cef550399a0b7ba3962d914cc9,"6.5 inches, 103.7 cm2 (~84.3% screen-to-body ratio)","6.5 inches, 103.7 cm2 (~84.3% screen-to-body ratio)","1080 x 2340 pixels, 19.5:9 ratio (~396 ppi density)",
f69e6c9a101fa15656a550dd5c3ae49f0aa29391d32417ce677f21add5d4c40e,"Super AMOLED, 90Hz","6.7 inches, 110.2 cm2 (~86.0% screen-to-body ratio)","1080 x 2340 pixels, 19.5:9 ratio (~385 ppi density)",
aa5d242ea92254f32cdc5df183813c3db7f3d19aa9c1ba30d7bde28ca1a9046f,"Super AMOLED, 90Hz, 800 nits (HBM)","6.7 inches, 110.2 cm² (~86.0% screen-to-body ratio)","1080 × 2340 pixels, 19.5:9 ratio (~385 ppi density)",
0a1cfb4a8e9eb9c35596cc4786372606b156beff70af8e95b1bb4e4756b7afd4,"Super AMOLED, 90Hz, 800 nits (HBM)","6.7 inches, 110.2 cm² (~86.0% screen-to-body ratio)","1080 × 2340 pixels, 19.5:9 ratio (~385 ppi density)",
4ad89ec25f1085e966ebf4731fad88adebe684cbef3bd3981ee4ad400714bc98,"Super AMOLED, 90Hz, 800 nits (HBM)","6.7 inches, 110.2 cm² (~86.0% screen-to-body ratio)","1080 × 2340 pixels, 19.5:9 ratio (~385 ppi density)",
0b0d8bc2c5f15b7e8c736517da201ce36f1357c7e9e32bd0d5281881e91918e7,"Super AMOLED, 90Hz, 800 nits (HBM)","6.7 inches, 110.2 cm² (~86.0% screen-to-body ratio)","1080 × 2340 pixels, 19.5:9 ratio (~385 ppi density)",
e8cffbde65a602b0792271310c419fdbc54d11ea3d171ec4db2ca87c1c1ff8fa,"Super AMOLED, 90Hz, 800 nits (HBM)","6.7 inches, 110.2 cm² (~86.0% screen-to-body ratio)","1080 × 2340 pixels, 19.5:9 ratio (~385 ppi density)",
65e1c5d07a5b0627a1070500768a2aea12b0185ab1620497003345af82a2f4d2,"IPS LCD capacitive touchscreen, 16M colors","5.0 inches, 68.9 cm2","540 x 960 pixels, 16:9 ratio (~220 ppi density)",
ec521c2bbb1fe3928a5010cfe71eeb49210dc5a93b416a314e132603280a8f83,6.4 inches,6.4 inches,720 x 1560 pixels,
cdb6eff24f0a867b397fcb437b709127827a403a6ca833430f3dcef65c48caa2,"IPS LCD Capacitive Touchscreen, 16M Colors, Multitouch",6.5 Inches,720 x 1560 Pixels (~264 PPI),
12dd45073b0de4bdf3251150d3e5ee5125d31608141cdb5702df88240fbcff06,"Super AMOLED Capacitive Touchscreen, 16M Colors, Multitouch",6.3 Inches,720 x 1560 Pixels (~273 PPI),
eedad7571003718337275d867e8e0cf12bef773c4bb4d645dbc1c3340e95e8ae,"Super AMOLED capacitive touchscreen, 16M colors","6.5 inches, 102.0 cm2 (~82.8% screen-to-body ratio)","720 x 1600 pixels, 20:9 ratio (~270 ppi density)",
f5ef64b7b3922918e28fedc7e9632818171e37f92cb3a9c1572fe90516957c4d,"Super AMOLED, 90Hz, 800 nits (HBM)","6.4 inches, 98.9 cm2","720 x 1600 pixels, 20:9 ratio (~274 ppi density)",
009e24513f90891fd0e965a5e730f9909144f98e37b03f797869e456d4325dcb,"PLS LCD, 90Hz","6.6 inches, 104.9 cm2 (~82.5% screen-to-body ratio)","1080 x 2408 pixels, 20:9 ratio (~400 ppi density)",
76395816d6c5af6484f38e8b84994b73401a6cddaca816e5a7427a8d6d4b4fde,"Super AMOLED Capacitive Touchscreen, Multitouch",6.5 Inches,1080 x 2340 Pixels (~396 PPI),
86a03df95f7937c1eae63e4e4579a0f4e0d7acaf2f8ddbd1a20615cfad8e905c,"Super AMOLED capacitive touchscreen, 16M colors",4.7 inches (~69.4% screen-to-body ratio),720 x 1280 pixels (~312 ppi pixel density),
30c50187cc028f3821cfe5671d6e3420235d902c9eaab2d4480a6f619e9f1b9e,"Super AMOLED capacitive touchscreen, 16M colors","4.7 inches, 60.9 cm2 (~67.9% screen-to-body ratio)","720 x 1280 pixels, 16:9 ratio (~312 ppi density)",
375012586ee4183f6e55fec0a1f469f5bf02e56fb910960de5d565045368662d,6.4 inches,6.4 inches,1080 x 2340 pixels,
922fb630fed0b34523cc13df99befefc296b61061738a9a87d7d45976e02e001,"Super AMOLED capacitive touchscreen, 16M colors","6.4 inches, 100.5 cm2 (~84.9% screen-to-body ratio)","720 x 1560 pixels, 19.5:9 ratio (~268 ppi density)",
eff1ba66ce4f85e93ca5538ad9c66005ddaf59b97216ba30c16818baa205a578,"Super AMOLED Capacitive Touchscreen, 16M Colors, Multitouch",6.2 Inches,720 x 1600 Pixels (~283 PPI),
51d25273ba44955133559cd3f61e5a240844c224337e8a09f2604285c4ff6a1d,"Super AMOLED, 90Hz, 800 nits (HBM)","6.4 inches, 98.9 cm2 (~84.6% screen-to-body ratio)","1080 x 2400 pixels, 20:9 ratio (~411 ppi density)",
2549b6463e8f27e9bbb62b53da03b52f5cf02f8462fe3876c4a0dfddf34fcc0a,"Super AMOLED, 90Hz","6.4 inches, 98.9 cm2 (~83.7% screen-to-body ratio)","1080 x 2400 pixels, 20:9 ratio (~411 ppi density)",
168aa61119194f9e7e458186614c9643443d3b39431b3b4eaaee365862363fde,"Super AMOLED, 120Hz, 1000 nits (HBM)","6.6 inches, 106.9 cm2 (~84.9% screen-to-body ratio)","1080 x 2340 pixels, 19.5:9 ratio (~390 ppi density)",
efb2598d5c72ef91ff5ea643e75927e51a50615a547550ed9741b43e055014b3,"Super AMOLED, 120Hz, 1000 nits (HBM)","6.6 inches, 106.9 cm2 (~84.8% screen-to-body ratio)","1080 x 2340 pixels, 19.5:9 ratio (~390 ppi density)",
37bf0086d7cee1213a5d6d8f41ff6903cce0610d7ec52b113128c672a9994368,"Super AMOLED capacitive touchscreen, 16M colors","5.9 inches, 85.5 cm2 (~85.7% screen-to-body ratio)","1080 x 2340 pixels, 19.5:9 ratio (~437 ppi density)",
17963ffbec2a1cf288f4d178e0f7131fe2b82b973493656ea8ea82f6a2af920f,"Super AMOLED capacitive touchscreen, 16M colors","5.9 inches, 85.5 cm2 (~85.5% screen-to-body ratio)","1080 x 2340 pixels, 19.5:9 ratio (~437 ppi density)",
6ed0fdf7fedd612dd0e8b73ed2eaa8c861602cfc0f0e915e1929fe8591be14e4,"Super AMOLED capacitive touchscreen, 16M colors","5.9 inches, 85.5 cm2 (~85.5% screen-to-body ratio)","1080 x 2340 pixels, 19.5:9 ratio (~437 ppi density)",
8435796b70fc9bf5e4807f71eafedce9bed9d5ecd901879659a3c8c26df04800,"Super AMOLED capacitive touchscreen, 16M colors",5.2 inches (~71.5% screen-to-body ratio),1080 x 1920 pixels (~424 ppi pixel density),
e6bbeb06b5a055b5eddddb85681619d982cbf640a68a625997c347860d860588,6.4 inches,6.4 inches,1080 x 2340 pixels,
bafd507a317683466eae0a7ae62ab571e449d8b2fc86b8cd3cf0c85e928b81e0,"Super AMOLED capacitive touchscreen, 16M colors","6.4 inches, 100.5 cm2 (~85.1% screen-to-body ratio)","1080 x 2400 pixels, 20:9 ratio (~393 ppi density)",
3657790f2226366de0119b179168cca72abafbe555ab2f24bba64ae55932e30c,"PLS TFT capacitive touchscreen, 16M colors",6.5 Inches,1080 x 2340 Pixels (~396 PPI),
aeb6f7f2f072b1d98078589498664b67b5d00c841fd7632c2e4374aa492facce,"Super AMOLED, 90Hz, 800 nits (HBM)","6.5 inches, 101.0 cm2 (~84.1% screen-to-body ratio)","1080 x 2400 pixels, 20:9 ratio (~407 ppi density)",
fd8eccdf4edf21ef0bb238fd4d1656e495bc6af7e12c7f87ea695922dfaf4d7e,"Super AMOLED, 120Hz, 800 nits (HBM)","6.5 inches, 102.0 cm2 (~84.9% screen-to-body ratio)","1080 x 2400 pixels, 20:9 ratio (~405 ppi density)",
082fb661025d42f53b945ed8c83acf470f4bd8e1fcfadf1706e17ab9cd187545,"Super AMOLED, 120Hz, 800 nits (HBM)","6.5 inches, 102.0 cm2 (~84.9% screen-to-body ratio)","1080 x 2400 pixels, 20:9 ratio (~405 ppi density)",
2af3d6affc729b4677e68cb51e4575222d719e7de8ddfd3bae22e98548ebc4a2,"Super AMOLED, 120Hz, 800 nits (HBM)","6.5 inches, 102.0 cm2 (~85.4% screen-to-body ratio)","1080 x 2400 pixels, 20:9 ratio (~405 ppi density)",
84f60a75a122d7bea93ab48c4b974e057a44bf87bac551fa73d5ca3d07688739,"Super AMOLED, 120Hz, HDR10+, 1000 nits (HBM)","6.4 inches, 100.5 cm2 (~82.9% screen-to-body ratio)","1080 x 2340 pixels, 19.5:9 ratio (~403 ppi density)",
5972435e40d5c52bab355f938b4b7c7046b898801d5453e33507c2b07f55e6f3,"Super AMOLED, 120Hz, HDR10+, 1000 nits (HBM)","6.6 inches, 106.9 cm2 (~85.8% screen-to-body ratio))","1080 x 2340 pixels, 19.5:9 ratio (~390 ppi density)",
8e09e0cc5ec7ed63bec7df7566465eb2d91651b4df3b9e9578a96d69e753f340,"Super AMOLED capacitive touchscreen, 16M colors","6.0 inches, 91.4 cm2 (~75.3% screen-to-body ratio)","1080 x 2220 pixels, 18.5:9 ratio (~411 ppi density)",
1255ace9df302f191364dc79b8d39e625cc695c1b077f91118dd989ef68f21a7,"PLS TFT capacitive touchscreen, 16M colors","6.3 inches, 97.4 cm2 (~84.9% screen-to-body ratio)","1080 x 2340 pixels, 19.5:9 ratio (~409 ppi density)",
2447dc632d500efb383230ec73cfd72272bfce7560243e36d143dc886ed66e2e,"Super AMOLED capacitive touchscreen, 16M colors",5.5 inches (~74.3% screen-to-body ratio),1080 x 1920 pixels (~401 ppi pixel density),
9af063f6f0294daf5bb98c6d469c9436b1590273b22127efec733cc92394c9aa,"Super AMOLED capacitive touchscreen, 16M colors",5.7 inches (~73.6% screen-to-body ratio),1080 x 1920 pixels (~386 ppi pixel density),
1582a93e5a06a232efe9b10a03447beeca54cf93634ade067ed3672e38b2b08c,"Super AMOLED capacitive touchscreen, 16M colorsSuper AMOLED capacitive touchscreen, 16M colors","6.0 inches, 91.4 cm2 (~74.4% screen-to-body ratio)","1080 x 1920 pixels1080 x 2220 pixels, 18.5:9 ratio (~411 ppi density)",
673abe437fa82dc28f243b4910c0c6317d9bae2c3a1dd8843e54eb5f80d0b29d,6.7 Inches,6.7 inches,1080 x 2400 Pixels,
3dd1a49d412c4bac4effc4365b36f746e55e150463780715d83dec98bdf644cc,"Super AMOLED Capacitive Touchscreen, 16M Colors, Multitouch",6.3 inches,1080 x 2400 Pixels (~431 PPI),
6129c7e407146e10d882583f0843d6e46b5571f24acd6806477651ebefeaf6f8,"Super AMOLED capacitive touchscreen, 16M colors","6.7 inches, 108.4 cm2atio)","1080 x 2400 pixels, 20:9 ratio (~393 ppi density)",
5eada07ced9f4599b6b189e2175fa000271a2a249ce3c8f70545a57630d5afa6,"Super AMOLED Plus capacitive touchscreen, 16M colors","6.7 inches, 108.4 cm2 (~87.2% screen-to-body ratio)","1080 x 2400 pixels, 20:9 ratio (~393 ppi density)",
7664e13c24cd8a3c870959fbdfb230a217398b10c4ff95ddb8d6947795d5f799,"Super AMOLED, 90Hz, 800 nits (HBM)","6.7 inches, 107.8 cm2 (~84.4% screen-to-body ratio)","1080 x 2400 pixels, 20:9 ratio (~394 ppi density)",
0a0325079a6315119fe353eaf0e3842bd165bad858a93b8538e538c84c219817,"Super AMOLED Plus, 120Hz, 800 nits (HBM)","6.7 inches, 108.4 cm2 (~87.0% screen-to-body ratio)","1080 x 2400 pixels, 20:9 ratio (~393 ppi density)",
e2a97722656776c4dbb0e43356b34854965a5b1c8a44875f79e96091d7c92937,"Super AMOLED capacitive touchscreen, 16M colors",5.7 inches (~74.5% screen-to-body ratio),1080 x 1920 pixels (~386 ppi pixel density),
5fbc75d4038d5142c6d1ace6a5f24b62fa020776275f8e5d2567e95a47271111,6 inches,6 inches,1080 x 2220 pixels,
d1a301217b17a6771844083d09fdc35bc0f6fd02cd6294b7f757afea611f5fb1,"Super AMOLED capacitive touchscreen, 16M colors","6.3 inches, 100.7 cm2 (~80.6% screen-to-body ratio)","1080 x 2220 pixels, 18.5:9 ratio (~392 ppi density)",
75ae5aadfc344d2915496e5345ed2d843ced442f8e767f2e933ebb1da70a9e94,6.7 inches,6.7 inches,1080 x 2400 pixels,
036d8f1242b58aa8468435675da7b27a8fc44e046746748fb2e353ecf1851414,"Super AMOLED capacitive touchscreen, 16M colors","6.7 inches, 108.4 cm2 (~86.1% screen-to-body ratio)","1080 x 2400 pixels, 20:9 ratio 393 ppi density",
d72f1bdd5a74ca48af1689ec92c849877b37179493a1dccaf5cd845b50960043,AMOLED 387 ppi,6.8 inches (17.27 cm),1080 x 2400 pixels,
108550506a08701cd90616e0b6646345e01e3ee682333910c3c97eaeb11a0c95,"Super AMOLED Capacitive touch screen 16 million colors,","6.4 inches (80.6% screen-to-body ratio),",1080 x 2220 pixels (18.5:9 Ratio) 392 PPI pixel density,
4fe5236a28f1b5b7222c28be5bf063eab042c0d6a0f360b31e2bc4b015a21782,"IPS LCD capacitive touchscreen, 16M colors","6.39 inches, 100.2 cm2 (~84.2% screen-to-body ratio)","1080 x 2340 pixels, 19.5:9 ratio (~403 ppi density)",
9623aa2ac80e89c9a65b1449056c015abaaa88eced640cca5957602f78dae9a5,"Super AMOLED capacitive touchscreen, 16M colors",6.0 inches (~75.9% screen-to-body ratio),1080 x 1920 pixels (~367 ppi pixel density),
4aa9e0d008b46a7aca22d94e3b5f8b5c3f2cdf0adb9e85850fa921e524e50ee5,Super AMOLED,"6.3 inches, 100.2 cm2 (~80.1% screen-to-body ratio)","1080 x 2220 pixels, 18.5:9 ratio (~393 ppi density)",
e9d16fe3906bbed1855af31ff1351a4b31f46050179305ccfdb45a95133a5040,"Super AMOLED capacitive touchscreen, 16M colors",6.0 inches (~75.9% screen-to-body ratio),1080 x 1920 pixels (~367 ppi pixel density),
0a81d32ed4cffa5d8c3d10541ec13f4c014df20ab822040e08e89f0b64baf2b8,"IPS LCD Capacitive Touchscreen, 16M Colors, Multitouch",6.4 Inches,1080 x 2340 Pixels (~403 PPI),
28ffa467e5a009f1c70098eae92e1393ceaad87d6b3ce27215e8bd1d645e6dd9,"Super AMOLED capacitive touchscreen, 16M colors","6.0 inches, 91.4 cm2 (~75.3% screen-to-body ratio)","1080 x 2220 pixels, 18.5:9 ratio (~411 ppi density)",
91d89dfa64247f6e54ec01b167ef5c1379799dce5849518371f00bfcb9ce64d6,"Super AMOLED capacitive touchscreen, 16M colors","6.7 inches, 108.4 cm2 (~86.1% screen-to-body ratio)","1080 x 2400 pixels, 20:9 ratio (~393 ppi density)",
c7707235c057f468bc8f40ec7f6c63d67f842472ac091eaaf827e7d65ea9abee,"Super AMOLED capacitive touchscreen, 16M colors","6.7 inches, 108.4 cm2 (~86.1% screen-to-body ratio)","1080 x 2400 pixels, 20:9 ratio (~393 ppi density)",
87855570599b9358a67c07a3974fae697e9d1857cff5e98ca7c0a675f0452cd0,"Super AMOLED capacitive touchscreen, 16M colors","6.7 inches, 108.4 cm2 (~86.1% screen-to-body ratio)","1080 x 2400 pixels, 20:9 ratio (~393 ppi density)",
b2bab570c191b66e11c3a61241c9be79e8d3af540b6c24cbfac1fcb7118d3754,"Super AMOLED, 120Hz, HDR10+, 1000 nits (HBM)",6.7 Inches,1080 x 2400 Pixels (~393 PPI),
a00a6776c240b740e71c47a2c9c5adf3624cff7c9d0c59ab1d9f88c24a766e93,"Super AMOLED capacitive touchscreen, 16M colors","6.0 inches, 99.2 cm2","1080 x 1920 pixels, 16:9 ratio (~367 ppi density)",
62fadacf21f42c4c6f05caad22301212104a873fdd56fde2047a788ea309fe46,"Super AMOLED capacitive touchscreen, 16M colors","5.2 inches, 74.5 cm2 (~71.7% screen-to-body ratio)","1080 x 1920 pixels, 16:9 ratio (~424 ppi density)",
099d697bec9b14286c365e3c1ba9aecdd32eabf709f6a27c6a35ee822cb1283d,"Super AMOLED, 5.2 inches",5.2 inches,1080 x 1920 pixels,
d5d8712dd4c910ce5a24d8bace510cec3962d4624423c9b4b8000db73cb98e21,"Super AMOLED+, 120Hz, 1000 nits (HBM)","6.7 inches, 108.4 cm2 (~86.4% screen-to-body ratio)","1080 x 2400 pixels, 20:9 ratio (~393 ppi density)",
7f12c8fd161656a38d09724898b0f8ed466b380b15c37d94c6a94a95a0303b0b,"Super AMOLED capacitive touchscreen, 16M colors","5.7 inches, 89.6 cm2 (~74.1% screen-to-body ratio)","1080 x 1920 pixels, 16:9 ratio (~386 ppi density)",
3b769f22a757fa42034d90ca5ba5fed049d01acdcb85930a02482603443bd2df,"Super AMOLED capacitive touchscreen, 16M colors","6.0 inches, 99.2 cm2 (~75.5% screen-to-body ratio)","1080 x 1920 pixels, 16:9 ratio (~367 ppi density)",
fe2070a8fece4eb9893e4d3c4951d7b3dcf5c97701849ef7543c12d4ffb014d9,PLS IPS,"6.5 inches, 102.0 cm2 (~81.8% screen-to-body ratio)","720 x 1600 pixels, 20:9 ratio (~270 ppi density)",
3c365d3a67a58b8fbdff1e434167933ef0a3771b15f9f52a46208c96bd22fafa,PLS LCD,"6.5 inches, 102.0 cm2 (~81.8% screen-to-body ratio)","720 x 1600 pixels, 20:9 ratio (~270 ppi density)",
cf896e37a23c7872c1ec1a086d0855eb3f602eaad1108093bf6502a3feeacb52,"Super AMOLED, 90Hz","6.6 inches, 106.9 cm2 (~87.0% screen-to-body ratio)","1080 x 2340 pixels, 19.5:9 ratio (~390 ppi density)",
23d862d9d085e8c22906bc2b158247330fc7a700337e3ef9a09c166da5d56c8f,"Super AMOLED, 90Hz, 600 nits (HDR)","6.4 inches, 98.9 cm2 (~83.5% screen-to-body ratio)","720 x 1600 pixels, 20:9 ratio (~274 ppi density)",
671b04706b6d116d415f13fa48dbbf5e06f555712dba2f3dd349ffb5058cd3e3,"TFT LCD, 120Hz","6.6 inches, 104.9 cm2 (~82.3% screen-to-body ratio)","1080 x 2408 pixels, 20:9 ratio (~400 ppi density)",
b26325b53bfb58e850c44b2fc9c60debe016c151fdd4c8af7251c6383ce8b75d,"Super AMOLED, 120Hz, 1000 nits (peak)","6.5 inches, 103.7 cm2 (~83.1% screen-to-body ratio)","1080 x 2340 pixels, 19.5:9 ratio (~396 ppi density)",
b5eefdc92876e17b8597f914438cb8bfb8be273d611166ea15b19a1726783c23,"Super AMOLED, 420 nits (peak)","6.4 inches, 100.5 cm2 (~84.1% screen-to-body ratio)","1080 x 2340 pixels, 19.5:9 ratio (~403 ppi density)",
1916d3ae48badb7043418e689c8fe65d9b6be2a611b19d4f298cb24c4b3417bd,"TFT, 90Hz","6.6 inches, 104.9 cm2 (~82.1% screen-to-body ratio)","1080 x 2408 pixels, 20:9 ratio (~400 ppi density)",
f29b8d176968d92cedf784ed9e72202750d3003122099036ec09f1a74732164b,"TFT, 120Hzs","6.6 inches, 104.9 cm2 (~83.6% screen-to-body ratio)","1080 x 2408 pixels, 20:9 ratio (~400 ppi density)",
e0fe73cbcfe3155dfcc27a736b8a2cf0c2db24e006b652e3a60ade2ce4d1f608,"Super AMOLED+, 120Hz, 1000 nits (HBM)","6.7 inches, 108.4 cm2 (~86.4% screen-to-body ratio)","1080 x 2400 pixels, 20:9 ratio (~393 ppi density)",
fbd80d43449d70b634ceec2f111994a489782581892369f0c1c756eace82dab0,"Super AMOLED Plus, 420 nits (peak)","6.7 inches, 108.4 cm2 (~86.7% screen-to-body ratio)","1080 x 2400 pixels, 20:9 ratio (~393 ppi density)",
8ed24d8a749db65780405e60edbb2f85d10517f3503fbeed7aa9c57da4bcb73b,"7.3"" (inch)","7.3"" inches",1536x2152 pixels,
a0b2eb71e0f4aa7c843215ba5762b209d7241a24d8fc8b465729d2004fd97343,"TFT, 5.25 inches",5.25 inches,720 x 1280 pixels,
7ec0ff2cb8e300dda05d24e85ba7adf0bb7070f23359aa642fa4e45332806462,"PLS TFT capacitive touchscreen, 16M colors",5.5 inches,"540 x 960 pixels, 16:9 ratio (~220 ppi density)",
406242a5cb24999a1a1b011221dc3dad505254168a5481b8912fb5abefc81b77,"5.0"" (126.4mm)","5.0"" (126.4mm)",540 x 960 (qHD),
16121a860cd3c84b05e95335b2cf21d84fad28bc5f46b20925d0fa51058c5ec3,"TFT capacitive touchscreen, 16M colors",5.0 inches (~66.0% screen-to-body ratio),540 x 960 pixels (~220 ppi pixel density),
f5024c176ba281854ae93ec3a5c77554baf22977958f827433f93c821e378ebb,"Super AMOLED capacitive touchscreen, 16M colors",4.3 inches (~59.8% screen-to-body ratio),480 x 800 pixels (~217 ppi pixel density),
47a14a3ff1f292c73d4ccc6dd63a8c4f573a072e7f247162b44ea4f940bd1adf,"4.0"" (100.8 mm)",4.0 inches,480 x 800 pixels,
756fd2703883329fef687f203bc6c0563c21d1d2d214289f324506c98f0e19f5,"Capacitive touchscreen, 16M colors","5.0 inches, 68.9 cm2 (~66.7% screen-to-body ratio)","540 x 960 pixels, 16:9 ratio (~220 ppi density)",
158a492c8764910cae55b2ab8ea7e0bbe4a411ace1394ab4a50ebade22ffd9ca,"PLS TFT capacitive touchscreen, 16M colors",5.0 inches (~66.0% screen-to-body ratio),540 x 960 pixels (~220 ppi pixel density),
954a218378a6209139982b737062c32a2515c2874ce47948eb6389820fda0f71,"Super AMOLED capacitive touchscreen, 16M colors","5.0 inches, 68.9 cm2 (~68.0% screen-to-body ratio)","720 x 1280 pixels, 16:9 ratio (~294 ppi density)",
4e896524c3c28ce1122ff341ce43ba4f20890841cf515551222582c869c98e3f,"IPS LCD capacitive touchscreen, 16M colors","5.0 inches, 68.9 cm2 (~68.9% screen-to-body ratio)","720 x 1280 pixels, 16:9 ratio (~294 ppi density)",
e52b51ee0f171f6a4473784e3bc99c491bcf0bfddb4d2e5b226a2433e94d7317,"Super AMOLED capacitive touchscreen, 16M colors","5.5 inches, 83.4 cm2 (~71.2% screen-to-body ratio)","720 x 1280 pixels, 16:9 ratio (~267 ppi density)",
c5b235d6861221128f3719038f2341319ea79d826307f66c9b6993bb0005318a,6.0 inches,6.0 inches,720 x 1480 pixels,
86940452fbcbe5bafa7c40d4fae14ee841b7be1b4d6e390843b7c03b3e053d31,"Super AMOLED capacitive touchscreen, 16M colorsIPS LCD capacitive touchscreen, 16M colors","6.0 inches, 91.4 cm2 (~73.6% screen-to-body ratio)","720 x 1480 pixels, 18.5:9 ratio (~274 ppi density)",
adc8ad3196b3116b64701ec48411a80cd27d36b02ea268ec3ac3164113f126e6,"Super AMOLED capacitive touchscreen, 16M colors",5.2 inches (~70.7% screen-to-body ratio),720 x 1280 pixels (~282 ppi pixel density),
4acbf0d01fb3ea87db239b9df11dbcc21643cc4ae3cae8f6dff88db962657934,"IPS LCD capacitive touchscreen, 16M colors",5.0 inches (~69.4% screen-to-body ratio),720 x 1280 pixels (~294 ppi pixel density),
272bef6ce266b4107b028b0e523ad3dda8256bd4d5bea0a888f992447f97ef39,"Super AMOLED capacitive touchscreen, 16M colors","5.2 inches, 74.5 cm2 (~71.5% screen-to-body ratio)","720 x 1280 pixels, 16:9 ratio (~282 ppi density)",
4d96673a33421b1f22c253931faf9b6f720b541b0a11fefe39fb85d68a2e704b,"IPS LCD capacitive touchscreen, 16M colors","6.0 inches, 91.4 cm2 (~73.6% screen-to-body ratio)","720 x 1480 pixels, 18.5:9 ratio (~274 ppi density)",
1cd23098a0b607dbe5f0091cd3bbb61a35d40bfcafae7f35f53592faa5be74aa,"Super AMOLED capacitive touchscreen, 16M colors","5.6 inches, 79.6 cm2 (~75.9% screen-to-body ratio)","720 x 1480 pixels, 18.5:9 ratio (~294 ppi density)",
d9420515592b10dda50f0723a7d0fb19057c25aa57b79eb8028ace77a978045b,"Super AMOLED capacitive touchscreen, 16M colors","5.5 inches, 83.4 cm2 (~73.1% screen-to-body ratio)","1080 x 1920 pixels, 16:9 ratio (~401 ppi density)",
d20523ed367ee3b9a2048ffe0d5954b2f044790d7f99bf1a60e4706ab61cba0b,"PLS capacitive touchscreen, 16M colors","5.7 inches, 89.6 cm2 (~72.5% screen-to-body ratio)","1080 x 1920 pixels, 16:9 ratio (~386 ppi density)",
64b1cc984b7874bebac7b98c4b571a20e23720df61706bc4d7fbe06073d298bd,"Super AMOLED capacitive touchscreen, 16M colors","5.5 inches, 83.4 cm2 (~73.1% screen-to-body ratio)","1080 x 1920 pixels, 16:9 ratio (~401 ppi density)",
5ed56b17b7427ca4c9dbea649e016d8f38469e99d622cc7303ad7c7de6d405e3,"IPS LCD capacitive touchscreen, 16M colors","6.5 inches, 101.0 cm2 (~84.1% screen-to-body ratio)",1080 x 2280 pixels (~402 ppi density),
e44d5bae49dd022cbf9d3aa3d9a9d1f71f294f1cdfa2ef5efc782f22036d43ac,"Super AMOLED capacitive touchscreen, 16M colors",5.5 inches (~69.6% screen-to-body ratio),720 x 1280 pixels (~267 ppi pixel density),
16483210c45aeb6a5208cc7b85c18aa62fc97075d8980248e2137481a030842a,"Super AMOLED capacitive touchscreen, 16M colors","6.0 inches, 79.9 cm2 (~66.3% screen-to-body ratio)","720 x 1480 pixels, 18.5:9 ratio (~293 ppi density)",
5d7430ac4444ff48a3e898dfb08e0687d94c63b425f0567ee11e8cec5045686a,PLS LCD,"6.5 inches, 102.0 cm2 (~81.9% screen-to-body ratio)","720 x 1600 pixels, 20:9 ratio (~270 ppi density)",
62c6c0a71068350f0455b7ef8b8e018084f5aeeec617f1eb08869507a4146668,PLS LCD,"6.5 inches, 102.0 cm2 (~81.8% screen-to-body ratio)","720 x 1600 pixels, 20:9 ratio (~270 ppi density)",
542a6dec305f3e7e2054df0c2e11c771dcb1ff3df236826498513b4908c1acbc,PLS LCD,"6.5 inches, 102.0 cm2 (~81.8% screen-to-body ratio)","720 x 1600 pixels, 20:9 ratio (~270 ppi density)",
725c84475ddcf4d3535434c396f9a30bc700848b2fd01c9fc08233ddc436c551,"Super AMOLED capacitive touchscreen, 16M colors","6.4 inches, 100.5 cm2 (~85.0% screen-to-body ratio)","720 x 1560 pixels, 19.5:9 ratio (~268 ppi density)",
1c82e7bebde1429a11300f3e01f2665e9be1fbb9a4f5517e1a937372291fab9b,"Super AMOLED capacitive touchscreen, 16M colors",5.2 inches (~71.5% screen-to-body ratio),1080 x 1920 pixels (~424 ppi pixel density),
3c58876b54bd31791e9dec02f6a5b5c9cec3ba90e0b68935695d468a6e6b5ad6,"PLS LCD, 90Hz, 400 nits (typ)","6.5 inches, 102.0 cm2 (~81.1% screen-to-body ratio)","720 x 1600 pixels, 20:9 ratio (~270 ppi density)",
ee9aa15fcf90f2f6f9d87a95b83c4f79dadca85ec7e1609a15e8093f25fef9ff,"PLS LCD, 90Hz","6.7 inches, 107.8 cm2","1080 x 2400 pixels, 20:9 ratio (~394 ppi density)",
598d5b3493ee915f3bc2aee6169bf9ebbfb8a940e60ac6626729b4b201122f44,"Super AMOLED, 90Hz, 800 nits (HBM)","6.5 inches, 103.7 cm2 (~84.3% screen-to-body ratio)","1080 x 2340 pixels, 19.5:9 ratio (~396 ppi density)",
ad59f1a133a34ccb8b733f9d8efd082f8eb42cba00217d3c199d548ad432ffae,"PLS TFT capacitive touchscreen, 16M colors","6.3 inches, 97.4 cm2 (~83.6% screen-to-body ratio)","1080 x 2340 pixels, 19.5:9 ratio (~409 ppi density)",
5fe404c08956358ecaf15463f5b400ff5c02d44c6e44b4acbbfbf9f0819ae6d1,"IPS LCD capacitive touchscreen, 16M colors",6.5 inches,"720 x 1580 pixels, 19.5:9 ratio",
9d528ebf313d82505831243b0db6656d6d2f7758120343de4a3679627aa8e443,"Super AMOLED, 420 nits (peak)","6.4 inches, 100.5 cm2 (~84.2% screen-to-body ratio)","1080 x 2340 pixels, 19.5:9 ratio (~403 ppi density)",
4862c18e218e57ed824b8ba625768035860fa80bcde4f186839aa45d872498bb,"Super AMOLED, 420 nits (peak)","6.4 inches, 100.5 cm2 (~84.1% screen-to-body ratio)","1080 x 2340 pixels, 19.5:9 ratio (~403 ppi density)",
2f845087b5d439a1f336ba5861e54c51a04038b1df969af91912917b98e6810e,"Super AMOLED, 90Hz, 600 nits (HDR)","6.4 inches, 98.9 cm2 (~83.6% screen-to-body ratio)","720 x 1600 pixels, 20:9 ratio (~274 ppi density)",
f530a6803908f90ee555edc73e90d483aa6bf15eefd14e244088f1a37193f259,"Super AMOLED capacitive touchscreen, 16M colors","6.3 inches, 100.7 cm2 (~80.6% screen-to-body ratio)","1080 x 2220 pixels, 18.5:9 ratio (~392 ppi density)",
c9fa3bace1875d006f77746d1583e9cf6f829978920f3d9ec8bc451b06a41b29,"Super AMOLED capacitive touchscreen, 16M colors","6.4 inches, 105.2 cm2 (~88.1% screen-to-body ratio)","1080 x 2340 pixels, 19.5:9 ratio (~394 ppi density)",
fab5f403a70b744e4643dd1a5595325a1baece0dca4080f434e1f6a978c678e2,"Super AMOLED capacitive touchscreen, 16M colors","6.4 inches, 98.9 cm2","1080 x 2400 pixels, 20:9 ratio (~411 ppi density)",
7bb4c463d644f05f2548e0a625d6b0fcf1abdcad45e98f742e90adb3d55cda2e,"Super AMOLED capacitive touchscreen, 16M colors","6.4 inches, 100.5 cm2 (~84.1% screen-to-body ratio)","1080 x 2340 pixels, 19.5:9 ratio (~403 ppi density)",
d260721b04faec1dfd051cd3e430ae837d4bed65b315c8ec2cc956292f1d0cb0,Super AMOLED,"6.5 inches, 102.0 cm2 (~86.1% screen-to-body ratio)","1080 x 2400 pixels, 20:9 ratio (~405 ppi density)",
4885f7908144280e66be421c06047b9a31aaba7fd34220566519f16ee8a20eaf,TFT LCD,"6.5 inches, 102.0 cm2 (~81.6% screen-to-body ratio)","720 x 1600 pixels, 20:9 ratio (~270 ppi density)",
14618b3a948d59b9b4c3ef174761bb158391187b528464d86b31267f9eb58077,"TFT LCD, 120Hz","6.6 inches, 104.9 cm2 (~82.5% screen-to-body ratio)","1080 x 2408 pixels, 20:9 ratio (~400 ppi density)",
28032dddce6e14856d3e6caadb303c2c5c3489c28680c9759757a96efb84aea3,"Super AMOLED, 120Hz, 1000 nits (HBM)","6.6 inches, 106.9 cm2 (~83.8% screen-to-body ratio)","1080 x 2340 pixels, 19.5:9 ratio (~390 ppi density)",
34a6d37456b6db5d07b50c9c0c80b68f7ca5158bf6a20807fce69b9208989937,"PLS TFT capacitive touchscreen, 16M colors","6.6 inches, 104.9 cm2 (~82.5% screen-to-body ratio)","1080 x 2408 pixels, 20:9 ratio (~400 ppi density)",
15be1dcd21097cb035decad0f825ae102e7c8e37d9d90d31fdce584821e300ac,"PLS TFT capacitive touchscreen, 16M colors","6.3 inches, 97.4 cm2 (~84.9% screen-to-body ratio)","1080 x 2340 pixels, 19.5:9 ratio (~409 ppi density)",
6e707dbc1cd6cf02e5c2937b6d52fcab9168c68e611aac8cf15decd4818e7324,"PLS TFT capacitive touchscreen, 16M colors",6.3 inches,2340 x 1080 pixels,
fc4f281ef85022a2774dd44eb6c6ea78909fe9a5ff0c91a884deca2f9062500b,IPS LCD 409 ppi,6.3 inches (16 cm),1080 x 2340 pixels,
0be70c568cdf7fcd2d361fbfdbcb1440d54ef1ae55eaac565105a2fc5c5fc642,Super AMOLED Plus,"6.7 inches, 108.4 cm2 (~86.7% screen-to-body ratio)","1080 x 2400 pixels, 20:9 ratio (~393 ppi density)",
02d209276e5bf7a6bc09a7788f9db01dfd02aba19e122fb05c40fbc1628c47b5,"Super AMOLED Plus, 120Hz","6.7 inches, 108.4 cm2 (~86.4% screen-to-body ratio)","1080 x 2400 pixels, 20:9 ratio (~393 ppi density)",
73fe97f41722578390890149b76889b8ed459691de4e22401e1cbff5eada1956,"IPS LCD, 120Hz","6.7 inches, 108.4 cm2","1080 x 2400 pixels, 20:9 ratio (~393 ppi density)",
6868ee40db1b777b6f1d25b17d0bd1fed1f06a19d51fe0183a58d9c92d82763b,"Super AMOLED Plus, 120Hz","6.7 inches, 108.1 cm2 (~85.3% screen-to-body ratio)","1080 x 2408 pixels, 20:9 ratio (~394 ppi density)",
7020a4a21dfcf7f703c729817ec96e14101a82f24a575756255bad740dc49c73,"6.7 inches, 112.9 cm2 (~90.1% screen-to-body ratio)","6.7 inches, 112.9 cm2 (~90.1% screen-to-body ratio)",Always-on display Always-on display,
7fbff103f12d059a5685de9f74625daab50558134bcd0249abbc80d95965fbe5,Super AMOLED Yes with punch-hole display 396 ppi,"6.4 inches, 98.9 cm2 (~83.7% screen-to-body ratio)","1080 x 2400 pixels, 20:9 ratio (~411 ppi density)",
018837491cc2b83d926ce2cf4e28c366ba9f58ee482e2318df9407990f46d2bd,"Super AMOLED Plus, 420 nits (peak)","6.7 inches, 108.4 cm2 (~86.7% screen-to-body ratio)","1080 x 2400 pixels, 20:9 ratio (~393 ppi density)",
18b89be7ea199f9e06ac6ea1a04e42c44eaa4382ebc99be52864e2281a534cbb,"Super AMOLED capacitive touchscreen, 16M colors","6.7 inches, 108.4 cm2 (~86.0% screen-to-body ratio)","1080 x 2400 pixels, 20:9 ratio (~393 ppi density)",
f6184029fc3ea5ad2ca19ac3cecfbc2252446ca65436718a8dcfd125f88e4ef0,"Super AMOLED capacitive touchscreen, 16M colors","6.7 inches, 108.4 cm2 (~86.0% screen-to-body ratio)","1080 x 2400 pixels, 20:9 ratio (~393 ppi density)",
a268f5a3f9f252e10048d8b845aa8fa48254af602f5d4159d9815bb5d3dd6c71,"Super AMOLED capacitive touchscreen, 16M colors","6.7 inches, 108.4 cm2 (~86.0% screen-to-body ratio)","1080 x 2400 pixels, 20:9 ratio (~393 ppi density)",
26f97a7af03bef452577de09d5e79bd9587ebc8424889b28e9a84fb5b658a6f2,"Dynamic AMOLED capacitive touchscreen, 16M colors","6.3 inches, 98.6 cm2 (~90.9% screen-to-body ratio)","1080 x 2280 pixels, 19:9 ratio (~401 ppi density)",
55deb602cfe5327486e59552d9dfec098153710784be6780b793116ac9205771,"Dynamic AMOLED capacitive touchscreen, 16M colors","6.8 inches, 114.0 cm2 (~91.0% screen-to-body ratio)","1440 x 3040 pixels, 19:9 ratio (~498 ppi density)",
ede8f366394383ada1178be5190ffa2a24afd9dd22a5e05aae990e10fe0e6957,"Super AMOLED capacitive touchscreen, 16M colors",6.8 inches,1440 x 3040 pixels,
476f6cd1dee8bec81502c85d77dcf6745259b95bc5b38fb9bf8b0e7d542f984d,6.9 inches,6.9 inches,1440 x 3088 pixels,
c51a2a608b23b5d74d540ea2812af8f6fc4ed35bd0904b2b20951fff40a3d351,6.7 inches,6.7 inches,1080 x 2400 pixels,
e7b74533443730bf314af008d576313f78cc1ab8c27dcab6d8d226183112e651,"Super AMOLED, 5.7 inches",5.7 inches,1080 x 1920 pixels,
5c17b7b22dbc2dc4b0cd5a1475cb28e77214497548f5e53b6cc66e726329724a,"Super AMOLED capacitive touchscreen, 16M colors",5.7 inches (~73.4% screen-to-body ratio),1440 x 2560 pixels (~518 ppi pixel density),
072be3e617f4623169494b47ca08f538bb8437d1e3abf9be6492af0bbcb0d918,"Super AMOLED capacitive touchscreen, 16M colors",5.7 inches (~76.8% screen-to-body ratio),1440 x 2560 pixels (~515 ppi pixel density),
3f1584f95c87d97c29df99c41801e64959df55fa9f7f66d41e3ec8beabed94fa,"Super AMOLED capacitive touchscreen, 16M colors",5.7 inches (~75.9% screen-to-body ratio),1440 x 2560 pixels (~518 ppi pixel density),
c3142423dc4f6508e2f31600ee11220ee18f0f12221b6d6d5aed7c93111c9537,"Super AMOLED Plus capacitive touchscreen, 16M colors","6.7 inches, 108.4 cm2 (~87.2% screen-to-body ratio)","1080 x 2400 pixels, 20:9 ratio (~393 ppi density)",
8db9ea6928b8a98fd54a85ef2d9fbb580da29daa0a325b4829addab5a4a67c7f,"Super AMOLED capacitive touchscreen, 16M colors","6.3 inches, 101.1 cm2 (~83.2% screen-to-body ratio)","1440 x 2960 pixels, 18.5:9 ratio (~521 ppi density)",
93590967f0d1aaa790ef53e72b1a4d49239787317867a638c5051e79e94312b2,"Super AMOLED capacitive touchscreen, 16M colors","6.4 inches, 103.2 cm2 (~83.4% screen-to-body ratio)","1440 x 2960 pixels, 18.5:9 ratio (~514 ppi density)",
71d0c597c4854ff51a752c84c1cfa2def63d145ea7d7316fd0e807c6845fb9ef,"Super AMOLED capacitive touchscreen, 16M colors",5.6 inches (~77.2% screen-to-body ratio),1600 x 2560 pixels (~524 ppi pixel density),
1e6160057728f344b43327a724baa0d11e7787912d05b3260b00fde832d4ea01,6.8 inches,6.8 inches,1440 x 3040 pixels,
b4c6ddc67c77710d66520751a952ec6aad1e900587a13c896940bbcbf2e5a501,6.3 inches,6.3 inches,1080 x 2280 pixels,
0752655012361fbf45949c986b836dd4561a1b6f163142e96dc5d9f1fad57392,"Super AMOLED Plus, HDR10+","6.7 inches, 108.4 cm2 (~89.2% screen-to-body ratio)","1080 x 2400 pixels, 20:9 ratio (~393 ppi density)",
216e05f3611d99102983bdc948844895131c984ffa6a35c40c76d7d2afad9f2e,"Capacitive touchscreen, 16M colors","5.0 inches, 68.9 cm2 (~69.3% screen-to-body ratio)","720 x 1280 pixels, 16:9 ratio (~294 ppi density)",
2a1ddb382df8ca26ebb2a046a6113f21c0f758d75ebc1c4d42a136240c93a377,"Super AMOLED capacitive touchscreen, 16M colors","6.0 inches, 79.9 cm2 (~66.3% screen-to-body ratio)","720 x 1480 pixels, 18.5:9 ratio (~293 ppi density)",
34b6884bb26b367e31f420b8dca69fe7fc638db38afe7ae04ab049079ef82a12,"Super AMOLED capacitive touchscreen, 16M colors","6.3 inches, 100.7 cm2 (~80.6% screen-to-body ratio)","1080 x 2220 pixels, 18.5:9 ratio (~392 ppi density)",
3b8677b2b7f668b0f5a1a1b00ca9caf67978a27d47dabc6fb67ad3c4ced475db,"Super AMOLED capacitive touchscreen, 16M colors","6.4 inches, 98.9 cm2 (~83.7% screen-to-body ratio)","1080 x 2400 pixels, 20:9 ratio (~411 ppi density)",
8443f17e85665ab8235ca9882828f7d34f1c7724e932d4b2d0d7a36b51cb668e,"6.4"" inch)","6.4"" inches",1440x3040 pixels,
9980f7029b2e50f1ce0c711533b3c5d14a5f1ee9e0d42b049301dfca45f53b35,"Dynamic AMOLED capacitive touchscreen, 16M colors",6.5 inches,"1440 x 3040 pixels, 19:9 ratio 550 ppi density",
12e8463f47911d3f6d936b414fee9714e512cc52b0679bb76b7d4345c5ae31c5,"Dynamic AMOLED capacitive touchscreen, 16M colors, Multitouch",6.9 Inches,1440 x 3040 Pixels (~549 PPI),
ae4e4f3af0ab7989944ac5c3dfd7e74f4b53fe006aee2a7d2fa4cbf8c9e3f2c3,"10.4 inches, 307.9 cm2 (~81.6% screen-to-body ratio)","10.4 inches, 307.9 cm2 (~81.6% screen-to-body ratio)","1200 x 2000 pixels, 5:3 ratio (~224 ppi density)",
b4e9ce8f64b6ef674c862149ea1868731b50616ae12f51dabbf3de057310a81e,"Super AMOLED, 120Hz, HDR10+","6.5 inches, 101.0 cm2 (~84.8% screen-to-body ratio)","1080 x 2400 pixels, 20:9 ratio (~407 ppi density)",
d32a1a1c47f7a09397e06fdefc707e19b0a29de4d62420648deb78bdda820c8b,"Dynamic AMOLED capacitive touchscreen, 16M colors",6.2 inches,"1440 x 3120 pixels, 19.5:9 ratio 516 ppi density",
3410f5f456aca5f8b9f54d4c7bbe97b06d81768c877162c1f9175d07a8629dbf,"Dynamic AMOLED capacitive touchscreen, 16M colors, Multitouch",6.7 Inches,1440 x 3040 Pixels (~502 PPI),
1bd2bc88b2c60e9b99c677a8b2ac9c07e013d2de054deba52c6ac8cca3313af2,6.2 Inches,6.2 Inches,1440 x 3040 Pixels (~543 PPI),
0752f01a4b097b6776b8feb5828942fd4843764eddf201ef323adae45a3058a2,"Dynamic AMOLED 2X, 120Hz, HDR10+","6.4 inches, 103.9 cm2 (~89.6% screen-to-body ratio)","1080 x 2400 pixels, 20:9 ratio (~401 ppi density)",
e3cc0dd9e77cbd56c55b44cf19914b8515a609bd6c39c38d959246b4335bb46a,"Dynamic AMOLED 2X, 120Hz, HDR10+, 1300 nits (peak)","6.7 inches, 107.8 cm2 (~88.3% screen-to-body ratio)","1080 x 2400 pixels, 20:9 ratio (~394 ppi density)",
cb918e746dfa4935f7a4c45db3d9f975d95504d64e3aace104271bbe4e12dbfe,"Dynamic AMOLED 2X, 120Hz, HDR10+, 1300 nits (peak)","6.2 inches, 94.1 cm2 (~87.2% screen-to-body ratio)","1080 x 2400 pixels, 20:9 ratio (~421 ppi density)",
ab465b6ea1c575694889389d3003003b4ad4fa3698cacdd5b8aa326d492267bb,"Dynamic AMOLED 2X, 120Hz, HDR10+, 1750 nits (peak)","6.8 inches, 114.7 cm2 (~90.2% screen-to-body ratio)","1440 x 3088 pixels, 19.3:9 ratio (~500 ppi density)",
9dbeed3fbbc5ec0e579ec249e98a2576c2700be6daf4081ccbc4e3ca58ca35f0,"Dynamic AMOLED 2X, 120Hz, HDR10+, 1300 nits (peak)","6.1 inches, 90.1 cm2 (~87.4% screen-to-body ratio)","1080 x 2340 pixels, 19.5:9 ratio (~425 ppi density)",
b9f1d44eb7b7de3260fb6bc0d49e50e77dad459ecace8204c7330c982cf50645,"Dynamic AMOLED 2X, 120Hz, HDR10+, 1450 nits (peak)","6.4 inches, 100.5 cm2 (~83.2% screen-to-body ratio)","1080 x 2340 pixels, 19.5:9 ratio (~403 ppi density)",
5072fd9782a1ac68fb0e9f00e719a6f3200771823849ae48b99cd6c78a520110,,"6,8 inches",1440 x 3088 pixels,
66f27194865a19fae244462f40788762b63f0256cfd0d541b8c2a5b08ea3bd4f,"Dynamic AMOLED 2X, 120Hz, HDR10+, 1200 nits (HBM), 1750 nits (peak)","6.1 inches, 90.1 cm2 (~86.8% screen-to-body ratio)","1080 x 2340 pixels, 19.5:9 ratio (~425 ppi density)",
88773fdc247b116950110778b8087acbe6f3454f485e840ca1d0d414c15ea67a,6.4 Inches,6.4 Inches,Corning Gorilla Glass,
a931f01a3cc6b455a6e3f20ec793098ca4f5f33c159a27d0b9c8bb73bf9ebb28,"Dynamic LTPO AMOLED 2X, 120Hz, HDR10+, 2600 nits (peak)","6.8 inches, 113.5 cm2 (~88.5% screen-to-body ratio)","1440 x 3120 pixels, 19.5:9 ratio (~505 ppi density)",
fdf8a650703bc6d9fb7bc2e816f884eb33b4452301b77e86bea80fe334b60050,"Dynamic LTPO AMOLED 2X, 120Hz, HDR10+, 2600 nits (peak)","6.2 inches, 94.4 cm2 (~90.9% screen-to-body ratio)","1080 x 2340 pixels, 19.5:9 ratio (~416 ppi density)",
26f281f73d272acb224d86836524a37fd9ed2cce5a9eefb291aa46483fdfcf99,Dynamic LTPO AMOLED 2X,6.7 inches,1080 x 2340 pixels,
25afa9b0dbcf1b840686afbc2e69cd6757d6b240dc928fb39224051316c182cb,Dynamic LTPO AMOLED 2X,6.7 inches,1080 x 2340 pixels,
e15cfe8f771a7ae5c81eeb17bbdfa8668624ac645d017d2ef4d7354c4f816f68,Dynamic LTPO AMOLED 2X,6.7 inches,1080 x 2340 pixels,
21abedc5763a2522ab6eff10b06ae77a5291204792573b26fc6b44d5e6dc21bd,Dynamic LTPO AMOLED 2X,6.7 inches,1080 x 2340 pixels,
856e73271387943e5a0a23ea8ab80ed1c51b4d3ab76e4db5cf00f4700e9be6c3,Dynamic LTPO AMOLED 2X,6.7 inches,1080 x 2340 pixels,
58d3cd808307fbbf4eaaf8e92a888dce70a59d6507cf10638f5f9f7654132f54,Dynamic LTPO AMOLED 2X,6.7 inches,1080 x 2340 pixels,
40e3a43950f19d92251fb11f566867b65a2b2c3ca1eb98438ceeaf24cc2a975b,"Dynamic LTPO AMOLED 2X, 120Hz, HDR10+, 2600 nits (peak)","Dynamic LTPO AMOLED 2X, 120Hz, HDR10+, 2600 nits (peak)","1440 x 3120 pixels, 19.5:9 ratio (~498 ppi density)",
882fa4f85ee25b610ec153d1b227c144e533216659f73dd767eb2dbc5937ac15,"Dynamic LTPO AMOLED 2X, 120Hz, HDR10+, 2600 nits (peak)","6.9 inches, 115.9 cm2 (~90.7% screen-to-body ratio)","1440 x 3120 pixels, 19.5:9 ratio (~500 ppi density)",
28c2a1622df1a368725641b8d8d0e864e84b04593ab0bd13825d2674e7acf4f5,"Dynamic LTPO AMOLED 2X, 120Hz, HDR10+, 2600 nits (peak)","6.9 inches, 115.9 cm2 (~90.7% screen-to-body ratio)","1440 x 3120 pixels, 19.5:9 ratio (~500 ppi density)",
128cc79e6416a31b5f883e2e1c7f62f5f1d0900e9979b19400dbd2d7f0214aa2,"Dynamic LTPO AMOLED 2X, 120Hz, HDR10+, 2600 nits (peak)","6.9 inches, 115.9 cm2 (~90.7% screen-to-body ratio)","1440 x 3120 pixels, 19.5:9 ratio (~500 ppi density)",
fc198fa5466832fdc81d50fdee8692b87d31177bc074c8a6682915ab6250c4cb,"Dynamic LTPO AMOLED 2X, 120Hz, HDR10+, 2600 nits (peak)","6.9 inches, 115.9 cm2 (~90.7% screen-to-body ratio)","1440 x 3120 pixels, 19.5:9 ratio (~500 ppi density)",
970d8b5daf3c25075d14473ea5b6547d31a21e46e34d89d8a27f932c98a7aacd,"Dynamic LTPO AMOLED 2X, 120Hz, HDR10+, 2600 nits (peak)","6.9 inches, 115.9 cm2 (~90.7% screen-to-body ratio)","1440 x 3120 pixels, 19.5:9 ratio (~500 ppi density)",
274de949deab061d95974c59a710dc646af6c14a6b4319dd3a98d50b898b0281,"Dynamic LTPO AMOLED 2X, 120Hz, HDR10+, 2600 nits (peak)","6.9 inches, 115.9 cm2 (~90.7% screen-to-body ratio)","1440 x 3120 pixels, 19.5:9 ratio (~500 ppi density)",
b412b9784f0aa68d641a0d8f6028b6fe447659c9aed789a6cd7dc6d00f8fe9b0,"Dynamic LTPO AMOLED 2X, 120Hz, HDR10+, 2600 nits (peak)","6.9 inches, 115.9 cm2 (~90.7% screen-to-body ratio)","1440 x 3120 pixels, 19.5:9 ratio (~500 ppi density)",
f6423525f66e90d6d8df6e7b37db2352c1457b03d4f10ffba3ca8463dd87e630,"Dynamic LTPO AMOLED 2X, 120Hz, HDR10+, 2600 nits (peak)","6.9 inches, 115.9 cm2 (~90.7% screen-to-body ratio)","1440 x 3120 pixels, 19.5:9 ratio (~500 ppi density)",
4a3ffa13408f3d55ca12f70ed15461bd0bc00f0926ac211d0ff598d59a7c4053,"Super AMOLED, 4.3 inches",4.3 inches,540 x 960 pixels,
22ec8233c172aaa7c31614c97007f773273e245735d27a5a7935e3e4aef8bdc2,"Super AMOLED, 4.5 inches",4.5 inches,720 x 1280 pixels,
4b87e779013aec6504f848cd9300fefc727f6df6aa05557ca9ecd975cdee1d38,"Super AMOLED, 5.1 inches",5.1 inches,1080 x 1920 pixels,
19ddfc6a77c9dfd31209aa02412c21e7c1ded62341f5f00f388af6e44c6719b6,"Super AMOLED capacitive touchscreen, 16M colors",5.6 inches (~77.2% screen-to-body ratio),1600 x 2560 pixels (~524 ppi pixel density),
62145d13ee39b7ff98f5a2e91b3049401f3c9562132843d3fc09f3d699c9c80b,Super AMOLED,"5.1 inches, 71.5 cm2 (~70.7% screen-to-body ratio)","1440 x 2560 pixels, 16:9 ratio (~577 ppi density)",
eccd3e1593bdfdc3f07207118cc20b4c42f38189b43aba5d194e69e53dde9270,"Super AMOLED, 5.5 inches",5.5 inches,1440 x 2560 pixels,
d2bd45308eea40e08246e578bef4a8c4b23eff07da48c1d34e1df172d6e36d6f,"Super AMOLED, 5.1 inches",5.1 inches,1440 x 2560 pixels,
770be9156f862d2410bf66b80e89b690b4d2af35146c9d5b6f41322b807733b7,Super AMOLED,"6.3 inches, 100.2 cm2 (~80.1% screen-to-body ratio)","1080 x 2220 pixels, 18.5:9 ratio (~393 ppi density)",
32de32331bb7e97f4cfedfc75d48b1c1ecf69a6d0df4ec47b96687c60ea10a64,"Super AMOLED Plus capacitive touchscreen, 16M colors","6.2 inches, 98.3 cm2 (~84.0% screen-to-body ratio)","1440 x 2960 pixels, 18.5:9 ratio (~529 ppi density)",
6dd470164a3492ec292c8e37582e3ff8923aceba56c856797fd05389ddb70f83,"Super AMOLED, 90Hz, 800 nits (HBM)","6.5 inches, 101.0 cm2 (~84.1% screen-to-body ratio)","1080 x 2400 pixels, 20:9 ratio (~407 ppi density)",
3b657dbf73f30443461708b40b8d83aca32cf6689dc0b2b3f72e3f872ad1e0b8,"Super AMOLED capacitive touchscreen, 16M colors","6.2 inches, 98.3 cm2 (~84.2% screen-to-body ratio)","1440 x 2960 pixels, 18.5:9 ratio (~529 ppi density)",
df3c0b4c9c4762701c5d09e404c7761824690846c8840d5fc9bd1d46d06b6bb9,"Super AMOLED capacitive touchscreen, 16M colors","5.8 inches, 84.8 cm2 (~83.6% screen-to-body ratio)","1440 x 2960 pixels, 18.5:9 ratio (~570 ppi density)",
b8c5225cc007291be5446e8cc4c3016eb53d54ad39b898ea11fc267bfa98de74,"4.7"" (120.4mm)","4.7 inches, 60.9 cm2 (~67.9% screen-to-body ratio)","720 x 1280 pixels, 16:9 ratio (~312 ppi density)",
7add9df15174b6a4abeff20b021176622415be4fc9653e9871f8859084372cb8,"Liquid Retina IPS LCD, 500 nits 1640 x 2360 pixels (~264 ppi density) Protection Scratch-resistant glass, oleophobic coating","8.0 inches , Sensors Accelerometer",,
790402accf3b74508ec59b6a61fb03b95bdf4b1422e3eade19e3b28ebada2904,"Liquid Retina IPS LCD, 500 nits 1640 x 2360 pixels (~264 ppi density) Protection Scratch-resistant glass, oleophobic coating","10.4 inches, Sensors Accelerometer, gyro, proximity, compass",,
bf7ea54dd96d9eb5d83fd14471712e906f81219ff281b36ff0ea8580cca1f6f2,"Liquid Retina IPS LCD, 500 nits 1640 x 2360 pixels (~264 ppi density) Protection Scratch-resistant glass, oleophobic coating","8.7 inches, Sensors Accelerometer, compass",,
4dc02ce75c61c102499c7d2633220901ef2b4e5e1304dfcdf0b0793a0c8477a5,"Liquid Retina IPS LCD, 500 nits 1640 x 2360 pixels (~264 ppi density) Protection Scratch-resistant glass, oleophobic coating","10.5 inches, Sensors Fingerprint (side-mounted), accelerometer, gyro, proximity, compass",,
1ab8ccedd7dd89bca41a0418f59d8334f7055d53815cc80fd3328d8085b4a3e5,"Liquid Retina IPS LCD, 500 nits 1640 x 2360 pixels (~264 ppi density) Protection Scratch-resistant glass, oleophobic coating","10.5 inches, Sensors Fingerprint (side-mounted), accelerometer, gyro, proximity, compass",,
c0de03bc0ddab76cc01e10e24e506b3e214e7dfff157621f6133eaf227b349f8,"Liquid Retina IPS LCD, 500 nits 1640 x 2360 pixels (~264 ppi density) Protection Scratch-resistant glass, oleophobic coating","11.0 inches , Sensors Accelerometer, gyro, proximity (accessories only), compass",,
7eef5a399e231bf0ce3adffc73ba3a08bb4fddeeb70645812c98158ab43ed57c,"Liquid Retina IPS LCD, 500 nits 1640 x 2360 pixels (~264 ppi density) Protection Scratch-resistant glass, oleophobic coating","8.7 inches , Sensors Accelerometer, proximity compass",,
2c76683c69e02ede3f84d1f77f2a7d881251e1c4e82dedce71a2805bef0d5656,"Liquid Retina IPS LCD, 500 nits 1640 x 2360 pixels (~264 ppi density) Protection Scratch-resistant glass, oleophobic coating","11.0 inches , Sensors Accelerometer, gyro, proximity (accessories only), compass",,
04ea16bbef2a263e05303a2a7e231be0f421e9e9449ab98538f528e2559ca524,"Liquid Retina IPS LCD, 500 nits 1640 x 2360 pixels (~264 ppi density) Protection Scratch-resistant glass, oleophobic coating","10.4 inches , Accelerometer, proximity, gyro (Wi-Fi Model Only) Samsung DeX",,
59c4531cb50bd1f652fdaad8d4d0ce568db62f9ef340145e06a6a37bd2f4215d,"10.4 inches, 307.9 cm2 (~81.6% screen-to-body ratio)","10.4 inches, 307.9 cm2 (~81.6% screen-to-body ratio)","1200 x 2000 pixels, 5:3 ratio (~224 ppi density)",
01e4634a09ac2d63b8d8bf77236ba1b48a5e42ffc525ab0dfba893cd0e62c44c,"Liquid Retina IPS LCD, 500 nits 1640 x 2360 pixels (~264 ppi density) Protection Scratch-resistant glass, oleophobic coating","10.4 inches, Sensors Accelerometer, gyro, proximity, compass",,
9a277e9e13f77eaec5324675c5729537c44314da348c11b458a148debf138cb3,"Liquid Retina IPS LCD, 500 nits 1640 x 2360 pixels (~264 ppi density) Protection Scratch-resistant glass, oleophobic coating","10.4 inches, Sensors Accelerometer, gyro, proximity, compass",,
5c6747abe604977d822712c791102620fd5a4ddc596000d24ee0cc3f9869355c,"Liquid Retina IPS LCD, 500 nits 1640 x 2360 pixels (~264 ppi density) Protection Scratch-resistant glass, oleophobic coating","14.6 inches , Sensors Fingerprint (under display, optical), accelerometer, gyro, proximity, compass Wireless Samsung DeX",,
1e2a0c0ef4c7ac84f03bf60c34f52bac757ae909e1148289d1e6ab7d2d3a5762,"Liquid Retina IPS LCD, 500 nits 1640 x 2360 pixels (~264 ppi density) Protection Scratch-resistant glass, oleophobic coating","12.4 inches , Sensors Fingerprint (under display, optical), accelerometer, gyro, proximity, compass Wireless Samsung DeX",,
acf9670f70e931d81d4131033f8e951d0845b40d1a49f5663f131e28e0d8ffc4,"Liquid Retina IPS LCD, 500 nits 1640 x 2360 pixels (~264 ppi density) Protection Scratch-resistant glass, oleophobic coating","10.9 inches , Sensors Fingerprint (side-mounted), accelerometer, gyro, compass, proximity (accessories only)",,
ccff73330120969c0ea012c64b4bbdf77079314eabcf7b8b46c4820cf13363f6,"Liquid Retina IPS LCD, 500 nits 1640 x 2360 pixels (~264 ppi density) Protection Scratch-resistant glass, oleophobic coating","10.9 inches , Sensors Fingerprint (side-mounted), accelerometer, gyro, compass, proximity (accessories only)",,
b3ac2dcbb431e8e34997fbd4c09673425ac6f1c42bbaf181233ad8085888f113,"Liquid Retina IPS LCD, 500 nits 1640 x 2360 pixels (~264 ppi density) Protection Scratch-resistant glass, oleophobic coating","11.0 inches , Sensors Fingerprint (under display, optical), accelerometer, gyro, proximity, compass Wireless Samsung DeX",,
73ee127b79642e6462ea42fdb7dbfa9854ddcb95547282217d50f9e9ca047172,"Liquid Retina IPS LCD, 500 nits 1640 x 2360 pixels (~264 ppi density) Protection Scratch-resistant glass, oleophobic coating","11.0 inches , Sensors Fingerprint (under display, optical), accelerometer, gyro, proximity, compass Wireless Samsung DeX",,
ed6d36f11dfa20aad97d91586de90d468e6b281cf1952eea6422acc74bd42ea1,Super AMOLED capacitive touchscreen,5.50-inch,720x1280 pixels,
86d45767e4c23451b766af87b4588bc6e363ef6d75dcd6af3d1e36862594a870,"Super AMOLED capacitive touchscreen, 16M colors","6.4 inches (76.9% screen-to-body ratio),","1560 x 720 pixels, (18:9 ratio)",
520dce112bba8b633988261a30561853000eff82c84375cabcefd15669129e66,"Foldable Dynamic AMOLED 2X, 120Hz, HDR10+, 1200 nits (peak)","6.7 inches, 101.5 cm2 (~84.7% screen-to-body ratio)","1080 x 2640 pixels (~426 ppi density) Cover display: Super AMOLED, 1.9 inches, 260 x 512 pixels",
ffe61b574578e7bd2055610d99fd1ad20880a265aca685aea3c69557d26d82be,"Foldable Dynamic AMOLED, HDR10+","6.7 inches, 101.6 cm2 (~82.5% screen-to-body ratio)","1080 x 2636 pixels (~425 ppi density) Cover display: Super AMOLED, 1.1 inches, 112 x 300 pixels",
9162ab2c28cf64449e18df1c79a0fcfb7802ba25e6b2efd9ff539b42af5fa617,6.7 Inches,6.7 Inches,1080 x 2640 Pixels (~426 PPI),
1cca56b60a816b00c8cf70c34e926af27d1e5279a88f8778086b1f6ef34a7f55,8.0 Inches,8.0 Inches,1812 x 2176 Pixels (~354 PPI),
e4a13badcc548f15ba7714dc61b10f278b9220d1b94d1c11e8c8841e572073bb,7.6 Inches,7.6 Inches,1536 x 2208 Pixels (~354 PPI),
b9568a46bc670e377f082cad1065e49dec9b7351b30f7dc978a039eda9fef8d7,"TFT capacitive touchscreen, 16M colors","5.7 inches, 83.8 cm2 (~76.0% screen-to-body ratio)","720 x 1440 pixels, 18:9 ratio (~282 ppi density)",
c2b50bb7768ac9d458e7c3ac05c4abfd667e34bacf998af7abe2b589844d0dda,"IPS LCD capacitive touchscreen, 16M colors","5.99 inches, 92.6 cm2 (~84.2% screen-to-body ratio)","1080 x 2160 pixels, 18:9 ratio (~403 ppi density)",
38040e3a5d156bce278285deb8974892b72d21c0d81a840831ac4525a6a9465f,"IGZO IPS LCD, 120Hz, HDR10","5.2 inches, 67.5 cm2 (~80.5% screen-to-body ratio)","1080 x 2280 pixels, 19:9 ratio (~485 ppi density)",
dfb8f0de62afd255e1f4fb1c25338d081665c604081229a37825d6311bb46d57,"IGZO IPS LCD, 120Hz, HDR10","5.2 inches, 67.5 cm2 (~80.5% screen-to-body ratio)","1080 x 2280 pixels, 19:9 ratio (~485 ppi density)",
98376cdfd21a3097379b4cfb356dee7a989062f48f8208b679382476cdfec6fc,"IPS LCD capacitive touchscreen, 16M colors","5.9 inches, 89.8 cm2 (~75.3% screen-to-body ratio)","1080 x 2160 pixels, 18:9 ratio (~409 ppi density)",
344ec957326271e15ed5cea4fe79f3da00d368118217083c34e81bec2738efb4,"OLED capacitive touchscreen, 16M colors","6.2 inches, 96.9 cm2 (~86.2% screen-to-body ratio)","1440 x 2992 pixels, 18.7:9 ratio (~536 ppi density)",
2b282c0f120659342ccf066654925be92d6e59e2f4063b8d7bb76c7c6a0c45e0,"OLED, 1B colors, 120Hz, HDR BT.2020","6.5 inches, 98.6 cm2 (~84.2% screen-to-body ratio)","1644 x 3840 pixels, 21:9 ratio (~643 ppi density)",
64f33090325913b5503f84264f5b97f640fd33cbb4fb5e5f5a4c06b7641de6ff,"OLED capacitive touchscreen, 16M colors","6.5 inches, 98.6 cm2 (~82.0% screen-to-body ratio)",1644 x 3840 pixels (~643 ppi density),
3288a29a8f8ec9470fa839ffaf23d33aba8f64db747c8800a04d4d94a517212e,"OLED, 1B colors, HDR","6.0 inches, 84.1 cm2 (~80.3% screen-to-body ratio)","1080 x 2520 pixels, 21:9 ratio (~457 ppi density)",
c67296b8fcf9e6beb0a5daf8355ba666462e1182a4f20de55820e0073f308c38,"OLED, 1B colors, HDR","6.0 inches, 84.1 cm2 (~80.3% screen-to-body ratio)","1080 x 2520 pixels, 21:9 ratio (~457 ppi density)",
001d5140fcf2d8f91f5ce795ac1b87c980d63634f9c4e9b1f15e7294bfb7d9f1,"OLED, 1B colors, HDR","6.0 inches, 84.1 cm2 (~82.0% screen-to-body ratio)","1080 x 2520 pixels, 21:9 ratio (~457 ppi density)",
96eebbd0753a0c068f356af5d31238eb485b1da0d0fbdc287bba0b0dc347018b,"IPS LCD capacitive touchscreen, 16M colors","6.5 inches, 98.7 cm2 (~81.0% screen-to-body ratio)",1080 x 2520 pixels (~422 ppi density),
536b2d0caef5c33176897e30b33140c9c2831ddd210352920a3bb3120cc2bb41,"OLED, 1B colors, HDR","6.1 inches, 86.9 cm2 (~82.5% screen-to-body ratio)","1080 x 2520 pixels, 21:9 ratio (~449 ppi density)",
d78f0f8015d332c8bdb35b49039c2d1c3624e95f51f7033ee3e20c3041f356a7,"OLED capacitive touchscreen, 16M colors",6.1 inches,1080 x 2520 pixels,
2be263a356fe26c6267754270075a752918bafd680c1fbaf415090483a486ab7,"OLED capacitive touchscreen, 16M colors","6.1 inches, 86.9 cm2 (~80.9% screen-to-body ratio)","1080 x 2520 pixels, 21:9 ratio (~449 ppi density)",
a14cd414efeda5fd5537fb35ac8024d00ea436ffb442763f41bf1472cd5e7d13,"OLED, 1B colors, 120Hz, HDR BT.2020","6.1 inches, 86.9 cm2 (~81.4% screen-to-body ratio)","1080 x 2520 pixels, 21:9 ratio (~449 ppi density)",
e43e321075176575d37b45d6ecbd530c1837cd7f04d814917adba8b0912982e5,"OLED capacitive touchscreen, 16M colors","6.1 inches, 86.9 cm2 (~80.9% screen-to-body ratio)","1080 x 2520 pixels, 21:9 ratio (~449 ppi density)",
c975ad89133b1b8f8eaeebe9d4b9fb92d38ea5dc31aa5a1ea5dd30b1ed1fa954,"OLED capacitive touchscreen, 16M colors",6.1 inches,"1080 x 2520 pixels, 21:9 ratio 449 ppi density",
085931ea41b2d317869fb5fb1f5a0d593f3a18ee32d76ddddf35bc5e11bd51b6,"IPS LCD Capacitive Touchscreen, 16M Colors, Multitouch",6.0 Inches,1080 x 2340 Pixels (~430 PPI),
6d61eaed75193d18fa90ba7d262498ce267e0696633d2f2f69b62123c090c706,"IPS LCD capacitive touchscreen, 16M colors",5.0 inches (~67.4% screen-to-body ratio),540 x 960 pixels (~220 ppi pixel density),
94cd2a030ac4c47256fa61072a50ff49939bed29d8a56176e867ee918863090e,"IPS LCD capacitive touchscreen, 16M colors","5.5 inches, 83.4 cm2 (~71.3% screen-to-body ratio)","720 x 1280 pixels, 16:9 ratio (~267 ppi density)",
e632b0672b51450bd8c964f1b60853b38b0eacc7168958973643c5ac89c64614,"IPS LCD capacitive touchscreen, 16M colors","5.7 inches, 79.4 cm2 (~71.6% screen-to-body ratio)","720 x 1570 pixels, 19.5:9 ratio (~303 ppi density)",
b70a9ebde5ed032e0737c79c97ae681ff776978f96f0dc9639e02b1dc727ac17,"IPS LCD capacitive touchscreen, 16M colors","6.2 inches, 89.8 cm2 (~79.5% screen-to-body ratio)","720 x 1680 pixels, 21:9 ratio (~295 ppi density)",
4beb98c5fca33d12693ceb881294b349e83fb5156a98af72d632612924d4c547,"TFT, 4.8 inches",4.8 inches,540 x 960 pixels,
519a4e5a05a61b702de04955397e39cb85da5034ae248f1f43d3c7756e68f555,"IPS LCD capacitive touchscreen, 16M colors",5.99 Inches,1440 x 2880 (QHD+),
77bbc6d1a4682e71857317584312c9e543b018e521ec69f556a367bbf4fe9a59,"IPS LCD capacitive touchscreen, 16M colors","5.2 inches, 74.5 cm2 (~75.0% screen-to-body ratio)","1080 x 1920 pixels, 16:9 ratio (~424 ppi density)",
3a88cbbb389d7e42212f401ef336ffcb139d9c17006ed085bf1ef034d7ee3fc7,"IPS LCD capacitive touchscreen, 16M colors",6.0 inches (~76.6% screen-to-body ratio),1080 x 1920 pixels (~367 ppi pixel density),
35daebf2c54fe73edaa0c18b4e94a193df71524c5e478cb248462f2227c3f81c,"IPS LCD capacitive touchscreen, 16M colors","5.0 inches, 68.9 cm2 (~70.9% screen-to-body ratio)","720 x 1280 pixels, 16:9 ratio (~294 ppi density)",
935a9112760aad6f9a8487f4d1f96417c1b7f877e6c61b51fbd1401cb68dc900,"IPS LCD capacitive touchscreen, 16M colors","6.0 inches, 92.9 cm2 (~78.9% screen-to-body ratio)","1080 x 2160 pixels, 18:9 ratio (~402 ppi density)",
a6fb008af2b826011cbbab8e7b7b6032050738eeb11095dc747c37b4cdaa9343,"IPS LCD capacitive touchscreen, 16M colors","5.2 inches, 74.5 cm2 (~75.0% screen-to-body ratio)","1080 x 1920 pixels, 16:9 ratio (~424 ppi density)",
9426e937a6e2a3644453cb017fc20fc21d69ec9ccb45d0c7db493deeaee5cafb,"IPS LCD capacitive touchscreen, 16M colors","4.6 inches, 58.3 cm2 (~70.7% screen-to-body ratio)","720 x 1280 pixels, 16:9 ratio (~319 ppi density)",
d10bdf4fb93281d4cb00fd617d08751d7f3cca5cc6233baaee068789358e2ace,"OLED Display Touchscreen, 16M Colors, Multitouch",5.7 Inches,2160 x 3840 (773 ppi),
1ec0ea6fe672c7c85eee66a1306e9cc6f62e4190bf72a3bd6f9c273c51dcefa1,"IPS LCD capacitive touchscreen, 16M colors","4.6 inches, 58.3 cm2 (~70.7% screen-to-body ratio)","720 x 1280 pixels, 16:9 ratio (~319 ppi density)",
89898706ec0c2beec8dc2cda193ef7c5b5bceb2382a4aa54a8222e48fc6986d6,"IPS LCD capacitive touchscreen, 16M colors","5.0 inches, 64.5 cm2 (~73.5% screen-to-body ratio)","1080 x 2160 pixels, 18:9 ratio (~483 ppi density)",
559188ec9be38f280e952cee5a236a65a8a4b097f3e0743b34405ba2db068f5c,"IPS LCD capacitive touchscreen, 16M colors","5.8 inches, 91.5 cm2 (~72.4% screen-to-body ratio)","3840 x 2160 pixels, 16:9 ratio (~765 ppi density)",
5d6395f12bf7037a6e96eb3c0c922d95700fa78b30c305fea17c2336b0dc86c0,"IPS LCD capacitive touchscreen, 16M colors",5.99 Inches,1440 x 2880 (QHD+),
7ac70a5b74c6644b02e0ca3d829bea10d86ae08f8c2cb998633da94d4d5b6a1b,"P-OLED capacitive touchscreen, 16M colors","6.0 inches, 92.9 cm2 (~80.5% screen-to-body ratio)","1440 x 2880 pixels, 18:9 ratio (~537 ppi density)",
a53ea0ff1fb005a6bc87b2509a6ed704801cffea11dbec480b1567efe44db9d5,"IPS LCD capacitive touchscreen, 16M colors","6.2 inches, 89.8 cm2 (~79.5% screen-to-body ratio)","720 x 1680 pixels, 21:9 ratio (~295 ppi density)",
31a6fe0f08bff942d20b3232b18dc1a9373b888b937cb069ec05aef1a9406141,"IPS LCD, 4.3 inches",4.3 inches,720 x 1280 pixels,
f714517d00b22c437cfc11687869a27fb4f5148a8e06a4786614029c123e7c65,"TFT, 5.0 inches",5.0 inches,1080 x 1920 pixels,
bc132dee86882a1df1c9d105393981db5c946c705976f221458cdfd28ef26e6a,"IPS LCD, 5.2 inches",5.2 inches,1080 x 1920 pixels,
49eafb67f01a0ee1ba081d93cf2eee6c28e3a5544ce514eb4ca55abd541e2cf2,"IPS LCD capacitive touchscreen, 16M colors","5.7 inches, 79.4 cm2 (~71.6% screen-to-body ratio)","720 x 1570 pixels, 19.5:9 ratio (~303 ppi density)",
8823032833998517f53dc6206f5beb913c0f392fb189b09adbef65565708a0eb,"IPS LCD capacitive touchscreen, 16M colors",5.5 inches (~71.3% screen-to-body ratio),2160 x 3840 pixels (~801 ppi pixel density),
582478b42bdffa1104a3a42e932eba8f14ae59f25c61e9cd71e13ad713ead6dd,"IPS LCD Capacitive Touchscreen, 16M Colors, Multitouch",6.6 Inches,720 x 1600 Pixels (~267 PPI),
a8cad7d258932fb4cec8ff76e255ac0159c201d8193a9e14d3bca93f8f3674aa,,,,
399a51b5ee1f90392400521436ba1047b55d56a63ad0a61f061f3a1c8a2faebb,"AMOLED capacitive touchscreen, 16M colors","6.47 inches, 102.8 cm2 (~89.5% screen-to-body ratio)dy ratio)","1080 x 2340 pixels, 19.5:9 ratio (~398 ppi density) HDR10 Always-on-display",
26635e7a9deab1e9391c9f4f62fa39cfe7ceca42d20aeff69a8658ff187c9619,"IPS LCD capacitive touchscreen, 16M colors","6.53 inches, 104.7 cm2 (~85.4% screen-to-body ratio)","1080 x 2340 pixels, 19.5:9 ratio 395 ppi density",
1b1a49606e17aa30bfeab05509cb4c0502f02ee980ae3fd4dc021689fbd3c858,IPS LCD Capacitive Touchscreen | 16M,6.56 (Inches),720 x 1612 (Pixels),
0452accaaafe100a5d4462249f8f93420583f1169128702d34f62339129e8a6e,"IPS LCD capacitive touchscreen, 16M colors","6.2 inches, 96.7 cm2 (~81.3% screen-to-body ratio)",720 x 1500 pixels (~268 ppi density),
d55f8bceccd4a58b31eed800844a427e5e041ef3a4d2f324ef4871019c9b4276,IPS LCD,"6.55 inches, 103.6 cm2 (~82.9% screen-to-body ratio)","720 x 1600 pixels, 20:9 ratio (~268 ppi density)",
1af29f8621b61f24d4b35def32715673499101fa51970bcee55e364ed3dbd87c,"Amoled IPS Touchscreen, 16M Colors, Multitouch",6.55 Inches,720 x 1520 Pixels (~257 PPI),
918d329eb208799978c48ba9d5eff6c4f71d084521ec20b75575d6884edc6fad,"IPS LCD Capacitive Touchscreen, 16M Colors, Multitouch","6.6"" FHD++",1080 x 2340 Pixels (~395 PPI),
09590440832632772d44f39c79c41360dabbe16349c990a606969de34996f421,"IPS LCD Capacitive Touchscreen, 16M Colors, Multitouch",6.6 Inches,720 x 1600 Pixels (~266 PPI),
9f6465f0b5f688eb1e77a3ebe18e71dac269fc407e822b441a7e0f6a6b58efd6,"IPS LCD, 90Hz, HDR10+, 480 nits (typ)","6.85 inches, 111.4 cm2 (~84.6% screen-to-body ratio)",1080 x 2460 pixels (~392 ppi density),
d6ec6fd8b1e3a11cb84c943b3dafe101b17d09c8c85eaf32e63eeeb54100011a,"IPS LCD, 500 nits (HBM)","6.6 inches, 105.2 cm2 (~83.6% screen-to-body ratio)","720 x 1600 pixels, 20:9 ratio (~266 ppi density)",
f6baea16ae2b023e9fd69900f5ec4234efeff51b799e818fb04a562116fb78a9,"AMOLED, 120Hz, 550 nits (typ)","6.7 inches, 108.4 cm2 (~87.2% screen-to-body ratio)","1080 x 2400 pixels, 20:9 ratio (~393 ppi density)",
678044f9525010539253644b7ea04e9b1d19c3446ee9ec5460ac9b3d0dba2e52,"IPS LCD, 90Hz, 550 nits (typ)","6.8 inches, 109.8 cm2 (~84.8% screen-to-body ratio)",1080 x 2460 pixels (~395 ppi density),
39d925f6778b06ec4102aee2436bb516bae053e37db2a4a59f0e4f3c85a0ffd9,"IPS LCD, 90Hz","6.6 inches, 103.4 cm2 (~82.2% screen-to-body ratio)",720 x 1640 pixels (~271 ppi density),
c4864c5483f897ed25ec85bf077d0187d7f55b29edcd9dc7249a0377e43a900f,"IPS LCD Capacitive Touchscreen, 16M Colors, Multitouch",6.8 Inches,1080 x 2460 Pixels (~396 PPI),
b0547ca05a7401d0b3d7c310e4e79a518243ef64638e545d7c9ac4c02639bde9,"IPS LCD Capacitive Touchscreen, 16M Colors, Multitouch",6.8 Inches,1080 x 2460 Pixels (~395 PPI),
a0577b99b3f35a900f1a212b1e0862466afe75c04ff5e8a0e872c912648d27a7,"IPS LCD, 120Hz","6.8 inches, 109.8 cm2 (~88.7% screen-to-body ratio)",1080 x 2460 pixels (~395 ppi density),
cd1faee57bee45bb5eb6f90c4d266f9be3ec03c4a5b4f6bd3cf4cca5b9ce6e27,"IPS LCD Capacitive Touchscreen, 16M Colors, Multitouch",6.8 Inches,1080 x 2460 Pixels (~395 PPI),
ac29e37f305e7a4770461674b1502d28ccef9387ca0815c6f55e7aeafc7a9136,IPS LCD,"6.8 inches, 109.8 cm2 (~88.6% screen-to-body ratio)",1080 x 2460 pixels (~395 ppi density),
33aa20db5d927c4435bdf0e33128ff3604065a68563d9c4b3eb4c43e36ea4dc5,"AMOLED Capacitive Touchscreen, Multitouch",6.67 Inches,1080 x 2408 Pixels (~396 PPI),
176853f8fbe2469f1ede0afead39e016dde60473e567a6980687ce4820cc60f6,"AMOLED Capacitive Touchscreen, Multitouch",6.67 Inches,1080 x 2400 Pixels (~395 PPI),
23bed9fa639e1771cdff6f012868f60d35273c3416442736886121bdadd6406b,"AMOLED, 144Hz","6.78 inches, 109.9 cm2 (~89.9% screen-to-body ratio)",1080 x 2436 pixels (~393 ppi density),
cc4c2bfe5b37ea79ae396089567a703127ff5b739f2d9a8b8aad2bef016fd6cf,"AMOLED, 120Hz","6.78 inches, 109.9 cm2 (~88.3% screen-to-body ratio)",1080 x 2436 pixels (~393 ppi density),
e6cb9dcce7c89507dd821feb9ad42bf682d331318c54826382b3747cc7e6f4d2,"AMOLED, 120Hz, 1300 nits (HBM)","6.78 inches, 109.9 cm2 (~89.5% screen-to-body ratio)",1080 x 2436 pixels (~393 ppi density),
c4508974316a97501998728e07229ab61e530d9f1230ea056b81e105fc78f345,IPS capacitive LCD touchscreen with 16M colors,5.5 inches,1080 x 1920 pixels (~401 pixels per inch),
9f871e07fd54d1244d3a7f935ce341d47b2c539c282a0a15a9dc67909673a245,"IPS LCD Capacitive Touchscreen, 16M Colors, Multitouch",5.5 inches,1080 x 1920 pixels (~401 pixels per inches,
be0a77cfa483f4d36b62318e453a7175935ef329aac6c39ad0b607ade45bed87,"IPS LCD capacitive touchscreen, 16M colors",5.5 Inches,720 x 1440 Pixels (~293 PPI),
0d2859880202173b8b849c45514b9497317fc5625a9f0698de054982c0519988,"IPS LCD Capacitive Touchscreen, 16M Colors, Multitouch",5.7 Inches,720 x 1440 Pixels (~285 PPI),
9fbe88e0ceeb299ffa539e546b4a8cee7383e47490bd0fcf8804d17b3d4b4e3e,"IPS LCD Capacitive Touchscreen, 16M Colors",6.2 Inches,720 x 1520 Pixels (~271 PPI),
4c9c303f3869029ca9fb0ce6e6651e3ffbaf996b7894bf9fbaa9d47d88f5c7ac,"IPS LCD capacitive touchscreen, 16M colors","5.5 inches, 78.1 cm2 (~73.2% screen-to-body ratio)","720 x 1440 pixels, 18:9 ratio (~293 ppi density)",
5ab0fbbde2681e2128b1c5d71f4725f895c79fb9b0dd71dfd501b4d7e34e5f16,"IPS LCD capacitive touchscreen, 16M colors","5.5 inches, 78.1 cm2 (~73.2% screen-to-body ratio)","720 x 1440 pixels, 18:9 ratio (~293 ppi density)",
4b0bb10de459ff33bee2202f390defa6b6a917fadaf92f81a44f43883228a952,"IPS LCD Capacitive Touchscreen, 16M Colors, Multitouch",6.0 Inches,1080 x 2160 Pixels (~402 PPI),
36da919ff7469634f73390908dd58293b3761def8c4d4780eb28959efa0667f0,"Amoled IPS Touchscreen, 16M Colors, Multitouch",5.5 Inches,1080 x 1920 Pixels (~401 PPI),
511f4246bb17bca0c4a193ae16639d2a3620b90792d73a271f38f7d43756022f,"Amoled Capacitive Touchscreen, 16M Colors, Multitouch",6 Inches,1080 x 1920 Pixels (~401 PPI),
14651d60d47a14315e32d4542523e2f91d9a9b2983e3ac621c3a3539f43b85ff,"Amoled Capacitive Touchscreen, 16M Colors, Multitouch",5.5 Inches,1080 x 1920 Pixels (~401 PPI),
b8930e13fa938c1f6668ce69fab0c2df17b03419310409891aea36eca97484bd,"AMOLED capacitive touchscreen, 16M colors","6.39 inches, 100.2 cm2 (~84.0% screen-to-body ratio)","1080 x 2340 pixels, 19.5:9 ratio (~403 ppi density)",
b37815b37f6cf3120cc22aa698791370e1c0e701b2799ce2a6f254ddf3ad479b,"Foldable LTPO AMOLED Capacitive Touchscreen, 1B colors, Multitouch",7.85 Inches,2000 x 2296 Pixels (~388 PPI),
caad97106b49388df730af08e3bc5534dceafc0a824d42cd0f942e04c32a6289,"Super AMOLED, 90Hz","6.7 inches, 110.2 cm2 (~91.3% screen-to-body ratio)","1080 x 2340 pixels, 19.5:9 ratio (~385 ppi density)",
a804ed5e5fcefe38df2f5c07621f0b6b407517204e67f4e450d48c5ec7928bee,"TFT capacitive touchscreen, 16M colors","5.45 inches, 76.7 cm2 (~70.4% screen-to-body ratio)","480 x 960 pixels, 18:9 ratio (~197 ppi density)",
c1d198e7089e4a0adaf603c102db987c0413a4b64df64c3a240bf2fff7bc44eb,"TFT capacitive touchscreen, 16M colors","5.5 inches, 78.1 cm2 (~73.6% screen-to-body ratio)","720 x 1440 pixels, 18:9 ratio (~293 ppi density)",
a6dacd7ba55c157875f8433f99cc8a7e5109175ce5d7ba8664a0a47a97efbd09,"IPS LCD Capacitive Touchscreen, 16M Colors, Multitouch",5.5 Inches,1080 x 1920 Pixels (~401 PPI),
0b6452cb4c3be21703e47d3399703e8ddfaf0c37f3b8fd47b0329b9d2d623499,"IPS LCD capacitive touchscreen, 16M colors","6.52 inches, 102.6 cm2 (~81.2% screen-to-body ratio)","720 x 1600 pixels, 20:9 ratio (~269 ppi density)",
581cc88b85575679113e73ce5da87a85963050276b2cda8de311f3fe22b67347,"IPS LCD, 480 nits (typ)","6.0 inches, 92.9 cm2 (~75.1% screen-to-body ratio)","480 x 960 pixels, 18:9 ratio (~179 ppi density)",
a209e5f8d78604e3595e649b575d82efefb17e8a5039ce7ed9557a6c55529c8c,"IPS LCD Capacitive Touchscreen, 16M Colors, Multitouch","6.52 inches, 102.6 cm2 (~81.8% screen-to-body ratio)","720 x 1600 pixels, 20:9 ratio (~269 ppi density)",
f9b35031948bd7874a77d71c06134d5e01b25a178ce673e6eeaa7ca6b35f1d25,"IPS LCD, 480 nits (peak)",6.52 inches,"720 x 1600 pixels, 20:9 ratio (~269 ppi density)",
bc8d09869a210993842ea9aaa58c76fa6cf93f4994baab070f01906b3e3ae5ed,"IPS LCD Capacitive Touchscreen, 16M Colors, Multitouch",6.1 Inches,720 x 1600 Pixels (~288 PPI),
47ed63228a2b1caca12a5a737cea78803428b6ae80e2741b98eec37c7d33f045,TFT,"5.0 inches, 68.9 cm2 (~64.0% screen-to-body ratio)","480 x 854 pixels, 16:9 ratio (~196 ppi density)",
17eb223f6efea170a52746ad7a64abe2073ac0fd2291a33b7b2e40e12811e9ac,IPS LCD,"6.0 inches, 92.9 cm2 (~73.5% screen-to-body ratio)","480 x 960 pixels, 18:9 ratio (~179 ppi density)",
052823d356ba3b58a608f510d038b93c09985fe18b300da4a5c7812363ac1a88,"IPS LCD, 480 nits (peak)","6.6 inches, 104.6 cm2 (~83.2% screen-to-body ratio)","720 x 1612 pixels, 20:9 ratio (~267 ppi density)",
0e6ce65e0c8d23cb787e4b6308404d0253ff9a9a33057493eb184c258eb7dfb4,IPS LCD,"6.1 inches, 91.3 cm2 (~78.4% screen-to-body ratio)","720 x 1560 pixels, 19.5:9 ratio (~282 ppi density)",
fdb5dc612ff288a5daa3544ebeab150e807eedcfe244f82ce7c8e6b234645e47,IPS LCD Capacitive Touchscreen | 16M Colors | Multitouch,6.6 (Inches),720 x 1600 (Pixels),
88610d839fb360ee581d56cb28085491c4ce53e09b94f5358c17671534c179d6,IPS LCD,"6.6 inches, 104.6 cm2 (~84.6% screen-to-body ratio)","720 x 1612 pixels, 20:9 ratio (~267 ppi density)",
b1524d2f0cd5369479c42a766328e3fe2b34bbc6989dbe0490f8135d6f084ffa,IPS LCD,"6.6 inches, 104.6 cm2 (~84.6% screen-to-body ratio)","720 x 1612 pixels, 20:9 ratio (~267 ppi density)",
d1aeba97e9c38b083141782635e9c78586b519eda7928fe10a7d8f64c11bba5d,IPS LCD Capacitive Touchscreen | 16M Colors | Multitouch,6.6 (Inches),720 x 1612 (Pixels),
c9c027d6453ac2e5384ccf33b592b6818bc558efc1cceba889f1dc4ed9208090,"IPS LCD capacitive touchscreen, 16M colors","6.0 inches, 92.9 cm2 (~72.9% screen-to-body ratio)","480 x 960 pixels, 18:9 ratio (~179 ppi density)",
122cec4d57b7c2df622efcbe1107848f833eef6351bd944028fedae49f70f301,"AMOLED capacitive touchscreen, 16M colors","6.35 inches, 99.5 cm2 (~82.3% screen-to-body ratio)",720 x 1548 pixels (~269 ppi density),
145f0cd97d570e20aa44ff03225e3fe78ab3259ee145cb25b287d551fd32ffa9,"IPS LCD, 480 nits (typ)","6.2 inches, 96.7 cm2 (~80.0% screen-to-body ratio)",720 x 1500 pixels (~268 ppi density),
2ae503f1db85c06481f0d6a3a98cf61d822fd43f8d3fc5074e7a21b9ab318e91,"IPS LCD capacitive touchscreen, 16M colors",7 inches,720 x 1548 pixels,
8f45fcaa8cc374c36dd1cc5d60ffc322d2140e0ade884c017997b55f3950db0e,IPS LCD,7 inches,720*1640,
197f7258754ed1b11b9949c4b82bb6017577d9328689c4ec19a59b3c2ef31bcf,IPS LCD Capacitive Touchscreen | 16M Colors | Multitouch,6.8 (Inches),720 x 1640 (Pixels),
055f3821e7d8f52e1674c14c823e645bd38737c100cddd0ee5f25610c524be2a,AMOLED Capacitive Touchscreen |,6.66 (Inches),1080 x 2460 (Pixels),
a409dddedead82844679080fb70dd8de5f0778c17754136a9d176333fef37da4,IPS LCD Capacitive Touchscreen | 16M Colors | Multitouch,6.7 (Inches),720 x 1600 (Pixels),
0caceb402f3f3aec1dda9c8b745c2fc03362ccfd8f1ce916662d606f34374820,IPS LCD Capacitive Touchscreen | 16M,6.78 (Inches),1080 x 2460 (Pixels),
5ce9d7615eabf779645ff99571560a977efef82620ce3b92e0c5cf77331f453e,IPS LCD Capacitive Touchscreen | 16M Colors | Multitouch,6.78 (Inches),1080 x 2460 (Pixels),
16eeec35877a5778fa6fc26bedd6386d426ff1c16a9a121bc18a9c4a9ebdebee,IPS LCD | 120Hz,6.9 (inches),1080 x 2460 (pixels),
4def73aa63b1fb943dad345cbccd39cd59f1ea52ffdeec4a43efc30493211f8b,"IPS LCD, 1B colors, 120Hz, 580 nits (typ)","6.78 inches, 109.2 cm2 (~84.5% screen-to-body ratio)",1080 x 2460 pixels (~396 ppi density),
4da23250bf910375f86aa30b49cdab0fb31152e7ddecc62ddab8689adc8074f4,AMOLED Capacitive Touchscreen |,6.78 (Inches),1080 x 2436 (Pixels),
801474b2c913fb984bde7a546eb9037e016c5a4723d7d03052608af4652f35ef,IPS LCD Capacitive Touchscreen | 16M,6.82 (Inches),720 x 1640 (Pixels),
5c86aa9fc8897e89a106187a23e818807e93f0a3fe3df6bed6fdf4b6eeeed5a4,IPS LCD Capacitive Touchscreen | 16,6.8 (Inches),720 x 1640 (Pixels),
eb58d91515a542a100fd0fe3c910001c868d61529f60bcb75c2bfb270ccc5196,"IPS LCD, 480 nits","6.8 inches, 109.8 cm2 (~82.9% screen-to-body ratio)",720 x 1640 pixels (~263 ppi density),
da75a77ae8cebd0558d2264ad15357c0d41f6313f288e800fcced1ea9c64bce7,IPS LCD Capacitive Touchscreen | 16M Colors | Multitouch,6.8 (Inches),1080 x 2460 (Pixels),
bc918d990dec8ad750667d3a4ca91a4303a6c8b84ea70782f253881d45d24a90,IPS LCD Capacitive Touchscreen | 16M Colors | Multitouch,6.6 (Inches),720 x 1612 (Pixels),
25c33e10394b715c9ead84c70b82a7d4baaa6bb185d7bba23646424b9b0c3347,"IPS LCD Capacitive Touchscreen, 16M Colors, Multitouch",6.6 (Inches),720 x 1612 (Pixels),
5b2fff15d86cd55fa20da33c9afa077301cb2250523af4bb88d6110871efdaa7,"AMOLED Capacitive Touchscreen, 16M Colors, Multitouch",6.78 Inches,1080 x 2436 Pixels (~393 PPI),
f0af172f5292350272b68c20f28c9ee57ef1a7060d83ac10ceb2613e1397e8bc,AMOLED Capacitive Touchscreen | Multitouch,6.78 (Inches),1080 x 2436 (Pixels),
5095954e8b191a7a17f78480e09a1646cc37e0456b4dbd5f603e643a31c964f3,IPS LCD Capacitive Touchscreen | 16M Colors | Multitouch,6.78 (Inches),1080 x 2460 (Pixels),
ae5b8004e02cd26b32c31e839277c9bb0c0b8be458e9a2fbc50889bcbc464584,IPS LCD Capacitive Touchscreen | 16M Colors | Multitouch,6.6 (Inches),720 x 1612 (Pixels),
8f3e15e59affe7b8adb3f6b4176e12f52ae788846300bc3557958c98b211a7c0,IPS LCD Capacitive Touchscreen | 16M Colors | Multitouch,6.6 (Inches),720 x 1612 (Pixels),
b6314654c4d1a8eb4e80dcf11866cafea818b604737cd7e60d0ce4428fc85530,"IPS LCD capacitive touchscreen, 16M colors","6.2 inches, 96.7 cm2 (~83.0% screen-to-body ratio)",720 x 1500 pixels (~268 ppi density),
868b3aeb4e7138a0edf199b2aa6937b0644bac70f98da755989897570e042668,"IPS LCD capacitive touchscreen, 16M colors","6.2 inches, 96.7 cm2 (~82.2% screen-to-body ratio)",720 x 1500 pixels (~268 ppi density),
d9dc6e253aeba46138593b6fd2a185b7ccf1995c0375c302cef4e7baeb992057,"IPS LCD, 90Hz, 800 nits","6.78 inches, 109.2 cm2 (~85.0% screen-to-body ratio)",1080 x 2460 pixels (~396 ppi density),
8c75b9c81cbac375521710b59a38bb586b4b67afa408a9605787d5a90c17197f,"IPS LCD, 120Hz","6.67 inches, 107.4 cm2","720 x 1600 pixels, 20:9 ratio (~263 ppi density)",
ca810a97782a5a0b979d15478fd4fce1c2250b35e025394154e0557d53f7b282,"IPS LCD capacitive touchscreen, 16M colors","6.52 inches, 102.6 cm2 (~81.2% screen-to-body ratio)","720 x 1600 pixels, 20:9 ratio (~269 ppi density)",
908a64c93c23e64114a77eda5bdae71ae17a7938ac0eb10ad04318a1b68e0912,"IPS LCD Capacitive Touchscreen, 16M Colors, Multitouch","6.52 inches, Drop Screen",7720*1600 Display,
3b7ed7a714dcd3e250f96ed69e93c8715994b1a53ee95586cfc44989766f3408,"IPS LCD, 120Hz","6.67 inches, 107.4 cm² (~84.2% screen-to-body ratio)","720 x 1600 pixels, 20:9 ratio (~263 ppi density)",
ca1c440ce1e9d97883fc52126d5071031e7bbcca2fa7c3900d2d3a817122a9b3,"IPS LCD, 120Hz","6.67 inches, 107.4 cm² (~84.2% screen-to-body ratio)","720 x 1600 pixels, 20:9 ratio (~263 ppi density)",
a594e0d70211719e9069abdfe744dd753b1d0ab3b43e5170ccb9a5c29948b150,"IPS LCD, 120Hz","6.67 inches, 107.4 cm² (~84.2% screen-to-body ratio)","720 x 1600 pixels, 20:9 ratio (~263 ppi density)",
7b3148414fe4d45ad6cafb4aa96a574fea06e21e8313f4087c30b0c83bbd95be,"IPS LCD, 120Hz","6.67 inches, 107.4 cm² (~84.2% screen-to-body ratio)","720 x 1600 pixels, 20:9 ratio (~263 ppi density)",
e78d7f19451115cb128e778f990d42c429105ab6780a40f11fd2157a637bdb59,"AMOLED, 1B colors, 144Hz refresh rate, 1600 nits (HBM), 4500 nits (peak)","6.78 inches, 111.0 cm² (~89.3% screen-to-body ratio)","1224 x 2720 pixels, 20:9 ratio (~440 ppi density)",
4ffc082a9e686ef366f9c07edb4563193096eccf0017f4716cdee481ae3a8576,"AMOLED, 1B colors, 144Hz refresh rate, 1600 nits (HBM), 4500 nits (peak)","6.78 inches, 111.0 cm² (~89.3% screen-to-body ratio)","1224 x 2720 pixels, 20:9 ratio (~440 ppi density)",
52323b5f2050910be4258876144f279e2d3e53d287fc863cd8b0250263569f76,"AMOLED, 1B colors, 144Hz refresh rate, 1600 nits (HBM), 4500 nits (peak)","6.78 inches, 111.0 cm² (~89.3% screen-to-body ratio)","1224 x 2720 pixels, 20:9 ratio (~440 ppi density)",
1b9cb8633374609889e47e8368aade691c11f0bfeecf14dddb332e3b657ddfc6,"AMOLED, 1B colors, 144Hz refresh rate, 1600 nits (HBM), 4500 nits (peak)","6.78 inches, 111.0 cm² (~89.3% screen-to-body ratio)","1224 x 2720 pixels, 20:9 ratio (~440 ppi density)",
ec79c5b5d60de29070dd539efef3f7fcb8eb4340d5e945f9408a308ab164c34a,"AMOLED, 1B colors, 144Hz, 1600 nits (HBM), 4500 nits (peak)","6.78 inches, 111.0 cm² (~89.3% screen-to-body ratio)","1224 x 2720 pixels, 20:9 ratio (~440 ppi density)",
de917de9aa2706f9778bec67e0d3c24274b5a21e084ea1d91f76887b0bc74bd0,"AMOLED, 1B colors, 144Hz, 1600 nits (HBM), 4500 nits (peak)","6.78 inches, 111.0 cm² (~89.3% screen-to-body ratio)","1224 x 2720 pixels, 20:9 ratio (~440 ppi density)",
244be9596ecbb04aad1c936f2e1de3ae36e7b9d852ab803f1b44eea617c5428e,"AMOLED, 1B colors, 144Hz, 1600 nits (HBM), 4500 nits (peak)","6.78 inches, 111.0 cm² (~89.3% screen-to-body ratio)","1224 x 2720 pixels, 20:9 ratio (~440 ppi density)",
4de7691e9799eddbaabd89a5b9eac68fb8d5acaedf670e529323e262efc5f0ea,"AMOLED, 1B colors, 144Hz, 1600 nits (HBM), 4500 nits (peak)","6.78 inches, 111.0 cm² (~89.3% screen-to-body ratio)","1224 x 2720 pixels, 20:9 ratio (~440 ppi density)",
4ca250460e162975c492f292ddb23b06419af8b9f8665ca6602c35d8b8c2726d,"IPS LCD, 120Hz refresh rate","6.67 inches, 107.4 cm² (~84.2% screen-to-body ratio)","720 x 1600 pixels, 20:9 ratio (~263 ppi density)",
7c36b53a0f039fcc98165d71cb2e7023f00713add984950561f6f7558577f5df,"IPS LCD, 120Hz refresh rate","6.67 inches, 107.4 cm² (~84.2% screen-to-body ratio)","720 x 1600 pixels, 20:9 ratio (~263 ppi density)",
be0a7dbb90630147490712d536d473a59bfa80568cb909baa8d79ff3a3fdb386,"IPS LCD, 120Hz refresh rate","6.67 inches, 107.4 cm² (~84.2% screen-to-body ratio)","720 x 1600 pixels, 20:9 ratio (~263 ppi density)",
12806b59b0f082728b433af25e80307e75b1421c37defa85045a890166428ad9,"IPS LCD, 120Hz refresh rate","6.67 inches, 107.4 cm² (~84.2% screen-to-body ratio)","720 x 1600 pixels, 20:9 ratio (~263 ppi density)",
1366eb960084b63068305b8492bab98544f4b9d8987e57b0e1cf885e4a60ec3a,IPS LCD,"6.6 inches, 105.2 cm2 (~83.7% screen-to-body ratio)","720 x 1600 pixels, 20:9 ratio (~266 ppi density)",
c22a684d9270132a63021fe0433b411a259b6fa0148efd2cf04f3077795e55e6,IPS LCD,"6.52 inches, 102.6 cm2 (~81.2% screen-to-body ratio)","720 x 1600 pixels, 20:9 ratio (~269 ppi density)",
0f5f9190839a724a4dd4bcb404cb0ac8c17d82ea5e6f1a10e00c30fa77bb160b,"IPS LCD, 480 nits (typ)","6.8 inches, 109.8 cm2 (~83.2% screen-to-body ratio)",720 x 1640 pixels (~263 ppi density),
fde686299312c1d30c522e62dcd3d56612d899c05ca4af8eaaeca69e6332a4cc,IPS LCD,"6.5 inches, 102.0 cm2 (~81.3% screen-to-body ratio)","720 x 1600 pixels, 20:9 ratio (~270 ppi density)",
77f588303481387450cb0eeac1dafe6246cad953d27ed7d52c0556cdcbb81544,IPS LCD Capacitive Touchscreen | 16M,6.8 (Inches),720 x 1640 (Pixels),
93af4e1bd30947b731d8da813d2336440e3d072263d4db45e9cf3f865af95c4d,IPS LCD Capacitive Touchscreen | 16M Colors | Multitouch,6.6 (Inches),720 x 1600 (Pixels),
dbc908e7798dcc9e1c6cc1ed8be59d19b844257ad72815153389c910dac2e004,IPS LCD,"6.52 inches, 102.6 cm2 (~81.8% screen-to-body ratio)","720 x 1600 pixels, 20:9 ratio (~269 ppi density)",
4536b06cae0fc2569a5553c91fba9a64b4f353448247029a4a7ebdac7340f78b,"IPS LCD, 500 nits (HBM)","6.8 inches, 109.8 cm2 (~84.6% screen-to-body ratio)io)",1080 x 2460 pixels (~395 ppi density),
4d0fe856f3db3bc0dad0424f71313e84fd57d6b524b96eeb400ecdc1a77478d7,"IPS LCD, 480 nits (typ)","6.52 inches, 102.6 cm2 (~81.8% screen-to-body ratio)","720 x 1600 pixels, 20:9 ratio (~269 ppi density)",
498c3122de1bc8ac21b57a9a205fafc2e37e61da8abbb0821a4ff8ad78934420,"IPS LCD Capacitive Touchscreen, 16M Colors, Multitouch",6.6 Inches,720 x 1612 Pixels (~267 PPI),
66ae440b1978fb0b5866b8138541062abe7d7706ad4049aeca8fb86e57539bcd,IPS LCD,"6.6 inches, 104.9 cm2 (~83.8% screen-to-body ratio)","1080 x 2408 pixels, 20:9 ratio (~400 ppi density)",
b57694f53066447a8bd2c2aae88e4a6d2d59cbdee6d4e14a891a03b94ab61b4d,IPS LCD,"6.6 inches, 104.9 cm2 (~84.1% screen-to-body ratio)","1080 x 2408 pixels, 20:9 ratio (~400 ppi density)",
4616955184f07db60ecab00a05182d4b35cf8a6b4eeeff5ef643a9fbf8e7ab85,"IPS LCD, 90Hz, 550 nits (typ)","6.6 inches, 103.4 cm2 (~83.3% screen-to-body ratio)",1080 x 2460 pixels (~407 ppi density),
091473213167b0b03bb63a77e59d2262053b49f27ebdaddf1b019fa2d823aa86,IPS LCD | 90Hz,6.6 (inches),720 x 1600 (pixels),
387b535ebd336f990896e3c582bc358af01523bb21fd4f1e875845d56c29fc1c,"IPS LCD Capacitive Touchscreen, 16M Colors, Multitouch",6.6 Inches,720 x 1600 Pixels (~266 PPI),
beec90b416dc20b3bf2c7e700da3ddbc717fdb88f22d56816c8e8d930d4aa232,"IPS LCD, 120Hz","6.67 inches, 107.4 cm2 (~84.2% screen-to-body ratio)","720 x 1600 pixels, 20:9 ratio (~263 ppi density)",
0cdf234728c68e23edfafa08e04b925f7cb4e8ec0815596284cddd3179fae5dd,IPS LCD Capacitive Touchscreen,6.67 Inches,720 x 1600 Pixels (~263 PPI),
41b12e0df1f3791d25e4da6b2d756f185188b02d7577ffbf3592e7b3f8e317c6,IPS LCD Capacitive Touchscreen,6.67 Inches,720 x 1600 Pixels (~263 PPI),
e82dab8890564ccd14e43ec8870cad2c79da025670ae5b13aa1b60391d385dbf,IPS LCD Capacitive Touchscreen,6.67 Inches,720 x 1600 Pixels (~263 PPI),
d9bc85eae407e2ec33d20e8aa04c7e0aff19aa084ce3068df1ad1138fbda4ce9,IPS LCD Capacitive Touchscreen,6.67 Inches,720 x 1600 Pixels (~263 PPI),
2bd6c30b5063998d51bfaeec81f53465f5c4d3e3d7c9c0593a4577aed5e6cb59,"IPS LCD, 480 nits (typ)","6.52 inches, 102.6 cm2 (~81.2% screen-to-body ratio)","720 x 1600 pixels, 20:9 ratio (~269 ppi density)",
89d8def1c301d639723cb3d3b89b60c9dada7a302ef8351c5166edcb186b4378,"IPS LCD, 480 nits (typ)","6.52 inches, 102.6 cm2 (~81.2% screen-to-body ratio)","720 x 1600 pixels, 20:9 ratio (~269 ppi density)",
0dadee2655f97574b90d7d151feb4b5b3c6b1e7b0fe35bc98ad3a97f418787c1,IPS LCD Capacitive Touchscreen | 16M Colors | Multitouch,6.6 (Inches),720 x 1600 (Pixels),
148c728e644e17dbc73ac9ca1f4974adfafdcde514f866652c921cfb82043ba2,"IPS LCD Capacitive Touchscreen, 16M Colors, Multitouch",6.6 Inches,720 x 1612 Pixels (~267 PPI),
b4c9d800affb68925b7c6f879bd40945edd77dd6e58a359129f6e060c98a0c6b,"IPS LCD capacitive touchscreen, 16M colors",6.52 inches,"720 x 1600 pixels, 19.5:9 ratio 269 ppi density",
0b18bfdfbfaf2e40826f34cb3a4c70d3dcb49715b681ebe3fba81f0f126dcaf9,"IPS LCD Capacitive Touchscreen, 16M Colors",6.1 Inches,720 x 1560 Pixels (~282 PPI),
4ddf82650985817764c808e9331515006833eb588089e6302daa92d6c22772c4,"IPS LCD Capacitive Touchscreen, 16M Colors, Multitouch",5.5 Inches,720 x 1280 Pixels (~267 PPI),
14bb8fe232ef003d6a4e193231578e8585ec1777235bf8e05a5d0e6975939465,IPS LCD Capacitive Touchscreen | 16M Colors | Multitouch,6.72 (Inches),720 x 1600 (Pixels),
f369f210df60bf82a7498be6d381172d024c7a8774f07b042e89a71c70410294,IPS LCD Capacitive Touchscreen | 16M,6.52 (Inches),720 x 1640 (Pixels),
8aa5e70d1adc2daafc4fde64e526bb57727ed1db7db9f77533a84f32e5b07ccf,"IPS LCD capacitive touchscreen, 16M colors",5.0 Inches,720 x 1280 pixels,
8d039a6b24ef470e7f46e937fcac8ad97a1f687c4b40751f9257326b8f554efc,"HD IPS Touchscreen, 16M Colors, Multitouch up to 5 fingers",5.0 Inches,720 x 1280 Pixels (~294 PPI),
645f88ab25c6cc568ac6f6ff2127e56c0a77633c7b32849b60cf65fc5eee6555,"FWVGA IPS Touchscreen, 16M Colors",4.5 Inches,480 x 854 Pixels (~218 PPI),
431e73deb155ba826130179e30c499bdd7c70e88708dbd9fe2d97a9f3112feea,"IPS LCD Capacitive Touchscreen, 16M Colors, Multitouch",5.45 Inches,720 x 1 Pixels (~132 PPI),
fee77c1f02f398e8724a47e48dc3352642e5c6cfc579a5aeb8a7412e57806896,"IPS LCD capacitive touchscreen, 16M colors","5.0 inches, 68.9 cm2 (~55.4% screen-to-body ratio)","1080 x 1920 pixels, 16:9 ratio (~441 ppi density)",
a434317bc1b8700c5783d0b6032b460fd05853a0a6489e05389883201f7bba05,"IPS LCD capacitive touchscreen, 16M colors","5.7 inches, 83.8 cm2 (~64.2% screen-to-body ratio)","1080 x 2160 pixels, 18:9 ratio (~424 ppi density)",
857dab94589af10b4ce06dc6ae4d62b7754f70d156d2bb48f1522ab309497567,"IPS LCD capacitive touchscreen, 16M colors","5.7 inches, 83.8 cm2 (~64.2% screen-to-body ratio)","1080 x 2160 pixels, 18:9 ratio (~424 ppi density)",
0e30b330fe48e3b20d34e2defbddeeb94c0dd179e13a6ba8b14f84fc0847a6ca,"IPS LCD capacitive touchscreen, 16M colors","5.85 inches, 85.7 cm2 (~71.2% screen-to-body ratio)","720 x 1512 pixels, 19:9 ratio (~286 ppi density)",
6f2f5eb27dbf56782a8f5743a4eae17ea8ccb90743412d5a95f1b076b4ea5c98,"IPS LCD capacitive touchscreen, 16M colors","6.2 inches, 96.9 cm2 (~70.3% screen-to-body ratio)","1080 x 2246 pixels, 18.7:9 ratio (~402 ppi density)",
fef4864e7d18dd6a4d0a7978df2fdc3dacb7985ae2353c9260a67e76759b2858,"IPS LCD capacitive touchscreen, 16M colors","6.2 inches, 96.9 cm2 (~70.3% screen-to-body ratio)","1080 x 2246 pixels, 18.7:9 ratio (~402 ppi density)",
cc8e5fe9b344e55935662e6e6e1af7b7214792eae59beedda2f4c1cf9fddf2c6,"IPS LCD capacitive touchscreen, 16M colors","6.3 inches, 97.4 cm2 (~72.5% screen-to-body ratio)","1080 x 2340 pixels, 19.5:9 ratio (~409 ppi density)",
7beb60482295fa9a94514c9775d4586f924dfeb2f7b57316b1249dee79f4ae6d,"IPS LCD capacitive touchscreen, 16M colors","5.5 inches, 78.1 cm2 (~62.5% screen-to-body ratio)","720 x 1440 pixels, 18:9 ratio (~293 ppi density)",
4c79b3f3776c9155c283909d2f156fd70f9d4c461e1bb0c6f23f26f988ee5cf1,"IPS LCD capacitive touchscreen, 16M colors","5.5 inches, 78.1 cm2 (~63.8% screen-to-body ratio)","720 x 1440 pixels, 18:9 ratio (~293 ppi density)",
290e0e4d77c0a38e62f9bcc2f4b61ba185bca6e5bd554b09965937be5395afa9,"IPS LCD capacitive touchscreen, 16M colors","5.5 inches, 78.1 cm2 (~66.0% screen-to-body ratio)","720 x 1440 pixels, 18:9 ratio (~293 ppi density)",
c9b1a5fc70684147ce1aef16698b110d641f94bc13121962f4185a05ab9776a5,"IPS LCD capacitive touchscreen, 16M colors","6.1 inches, 92.3 cm2 (~80.2% screen-to-body ratio)",600 x 1280 pixels (~232 ppi density),
1505afaaab0147604dc2b63117fb86d7613ca19e53efbce2f077cf3097d4e9d3,"IPS LCD capacitive touchscreen, 16M colors","6.1 inches, 92.3 cm2 (~80.2% screen-to-body ratio)",600 x 1280 pixels (~232 ppi density),
9672a1bcf20aa4d9af30ce3467487ca939c161faf059c6a1b24cb4694e9e4142,"IPS LCD capacitive touchscreen, 16M colors","5.5 inches, 78.1 cm2 (~74.3% screen-to-body ratio)","480 x 960 pixels, 18:9 ratio (~195 ppi density)",
a5c8f2004f4a9c05b6c8b3a22a608d94389f1684d2e70f865f1e670c44b55a1e,"IPS LCD capacitive touchscreen, 16M colors","6.1 inches, 92.3 cm2 (~80.2% screen-to-body ratio)",600 x 1280 pixels (~232 ppi density),
f249830c5c3f48f4436cb97da388b926b4591b42434d15eb266a1754e9442702,"IPS LCD capacitive touchscreen, 16M colors","6.7 inches, 112.7 cm2 (~86.8% screen-to-body ratio)","1080 x 2258 pixels, 19:9 ratio (~374 ppi density)",
ff8607d69fad2bdfcc08e67155329f5796f0b0c09b4905b61b7d212fcda7858e,"IPS LCD capacitive touchscreen, 16M colors","6.7 inches, 112.0 cm2 (~83.3% screen-to-body ratio)","1080 x 2280 pixels, 19:9 ratio (~377 ppi density)",
efdaf8665b9f64d283fc3ffcf2b5f6438bf1b8492a56ae5800fdd96a3752c409,,,,
4470b1093e12f6883ea99dd896b60ff0acd456b908433a13e12cadc5cacfbe69,,,,
d136583edbf0dfd96beac7ae89a2b814f12cca7a2fbafdf8fd52121c42bde1da,"AMOLED Capacitive Touchscreen, 16M Colors",6.4 Inches,1080 x 2340 Pixels (~403 PPI),
99ffd73087c51a29c7e029ee92f52c89a1fb589d4bd3fc3f12590dbc65f1562f,"OLED Display Capacitive Touchscreen, 16M Colors, Multitouch",6.0 Inches,1080 x 2160 Pixels (~402 PPI),
cc6a01bba20d716b98de00556f60e9b2389957b87a198c650d47412c82eb05c3,"OLED capacitive touchscreen, 16M colors",6.44 inches,"1080 x 2400 pixels, 20:9 ratio",
bf62c7347e0377e6620848fb3c04257fb2c22199bd055faeadadd2a224f10869,"LTPO3 AMOLED, 1B colors, 120Hz, HDR10+, 500 nits (typ), 1000 nits (HBM), 1500 nits (peak)","6.78 inches, 111.0 cm2 (~89.1% screen-to-body ratio)","1440 x 3200 pixels, 20:9 ratio (~518 ppi density)",
ff3b50f3511ec1bfd4e2743ee7013bab9d11841b880ab9ab660dfd4d716d8823,"LTPO4 AMOLED, 1B colors, 144Hz, HDR10+, 1800 nits (peak)","6.78 inches, 111.0 cm2 (~89.4% screen-to-body ratio)","1440 x 3200 pixels, 20:9 ratio (~518 ppi density)",
7b0c875e0b2593381645aa724402bbec924ca21b54ca4b7c9bfa0df164bf4f1b,"AMOLED, 144Hz, HDR, 1500 nits (peak)","6.78 inches, 112.8 cm2","1440 x 3120 pixels, 19.5:9 ratio (~507 ppi density)",
60055053ab30f3d5ab96f0cf86dc9dc21878a9b61560e2eae8bfb6b7a4af3b41,"AMOLED, 120Hz, HDR10+","6.62 inches, 106.5 cm2 (~86.6% screen-to-body ratio",1080 x 2400 pixels (~394 ppi density),
7161a1024dc64872f5140ef9b52cf4a97eac7f6d67822c18320cbe114d77a195,"LTPO AMOLED, 120Hz, HDR10+, Dolby Vision, 1500 nits (peak)","6.78 inches, 111.0 cm2 (~89.4% screen-to-body ratio)","1440 x 3200 pixels, 20:9 ratio (~518 ppi density)",
44482ac0ed6a2bb9d86cd349517ec3c9d2ca6c3133dcc6c53b8664b8dfb2bc32,"AMOLED, 120Hz, HDR10","6.56 inches, 104.6 cm2 (~87.6% screen-to-body ratio)",1080 x 2376 pixels (~398 ppi density,
1a301305690f5f73c0dbe676aa45e2a21e193ad4165f3ffa64d167fa5b454a3c,"LTPO2 AMOLED, 1B colors, 120Hz, HDR10+, Dolby Vision, 500 nits (typ), 1000 nits (HBM), 1500 nits (peak)","6.78 inches, 111.0 cm2 (~89.6% screen-to-body ratio)","1440 x 3200 pixels, 20:9 ratio (~518 ppi density)",
b54deca755170778ae227f70fffa192dfba6045633f5922ae92fb37e0aa16e2f,"Super AMOLED, 120Hz, HDR10+, 1200 nits (peak)","6.62 inches, 105.8 cm2 (~84.9% screen-to-body ratio)","1080 x 2400 pixels, 20:9 ratio (~398 ppi density)",
f9959eb024da3b38fe13d95736034a666a619d58531a0589a40a9a638755f8bb,"AMOLED, 1B colors, 120Hz, HDR10+, 1200 nits (peak)","6.56 inches, 104.6 cm2 (~87.5% screen-to-body ratio)",1080 x 2376 pixels (~398 ppi density),
4948b963ba7df9b98c396aa861e511b83c6c78c239721893898bc34e5cdde223,"IPS LCD, 144Hz, HDR10","6.57 inches, 104.0 cm2 (~84.0% screen-to-body ratio)","1080 x 2408 pixels, 20:9 ratio (~402 ppi density)",
432879557ea68266d46d44ee290544a08ef5904ff2b75badc7ceeccf297d7071,"AMOLED, 120Hz, HDR10+, 1300 nits (peak)","6.62 inches, 105.8 cm2 (~84.9% screen-to-body ratio)","1080 x 2400 pixels, 20:9 ratio (~398 ppi density)",
b3fcb998d6ab503ac58898849ce8b2d2bb5774863034a4ddd8f6e7260a98cc4f,"IPS LCD, 144Hz, HDR10, 650 nits (typ)","6.67 inches, 107.4 cm2 (~85.0% screen-to-body ratio)","1080 x 2400 pixels, 20:9 ratio (~395 ppi density)",
df586db847ab6a829bdf8b380ddbd2117394bfc0b48a5c431c8f9373474a48a5,"OLED, 120Hz","6.62 inches, 105.8 cm2","1080 x 2400 pixels, 20:9 ratio (~398 ppi density)",
6abec3c7fead4206c2458b24bf32fb736b774bb3269fa7ff4c6391c462251f3f,"AMOLED, 120Hz, HDR10+, 500 nits (typ), 800 nits (HBM), 1300 nits (peak)","6.62 inches, 105.8 cm2 (~85.2% screen-to-body ratio)","1080 x 2400 pixels, 20:9 ratio (~398 ppi density)",
447cadf2c943fcd8abf151db59ec74b9b91ac791878408e901cd3784918d0e6b,"Super AMOLED capacitive touchscreen, 16M colors","6.38 inches, 99.9 cm2 (~83.3% screen-to-body ratio)","1080 x 2340 pixels, 19.5:9 ratio (~404 ppi density)",
462edae6e00a81ab7205ce8d1436f134640f0aa1719228a2040bdc6a3e2b0de3,"IPS LCD capacitive touchscreen, 16M colors","6.57 inches, 104.0 cm2 (~84.0% screen-to-body ratio)","1080 x 2408 pixels, 20:9 ratio (~402 ppi density)",
2e15f1827118b6da4b089cfafc736edd98c09d038953e94d274f810ce1007ef6,"AMOLED, 120Hz, HDR10+, 1300 nits (peak)","6.78 inches, 111.0 cm2 (~87.6% screen-to-body ratio)","1080 x 2400 pixels, 20:9 ratio (~388 ppi density)",
18a5bc63430fbc99988b212f173b35d453f021502db58a554f319451c3b1cc28,"Super AMOLED capacitive touchscreen, 16M colors","6.41 inches, 100.9 cm2 (~83.9% screen-to-body ratio)","1080 x 2340 pixels, 19.5:9 ratio (~402 ppi density)",
b312185d6ced2bef8b0544440e83c41e90e74220192c6fab5a2b770b6432008a,"AMOLED, 120Hz, HDR10+, 1300 nits (peak)","6.62 inches, 105.8 cm2 (~84.9% screen-to-body ratio)","1080 x 2400 pixels, 20:9 ratio (~398 ppi density)",
c6b2f29d78c1da85e0b940040a2e9b3e722b7913363510970de39d3c86edffa4,"IPS LCD, 120Hz, HDR10","6.58 inches, 104.3 cm2 (~83.9% screen-to-body ratio)","1080 x 2408 pixels, 20:9 ratio (~401 ppi density)",
8bd8634cb0d2b32ae0e648ccac435903d6fedcf1ca6684dc3f8aed2c17b26e64,IPS LCD,"6.51 inches, 102.3 cm2 (~82.3% screen-to-body ratio)","720 x 1600 pixels, 20:9 ratio (~270 ppi density)",
192732eefc0ba45728a2b8bf8a817b34e8ecc2a3d2543c5b8dfdb25b695617e8,"IPS LCD capacitive touchscreen, 16M colors","6.57 inches, 104.0 cm2(~84.0% screen-to-body ratio)","1080 x 2408 pixels, 20:9 ratio",
1432224e66fe83fc70eacbcf401e3b98ca3203b3f85aef0ce073abedd1ef55e6,"IPS LCD, 120Hz, HDR10, 650 nits (typ)","6.67 inches, 107.4 cm2 (~85.0% screen-to-body ratio)","1080 x 2400 pixels, 20:9 ratio (~395 ppi density)",
3b22e3607a2156eabeaa75bf8df006733baf788f31490aff1bca679ba18a4cbc,"IPS LCD, 120Hz","6.58 inches, 104.3 cm2 (~84.5% screen-to-body ratio)","1080 x 2408 pixels, 20:9 ratio (~401 ppi density)",
4107e29dcff7bc874aed67e966bc41a43c8c197f5813e7abbc8cabaf33292f0a,"IPS LCD, 120Hz","6.58 inches, 104.3 cm2 (~83.9% screen-to-body ratio)","1080 x 2408 pixels, 20:9 ratio (~401 ppi density)",
0f06f8371eb390aac86e1fcf5b184641aaf5b9cc9d0b21cb5d5973d338106e88,"AMOLED, 90Hz, HDR10+, 1300 nits (peak)","6.44 inches, 100.0 cm2 (~85.1% screen-to-body ratio)","1080 x 2404 pixels, 20:9 ratio (~409 ppi density)",
52755246b4705eb7457b951045b6cbf321eb3f79736bb81d3f01a5675f34d285,"Super AMOLED capacitive touchscreen, 16M colors","6.89 inches, 119.3 cm2 (~93.6% screen-to-body ratio)",1080 x 2256 pixels (~363 ppi density),
1e06cf72539224259641a058d7527f589bd291dba76f68e14ee17db2320442aa,"Super AMOLED capacitive touchscreen, 16M colors","6.89 inches, 119.3 cm2 (~93.6% screen-to-body ratio)",1080 x 2256 pixels (~363 ppi density),
f880c1c0e0cd1cbe90117b8d64db8fa2fc45547cbfb90d0991347f0e46a32792,"Super AMOLED capacitive touchscreen, 16M colors","6.59 inches, 107.3 cm2 (~86.0% screen-to-body ratio)",1080 x 2316 pixels (~388 ppi density),
ba57bf93a7de1b87f65a12fe5fe1f8c96b50adb617408f6430dc914e55e8de38,"Super AMOLED capacitive touchscreen, 16M colors","6.39 inches, 100.2 cm2 (~84.7% screen-to-body ratio)","1080 x 2340 pixels, 19.5:9 ratio (~403 ppi density)",
3024f7fa72c5d758a51911a559b7c4f6ffe0e7190f5d122a450b0ac277a9f02e,"Super AMOLED capacitive touchscreen, 16M colors","6.59 inches, 107.3 cm2 (~86.0% screen-to-body ratio)",1080 x 2316 pixels (~388 ppi density),
a36e9b82b7f14730625168bd3b5d6276e9c96a0914bd2b5477f6a503d688ec03,"AMOLED, 90Hz, HDR10+","6.44 inches, 100.1 cm2 (~85.9% screen-to-body ratio)","1080 x 2400 pixels, 20:9 ratio (~409 ppi density)",
3becbd965dc08f2ae97b4bd41f7a93c71389c6b037b3792d19a93ac2b62eaa26,"AMOLED, HDR","6.44 inches, 100.1 cm2 (~83.8% screen-to-body ratio)","1080 x 2400 pixels, 20:9 ratio (~409 ppi density)",
0b812d1b767712a33a50b2cd7451c84d22d18d95b538115b170b013f85c01175,"AMOLED, 90Hz, HDR10+, 1300 nits (peak)","6.56 inches, 103.9 cm2 (~88.9% screen-to-body ratio)","1080 x 2400 pixels, 20:9 ratio (~401 ppi density)",
12f981ed7b433ee32f8e6b91123d0f2b4c04b7c171da0692dd70c24d1e9d0739,"AMOLED, 90Hz, HDR10+","6.44 inches, 100.1 cm2 (~88.0% screen-to-body ratio)","1080 x 2400 pixels, 20:9 ratio (~409 ppi density)",
7d6b36914d2334490a86072f4c29f1174b37d2af789eb5ee84787ea602019fd9,"AMOLED, 120Hz, HDR10+, 1500 nits (peak)","6.56 inches, 104.6 cm2 (~89.6% screen-to-body ratio)",1080 x 2376 pixels (~398 ppi density),
074601a520dbb2a7aa365f457ffc012e9d522b359b8a764544da9b979c5e439e,"AMOLED, 120Hz, HDR10+, 1300 nits (peak)","6.62 inches, 105.8 cm2 (~88.4% screen-to-body ratio)","1080 x 2400 pixels, 20:9 ratio (~398 ppi density)",
0062de25cf190f1ebef1ed497ebf788949d9cc32ecac245ad5c51a64fd5d9a2e,"AMOLED, 90Hz, HDR10+","6.44 inches, 100.0 cm2 (~85.1% screen-to-body ratio)","1080 x 2404 pixels, 20:9 ratio (~409 ppi density)",
a838b680f9a9ead26816721ccbe1c51858a3b9c965840c36e3e8a59c7bca1657,"Super AMOLED capacitive touchscreen, 16M colors",6.39 inches,"1080 x 2340 pixels, 19:9 ratio 400 ppi density",
f1965b6f5c8588cbad8186bb6de4cb4a690751faba50aad1308b464b3e7e6bbe,IPS LCD 401 ppi Yes with punch-hole display,6.57 inches (16.69 cm),1080 x 2400 pixels,
91f46f6ab193b25a370a6941a68fadcc9555fce7c790856101eb77de7805036c,"AMOLED capacitive touchscreen, 16M colors","6.44 inches, 100.1 cm2 (~83.2% screen-to-body ratio)","1080 x 2400 pixels, 20:9 ratio 409 ppi density",
58eb033b8ddb03218e8dec20022fde5005a645f2eaba3f8d807991a576908893,"AMOLED, 90Hz, HDR10+","6.44 inches, 100.1 cm2 (~85.5% screen-to-body ratio)","1080 x 2400 pixels, 20:9 ratio (~409 ppi density)",
97c2246455897df2276a026e389452c3a234a2f1f5a21f5202585eefbb7540ff,"AMOLED, 90Hz, HDR10+","6.44 inches, 100.0 cm2 (~84.5% screen-to-body ratio)","1080 x 2404 pixels, 20:9 ratio (~409 ppi density)",
da7bc7e6ce34449f1fe1e92f0a1d853220f03c694a1628410e1d4d7f83d737e5,"AMOLED, HDR10+, 1300 nits (peak)","6.44 inches, 100.0 cm2 (~85.1% screen-to-body ratio)","1080 x 2404 pixels, 20:9 ratio (~409 ppi density)",
828f1a614dee46ed2755c241e3149d2f5d0265eb1ae27b58c46d91821ad02afb,"IPS LCD, 120Hz, HDR10, 650 nits (typ)","6.67 inches, 107.4 cm2 (~85.0% screen-to-body ratio)","1080 x 2400 pixels, 20:9 ratio (~395 ppi density)",
c043791a2d9fe154dff8093a8da01488b2483c2cd5ea0804e17b8657c2bc96e7,"IPS LCD, 120Hz","6.58 inches, 104.3 cm2 (~84.5% screen-to-body ratio)","1080 x 2408 pixels, 20:9 ratio (~401 ppi density)",
2b54ecdc0eff843359391f52ae32b9a7a3dc03cf21f76b7ed5f23d2b6d8f17be,"AMOLED, 120Hz, HDR10+, 1300 nits (peak)","6.62 inches, 105.8 cm2 (~85.2% screen-to-body ratio)","1080 x 2400 pixels, 20:9 ratio (~398 ppi density)",
71ace83d4e1e20f15da058b87f782e634ffd63c0e5dfb9c89f048106e5194a6e,"IPS LCD, 144Hz, 650 nits (HBM)","6.58 inches, 104.3 cm2 (~84.5% screen-to-body ratio)","1080 x 2408 pixels, 20:9 ratio (~401 ppi density)",
5419a389d9efc932b8194b106658d2ba70ad2345896c69aedcf75801066c982b,"IPS LCD, 90Hz, 840 nits (HBM)","6.56 inches, 103.4 cm2 (~83.6% screen-to-body ratio)","720 x 1612 pixels, 20:9 ratio (~269 ppi density)",
3f0b85361c3327253aec6c7715fe13933ccd2f382baefd15cb2f7fabef56b2ec,"AMOLED, 120Hz, 1800 nits (peak)","6.67 inches, 107.4 cm2 (~86.8% screen-to-body ratio)","1080 x 2400 pixels, 20:9 ratio (~395 ppi density)",
1857459517ced390ca4fec11b463d89616bac7c54f264a46f286bfd724b1a173,"IPS LCD, 120Hz, 1000 nits (peak)","6.72 inches, 108.8 cm2 (~86.4% screen-to-body ratio)","1080 x 2408 pixels, 20:9 ratio (~393 ppi density)",
864a69d97295b30c0fa092b0ba67a058482b2408132e1ef8e092ad76571bb319,"IPS LCD capacitive touchscreen, 16M colors","6.35 inches, 99.6 cm2 (~81.4% screen-to-body ratio)",720 x 1544 pixels (~268 ppi density),
2b99e9ab41440f14eb2c166a4b748e1d6e8093ace67c6c44d530bcd1a8821365,"Super AMOLED capacitive touchscreen, 16M colors","6.41 inches, 100.9 cm2 (~85.2% screen-to-body ratio)","1080 x 2340 pixels, 19.5:9 ratio (~402 ppi density)",
d6ea717aa6e216512a681b242906abed29b172c85df8e0cf70c31d64a84cedd7,6.3'' | 16.00cm,6.3'' | 16.00cm,2280 X 1080 Pixels,
2808d8710ad1c07dac1e5dbf595a0b8a33f8301c3bd78f4ec3ecc5106d835c74,"LTPS IPS LCD capacitive touchscreen, 16M colors",6.3 inches,"1080 x 2280pixels, 16:9 ratio",
206c85ec28c1cb3c47c2f0c04a270996b9c2f923213b064cee210682334f8bf4,"16.29cm | 6.41""","16.29cm | 6.41""",2340 X 1080 Pixels FHD+,
be5f933b89c67285235cd886326878c018003f18a88b53cf6611823ed9b2a44d,"6.39"" (inch)","6.39"" inches",1080x2316 pixels,
458de617a66c7a7af486218d757f66abe727ad431d8288b528aa409f28ccd5d8,"IPS LCD capacitive touchscreen, 16M colors","6.53 inches, 104.7 cm2 (~85.6% screen-to-body ratio)","1080 x 2340 pixels, 19.5:9 ratio (~395 ppi density)",
a6f3ffd84df1ff9bb76061d6de969a82a27620ca7e63573b15b42be0692aa372,"Super AMOLED capacitive touchscreen, 16M colors","6.38 inches, 99.9 cm2 (~83.3% screen-to-body ratio)","1080 x 2340 pixels, 19.5:9 ratio (~404 ppi density)",
4b93d35ae1e46ab2cba559546308560952783be1641f28003c628fdb5471b470,"Super AMOLED capacitive touchscreen, 16M colors","6.44 inches, 100.1 cm2 (~84.3% screen-to-body ratio)","1080 x 2400 pixels, 20:9 ratio (~409 ppi density)",
f35680dac37fb9aef6f5e46864cc79fb9821df9c1addd4bfc63e5c2068937ee0,"Super AMOLED InView Capacitive Touchscreen, 16M Colors, Multitouch",6.44 Inches,1080 x 2340 Pixels (~400 PPI),
ba4c9e14c3c3bb7186e541a924a189f9b38cdf0396f8356a1623f715cb846fe3,"Super AMOLED capacitive touch screen ,16M colors",6.44 inches,"1080 x 2400 pixels, 20:9 ratio 409 ppi density",
fe7a7a0bd5ccccb99ee1407e62db30c25704c035cf41ac28e7d1c352b621d5c2,"AMOLED, 120Hz, HDR10+, 1300 nits (peak)",6.5 Inches,1080 x 2400 Pixels (~405 PPI),
53d92a1f2ed743991af2f6006947f4656bb99c371c2287570537a6db76907800,"Super AMOLED Capacitive Touchscreen, 16M Colors, Multitouch",6.5 Inches,1080 x 2400 Pixels (~405 PPI),
13487c98bfebed717ff00187a607649c2abedc365d980f4513acc9259ac95d59,"Super AMOLED capacitive touchscreen, 16M colors","6.44 inches, 100.1 cm2 (~83.7% screen-to-body ratio)","1080 x 2400 pixels, 20:9 ratio (~409 ppi density)",
a5e607027be0f23d9de7803b98d6d245463a095cfc9512e06417e82b7463bf2f,AMOLED Capacitive Touchscreen,6.44 (Inches),1080 x 2400 (Pixels),
d4f01ea88f231526c1f3ad11753c57222e9a689f00d6c2db35fe227fa5a7abb4,AMOLED Capacitive Touchscreen,6.4 (Inches),1080 x 2400 (Pixels),
cf6fd5057a039d9d60e327a995986c2cbf11c4cfb7f8639a284a4bdf494e2315,AMOLED Capacitive Touchscreen,6.44 (Inches),1080 x 2404 (Pixels),
b45b157a321628b7a1acbae64f39afb7b3a098f0e11bd110cb3b458585dba6f4,AMOLED Capacitive Touchscreen,6.44 (Inches),1080 x 2400 (Pixels),
c97509eedac165aab20ffdd5b0476ff3245b267d7ba8e63fdd45dd8ca6bbf1b7,"AMOLED, 90Hz, HDR10+, 500 nits (typ), 800 nits (HBM)","6.44 inches, 100.0 cm2 (~84.7% screen-to-body ratio)","1080 x 2404 pixels, 20:9 ratio (~409 ppi density)",
56116c6c9e686f9e0339a306e0d78f3081941a3c29bb64c264dd217f2287d104,AMOLED Capacitive Touchscreen,6.4 (Inches),1080 x 2400 (Pixels),
f349d4569dfb457f24007fea19251796d9940cfccb2229dd58834afa7842c19b,"AMOLED, 90Hz, HDR10+","6.56 inches, 104.6 cm2 (~89.5% screen-to-body ratio)",1080 x 2376 pixels (~398 ppi density),
72d22190674299d982ffdf265da2c8b36762240874e09efbeffcebb72a2be6a6,AMOLED Capacitive Touchscreen,6.4 (Inches),1080 x 2400 (Pixels),
0db8c711cac2e9f946c127e4b10951739d9e729bc0940dea0dfbdd99954217b7,"Super AMOLED capacitive touchscreen, 16M colors","6.44 inches, 100.1 cm2 (~83.8% screen-to-body ratio)","1080 x 2400 pixels, 20:9 ratio (~409 ppi density)",
61dd168fadce9ac2f1944fac24caa7c98430527a21a5bf086b4d4a6bc05d8637,AMOLED Capacitive Touchscreen,6.4 (Inches),1080 x 2400 (Pixels),
a0f89d5eb92641e40e5133e41e8c564710a942144114e56ab9bb52114ae226b0,AMOLED Capacitive Touchscreen,6.44 (Inches),1080 x 2404 (Pixels),
9baaa45b910c772e0c097fd7683da3b3a668636a79ef523b16cc771090716090,"AMOLED, 120Hz, HDR10+, 1300 nits (peak)","6.56 inches, 104.6 cm2 (~89.6% screen-to-body ratio)",1080 x 2376 pixels (~398 ppi density),
da52f7e80e27aa1d1fd7780a95954faf56d2148b9491e4497fc8f31aa9b79615,AMOLED Capacitive Touchscreen,6.44 (Inches),1080 x 2404 (Pixels),
4c346329ab1eaed31e3e9b7ba68f2420623183c10d418192a133c451c43dd48f,AMOLED Capacitive Touchscreen |,6.62 (Inches),1080 x 2400 (Pixels),
7425391c71a7a7f7ce9722e5cfe407b260d16aecc965dbd54a64f47811c2e9a1,AMOLED Capacitive Touchscreen | 1B | Multitouch,6.78 (Inches),1260 x 2800 (Pixels),
da82535d8e78cea9638bfeefe15fa29d59db9e50dfec1b0b90562aa207574f7d,AMOLED Capacitive Touchscreen |,6.67 (Inches),1080 x 2400 (Pixels),
5640cc6890514d7e82a5815ff12967a2ab9c5a5a8c1d4d79ab1303cc426610d8,"AMOLED, 1B colors, HDR10+, 120Hz, 1200 nits (HBM), 2800 nits (peak)","6.78 inches, 111.0 cm2 (~89.9% screen-to-body ratio)","1260 x 2800 pixels, 20:9 ratio (~453 ppi density)",
c2239e99b9799ccb923471a0ac6c223e77bb44a27710b6b68a9a7caf7e5ffecf,"AMOLED, 1B colors, 120Hz, 1200 nits (peak)","6.67 inches, 107.4 cm2 (~86.8% screen-to-body ratio)","1080 x 2400 pixels, 20:9 ratio (~395 ppi density)",
a60456081e8efb9ec5f7cc6d3a4b570eb0667209c75eaa69d77a878bcdca3cda,"AMOLED, 1B colors, HDR10+, 120Hz, 1200 nits (HBM), 2800 nits (peak)","6.78 inches, 111.0 cm2 (~89.9% screen-to-body ratio)","1260 x 2800 pixels, 20:9 ratio (~453 ppi density)",
cf356e73d3986dc74601c27807686fc54a242af884a51af6f2dbdaec9d6bc856,"AMOLED Capacitive Touchscreen, 1B, Multitouch",6.8 Inches,1080 x 2400 Pixels (~388 PPI,
f4dd62f03f4b1ab70a568915812306d1dc85586b60e3d54790656905c595bc4b,"AMOLED Capacitive Touchscreen, 1B Colors",6.77 Inches,1080 x 2392 Pixels (~388 PPI),
bcf0027b82ae831effad9549f979e52ff6381eb6322bc67b980f52d400bb9e39,"AMOLED Capacitive Touchscreen, 1B Colors",6.77 Inches,1080 x 2392 Pixels (~388 PPI),
3cbc3f87a9534bb9d58226357296ad93503829dbae6b343bdbb4e1ef5a817fee,"AMOLED Capacitive Touchscreen, 1B Colors",6.77 Inches,1080 x 2392 Pixels (~388 PPI),
3e5fee3707f4cd8d47b2be6207373d7b262a3eaa4405156500f18c8092703f1d,"AMOLED Capacitive Touchscreen, 1B Colors",6.77 Inches,1080 x 2392 Pixels (~388 PPI),
23d2ea0f483b4c3f6907b7a4a38d93b350c601743564b8acf84bbfa1dfbd2fb9,AMOLED Capacitive Touchscreen,6.77 inches,1080 x 2392 pixels,
2bf67fa265a5d8942035009107a193c710d18827bcdd024d4ac7a3570070526c,AMOLED Capacitive Touchscreen,6.77 inches,1080 x 2392 pixels,
0175bd380811d4225c3845b9ade70895db7458c394d98f8f3d496c7df5999e6b,"IPS LCD capacitive touchscreen, 16M colors","5.99 inches, 92.6 cm2 (~78.4% screen-to-body ratio)","720 x 1440 pixels, 18:9 ratio (~269 ppi density)",
8d9fbdb8e4b3a1ad4c3ebcaf02a436b6fd004ca6584fbea8592d27b8d213dd1e,"15.51cm 6.3""","15.51cm 6.3""",2280x1080 Pixels,
390b772a8bb6d1eb41db4c2c19c8bcefd9b73f43c40485371c591c70808b80a0,"6.3""","6.3""",1080 X 2280 Pixels,
fe192dc76e3d4bec329d9edd5d223376eff96135b8fa4b8410b53bc96fd0d233,"Super AMOLED capacitive touchscreen, 16M colors","6.0 inches, 92.9 cm2","1080 x 2160 pixels, 18:9 ratio (~402 ppi density)",
f16f0d8600b836ebf90a6b85cd6034f9f078cafa8ce5fab488c80fce94e02d86,"Super AMOLED capacitive touchscreen, 16M colors","6.43 inches, 106.7 cm2 (~85.8% screen-to-body ratio)","1080 x 2160 pixels, 18:9 ratio (~376 ppi density)",
b399f943b6917696a6f4a7cf107cb18bd3726786c0d632aff6fcae1a187f8b5c,"Super AMOLED capacitive touchscreen, 16M colors","6.28 inches, 98.4 cm2 (~85.2% screen-to-body ratio)",1080 x 2280 pixels (~402 ppi density),
cff8b02a28d30ac7af74556d49c6548cb221eb3d3764eafe41befbca68e2e370,"Super AMOLED capacitive touchscreen, 16M colors","6.28 inches, 98.4 cm2 (~85.2% screen-to-body ratio)",1080 x 2280 pixels (~402 ppi density),
ee9ee8e71c7a19279f3ca13483176648499054cc8c9e3587333b9655d53f361b,"Super AMOLED capacitive touchscreen, 16M colors","6.28 inches, 98.4 cm2 (~85.0% screen-to-body ratio)","1080 x 2280 pixels, 19:9 ratio (~402 ppi density)",
28bdab8e87173facde567349c5a578ffe2ff775500cee369b580dd85c73e4b7a,"Super AMOLED capacitive touchscreen, 16M colors",6.41 inches,1080 x 2280 pixels,
87a36821ae67c8788c363290a4d321e496bcb0985818ae923ae96bfc17eb494e,"Super AMOLED capacitive touchscreen, 16M colors","6.41 inches, 100.9 cm2 (~86.3% screen-to-body ratio)",1080x2340 pixels,
0c86f2c71479f3188056fbc638d4735a1958b4bb325b9eb0a9ff32e182db12f6,IPS LCD,"6.51 inches, 102.3 cm2 (~82.2% screen-to-body ratio)","720 x 1600 pixels, 20:9 ratio (~270 ppi density)",
11a24ff17270d40b6285ef9c782d40da1ee874dad17c4504c1393cd1e187c1f5,"Super AMOLED capacitive touchscreen, 16M colors","6.39 inches, 101.7 cm2 (~86.8% screen-to-body ratio)","1080 x 2340 pixels, 19.5:9 ratio (~400 ppi density)",
dad97cd7e910893c744b338d1455b80574e08cf4f7ce71253c2ef1c2881cf2e2,"Super AMOLED capacitive touchscreen, 16M colors","6.44 inches, 100.1 cm2 (~85.3% screen-to-body ratio)","1080 x 2400 pixels, 20:9 ratio (~409 ppi density) HDR 800 nits typ.",
59aafbcb369685ec3b758535360018c72a8a69fd7e4395f4b2fdace45bf46b41,"Super AMOLED capacitive touchscreen, 16M colors","6.44 inches, 100.1 cm2 (~85.3% screen-to-body ratio)","1080 x 2400 pixels, 20:9 ratio (~409 ppi density) HDR 800 nits typ. brightness",
cc0ebb3e022d8f866754ec029b8161e1db04a2a05ea88eeffd00c0303275fb6b,"IPS LCD capacitive touch screen ,16M colors",6.7 inches,"1080 x 2340 pixels, 19.5:9 ratio 400 ppi density",
c41a72343e698ff4d0802eb34d28612c30c1faa0890f40463c35606ed32da940,"IPS LCD capacitive touch screen ,16M colors","6.56 inches, (~90.6% screen-to-body ratio)",1080 x 2376 pixels,
b4219a16c22eced8d2c12703b01527ef0248446dffaafeaac64e91b9a466985c,AMOLED Capacitive Touchscreen |,6.6 (Inches),1080 x 2376 (Pixels),
35893199a988800178cbc07d6f9c4486d0b904e5c9e23d6cc75b3dbe20a26fc6,"Super AMOLED, 120Hz, HDR10+, 1300 nits (peak)","6.56 inches, 104.6 cm2 (~89.8% screen-to-body ratio)",1080 x 2376 pixels (~398 ppi density),
242c009208111dda668680cb4791216fdb347a7116e813b3f429c11204703fc5,"LTPO AMOLED, 1B colors, 120Hz, HDR10+, 500 nits (typ), 1000 nits (HBM), 1500 nits (peak)","6.78 inches, 111.4 cm2 (~90.1% screen-to-body ratio)","1440 x 3200 pixels, 20:9 ratio (~517 ppi density)",
1bdae6d68353a4901e929d0bebc50de77475549e13692f92339c074c2f3ac342,AMOLED Capacitive Touchscreen,6.6 (Inches),1080 x 2376 (Pixels),
04ea77cfb1f3ad77d6978c6f7680a57772c68a2a394c2a1a54e6de6851a04e7f,"AMOLED, 120Hz, HDR10+","6.56 inches, 104.6 cm2 (~86.6% screen-to-body ratio)",1080 x 2376 pixels (~398 ppi density),
9c471594e16249164177c5f62bf2be3e43c50d54a8c270afea58d93ee79014ec,"AMOLED, 90Hz, HDR10+, 1300 nits (peak)","6.44 inches, 100.0 cm2 (~84.7% screen-to-body ratio)","1080 x 2404 pixels, 20:9 ratio (~409 ppi density)",
95ecca8d51c062b40c58b987c563355a134ee308776238618c5f5aa9db547c5a,"LTPO2 AMOLED, 1B colors, 120Hz, HDR10+","6.78 inches, 111.0 cm2","1440 x 3200 pixels, 20:9 ratio (~518 ppi density)",
90e4aeab0d62335634f74cdd4ada5042765cc8f37714fafad187df193814ab89,"LTPO2 AMOLED, 1B colors, 120Hz, HDR10+","6.78 inches, 111.0 cm2","1440 x 3200 pixels, 20:9 ratio (~518 ppi density)",
3939114b57e3c31819a56a9cb07315f72a44be0799e7c275d43779f3932b1666,AMOLED Capacitive Touchscreen,6.8 (Inches),1080 x 2400 (Pixels),
1a688f588603b9d893d2fe457b496e6e79f95181ba92bfcb1450e10f4426dedd,IPS LCD Capacitive Touchscreen,6.51 (Inches),720 x 1600 (Pixels),
78716f95e7cf4b95cb0c06ba405a90c6c966e80e6535e21217f27da5a2bb5b8a,IPS LCD Capacitive Touchscreen | 16M Colors | Multitouc,6.51 (Inches),720 x 1600 (Pixels),
5660dc6975f9f3c6ce234d16d9b32a672f37029f74bd4c7a694ce7225ee6c95d,IPS LCD Capacitive Touchscreen | 16M,6.51 (Inches),720 x 1600 (Pixels),
0d63404532b1149860605e65642469d9aed833dfcd55cfead102c4b0c9336271,IPS LCD Capacitive Touchscreen | 16M Colors | Multitouch,6.51 (Inches),720 x 1600 (Pixels),
cbc60805da27b2c4d31fc1933a016a15d7cc63fb4f15a98e43acee201b760e89,"IPS LCD, 90Hz","6.56 inches, 103.4 cm2 (~83.4% screen-to-body ratio)","720 x 1612 pixels, 20:9 ratio (~269 ppi density)",
7e8787b412dad5e3dde283652da9bf2b931c1a62b549ad13e374688b5350275e,"IPS LCD, 90Hz, 528 nits (HBM)","6.56 inches, 103.4 cm2 (~83.6% screen-to-body ratio)","720 x 1612 pixels, 20:9 ratio (~269 ppi density)",
15a50a18c5b9e13f45158d6722ef9108c6d1ce4c8e97faaffa4540bf111e684c,6.74 inches,6.74 inches,1600 × 720 (HD+),
f7d0e60ab710f2f148c78f99ef5501b33bc0815866c7e053268a9c642d012a6e,6.74 inches,6.74 inches,1600 × 720 (HD+),
26f241a67cc1c52d6f6584f24f18b473f33cb657e6469bad624bee2ae152fd00,"AMOLED, 1B colors, 120Hz, 1200 nits (peak)","6.67 inches, 107.4 cm2 (~86.8% screen-to-body ratio)","1080 x 2400 pixels, 20:9 ratio (~395 ppi density)",
7cbd6ede06bf22526763b596d1b9a71b492d285ac81ada2c3d78acf899878686,IPS LCD Capacitive Touchscreen,6.51 (Inches),720 x 1544 (Pixels),
60e8c30ccf9632981140e48c9050bb14b0bd5748114623fd1e6eec5a6c022844,IPS LCD Capacitive Touchscreen,6.51 (Inches),720 x 1600 (Pixels),
c039b695d047dccbc1b49cedb0efc3059a432d3652606d1c118a6c15514d97cf,"IPS LCD | 16M Colors, Multitouch",6.5 Inches,720 x 1600 pixels (270 ppi density),
51dcdf12c89a7b7d0b73afd164bb114db5b1b88ecc8f9cb265a1c06dfebd4a72,IPS LCD,6.51 (Inches),720 x 1600 (Pixels),
edb5552282d9dc0ebb35e5055f41b276a091140a9f11dca4dbb4578d1a7fe310,IPS LCD Capacitive Touchscreen | 16M Colors | Multitouch,6.51 (Inches),720 x 1600 (Pixels),
046ff54b49d8878cc8b75c2f8d0a8b29b86bb5734bea6bba4d753a8504002f18,Octa-core 2 x 2.0 GHz Cortex-A75 | 6 x 1.8,6.56 (Inches),720 x 1612 (Pixels),
59569e68c27a8e72c443db6806985e650374c44f284deb86f2d4a3ecf80fb37b,"Capacitive IPS LCD Touchscreen, 16M Colors, Multitouch",6.56 Inches,720 x 1612 Pixels (~269 PPI),
259e2c454ac2b8e873491b600f185d849953917d73904b3d1bb855f4cf29fa55,"IPS LCD Capacitive Touchscreen, 16M Colors, Multitouch",6.53 Inches),1080 x 2340 Pixels (~395 PPI,
95335b345561c9ab3f909fb0144b7da100f7edcfe9cdfdbd41e8019232adfacb,IPS LCD Capacitive Touchscreen,6.22 (Inches),720 x 1600 (Pixels),
aa17350d4a7e9f63ce4eba3af16c0db5c4632b780b9ae0fef243296c13d799ee,IPS LCD Capacitive Touchscreen,6.51 (Inches),720 x 1600 (Pixels),
ad3004577e49088e0e31d99525ecd5eb2c7b5f88cfc2c902be964675d5bfda3b,"IPS LCD Capacitive Touchscreen, 16M Colors, Multitouch","6.51 inches, 102.3 cm2 (~81.6% screen-to-body ratio)","720 x 1600 pixels, 20:9 ratio (~270 ppi density)",
d8ee6f782f66b334afdbd764d51697f8825e642e631a3c81a9b433bf1adb6c8c,IPS LCD Capacitive Touchscreen,6.51 (Inches),720 x 1600 (Pixels),
18fd4e056b8ac38252bda43943ed3e348b414f4ee27275ccac72ccb6f4097178,IPS LCD Capacitive Touchscreen,6.51 (Inches),720 x 1600 (Pixels),
cecc2330d99283da486f689577fc56ca98dc54ab5fd0681eb3b3361298caa24b,IPS LCD,"6.51 inches, 102.3 cm2 (~81.6% screen-to-body ratio)","720 x 1600 pixels, 20:9 ratio (~270 ppi density)",
3c0498470cb7d1e08ee844272d56899c1db8cdc43639ac4675b36bec464f34cf,"IPS LCD, 144Hz, 650 nits (HBM)","6.58 inches, 104.3 cm2 (~84.5% screen-to-body ratio)","1080 x 2408 pixels, 20:9 ratio (~401 ppi density)",
e864c3e24888154b3cbd45e4de318521b9ac985bdd6b4ebad20f6218ef6e652f,IPS LCD Capacitive Touchscreen,,720 x 1600 (Pixels),
afbd51676eaaee4d4f593345cb84d38695251b48084febb7135520755d87d7ea,IPS LCD,"6.51 inches, 102.3 cm2 (~81.8% screen-to-body ratio)","720 x 1600 pixels, 20:9 ratio (~270 ppi density)",
3f1492f043ff960c160e4498119c678a93fbcde2b59f2ba9e1071ca44c0d67fa,IPS LCD Capacitive Touchscreen,6.68 Inches,720 x 1608 Pixels (~264 PPI),
22df00de799b3e1c25781215d97c1e7ca63cada4f1ac7a3c5009205b572e1152,IPS LCD Capacitive Touchscreen,6.68 Inches,720 x 1608 Pixels (~264 PPI),
e3e79a1073b240abc257c36faadade50d1d93df23ee7a427b114b20f8766066e,IPS LCD Capacitive Touchscreen,6.68 Inches,720 x 1608 Pixels (~264 PPI),
8b65faab03769755fcfaac98310817d6191e56ca80ef44fa45a8dca15b5848e3,IPS LCD Capacitive Touchscreen,6.68 Inches,720 x 1608 Pixels (~264 PPI),
5d9be3da066f5f3a2187a4a8f8887c27315997f4ab4b47e0296f5b7135c26cff,IPS LCD,"6.51 inches, 102.3 cm2 (~81.8% screen-to-body ratio)","720 x 1600 pixels, 20:9 ratio (~270 ppi density)",
a9d6ce47d68f70a5072e9976b28980d3cc89e14a9a02aa370ad69b0edfcc1a15,IPS LCD,"6.51 inches, 102.3 cm2 (~81.8% screen-to-body ratio)","720 x 1600 pixels, 20:9 ratio (~270 ppi density)",
aed6b854db44a369913d03d88fcc69b25efb03b30e764d71edaee1f812718dc8,IPS LCD Capacitive Touchscreen,6.51 (Inches),720 x 1600 (Pixels),
900ca3a707d65ba8a729552739060c65c780a3bbcde487430e1555d41e2d07a5,IPS LCD Capacitive Touchscreen | 16M,6.5 (Inches),720 x 1560 (Pixels),
262da9bcae029e72bd50d29a7494df5e34058783a1883c2606d5b4ef7fb54781,"IPS LCD capacitive touchscreen, 16M colors","6.55 inches, 103.1 cm2 (~82.4% screen-to-body ratio)","720 x 1612 pixels, 20:9 ratio (~270 ppi density)",
dbfc07a5f910992312055cc797cdfc7d8f967cf82826455d23d75985aec98c9e,IPS LCD Capacitive Touchscreen | 16M,6.64 (Inches),1080 x 2388 (Pixels),
067e3595fd3835856bb14460ebe724aaf495581de3de90c839567fceb8b035aa,IPS LCD Capacitive Touchscreen 16M Colors | Multitouch,6.64 (Inches),1080 x 2388 (Pixels),
4ebdf80bd4fcb9c0ffb40d9910a80001985ca6e5dba7f99e8d63232426d3f53b,"IPS LCD Capacitive Touchscreen, 16M Colors, Multitouch","6.51 inches, 102.3 cm2 (~82.2% screen-to-body ratio)","720 x 1600 pixels, 20:9 ratio (~270 ppi density)",
60530e4c1b538012be272ec269c744e29803aaf515933df8e0cc2cdedb207c98,IPS LCD Capacitive Touchscreen,6.58 (Inches),1080 x 2408 (Pixels),
6922981c5d61947d2a1c0ed2c8dddf2a8fe6f1a5cc4b3a52427a143b6eb660ed,"IPS LCD, 90Hz","6.58 inches, 104.8 cm2 (~84.7% screen-to-body ratio)","1080 x 2408 pixels, 20:9 ratio (~400 ppi density)",
f2e0198881492fd2b627a8d03a6aaf4935816543cda5505731e6e5226ed9e83f,IPS LCD,"6.58 inches, 104.3 cm2 (~84.2% screen-to-body ratio)","1080 x 2408 pixels, 20:9 ratio (~401 ppi density)",
d0ee8d9d75645b57f521d0da32f047ab6be77f9a2bb9ee32f2ed05b5dc842add,IPS LCD,"6.51 inches, 102.3 cm2 (~82.2% screen-to-body ratio)","720 x 1600 pixels, 20:9 ratio (~270 ppi density)",
36b69edf59e4bbf5d19830eece64c9803dabb3734f2ba0b286399640140dac5c,IPS LCD,"6.51 inches, 103.1 cm2 (~82.8% screen-to-body ratio)","720 x 1600 pixels, 20:9 ratio (~269 ppi density)",
6b072b34eb91b1c97c2c7ddf66b21aed7536025365561b64897ad565f488a48f,IPS LCD Capacitive Touchscreen,,,
a2a9062c4292880dcf8eb5627d3a621d72a481d1e57d735eaddb4cc5cc79f7fa,IPS LCD Capacitive Touchscreen,6.8 (Inches),1080 x 2408 (Pixels),
3d64af09333a0f5be07314ec38157850e14b4956f537cd7232d26d47c4c0c60d,"IPS LCD, 90Hz, 550 nits (HBM)","6.58 inches, 104.3 cm2 (~83.4% screen-to-body ratio)","1080 x 2408 pixels, 20:9 ratio (~401 ppi density)",
1ba180ab50e2c24a4242083ef7f318c2d371d35dcf1e94969f1ae20acbe59c12,IPS LCD,"6.51 inches, 102.3 cm2 (~82.5% screen-to-body ratio)","720 x 1600 pixels, 20:9 ratio (~270 ppi density)",
acb3b5ab98fb90b65e8195e4d31cb2d54df7cb9f772e8069726e17270e44c17b,Capacitive IPS LCD Touchscreen | 16M Colors,6.58 (Inches),1080 x 2408 (Pixels),
a73154b9fd5d6145c918dac1eeaa308b2c3a779856ca5fbc128135a7d13c9090,IPS LCD Capacitive Touchscreen | 16M Colors | Multitouch,6.8 (Inches),1080 x 2388 (Pixels),
87bed1416d85f0acb4e490699b00b46952af0c9c66caad7c8e5610562cdb4afe,IPS LCD,"6.35 inches, 99.6 cm2 (~81.4% screen-to-body ratio)",720 x 1544 pixels (~268 ppi density),
8ab6eee03e5cd5c1d84ca0a1adfc16510a4e90c718c492519a7b6fe2b8a02fba,IPS LCD,"6.53 inches, 102.9 cm2 (~83.1% screen-to-body ratio)","1080 x 2400 pixels, 20:9 ratio (~403 ppi density)",
440b35721e210e8bb8ef306c7e4e56f94b7530e8e9ece7fd63fda740f8debb06,"AMOLED capacitive touch screen ,16M colors","6.41 inches, 100.9 cm2 (~86.3% screen-to-body ratio)",1080x2340 pixels,
3239a4a527dd0a0ddc0cce0feba11dcec7be4caafe0bf1b3833143edb571b368,IPS LCD,"6.53 inches, 104.7 cm2 (~84.4% screen-to-body ratio)","1080 x 2340 pixels, 19.5:9 ratio (~395 ppi density)",
a6cd706d112b414d671c8866d7b17657c906f234f4a9a255549d607a578a741d,IPS LCD,"6.58 inches, 101.5 cm2 (~82.2% screen-to-body ratio)","1080 x 2408 pixels, 21:9 ratio (~415 ppi density)",
4e282b351c74070a26a34363596cac993a0d9b6626340c48f1af5e122433fdbe,IPS LCD Capacitive Touchscreen,6.6 (Inches),1080 x 2408 (Pixels),
79edb40b25caa3d5f641188ab0abfef1c765a06f41211c7cb6425fb2a5a83f9b,IPS LCD,"6.58 inches, 104.3 cm2 (~84.5% screen-to-body ratio)","1080 x 2408 pixels, 20:9 ratio (~401 ppi density)",
8ff67955e3fa97590a03731a32d3446629b165568e4446dfe2c5391a52ccdcf6,"IPS LCD, 90Hz, HDR10, 460 nits (typ)","6.58 inches, 104.3 cm2 (~84.2% screen-to-body ratio)","1080 x 2408 pixels, 20:9 ratio (~401 ppi density)",
920721608be243ceafef210c9e4298d4bc1922128907c1ebea150cdd1a4d67a7,"IPS LCD, 90Hz, HDR10, 460 nits (typ)","6.58 inches, 104.3 cm2 (~84.2% screen-to-body ratio)","1080 x 2408 pixels, 20:9 ratio (~401 ppi density)",
161e08a576627c3546fb87d829f25122b364bd1dc9486b399ff3943be5d9143a,IPS LCD,"6.51 inches, 102.3 cm2 (~82.2% screen-to-body ratio)","720 x 1600 pixels, 20:9 ratio (~270 ppi density)",
a25529b4aedfdf1a682b84f01e3d06a8bc25f2e68ecc2036095748ba584d1159,IPS LCD Capacitive Touchscreen,6.58 (Inches),1080 x 2408 (Pixels),
071d251a717d1a3b1ff6b8dd0136c43dbd2fdf813ca89bd2dab8f62dc76be4a6,6.44 (inches),6.44 Inches,1080 x 2400 pixels | 409 ppi density,
c4280ee0879dd3d74b72af058048dd8c82d124224806a52ba4045e00c6d79c88,IPS LCD,"6.58 inches, 104.3 cm2 (~84.5% screen-to-body ratio)","1080 x 2408 pixels, 20:9 ratio (~401 ppi density)",
5823a1f70de03942d769cfc1b022e4f3cb74390eca134a869c5055d0918de8b5,"LTPS IPS LCD capacitive touchscreen, 16M colors","6.53 inches, 104.7 cm2 (~84.4% screen-to-body ratio)","1080 x 2340 pixels, 19.5:9 ratio (~395 ppi density)",
d4abf97aa0617f752b55f89c2f62bb17d922651fc33c6db4994260ce8409cb47,"AMOLED capacitive touch screen ,16M colors",6.53 inches,"1080 x 2340 pixels, 19.5:9 ratio",
ab6474e6719af156e748e0b9c36ba0af0113a74a90705c6d73c68dc338005908,"AMOLED, 430 nits (typ), 600 nits (HBM)","6.44 inches, 100.1 cm2 (~84.4% screen-to-body ratio)","1080 x 2400 pixels, 20:9 ratio (~409 ppi density)",
3d7f171b4e88afca39108642713705e3d2e84c67f4faf11150317a1a14b771fe,IPS LCD,"6.58 inches, 104.3 cm2 (~84.5% screen-to-body ratio)","1080 x 2408 pixels, 20:9 ratio (~401 ppi density)",
88a34421d0648825b4af2ceae0d28563d155d404c231c96f62d63a19a76e2e1f,AMOLED Capacitive Touchscreen |,6.44 (Inches),1080 x 2400 (Pixels),
223888bc0fdd52bfe69674b77384e7f8db71d7dec2912ca1ff12bb5f88a490e8,IPS LCD,"6.58 inches, 104.3 cm2 (~84.5% screen-to-body ratio)","1080 x 2408 pixels, 20:9 ratio (~401 ppi density)",
58b0b4e0a839ade43200160b2a3e39f7ca41ffd94d47d058aa02bafec6fa376e,IPS LCD,"6.58 inches, 104.3 cm2 (~83.8% screen-to-body ratio)","1080 x 2408 pixels, 20:9 ratio (~401 ppi density)",
d2ee8a5f5d8254a7f6f4ffd82c6f9c1a42fa0550f0f0d50e4c43b66b00fd413a,AMOLED,"6.44 inches, 100.1 cm2 (~83.8% screen-to-body ratio)","1080 x 2400 pixels, 20:9 ratio (~409 ppi density)",
6057d5154b0e39390a54e78866a6fc54378c8ff2f1ab1de3fe3fd13539954e50,IPS LCD,"6.58 inches, 104.3 cm2 (~83.9% screen-to-body ratio)","1080 x 2408 pixels, 20:9 ratio (~401 ppi density)",
e5e8a84dc1ccc1616f7dccb73259edd511bd9e12441ba40703be01e1438d1b90,IPS LCD,"6.58 inches, 104.3 cm2 (~83.9% screen-to-body ratio)","1080 x 2408 pixels, 20:9 ratio (~401 ppi density)",
f0e6e57ebceaa94ac49588236dfa438cd152ae7071bd18c36776d1c389add298,6.22-inch,6.22-inch,1520 x 720 HD Plus,
03fc0e6da2ab8d18380041734449ee56c893b892a2a7f996db4e078c8c5a6ff5,"IPS LCD capacitive touchscreen, 16M colors","6.22 inches, 96.6 cm2 (~82.7% screen-to-body ratio)","720 x 1520 pixels, 19:9 ratio (~270 ppi density)",
5c150640eeb1da5a7fd4ecccc0dac952891807264157eb2e21b2ea50da483d8d,"IPS LCD capacitive touchscreen, 16M colors","6.26 inches, 97.8 cm2 (~84.2% screen-to-body ratio)","1080 x 2280 pixels, 19:9 ratio (~403 ppi density)",
c62b7c832ed7d7dfc9843fed6f8063951344341e2225dc457a24c17a50792ad3,6.22 (inch),6.22 inches,1520×720 pixels,
c4fbf71d747e5e031f05e213f4e2cef0697fa18aa2d49ea7090501ed238dbbdc,"6.22""","6.22""",1520 x 720 HD Plus,
afe1e7983bb33a0af9118744cbc7efcace6e5a765d33c4ec3acbbe043656af7c,"Super AMOLED capacitive touchscreen, 16M colors","6.38 inches, 99.9 cm2 (~83.4% screen-to-body ratio)","1080 x 2340 pixels, 19.5:9 ratio (~404 ppi density)",
22199db333fd1ec82aa0be87c5f99bbdf76dbba9274537c744d39b5e4fc23d93,"IPS LCD capacitive touchscreen, 16M colors","6.26 inches, 97.8 cm2 (~84.2% screen-to-body ratio)","1080 x 2280 pixels, 19:9 ratio (~403 ppi density)",
42ebabd84214ba52bde34ce6ba9709036fd46028145d7521c0ea8505ee5ae7bc,"IPS LCD capacitive touchscreen, 16M colors","6.53 inches, 104.7 cm2 (~83.4% screen-to-body ratio)","1080 x 2340 pixels, 19.5:9 ratio (~395 ppi density)",
d4773add8b1ff6ef529b6fdcdb584120a91acd5bcfb0c3dd62b88b376682dba8,"IPS LCD capacitive touchscreen, 16M colors","6.26 inches, 97.8 cm2 (~84.1% screen-to-body ratio)","1080 x 2280 pixels, 19:9 ratio (~403 ppi density)",
5e733ae07a6e8789fa0820a8673cd70e57bb67f30cef589ddb42eeafd4895389,"Super AMOLED capacitive touchscreen, 16M colors","6.38 inches, 99.9 cm2 (~83.3% screen-to-body ratio)","1080 x 2340 pixels, 19.5:9 ratio (~404 ppi density) Always-on display",
1c8a31be1f29474933ba780d8bf6a0232d667b278de8622f69efef54e35e323f,"IPS LCD capacitive touchscreen, 16M colors","6.3 inches, 99.1 cm2 (~84.0% screen-to-body ratio)","1080 x 2280 pixels, 19:9 ratio (~400 ppi density)",
b57c98d42b4ba834c35ba6ba2d4110e0f9de14b66c4ea2272d1d5a9ab64082b7,"IPS LCD capacitive touchscreen, 16M colors","6.53 inches, 104.7 cm2 (~84.4% screen-to-body ratio)","1080 x 2340 pixels, 19.5:9 ratio (~395 ppi density)",
ad92c3cf00c0acae36ed36662a7bceb8d68e47dd8e060f7cd3a97f9273d4514d,"IPS LCD capacitive touchscreen, 16M colors","6.57 inches, 104.2 cm2 (~84.6% screen-to-body ratio)","1080 x 2400 pixels, 20:9 ratio (~401 ppi density)",
a4a46f6bc980ce89aaecfe6ca08ea1195b0c73a3a7b3aeb4325f1c2a4b7e821e,AMOLED Capacitive Touchscreen,6.67 (Inches),1080 x 2400 (Pixels),
4fc954aa51a11cadcdf28e4c909b7f5d9348d9d433689a50d283cf3eef449b5c,AMOLED Capacitive Touchscreen,6.67 (Inches),1080 x 2400 (Pixels),
dba8756eefe800c2a5476a1a78f494fe8c0348804966fdc0e58183aba7041e21,AMOLED | Dolby Vision,6.67 (Inches),1080 x 2400 (Pixels),
cae0425bea4dbbd43db5e24e3b5304f48801124740ccaf5599c43d33087e0daa,AMOLED | Dolby Vision,6.67 (Inches),1080 x 2400 (Pixels),
74ea17a3ced217f52b527288f6762e4925ba5620437a5baa164a0bfbb6563585,AMOLED Capacitive Touchscreen,6.28 (Inches),1080 x 2400 (Pixels),
1a7753cf72a2792e4c21e9cc22601672097caea78b98d1be5cd340e965e5951f,"AMOLED, 120Hz, Dolby Vision, HDR10+, 1200 nits (HBM), 1900 nits (peak)","6.36 inches, 97.7 cm2 (~89.4% screen-to-body ratio)","1080 x 2400 pixels, 20:9 ratio (~414 ppi density)",
f30a3408f6d717ef1e3730ba50c559dc37e3eda985784833c17631b97a8dad5c,"AMOLED Capacitive Touchscreen, 68B Colors, Multitouch",6.7 Inches,1220 x 2712 Pixels (~446 PPI),
1c65d18329caf2d99dd746de517ab3d2c8317062bb8f76383bffbe52395d007d,"AMOLED Capacitive Touchscreen, 68B Colors, Multitouch",6.7 Inches,1220 x 2712 Pixels (~446 PPI),
4a6b63929f3835c6b6c9f9888fbb199708c92d2a38be303eafa00927c0c48f3d,"LTPO AMOLED Capacitive Touchscreen, 68B Colors, Multitouch",6.73 Inches,1440 x 3200 Pixels (~521 PPI),
0c005dbf752d6ea6ccb4746f401afd071971e3af6f5e53009d99bee1a1a8b320,"AMOLED Capacitive Touchscreen, 68 Billion Colors",6.83 Inches,1280 x 2772 Pixels (~447 PPI),
a8a426dc3690c07562d0ad44aec09fc4c62f999d9a58e84ab171e3cbfa83d813,"AMOLED Capacitive Touchscreen, 68 Billion Colors",6.83 Inches,1280 x 2772 Pixels (~447 PPI),
fb57720434588a4fdab88e726599e63cb71aaec6ce88b221516ef542a9d6a425,AMOLED Capacitive Touchscreen,6.55 (Inches),1080 x 2400 (Pixels),
82f2240584c6887cc4156d76fcd79d54cf44c9b1b564d6b8e37c36f31bb4a5e9,AMOLED Capacitive Touchscreen,6.81 (Inches),1440 x 3200 (Pixels),
7c8539b04bd24938e845f96ed7df976f41f85517caf5c82e0fa85e026ff81f35,"Liquid Retina IPS LCD, 500 nits 1640 x 2360 pixels (~264 ppi density) Protection Scratch-resistant glass, oleophobic coating","11.0 inches , Sensors Accelerometer, gyro, proximity",,
283c63841c45ae4d9cd66c28e67f08112a865f73ab0665cded5b0a77f60fd4aa,"Liquid Retina IPS LCD, 500 nits 1640 x 2360 pixels (~264 ppi density) Protection Scratch-resistant glass, oleophobic coating","11.0 inches , Sensors Accelerometer, gyro, proximity",,
e4d652e934f7d6f08c8bf95c8e201d07905c3d5fff938a68549681be2ceb102f,"IPS LCD, 90Hz, 500 nits","6.71 inches, 106.5 cm2 (~82.9% screen-to-body ratio)",720 x 1650 pixels (~268 ppi density),
9e8d35582fa327908751e2a7ec5785e7a5b642657d81afb9f3e17da6ea803d08,"IPS LCD Capacitive Touchscreen, 16M Colors, Multitouch",6.74 Inches,1080 x 1920 Pixels (~327 PPI),
f86ac18085ef446a5dde5063fa242995eed99d369facccaee3b8e6a44f8861a4,Super AMOLED Capacitive,6.67 (Inches),1080 x 2400 (Pixels),
f45b5bf01c785241ebb4a9f78271a6498789d973daa7bccda5f590e0fe6ba1bd,AMOLED Capacitive Touchscreen,6.67 (Inches),1080 x 2400 (Pixels),
5443f232c41b9eb8de7400171dee5f1d038f0a07e7758c2af43e6705076b6015,AMOLED Capacitive Touchscreen,6.67 (Inches),1080 x 2400 (Pixels),
78c71bcc1852aa1c489aa842824cf174ee2027687c6db0ff1209f9e002ac3318,IPS LCD Capacitive Touchscreen,6.53 (Inches),1080 x 2340 (Pixels),
dbd483d9927cdbc7515bc55273c560b379e862b506b292a2b3f32cd128fa0245,AMOLED Capacitive Touchscreen,6.4 (Inches),1080 x 2400 (Pixels),
29620e6fbb5e3cb98004f21f1ccb4e6a9ce53b877a13307001043347e57d595e,"AMOLED, 120Hz, 1000 nits (HBM), 1300 nits (peak)","6.67 inches, 107.4 cm2 (~88.9% screen-to-body ratio)","1080 x 2400 pixels, 20:9 ratio (~395 ppi density)",
68251121d2bea4ce4f147cb78b15ca8f3b2397ffa95fa435c9dc465d1e7b448b,"IPS LCD, 90Hz, 550 nits (HBM)","6.79 inches, 109.5 cm2 (~85.1% screen-to-body ratio)",1080 x 2460 pixels (~396 ppi density),
fdc89734954d6d95f514f57fb497d19b73b649ae7f9dda76ee2d0b324d37dff5,IPS LCD Capacitive Touchscreen,6.6 (Inches),1080 x 2400 (Pixels),
d6b3f866eba618661be3d1b260f158e8416eceed2bd005c7142350a3edf62d68,IPS LCD Capacitive Touchscreen,6.6 (Inches),1080 x 2400 (Pixels),
011e9b9af144f30c5e3bd0f21acbcd951098b68d164234bf6ca525f88dde211d,IPS LCD Capacitive Touchscreen,6.7 (Inches),1080 x 2400 (Pixels),
a2152c24ba642ad98b526aaf56b2ff1bfed04ef3c99bed10b4f4bd63141066ad,IPS LCD Capacitive Touchscreen,6.7 (Inches),1080 x 2400 (Pixels),
ebc3ce8b5d086042c8d2b62f9b50418034fcd1444053c717b1d3c0fcc7b02cc4,IPS LCD Capacitive Touchscreen,6.7 (Inches),1080 x 2400 (Pixels),
f3dc836711aa842c82a749015909be9aa3734063a8350b7e13b851203b508ee7,"AMOLED, 68B colors, 120Hz, HDR10+, Dolby Vision, 500 nits (typ), 1200 nits (HBM), 1800 nits (peak)","6.67 inches, 107.4 cm2 (~90.1% screen-to-body ratio)","1220 x 2712 pixels, 20:9 ratio (~446 ppi density)",
d24ce59017508687bfc0576ab0edda6fa8b728f5cf43a51974589d5102b97d75,IPS LCD Capacitive Touchscreen,6.5 (Inches),1080 x 2400 (Pixels),
d569fda571f3f428fca9fda3174de6930c65a2d3cb1826c15a07072ebe469df7,IPS LCD Capacitive Touchscreen,6.5 (Inches),1080 x 2400 (Pixels),
d00222175369d2292ab1476b837956fbe4c10af949270afc017c8284a897d85c,IPS LCD Capacitive Touchscreen,6.5 (Inches),1080 x 2400 (Pixels),
3ff861fd2c3d7386bd2fcde4e9c5a82813904147a7f2926a2799e35e4cbb08a3,IPS LCD Capacitive Touchscreen | 16M,6.71 (Inches),720 x 1650 (Pixels),
98f718a36bccab21f8e1ee223983ba6af7881b89773d7f7c72ac9cd0fa2d623d,"IPS LCD, 90Hz, 450 nits (typ), 600 nits (HBM)","6.74 inches, 109.7 cm2 (~83.8% screen-to-body ratio)","720 x 1600 pixels, 20:9 ratio (~260 ppi density)",
2c627a94e420b643d260407f19ce2ce2fd371ce67d2a54947dc6684bc1153f32,"IPS LCD, 144Hz, 600 nits (typ), 700 nits (HBM), 850 nits (peak)","6.9 inches, 116.9 cm² (~85.7% screen-to-body ratio)","1080 x 2340 pixels, 19.5:9 ratio (~374 ppi density)",
6c4f2e2020a57e4285739806b75d4d3eb712b3d65902578dd62ff42369d527cd,"IPS LCD, 144Hz, 600 nits (typ), 700 nits (HBM), 850 nits (peak)","6.9 inches, 116.9 cm² (~85.7% screen-to-body ratio)","1080 x 2340 pixels, 19.5:9 ratio (~374 ppi density)",
97f31bc4cf6bfda5a545d1e796f06de8b7b96a4693907f4056b09ba5965aa79a,IPS LCD Capacitive Touchscreen,6.9 Inches,720 x 1640 Pixels (~260 PPI),
59171dd4edcace93d5a11a779d0044920219405107db629a1e6101d99c6736b9,IPS LCD Capacitive Touchscreen,6.9 Inches,720 x 1640 Pixels (~260 PPI),
9e370018c304e9c5026888f1de95e67cdfc3d2e19adb953dc139fa28f0b89770,IPS LCD Capacitive Touchscreen,6.9 Inches,720 x 1640 Pixels (~260 PPI),
dabfebd908111ea4336c85f932dda14e9ecf8882932e5fa6e6fa28a087ce040d,IPS LCD Capacitive Touchscreen,6.9 Inches,720 x 1640 Pixels (~260 PPI),
b400c0e010570f8123a6a42a27c4e59c8202797570b0c248a70ecbe4116c9b26,IPS LCD Capacitive Touchscreen,6.9 Inches,720 x 1640 Pixels (~260 PPI),
e5bd571a9fd3baa3a4a75e092a797046cfce36f1fc8f6c1214f2fe3e971060c0,IPS LCD Capacitive Touchscreen,6.9 Inches,720 x 1640 Pixels (~260 PPI),
109eaa60b101daccbd203eb479fe6276ad638f56ff90e5f5a03c541d071bb553,IPS LCD Capacitive Touchscreen,6.53 (Inches),1080 x 2340 (Pixels),
223231b6114f07ea2f0f9b8a60a5c1ff108bea279ec3220e283312d2a5f0dd62,IPS LCD Capacitive Touchscreen,6.53 (Inches),720 x 1600 (Pixels),
c6504844715399b7d466b71891a2b26fbedef188bf34a822f296f16b0c298c88,IPS LCD Capacitive Touchscreen,6.53 (Inches),720 x 1600 (Pixels),
c572285dd22e1f7b848a27baec74e0274e07bcb3c84162a10296aae6c1ad14de,IPS LCD Capacitive Touchscreen,6.53 (Inches),720 x 1600 (Pixels),
1f108227b90884e77d8d0ad21ac74e00e17f634c3f929888ea3830f3af5a7284,IPS LCD Capacitive Touchscreen,6.53 (Inches),1080 x 2340 (Pixels),
ed25a2b2cee66165d72ddb05a9d24a7aa0d365cf67991f24326f9c2cdc8f37ab,IPS LCD Capacitive Touchscreen,6.53 (Inches),1080 x 2340 (Pixels),
cc06c00e4cefeff9fa4c7f680df8537547a18e2958bb8ea70751dc39a1701041,Super AMOLED Capacitive,6.44 (Inches),1080 x 2400 (Pixels),
363ddbe5c8c868b42f343c0653277cfa75eb7c8bdf8cb6f072d5e38ead5a8007,IPS LCD Capacitive Touchscreen,6.5 (Inches),1080 x 2400 (Pixels),
9920b63c86ed7855b505731af9542883aa02db61e2a847d2c969d654e3d0b69d,Super AMOLED Capacitive,6.44 (Inches),1080 x 2400 (Pixels),
458dcb071e18b97548fb5373fe9cb61a0b552075d7c0c9830fe4fb6b3316943d,AMOLED Capacitive Touchscreen,6.67 (Inches),1080 x 2400 (Pixels),
153633a26ee4ee40c25711f9521954414d4c1c65c1f95bbcf1e0457f42bbf1d9,AMOLED Capacitive Touchscreen,6.67 (Inches),1080 x 2400 (Pixels),
722e315c7ebf7fc89ab4bc14751629eed7bc7bc89de668d1cbfe89587ebbe1c3,AMOLED Capacitive Touchscreen,6.43 (Inches),1080 x 2400 (Pixels),
398461dc63c5d8bd6a78d8bfc438f11fe5fdecff5e6bdcd079f1abd42e43a572,AMOLED Capacitive Touchscreen,6.43 (Inches),1080 x 2400 (Pixels),
9294db15749a9ee47bec117297c27c61da8a73a5d2ab435804547a596ff36fe6,AMOLED Capacitive Touchscreen,6.4 (Inches),1080 x 2400 (Pixels),
45ba58b305f8ee2a481a91822568eab7515c1eb9ea980c7fb8ce5c3256444fa5,Super AMOLED Capacitive Touchscreen,6.67 (Inches),1080 x 2400 (Pixels),
5ccf62b76eca7792345547456f6741d9ff12a9cdb38487e317abfc82682eb1d5,Super AMOLED Capacitive Touchscreen,6.67 (Inches),1080 x 2400 (Pixels),
ecfa9d10132ecb0e19c8e38ea336807fc94f3dd49879313585a7fa41cd126616,"AMOLED Capacitive Touchscreen, Multitouch",6.67 Inches,1080 x 2400 Pixels (~395 PPI),
01dbab2f01251dee58e8c2097d3515b01bf371ab7d75d37f40ec4dddf48e51cf,IPS LCD Capacitive Touchscreen,6.53 (Inches),1080 x 2340 (Pixels),
9b4b45d743b59aef6d36ffa9fcb8d4935941cdfa1de801cd497450726bd12800,"Liquid Retina IPS LCD, 500 nits 1640 x 2360 pixels (~264 ppi density) Protection Scratch-resistant glass, oleophobic coating","10.61 inches, Sensors Accelerometer",,
84a60a0b51e151bceebbdaebe364742af8b73aae5bc6e0a9e2ecdbd4706ca852,"Liquid Retina IPS LCD, 500 nits 1640 x 2360 pixels (~264 ppi density) Protection Scratch-resistant glass, oleophobic coating","12.1 inches , Sensors Accelerometer, gyro, proximity",,
54e149b4652c3dcae85422d20ba2bd6a8feeea8ecc36c4e738cd732f853d7b78,"Liquid Retina IPS LCD, 500 nits 1640 x 2360 pixels (~264 ppi density) Protection Scratch-resistant glass, oleophobic coating","8.07 inches , Sensors Accelerometer, proximity compass Virtual proximity sensing",,
5b1251eeb6a0e13fcc66bde23dda52a1a9a64939f3c75532792e81ab81124a77,"Liquid Retina IPS LCD, 500 nits 1640 x 2360 pixels (~264 ppi density) Protection Scratch-resistant glass, oleophobic coating","8.07 inches , Sensors Accelerometer, proximity compass Virtual proximity sensing",,
2546d8fd5028069f50cd9d4e6b0a5f7aed2124fc80632880b4e0810efc620558,"Liquid Retina IPS LCD, 500 nits 1640 x 2360 pixels (~264 ppi density) Protection Scratch-resistant glass, oleophobic coating","11.0 inches , Sensors Accelerometer, proximity",,
fcd1cf6775d5dd2f712d7edfb980ca822a2f46852f89393d6dc2cfbc491b125f,"5.5 inches, 83.4 cm2 (~72.2% screen-to-body ratio)","5.5 inches, 83.4 cm2 (~72.2% screen-to-body ratio)","1080 x 1920 pixels, 16:9 ratio (~401 ppi density)",
349e7cb1ec5cdff58ada4d411373e2a0672ed5539d5803d8b438f67b6c3d1a44,,,,
35b0b20020d9ff830cbdb97fdc2b93b82aefdfbd159283194de6d57ba94abb60,"AMOLED, 1B colors, 120Hz","6.92 inches, 107.0 cm2 (~80.8% screen-to-body ratio)",1080 x 2460 pixels (~400 ppi density),
3b123baa3f78b1d51752aada3feb406c51852ad98fd1c861242282588f8a28d8,"AMOLED, 1B colors, 120Hz, HDR10+, 1500 nits (peak)","6.8 inches, 111.6 cm2 (~92.9% screen-to-body ratio)","1116 x 2480 pixels, 20:9 ratio (~400 ppi density)",
732ad50544b6949e51e2631411b2d0dfb529d6ad7598f89c90e056b3dcc30576,"AMOLED, 1B colors, 144Hz, 1000 nits (peak)","6.67 inches, 107.4 cm2 (~90.4% screen-to-body ratio)","1080 x 2400 pixels, 20:9 ratio (~395 ppi density)",
11154930c9fdcc5bedfd751097ffb373bd457a88b364f5080354b908a0962bfd,AMOLED,"6.67 inches, 107.4 cm2 (~86.7% screen-to-body ratio)","1080 x 2400 pixels, 20:9 ratio (~395 ppi density)",
22a388cda778f377413050ac59ba875943a48f71e6a840b8923d78802cbbba24,IPS LCD,"6.6 inches, 104.6 cm2 (~84.6% screen-to-body ratio)","720 x 1612 pixels, 20:9 ratio (~267 ppi density)",
b3c6a3c6aa97cac02882ec9c3ae76524a6d27cec7c4dfec899050e0312c3f619,IPS LCD,"6.72 inches, 109.0 cm2 (~84.9% screen-to-body ratio)","1080 x 2400 pixels, 20:9 ratio (~392 ppi density)",
4969151e79652e73bcc3d2c24737cc8941aba051b0f0a85cf5bb14c7837810ab,"IPS LCD, 90Hz","6.75 inches, 110.0 cm2 (~84.5% screen-to-body ratio)","1080 x 2400 pixels, 20:9 ratio (~390 ppi density)",
325695e037904c8ff86a4eb0348516f3f5c55b41ccd3b5ab2bfb09c9218751ca,"IPS LCD, 90Hz","6.75 inches, 110.0 cm2 (~84.5% screen-to-body ratio)","720 x 1600 pixels, 20:9 ratio (~260 ppi density)",
ee0090e857b79161cd8d30ba5cb19103fe36050066484996524f36aa0dbc60ea,"IPS LCD, 90Hz","6.6 inches, 104.6 cm2 (~83.3% screen-to-body ratio)","720 x 1612 pixels, 20:9 ratio (~267 ppi density)",
73b5f34d2442797ddd29b78eb18420fba725dba7bd3a512db7fc658d7821bb93,AMOLED,"6.67 inches, 107.4 cm2 (~86.0% screen-to-body ratio)","1080 x 2400 pixels, 20:9 ratio (~395 ppi density)",
9a6b4c969502e5e3a1a871a28396eecb21e11c938450441ceedc9c08d58fca4d,AMOLED,"6.67 inches, 107.4 cm2 (~86.7% screen-to-body ratio)","1080 x 2400 pixels, 20:9 ratio (~395 ppi density)",
6248206018fd30ddf6e65ca5473b21b8fc95875e5f48e78c79c6aed5ff86c5a0,"IPS LCD, 90Hz","6.6 inches, 104.9 cm2","1080 x 2408 pixels, 20:9 ratio (~400 ppi density)",
61e9920beae70794b8d21672702fdf30d8debb70709d59ef454bc9ff66efca86,IPS LCD,"6.6 inches, 104.9 cm2 (~83.6% screen-to-body ratio)","1080 x 2408 pixels, 20:9 ratio (~400 ppi density)",
6867cf63d5b8bbf0b41b25a0f82136c7fe744f6ec4a6f1cafa1611c05e3b1098,"IPS LCD, 90Hz","6.75 inches, 110.0 cm2 (~86.5% screen-to-body ratio)","720 x 1600 pixels, 20:9 ratio (~260 ppi density)",
b0a08b0be5cf50e687fda66ee36b81c1cf8a4316305f8ccfe775370269bbc4c2,"IPS LCD, 120Hz","6.72 inches, 109.0 cm2","1080 x 2400 pixels, 20:9 ratio (~392 ppi density)",
0866fde7ce7cc63905c2d87ee96300b9a8f0693b0108e83ce29aeafa20ad1fb0,"IPS LCD, 120Hz","6.72 inches, 109.0 cm2","1080 x 2400 pixels, 20:9 ratio (~392 ppi density)",
3e5e519a4cce6c92fa4fd61a97c50a1a12506cd91e4510cdcbe924793fd7ccb0,"AMOLED, 1B colors (China only), 120Hz, 1300 nits (peak)","6.8 inches, 111.6 cm2 (~89.1% screen-to-body ratio)","1116 x 2480 pixels, 20:9 ratio (~400 ppi density)",
7c7039d3813c18afa85bc6e8c340b98463924210a370e1189d8ca744c711a2aa,"AMOLED, 1B colors (China only), 120Hz, 1300 nits (peak)","6.8 inches, 111.6 cm2 (~89.1% screen-to-body ratio)","1116 x 2480 pixels, 20:9 ratio (~400 ppi density)",
b7b12114dfe2f7e68f8d48099253007a1b2842f5226b09afe63622110c05498b,"AMOLED, 1B colors, 120Hz, 1600 nits (peak)","6.8 inches, 111.6 cm2 (~89.1% screen-to-body ratio)","1116 x 2480 pixels, 20:9 ratio (~400 ppi density)",
835c698fcb0f056188d920c5480849dfbe691eb74b187b7c4be9d903c64e9dd2,"AMOLED, 1B colors (China only), 120Hz, 1600 nits (peak)","6.8 inches, 111.6 cm2 (~89.1% screen-to-body ratio)","1116 x 2480 pixels, 20:9 ratio (~400 ppi density)",
284c27e6c1520a03f92b5a6746fcb5bf621613c51e3c16ff492d91af71798dca,"AMOLED, 1B colors, 120Hz, 1600 nits (peak)","6.8 inches, 111.6 cm2 (~89.1% screen-to-body ratio)","1116 x 2480 pixels, 20:9 ratio (~400 ppi density)",
365678d3c054f1536fe5d26debbddef69a7a365aeeeb8d633bdccdbffc14c071,"AMOLED, 1B colors, 144Hz, HDR10+, 1000 nits","6.67 inches, 107.4 cm2 (~91.0% screen-to-body ratio)","1080 x 2400 pixels, 20:9 ratio (~395 ppi density)",
150d3941f634bbf4c2ef6b96e8fd0d54982fd9816a6b62f10fd0bbf436b3627c,"AMOLED, 1B colors, 144Hz, HDR10+, 1000 nits","6.67 inches, 107.4 cm2 (~90.4% screen-to-body ratio)","1080 x 2400 pixels, 20:9 ratio (~395 ppi density)",
d96046cd827130339c1b69da002e41fec292546757d9ee9368d68c803af23735,"AMOLED, 1B colors","6.67 inches, 107.4 cm2 (~86.0% screen-to-body ratio)","1080 x 2400 pixels, 20:9 ratio (~395 ppi density)",
ad2ccf137424c140f2282df119ca6396e5c0a5abeca6241e20d976395f839d65,"AMOLED, 90Hz","6.67 inches, 107.4 cm2 (~86.0% screen-to-body ratio)","1080 x 2400 pixels, 20:9 ratio (~395 ppi density)",
