record_key,data_snapshot,name,url,sound_loudspeaker,sound_cable_jack,colors_json,weight,price_json,source_file,file_sha256,completeness_score
89fb0be3058f25b1e5a69120a7cfba9add137e9817a94a06a35bb48433a44365,2026-08-14T19:39:13+00:00,Acer Iconia Talk S,https://www.whatamobile.com.pk/product/acer-iconia-talk-s/,Yes,false,[],Weight Unknown,[25500.0],whatamobile.com.pk/whatamobile__acer-iconia-talk-s.json,7a81ec046f65314fdc5185ad21e95b4844bdfe1836a171e763fa4996cc21855e,0.79167
10f55854f51d5b84e0eb9ed8c639e0f4c3460fdb07ca959f9a14dd063f1443da,2026-08-14T19:38:44+00:00,Acer Liquid Jade 2,https://www.whatamobile.com.pk/product/acer-liquid-jade-2/,Yes,false,[],Weight Unknown,[16600.0],whatamobile.com.pk/whatamobile__acer-liquid-jade-2.json,28ec1bf0eea4f7d4d4645695e073b84b5e1f039e567bafe5ba2d04fb8b31319d,0.66667
1ab5abc8c0748d4ea3403e07fdc56ba5f858590a17d0765c0621e34aa488e6f0,2026-08-14T19:39:34+00:00,Acer Liquid Jade Primo,https://www.whatamobile.com.pk/product/acer-liquid-jade-primo/,Yes,false,[],Weight Unknown,[45000.0],whatamobile.com.pk/whatamobile__acer-liquid-jade-primo.json,a582d4891b701fc481797c05859452e12e3142dda2ac0dd8a8af7952e5ced611,0.79167
96a47a3382828fdb979478b767999c5cbd557d2885034d43c2a8e23508186432,2026-08-14T19:39:04+00:00,Acer Liquid X2,https://www.whatamobile.com.pk/product/acer-liquid-x2/,Yes,false,[],Weight Unknown,[25500.0],whatamobile.com.pk/whatamobile__acer-liquid-x2.json,b49bd1d862ca334ddb56f87da5e3be9b89d010e975c17f51bbd36e6ed6fda6a9,0.79167
5e14850209d299b4bcb3f90ee3fc4a865a149ff35815a25c3084889ff69a11f1,2026-08-14T19:39:24+00:00,Acer Liquid Z6 Plus,https://www.whatamobile.com.pk/product/acer-liquid-z6-plus/,Yes,false,[],Weight Unknown,[26000.0],whatamobile.com.pk/whatamobile__acer-liquid-z6-plus.json,b74bbd2667cc0dc0d84283728b134fb7abfb046aafa1af7d7ef66bcd5f8a8718,0.79167
b8ea81e2546c0beb37a6cc657b95d06d438654532b6e0e9fb9c6a1be22c1bf78,2026-08-14T19:38:55+00:00,Acer Liquid Zest Plus,https://www.whatamobile.com.pk/product/acer-liquid-zest-plus/,Yes,false,[],Weight Unknown,[20500.0],whatamobile.com.pk/whatamobile__acer-liquid-zest-plus.json,ffc889f3a790d5df111938562239257ba844c4c068dcb1366c2461084f1368b7,0.75000
d11260c06a3969df8a383259bff9c146cc7d3d54ebb478dbf8d63fe571079bc5,2026-08-14T19:38:34+00:00,Acer Liquid Zest,https://www.whatamobile.com.pk/product/acer-liquid-zest/,Yes,false,[],Weight Unknown,[16000.0],whatamobile.com.pk/whatamobile__acer-liquid-zest.json,533e481b184abe80831b0939d66c01375ab976b7752e648c66695b36901f8368,0.79167
a4ccf5b003cda08392cea54e8dced13e3d5446161a13a1bab4334d6cf5671a17,2026-08-14T19:46:07+00:00,Apple iPad (2022) 10th Gen Wifi (Silver 64GB + 4GB),https://www.whatamobile.com.pk/product/apple-ipad-2022-10th-gen-wifi-silver-64gb-4gb/,yes,false,[],Weight Unknown,[166000.0],whatamobile.com.pk/whatamobile__apple-ipad-2022-10th-gen-wifi-silver-64gb-4gb.json,707c8cab218364672bfe57f3ef3cd1230a85b8bf4f9d869ab255a97bc98a11b2,0.58333
8318d1d203744d6231230d9449679dae29eb443c175330fbfceb216345eae554,2026-08-14T21:35:28+00:00,Apple iPad (2022) 10th Gen Wifi (Yellow 256GB + 4GB),https://www.whatamobile.com.pk/product/apple-ipad-2022-10th-gen-wifi-yellow-256gb-4gb/,yes,false,[],Weight Unknown,[188000.0],whatamobile.com.pk/whatamobile__apple-ipad-2022-10th-gen-wifi-yellow-256gb-4gb.json,e123b6f433fef7b3e1c043001ef4bc8ecf336c9002ecdfc09727626d59d426a5,0.58333
d604b741be8fd9402ee3bc7e415f85ffc9a8aca019149c7b5bbd0fd5dc2068e0,2026-08-14T19:47:23+00:00,Apple iPad 8th Gen 10.2 inch Wifi (2020) (Silver 128GB + 3GB),https://www.whatamobile.com.pk/product/apple-ipad-8th-gen-10-2-inch-wifi-2020-silver-128gb-3gb/,yes,false,[],Weight Unknown,[105000.0],whatamobile.com.pk/whatamobile__apple-ipad-8th-gen-10-2-inch-wifi-2020-silver-128gb-3gb.json,0d24e62ce7ecf10a9abe7138d66046f7da8ed3702f70e894af4b8e590325b111,0.58333
d40d11115776bcca313f33d43d6119658dd74513b169c236d56de5651e908c7b,2026-08-14T20:58:25+00:00,Apple iPad 8th Gen 10.2 inch Wifi (2020) (Space Gray 32GB + 3GB),https://www.whatamobile.com.pk/product/apple-ipad-8th-gen-10-2-inch-wifi-2020-space-gray-32gb-3gb/,yes,false,[],Weight Unknown,[95000.0],whatamobile.com.pk/whatamobile__apple-ipad-8th-gen-10-2-inch-wifi-2020-space-gray-32gb-3gb.json,2715e1bdb730758480350c87feae6e6629ce04552088ce309590dd9cc3224389,0.58333
0af7fbac62e566ab3fcf6aa8fa1bda477f8c57149d5d03938651c0038a0f8b09,2026-08-14T19:47:04+00:00,Apple iPad 9th Gen 10.2 inch Wifi (2021) (Silver 256GB + 3GB),https://www.whatamobile.com.pk/product/apple-ipad-9th-gen-10-2-inch-wifi-2021-silver-256gb-3gb/,yes,false,[],Weight Unknown,[155000.0],whatamobile.com.pk/whatamobile__apple-ipad-9th-gen-10-2-inch-wifi-2021-silver-256gb-3gb.json,090579b214b1a571985d6aace3a1ef8cb0803be5a822e6469afd27c74b9e3a42,0.58333
8e7eb16b139502b933ca47bb1f3841c51f9676dd5544bb417404a566339d9487,2026-08-14T21:29:42+00:00,Apple iPad 9th Gen 10.2 inch Wifi (2021) (Space Gray 64GB + 3GB),https://www.whatamobile.com.pk/product/apple-ipad-9th-gen-10-2-inch-wifi-2021-space-gray-64gb-3gb/,yes,false,[],Weight Unknown,[115000.0],whatamobile.com.pk/whatamobile__apple-ipad-9th-gen-10-2-inch-wifi-2021-space-gray-64gb-3gb.json,0a60a312b909fd5b71ddde38672d70c407002010298590ee9e25702cf89e1fe1,0.58333
eff47b8d8d4b9e8afc784ac4a87f31c79e368e095990ef228ce41ad5f9fd13a8,2026-08-14T19:46:17+00:00,Apple iPad Air 11th Gen Wifi (2024) (Space Gray 256GB + 8GB),https://www.whatamobile.com.pk/product/apple-ipad-air-11th-gen-wifi-2024-space-gray-256gb-8gb/,yes,false,[],Weight Unknown,[215000.0],whatamobile.com.pk/whatamobile__apple-ipad-air-11th-gen-wifi-2024-space-gray-256gb-8gb.json,ca838390be732df89adc166345ed69e76efb3597117f9b8e80a593dcea381e9e,0.58333
13430ce6ba465dc2ac9b7df2d622991575d16501f61cfb0338818aa4add6e3e2,2026-08-14T19:47:32+00:00,Apple iPad Air 4th Ger 10.9 inch Wifi (2020) (Green 64GB + 4GB),https://www.whatamobile.com.pk/product/apple-ipad-air-4th-ger-10-9-inch-wifi-2020-green-64gb-4gb/,yes,false,[],Weight Unknown,[125000.0],whatamobile.com.pk/whatamobile__apple-ipad-air-4th-ger-10-9-inch-wifi-2020-green-64gb-4gb.json,62ad97b1d6019c2b7f596db926886931d5ebbd1c058e8f7be869834d8ad6fdf9,0.58333
de958bedfa3403bed3b3ee75eaa9418063c255bd018303ad099a5b9d989f78f0,2026-08-14T19:47:43+00:00,Apple iPad Air 4th Ger 10.9 inch Wifi (2020) (Sky Blue 256GB + 4GB),https://www.whatamobile.com.pk/product/apple-ipad-air-4th-ger-10-9-inch-wifi-2020-sky-blue-256gb-4gb/,yes,false,[],Weight Unknown,[140000.0],whatamobile.com.pk/whatamobile__apple-ipad-air-4th-ger-10-9-inch-wifi-2020-sky-blue-256gb-4gb.json,36c857b4691b5c0306e6279deaa73c5016bc0186d2326141b49e97a46d78abe4,0.58333
5681580d9666208260654f2bb29b73e36e4635368857f315278d2cc7364d369f,2026-08-14T21:04:05+00:00,Apple iPad Air 5th Gen 10.9 inch Wifi 2022 (Space Gray 64GB + 8GB),https://www.whatamobile.com.pk/product/apple-ipad-air-5th-gen-10-9-inch-wifi-2022-space-gray-64gb-8gb/,yes,false,[],Weight Unknown,[215000.0],whatamobile.com.pk/whatamobile__apple-ipad-air-5th-gen-10-9-inch-wifi-2022-space-gray-64gb-8gb.json,b570c3fe7554a8301989cb36e1e6e72dba4ecd7ab7aabc68fe063728a9547ce8,0.58333
90ccfa4d7e41e9af9418cf452bb1908c92c14c3d92fdd0f058165ede9b44c116,2026-08-14T20:12:56+00:00,Apple iPad Mini 2,https://www.whatamobile.com.pk/product/apple-ipad-mini-2/,Yes,false,"[""Space Gray Black"",""Silver White""]",Weight Unknown,[45999.0],whatamobile.com.pk/whatamobile__apple-ipad-mini-2.json,60d8f6dc57f4062f2bb3560ee2a11415920e86c68d8d7b7cc43c07187f2a16e4,0.91667
bb6bf428a691043b46f0953521636ea797a84100d9fb5df81f84c573caaefc92,2026-08-14T20:29:40+00:00,Apple iPad mini Wi-Fi (5th generation 2019) (Space Gray 64GB + 3GB),https://www.whatamobile.com.pk/product/apple-ipad-mini-wi-fi-5th-generation-2019-space-gray-64gb-3gb/,yes,false,[],Weight Unknown,[95000.0],whatamobile.com.pk/whatamobile__apple-ipad-mini-wi-fi-5th-generation-2019-space-gray-64gb-3gb.json,5cb013228e3d08211dbad0cafd21ddc2f09863a9f54af94b15b2b7024609cadb,0.58333
721da20b566d5f70b45f47d4779cce2507f04392365684308d4afdd82dab13a3,2026-08-14T19:47:13+00:00,Apple iPad Pro 11 (2021) (Silver 256GB + 8GB),https://www.whatamobile.com.pk/product/apple-ipad-pro-11-2021-silver-256gb-8gb/,yes,false,[],Weight Unknown,[219000.0],whatamobile.com.pk/whatamobile__apple-ipad-pro-11-2021-silver-256gb-8gb.json,c6bc1bfc1dd64c43d6d2646c57714e0140d493d10196bc17c0262bda17e65383,0.58333
081cf621564ae64ef89e327bce62184e08e2a0ae1e749cff58fd4df8a412fe15,2026-08-14T19:46:36+00:00,Apple iPad Pro 11 (2022) 4th Gen Wifi (Silver 128GB + 8GB),https://www.whatamobile.com.pk/product/apple-ipad-pro-11-2022-4th-gen-wifi-silver-128gb-8gb/,yes,false,[],Weight Unknown,[270000.0],whatamobile.com.pk/whatamobile__apple-ipad-pro-11-2022-4th-gen-wifi-silver-128gb-8gb.json,8385b905539913cee1dfe3582a904b246ddb225707ad54249b80cf31903b148e,0.58333
515716c71cfe7cf4036d4bf3644aadc21f583932680401628270244bb0fea200,2026-08-14T19:46:27+00:00,Apple iPad Pro 11 (2022) 4th Gen Wifi (Space Gray 256GB + 8GB),https://www.whatamobile.com.pk/product/apple-ipad-pro-11-2022-4th-gen-wifi-space-gray-256gb-8gb/,yes,false,[],Weight Unknown,[300000.0],whatamobile.com.pk/whatamobile__apple-ipad-pro-11-2022-4th-gen-wifi-space-gray-256gb-8gb.json,f2b70e80c63a61cf0585726ed5ea571d82cb9eb9511dbe4094291ead9202f146,0.58333
839bdd7e7768483e3ea1eed70d48e02c3328061adb49d25b4bd9ecb9ef3569db,2026-08-14T19:46:55+00:00,Apple iPad Pro 12.9 (Wi-Fi 2021) (Space Gray 256GB + 8GB),https://www.whatamobile.com.pk/product/apple-ipad-pro-12-9-wi-fi-2021-space-gray-256gb-8gb/,yes,false,[],Weight Unknown,[272000.0],whatamobile.com.pk/whatamobile__apple-ipad-pro-12-9-wi-fi-2021-space-gray-256gb-8gb.json,62956f9fd62f2f8417b2944a947fb3c32c275e79e52dbd660c05e91394162dec,0.58333
cb505fb59a6612269b895a50cbb91cfc1c1798b8b427ea99f5ae90d7826de72e,2026-08-14T19:46:44+00:00,Apple iPad Pro 6th Generation 12.9 2022 (Space Gray 256GB + 8GB),https://www.whatamobile.com.pk/product/apple-ipad-pro-6th-generation-12-9-2022-space-gray-256gb-8gb/,yes,false,[],Weight Unknown,[342000.0],whatamobile.com.pk/whatamobile__apple-ipad-pro-6th-generation-12-9-2022-space-gray-256gb-8gb.json,6b04cf3100f81dd8130b71ca41d3ddb46555f26c1903b9edd4719fa222f2c162,0.58333
02506b7ad35adb4f01643b5ef1de8b16aeb266c6d54e801f9470276c62ce9db5,2026-08-14T20:22:53+00:00,Apple iPhone 11 Pro Max 256 GB,https://www.whatamobile.com.pk/product/apple-iphone-11-pro-max-256-gb/,Yes,false,"[""Space Gray | Silver | Gold | Midnight Green""]",Weight Unknown,[263500.0],whatamobile.com.pk/whatamobile__apple-iphone-11-pro-max-256-gb.json,1033138d6e4c8a3d9acf33442eded4ee549629a903a860958117a172a7d9821d,0.87500
6c2143c9950d535357c0c72260b653f4cbd0a9172afd546ff0c6d3584d20ae7e,2026-08-14T20:16:35+00:00,Apple iPhone 11 Pro,https://www.whatamobile.com.pk/product/apple-iphone-11-pro/,Yes,false,"[""Matte Silver | Matte Gold | Matte Space Gray | Matte Midnight Green""]",Weight Unknown,[190000.0],whatamobile.com.pk/whatamobile__apple-iphone-11-pro.json,a265c2bdd3ad2bd1057f7f1867017171291f3aae971d05e1d06b613fd70aef94,0.87500
5460f1a1c6f32c0a71488f36d329b80c32b67f908de994a216ea1f051dfd4787,2026-08-14T21:00:18+00:00,Apple iPhone 11,https://www.whatamobile.com.pk/product/apple-iphone-11/,yes,false,"[""Black"",""Green"",""Yellow"",""Purple"",""Red"",""White""]",Weight Unknown,[148999.0],whatamobile.com.pk/whatamobile__apple-iphone-11.json,59ab5d9c1e15a84bcdf4d416c442cf4ef2c8064462ca2fb06b68422781f53a1f,0.83333
4b16ae3f4feb981b0cb90f765b56d335d6c78e083b6413438020b609851f4e54,2026-08-14T22:07:06+00:00,Apple iPhone 12 Pro Max,https://www.whatamobile.com.pk/product/apple-iphone-12-pro-max/,Yes,false,"[""Silver | Graphite | Gold | Pacific Blue""]",Weight Unknown,[298350.0],whatamobile.com.pk/whatamobile__apple-iphone-12-pro-max.json,01ab73f3ac84ebfbd73d2a12c717e3be16e7f1f335656f384db8e1d89f7d16cc,0.87500
caa7523c013768210f76416f31a81dea62e7beade540766fe6d3aa3953ec970f,2026-08-14T17:57:31+00:00,Apple iPhone 13 Pro Max 128 GB,https://www.whatamobile.com.pk/product/apple-iphone-13-pro-128gb/,Yes,false,"[""Graphite | Gold | Silver | Sierra Blue""]",Weight Unknown,[322199.0],whatamobile.com.pk/whatamobile__apple-iphone-13-pro-128gb.json,974475069fdd031ddd5a49da2aa86237d7b47cc88d788ebb334f6a0336f6e32a,0.87500
522cb18175e58841d2d4bbf6d4c95f68e0d2bd339d9bf1dd8a6cc85cb0db9eb9,2026-08-14T21:22:46+00:00,Apple iPhone 13 Pro 256GB,https://www.whatamobile.com.pk/product/apple-iphone-13-pro-256gb/,Yes,false,"[""Graphite | Gold | Silver | Sierra Blue""]",Weight Unknown,[322700.0],whatamobile.com.pk/whatamobile__apple-iphone-13-pro-256gb.json,30d596a676dadb96907236d7b2406e54f45a7056c6f83a689bc2c5f0e97767a5,0.87500
34fb0b1a3e944cab4b5c815de100bba836de57c6798e600469f5170e5291bd69,2026-08-14T18:04:14+00:00,Apple iPhone 13 Pro 128GB,https://www.whatamobile.com.pk/product/apple-iphone-13-pro-512gb-2/,YES,false,"[""Graphite | Gold | Silver | Sierra Blue""]",Weight Unknown,[298000.0],whatamobile.com.pk/whatamobile__apple-iphone-13-pro-512gb-2.json,6fc2be0f8e8847623e49d1cbda785f374462d4b2484e64dd86f67208413a6946,0.87500
1ffcc14fd67b37b583a1ce98ed34fdc0d7ae8ed456e094a5aa3ecdc6dda0943f,2026-08-14T17:57:18+00:00,Apple iPhone 13 Pro 512GB,https://www.whatamobile.com.pk/product/apple-iphone-13-pro-512gb/,YES,false,"[""Graphite | Gold | Silver | Sierra Blue""]",Weight Unknown,[377100.0],whatamobile.com.pk/whatamobile__apple-iphone-13-pro-512gb.json,1bb925073ad1b44e11bc34e27c19bb536548353deff20bdc9a3a60425a86c7c1,0.87500
4a41a080af929274f0d5e7f1e2c44eda91ddc4212dbeff32a3f5ddfc57793a33,2026-08-14T18:04:25+00:00,Apple iPhone 13 Pro Max 1TB,https://www.whatamobile.com.pk/product/apple-iphone-13-pro-max-1tb/,Yes,false,"[""Graphite | Gold | Silver | Sierra Blue""]",Weight Unknown,[453600.0],whatamobile.com.pk/whatamobile__apple-iphone-13-pro-max-1tb.json,ad0cf5f5b8241f4ff4b66a4e695a09153edbb36014ea2bf5c21b8e102e24aa4e,0.87500
6df5d2a54d79e0abf2fc769758e3993a267ea3c872e9d4e830abc8b8dafc7f4c,2026-08-14T20:42:54+00:00,Apple iPhone 13 Pro Max 256 GB,https://www.whatamobile.com.pk/product/apple-iphone-13-pro-max-256-gb/,Yes,false,"[""Graphite | Gold | Silver | Sierra Blue""]",Weight Unknown,[322199.0],whatamobile.com.pk/whatamobile__apple-iphone-13-pro-max-256-gb.json,8a8464b3d453b4f5ae42f48dedd12ac86e43ff2b464f1910fffc3d45430036b2,0.87500
d3fe74475ee1b1e2a75ca1a87d1ccdc08a0adaa7a15038051065a5662f72f1a8,2026-08-14T18:04:34+00:00,Apple iPhone 13 Pro Max 512GB,https://www.whatamobile.com.pk/product/apple-iphone-13-pro-max-512gb/,Yes,false,"[""Graphite | Gold | Silver | Sierra Blue""]",Weight Unknown,[401700.0],whatamobile.com.pk/whatamobile__apple-iphone-13-pro-max-512gb.json,473d022a49f1e23e86a8a97fe3d7b1a8acc1aaef0246e59ef17098a65c313c89,0.87500
21e35f5df545bb335eaa5fef2caad3f13eab25d7c12bb0e3415a029302c53f7d,2026-08-14T20:49:48+00:00,Apple iPhone 14,https://www.whatamobile.com.pk/product/apple-iphone-14-price-in-pakistan/,Yes,false,[],Weight Unknown,[384999.0],whatamobile.com.pk/whatamobile__apple-iphone-14-price-in-pakistan.json,48f089c66c6fa62f4c7ee565f59cdd8aaaba9697a96ad3646c50cd4dd4bd58cd,0.79167
0fc20a18a1401d1be7a24b3a876867ac57d6301b68b4e3851b486d4f73ee5dbe,2026-08-14T20:46:19+00:00,Apple iPhone 14 Pro Max,https://www.whatamobile.com.pk/product/apple-iphone-14-pro-max/,Yes,false,"[""Space Black"",""Silver"",""Gold"",""Deep Purple""]",Weight Unknown,[560300.0],whatamobile.com.pk/whatamobile__apple-iphone-14-pro-max.json,c7c5745a0722d653fe6a06c17048f7c31a2b3e2e01f62c217137f5dbaf7fef77,0.91667
e3f10c57ce1c149bb54bfb6afbc4ca34836538093c5627d828a9243e65434d9b,2026-08-14T21:13:58+00:00,Apple iPhone 14 Pro,https://www.whatamobile.com.pk/product/apple-iphone-14-pro-price-in-pakistan/,Yes,false,[],Weight Unknown,[450000.0],whatamobile.com.pk/whatamobile__apple-iphone-14-pro-price-in-pakistan.json,dd1871cc566ea10d1354307f04a14afba697e846ad306e0007bcd9adf779a962,0.79167
06a6649b5e26b8d4a33fdf32ee338243676e4679c160c9912907513c51b8597b,2026-08-14T21:26:56+00:00,Apple iPhone 15,https://www.whatamobile.com.pk/product/apple-iphone-15-price-in-pakistan/,Yes,false,[],Weight Unknown,[394999.0],whatamobile.com.pk/whatamobile__apple-iphone-15-price-in-pakistan.json,6fb35f9f13f17b967bcbc730101fb2f5a9cb81f4f3b5fdbf1a48769bae3d0745,0.79167
cee13c6009af131fb06a0e875f5e74e496dab44d6daeb4ff1384430b0c37e866,2026-08-14T19:13:24+00:00,Apple iPhone 15 Pro Max,https://www.whatamobile.com.pk/product/apple-iphone-15-pro-max-price-in-pakistan/,Yes,false,[],Weight Unknown,[589999.0],whatamobile.com.pk/whatamobile__apple-iphone-15-pro-max-price-in-pakistan.json,0d9c6dd45051cbbd46650bab334b9becf25a9fb3db7d71476334ecde4518d3d3,0.79167
5d67c462c1796cabfb9355b711318f81d42525d3d2c927c9c182c22c08640fbf,2026-08-14T22:39:29+00:00,Apple iPhone 15 Pro,https://www.whatamobile.com.pk/product/apple-iphone-15-pro-price-in-pakistan/,Yes,false,[],Weight Unknown,[322000.0],whatamobile.com.pk/whatamobile__apple-iphone-15-pro-price-in-pakistan.json,c4b5abd46d51819d44958a5b9a58f45fb17eb758ce7a01a66079aafb4fcaec42,0.79167
adbbcb28bf4ce70739dce2bf78eae8023c397152eb1a8f8f535e9d4d7b98eaa1,2026-08-14T21:59:53+00:00,Apple iPhone 16 Plus,https://www.whatamobile.com.pk/product/apple-iphone-16-plus/,Yes,false,[],Weight Unknown,[369999.0],whatamobile.com.pk/whatamobile__apple-iphone-16-plus.json,6d96fe740a6e3a7b794b54593a791709d9b50abda3b9228e9bdbb09f56c14e92,0.79167
80c0d01c99ce9e0e7bbcfc9c39dfec779235fc5224cfb95e1d4911874a45df91,2026-08-14T20:48:55+00:00,Apple iPhone 16 Pro Max,https://www.whatamobile.com.pk/product/apple-iphone-16-pro-max/,Yes,false,[],Weight Unknown,[569999.0],whatamobile.com.pk/whatamobile__apple-iphone-16-pro-max.json,b102d2bc6814097c284c4fa984b55824c79fc1f6e9bb1d9124ec3620d67d1734,0.79167
845d863045ffa12828830644a2e9c37ee93be1ec432459e418bf5f8e85d2089e,2026-08-14T21:25:14+00:00,Apple iPhone 16 Pro,https://www.whatamobile.com.pk/product/apple-iphone-16-pro/,Yes,false,[],Weight Unknown,[479999.0],whatamobile.com.pk/whatamobile__apple-iphone-16-pro.json,159b71b95483ced47351ed2f7d4501770120f91ad346ce4a7eb0cf1e99e45493,0.79167
7b88f5aa4df7bfc80af9f7be386627bddd9aae3cd3812e496ecdc33ba251d5e1,2026-08-14T22:50:51+00:00,Apple iPhone 16,https://www.whatamobile.com.pk/product/apple-iphone-16/,Yes,false,[],Weight Unknown,[308999.0],whatamobile.com.pk/whatamobile__apple-iphone-16.json,214abe0a6cb67506e4fbccf808fdff0ec4dfa5a506633e4c142273ed1bb6e370,0.79167
c2c91efebf8fbf9c36080bb8471055f87bbe37213dad14f12590770ce1e2833b,2026-08-14T20:09:34+00:00,Apple iPhone 17 256GB – Mist Blue (PTA Approved),https://www.whatamobile.com.pk/product/apple-iphone-17-256gb-mist-blue-pta-approved/,"Yes, with stereo speakers",false,[],Weight Unknown,[391990.0],whatamobile.com.pk/whatamobile__apple-iphone-17-256gb-mist-blue-pta-approved.json,8ade319fbb7537f8960a7c80c8b52f64f40fea627ed07f844a9a28aacfdd1841,0.83333
1ff918dc3044e59c88513e99cb446134d88a493df8e0d3ed261bde40a788a4c2,2026-08-14T20:08:37+00:00,Apple iPhone 17 Pro Max 1TB – Cosmic Orange (PTA Approved),https://www.whatamobile.com.pk/product/apple-iphone-17-pro-max-1tb-cosmic-orange-pta-approved/,"Yes, with stereo speakers",false,[],Weight Unknown,[739990.0],whatamobile.com.pk/whatamobile__apple-iphone-17-pro-max-1tb-cosmic-orange-pta-approved.json,0b39fcf112ecacd7a89d9966da3d81c82a218620c8a3e1ecef12f600c2da7dfe,0.83333
392d5e41791d77e1b786f5a5671fd185675bf3391cb41738db41174d796399cf,2026-08-14T20:09:06+00:00,Apple iPhone 17 Pro Max 256GB – Cosmic Orange (PTA Approved),https://www.whatamobile.com.pk/product/apple-iphone-17-pro-max-256gb-cosmic-orange-pta-approved/,"Yes, with stereo speakers",false,[],Weight Unknown,[545990.0],whatamobile.com.pk/whatamobile__apple-iphone-17-pro-max-256gb-cosmic-orange-pta-approved.json,221288be541e0d02e528d17b90e1a2444c2e8201f8404554c05975378e1bb281,0.83333
14749a9a8983075cd85f8d5c8f574cb9e2e934e155b63e56423d1348692d0990,2026-08-14T20:09:25+00:00,Apple iPhone 17 Pro Max 256GB – Deep Blue (PTA Approved),https://www.whatamobile.com.pk/product/apple-iphone-17-pro-max-256gb-deep-blue-pta-approved/,"Yes, with stereo speakers",false,[],Weight Unknown,[545990.0],whatamobile.com.pk/whatamobile__apple-iphone-17-pro-max-256gb-deep-blue-pta-approved.json,5d51d528f412a9fc6bb53dded40c75ccb416d6f2c202e26c0d3d7747b9a310dc,0.83333
327f6c9435c1ae3171437be22eb0e2f6d033fb0bede337982e9e15c57887c9e0,2026-08-14T20:09:15+00:00,Apple iPhone 17 Pro Max 256GB – Silver (PTA Approved),https://www.whatamobile.com.pk/product/apple-iphone-17-pro-max-256gb-silver-pta-approved/,"Yes, with stereo speakers",false,[],Weight Unknown,[549990.0],whatamobile.com.pk/whatamobile__apple-iphone-17-pro-max-256gb-silver-pta-approved.json,725072cd4b74af53b07c3bb9a30d7f46d48c769dc8b29465e17bef81ba0c4c73,0.83333
9a77be6ba282fbc1ee914949d570b69a7eb529a15c337fa0e0e29fd2223b74f5,2026-08-14T20:08:27+00:00,Apple iPhone 17 Pro Max 2TB – Cosmic Orange (PTA Approved),https://www.whatamobile.com.pk/product/apple-iphone-17-pro-max-2tb-cosmic-orange-pta-approved/,"Yes, with stereo speakers",false,[],Weight Unknown,[874990.0],whatamobile.com.pk/whatamobile__apple-iphone-17-pro-max-2tb-cosmic-orange-pta-approved.json,e0eef4e7932ceb92b2ae69dff88532fe8befd8db5706d3fbeda2a2939059ff53,0.83333
5913e5d09f5ea79d79e6fab8735a8458e9dc5e6269a3d6bed59c9f9afca8962d,2026-08-14T20:08:17+00:00,Apple iPhone 17 Pro Max 2TB – Silver (PTA Approved),https://www.whatamobile.com.pk/product/apple-iphone-17-pro-max-2tb-silver-pta-approved/,"Yes, with stereo speakers",false,[],Weight Unknown,[904990.0],whatamobile.com.pk/whatamobile__apple-iphone-17-pro-max-2tb-silver-pta-approved.json,d15d439b1cdaf949af35c79f756dae1622da0180f1fa9ee61f3d08f0bad90453,0.83333
6d7e2036cb82946deeac379c93dc3e7e36dfba98f5137fd1873b5bca18e8550d,2026-08-14T20:08:57+00:00,Apple iPhone 17 Pro Max 512GB – Cosmic Orange (PTA Approved),https://www.whatamobile.com.pk/product/apple-iphone-17-pro-max-512gb-cosmic-orange-pta-approved/,"Yes, with stereo speakers",false,[],Weight Unknown,[624990.0],whatamobile.com.pk/whatamobile__apple-iphone-17-pro-max-512gb-cosmic-orange-pta-approved.json,90885afaec5829c4be2b5248967406e8f978c3b3a53de1816f57b7ff1a87be6c,0.83333
430109d36c88936c33edde862f998c2db5581ebe66e0bbae5897610e3c787e8a,2026-08-14T20:08:46+00:00,Apple iPhone 17 Pro Max 512GB – Silver (PTA Approved),https://www.whatamobile.com.pk/product/apple-iphone-17-pro-max-512gb-silver-pta-approved/,"Yes, with stereo speakers",false,[],Weight Unknown,[636990.0],whatamobile.com.pk/whatamobile__apple-iphone-17-pro-max-512gb-silver-pta-approved.json,7f4b4f8ac2dcc779041fd164112a584ded14c3e01e0c16c80038bb16c6ee419d,0.83333
cc6fd05b9922d44bfb5e751a02582f67e72dacf4aafe915d330759759aacdc0d,2026-08-14T22:37:36+00:00,Apple iPhone 3G,https://www.whatamobile.com.pk/product/apple-iphone-3g/,Yes,false,[],Weight Unknown,[34600.0],whatamobile.com.pk/whatamobile__apple-iphone-3g.json,0844079258c92f2e25b96889ea1448c62426825659a4dc0b44bffc83fb813236,0.75000
e9e980e6fd7a44ff817edfff8da88eb6875428df5118d257e845ea52e925c031,2026-08-14T17:48:11+00:00,Apple iPhone 5c,https://www.whatamobile.com.pk/product/apple-iphone-5c/,Yes,false,"[""White"",""Blue"",""Green"",""Yellow"",""Pink""]",Weight Unknown,[12999.0],whatamobile.com.pk/whatamobile__apple-iphone-5c.json,95664b83355bbe21955bfe836fe4f2e0cbdc40714c5cb4153a6bdcfd063a2ce2,0.91667
5f2a8b85d7b1dd6afd4df1527bded32cd4a466c97838cb83f7c7ffd9d5c401dd,2026-08-14T17:48:24+00:00,Apple iPhone 5s,https://www.whatamobile.com.pk/product/apple-iphone-5s/,Yes,false,"[""Space Gray"",""White Silver"",""Gold""]",Weight Unknown,[25799.0],whatamobile.com.pk/whatamobile__apple-iphone-5s.json,b0838b78b5275a515879f6a74483d7c6fd4600d6c097efb98b538025a21651a6,0.91667
0889ab0ff62ea85e05112d30c7523874b40e56c98216d3c5f600c57453f7df4f,2026-08-14T21:25:05+00:00,Apple iPhone 6,https://www.whatamobile.com.pk/product/apple-iphone-6/,Yes,false,[],Weight Unknown,[43999.0],whatamobile.com.pk/whatamobile__apple-iphone-6.json,398999642f2a2a9152752793508c9436941481e8acd608709baea2592b3def8d,0.79167
8b4af0a80826212eb090055cb98169da47e0188a3e9ba2f99daf576dcf5b18f3,2026-08-14T21:35:48+00:00,Apple iPhone 7 Plus,https://www.whatamobile.com.pk/product/apple-iphone-7/,Yes,false,"[""Gold"",""Rose Gold"",""Red"",""Jet Black"",""Black"",""Silver""]",Weight Unknown,[85000.0],whatamobile.com.pk/whatamobile__apple-iphone-7.json,61208d3c35913e2b4c97da2cfbd1648817cc7518e5f2692d485bb8456ff8da2e,0.83333
c1f9d3c25514328d0c75d851823b5da85a8e6ea4c086ebb807b01a3bbf8975a8,2026-08-14T19:39:53+00:00,Apple iPhone 7,https://www.whatamobile.com.pk/product/apple-iphone-7p/,Yes,false,"[""Gold"",""Rose Gold"",""Red"",""Jet Black"",""Black"",""Silver""]",Weight Unknown,[74000.0],whatamobile.com.pk/whatamobile__apple-iphone-7p.json,539a9fc2e8747ee30e1c1f755887bf3a33cfe9d18f3392ba4d8e0f5685ba982f,0.83333
cf0f3e18d62f120499de23a8be7d7124982468deb0aead9e7e74076add72589d,2026-08-14T22:30:18+00:00,Apple iPhone 8 Plus,https://www.whatamobile.com.pk/product/apple-iphone-8-plus/,Yes,false,"[""Gold"",""Red"",""Silver"",""Space Gray""]",Weight Unknown,[96000.0],whatamobile.com.pk/whatamobile__apple-iphone-8-plus.json,75cb2270d6a621bb553157b1739e5828421dee59a9e657a349b7a3994b1cb3f9,0.83333
7b6dabedc34c052e0ad29a8e1c055a9949b0c36eb014d36fcc396f78729b3598,2026-08-14T21:02:40+00:00,Apple iPhone 8,https://www.whatamobile.com.pk/product/apple-iphone-8/,Yes,false,"[""Gold"",""Red"",""Silver"",""Space Gray""]",Weight Unknown,[92000.0],whatamobile.com.pk/whatamobile__apple-iphone-8.json,734daf1319a53b34e1675e6f067514a9999bafce61c8b1bd5ee14a58534d21c8,0.83333
f2114405001a17832cad22afc31b84ce29d08b441dc9240443d47ba33f5536b5,2026-08-14T20:09:56+00:00,Apple iPhone Air 256GB – Light Gold (PTA Approved),https://www.whatamobile.com.pk/product/apple-iphone-air-256gb-light-gold-pta-approved/,Yes,false,[],Weight Unknown,[467990.0],whatamobile.com.pk/whatamobile__apple-iphone-air-256gb-light-gold-pta-approved.json,716f450c13fb7798acd830edaadb5ceea916cedcb5bc823dbcac48ef05dc87ba,0.83333
3ba1f5c8672022112c7e0bb3b7fe36916a9f848fa2da6a138851c7425659cadc,2026-08-14T20:09:45+00:00,Apple iPhone Air 256GB – Sky Blue (PTA Approved),https://www.whatamobile.com.pk/product/apple-iphone-air-256gb-sky-blue-pta-approved/,Yes,false,[],Weight Unknown,[467990.0],whatamobile.com.pk/whatamobile__apple-iphone-air-256gb-sky-blue-pta-approved.json,61bdacbeb42bfcd7b045cd1a4c27880042bd758d9329b26359d6b2a1e22d8274,0.83333
7cebedb3d16e7558a15b0a61b43e41f9e1ac860ff0ba9fbe89659c76b093eaf5,2026-08-14T22:03:28+00:00,Apple iPhone Air 256GB – Space Black (PTA Approved),https://www.whatamobile.com.pk/product/apple-iphone-air-256gb-space-black-pta-approved/,Yes,false,[],Weight Unknown,[467990.0],whatamobile.com.pk/whatamobile__apple-iphone-air-256gb-space-black-pta-approved.json,1abb15671d94a34466ad328610400b721792de95995670474c6fa2aded4fc432,0.83333
60c9ee05887b399763c55d76128f0255a2cc155891711036ebdaa3c0d05c5013,2026-08-14T19:38:13+00:00,Apple iPhone SE 2 Plus,https://www.whatamobile.com.pk/product/apple-iphone-se-2-plus/,Yes,false,[],Weight Unknown,[40999.0],whatamobile.com.pk/whatamobile__apple-iphone-se-2-plus.json,150a076751ab75eda53d48a27b76d095fec342a2e3f56c9fd116119eb088bb3f,0.75000
2812e35b7e5faae60483c087694df55152aff6d660721db5de49648b61b97c83,2026-08-14T21:08:21+00:00,Apple iPhone X,https://www.whatamobile.com.pk/product/apple-iphone-x/,Yes,false,"[""Silver"",""Space Gray""]",Weight Unknown,[122000.0],whatamobile.com.pk/whatamobile__apple-iphone-x.json,4a71024f4277380a897a0273adb0c4fcaa2c6bf4196b4a9d776143f0fa7c6bb1,0.79167
82cdcd55c05157ac8c8443af3b38b9e101e7e8a32f18846f07c84c3022811ef1,2026-08-14T19:40:04+00:00,Apple iPhone XR,https://www.whatamobile.com.pk/product/apple-iphone-xr/,Yes,false,"[""Blue"",""Coral"",""White"",""Black"",""Red"",""Yellow""]",Weight Unknown,[127000.0],whatamobile.com.pk/whatamobile__apple-iphone-xr.json,131aa2a3de062c2015bbce7e7a11c541f0c9d1a4d6168a01f95a6cc3c0a76753,0.83333
e88b0e5ad86ef984be04551cb54ea0b8262d1468c21c17f2d1c3914f01dd2fb8,2026-08-14T23:00:37+00:00,Apple iPhone XS Max,https://www.whatamobile.com.pk/product/apple-iphone-xs-max/,Yes,false,"[""Silver"",""Gold"",""Space Gray""]",Weight Unknown,[183000.0],whatamobile.com.pk/whatamobile__apple-iphone-xs-max.json,5ad543e98e939f1eaa0c19f89cddb381ce8e85ce9c52b91edabb70e85642183b,0.83333
e9e52696e5e4636f6e7f4ce9a83a39835dad30ddb6ae8936b8171679648b6864,2026-08-14T21:25:24+00:00,Apple iPhone XS,https://www.whatamobile.com.pk/product/apple-iphone-xs/,Yes,false,"[""Silver"",""Gold"",""Space Gray""]",Weight Unknown,[165000.0],whatamobile.com.pk/whatamobile__apple-iphone-xs.json,ad20f85971c1bbe31396d171ff493897c7c0a89e06adb38fc0231db6cd5899e7,0.83333
3c18888323a10b53653405191eb9f07bd5d7b8ea8536d5d34978f3172396aa04,2026-08-14T20:10:45+00:00,Apple Watch SE 44mm,https://www.whatamobile.com.pk/product/apple-watch-se-44mm/,,false,[],Weight Unknown,[75999.0],whatamobile.com.pk/whatamobile__apple-watch-se-44mm.json,71c4c31a4df981d255748ba59d6e85d939075b5c178b6681d7f378e9e1b99d10,0.08333
b09366f9f4936097e26f795ecfc817666813be2c998319e2c6ba975a545b7953,2026-08-14T20:11:07+00:00,Apple Watch Series 10 Aluminum (42mm),https://www.whatamobile.com.pk/product/apple-watch-series-10-aluminum-42mm/,,false,[],Weight Unknown,[114999.0],whatamobile.com.pk/whatamobile__apple-watch-series-10-aluminum-42mm.json,e896add086e6caa87743e5c6b45615e5b65fd8d5adffc73eb0099cdd963e26b7,0.08333
c81a4dc137ad637c4ebde5b046309fa3a4347c1a0b2c3af081b3007ff9fa1982,2026-08-14T20:11:18+00:00,Apple Watch Series 10 Aluminum (46mm),https://www.whatamobile.com.pk/product/apple-watch-series-10-aluminum-46mm/,,false,[],Weight Unknown,[119999.0],whatamobile.com.pk/whatamobile__apple-watch-series-10-aluminum-46mm.json,39e2cb68e0ea3438d1b5b177529727878666a1e0df90ac206fc9bfaa03e82717,0.08333
739800458e3382dcbf617529a0750dbf9222feb38e1664c4e639aa34fc4c17de,2026-08-14T20:10:56+00:00,Apple Watch Ultra 2 (2024),https://www.whatamobile.com.pk/product/apple-watch-ultra-2-2024/,,false,[],Weight Unknown,[244999.0],whatamobile.com.pk/whatamobile__apple-watch-ultra-2-2024.json,598597a5aa21a39e81e3f979cec8aceb50fbac1d36bf9f879c3e03a31d36e74b,0.08333
2e4c001cb26d24d39ba5d7eb774eaaffd83bfd22dbd494b3ea0da981232db9fe,2026-08-14T20:20:57+00:00,Asus ROG Phone 2,https://www.whatamobile.com.pk/product/asus-rog-phone-2/,Yes,false,[],Weight Unknown,[162000.0],whatamobile.com.pk/whatamobile__asus-rog-phone-2.json,3675d931bab40c398b63e26a357406ecc9e156860c60264d7084144ea51b40d1,0.83333
7d4b6f5bca218fef52eeca993e7b3c919717bd45956659f80e784e34500dd973,2026-08-14T21:46:53+00:00,Asus ROG Phone 3,https://www.whatamobile.com.pk/product/asus-rog-phone-3/,Yes,false,[],Weight Unknown,[159999.0],whatamobile.com.pk/whatamobile__asus-rog-phone-3.json,0f55d53a5e5609cb3123e02f7a324a0a85400326c6d253aa3253a064d76339ce,0.75000
18f1dca050d3aadf36955f6287f7c269f6dc6336f5faae1a355ca236d26ceada,2026-08-14T20:14:56+00:00,Asus ROG Phone 5,https://www.whatamobile.com.pk/product/asus-rog-phone-5/,Yes,false,[],Weight Unknown,[154999.0],whatamobile.com.pk/whatamobile__asus-rog-phone-5.json,d6d6818a82dce63f606df20a19333fcf3413d5b9cace46ca8d01004c33a2da8a,0.83333
19d46271c5f7944569670a6e699ffcb26e2d69cf109a696b577782fbb0f567b8,2026-08-14T22:15:26+00:00,Asus ROG Phone 6 Pro,https://www.whatamobile.com.pk/product/asus-rog-phone-6-pro/,Yes,false,[],Weight Unknown,[294999.0],whatamobile.com.pk/whatamobile__asus-rog-phone-6-pro.json,5856b8d880767a113123f831f57b0e4e9cc44e4bef2317cf5b43c5710e66513e,0.83333
692bcfec6023235df51dc1f413af63543853bb7f0aac0f2d8abec54b878859b8,2026-08-14T20:12:36+00:00,Asus ROG Phone 8 Pro,https://www.whatamobile.com.pk/product/asus-rog-phone-8-pro/,Yes,false,[],Weight Unknown,[194999.0],whatamobile.com.pk/whatamobile__asus-rog-phone-8-pro.json,461300bcf02a96f502cb6bcf7f759d05b265efc38a82a412fe9d0f585471207c,0.83333
66306b5ccfc51ab546616714e5bb1784443848d319950e1db3852aaa2a34e85c,2026-08-14T20:18:35+00:00,Asus ROG Phone 8,https://www.whatamobile.com.pk/product/asus-rog-phone-8/,Yes,false,[],Weight Unknown,[173999.0],whatamobile.com.pk/whatamobile__asus-rog-phone-8.json,dd44f5db7862dc0448c5a3fa6e82a1ef6d9b3d249fd9967adc868132257acd0e,0.83333
f6cd1e6ef962e8b87c0ebe04e8db26055ac1e11787ff7f22fb2e1501cc410b93,2026-08-14T21:48:21+00:00,Asus Zenfone 11 Ultra,https://www.whatamobile.com.pk/product/asus-zenfone-11-ultra/,Yes,false,[],Weight Unknown,[252000.0],whatamobile.com.pk/whatamobile__asus-zenfone-11-ultra.json,b8f3b5e7587345f1e0b16f5618bcf269f64a0ad459677244470500be0530effc,0.83333
daedf67b9fbf008de1546c13692e448d5fc02ff0975c3b3fa80e9241b16c43dd,2026-08-14T19:37:26+00:00,Asus Zenfone 3 Deluxe ZS570KL,https://www.whatamobile.com.pk/product/asus-zenfone-3-deluxe-zs570kl/,Yes,false,[],Weight Unknown,[61499.0],whatamobile.com.pk/whatamobile__asus-zenfone-3-deluxe-zs570kl.json,1e402289f5ac7ce54b7ba3b46f65b9bb82a067c63503df75f13f667dc8502194,0.79167
513be45b3876af7b16eab7c82dfcaab4921798a1d8d6845fd79cb4c9188140c5,2026-08-14T19:37:35+00:00,Asus Zenfone 4 Pro ZS551KL,https://www.whatamobile.com.pk/product/asus-zenfone-4-pro-zs551kl/,Yes,false,[],Weight Unknown,[63000.0],whatamobile.com.pk/whatamobile__asus-zenfone-4-pro-zs551kl.json,ec4f719c08129ee649cf0d4d2558d5110572eb9be5000a4be4e2630ebade02e8,0.79167
67f433cf97c83c8fef76c34884cf6f8b87654688dfa3e5c43eee737c3e8e6d33,2026-08-14T19:37:45+00:00,Asus Zenfone 5Z,https://www.whatamobile.com.pk/product/asus-zenfone-5z/,Yes,false,[],Weight Unknown,[76100.0],whatamobile.com.pk/whatamobile__asus-zenfone-5z.json,cd409d58d969c521e3104879968ee24cf299ab100d38a05a9079e923bb14b60f,0.79167
2c027c029bd4758cc87aac4f7ff6f473fafee32760e77491159644044525be52,2026-08-14T19:37:55+00:00,Asus Zenfone 6,https://www.whatamobile.com.pk/product/asus-zenfone-6/,Yes,false,[],Weight Unknown,[84999.0],whatamobile.com.pk/whatamobile__asus-zenfone-6.json,4a45eb8d99d3bcab8a0fce4e5dda1469ae62f1458a1da3eed336496e6aeda88a,0.79167
5075fd76a723d4ea6286b592cebd441387a4a8823bffe571b417f69a5848b736,2026-08-14T19:38:04+00:00,Asus Zenfone 7 Pro,https://www.whatamobile.com.pk/product/asus-zenfone-7-pro/,Yes,false,[],Weight Unknown,[109000.0],whatamobile.com.pk/whatamobile__asus-zenfone-7-pro.json,219a331a0f395e584bbea8c40aa04100f32ee57a88aa2b035b72fb355b4bc0c4,0.83333
24ca5ffc74b10116c4f44ab9b32b3e19c2988b405fdd2d3a2b5c7ac9443f7fc1,2026-08-14T17:51:53+00:00,Asus Zenfone 7,https://www.whatamobile.com.pk/product/asus-zenfone-7/,Yes,false,[],Weight Unknown,[95999.0],whatamobile.com.pk/whatamobile__asus-zenfone-7.json,e287a34f09ed4e07df00bec6c071fa9b0ef110b6228833e74bc5583310f9610c,0.83333
40edcff1108d8943ee6b9c401dab620bd0ed9b2a4124a69b4da02ec69317a471,2026-08-14T19:37:15+00:00,Asus Zenfone Zoom ZX551ML,https://www.whatamobile.com.pk/product/asus-zenfone-zoom-zx551ml/,Yes,false,[],Weight Unknown,[48499.0],whatamobile.com.pk/whatamobile__asus-zenfone-zoom-zx551ml.json,58d95fd9afa818894b308b97f985af23ff6aff1ae067f50ecc801e611d2b15ab,0.79167
d8e33b8054afe479068ab0b38db7080b5a6cfa6b62633469fd144633ed94192a,2026-08-14T19:36:44+00:00,BlackBerry Aurora,https://www.whatamobile.com.pk/product/blackberry-aurora/,Yes,false,[],Weight Unknown,[28889.0],whatamobile.com.pk/whatamobile__blackberry-aurora.json,79f53f2353daf5b5281968f4497c0f94ed47ca0484921dfcf64264aab6bfdda4,0.79167
d398474583d108ccb1f6c506a9957b1252885f97765fc456d9d792aedff4ece1,2026-08-14T19:37:03+00:00,BlackBerry Evolve X,https://www.whatamobile.com.pk/product/blackberry-evolve-x/,Yes,false,[],Weight Unknown,[67000.0],whatamobile.com.pk/whatamobile__blackberry-evolve-x.json,16c2342a5e1fb341a1b1bf309aa7b13f990f8841b8ca1355d5beb600ea34aa86,0.79167
e1507b3f3353c86889c8c6e44e9adc05e7c42a86516e525218071c077a21567a,2026-08-14T19:36:53+00:00,BlackBerry Evolve,https://www.whatamobile.com.pk/product/blackberry-evolve/,Yes,false,[],Weight Unknown,[57999.0],whatamobile.com.pk/whatamobile__blackberry-evolve.json,5a03a2b46a95e010f34e4309bb96225e2f5aa683bcf9a36e5132c102f477f332,0.79167
62f63bdae5cccf9b9da08d302f4137f8fd6b46de33a5f620cb6ef441164f9d6f,2026-08-14T20:22:16+00:00,BlackBerry KEY2 LE,https://www.whatamobile.com.pk/product/blackberry-key2-le/,Yes,false,[],Weight Unknown,[53000.0],whatamobile.com.pk/whatamobile__blackberry-key2-le.json,7ec962c624a91be15fbf0c3c141948c4996470e3b98aa9965629c27c5161f3a5,0.83333
b045e43e9a67442446eb6faf5d769473da3b5df36dd3080c802feaa5b6c1ca71,2026-08-14T22:05:20+00:00,Blackberry Key2,https://www.whatamobile.com.pk/product/blackberry-key2/,Yes,false,[],Weight Unknown,[102999.0],whatamobile.com.pk/whatamobile__blackberry-key2.json,439cf8a256f9350148ee36be75867f46919b55e82d948e0df2c7737029b62e9b,0.79167
86641e5ace506b05390daa2a0e906ab59615dfd339fa1cdf128e6a0568538bf2,2026-08-14T18:29:37+00:00,BlackBerry Keyone,https://www.whatamobile.com.pk/product/blackberry-keyone/,N/A,false,[],Weight Unknown,[55490.0],whatamobile.com.pk/whatamobile__blackberry-keyone.json,e90cc7c4d82ee64250047220d5d6ce33e1f01497501ded9a5a3f18e9efbe7a7d,0.83333
645966fc9a38a1507c06d9241fc5e7e97e9919f08bc333beed91d47ce563c282,2026-08-14T22:01:02+00:00,BlackBerry Priv,https://www.whatamobile.com.pk/product/blackberry-priv/,Yes,false,[],Weight Unknown,[44000.0],whatamobile.com.pk/whatamobile__blackberry-priv.json,9cfdf6e91ed9d3994cbc63a321cc8e9c6077f6f131be7cd87aed1106c49ea6ee,0.83333
a08ee630e4708d2ce2c7d8d0f774907c4fd616de99a6ebfa35e6dd3e08e11d30,2026-08-14T21:12:17+00:00,BlackBerry Z10,https://www.whatamobile.com.pk/product/blackberry-z10/,N/A,false,[],Weight Unknown,[9990.0],whatamobile.com.pk/whatamobile__blackberry-z10.json,0b41716780d8b7dca83fedc322252bcf580c9f6d6f5350d9926e406ebe4d69de,0.79167
559642f522b389c80dc90aef3150986c741eb21491dc9d88aabb5b2a4b6c66c2,2026-08-14T19:36:31+00:00,BlackBerry Z30,https://www.whatamobile.com.pk/product/blackberry-z30/,Yes,false,[],Weight Unknown,[22490.0],whatamobile.com.pk/whatamobile__blackberry-z30.json,8f2f5cae7a3773b0d5495c285530add038ad6f6d25462ff81f9842d2bcf7585d,0.79167
c69bd4be28f45b0ddf5efb66a795bd0969045cce23b214d965236619ee67a13f,2026-08-14T19:44:49+00:00,Apple iPhone 11 Pro Max 512GB,https://www.whatamobile.com.pk/product/cloned-apple-iphone-11-pro-max-512gb/,Yes,false,"[""Space Gray | Silver | Gold | Midnight Green""]",Weight Unknown,[302500.0],whatamobile.com.pk/whatamobile__cloned-apple-iphone-11-pro-max-512gb.json,bd74afae7481d5ec819b4d79598ede1e51805b4641d5e65da976df1a88fe8e6c,0.87500
d756780f4888a45a79a0a80d6cf7f44c889ee469918541c0a1775e8b566c1632,2026-08-14T19:44:58+00:00,Apple iPhone 11 Pro Max 64 GB,https://www.whatamobile.com.pk/product/cloned-apple-iphone-11-pro-max-64gb/,Yes,false,"[""Space Gray | Silver | Gold | Midnight Green""]",Weight Unknown,[234500.0],whatamobile.com.pk/whatamobile__cloned-apple-iphone-11-pro-max-64gb.json,4d8501fc9db4824cf6fe509a1b39c5fe5aa7bee270aacb64f634085f42cf6308,0.87500
27a8bd288266f5a7c571afc3974e20a838466aa4882446b112c1c39b6be06a58,2026-08-14T17:57:53+00:00,Cygnal 2 LITE,https://www.whatamobile.com.pk/product/cygnal-2-lite/,YES,false,"[""Denim Blue | Morning Blue | Mint Green | Gunmetal Gray""]",Weight Unknown,[21499.0],whatamobile.com.pk/whatamobile__cygnal-2-lite.json,cc23d6f6474175a85faae71bb5091637ec44255b15fb0df6971c8738eca1054d,0.83333
2aa2e2c3e52e0231ba84fc47b9c545aae7cf00d42928743eb391622ea9652bf5,2026-08-14T17:58:05+00:00,Cygnal 2 Pro,https://www.whatamobile.com.pk/product/cygnal-2-pro/,Yes,false,"[""Midnight Blue | Mint Green | Vanilla Gold | Scarlet Red""]",Weight Unknown,[27999.0],whatamobile.com.pk/whatamobile__cygnal-2-pro.json,5ab6dfc2dd8b035ba24f298b5462fef3441236a2153dddd6b85dc9191da305c4,0.87500
339bf7557a0c02b189ef72fcc88f69e6b77e0fa00501d002de584e7c832b8944,2026-08-14T22:00:13+00:00,Dcode bold 2,https://www.whatamobile.com.pk/product/dcode-bold-2/,Yes,false,"[""Midnight | Morning Blue | Mint Green""]",Weight Unknown,[32499.0],whatamobile.com.pk/whatamobile__dcode-bold-2.json,af50190d44769a5a977780c918dbac713f977819e01a9f8c708ea8fb9021a466,0.87500
ff1c8e2b029db778a389c970830a5d5f348f4b0907e04dd0938fb2df3319ecb3,2026-08-14T21:37:58+00:00,Dcode Bold,https://www.whatamobile.com.pk/product/dcode-bold/,Yes,false,"[""Teal | Iron Black""]",Weight Unknown,[20999.0],whatamobile.com.pk/whatamobile__dcode-bold.json,047d0bd58b9801aaee015b1e3f4408d842a72de954485872efc604a29afe13b4,0.87500
167548727a53d29ee84d1aa9384cd87fefa0d21e0170b20676ec2535e8911dd6,2026-08-14T21:44:43+00:00,Dcode Cygnal,https://www.whatamobile.com.pk/product/dcode-cygnal/,Yes,false,"[""Various""]",Weight Unknown,[16999.0],whatamobile.com.pk/whatamobile__dcode-cygnal.json,22e20dc3d1fc1551a5441adb510c03edea389509879726e900de8bf2d4181032,0.87500
1f59563228efc1b504001f2e22f9c15d27681bbae16cc6d100d813c47ec341d6,2026-08-14T21:17:18+00:00,Dcode Cypher,https://www.whatamobile.com.pk/product/dcode-cypher/,Yes,false,"[""Shadow Black""]",Weight Unknown,[27999.0],whatamobile.com.pk/whatamobile__dcode-cypher.json,321f434071a97377335f3786f9485a0bbd5260a7f16a1a9618cf57aff71e3fbc,0.87500
67bf3dacc4edde4dfad10eafebbba4f1ed0a6f9ff82f1ba304e1cf4ef3b088da,2026-08-14T17:51:43+00:00,Dcode X,https://www.whatamobile.com.pk/product/dcode-x/,Yes,false,"[""Imperial Purple | Space Gray""]",Weight Unknown,[40000.0],whatamobile.com.pk/whatamobile__dcode-x.json,407f24d64f4cf6079c3e128413e452c991b03ce4a6d839c4680eb2540f3ec8d8,0.87500
fc2d9eb5ae0a4698ce758e03b7bed883e7c8362248a3eb8701dbc7014e8ecd3d,2026-08-14T18:26:24+00:00,Dell Venue 10 7000,https://www.whatamobile.com.pk/product/dell-venue-10-7000/,Yes,false,[],Weight Unknown,[48500.0],whatamobile.com.pk/whatamobile__dell-venue-10-7000.json,4810cd32371b6de776c435dda6573d869dc8579edc1791265cb9c17c97ca5aee,0.79167
c1b780b4f16fc0086c196fb0ea1b15b1663f156ae606ec4758c371f196a1ec20,2026-08-14T18:25:50+00:00,Dell Venue 7,https://www.whatamobile.com.pk/product/dell-venue-7/,Yes,false,[],Weight Unknown,[19000.0],whatamobile.com.pk/whatamobile__dell-venue-7.json,0dfe7ef325f3bc1556e8316badfe7947859ca10eb5a6005cfa758c4b830ef7fa,0.79167
3f194c532b54b54c2590f8fbf39ed973e9056b30f29a92d8786d7a827b0e1aa1,2026-08-14T18:26:12+00:00,Dell Venue 8 7000,https://www.whatamobile.com.pk/product/dell-venue-8-7000/,Yes,false,[],Weight Unknown,[31000.0],whatamobile.com.pk/whatamobile__dell-venue-8-7000.json,1438fcfe732b7f47c63f5a0dc00c9404496cb964a17fdc884416c69484ee2899,0.79167
31111fb454974bcd124e82149a4252123526192062e863700d9e29527e37b5e0,2026-08-14T18:26:02+00:00,Dell Venue 8,https://www.whatamobile.com.pk/product/dell-venue-8/,Yes,false,[],Weight Unknown,[24690.0],whatamobile.com.pk/whatamobile__dell-venue-8.json,61eecdc3cee4673a86b8734df213e4eb26de82ca3c06311da682303f00a8043c,0.79167
7e8df2c11a8e0ad4c85baefd46c61407257bc82dc12a3863ec6f80b64de27e8a,2026-08-14T18:26:36+00:00,Dell Xcd35,https://www.whatamobile.com.pk/product/dell-xcd35/,Yes,false,[],Weight Unknown,[30799.0],whatamobile.com.pk/whatamobile__dell-xcd35.json,d8d9a99cc1f9020b32270b77ff2bfcd970ce95e2c2fc5d9c160dc7811dbc4423,0.79167
cbb8f8b52ca8901539e4e697a66be431d92539ccf7abc4f2547185d5d5368d60,2026-08-14T21:18:23+00:00,Dell Xps 10,https://www.whatamobile.com.pk/product/dell-xps-10/,Yes,false,[],Weight Unknown,[48000.0],whatamobile.com.pk/whatamobile__dell-xps-10.json,d748b21b2e51cdfb2758aa0d65bdb072d1b9e41654056c6d3bcc3f342c5d4e04,0.79167
153738a46672e40f6efe03e2d952007e89dd2781381e179e7b3d95938890ce9a,2026-08-14T18:23:42+00:00,Energizer Energy E401,https://www.whatamobile.com.pk/product/energizer-energy-e401/,Yes,false,[],Weight Unknown,[31135.0],whatamobile.com.pk/whatamobile__energizer-energy-e401.json,f0ea41b7ccb56f94d7e0f05c6571b468251facdcf2f3461734f5ea4a18b18dd0,0.79167
4111c9622f8f1f953a33807c8a5e3fe4940a34a101ca7a323e20cab177facc41,2026-08-14T18:22:44+00:00,Energizer Energy E500,https://www.whatamobile.com.pk/product/energizer-energy-e500/,Yes,false,[],Weight Unknown,[14800.0],whatamobile.com.pk/whatamobile__energizer-energy-e500.json,15c4469f7a0ae9ff131c2771700cd1226420fb426d4d44814f84deaf4671eada,0.79167
6d9124e94cd97e83d853b1ef27cc76824715380b78693e2b0e42bd8584d8023b,2026-08-14T18:22:55+00:00,Energizer Energy E500S,https://www.whatamobile.com.pk/product/energizer-energy-e500s/,Yes,false,[],Weight Unknown,[2000.0],whatamobile.com.pk/whatamobile__energizer-energy-e500s.json,34a177d65bccff14f54d2c854dca2a41e539705d9f01e77ee7e7bb6c7ef1001d,0.79167
e7bece99511b77e336ff7e0380eb4b348316d331003f7240401976e2e9f5d8ec,2026-08-14T18:23:30+00:00,Energizer Energy E551S,https://www.whatamobile.com.pk/product/energizer-energy-e551s/,Yes,false,[],Weight Unknown,[8000.0],whatamobile.com.pk/whatamobile__energizer-energy-e551s.json,e22942d3bd21ef106766ea496cef4619c61e93ca9bb89cb71fdeaaa904571403,0.79167
d7b63138525193a949a3a771ff18cffa05ed166e34ddf55d573a8c2aaaf00f18,2026-08-14T18:21:35+00:00,Energizer Energy S500E,https://www.whatamobile.com.pk/product/energizer-energy-s500e/,Yes,false,[],Weight Unknown,[11000.0],whatamobile.com.pk/whatamobile__energizer-energy-s500e.json,764500ebdd3886920be46007b08a665b3856227bf2dd7cb67823df2ae81df5d9,0.79167
eaa695a1accc76182c363e9e6f1b92d9bec096ad4c0e991190072d7409ea860d,2026-08-14T18:21:46+00:00,Energizer Energy S550,https://www.whatamobile.com.pk/product/energizer-energy-s550/,Yes,false,[],Weight Unknown,[20000.0],whatamobile.com.pk/whatamobile__energizer-energy-s550.json,2fa4a45052823eac097b68a25b3d95330cad925d2392f4da63d17e165896b640,0.79167
2a24f91db5bc247e1cfdb459f6f8e75c3c169f4bb8fb3fda99b9f65ea3ac9b74,2026-08-14T18:25:15+00:00,Energizer Hard Case G5,https://www.whatamobile.com.pk/product/energizer-hard-case-g5/,Yes,false,[],Weight Unknown,[94000.0],whatamobile.com.pk/whatamobile__energizer-hard-case-g5.json,06788fa44a6e65af7330bd8b5246554dcc2b071d70e50b499eb57fe7745257b1,0.79167
74915d54d45db4cd866cc57c7c05edd9e67628ff826d2e704da771b2970c5a81,2026-08-14T18:22:31+00:00,Energizer Hardcase H500S,https://www.whatamobile.com.pk/product/energizer-hardcase-h500s/,Yes,false,[],Weight Unknown,[18000.0],whatamobile.com.pk/whatamobile__energizer-hardcase-h500s.json,d5769e1fcd9c661f8356f343210d4f9d662a07443a6ad746e33a07f21bea7ba5,0.79167
a2f6378a71dccdb937a96e97cc38939801a6649ae3ffc53a857ea27cacb4ca3d,2026-08-14T18:24:30+00:00,Energizer Hardcase H501S,https://www.whatamobile.com.pk/product/energizer-hardcase-h501s/,Yes,false,[],Weight Unknown,[16000.0],whatamobile.com.pk/whatamobile__energizer-hardcase-h501s.json,2bdf0b96d116a4e1e8ab39c225ab9f7a3e23e9727d51aacab422000c3739f7a8,0.79167
e6b52fe8623cd477ff8a71f2ae469a9743b7ec2c143b2a7e58ec4f9be00e0a95,2026-08-14T18:22:09+00:00,Energizer Hardcase H550S,https://www.whatamobile.com.pk/product/energizer-hardcase-h550s/,Yes,false,[],Weight Unknown,[42000.0],whatamobile.com.pk/whatamobile__energizer-hardcase-h550s.json,b2388a008d0a32b01926c1c3e5228333814beabc728d666b87f9916cef7e00b1,0.79167
a1dbcc8e7db3366c8288118b0d41fa71329bb0dbd9590b7eb6f3d126fddbe4bd,2026-08-14T18:25:03+00:00,Energizer Hardcase H570S,https://www.whatamobile.com.pk/product/energizer-hardcase-h570s/,Yes,false,[],Weight Unknown,[13000.0],whatamobile.com.pk/whatamobile__energizer-hardcase-h570s.json,e6687938932cb5ab79c84a73262ec92942627e2dbb08e7c7b97830816a3002d2,0.79167
be1b579898bc562172ad1cafd7ca0b52000cc7b15d85e5a20570a76d7bdc3ab6,2026-08-14T18:21:22+00:00,Energizer Hardcase H591S,https://www.whatamobile.com.pk/product/energizer-hardcase-h591s/,Yes,false,[],Weight Unknown,[8000.0],whatamobile.com.pk/whatamobile__energizer-hardcase-h591s.json,33803cf6a9ac48e5cb186d623b8a761c7a80d14bc2e5f19cd58eeaf3eb7e3de3,0.79167
2bd2708024f82446d9e2bdcb336322feb57824fa3c1fc638e33ef083b94ac3c9,2026-08-14T18:22:20+00:00,Energizer Power Max P16K Pro,https://www.whatamobile.com.pk/product/energizer-power-max-p16k-pro/,Yes,false,[],Weight Unknown,[62000.0],whatamobile.com.pk/whatamobile__energizer-power-max-p16k-pro.json,d48762325dcaa915aadd1e90ac07a26ee4f8fce077aeaf93532ba0a2a8de2710,0.79167
05c1c5cd65c6fbe16ad908fa1189ca96d2b51009b873113af6c22fdf99413261,2026-08-14T22:14:17+00:00,Energizer Power Max P18K Pop,https://www.whatamobile.com.pk/product/energizer-power-max-p18k-pop/,Yes,false,[],Weight Unknown,[60000.0],whatamobile.com.pk/whatamobile__energizer-power-max-p18k-pop.json,7a080a35a323d497d0a04110006ac6a1a2a9d21ab4855cdca1e30e05697df5f8,0.79167
213018b2eac5bf9e7b4556ee55ab85c4a2d3eb3d5229475db5300f8ab37b9d7e,2026-08-14T18:23:06+00:00,Energizer Power Max P490,https://www.whatamobile.com.pk/product/energizer-power-max-p490/,Yes,false,[],Weight Unknown,[17500.0],whatamobile.com.pk/whatamobile__energizer-power-max-p490.json,bf1a139827bffe11b7de7da77613cf3bec0d1659d1644b68c90be7f436dd3509,0.79167
be482602d3d2756ef3feafb5176639468ce8743666d5f6da31a62f37b4f179b8,2026-08-14T18:23:19+00:00,Energizer Power Max P490S,https://www.whatamobile.com.pk/product/energizer-power-max-p490s/,Yes,false,[],Weight Unknown,[17500.0],whatamobile.com.pk/whatamobile__energizer-power-max-p490s.json,8cfd820df2d2b7f35d3b6b6010949012f3df48fe7ee5cbe196b106ebda95a7b4,0.79167
6e035c003e2ba9d5c0bbb3eb2d8d4915213bab7842197fbd2d17a2b97b8992be,2026-08-14T18:21:58+00:00,Energizer Power Max P550S,https://www.whatamobile.com.pk/product/energizer-power-max-p550s/,Yes,false,[],Weight Unknown,[41000.0],whatamobile.com.pk/whatamobile__energizer-power-max-p550s.json,64e7c4afffc52812edabfb266c993748df323ad457a1d8788234f19c323f1dec,0.79167
e49fb27a2cf7cc64aac4efc4ad0c1e2597bd5ed6069957dc8841dc3cc0aea35c,2026-08-14T18:04:55+00:00,Energizer Power Max P600S,https://www.whatamobile.com.pk/product/energizer-power-max-p600s/,Yes,false,[],Weight Unknown,[86000.0],whatamobile.com.pk/whatamobile__energizer-power-max-p600s.json,ad9efa23ec6892ff3b4f641e48ef6ebf2f81a99a90a272c96bf0dc31a13d0164,0.79167
3732ab2a6c12e102f7c5dffe1e2010e20f1454504ae3b684632afc3ae875e8aa,2026-08-14T18:25:39+00:00,Energizer U683S,https://www.whatamobile.com.pk/product/energizer-u683s/,Yes,false,[],Weight Unknown,[24900.0],whatamobile.com.pk/whatamobile__energizer-u683s.json,cd1ff33affbb373845dd6f0bf4d71aaa0f3961a8b7a64be14bde5a9d920dc88e,0.79167
22341b083d1e5fbac673871d68f14e0720fd9afdeecc75abb303644c6b0999e8,2026-08-14T18:25:29+00:00,Energizer Ultimate U505s,https://www.whatamobile.com.pk/product/energizer-ultimate-u505s/,Yes,false,[],Weight Unknown,[20499.0],whatamobile.com.pk/whatamobile__energizer-ultimate-u505s.json,fe674f466a6ff45518d4a1cb155f4700ea436fe98b4e83a86e6de7277ce9bd74,0.79167
2719d3f5f931568d8033f27678c86dbaf63ccea7de667d6c8b85c6ea77ac3c74,2026-08-14T18:24:07+00:00,Energizer Ultimate U570S,https://www.whatamobile.com.pk/product/energizer-ultimate-u570s/,Yes,false,[],Weight Unknown,[12000.0],whatamobile.com.pk/whatamobile__energizer-ultimate-u570s.json,7a168f973236d93d3cbefdef0a35335e263857c827e8c574b056f2253b0ee0d7,0.79167
71e71e29ecfa4642e1a810b7f580aa50ba32991827b22022afc13e363cdbfb48,2026-08-14T18:24:19+00:00,Energizer Ultimate U620S,https://www.whatamobile.com.pk/product/energizer-ultimate-u620s/,Yes,false,[],Weight Unknown,[22000.0],whatamobile.com.pk/whatamobile__energizer-ultimate-u620s.json,4125d7b6e45d74caf04be49106b93207f3975c1ea4bf1197a83ca764ad36ecfd,0.79167
17524ffe1c948f79c777d518b03175e91bd11c13acf504a07722c9f76d94a651,2026-08-14T18:24:41+00:00,Energizer Ultimate U630S Pop,https://www.whatamobile.com.pk/product/energizer-ultimate-u630s-pop/,Yes,false,[],Weight Unknown,[30000.0],whatamobile.com.pk/whatamobile__energizer-ultimate-u630s-pop.json,8f5c1a38cf0432d40f0cdf4a0cccfc40f695aef6fa8825dd85baf7238dae514a,0.79167
919b782dc31330c0b4cf91c2ba97312857890e6c226ecba570d0b0520aad6c18,2026-08-14T18:24:53+00:00,Energizer Ultimate U650S,https://www.whatamobile.com.pk/product/energizer-ultimate-u650s/,Yes,false,[],Weight Unknown,[28000.0],whatamobile.com.pk/whatamobile__energizer-ultimate-u650s.json,3a74644e37798d72104020dda753a380cf23fbb0ab3732dbd86ef2469138eb93,0.79167
562b4c2c162e7baeb4e9666c6cd2c3738b4828d6bb03a86ad017099e8c036322,2026-08-14T21:53:05+00:00,Energizer Ultimate U710S,https://www.whatamobile.com.pk/product/energizer-ultimate-u710s/,Yes,false,[],Weight Unknown,[32000.0],whatamobile.com.pk/whatamobile__energizer-ultimate-u710s.json,6eff0d7538b6434b2703a927320a478bb9826a68d2269164321c529dc34bd3dd,0.79167
0f2ab4329ae6be416302e1b912f18f55d3b671273060328f8d9be18479dcfad7,2026-08-14T21:10:07+00:00,G8x ThinQ,https://www.whatamobile.com.pk/product/g8x-thinq-price-in-pakistan/,Yes,false,[],Weight Unknown,[48999.0],whatamobile.com.pk/whatamobile__g8x-thinq-price-in-pakistan.json,692ce180446c14e4eca06800266f9a4f992de392c26446971e2960461acc5cb8,0.79167
b0176a9e9ead9203d9ba3ceb956592aee8a32533ae13f26849002cddde8fdbf3,2026-08-14T19:27:25+00:00,Gfive G6 Plus,https://www.whatamobile.com.pk/product/gfive-g6-plus/,Yes,false,[],Weight Unknown,[6000.0],whatamobile.com.pk/whatamobile__gfive-g6-plus.json,a00055df97f09399412c09736271eedc1d3e9f7c1fc975cc41c8610eff8b2f68,0.66667
31194bf3667568c9af7137dad43d65001bd9ec8217d87560386a29ca4598f8c7,2026-08-14T19:35:43+00:00,Gigabyte GSmart Classic Lite,https://www.whatamobile.com.pk/product/gigabyte-gsmart-classic-2/,Yes,false,[],Weight Unknown,[8800.0],whatamobile.com.pk/whatamobile__gigabyte-gsmart-classic-2.json,64a3bbd5b42d4d719b2ca185fc5a9dc197102b0ef4fc286489ec95051f0f7595,0.79167
d5e43000b6e1e0ac57a91cf4d1c9a2ea7d0e5c7d92ea1d2c8b248d3b4e9eb776,2026-08-14T17:52:06+00:00,Gigabyte GSmart Classic,https://www.whatamobile.com.pk/product/gigabyte-gsmart-classic/,Yes,false,[],Weight Unknown,[10800.0],whatamobile.com.pk/whatamobile__gigabyte-gsmart-classic.json,9c3f42b6cedd3671412ae6adfc9b2d3f9a646eabffacb565e6703c0d3daafb86,0.79167
e3242e54782879abbc7cf496c131b9ae1702ca0f2560ccaba03b7fcc6fbda168,2026-08-14T19:35:19+00:00,Gigabyte GSmart Essence 4,https://www.whatamobile.com.pk/product/gigabyte-gsmart-essence-4/,Yes,false,[],Weight Unknown,[6800.0],whatamobile.com.pk/whatamobile__gigabyte-gsmart-essence-4.json,a02c7b4ff0a02fce20329e06b4108e03dd6eb048734b643446f1b12852a784af,0.79167
849a5216bf430ebc7cb1b8937eadc568d2de0550b3562012153790dac7815eee,2026-08-14T19:35:30+00:00,Gigabyte GSmart Essence,https://www.whatamobile.com.pk/product/gigabyte-gsmart-essence/,Yes,false,[],Weight Unknown,[7800.0],whatamobile.com.pk/whatamobile__gigabyte-gsmart-essence.json,061c2175d0635427fc12914901d6a9ae0e500b6831bf777039ecf7410dc09e0e,0.79167
cd4a647a657cb18fc1e9ef085fe50dd1bae6925c95c8640f0f1c1d38db1f265f,2026-08-14T17:52:16+00:00,Gigabyte GSmart Guru GX,https://www.whatamobile.com.pk/product/gigabyte-gsmart-guru-gx/,Yes,false,[],Weight Unknown,[35000.0],whatamobile.com.pk/whatamobile__gigabyte-gsmart-guru-gx.json,55a9945556263266c4d967a73aa0cd8b6fb57c97459b0da7e2cc271a90bdbc6d,0.79167
020d8b395b78e27485dfbdbda6918fb04f1212649c35529168acbf63d325422e,2026-08-14T19:35:54+00:00,Gigabyte GSmart GX2,https://www.whatamobile.com.pk/product/gigabyte-gsmart-gx2/,Yes,false,[],Weight Unknown,[12100.0],whatamobile.com.pk/whatamobile__gigabyte-gsmart-gx2.json,78f1aca6d67d8051a68526a83c4f2dbc290487500c5292ff7c045bc81d179ff3,0.79167
ed0beedf46c11b29130cf83a302ce80c54b035b75899b92e0575d6eacf439064,2026-08-14T19:36:18+00:00,Gigabyte GSmart Mika M3,https://www.whatamobile.com.pk/product/gigabyte-gsmart-mika-m3/,Yes,false,[],Weight Unknown,[31000.0],whatamobile.com.pk/whatamobile__gigabyte-gsmart-mika-m3.json,5317b4221c6c7d8ef534f9ebf8491cb0bdfea9ae7f4e15b2518630d12f33d599,0.79167
d3ffc6e6202afa5812baccf69318765b35854b5bb66f37c28d7939d070ebd5eb,2026-08-14T19:36:05+00:00,Gigabyte GSmart Roma RX,https://www.whatamobile.com.pk/product/gigabyte-gsmart-roma-rx/,Yes,false,[],Weight Unknown,[12500.0],whatamobile.com.pk/whatamobile__gigabyte-gsmart-roma-rx.json,c6687317b961b64729e50cbbe0ed5d0671579dbe85cc8c2f12ca4808412a4ef4,0.79167
6be77f5cfb5af522e56df63b6c2cba3fa0c010d7ef2a0fbb40319d541fc10fdd,2026-08-14T19:34:11+00:00,Gionee A1 Lite,https://www.whatamobile.com.pk/product/gionee-a1-lite/,Yes,false,[],Weight Unknown,[22500.0],whatamobile.com.pk/whatamobile__gionee-a1-lite.json,2841a48e3e1900abe08afa31b5c0b056bea14e6cc1b378ab6edfe2c07ec29d13,0.79167
f90bda82db6897dcc9f74bd18575ee052cf2317248025cf8b64736c5b283d547,2026-08-14T19:35:08+00:00,Gionee M6s Plus,https://www.whatamobile.com.pk/product/gionee-m6s-plus/,Yes,false,[],Weight Unknown,[50000.0],whatamobile.com.pk/whatamobile__gionee-m6s-plus.json,2595c4f1c4fc0c33f7df9dede3520ea9deff038b54d2e25c9be30ebb97e97057,0.79167
b0b46a67f7596874934fa42af752207000f61cd51b135fa0ba68ecb07e97d764,2026-08-14T19:34:34+00:00,Gionee M7 Power,https://www.whatamobile.com.pk/product/gionee-m7-power/,Yes,false,[],Weight Unknown,[31499.0],whatamobile.com.pk/whatamobile__gionee-m7-power.json,3cda6109ddecbd46b302dbe17dbf683bbd66859ab944c9d6b35fc7ee67db3951,0.79167
1e5ea1e5e61b59f3c3bcfaf649a1f08b0ec461b4564725fd535e8ee3abc65d60,2026-08-14T19:34:58+00:00,Gionee M7,https://www.whatamobile.com.pk/product/gionee-m7/,Yes,false,[],Weight Unknown,[44500.0],whatamobile.com.pk/whatamobile__gionee-m7.json,6cc98c029c8eb2646b7bb10848620fc54731d2175aab43a8ae99284bd68a6227,0.79167
7f1c5f317ad0b121cd2e222143334a2c2f4ed6f40b476d96b61913706396c94c,2026-08-14T19:33:20+00:00,Gionee P8 Max,https://www.whatamobile.com.pk/product/gionee-p8-max/,Yes,false,[],Weight Unknown,[13000.0],whatamobile.com.pk/whatamobile__gionee-p8-max.json,8dc12cfeb3b55c7de71819249b5d3be2689c0b0ff9f4126c8b6071a63f4c3a6b,0.70833
c3a87414e2f57bee5cd83d7f204f0d18dee51ca74cc0d091f5c9dd593e1005ea,2026-08-14T19:34:46+00:00,Gionee S10,https://www.whatamobile.com.pk/product/gionee-s10/,Yes,false,[],Weight Unknown,[36500.0],whatamobile.com.pk/whatamobile__gionee-s10.json,9c47777a04434f3c72d599ff8231a8c06d3d21c7d58cee2aae091809fa0751a3,0.79167
ccad9d527e3ea4f3179990252f3dcc73a8559e50d7152677a4fbb6efca888869,2026-08-14T19:34:24+00:00,Gionee S10B,https://www.whatamobile.com.pk/product/gionee-s10b/,Yes,false,[],Weight Unknown,[25199.0],whatamobile.com.pk/whatamobile__gionee-s10b.json,af129b6068c92fc017484acc6d85496db3067185459e808a598a2f3e4da0db8d,0.79167
208db085a1e091849420e9ee23b5dedc0caf89477f8fb5c938b480ff54bfe978,2026-08-14T19:33:43+00:00,Gionee S10C,https://www.whatamobile.com.pk/product/gionee-s10c/,Yes,false,[],Weight Unknown,[19500.0],whatamobile.com.pk/whatamobile__gionee-s10c.json,a606bfc1cb2cc60ad51a5d0cc484513422be51c65c278d76d92cbbe3a995c9f9,0.79167
ba8c21dc07c0ddc952296a9442ea6141dfcb07e24e140117c0b23a07ce52c171,2026-08-14T19:33:31+00:00,Gionee X1,https://www.whatamobile.com.pk/product/gionee-x1/,Yes,false,[],Weight Unknown,[14200.0],whatamobile.com.pk/whatamobile__gionee-x1.json,1b48996bd6bc1cccfba4c0d0922d910a9d6f3cc10fe0203ecb4b780f68918218,0.75000
f8317c034cdf49de2772c0dd551e027ff5ba000bc99362cc96afe0c9d24e44dc,2026-08-14T19:33:56+00:00,Gionee X1s,https://www.whatamobile.com.pk/product/gionee-x1s/,Yes,false,[],Weight Unknown,[19500.0],whatamobile.com.pk/whatamobile__gionee-x1s.json,bc18f4c803402ef921c7dc7f2c6bbbba8c3f50cf16992e2460ef83341a99843c,0.75000
68cc9edf5c833371730c37bc8839f88fc73db5d2c47185ef8d5980d5d104bb72,2026-08-14T20:10:25+00:00,"Google Pixel 10 (12GB, 128GB, Indigo)",https://www.whatamobile.com.pk/product/google-pixel-10-12gb-128gb-indigo/,"Yes, stereo speakers",false,[],Weight Unknown,[194990.0],whatamobile.com.pk/whatamobile__google-pixel-10-12gb-128gb-indigo.json,def164543bf8d3ee8c8dd3f98117bfe6534ccad531d4d73c68cf9a7d4da03a6f,0.83333
f1082914a805a3f0c0a3370b692e50ae8cc4dc4302f4b9390241d56e8c3850d8,2026-08-14T19:56:14+00:00,"Google Pixel 10 (12GB, 128GB, Obsidian)",https://www.whatamobile.com.pk/product/google-pixel-10-12gb-128gb-obsidian/,"Yes, stereo speakers",false,[],Weight Unknown,[194990.0],whatamobile.com.pk/whatamobile__google-pixel-10-12gb-128gb-obsidian.json,32dc907ea859610a4868290c8c43e52786b98038f41f6718d0b20ded8799c0bf,0.83333
eaf71c360a8240b7a182ecf63e423a8fe4988dc0ae28303f97fefaebaeea0c0d,2026-08-14T19:52:16+00:00,"Google Pixel 10 Pro XL (16GB, 256GB, Porcelain)",https://www.whatamobile.com.pk/product/google-pixel-10-pro-xl-16gb-256gb-porcelain/,"Loudspeaker: Yes, stereo speakers",false,[],Weight Unknown,[299990.0],whatamobile.com.pk/whatamobile__google-pixel-10-pro-xl-16gb-256gb-porcelain.json,9d5527fea24421213023274fc745e38c5e03e9e404908b3a9a9889dd29bfdd34,0.83333
d7876bb206276b258b1b92bd0342b083a7e88d455f0fafe7f7f8c7e939bd6ccb,2026-08-14T19:32:56+00:00,Google Pixel 2 XL,https://www.whatamobile.com.pk/product/google-pixel-2-xl/,Yes,false,[],Weight Unknown,[97990.0],whatamobile.com.pk/whatamobile__google-pixel-2-xl.json,16ed2316c9800a0f5ac2836fa407cbaa25c6e815cf3db524139fc9e7de1242b6,0.79167
3ef701683d4efe26d1792884c0c4186ce4353a670d865205bb8051ef446cc5eb,2026-08-14T19:27:14+00:00,Google Pixel 3 XL,https://www.whatamobile.com.pk/product/google-pixel-3-xl/,Yes,false,[],Weight Unknown,[145700.0],whatamobile.com.pk/whatamobile__google-pixel-3-xl.json,495a4333eb38820c38b532cf058a8fc52f1f7f68d0a310a840c41a3e32af44cb,0.79167
b1836fdc747d9aeead89687095cd874941005329ae5abad724eb3338f94a88f0,2026-08-14T19:33:08+00:00,Google Pixel 3,https://www.whatamobile.com.pk/product/google-pixel-3/,Yes,false,[],Weight Unknown,[130300.0],whatamobile.com.pk/whatamobile__google-pixel-3.json,80f68e754873d420b9a89282c74dc2b74d0338f7f8f70f8800e76fe7342507c3,0.79167
76b4db4ed1a2ad316ceabdbf340fd14f7e19792a1661c4937b0d1b5415d75855,2026-08-14T21:33:09+00:00,Google Pixel 4a,https://www.whatamobile.com.pk/product/google-pixel-4a/,Yes,false,[],Weight Unknown,[116999.0],whatamobile.com.pk/whatamobile__google-pixel-4a.json,96e75c8daa6b5e362f725549d5837f690d5e832a68273a62a19be94391fb0df3,0.79167
d2466a180193b8ae4b3879a01fd2c2dc21eeb6e0c9babb7dfa1ea5099be5ff81,2026-08-14T21:31:09+00:00,Google Pixel 5,https://www.whatamobile.com.pk/product/google-pixel-5/,Yes,false,[],Weight Unknown,[186999.0],whatamobile.com.pk/whatamobile__google-pixel-5.json,3c173ba23fedbc1f491a0b3d497c33b4631ed5e50287c6a2af0087265a1c13a8,0.79167
dc78d5a88d2f5c8e7259b149fe433459c555abbe2ceffea8fb9122cd5f1726ec,2026-08-14T23:01:21+00:00,Google Pixel 6 Pro,https://www.whatamobile.com.pk/product/google-pixel-6-pro/,Yes,false,[],Weight Unknown,[124999.0],whatamobile.com.pk/whatamobile__google-pixel-6-pro.json,5a3666e711953b8dde39f05fe1408452caa37bbd51447390aa160fe626c47d60,0.83333
6abb28b69b8f8551d877086e110f2afa8428aad481c1531317caf2088e37eaf9,2026-08-14T20:34:53+00:00,Google Pixel 6,https://www.whatamobile.com.pk/product/google-pixel-6/,Yes,false,[],Weight Unknown,[106999.0],whatamobile.com.pk/whatamobile__google-pixel-6.json,3007c08c8a58148af9f197a87735f74400b106cb80ac3246a9353bef1e23a3f2,0.79167
bba740d954df86e3b95c8edc47c2eb28f649683a6a9efe929e50f104812e3132,2026-08-14T19:32:44+00:00,Google Pixel,https://www.whatamobile.com.pk/product/google-pixel/,Yes,false,[],Weight Unknown,[64399.0],whatamobile.com.pk/whatamobile__google-pixel.json,3f4f0fe0f8675bd8d5702b2bc177b3d5e468cd078c89fde0aee9c2a734cd2784,0.79167
8551eeb83b85ec9ada42f28a216455c9e25992d24746d51f2ef59d2d357bf1d4,2026-08-14T19:32:31+00:00,Haier Esteem i95,https://www.whatamobile.com.pk/product/haier-esteem-i95/,Yes,false,[],Weight Unknown,[25500.0],whatamobile.com.pk/whatamobile__haier-esteem-i95.json,99569fd835cfc2ac4abaa1f5d63608977f4575a2238b1477ff316f068e3f5ab0,0.66667
629e8c0623f664d57650159a629691a35325f62ea6d8ac0680c5d2ecbe46b5e9,2026-08-14T19:41:48+00:00,Honor 10 Lite,https://www.whatamobile.com.pk/product/honor-10-lite/,Yes,false,"[""White"",""Shiny Red"",""Sky Blue"",""Sapphire Blue"",""Midnight Black""]",Weight Unknown,[38500.0],whatamobile.com.pk/whatamobile__honor-10-lite.json,6e2aea0bc68e589f78509ab62de4fdda9740f1bcb2c89d549f077f384768ece5,0.83333
d48cd74e39783ea83c57e152c7e34fbcd66cde65da0e0abc18b9680c734bb3fb,2026-08-14T22:21:56+00:00,Honor 10,https://www.whatamobile.com.pk/product/honor-10/,Yes,false,"[""Midnight Black"",""Phantom Blue"",""Phantom Green"",""Glacier Grey""]",Weight Unknown,[59500.0],whatamobile.com.pk/whatamobile__honor-10.json,cd57e86355f496ef5aa003cccedf7da5121fbf4125ca1c6357a44f9073226779,0.79167
cc3f21648bfbfdcb4383ee7af73960529056021e90c0edb337a5a5a808f3610e,2026-08-14T19:25:04+00:00,Honor 10i,https://www.whatamobile.com.pk/product/honor-10i/,Yes,false,[],Weight Unknown,[36999.0],whatamobile.com.pk/whatamobile__honor-10i.json,c02cdaf97afb782d79e7dee93c06c9316d3c40f7419eda1b47e5eca14761ee58,0.83333
f506fa3bfb5911b84fea3aa2a8ff93e547808986e32cfcaf502de60036240a5b,2026-08-14T19:17:58+00:00,Honor 10N,https://www.whatamobile.com.pk/product/honor-10n-price-in-pakistan/,Yes,false,[],Weight Unknown,[59999.0],whatamobile.com.pk/whatamobile__honor-10n-price-in-pakistan.json,ef0ac6182637c93deb3a0cd5ef2a76daba93c36e6370851622e8c9476d83be1a,0.79167
07dee32bc8449ae3d7c6d8b3397bcfb6667475a76f5185923bcae07fba5b0f95,2026-08-14T20:32:16+00:00,Honor 10X Pro,https://www.whatamobile.com.pk/product/honor-10x-pro/,Yes,false,[],Weight Unknown,[105000.0],whatamobile.com.pk/whatamobile__honor-10x-pro.json,1de1fd9b9e501dde9d117d0d37afa0f152b8fb8ce82e28c9aa78afe320dc84b0,0.70833
27239b39b11cfa6786a05978e901fdef212057437e4a701ff62dc5af04e615b7,2026-08-14T19:28:43+00:00,Honor 20 Pro Moschino Edition,https://www.whatamobile.com.pk/product/honor-20-pro-moschino-edition/,Yes,false,[],Weight Unknown,[58000.0],whatamobile.com.pk/whatamobile__honor-20-pro-moschino-edition.json,f08383f6abcb82979454579ac452542b57dd750b109f76a2f7b92b6fdd275dd7,0.83333
f6475a83e72d2af982fcc9705360a7a69b4e3944c92d88e30494b5f61e24c850,2026-08-14T22:12:17+00:00,Honor 200 Lite,https://www.whatamobile.com.pk/product/honor-200-lite/,Yes,false,[],Weight Unknown,[183999.0],whatamobile.com.pk/whatamobile__honor-200-lite.json,d445ef5ec2131144e6aa8ddad648de02052824a06205b917d9f25133389593a9,0.83333
722334600dddf401728d1b479afe5810ac8aeaa64073e68edcac6a6f3c197bf1,2026-08-14T23:02:45+00:00,Honor 200 Pro,https://www.whatamobile.com.pk/product/honor-200-pro/,Yes,false,[],Weight Unknown,[104999.0],whatamobile.com.pk/whatamobile__honor-200-pro.json,27c81372843b200edc3bfffab481cebbe7790497d65a12d0bee6ae7d29177f7b,0.83333
fdda99b4952a27bc4a973937baebdfd84007f46ecd16a9998310127c406ff026,2026-08-14T19:17:22+00:00,Honor 20i,https://www.whatamobile.com.pk/product/honor-20i-price-in-pakistan/,Yes,false,[],Weight Unknown,[51999.0],whatamobile.com.pk/whatamobile__honor-20i-price-in-pakistan.json,123bcdb004a8339bc463fb6dc43187c8ce08a31650654adcd597ad910a31f33a,0.79167
e0d3ac001deb7dd159fb32c8c62ffd252b18a30d227b6551eef8d2dd512bdc0b,2026-08-14T19:26:12+00:00,Honor 20S,https://www.whatamobile.com.pk/product/honor-20s/,Yes,false,[],Weight Unknown,[44999.0],whatamobile.com.pk/whatamobile__honor-20s.json,7acba221f579e175855caca942c3d958ae4bf60cf4bb9bdcc1d650efc36d665f,0.79167
6c9bd1bc851bc3082417083f9da53554e14565cfa006b480a4d28e4f74e513a5,2026-08-14T19:31:22+00:00,Honor 30 Pro 5G,https://www.whatamobile.com.pk/product/honor-30-pro-5g/,Yes,false,[],Weight Unknown,[110000.0],whatamobile.com.pk/whatamobile__honor-30-pro-5g.json,9dfb8b1f26a6057d4180653d68dfb35b2db1e83090b22bde68c5265d6d0edc00,0.83333
ef8badc8ea9badf7f175259cda665e75d4550353543515070d4ffd44da10e567,2026-08-14T19:25:14+00:00,Honor 30 Pro Plus,https://www.whatamobile.com.pk/product/honor-30-pro-plus/,Yes,false,[],Weight Unknown,[118999.0],whatamobile.com.pk/whatamobile__honor-30-pro-plus.json,6416c5a377b72397c359bd243c1b20c962b34eb8fcc898d3fd245be7642fa2e2,0.79167
967c180184947f27b9e81bc68f48bbedaaabdc122488d3bc6382dc141749dae1,2026-08-14T19:28:54+00:00,Honor 30s,https://www.whatamobile.com.pk/product/honor-30s/,Yes,false,[],Weight Unknown,[59600.0],whatamobile.com.pk/whatamobile__honor-30s.json,b98a89a8356943de11897a503b22630b5696f9c5f7cdf0da3278df69e4dd0e59,0.83333
278889c69918bf7c90e2636b0145aea357587f6d74282ccad99af173ba5171a0,2026-08-14T20:29:58+00:00,Honor 50 Pro,https://www.whatamobile.com.pk/product/honor-50-pro/,Yes,false,[],Weight Unknown,[99999.0],whatamobile.com.pk/whatamobile__honor-50-pro.json,dfe24fffe6514bce0bfaa2aafdf1b38671d59436271565e2f38e0fabe5da0aae,0.83333
33ae8049f3cda35316e32dac34809fb5269b116731644d6010e390e15434ac4d,2026-08-14T19:29:05+00:00,Honor 50 SE,https://www.whatamobile.com.pk/product/honor-50-se/,Yes,false,[],Weight Unknown,[59999.0],whatamobile.com.pk/whatamobile__honor-50-se.json,62bd05e5670b29bfe047ad17296e66582a4c0becd04b6bb65db6c6e9130e6661,0.83333
39fed8fdb3ddb572aea61f9c6c87e0b3acc478075fe4f1fb08d393c9875deab4,2026-08-14T19:30:01+00:00,Honor 60 Pro,https://www.whatamobile.com.pk/product/honor-60-pro/,Yes,false,[],Weight Unknown,[88999.0],whatamobile.com.pk/whatamobile__honor-60-pro.json,e152a4021468523086ee6392313da9569c245ab26059021fff8dff2bf2ea4147,0.83333
584b1c9dae5eb00d0e33e1c639ff5d3ba18d5e699279c97b6e24984083c122c9,2026-08-14T21:14:08+00:00,Honor 60 SE 5G,https://www.whatamobile.com.pk/product/honor-60-se-5g/,Yes,false,[],Weight Unknown,[64999.0],whatamobile.com.pk/whatamobile__honor-60-se-5g.json,a5301ae4ed367f5a667e7e5e6857b518229858617a2a0602e581f7df97bdb26c,0.83333
282e91d2df6e20c0697cec0760df3384c989dafb90ac32f9fd671a50ef7fcca1,2026-08-14T19:31:56+00:00,Honor 70 Pro Plus,https://www.whatamobile.com.pk/product/honor-70-pro-plus/,Yes,false,[],Weight Unknown,[127999.0],whatamobile.com.pk/whatamobile__honor-70-pro-plus.json,12b2c5113f38cb8ee93623d4a83dbb374b6e4cf1cdd995839d48bd1720906dd9,0.83333
0b8709a270c381a12e4b42ffa79d34ed713c83339108b81efe4edcb7e511a885,2026-08-14T19:31:33+00:00,Honor 70 Pro,https://www.whatamobile.com.pk/product/honor-70-pro/,Yes,false,[],Weight Unknown,[110999.0],whatamobile.com.pk/whatamobile__honor-70-pro.json,bd062bcda2a16cc5cc70eea6a5d474f274068211d48b43a671a38f307990e8c3,0.83333
8c28a9543e52e25dfce7ba6acd60b7ddfe488fae7861812d0b17ff8a1ca3fa34,2026-08-14T19:30:34+00:00,Honor 70,https://www.whatamobile.com.pk/product/honor-70/,Yes,false,[],Weight Unknown,[90999.0],whatamobile.com.pk/whatamobile__honor-70.json,ce75ed4eedf5c2cecc826a2b483d72b30aac77065bd7a4630fa4a16a0bec9b79,0.79167
e7cfc733ed4c563fc3f3b959be2ac7e5dca3978c0b4eea33ec325a6b736653f0,2026-08-14T22:17:52+00:00,Honor 7A,https://www.whatamobile.com.pk/product/honor-7a/,Yes,false,"[""Blue"",""Black"",""Gold""]",Weight Unknown,[18500.0],whatamobile.com.pk/whatamobile__honor-7a.json,aeea7f7d1934b890401e46a7413f3b4c123944402d877998e01d33e1ae1f555f,0.83333
ecd45de4aed095cc2432336239c0901fc4afc30b5418fe7a41ea93d66a30322f,2026-08-14T22:13:38+00:00,Honor 7C,https://www.whatamobile.com.pk/product/honor-7c/,Yes,false,"[""Black"",""Gold"",""Blue""]",Weight Unknown,[24500.0],whatamobile.com.pk/whatamobile__honor-7c.json,1bed7a3a8a618a371e3785e53e6c8d4795ca0ef8b29ee0650a9feb9e9b684aed,0.83333
fa6f782fdd157df33246397095b59de051f3c14454f8f29f7624dab9acb51861,2026-08-14T20:47:42+00:00,Honor 7s,https://www.whatamobile.com.pk/product/honor-7s/,Yes,false,"[""Black"",""Blue"",""Gold""]",Weight Unknown,[18500.0],whatamobile.com.pk/whatamobile__honor-7s.json,40b128ca706bcf72541b9ec0ac131e734b1b911bd31d805bd24b8ebd9c5e4196,0.83333
c6e44ee37dc1489164c3b837e9f925f04242ec6745998cf8472cfd598cf2a85a,2026-08-14T20:38:57+00:00,Honor 7X,https://www.whatamobile.com.pk/product/honor-7x/,Yes,false,"[""Gold"",""Grey"",""Blue"",""Black""]",Weight Unknown,[31500.0],whatamobile.com.pk/whatamobile__honor-7x.json,ba8be8d53856eefb266cc895d679047efc73282bc0558b10fdf7c1515d7de114,0.83333
7eb62e816a9c2206ad1dd664773fdbd1d17b52c0027c4ed684e7b24c59af08f0,2026-08-14T19:31:10+00:00,Honor 80 pro,https://www.whatamobile.com.pk/product/honor-80-pro/,Yes,false,[],Weight Unknown,[109000.0],whatamobile.com.pk/whatamobile__honor-80-pro.json,bc52e485289cb6548847d0360e517d81146235a3cec7f3691459036604de6117,0.79167
072b3099882330412ede28502aef22fa9e0d79396c548f9c41859f3aa67933b0,2026-08-14T19:29:49+00:00,Honor 80,https://www.whatamobile.com.pk/product/honor-80/,Yes,false,[],Weight Unknown,[86999.0],whatamobile.com.pk/whatamobile__honor-80.json,af6532ef87bee6b6aef67fdf6daf6c04da566eb85026b885fec17d1cba43aa63,0.83333
aba2058141066f5f60f9545f128462ecba4b3e5e2ea6a005093a0976a0950651,2026-08-14T19:25:38+00:00,Honor 8A Prime,https://www.whatamobile.com.pk/product/honor-8a-prime/,Yes,false,[],Weight Unknown,[20800.0],whatamobile.com.pk/whatamobile__honor-8a-prime.json,963c13b941e947e7de0ebc29fb54672f35bb0521f1d3a8f922060792fdc23b78,0.79167
0c31f743af20e7d616a84d41698fe8c44dec6f1a12ad57685d588a8bc001e331,2026-08-14T22:07:17+00:00,Honor 8C,https://www.whatamobile.com.pk/product/honor-8c/,Yes,false,"[""Purple"",""Gold"",""Blue"",""Black""]",Weight Unknown,[26500.0],whatamobile.com.pk/whatamobile__honor-8c.json,ce1c494d26caca2ebbae33031be9bd3e4932f2e7feb54c215f23ae92d0a9f052,0.83333
ebd1dd52bb4cc36cdf946d74ea3dea158d55ab6f52d46941187c20a133eef707,2026-08-14T21:13:47+00:00,Honor 8X,https://www.whatamobile.com.pk/product/honor-8x/,Yes,false,"[""Blue"",""Black"",""Red""]",Weight Unknown,[36500.0],whatamobile.com.pk/whatamobile__honor-8x.json,39a227763de72dfd2d1ba3b82bab02d7153b3c7ff819414d60cd2f109e057b13,0.83333
2d46afa2bfe54d1f1bba5de3c857bbe2f4233f9c15050fc3940bf0e04b9e24f3,2026-08-14T22:17:23+00:00,Honor 9 Lite,https://www.whatamobile.com.pk/product/honor-9-lite/,Yes,false,"[""Midnight Black"",""Sapphire Blue"",""Glacier Grey""]",Weight Unknown,[26500.0],whatamobile.com.pk/whatamobile__honor-9-lite.json,ab73664f9d0f46c4735496235964c1df92d8299d3c17a2be118e264315447187,0.83333
f11c9a6dd4f3a54f1e442dda8424d4b4a4f51f93dce7660aff670f754ed04f62,2026-08-14T22:43:52+00:00,Honor 90,https://www.whatamobile.com.pk/product/honor-90-2/,Yes,false,[],Weight Unknown,[19999.0],whatamobile.com.pk/whatamobile__honor-90-2.json,e73cc1b4106435164cc24bdf130eedde0e3d8bcd4b25d2110840eeea4f40e0e1,0.83333
52cab8aebe1b782a63157b75b318a075551b3cedc061fe315d137e5129316f4c,2026-08-14T21:50:19+00:00,Honor 90 Lite,https://www.whatamobile.com.pk/product/honor-90-lite/,Yes,false,[],Weight Unknown,[68499.0],whatamobile.com.pk/whatamobile__honor-90-lite.json,a695256fe3ce13bbb85f80b188b8f0a978c5304bc5ac1f6bf6b5ad94dff5a12b,0.83333
74d952931aba24a918742ef830b0a695f3fb145cc9f00373b34e4eed5a3675f9,2026-08-14T18:34:59+00:00,Honor 90,https://www.whatamobile.com.pk/product/honor-90/,Yes,false,[],Weight Unknown,[151899.0],whatamobile.com.pk/whatamobile__honor-90.json,9f454ea6434edc17bc36d47667bed600105bcfbea226e30d8e534aa98036dea6,0.79167
2377750b66a3f7bb549d90cf3567aff36324999d7a6dc291adf6e4ad7371e5c4,2026-08-14T19:24:53+00:00,Honor 9C,https://www.whatamobile.com.pk/product/honor-9c/,Yes,false,[],Weight Unknown,[34999.0],whatamobile.com.pk/whatamobile__honor-9c.json,a0e6898db302931f34f0c8123e24dceb1408e68c41032d29b597ac3b3b3b7b75,0.79167
c08676efd14bc5a03f969f61452f913e50de80e01b6fc34f4b954b925df64d63,2026-08-14T19:24:43+00:00,Honor 9X Lite,https://www.whatamobile.com.pk/product/honor-9x-lite/,Yes,false,[],Weight Unknown,[29999.0],whatamobile.com.pk/whatamobile__honor-9x-lite.json,6ade671afaacea9537612ad5af700329a8229e0844cc9939b49e033514f856af,0.83333
b9b82e21445057a54772597edfbd081b801390b7066972d84c65900e0a9fb81a,2026-08-14T21:36:51+00:00,Honor 9X Pro,https://www.whatamobile.com.pk/product/honor-9x-pro-price-in-pakistan/,Yes,false,[],Weight Unknown,[55999.0],whatamobile.com.pk/whatamobile__honor-9x-pro-price-in-pakistan.json,abaee653d428da8472038d511948ef96ae535dd2f22a27dd19a2a62d07f8068a,0.79167
69e18d2bc6a8b82184c1f8080b02185b409c4ac5a6f539b06f262b7bb63677ec,2026-08-14T19:30:56+00:00,Honor Magic 2 3D,https://www.whatamobile.com.pk/product/honor-magic-2-3d/,Yes,false,[],Weight Unknown,[103999.0],whatamobile.com.pk/whatamobile__honor-magic-2-3d.json,40969c1eff19c9eb2a8f48b1b6c6305bde77439656ab7068a21e9ccd91e062cf,0.79167
db9b716825d411cd9b24815d09f624c78e5dd1f2d90bb856372d35e74c52c8df,2026-08-14T19:32:20+00:00,Honor Magic 3 Pro,https://www.whatamobile.com.pk/product/honor-magic-3-pro/,Yes,false,[],Weight Unknown,[167999.0],whatamobile.com.pk/whatamobile__honor-magic-3-pro.json,e90b05feb701729be68e67cdad003aec90eff8f0d12ffc2c3853d322701604b4,0.83333
8c04c7289e0343b5844f3b9612daa79aa34e22c66297fdd7ce20f67c516d2cce,2026-08-14T19:32:08+00:00,Honor Magic 3,https://www.whatamobile.com.pk/product/honor-magic-3/,Yes,false,[],Weight Unknown,[145999.0],whatamobile.com.pk/whatamobile__honor-magic-3.json,0ccbbe9effbf355e261cb63944ede60f7cb2c3f2d0d882fa7f6fa5a2b9766c02,0.83333
429bd624d7f2aa82cda6d2c0322f644179f15a82c799867b6d880ccec4aaeac7,2026-08-14T21:46:33+00:00,Honor Magic 4 Lite,https://www.whatamobile.com.pk/product/honor-magic-4-lite/,Yes,false,[],Weight Unknown,[99999.0],whatamobile.com.pk/whatamobile__honor-magic-4-lite.json,40420aea30e3e5ccc18f8901c13cbacc6b9ae2318d2d83520bc0d574d5f877d6,0.79167
636d88abd4c4ddf11a25f8a1ca5d121f2124e7f0d9b7ce2539f249bef7c59910,2026-08-14T21:49:35+00:00,Honor Magic5 Pro,https://www.whatamobile.com.pk/product/honor-magic5-pro/,Yes,false,[],Weight Unknown,[169999.0],whatamobile.com.pk/whatamobile__honor-magic5-pro.json,a93c37ccdb3af03c066e0d19765b14dbaeb34a65ff20f381e8aafb9a31c4ac3d,0.83333
77aca7db655c739adecdabbc5b0c4512ac9dc928ba6aaac79a7920093b801d58,2026-08-14T21:49:46+00:00,Honor Magic6 Pro,https://www.whatamobile.com.pk/product/honor-magic6-pro/,Yes,false,[],Weight Unknown,[187999.0],whatamobile.com.pk/whatamobile__honor-magic6-pro.json,e4feb219230338415af7624f5de1f59a044c684e785278d1fab4df58f3246e02,0.83333
8acb11e5c04b02795ea2d0f2303b8ab9b64d2891890f0ddeb245b7db760e99d4,2026-08-14T20:02:37+00:00,"Honor Play 10 (3GB, 64GB, Midnight Black)",https://www.whatamobile.com.pk/product/honor-play-10-3gb-64gb-midnight-black/,Yes,false,[],Weight Unknown,[20790.0],whatamobile.com.pk/whatamobile__honor-play-10-3gb-64gb-midnight-black.json,19354925c8a8455c87c209193ee700533c5a76cc8052859e5b67ab88509f2101,0.83333
d93f4cd094461614477cc364155a3ce0cf3cc9a1b83dc3e91e30440948e8d5b7,2026-08-14T20:02:46+00:00,"Honor Play 10 (3GB, 64GB, Ocean Cyan)",https://www.whatamobile.com.pk/product/honor-play-10-3gb-64gb-ocean-cyan/,Yes,false,[],Weight Unknown,[20790.0],whatamobile.com.pk/whatamobile__honor-play-10-3gb-64gb-ocean-cyan.json,08ff751faa6ffb415e733b55e5e55f9986590a9b701c779a3d3647c7378210db,0.83333
86c36d30448237000f7404feff2a0e68414e213994637b1133ddf8cef8890131,2026-08-14T20:02:58+00:00,"Honor Play 10 (3GB, 64GB, Starry Purple)",https://www.whatamobile.com.pk/product/honor-play-10-3gb-64gb-starry-purple/,Yes,false,[],Weight Unknown,[20790.0],whatamobile.com.pk/whatamobile__honor-play-10-3gb-64gb-starry-purple.json,04c1e5a891859f6e36aa605d07e22733c773f7f4094c5b40be1b7467aa61b740,0.83333
5cfb000637314a974b735790523268dc11617964196dbb4d865af43b6adfb1d6,2026-08-14T19:25:26+00:00,Honor Play 3e,https://www.whatamobile.com.pk/product/honor-play-3e/,Yes,false,[],Weight Unknown,[16999.0],whatamobile.com.pk/whatamobile__honor-play-3e.json,32a1b04d4765db30bd026b5292effcbe1b60347a4f3ef469c4b8f10b68d3fdb2,0.83333
6ad97aed868c61df446f73ba792c3bd3237f6c4e0ef3ebf7a10827212cbddfc2,2026-08-14T20:30:38+00:00,Honor Play 4T Pro,https://www.whatamobile.com.pk/product/honor-play-4t-pro/,Yes,false,[],Weight Unknown,[70000.0],whatamobile.com.pk/whatamobile__honor-play-4t-pro.json,4324c5119fc7f236f7a1bb05cdabd116ce5a4933763f519631fdc854efcd1ee6,0.83333
084400c80a9a3338b55844215bd543f243622ad7b5f7998d9198f5495165fb38,2026-08-14T19:29:17+00:00,Honor Play 5 5G,https://www.whatamobile.com.pk/product/honor-play-5-5g/,Yes,false,[],Weight Unknown,[63999.0],whatamobile.com.pk/whatamobile__honor-play-5-5g.json,45dfedf2505cbbec0c31567dc276ccb889ef05300bb7589af91b91d13d18ad28,0.83333
a61d978c6e53a76151ab16a4458cceeb3875a8e8061894b6d8f74201ea75bbbe,2026-08-14T19:26:50+00:00,Honor Play 5T Pro,https://www.whatamobile.com.pk/product/honor-play-5t-pro/,Yes,false,[],Weight Unknown,[46999.0],whatamobile.com.pk/whatamobile__honor-play-5t-pro.json,fbe77ccbdf8000c70338b76e1605e2e38c5654f410490b2a2910d47c28f236e6,0.83333
25cf27589d9bd8fd5bd0309f8af596ffa91c503251be880b3e1b861c1b777b00,2026-08-14T21:49:57+00:00,Honor Play 60 Plus,https://www.whatamobile.com.pk/product/honor-play-60-plus/,Yes,false,[],Weight Unknown,[49999.0],whatamobile.com.pk/whatamobile__honor-play-60-plus.json,39af12c0f542043c1f59529b83fec351e3904e5a0ffe0193ccd5393278145853,0.83333
76216b8849ec0201732dda75bf99fe0c7a145c4378c320a891e72a7f20bee78c,2026-08-14T19:27:01+00:00,Honor Play 9A,https://www.whatamobile.com.pk/product/honor-play-9a/,Yes,false,[],Weight Unknown,[48999.0],whatamobile.com.pk/whatamobile__honor-play-9a.json,c71078486b712c4e344690fadb3b062bfa877b2b5b8095ed28b57a6c968b962c,0.79167
1c86fff918a5f4b0ee5bc80dfeec37427409dd896e6bb51bb13e99e9f0bb4065,2026-08-14T19:41:59+00:00,Honor Play,https://www.whatamobile.com.pk/product/honor-play/,Yes,false,"[""Midnight Black"",""Red"",""Navy Blue"",""Black"",""Ultra Violet""]",Weight Unknown,[41500.0],whatamobile.com.pk/whatamobile__honor-play.json,445425cd303d259addbca420fda69b2bc69e137e3632854ba73ea1e4dc82c5c0,0.83333
54345d398025cbef2646b307245e1089effb3fb307dab9aa95913b8a454ba45f,2026-08-14T19:28:33+00:00,Honor Play5 Youth,https://www.whatamobile.com.pk/product/honor-play5-youth/,Yes,false,[],Weight Unknown,[56999.0],whatamobile.com.pk/whatamobile__honor-play5-youth.json,7a228b49c5ef46a35b7375ec7d9ec0ac2da8eacc711d037ed28c154cb61d63bf,0.83333
4d49a7a70591e038ed8c2fc74da3b1fd791d053537763c0012e496432e984721,2026-08-14T19:30:12+00:00,Honor V30 Lite,https://www.whatamobile.com.pk/product/honor-v30-lite/,Yes,false,[],Weight Unknown,[90000.0],whatamobile.com.pk/whatamobile__honor-v30-lite.json,42faeffc1b63d1328df1d7cc033e781c060d14d427f8b0ee031760316b16a1e4,0.75000
746cedba2258dfe58e73bf388ebb994c1db8791a9724ca04a8da6a67f7183256,2026-08-14T19:30:23+00:00,Honor V30 Pro,https://www.whatamobile.com.pk/product/honor-v30-pro/,Yes,false,[],Weight Unknown,[90000.0],whatamobile.com.pk/whatamobile__honor-v30-pro.json,30e72f5b7f2b8cd377d67f97bcd06db2be69aef8b4d980097bf4f10527247c29,0.79167
fce3b85300e4276d5cacb1d68d83d4a77862ea7f7ab126c735c10928a30d2f21,2026-08-14T19:30:47+00:00,Honor V40 5G,https://www.whatamobile.com.pk/product/honor-v40-5g/,Yes,false,[],Weight Unknown,[99999.0],whatamobile.com.pk/whatamobile__honor-v40-5g.json,9f795e2f26edcbb057395d1795ae1d06f1d3f9d0000b53f95e964cd8ea4324b9,0.83333
8cdd04e9a42b17ecaf2853ae43661e5d33861af6a75b72e03bb70b6efcd34eb7,2026-08-14T19:31:46+00:00,Honor V40 Pro,https://www.whatamobile.com.pk/product/honor-v40-pro/,Yes,false,[],Weight Unknown,[120000.0],whatamobile.com.pk/whatamobile__honor-v40-pro.json,07b69c6e1ac967cf03af60224bad90c51eedaf9c9015b00056e4b0ac037e4639,0.79167
1052202acc7ef03d331e273b57d1cc6f9140d3bad7f376bdc4b4229e586c15a6,2026-08-14T19:26:01+00:00,Honor X10 5G,https://www.whatamobile.com.pk/product/honor-x10-5g/,Yes,false,[],Weight Unknown,[43000.0],whatamobile.com.pk/whatamobile__honor-x10-5g.json,a85b69bd6f2de73b80246fc6aa3d13dbc05ed30d248156f7c164fb63b7ad2a32,0.79167
c30d8becfd192dfbadaf88fb7e1adc9694e2817a191ced666d2b214e4e3ddc38,2026-08-14T19:29:38+00:00,Honor X10 Pro 5G,https://www.whatamobile.com.pk/product/honor-x10-pro-5g/,Yes,false,[],Weight Unknown,[80000.0],whatamobile.com.pk/whatamobile__honor-x10-pro-5g.json,1c4c413652ad908dfe84922e3f53a1a186583bfd4eb20e03c13ce539d6364e1f,0.83333
be4c521d60d758f89607f55e681a5ad542a2d89dac4ee591c030b97daa744c84,2026-08-14T19:27:59+00:00,Honor X20 SE,https://www.whatamobile.com.pk/product/honor-x20-se/,Yes,false,[],Weight Unknown,[50999.0],whatamobile.com.pk/whatamobile__honor-x20-se.json,31dbeb7742f173a786e7dd292bd20ddd55b62dd298138ef6e2c7cecb1828f42e,0.83333
a16abfecfad1c1006a672e92d4af1573c2219f7c94b2d943b18615b088de439c,2026-08-14T19:29:27+00:00,HONOR X30 Max,https://www.whatamobile.com.pk/product/honor-x30-max/,Yes,false,[],Weight Unknown,[68999.0],whatamobile.com.pk/whatamobile__honor-x30-max.json,9acb7ce4484cfbb89550f082e0cf87b4be399e39115a1197f55c97c4ff03fe75,0.83333
150ffda17c2edb08e7b9eb044f903a5fa0c9233a543a5f899dcad3a4fbf7392d,2026-08-14T19:26:24+00:00,Honor X30,https://www.whatamobile.com.pk/product/honor-x30/,Yes,false,[],Weight Unknown,[45999.0],whatamobile.com.pk/whatamobile__honor-x30.json,9989cf5ed4a3a974d7ba4ff6eafe9133fbd53c391b6fbe4d14f8eda617ee85c5,0.79167
0ba3052a5d988f0d3dcad6ecc4a3dd50a2b6bff9442733b665cb575cf4268343,2026-08-14T19:25:50+00:00,Honor X30i,https://www.whatamobile.com.pk/product/honor-x30i/,Yes,false,[],Weight Unknown,[40999.0],whatamobile.com.pk/whatamobile__honor-x30i.json,bf2e829fd948995ba10ae1288ea05cbfcc26605bbb48e11303b2a20bf020ae1a,0.83333
0750cc095f9f6d30bb6c772dfbf24284a793b22eedd3d25252abc8dfe3cb52ac,2026-08-14T20:29:31+00:00,Honor X40 GT,https://www.whatamobile.com.pk/product/honor-x40-gt/,Yes,false,[],Weight Unknown,[59999.0],whatamobile.com.pk/whatamobile__honor-x40-gt.json,24a9f2c3466fe2659dbe43d9ec51ec8b592b329f9a6536891a59d04e08c9f77e,0.83333
5a899a03cea0ddb002728974e24856018f01539c0e4027e7fe77aa6d7b2ce427,2026-08-14T23:00:16+00:00,Honor X40,https://www.whatamobile.com.pk/product/honor-x40/,Yes,false,[],Weight Unknown,[44999.0],whatamobile.com.pk/whatamobile__honor-x40.json,fa0a5a6e4fbef70fc52afbf69ba68dcad118ce4a0e04716e4e9f1bc99b4ac583,0.83333
da0c9ba790cd2ed48db882a037951efb6d4135db8a16845620a111891d6775e7,2026-08-14T19:27:35+00:00,Honor X40i,https://www.whatamobile.com.pk/product/honor-x40i/,Yes,false,[],Weight Unknown,[48999.0],whatamobile.com.pk/whatamobile__honor-x40i.json,c11e40b52ab5426ebb431b5adcff2b5fee081e250445b3e4e8f066353be04c50,0.83333
af2dcd2317c51f6f1b73c19de255d67792d21994d623a4bd650322b33a531002,2026-08-14T18:35:22+00:00,Honor X5 Plus,https://www.whatamobile.com.pk/product/honor-x5-plus/,Yes,false,[],Weight Unknown,[23799.0],whatamobile.com.pk/whatamobile__honor-x5-plus.json,a303096344a611c88b356476de939cf2e161ee0aa9c5c6d256ea9085272c9147,0.83333
7d0ea799d84c713b2d5248093ba71f8c5c438de033573ee4b4df605e15f8b1e3,2026-08-14T19:53:53+00:00,"Honor X5c Plus (4GB, 128GB, Midnight Black)",https://www.whatamobile.com.pk/product/honor-x5c-plus-4gb-128gb-midnight-black/,Loudspeaker: Yes,false,[],Weight Unknown,[28990.0],whatamobile.com.pk/whatamobile__honor-x5c-plus-4gb-128gb-midnight-black.json,5bdb32336d6d138fe138a119f4cccb39b217db3c7e3bc201f08c32518c2725ee,0.79167
f76e285eae5ab07fbedb9f56def4906b048cf944804f529d006de82866dc8000,2026-08-14T19:53:44+00:00,"Honor X5c Plus (4GB, 128GB, Ocean Cyan)",https://www.whatamobile.com.pk/product/honor-x5c-plus-4gb-128gb-ocean-cyan/,Loudspeaker: Yes,false,[],Weight Unknown,[28990.0],whatamobile.com.pk/whatamobile__honor-x5c-plus-4gb-128gb-ocean-cyan.json,65b88db5c4dc1dccdb93c41f46d7c8efc87967ba03ae26bccb6bd0f35007b694,0.79167
2b26be9103525abe60682955f9838fe883291d6209cc516030ced948119263b8,2026-08-14T21:28:14+00:00,Honor X6a,https://www.whatamobile.com.pk/product/honor-x6a/,Yes,false,[],Weight Unknown,[27199.0],whatamobile.com.pk/whatamobile__honor-x6a.json,e681c308fda6c4953a95d335d78f32a8efc59626db6d57c46844141cfc3cd496,0.83333
3040a93bc4886334dcaccc3f8631a53046290d2d8c22de4889e0e77006dc4413,2026-08-14T19:26:38+00:00,Honor X7,https://www.whatamobile.com.pk/product/honor-x7/,Yes,false,[],Weight Unknown,[45999.0],whatamobile.com.pk/whatamobile__honor-x7.json,21bfe52f33a3c4e17121e356bf7461e5fa8ec02a42fa981507f08dc91e9712db,0.83333
f36f8caadb51d5d29eafedc13574fd7946ea785b366b601c5d36e88a5a2592c1,2026-08-14T18:35:10+00:00,Honor X7b,https://www.whatamobile.com.pk/product/honor-x7b/,Yes,false,[],Weight Unknown,[54899.0],whatamobile.com.pk/whatamobile__honor-x7b.json,dd0e09deeb788f8e9910ac5c6746b5914a95d0e752fbc824a6a5c4ca87427321,0.83333
258fd2e82dbf2c75cd63c1e0943a794e5720cb4751384b0cb29a633857fb5477,2026-08-14T20:50:28+00:00,Honor X8 5G,https://www.whatamobile.com.pk/product/honor-x8-5g/,Yes,false,[],Weight Unknown,[43999.0],whatamobile.com.pk/whatamobile__honor-x8-5g.json,274997cfd0b42c669a0642a4305d97b0c7e81396fcb579ca2accbaf29b124ab5,0.83333
3c0648577ba425dacaa7a1b83cb0512c37947e6f2e795e3108249d0b8924f117,2026-08-14T19:27:47+00:00,Honor X8,https://www.whatamobile.com.pk/product/honor-x8/,Yes,false,[],Weight Unknown,[49999.0],whatamobile.com.pk/whatamobile__honor-x8.json,2398920e38e8371685c070b3f4aa67ea84f4493fa66d13f57113bcf48f0e05c9,0.83333
fce3289ecd644af2deed34613dfc529951447a53666edbada7ac3c9b1de46fd2,2026-08-14T21:34:29+00:00,Honor X8b,https://www.whatamobile.com.pk/product/honor-x8b/,Yes,false,[],Weight Unknown,[72699.0],whatamobile.com.pk/whatamobile__honor-x8b.json,9359b6c0ead3d25dbe1a104a3efec1719d14c71c5b7ce36aa2d66178ae7f3ee7,0.83333
6af75994fd252847d5e3c3e50932c7d345fcdf616bdef3c417e266e945548642,2026-08-14T19:28:09+00:00,Honor X9 5G,https://www.whatamobile.com.pk/product/honor-x9-5g/,Yes,false,[],Weight Unknown,[54999.0],whatamobile.com.pk/whatamobile__honor-x9-5g.json,eec8191f7be0388e798466f1ea124887045ffe242fffe85c5d50ac51974d905f,0.83333
df71342539f13646d8241e70a50d0af1e81f3f53849a9e299e7186d8433a3f22,2026-08-14T22:11:55+00:00,Honor X9a,https://www.whatamobile.com.pk/product/honor-x9a/,Yes,false,[],Weight Unknown,[129999.0],whatamobile.com.pk/whatamobile__honor-x9a.json,e0985c6aad0f598d96997850067e0bcdc01e8c6b3549db6b46b4521c19d42441,0.83333
d6bd746984752bc011a88abf1097771a32f28f07d787d93c8e568da2c096ed06,2026-08-14T21:50:07+00:00,Honor X9b,https://www.whatamobile.com.pk/product/honor-x9b/,Yes,false,[],Weight Unknown,[93599.0],whatamobile.com.pk/whatamobile__honor-x9b.json,a1f08e5e2df67eda2425cad41f44f5fcef99952e725d9c7710105b8d019a8f70,0.83333
2d55f641556de08c3d4ccafb06f716dc46542c365e61e17d61958b14fa250cf0,2026-08-14T17:51:11+00:00,HTC 10,https://www.whatamobile.com.pk/product/htc-10/,Yes,false,"[""Carbon Gray"",""Topaz Gold"",""Glacier Silver"",""Camellia Red""]",Weight Unknown,[51500.0],whatamobile.com.pk/whatamobile__htc-10.json,52ff64c1f9af99e5864704f321affbb4186d1dbe8d0a0e96ae01c14b7794ac00,0.91667
673fcd3ae9c116d78632d79f612dd6f9db8c028c9278b2d5c2f738f40dce2d13,2026-08-14T19:23:57+00:00,HTC 7 Surround,https://www.whatamobile.com.pk/product/htc-7-surround/,Yes,false,[],Weight Unknown,[67800.0],whatamobile.com.pk/whatamobile__htc-7-surround.json,9c51b76c05510c36c45e3b87c493194d4a1ef71e9294ef38f088dc2ff49f02a6,0.79167
7a45bb210cbfa9466a47cb20c5f8a5ac955438e74d69e2ad52c737551c80815a,2026-08-14T19:23:07+00:00,HTC Butterfly 3,https://www.whatamobile.com.pk/product/htc-butterfly-3/,Yes,false,[],Weight Unknown,[57500.0],whatamobile.com.pk/whatamobile__htc-butterfly-3.json,66834f896b7092172f3c4b451a9420576dd2b21e13561e3377a52c1350bdd578,0.79167
05974f7c44aabf1688b7386a917c3053275e93802b9083591e0bbd1fdcfc279b,2026-08-14T19:21:40+00:00,HTC Desire 12 Plus,https://www.whatamobile.com.pk/product/htc-desire-12-plus-price-in-pakistan/,Yes,false,[],Weight Unknown,[28999.0],whatamobile.com.pk/whatamobile__htc-desire-12-plus-price-in-pakistan.json,668189fe2472312ba321723611bac1c61d715025aa0e711ab45406476b37c6b0,0.79167
51a9fd7f66af772c6234c3d8e327419e18e3403730ec6cd7a9d25e794b5ea4d4,2026-08-14T19:21:27+00:00,HTC Desire 19 Plus,https://www.whatamobile.com.pk/product/htc-desire-19-plus-2-price-in-pakistan/,Yes,false,[],Weight Unknown,[25800.0],whatamobile.com.pk/whatamobile__htc-desire-19-plus-2-price-in-pakistan.json,5ea629fdd857509ae13ee9c395c35b5088e09086aee50dfb3eed97763761b017,0.79167
d32bdd1f5d1df19833df52d02e06efa0d257ed41736ea9d49f71a9ee3e0d4736,2026-08-14T17:53:45+00:00,HTC Desire 19 Plus,https://www.whatamobile.com.pk/product/htc-desire-19-plus-price-in-pakistan/,Yes,false,[],Weight Unknown,[28999.0],whatamobile.com.pk/whatamobile__htc-desire-19-plus-price-in-pakistan.json,441b697e0b6643527e4fda85485be8751189900b0e9be3f7aca32557f588e63c,0.79167
3c01460d9f9bc1dc35b9e169c804c3e9d16bd6a96e5c30adbfd9774144af2709,2026-08-14T19:22:12+00:00,HTC Desire 19s,https://www.whatamobile.com.pk/product/htc-desire-19s-price-in-pakistan/,Yes,false,[],Weight Unknown,[35999.0],whatamobile.com.pk/whatamobile__htc-desire-19s-price-in-pakistan.json,3d94678e9f779e234a2af7f5e87448289a156357fdd6d7bbfbe96495a10e28f5,0.79167
1097396e08645581b95ec1f7dffd651461824bfe6fa2863fd8be82f00e127c83,2026-08-14T19:23:32+00:00,HTC Desire 20 Pro,https://www.whatamobile.com.pk/product/htc-desire-20-pro/,Yes,false,[],Weight Unknown,[66800.0],whatamobile.com.pk/whatamobile__htc-desire-20-pro.json,6db672c4a7a61f9d711ebee53b0783f625c6b4593a42e028e60089f9ea66d911,0.83333
ed5e2f30fbbc49d34321def3c81eddfabce300143a50b14c0c925c5d5f85cab2,2026-08-14T19:23:45+00:00,HTC Droid DNA,https://www.whatamobile.com.pk/product/htc-droid-dna/,Yes,false,[],Weight Unknown,[66899.0],whatamobile.com.pk/whatamobile__htc-droid-dna.json,f6cddc9ba12214eaa4207d46a3d4b42941d0c35574f7e2e96a754b62ace0dc77,0.79167
1bf2681ea04ac51bdc838add97cf1b3486adcc2b8d90bbb037eeac542648621f,2026-08-14T19:22:22+00:00,HTC Exodus 1s,https://www.whatamobile.com.pk/product/htc-exodus-1s-price-in-pakistan/,Yes,false,[],Weight Unknown,[37999.0],whatamobile.com.pk/whatamobile__htc-exodus-1s-price-in-pakistan.json,45298761e3b84d42fe464c31621bd49270a2e4398d4de8986218d41377f13120,0.79167
905cc2b09c3a170d62ffceb2d76a9332cb37370a7adc7750c4cb1a5a2075dde5,2026-08-14T19:22:54+00:00,HTC J,https://www.whatamobile.com.pk/product/htc-j/,Yes,false,[],Weight Unknown,[54000.0],whatamobile.com.pk/whatamobile__htc-j.json,689643c5816b624dea99ba8b993924c35e6217f7022084ff589c4e82dcec7f57,0.70833
dd11ca459a5d8b2fad11dd234294b68a5b33698c78be32b2bd3b7c4b0ffacd93,2026-08-14T17:50:17+00:00,HTC One (E8),https://www.whatamobile.com.pk/product/htc-one-e8/,Yes,false,"[""White"",""Black"",""Red""]",Weight Unknown,[50000.0],whatamobile.com.pk/whatamobile__htc-one-e8.json,92c409428c9e6ef0bb9b843b8a1731522eb8aba67bdf5bf4f34b0dcfa6ecc1e9,0.91667
17e83d311b28ea6cc578e486d8137f82b42582941ef3c90572ac30fb40bc79c7,2026-08-14T19:22:32+00:00,HTC One M9+,https://www.whatamobile.com.pk/product/htc-one-m9/,Yes,false,[],Weight Unknown,[41000.0],whatamobile.com.pk/whatamobile__htc-one-m9.json,a736111b1edb2f0f4fe942c70e7403a6bc0dd9b30ee58e5488d1cfe69051d550,0.79167
c6a7aa8cf69431b58e7c1ccee4e2cc9cd9559dbb944352a9bb5a99bd4fad82f0,2026-08-14T19:22:02+00:00,HTC One X10,https://www.whatamobile.com.pk/product/htc-one-x10-price-in-pakistan/,Yes,false,[],Weight Unknown,[32500.0],whatamobile.com.pk/whatamobile__htc-one-x10-price-in-pakistan.json,9950b26905188e8a684e8c51f7e51659a3087e29fb40660aa049de9a226eec0c,0.79167
71e21484265c3b8ad928347a9928dce6a6e2dbbef785763cbd9a6bb890346038,2026-08-14T19:24:19+00:00,HTC U11+,https://www.whatamobile.com.pk/product/htc-u11/,Yes,false,[],Weight Unknown,[92999.0],whatamobile.com.pk/whatamobile__htc-u11.json,7e618f036cc79442aa30f775a626f168c107149c87feee30317706f554ba26d4,0.79167
3715775de8681384ade40ed9add2b2ab04f988bb90634cf1ed4a4d7f310ebfb0,2026-08-14T19:22:43+00:00,HTC U12 Life,https://www.whatamobile.com.pk/product/htc-u12-life/,Yes,false,[],Weight Unknown,[45700.0],whatamobile.com.pk/whatamobile__htc-u12-life.json,ae3b08a05b9d0339e6116921550d5dd1cd033822ad8204321a1a18e024150c2f,0.79167
2d6d105e0923fdafacf6ce4f474ebacf8f4984f80866074db583ed83e00049db,2026-08-14T19:24:31+00:00,HTC U12+,https://www.whatamobile.com.pk/product/htc-u12/,Yes,false,[],Weight Unknown,[112999.0],whatamobile.com.pk/whatamobile__htc-u12.json,ba6af36b42b6ee459ca0b9f39602800cb2c1bdde0d35bef75626f4c97ea15269,0.83333
fb2e9c089dd591ddd629dc13f05ca2f55d81bf0d79422dcb8917d300d4482b99,2026-08-14T19:24:08+00:00,HTC U19e,https://www.whatamobile.com.pk/product/htc-u19e/,Yes,false,[],Weight Unknown,[74999.0],whatamobile.com.pk/whatamobile__htc-u19e.json,2b507d4b68044c9920abbe0dbc7845b5c5facf28fecac2566aeb225214b29456,0.79167
dc515a4665639994ddff32b6e46240d13332895094779f85e56746846c65415c,2026-08-14T21:53:27+00:00,HTC U23 Pro 5G Dual Sim,https://www.whatamobile.com.pk/product/htc-u23-pro-5g-dual-sim/,Yes,false,"[""Snow White"",""Coffee Black""]",Weight Unknown,[150120.0],whatamobile.com.pk/whatamobile__htc-u23-pro-5g-dual-sim.json,d5984c6b69fe5abb0d83f69bfb7d58114302692f580fbd26045a67d5fe966076,0.91667
6101d31af9f83d84021370e46bb31057a4dd0abde2e034674fc577f0ba04be8d,2026-08-14T19:23:19+00:00,HTC Wildfire R70,https://www.whatamobile.com.pk/product/htc-wildfire-r70/,Yes,false,[],Weight Unknown,[65000.0],whatamobile.com.pk/whatamobile__htc-wildfire-r70.json,7276ceba2accb05ab9e967352cbadc6dcd974254854609feebdbe761bffe1e68,0.83333
2a0443e867f666e66810995b0954c367ae265136d452c915cc804b518766add3,2026-08-14T19:21:51+00:00,HTC Wildfire X,https://www.whatamobile.com.pk/product/htc-wildfire-x-price-in-pakistan/,Yes,false,[],Weight Unknown,[30999.0],whatamobile.com.pk/whatamobile__htc-wildfire-x-price-in-pakistan.json,841a5f7a63e58c2d761e75de5d744ee4eb1779a94620ef369a88ce3abba355ec,0.79167
fa5ad4fba877945e5a3a6a71800a7fd0f9b65ef712123507eee19d84502961f4,2026-08-14T21:32:37+00:00,Huawei Ascend P7,https://www.whatamobile.com.pk/product/huawei-ascend-p7-price-in-pakistan/,Yes,false,[],Weight Unknown,[40990.0],whatamobile.com.pk/whatamobile__huawei-ascend-p7-price-in-pakistan.json,d6d5ff1a70182a15ff75a5f5752ce71ba528d3599d9f14b30101de9d56526f36,0.79167
ce894bf6c8dc8c18bf8ba88cd08d41a3fae4611c79d732986eb6e5ce540e07a0,2026-08-14T19:15:22+00:00,Huawei Enjoy 10s,https://www.whatamobile.com.pk/product/huawei-enjoy-10s-price-in-pakistan/,Yes,false,[],Weight Unknown,[34999.0],whatamobile.com.pk/whatamobile__huawei-enjoy-10s-price-in-pakistan.json,3f6f244b5fbf9587b8cf4a54b63d3f57c6f278831764faaebfc87f329d2ad123,0.79167
36cbaa08e91731625a64bcfeebf877336e67bef99cdcd76cd4497435ec002241,2026-08-14T19:15:11+00:00,Huawei Enjoy 20 SE,https://www.whatamobile.com.pk/product/huawei-enjoy-20-se-price-in-pakistan/,Yes,false,[],Weight Unknown,[31999.0],whatamobile.com.pk/whatamobile__huawei-enjoy-20-se-price-in-pakistan.json,6795f86d848b00294eb740f98fafa6d3522d5c2b0e080a5c912f9b14ce01c159,0.79167
a24accb98f43473cecfc90d4f804fcfaac701b1d6ae65c0824f064643b2fd585,2026-08-14T19:16:30+00:00,Huawei Enjoy 20s,https://www.whatamobile.com.pk/product/huawei-enjoy-20s-price-in-pakistan/,Yes,false,[],Weight Unknown,[47000.0],whatamobile.com.pk/whatamobile__huawei-enjoy-20s-price-in-pakistan.json,54976cd66164b16372d8d6b777d6d5e32cce0096c72022b92c699ef43dd07237,0.79167
b4f11b35512438beeabe54a7b008979cb8bed0fa59fbb6c6c06d385a1603a89b,2026-08-14T19:15:57+00:00,Huawei G9 Plus,https://www.whatamobile.com.pk/product/huawei-g9-plus-price-in-pakistan/,Yes,false,[],Weight Unknown,[41500.0],whatamobile.com.pk/whatamobile__huawei-g9-plus-price-in-pakistan.json,18a5eee32ae1bc22eeebe74cce444673a42cec0c2c5bda83955a51b7e64aeee7,0.79167
b547a8ba2bdeff1458def538c6037462205b1b41f5384f186c2049a622fd29ad,2026-08-14T19:17:45+00:00,Huawei Honor 6A,https://www.whatamobile.com.pk/product/huawei-honor-6a-price-in-pakistan/,Yes,false,[],Weight Unknown,[53700.0],whatamobile.com.pk/whatamobile__huawei-honor-6a-price-in-pakistan.json,130d1a18dccb39e77212288084ffde1c6097a885c03dce7383319826538eec2c,0.79167
d375de2e795a24a6d3d6bed176174a60720947b7d28a8d89a9d3721fed2e9f2c,2026-08-14T21:30:51+00:00,Huawei Honor 7C,https://www.whatamobile.com.pk/product/huawei-honor-7c-price-in-pakistan/,Yes,false,[],Weight Unknown,[25500.0],whatamobile.com.pk/whatamobile__huawei-honor-7c-price-in-pakistan.json,d17a6190c2d196fa068aeaed5a76ec1fe5b8ad02180f8113f9d2cbdc6d719da2,0.79167
a71773ab01b8bc4bbb45f2ba327d4fc481c4082681af700887679bc4fcc7a956,2026-08-14T22:11:34+00:00,Huawei Honor 7i,https://www.whatamobile.com.pk/product/huawei-honor-7i-price-in-pakistan/,Yes,false,[],Weight Unknown,[25149.0],whatamobile.com.pk/whatamobile__huawei-honor-7i-price-in-pakistan.json,4a9c5233c3d20ca3d1c58d6de80fd1302c669a21466899d73fe04f730b8549df,0.79167
9280f11728a439fae76b64a184d75b0b8f43a53e8981f715091abe3ec9adbc7f,2026-08-14T22:36:39+00:00,Huawei Honor 8 Pro,https://www.whatamobile.com.pk/product/huawei-honor-8-pro-price-in-pakistan/,Yes,false,[],Weight Unknown,[59800.0],whatamobile.com.pk/whatamobile__huawei-honor-8-pro-price-in-pakistan.json,a6ae7121a947c128e88b4e1a298c302fb6d5406f2f32da2c960b47e3ca4de770,0.79167
c29e3470ee916ab6ff69d745545769de3e5270918dd4249566b8ee4f45b98c28,2026-08-14T19:19:11+00:00,Huawei Honor Magic 2,https://www.whatamobile.com.pk/product/huawei-honor-magic-2-price-in-pakistan/,Yes,false,[],Weight Unknown,[79999.0],whatamobile.com.pk/whatamobile__huawei-honor-magic-2-price-in-pakistan.json,77511edbb4d912dd3e882c14be2da99a8fa8d5e8ac4bb8fc4148fa74babbdc6c,0.79167
4e085d391f1313c7036106f6a7e6f28e4e35311a53cc02b7600e0ee44928c8fc,2026-08-14T19:18:21+00:00,Huawei Honor Note 10,https://www.whatamobile.com.pk/product/huawei-honor-note-10-price-in-pakistan/,Yes,false,[],Weight Unknown,[61400.0],whatamobile.com.pk/whatamobile__huawei-honor-note-10-price-in-pakistan.json,1c3661fb24b64d33cc21bad24bccb04b4db7357caf5ffbc7039acda42e8dd315,0.79167
2343e8fc774e60266e805d3bc817c1793ec5965e25afc8633667eeddb54a87a6,2026-08-14T19:28:21+00:00,Huawei Honor Play 4T,https://www.whatamobile.com.pk/product/huawei-honor-play-4t/,Yes,false,[],Weight Unknown,[55000.0],whatamobile.com.pk/whatamobile__huawei-honor-play-4t.json,c82d2d410288cddf015a5fa15b3115bc4481fd393e26f4eb9801f69b7e13f71a,0.79167
5d50528105cce2da030746a71d28473ceee6d61f1cb0afcd000ce9469bdef86c,2026-08-14T19:19:36+00:00,Huawei Honor View 20,https://www.whatamobile.com.pk/product/huawei-honor-view-20-price-in-pakistan/,Yes,false,[],Weight Unknown,[88999.0],whatamobile.com.pk/whatamobile__huawei-honor-view-20-price-in-pakistan.json,0db8672a06b442c14cf6b197f415332d3cbceeec35181cca34d8990f5b951495,0.79167
9d1a13f539d4a21870cbd433ad25e4e2fda127cc658d89731d3abbe4b3e86619,2026-08-14T20:40:46+00:00,Huawei Mate 10 Lite,https://www.whatamobile.com.pk/product/huawei-mate-10-lite/,Yes,false,"[""Prestige Gold"",""Graphite Black"",""Aurora Blue""]",Weight Unknown,[34500.0],whatamobile.com.pk/whatamobile__huawei-mate-10-lite.json,75c0e493c6fc72ce64b6d728917a347ef880b5e712755020f35b484a08e46d08,0.83333
d9d1582b47a4b1d7d529e6e987c2e0e93674191fa7b64a1ef196662a88cf47a2,2026-08-14T19:19:24+00:00,Huawei Mate 10 Pro,https://www.whatamobile.com.pk/product/huawei-mate-10-pro-price-in-pakistan/,Yes,false,[],Weight Unknown,[82990.0],whatamobile.com.pk/whatamobile__huawei-mate-10-pro-price-in-pakistan.json,2fa2eb270f45272701ae0adb3369ef81ac27aecddd23064b1a612df0d2f6bfe3,0.79167
f0184a4ce777afdf818d6c344d326255d519e5c99d5aa9b4683da1128cf69b78,2026-08-14T21:16:31+00:00,Huawei Mate 20,https://www.whatamobile.com.pk/product/huawei-mate-20-price-in-pakistan/,Yes,false,[],Weight Unknown,[122000.0],whatamobile.com.pk/whatamobile__huawei-mate-20-price-in-pakistan.json,9af24c88e99be28175f3b2defbed46d8395827eb900b66faf5962e5406c1edb0,0.79167
097c1ef4e62c9c96384979197d89d2e3b1b13a068949ed9ed0ed731f26273822,2026-08-14T21:42:35+00:00,Huawei Mate 20 Pro,https://www.whatamobile.com.pk/product/huawei-mate-20-pro/,Yes,false,"[""Black"",""Emerald Green"",""Twilight""]",Weight Unknown,[164500.0],whatamobile.com.pk/whatamobile__huawei-mate-20-pro.json,dc6d19118d17dd6ccd16f99535ea5cb0bfa148702e8863ebe910d9623e86fb67,0.83333
6702bea874813cc31cbc4d5000441a396d6bc4da7fac7408f2fea8c5cbde4fd5,2026-08-14T22:03:48+00:00,Huawei Mate 20X (5G),https://www.whatamobile.com.pk/product/huawei-mate-20x-5g-price-in-pakistan/,Yes,false,[],Weight Unknown,[169999.0],whatamobile.com.pk/whatamobile__huawei-mate-20x-5g-price-in-pakistan.json,2c3ee24da1beb960a851b75069167ed6943bd5a96321f5ceef5f406f5f19e137,0.79167
f18ee3a180a20f82b7fdb83a0fccf94eb0cc46cac57fb244916c21564fd7a03f,2026-08-14T19:20:26+00:00,Huawei Mate 20X,https://www.whatamobile.com.pk/product/huawei-mate-20x-price-in-pakistan/,Yes,false,[],Weight Unknown,[135000.0],whatamobile.com.pk/whatamobile__huawei-mate-20x-price-in-pakistan.json,83223435f70750753bd6f9429a69edceb7a04b90a06f827d708a8e4b8b123dc0,0.83333
0cd3c7efdf1c90c8e3ee6c58af07c30fceca8c15233c8d115cd214f111f9162c,2026-08-14T19:20:38+00:00,Huawei Mate 30,https://www.whatamobile.com.pk/product/huawei-mate-30-price-in-pakistan/,Yes,false,[],Weight Unknown,[139999.0],whatamobile.com.pk/whatamobile__huawei-mate-30-price-in-pakistan.json,95f8fbe89ed4ccb9840dc04811d237c41d4491a5d6b8f2215ee297e680893652,0.79167
7b1e456780e4ee5cc9d7aba354293b154e21a0b40df108cdfa8e90f4a838fadf,2026-08-14T22:00:03+00:00,Huawei Mate 40 Lite,https://www.whatamobile.com.pk/product/huawei-mate-40-lite-price-in-pakistan/,Yes,false,[],Weight Unknown,[125000.0],whatamobile.com.pk/whatamobile__huawei-mate-40-lite-price-in-pakistan.json,0e1900b38b6dda7130094d2b1a1be939e0bba4ecf70413c47dfa66b473c911db,0.79167
dc267e58bc5022b696c27d89032e55677287e2b05b80e369dedc0e8b0e46c315,2026-08-14T21:33:40+00:00,Huawei Mate 40 Pro,https://www.whatamobile.com.pk/product/huawei-mate-40-pro-price-in-pakistan/,Yes,false,[],Weight Unknown,[167999.0],whatamobile.com.pk/whatamobile__huawei-mate-40-pro-price-in-pakistan.json,ed782c4d8e078283f6658288cead5e0cf6dd8308cc9856b1559ae6e976b92959,0.79167
80a7c3a79cf4f12b791a9a1bca6687dbdffd881cda1ca90ec8264308c12dc405,2026-08-14T19:20:02+00:00,Huawei Mate 40E,https://www.whatamobile.com.pk/product/huawei-mate-40e-price-in-pakistan/,Yes,false,[],Weight Unknown,[127999.0],whatamobile.com.pk/whatamobile__huawei-mate-40e-price-in-pakistan.json,08bc55a876ea0dec992c347d5d061ee956f2eb1b8f4ea6d0f68dcc92435e1b49,0.79167
38de3666bfb144eff80b65071096c4182f41255e21e9364885867e5e2fef502c,2026-08-14T22:22:27+00:00,Huawei Mate 8,https://www.whatamobile.com.pk/product/huawei-mate-8-price-in-pakistan/,Yes,false,[],Weight Unknown,[41999.0],whatamobile.com.pk/whatamobile__huawei-mate-8-price-in-pakistan.json,cbef3a1d99458e941719af4fd44b8449e39d267d32a9d0e18967ced9402be52d,0.79167
2263cdd631bf2b5c9c71755b5b15c40a305fed37f1a3e97cb88aaf2a009a6017,2026-08-14T20:20:28+00:00,Huawei Mate 9,https://www.whatamobile.com.pk/product/huawei-mate-9-price-in-pakistan/,Yes,false,[],Weight Unknown,[142449.0],whatamobile.com.pk/whatamobile__huawei-mate-9-price-in-pakistan.json,b970a0772a1919b6818aea87074b411c5c5005205a18706136925953520535b0,0.79167
e0fdeebc691b806683d5d67c7415fae2b2f4b2d7b408e1e5c2044d2b8670ac53,2026-08-14T19:42:20+00:00,Huawei Mate X,https://www.whatamobile.com.pk/product/huawei-mate-x/,Yes,false,"[""Interstellar Blue""]",Weight Unknown,[355000.0],whatamobile.com.pk/whatamobile__huawei-mate-x.json,e8582016fdffd55dc0d4198eead1d8973b28bf2dfb09cf03fcbdbd85d80afafe,0.83333
9cd9d6243d767943f0d53d83cce09362283df359cfd565d9ea26f1a3cde4acce,2026-08-14T19:16:59+00:00,Huawei Nexus 6P,https://www.whatamobile.com.pk/product/huawei-nexus-6p-price-in-pakistan/,Yes,false,[],Weight Unknown,[49890.0],whatamobile.com.pk/whatamobile__huawei-nexus-6p-price-in-pakistan.json,7d6e10b3f8f95230c30f24e566b61bfc67ff595201f6dfd81d4409918a257f59,0.79167
81dec6e0cffd9f704c68b494107ae1ee1c30f33d035b8074c2c3dc7c9ccd06c4,2026-08-14T20:23:24+00:00,Huawei Nova 10,https://www.whatamobile.com.pk/product/huawei-nova-10-price-in-pakistan/,Yes,false,[],Weight Unknown,[128999.0],whatamobile.com.pk/whatamobile__huawei-nova-10-price-in-pakistan.json,b700894dd9aecf0b21eee5b0fc8868f813da4d1ac74edebd63c6d2b5cd77e1fd,0.83333
e9faa2465079171b827b801b0a4cd16103858b85eec4bed3082de4b9909ba0b3,2026-08-14T20:21:07+00:00,Huawei Nova 10 Pro,https://www.whatamobile.com.pk/product/huawei-nova-10-pro-price-in-pakistan/,Yes,false,[],Weight Unknown,[144999.0],whatamobile.com.pk/whatamobile__huawei-nova-10-pro-price-in-pakistan.json,d2babc03a91a19b334facd32376a3df6cab04b5b731c638ea5a13651fae62ae2,0.83333
c261ff4a1ad55db46069e2695f7b88d2d64060727638aa805b9d5f5bca41656d,2026-08-14T19:20:15+00:00,Huawei Nova 10z,https://www.whatamobile.com.pk/product/huawei-nova-10z-price-in-pakistan/,Yes,false,[],Weight Unknown,[128999.0],whatamobile.com.pk/whatamobile__huawei-nova-10z-price-in-pakistan.json,a12b3625cc7d5190ad286111ca0aed687de9c981cd138b87b0a547d434d078af,0.83333
a8e0d9906f463aa25493f41f3cf11fdad7b0533839cdbae1bb0a9a62003e693c,2026-08-14T22:27:30+00:00,Huawei Nova 2 Plus,https://www.whatamobile.com.pk/product/huawei-nova-2-plus/,Yes,false,[],Weight Unknown,[53700.0],whatamobile.com.pk/whatamobile__huawei-nova-2-plus.json,b6b10e76f7e28539a1c0a2a7b1671a96012441e792728413338b9eea42c1d0fd,0.79167
ce52e9bf47630c5fa52e76a7b8c1d8290422dd5acc5b7dc472af5f7565a8a112,2026-08-14T21:55:07+00:00,Huawei Nova 2,https://www.whatamobile.com.pk/product/huawei-nova-2-price-in-pakistan/,Yes,false,[],Weight Unknown,[46000.0],whatamobile.com.pk/whatamobile__huawei-nova-2-price-in-pakistan.json,87f0010107b3220d93e37f51cd7d45e419d56efc605a6b518e2e616c122f3b33,0.79167
154566deff2ab612b0374345c2e0c0960273f6665c3557e9ffd76390a9a07906,2026-08-14T22:10:53+00:00,Huawei Nova 3,https://www.whatamobile.com.pk/product/huawei-nova-3/,Yes,false,"[""Iris Purple"",""Black"",""Airy blue"",""Red""]",Weight Unknown,[60000.0],whatamobile.com.pk/whatamobile__huawei-nova-3.json,b72a40afee1ab68354856088c3a11963287e37845f8375fda876a75c70a2c640,0.83333
8ee24e989a2e6b5ce7fa45ce5e096b2dab471db838ecbd2e2ec105ffe95c7821,2026-08-14T22:26:04+00:00,Huawei Nova 3i,https://www.whatamobile.com.pk/product/huawei-nova-3i/,Yes,false,"[""Iris Purple"",""Black"",""Pearl White""]",Weight Unknown,[44000.0],whatamobile.com.pk/whatamobile__huawei-nova-3i.json,7a24d675105c766916a254653e54ffe0a0339425310cfac95b258873151fbc63,0.83333
26aa214d617bc57126839395890bf54bf6f760edd72e098ec90f81743038ad30,2026-08-14T19:18:47+00:00,Huawei Nova 4,https://www.whatamobile.com.pk/product/huawei-nova-4-price-in-pakistan/,Yes,false,[],Weight Unknown,[69999.0],whatamobile.com.pk/whatamobile__huawei-nova-4-price-in-pakistan.json,19e0ac3758cb2fbc66da2c09c8d0aac8d6fde6b12e93e286e839ee436928b439,0.79167
9addc6db67c550f1a7beb47c886362c0dbe550dad39257df4228be4a8fab3ae8,2026-08-14T19:16:08+00:00,Huawei Nova 4e,https://www.whatamobile.com.pk/product/huawei-nova-4e-price-in-pakistan/,Yes,false,[],Weight Unknown,[42999.0],whatamobile.com.pk/whatamobile__huawei-nova-4e-price-in-pakistan.json,ae62ba27ddfaedde35ac238a7f8f2480a92f5b6a9fd2d0ed5ddf7c474525bf28,0.79167
b1ba2efccb14a30a652fd23add0a27286319d952124e1145f0df950069b23cc8,2026-08-14T21:45:23+00:00,Huawei Nova 5 Pro,https://www.whatamobile.com.pk/product/huawei-nova-5-pro-price-in-pakistan/,Yes,false,[],Weight Unknown,[125999.0],whatamobile.com.pk/whatamobile__huawei-nova-5-pro-price-in-pakistan.json,11a10cdc3eb8c25e0a6086aec8e3c864aef18ec1fad7661e0a4a86bb1e2ed1f5,0.79167
269a8f1cafefade2cdea48990e39b530090d7c1aab961ddfb10ea8eaf465b62b,2026-08-14T21:28:24+00:00,Huawei Nova 5T,https://www.whatamobile.com.pk/product/huawei-nova-5t-price-in-pakistan/,Yes,false,[],Weight Unknown,[65999.0],whatamobile.com.pk/whatamobile__huawei-nova-5t-price-in-pakistan.json,2fe9966c358e00038e362ac25206a663e4a859f782a4bec8f8c4ce75ae5e5722,0.79167
7d7dd0aa2685694319adc00022f330aec86204c2c96f4c44183316323326fb61,2026-08-14T19:15:46+00:00,Huawei Nova 5z,https://www.whatamobile.com.pk/product/huawei-nova-5z-price-in-pakistan/,Yes,false,[],Weight Unknown,[38999.0],whatamobile.com.pk/whatamobile__huawei-nova-5z-price-in-pakistan.json,bbc9000e6986617ecd19a3917eddb076f2a7ce220105bed2b483ffaaae06f6dd,0.75000
2284f65a14eb6fe0b5648c418f5cfadc8040ecdf5d9dbaf4bbdb48af4c9bae35,2026-08-14T22:17:15+00:00,Huawei Nova 6 Pro 5G,https://www.whatamobile.com.pk/product/huawei-nova-6-pro-5g-price-in-pakistan/,Yes,false,[],Weight Unknown,[90000.0],whatamobile.com.pk/whatamobile__huawei-nova-6-pro-5g-price-in-pakistan.json,982f8df9b7e06a7852322885d13a17c117d1795fb281175590a9be0aeaafe422,0.79167
4f5278df614838eccda79915ad15f3d66470ef4e7d2d74f1055f13d5f617ef4e,2026-08-14T19:17:33+00:00,Huawei Nova 6 SE,https://www.whatamobile.com.pk/product/huawei-nova-6-se-price-in-pakistan/,Yes,false,[],Weight Unknown,[52999.0],whatamobile.com.pk/whatamobile__huawei-nova-6-se-price-in-pakistan.json,4981ae222110eccfcca0554bf35b2788e217535b4e371dc7917da9dee1e5286f,0.79167
3f4b1b319a801ac665f2b00d1c7f7ae1edf20d43186c0e4e16741db7d08c028e,2026-08-14T21:40:06+00:00,Huawei Nova 7,https://www.whatamobile.com.pk/product/huawei-nova-7-price-in-pakistan/,Yes,false,[],Weight Unknown,[75999.0],whatamobile.com.pk/whatamobile__huawei-nova-7-price-in-pakistan.json,498d4cb8eb65fd38854def6685104f2cf7897117b19e979c3d63063179983b2b,0.79167
f128b08a334cbc0774b2d25971a91cceeae72347642323aca1b9556acee4d0f0,2026-08-14T21:01:07+00:00,Huawei Nova 7 SE 5G,https://www.whatamobile.com.pk/product/huawei-nova-7-se-5g-price-in-pakistan/,Yes,false,[],Weight Unknown,[59999.0],whatamobile.com.pk/whatamobile__huawei-nova-7-se-5g-price-in-pakistan.json,d9880b8b4643bf75ed486e2e2fb4d870ad77e98ae0617cdf061ba0ebacde0f9f,0.79167
342812a72531653d3494e5ff045b8d061f45ba54f70b0fb7563ae47b08c4126d,2026-08-14T19:19:49+00:00,Huawei Nova 8 Pro 5G,https://www.whatamobile.com.pk/product/huawei-nova-8-pro-5g-price-in-pakistan/,Yes,false,[],Weight Unknown,[91000.0],whatamobile.com.pk/whatamobile__huawei-nova-8-pro-5g-price-in-pakistan.json,a8ab793cf9da3e8b1291df263264d514229220c3c638a4110816fbefb72a82c9,0.83333
25c4c7ad7a31e31c1c433723045460d7d364c47652af6fbac96e8234a2a53ad9,2026-08-14T21:08:40+00:00,Huawei Nova 8i,https://www.whatamobile.com.pk/product/huawei-nova-8i-price-in-pakistan/,Yes,false,[],Weight Unknown,[49999.0],whatamobile.com.pk/whatamobile__huawei-nova-8i-price-in-pakistan.json,f0a0482f21a9c92dd36fc4abc220458977ec7d68549c31ce072ec09b2b84ab99,0.79167
d92a76ca98a993cb1e550c8c78ed5d740be4044d80cbc269fa716a38b1700345,2026-08-14T21:34:09+00:00,Huawei Nova 9,https://www.whatamobile.com.pk/product/huawei-nova-9-price-in-pakistan/,Yes,false,[],Weight Unknown,[107999.0],whatamobile.com.pk/whatamobile__huawei-nova-9-price-in-pakistan.json,5f9e1f6c9b044a6d849a1fe86189ecd6d634c78394deef223347d549827f7a30,0.83333
f728159e45e2e5784db241ea10e7b3e63bdc3840daa23db94bb398f6cf23c13d,2026-08-14T21:03:33+00:00,Huawei Nova 9 Pro,https://www.whatamobile.com.pk/product/huawei-nova-9-pro-price-in-pakistan/,Yes,false,[],Weight Unknown,[114999.0],whatamobile.com.pk/whatamobile__huawei-nova-9-pro-price-in-pakistan.json,558dd2744a86d897fd4c99c38abfe3597a4a74e861e5daf3d4f9cb74e649efba,0.83333
f74baa4f4f10e609ff084648e797cffd2812f0bdc358a25915dd914e5a523723,2026-08-14T21:43:14+00:00,Huawei Nova,https://www.whatamobile.com.pk/product/huawei-nova-price-in-pakistan/,Yes,false,[],Weight Unknown,[30000.0],whatamobile.com.pk/whatamobile__huawei-nova-price-in-pakistan.json,03b178888260e44a05959bc93f5ad4d3b2c1e9efc5487a4f3ad5d995e0341c57,0.79167
40b6aa6ae76cb93838fb217dd2a5f2a7534f1c653df44ff315c182b1e691a3f4,2026-08-14T21:52:36+00:00,Huawei Nova Y61,https://www.whatamobile.com.pk/product/huawei-nova-y61-price-in-pakistan/,Yes,false,[],Weight Unknown,[39999.0],whatamobile.com.pk/whatamobile__huawei-nova-y61-price-in-pakistan.json,4b9752ba3ac9fc56949fa8278ed6be355c41e4acb81962a9328d303c1898eb75,0.75000
c26707da4088b41b5da51a7cbeee5376170d882616cc8746827abc46ca71cea2,2026-08-14T22:04:38+00:00,Huawei Nova Y70 Plus,https://www.whatamobile.com.pk/product/huawei-nova-y70-plus-price-in-pakistan/,Yes,false,[],Weight Unknown,[44999.0],whatamobile.com.pk/whatamobile__huawei-nova-y70-plus-price-in-pakistan.json,36d169bd0bc70898932484ac928ddd4e2aa0f775cf780f7fe39ed1fcaad14fc5,0.75000
0c842c6df218b44fd20a628f753f1074a7393debb9a124a39a5b4f3bf2966a66,2026-08-14T19:16:41+00:00,Huawei Nova Y90,https://www.whatamobile.com.pk/product/huawei-nova-y90-price-in-pakistan/,Yes,false,[],Weight Unknown,[48999.0],whatamobile.com.pk/whatamobile__huawei-nova-y90-price-in-pakistan.json,85f7ac863ff8d6f979a0451aa5404b0932d8baec656f045e9377fe31c332f53c,0.79167
75fb10cd796d19ecddbb332808be6a45bcc914e522473339f7bf33e80bbd98ae,2026-08-14T19:18:10+00:00,Huawei P Smart Pro 2019,https://www.whatamobile.com.pk/product/huawei-p-smart-pro-2019-price-in-pakistan/,Yes,false,[],Weight Unknown,[60999.0],whatamobile.com.pk/whatamobile__huawei-p-smart-pro-2019-price-in-pakistan.json,6ccde35b136ba1ea154945159e4d6b5c0f7a6891a26d3b9d3dc40050202f0b68,0.75000
6e4135b0f30b90ac20472bc724f2afd784a542184b62b02a98083dcf28bf7237,2026-08-14T19:17:11+00:00,Huawei P Smart S,https://www.whatamobile.com.pk/product/huawei-p-smart-s-price-in-pakistan/,Yes,false,[],Weight Unknown,[50000.0],whatamobile.com.pk/whatamobile__huawei-p-smart-s-price-in-pakistan.json,fee58dea4b848ca534ded5999c4674dee807542fc0cd1f1a65b639f07ed7a33b,0.79167
4f0280116f24a2334439162e97c08cabbe12595ec6046d8004d3ed795f8b5cb5,2026-08-14T21:22:10+00:00,Huawei P smart,https://www.whatamobile.com.pk/product/huawei-p-smart/,Yes,false,"[""Black"",""Blue""]",Weight Unknown,[23500.0],whatamobile.com.pk/whatamobile__huawei-p-smart.json,23ad4562192a42ad4165776f7742b20cc5f72ca90f053ff82de6d55fd43d242f,0.83333
8e966901430b44cceebdad664b8e5db9b54a4073ac3d3ab3c681fc0cdf4da58f,2026-08-14T22:25:53+00:00,Huawei P10 Lite,https://www.whatamobile.com.pk/product/huawei-p10-lite-price-in-pakistan/,Yes,false,[],Weight Unknown,[31999.0],whatamobile.com.pk/whatamobile__huawei-p10-lite-price-in-pakistan.json,f54f31adfbabc60bb6c8f148c865d0af041ebfd85d6f7c35d3a930df69b38ed5,0.79167
851b44e09dd49a696a4cddb965a81e1384e3ad3a1be7e788c5f1e4867c5d933b,2026-08-14T19:19:00+00:00,Huawei P10 Plus,https://www.whatamobile.com.pk/product/huawei-p10-plus-price-in-pakistan/,Yes,false,[],Weight Unknown,[71999.0],whatamobile.com.pk/whatamobile__huawei-p10-plus-price-in-pakistan.json,62dc68bf6d70eb46aa93f325069f261746912a8b10d664ea9fa85a41797ade20,0.79167
bfc458e8b4117e7365dae878584abf4ca032343b62d16203b38b1bab585f0c63,2026-08-14T22:11:45+00:00,Huawei P10,https://www.whatamobile.com.pk/product/huawei-p10-price-in-pakistan/,Yes,false,[],Weight Unknown,[54500.0],whatamobile.com.pk/whatamobile__huawei-p10-price-in-pakistan.json,ad076c334c022cde699756ae137f2111f3ee18ad878cce61dca2ac23ec68ac36,0.79167
baf60c61b091f763a7fd198121c3315442851111fd4e4f06ff93171e084839b2,2026-08-14T22:14:57+00:00,Huawei P20 lite,https://www.whatamobile.com.pk/product/huawei-p20-lite/,Yes,false,"[""Klein Blue"",""Midnight Black""]",Weight Unknown,[34500.0],whatamobile.com.pk/whatamobile__huawei-p20-lite.json,f0ba1f83df247a2bb6eb4aed44093ac06f78590f7e6dfd46e9d60724957dfbf3,0.83333
b60d12633ed24e113989f8d369970ecb1af5eaecc3624e7cb065a6ddb31e6182,2026-08-14T22:15:07+00:00,Huawei P20 Pro,https://www.whatamobile.com.pk/product/huawei-p20-pro/,Yes,false,"[""Midnight Blue"",""Black"",""Twilight""]",Weight Unknown,[100000.0],whatamobile.com.pk/whatamobile__huawei-p20-pro.json,a5c3ca2869140cfcafc8e9f39fa65bafb481de6b81773030ab8d1e359c46cf78,0.83333
121d7bf7943594396516cb023dcdfbd509029314a0c40ebe773af2833a923048,2026-08-14T19:41:28+00:00,Huawei P20,https://www.whatamobile.com.pk/product/huawei-p20/,Yes,false,"[""Midnight Blue"",""Black"",""Champagne Gold"",""Twilight"",""Pink Gold""]",Weight Unknown,[34500.0],whatamobile.com.pk/whatamobile__huawei-p20.json,db8c019ad29151c09751d518628ba93d07f6f221bebe6801170100a1094e3fcb,0.83333
52297bd2c3b33f5828b358ceb00bff3216c20ca9c047baa1fd90a421430089a1,2026-08-14T21:16:59+00:00,Huawei P30 Lite,https://www.whatamobile.com.pk/product/huawei-p30-lite-price-in-pakistan/,Yes,false,[],Weight Unknown,[39999.0],whatamobile.com.pk/whatamobile__huawei-p30-lite-price-in-pakistan.json,295df18a5813f61643cb57928bd14f5d62290dafa1ae0341f9d227db1d954d59,0.79167
74aa3797dc85f4e42eb650610f16cb423e83debb966e7531eccb5283c5eb16fd,2026-08-14T22:47:03+00:00,Huawei P30,https://www.whatamobile.com.pk/product/huawei-p30-price-in-pakistan/,Yes,false,[],Weight Unknown,[89999.0],whatamobile.com.pk/whatamobile__huawei-p30-price-in-pakistan.json,02ce138b880fae4048cc48bdde6784e50ed5b65fc8484387a46a96c2dd84ef58,0.83333
fed575495d17ddfb464602fbd77caaae0977062395ce1b31518d65c6ffd7e5db,2026-08-14T19:20:52+00:00,Huawei P30 Pro New Edition Price & Specs,https://www.whatamobile.com.pk/product/huawei-p30-pro-new-edition-price-in-pakistan/,Yes,false,[],Weight Unknown,[140000.0],whatamobile.com.pk/whatamobile__huawei-p30-pro-new-edition-price-in-pakistan.json,99e04cf691bb9340a39d51e43e34bea7fca30edac2bd1ebbba5f32f9d6044ba9,0.79167
e4a7bb072bf4c46100df74ab35e35f6ca5cde912cd6ff0c6436a92fa87f63ae8,2026-08-14T22:58:28+00:00,Huawei P30 Pro,https://www.whatamobile.com.pk/product/huawei-p30-pro-price-in-pakistan/,Yes,false,[],Weight Unknown,[157600.0],whatamobile.com.pk/whatamobile__huawei-p30-pro-price-in-pakistan.json,95e0f50f4b514f9fc14446477df66444ee8982d3a51e377286bff82f94a81164,0.83333
5327499e773f092bb6a3ab00ccdb0c228a4fc883809c3428f179db4d4f58ef2e,2026-08-14T21:11:18+00:00,Huawei P40 4G,https://www.whatamobile.com.pk/product/huawei-p40-4g-price-in-pakistan/,Yes,false,[],Weight Unknown,[149999.0],whatamobile.com.pk/whatamobile__huawei-p40-4g-price-in-pakistan.json,796892de12a7fc314dd5c82acff3d773fce55859b78e8fbeb7ec53bb67ff5d52,0.79167
214f611de0df4c95bf058a0bad2088e86d1bd6c6c72d9dcba443e0f96ae8324d,2026-08-14T20:49:58+00:00,Huawei P40 Plus,https://www.whatamobile.com.pk/product/huawei-p40-plus-price-in-pakistan/,Yes,false,[],Weight Unknown,[105000.0],whatamobile.com.pk/whatamobile__huawei-p40-plus-price-in-pakistan.json,3f30cc53bfe988eff8caaa72763e9428d4fce06406a76c41613a9ac9364ba106,0.79167
9b19b4cfeea62385d737b7200fd2a2396982db95d975553536c8c29e2ef2697c,2026-08-14T22:34:34+00:00,Huawei P40 Pro Premium,https://www.whatamobile.com.pk/product/huawei-p40-pro-premium-price-in-pakistan/,Yes,false,[],Weight Unknown,[135000.0],whatamobile.com.pk/whatamobile__huawei-p40-pro-premium-price-in-pakistan.json,028c23692b84bbd91781f3ba15b2d3a6a4e7685758d380501c615f91090374b9,0.83333
fbdb91777cedae382c3b3054043d74c36f600cb3cb603d8e09c1b7d13765b902,2026-08-14T19:21:02+00:00,Huawei P50,https://www.whatamobile.com.pk/product/huawei-p50-price-in-pakistan/,Yes,false,[],Weight Unknown,[158999.0],whatamobile.com.pk/whatamobile__huawei-p50-price-in-pakistan.json,2da185dc60a553715116400d4bee36639087c78a050382b47c246df9664ba701,0.83333
f234d2e49eb99781ad9d6464bca4cf327c0725ac7c1879255ba8fb185c2095f4,2026-08-14T19:21:15+00:00,Huawei P50 Pro,https://www.whatamobile.com.pk/product/huawei-p50-pro-price-in-pakistan/,Yes,false,[],Weight Unknown,[159999.0],whatamobile.com.pk/whatamobile__huawei-p50-pro-price-in-pakistan.json,f1533878422d20e35c91407dd3d22d789acfaa352b77898c2036125a9c335b47,0.83333
5247464fb9ac5971dc1b9ed537b9c4571690a19a985be86ed1c8c1cad856c646,2026-08-14T21:41:36+00:00,Huawei P8 Max,https://www.whatamobile.com.pk/product/huawei-p8-max-price-in-pakistan/,Yes,false,[],Weight Unknown,[50999.0],whatamobile.com.pk/whatamobile__huawei-p8-max-price-in-pakistan.json,3a054a8be220bff330a381b09355674dde98a22741fd4e5ca60396dea5027e54,0.79167
9597b3b672d8d91d3b9f856c7976fd7944eb24cd9febc1fa07bd2fd2e5b56bf4,2026-08-14T21:08:31+00:00,Huawei P9 Plus,https://www.whatamobile.com.pk/product/huawei-p9-plus-price-in-pakistan/,Yes,false,[],Weight Unknown,[58899.0],whatamobile.com.pk/whatamobile__huawei-p9-plus-price-in-pakistan.json,0ee9d60bf75370275feadadd31c049b2ebe194e1efd0ccac4034fee7ad8bb8c1,0.79167
4e426a7fcf0871c2d43a07906f171f7f3071bec3d039bd09863f0b3d8b561017,2026-08-14T19:16:18+00:00,Huawei P9,https://www.whatamobile.com.pk/product/huawei-p9-price-in-pakistan/,Yes,false,[],Weight Unknown,[45000.0],whatamobile.com.pk/whatamobile__huawei-p9-price-in-pakistan.json,fba0f4c3fa80bd11a566d8306ab8c6bb178017424d950c7ee5d264117ad059c0,0.79167
5ee9bff9f8b6d6d9a5ad71a10ee12a3c4483c4183af4dbf7cdca320ca6a5f523,2026-08-14T20:14:46+00:00,Huawei Y Max,https://www.whatamobile.com.pk/product/huawei-y-max-price-in-pakistan/,Yes,false,[],Weight Unknown,[44999.0],whatamobile.com.pk/whatamobile__huawei-y-max-price-in-pakistan.json,cba0d7caf5612afeddd4e23277a2a4c4e410abf390e376d64eb65ae775a0f2bc,0.79167
673064675f617cad98f29094384e7e52d2b954c3fb4cf611b3f0650dcd8fc295,2026-08-14T19:41:17+00:00,HUAWEI Y5 lite,https://www.whatamobile.com.pk/product/huawei-y5-lite/,Yes,false,"[""Black"",""Blue""]",Weight Unknown,[16000.0],whatamobile.com.pk/whatamobile__huawei-y5-lite.json,59a2eb7910f23dc9efe3f23f5001749adc4c8e4ab2cdfd9fc57a1400f79a0da7,0.83333
a96ac9cc201b9b96124fbb814a76f2c07517d591a01cb8ef904dd5f70381bf96,2026-08-14T21:28:43+00:00,Huawei Y7 2020,https://www.whatamobile.com.pk/product/huawei-y7-2020-price-in-pakistan/,Yes,false,[],Weight Unknown,[44000.0],whatamobile.com.pk/whatamobile__huawei-y7-2020-price-in-pakistan.json,c9d3fa9ae80b989a665dc3e8978529f4c9e75b74aef91c23890c02d47c06a92d,0.79167
acd97a0dfd3608052b9b76e4c59899fb32f14404bf42eb50e6659a96940540a9,2026-08-14T21:56:08+00:00,Huawei Y7 Prime,https://www.whatamobile.com.pk/product/huawei-y7-prime/,Yes,false,"[""Coral Red"",""Aurora Blue"",""Midnight Black""]",Weight Unknown,[28500.0],whatamobile.com.pk/whatamobile__huawei-y7-prime.json,97bd6ed19584fe6a31957c1f37e9e21282ab18852822f058a477f9ce12c4c340,0.83333
24a89503670df9314fd6d199646b61ee55bf898abe8381492cc81871d61679b0,2026-08-14T19:15:33+00:00,Huawei Y7a,https://www.whatamobile.com.pk/product/huawei-y7a-price-in-pakistan/,Yes,false,[],Weight Unknown,[35999.0],whatamobile.com.pk/whatamobile__huawei-y7a-price-in-pakistan.json,16c4c9be9c4bf7d0b31c74cf908ed08649315b5df3c2dd4cb2980034908bd2b7,0.79167
f6097d01e262e91ae05c6c94f0c4e1d4c0721e852f7ef34a35fd833ddcd0e9f8,2026-08-14T19:14:58+00:00,Huawei Y7p,https://www.whatamobile.com.pk/product/huawei-y7p-price-in-pakistan/,Yes,false,[],Weight Unknown,[28999.0],whatamobile.com.pk/whatamobile__huawei-y7p-price-in-pakistan.json,376685f85015152043c311967e9600017fc31c17cb631dcc31589199de48a942,0.79167
16dc132f32dc6f3d714a031c1f30a45242115e7ac618efb723fe69103b54f6b0,2026-08-14T22:13:27+00:00,Huawei Y8s,https://www.whatamobile.com.pk/product/huawei-y8s-price-in-pakistan/,Yes,false,[],Weight Unknown,[29999.0],whatamobile.com.pk/whatamobile__huawei-y8s-price-in-pakistan.json,8c378e34a7d78c89aa7e6addc6c5785679433ab10c727783cdcdca14b219d495,0.79167
2c51ce85dd7764432bcb15dcdb85d4a44858adec5fe08012c0647ebf4965f54f,2026-08-14T20:42:07+00:00,Huawei Y9 Prime 2019,https://www.whatamobile.com.pk/product/huawei-y9-prime-2019-price-in-pakistan/,Yes,false,[],Weight Unknown,[31999.0],whatamobile.com.pk/whatamobile__huawei-y9-prime-2019-price-in-pakistan.json,a3eff3c434967f723fbb0ac396bbc97db3509047d5b45917803249c5ca362472,0.79167
0d7e10e8aec27fa6190efb0d9b9188422941fcf4b1bb9003f1d140ccabd13a26,2026-08-14T21:06:28+00:00,Huawei Y9,https://www.whatamobile.com.pk/product/huawei-y9/,Yes,false,"[""Aurora Purple"",""Midnight Black"",""Sapphire Blue""]",Weight Unknown,[40500.0],whatamobile.com.pk/whatamobile__huawei-y9.json,f15165bedbdb181a7aec518d1b4d8cf7eb0c4f17645ba306e3a989ce6a9fe897,0.83333
6dd52806c7f26772668b3a69ae059f404b1de45a0839a6af2ac6632da3a81c16,2026-08-14T20:58:45+00:00,Huawei Y9a,https://www.whatamobile.com.pk/product/huawei-y9a-price-in-pakistan/,Yes,false,[],Weight Unknown,[43999.0],whatamobile.com.pk/whatamobile__huawei-y9a-price-in-pakistan.json,cd10aaec7d406e79e83003f3c044b2479c771371f723e62b87e02f5399a2d88e,0.79167
2317ddd668f3e0b66b63806d56f5dbb4c8a706e3f2449832f58b64cedc333fcf,2026-08-14T20:54:18+00:00,Huawei Y9s,https://www.whatamobile.com.pk/product/huawei-y9s-price-in-pakistan/,Yes,false,[],Weight Unknown,[40999.0],whatamobile.com.pk/whatamobile__huawei-y9s-price-in-pakistan.json,446694fb69ecb435466de32e4751a137908308692de4a0d8fda1a0105355e1aa,0.79167
5e3c56dd6e8be454b07b0dc71c354f265c63aff73581ba5f57ea71a5a0664a72,2026-08-14T20:11:27+00:00,i9 Ultra Max Smart Watch,https://www.whatamobile.com.pk/product/i9-ultra-max-smart-watch/,,false,[],Weight Unknown,[1379.0],whatamobile.com.pk/whatamobile__i9-ultra-max-smart-watch.json,a7906d7da67a8f705c58cd9ddfd6e2e4304044b75e3ee4bec4d23378cf028606,0.08333
932022faf41be2a550e9d68d16a99d73ab09635fecce1dbfc9ac0b2765cdf774,2026-08-14T22:41:01+00:00,Infinix GT 10 Pro,https://www.whatamobile.com.pk/product/infinix-gt-10-pro/,Yes,false,[],Weight Unknown,[79999.0],whatamobile.com.pk/whatamobile__infinix-gt-10-pro.json,c3264549a13da765e50d3b85e1e461df15bb641257427ed37c48b7f5b28e9192,0.83333
6f185242ce900f58a1fc0f222f6ea8cf010992a3cefb437c7479ad5ac00845cc,2026-08-14T22:06:10+00:00,Infinix GT 20 Pro,https://www.whatamobile.com.pk/product/infinix-gt-20-pro/,Yes,false,[],Weight Unknown,[94999.0],whatamobile.com.pk/whatamobile__infinix-gt-20-pro.json,afe52d33fe102b81516515f65b4a4fe7f2743fa4772ecb7cd03ade618bb85f9b,0.83333
fff46647414199bfe43e10274c3235655dc75f3701231966b9c01fd6d06c5493,2026-08-14T20:19:25+00:00,Infinix Hot 10 Play 64GB,https://www.whatamobile.com.pk/product/infinix-hot-10-play-64gb/,Yes,false,"[""Aegean blue | Morandi Green | Obsidian Black""]",Weight Unknown,[20999.0],whatamobile.com.pk/whatamobile__infinix-hot-10-play-64gb.json,203b0e92bde01d7c293108eedb124f576e18a3af24e23772bc15f443abe05129,0.87500
bc9aa6f61d29b09e0d7b865abf3dac96ead8083042d37f3a8b53dd036da48244,2026-08-14T22:42:18+00:00,Infinix Hot 10 Play,https://www.whatamobile.com.pk/product/infinix-hot-10-play/,Yes,false,"[""Aegean blue | Morandi Green | Obsidian Black""]",Weight Unknown,[15999.0],whatamobile.com.pk/whatamobile__infinix-hot-10-play.json,f129334a699d377cabc4c90be62fa39cf9ab4e40f8c9cf2defaa12257ee636e8,0.87500
f28329b89503c429b6df0f2ee76d30917ba77fa67ab0b1e2297f9b41ea6efd37,2026-08-14T22:24:14+00:00,Infinix Hot 10i,https://www.whatamobile.com.pk/product/infinix-hot-10i/,Yes,false,"[""Black | Purple | Morandi Green | Heart of Ocean""]",Weight Unknown,[20999.0],whatamobile.com.pk/whatamobile__infinix-hot-10i.json,8453f09836b148f5563ccb828b08ca7c9edc086f1ab1e1ebbf7f4ed9083fecb1,0.87500
6a9413ef852932d376d6880e1135c15e10180a700d66f1d7b6eec49d6a6abd34,2026-08-14T21:03:44+00:00,Infinix Hot 10S,https://www.whatamobile.com.pk/product/infinix-hot-10s-price-in-pakistan/,Yes,false,[],Weight Unknown,[25499.0],whatamobile.com.pk/whatamobile__infinix-hot-10s-price-in-pakistan.json,124ca255353e252e20f4e27a3a60570d82a4f16f3f3f1389d68486927639b136,0.75000
f893a3adeb9872d2bd51a88b1b8b528f1839d10fbff8d9ba5d7e4b5ad1753d3b,2026-08-14T22:58:07+00:00,Infinix Hot 11 128GB,https://www.whatamobile.com.pk/product/infinix-hot-11-128gb/,Yes,false,"[""Silver Wave | Purple | Emerald Green | Polar Black""]",Weight Unknown,[23999.0],whatamobile.com.pk/whatamobile__infinix-hot-11-128gb.json,de2edd7af28410efcddb136c6c82789c0d8cb02f8a9b6b39a83a260553798aee,0.87500
89cf3041d346c32f74bef850b466c853218bea0779fd2694211b57b82b411f6c,2026-08-14T22:30:37+00:00,Infinix Hot 11 64GB,https://www.whatamobile.com.pk/product/infinix-hot-11-64gb/,Yes,false,"[""Silver Wave | Purple | Emerald Green | Polar Black""]",Weight Unknown,[21999.0],whatamobile.com.pk/whatamobile__infinix-hot-11-64gb.json,03689116bce7eb08351227f26993535e5d792d804145381d078ee401e6cd50a1,0.87500
ba363d677074283d6c00ff41b51384a6405a9df04c9dd50a7402977f7ef38411,2026-08-14T22:07:26+00:00,Infinix Hot 11 Play,https://www.whatamobile.com.pk/product/infinix-hot-11-play/,Yes,false,"[""Green | Gold | Blue | Black""]",Weight Unknown,[21999.0],whatamobile.com.pk/whatamobile__infinix-hot-11-play.json,cd8eaec0595c10642a96062c8f95c3e94c1f75fe6a185ce501efb4107474bf81,0.87500
0971c72cbeebcbf2c03a47cc8252331c2f976bf39fe90d662d384ab6fc62933c,2026-08-14T21:01:59+00:00,Infinix Hot 11s,https://www.whatamobile.com.pk/product/infinix-hot-11s-price-in-pakistan/,Yes,false,[],Weight Unknown,[25999.0],whatamobile.com.pk/whatamobile__infinix-hot-11s-price-in-pakistan.json,85ae14717f7f095687152ec525caa374128ed8c13a1e7440f00e346fdd3986be,0.79167
66a36d4c06a85e1e94c67c334675f94b1edca5dd591d3c547858ad9af6853829,2026-08-14T22:59:18+00:00,Infinix Hot 12 Play,https://www.whatamobile.com.pk/product/infinix-hot-12-play/,Yes,false,[],Weight Unknown,[25999.0],whatamobile.com.pk/whatamobile__infinix-hot-12-play.json,0be822a53cbf42eb22380370de0272b2ecd448fc752be48dc56e4568e6bd2e3d,0.70833
6df2b684dfc3bbb87c9e9364dca93aab7576fec1afabc55b5257257b2a7fbf0f,2026-08-14T21:50:50+00:00,Infinix Hot 12 Pro,https://www.whatamobile.com.pk/product/infinix-hot-12-pro/,Yes,false,[],Weight Unknown,[77999.0],whatamobile.com.pk/whatamobile__infinix-hot-12-pro.json,14eaa168eb8e9e7e2ad776896456d096163a3f1ad93764019f8fe4fd03b728f5,0.83333
be0a3468adbf596888de6a670b9c2ba9eeb563e2ccf1ba7362bbc6c48da6188e,2026-08-14T20:51:49+00:00,Infinix Hot 12,https://www.whatamobile.com.pk/product/infinix-hot-12/,Yes,false,"[""Racing Black | Legend White | Origin Blue | Lucky Green""]",Weight Unknown,[26999.0],whatamobile.com.pk/whatamobile__infinix-hot-12.json,0fb1538ee642e518c9fafb84043fcd61693c37b820626ee9414b12007b771cdd,0.87500
227a3939a620e42cff74158ea56ec0a21567c10d52e325747ddba536f8b679f4,2026-08-14T21:07:05+00:00,Infinix HOT 20 Play,https://www.whatamobile.com.pk/product/infinix-hot-20-play-price-in-pakistan/,Yes,false,[],Weight Unknown,[33999.0],whatamobile.com.pk/whatamobile__infinix-hot-20-play-price-in-pakistan.json,ca4f4296157331d46cb8bfbda65a35efcf24420d434e9fb894970e657ac7ccf0,0.79167
a5f597b07e62516dc98cb4502dd9d33c793227b63e9a3c3c7c7fcf4631cc88a2,2026-08-14T19:14:00+00:00,Infinix Hot 20s,https://www.whatamobile.com.pk/product/infinix-hot-20s-price-in-pakistan/,Yes,false,[],Weight Unknown,[34999.0],whatamobile.com.pk/whatamobile__infinix-hot-20s-price-in-pakistan.json,6d72b01089dada02a53a9127aa8abb6505febb96545eaeb76d023cf76b38b1cb,0.79167
0d97d7dc1af2715dc85f6e017d2e54fc40200e2114ea05ceea9578c58c2c874f,2026-08-14T20:36:43+00:00,Infinix Hot 30 Play,https://www.whatamobile.com.pk/product/infinix-hot-30-play/,Yes,false,[],Weight Unknown,[23499.0],whatamobile.com.pk/whatamobile__infinix-hot-30-play.json,38e53392af627eb5e65fd89c4c0be46faa65a749f278abbbf4027c2f7d7cccc2,0.83333
6da9f32a44085add77c2436692e76b16ec46fe9be7bed109d9f9ad249cbfc909,2026-08-14T22:56:06+00:00,Infinix Hot 30i,https://www.whatamobile.com.pk/product/infinix-hot-30i/,Yes,false,[],Weight Unknown,[22549.0],whatamobile.com.pk/whatamobile__infinix-hot-30i.json,07127b3ed62a8c06b4be7f69e4d61db00e32bc84e2e2a10849171bdbaa501032,0.83333
869711eec8ea183185c4142eaa211c8b74be40633081597aa7a0794f616dcad1,2026-08-14T20:34:33+00:00,Infinix Hot 4 lite,https://www.whatamobile.com.pk/product/infinix-hot-4-price-in-pakistan-2/,Yes,false,[],Weight Unknown,[11999.0],whatamobile.com.pk/whatamobile__infinix-hot-4-price-in-pakistan-2.json,a587d8766ec20d9934426ab69f9f636c7f5050c3a0e165b712232eb0529080b0,0.79167
d3d2e65599cfcba7c67a4716b76f2c7738b88bf51a918ee97e9c141b696cc691,2026-08-14T22:10:42+00:00,Infinix Hot 4,https://www.whatamobile.com.pk/product/infinix-hot-4-price-in-pakistan/,Yes,false,[],Weight Unknown,[12400.0],whatamobile.com.pk/whatamobile__infinix-hot-4-price-in-pakistan.json,63e714b3435b8f3d4e308cd1276ed8243653b7885a1ae4c863485ce6f2f1e73e,0.79167
901fdcf7f07167e8c27fc22d64217dd1c242b13d466029b79b2ec0ae19ed62a2,2026-08-14T21:11:06+00:00,Infinix Hot 5,https://www.whatamobile.com.pk/product/infinix-hot-5-price-in-pakistan/,Yes,false,[],Weight Unknown,[13399.0],whatamobile.com.pk/whatamobile__infinix-hot-5-price-in-pakistan.json,07ae501a59124f2fd9917f7a18ae81acb8b79cf7a81bd6f2fb91be0b33e2ce6e,0.79167
b4a41656814d4ed2efbdda8b916ced1d35f161f3f1de8c86142aa4810388255f,2026-08-14T22:57:20+00:00,Infinix Hot 50 Pro Plus,https://www.whatamobile.com.pk/product/infinix-hot-50-pro-plus/,Yes,false,[],Weight Unknown,[53799.0],whatamobile.com.pk/whatamobile__infinix-hot-50-pro-plus.json,28af3af5990593f1d2fb68726fd6e2dd02b87c9a4e95c93035e3aff65770a640,0.83333
3eb0527255bac7f6b37b50b57fbef9bbc023fb0f994b2a53a5b56cc1f4e7fb84,2026-08-14T21:04:24+00:00,Infinix Hot 50,https://www.whatamobile.com.pk/product/infinix-hot-50/,Yes,false,[],Weight Unknown,[36799.0],whatamobile.com.pk/whatamobile__infinix-hot-50.json,155975ec11ac37fc2ab9241a71d25ff74c3d254a140fe276f546e6527ed93506,0.83333
52a701a365b1d0a1958f6dde89ba42570ca51a75bba96555d6caf1fd652c54df,2026-08-14T22:53:47+00:00,Infinix Hot 50i,https://www.whatamobile.com.pk/product/infinix-hot-50i/,N/A,false,[],Weight Unknown,[29099.0],whatamobile.com.pk/whatamobile__infinix-hot-50i.json,844d5dfc04515f7266e61d8fdbbc89813228e4bd04e816dd84cb8216aaafcdb6,0.83333
8c3f53f81b3298e4e960c8ebf32b5f3eb54c539eb330a18718e8f10d19e52d49,2026-08-14T19:54:11+00:00,"Infinix Hot 60 Pro Plus (8GB, 256GB, Misty Purple)",https://www.whatamobile.com.pk/product/infinix-hot-60-pro-plus-8gb-256gb-misty-purple/,Yes,false,[],Weight Unknown,[59290.0],whatamobile.com.pk/whatamobile__infinix-hot-60-pro-plus-8gb-256gb-misty-purple.json,f5f9616c374a2287a98db932d81878404123a793fcfcf7163bee9f5f7a47ca29,0.79167
5e9c3a336640be77c4d45fcba1992e5e0b925e2639c08556cb218c4d999e3227,2026-08-14T19:54:02+00:00,"Infinix Hot 60 Pro Plus (8GB, 256GB, Titanium Silver)",https://www.whatamobile.com.pk/product/infinix-hot-60-pro-plus-8gb-256gb-titanium-silver/,Yes,false,[],Weight Unknown,[58990.0],whatamobile.com.pk/whatamobile__infinix-hot-60-pro-plus-8gb-256gb-titanium-silver.json,f5284f715c4896cd5561548dfe7f3daa949c5ffb67d8a1bb2baf26d6e4dd7a54,0.79167
c70ba01debcc518919d7e7a2970540c1df06b9998974f397390907b80cd6bbb1,2026-08-14T19:13:48+00:00,Infinix Hot 6X,https://www.whatamobile.com.pk/product/infinix-hot-6x-price-in-pakistan/,Yes,false,[],Weight Unknown,[34000.0],whatamobile.com.pk/whatamobile__infinix-hot-6x-price-in-pakistan.json,8cc0d9e9f5ebc22da36b95212e27e3e644d7708c763791e4c9f6435887a1632b,0.79167
da2879e9dc6f0f0882d237d0cee3eda310b956386fd94411d10df97980fd2beb,2026-08-14T20:40:16+00:00,Infinix Hot 7,https://www.whatamobile.com.pk/product/infinix-hot-7-price-in-pakistan/,Yes,false,[],Weight Unknown,[26000.0],whatamobile.com.pk/whatamobile__infinix-hot-7-price-in-pakistan.json,487d5f6cf06b784695e43493483b3218d4dcac21430c4a3a03d0e27f291548ff,0.75000
e7e01705d9f405ecbc7d37e63fcfd3c0c78d1319bdcf5c3dd990bb472206000a,2026-08-14T22:07:37+00:00,Infinix Hot 7 Pro,https://www.whatamobile.com.pk/product/infinix-hot-7-pro-price-in-pakistan/,Yes,false,[],Weight Unknown,[19999.0],whatamobile.com.pk/whatamobile__infinix-hot-7-pro-price-in-pakistan.json,b01847543b20d8b7946afa305bea5aaf41eb609233096d40ce5ace8e433c7733,0.79167
8843e4dc022eaf5807c7589dec0bf77bb89b02b1cea004ebaca2a8e731765b2c,2026-08-14T22:44:34+00:00,Infinix Hot 8,https://www.whatamobile.com.pk/product/infinix-hot-8-price-in-pakistan/,Yes,false,[],Weight Unknown,[18999.0],whatamobile.com.pk/whatamobile__infinix-hot-8-price-in-pakistan.json,83369ddde874dd1b873f589702d27a3d58493d45609af7c2353797f7967524b2,0.75000
3e9545e6f10a539ac2301f4f221358dc0d863747e0a7a6495b913bb1c2814604,2026-08-14T22:06:48+00:00,Infinix Hot 9 Play,https://www.whatamobile.com.pk/product/infinix-hot-9-play-price-in-pakistan/,Yes,false,[],Weight Unknown,[15999.0],whatamobile.com.pk/whatamobile__infinix-hot-9-play-price-in-pakistan.json,4eb3ae982af269e01bb315e283e837e91df954d783f4b8e36c9003bdb9237072,0.79167
916ad19da52f7931548769b1eeffbc12810494933ab5969232d6b468a1388b48,2026-08-14T19:13:02+00:00,Infinix Hot S3X,https://www.whatamobile.com.pk/product/infinix-hot-s3x-price-in-pakistan/,Yes,false,[],Weight Unknown,[19600.0],whatamobile.com.pk/whatamobile__infinix-hot-s3x-price-in-pakistan.json,a846871375a58aab87e7ea086531e91270183a5b93dcb8bb0f71fecaea0d09bd,0.75000
b044484bc5f517f9e4e059dbb2d26b12852393e811573b87f7e717021014f6e0,2026-08-14T20:33:25+00:00,Infinix Note 10 Pro 128GB,https://www.whatamobile.com.pk/product/infinix-note-10-pro-128gb/,Yes,false,"[""Black | Purple | Nordic Secret""]",Weight Unknown,[34999.0],whatamobile.com.pk/whatamobile__infinix-note-10-pro-128gb.json,6f3782e2fd841459b92b886834ddec6d2c71ad7c1b6f0398d06c59ca664f0304,0.87500
4d96905f7308a17982ba846a82671250a31f8ecd4ed2b2a70a3323460275295c,2026-08-14T22:22:17+00:00,Infinix Note 10 Pro 256 GB,https://www.whatamobile.com.pk/product/infinix-note-10-pro-256gb/,Yes,false,"[""Black | Purple | Nordic Secret""]",Weight Unknown,[38999.0],whatamobile.com.pk/whatamobile__infinix-note-10-pro-256gb.json,a3b748cbb1ead619b6377e8746f28fd1382d368e590f12b6254a3d3f3c635ed9,0.87500
adf83687ca5db66eb2a249a8277f881f5f22d94dd9d60bd14d61ea9ceb58ae39,2026-08-14T22:51:59+00:00,Infinix Note 10,https://www.whatamobile.com.pk/product/infinix-note-10/,Yes,false,"[""Black | Purple | Emerald Green""]",Weight Unknown,[27999.0],whatamobile.com.pk/whatamobile__infinix-note-10.json,50f46934ef6174ab8b28c41ad81cb06a26b1189f2f69683600e8dd32fb2a2764,0.83333
a109539ad5965f0b365993e98e9ceb53ea43f04c05b2cb07214dea5231243975,2026-08-14T20:23:55+00:00,Infinix Note 11 Pro,https://www.whatamobile.com.pk/product/infinix-note-11-pro/,Yes,false,"[""Mithril Grey | Haze Green | Mist Blue""]",Weight Unknown,[34999.0],whatamobile.com.pk/whatamobile__infinix-note-11-pro.json,cbfefca5cf649d650820e963cfaeccbdbf690833ab34c2efad1d468d9f6b6e06,0.87500
482bd0cad2f26720a18a6e55b87bdad80d67a2b691808c4927cdb5f6d1a7a11f,2026-08-14T19:13:12+00:00,Infinix Note 11i,https://www.whatamobile.com.pk/product/infinix-note-11i-price-in-pakistan/,Yes,false,[],Weight Unknown,[28999.0],whatamobile.com.pk/whatamobile__infinix-note-11i-price-in-pakistan.json,d52de7a2b47c5eff3cf9ee91a3d945045dec730991401da6d0297654f3573702,0.75000
1b099dac9b692c23756bf6d74788cfd33633abd2424d490bbbff2c8047eaf903,2026-08-14T22:47:11+00:00,Infinix Note 12 G96,https://www.whatamobile.com.pk/product/infinix-note-12-g96-price-in-pakistan/,Yes,false,[],Weight Unknown,[39999.0],whatamobile.com.pk/whatamobile__infinix-note-12-g96-price-in-pakistan.json,f2605dc9b59c49e7abc49c631d6b84003fc5c7f96b4c92b4575cd09641cf8280,0.79167
0de6dd7deaf31889405fcaae4818aaf1a183e024a2d69a0d2cd2751895320aa0,2026-08-14T21:00:46+00:00,Infinix Note 12 Pro 5G,https://www.whatamobile.com.pk/product/infinix-note-12-pro-5g-price-in-pakistan/,Yes,false,[],Weight Unknown,[45999.0],whatamobile.com.pk/whatamobile__infinix-note-12-pro-5g-price-in-pakistan.json,a94d106ccf38ac62312922d4ba75a9cf2f3589180592f2777aa2dfb3260cb745,0.79167
c063ac0aaec3b6169af0ef225d8d18ad20288e8a2b188bdc8d4cd373eb584687,2026-08-14T19:14:45+00:00,Infinix Note 12 VIP,https://www.whatamobile.com.pk/product/infinix-note-12-vip-price-in-pakistan/,Yes,false,[],Weight Unknown,[64999.0],whatamobile.com.pk/whatamobile__infinix-note-12-vip-price-in-pakistan.json,d3e69b3438bec98a0d7ba286e9c1439b74105113f2f82bf576139a63a611e05e,0.79167
3cc4053220c07017dbb86287cfb9359cbe7608ac1eeacd7ef199138a0caf3b69,2026-08-14T19:14:12+00:00,Infinix Note 12i,https://www.whatamobile.com.pk/product/infinix-note-12i-price-in-pakistan/,Yes,false,[],Weight Unknown,[39999.0],whatamobile.com.pk/whatamobile__infinix-note-12i-price-in-pakistan.json,d4755b32e494bcce264b28697af2829ad7196c7c2a51f82afba096acc0bffe6a,0.79167
4cb5d062aab369d91dbf53ff6273fef0bb256a85a76d0728259e419c2d34e86e,2026-08-14T22:39:40+00:00,Infinix Note 40 Pro,https://www.whatamobile.com.pk/product/infinix-note-40-pro/,Yes,false,[],Weight Unknown,[69999.0],whatamobile.com.pk/whatamobile__infinix-note-40-pro.json,466e4cfd69deeec2389ea71cd1c7c5520ad573821286ea184869eac42b438d7f,0.79167
14b13d14396e4bccf4cad5b9b3dd311706ed7ad0767ad09c2f2badf02edce11d,2026-08-14T20:29:11+00:00,Infinix Note 5 Stylus,https://www.whatamobile.com.pk/product/infinix-note-5-stylus-price-in-pakistan/,Yes,false,[],Weight Unknown,[37899.0],whatamobile.com.pk/whatamobile__infinix-note-5-stylus-price-in-pakistan.json,6cc060688a5b69d957d0179b3748b98be4f65ace2d3eab4b4928f13088f0d39f,0.75000
e3f65694a80bba18bbd9ac16a60937af4c66b88461f472331b12e566da6e81a3,2026-08-14T22:23:43+00:00,Infinix Note 6,https://www.whatamobile.com.pk/product/infinix-note-6-price-in-pakistan/,Yes,false,[],Weight Unknown,[43999.0],whatamobile.com.pk/whatamobile__infinix-note-6-price-in-pakistan.json,9cf98196321bb647b232ab57db271e1961ad41f63d3b0aee244c493e501a8dcc,0.79167
833445777bfcb7b8c392fd902ea336ca5c9a4bcda59cc33ec69cd15ad30152ad,2026-08-14T21:28:52+00:00,Infinix Note 7 Lite,https://www.whatamobile.com.pk/product/infinix-note-7-lite-price-in-pakistan/,Yes,false,[],Weight Unknown,[25000.0],whatamobile.com.pk/whatamobile__infinix-note-7-lite-price-in-pakistan.json,2b6912f790aa101563dbc20fd97ad9b6baac6d60ea29675298a695ad3582503d,0.79167
857a9cfdadfdb60836b1a09075e972c00d091a8b11e1bc0f4464f1f12d6ba614,2026-08-14T20:40:27+00:00,Infinix Note 7,https://www.whatamobile.com.pk/product/infinix-note-7-price-in-pakistan/,Yes,false,[],Weight Unknown,[26999.0],whatamobile.com.pk/whatamobile__infinix-note-7-price-in-pakistan.json,9beabfe33c8cb9608792b9d7b7236a455d58fbc06b7efb7c8ef31114df64ec4a,0.79167
d6ea3ecbd1da709f72691b074a471962dc641b91b298368a537fcd74af3ea2f3,2026-08-14T22:56:52+00:00,Infinix Note 8,https://www.whatamobile.com.pk/product/infinix-note-8/,Yes,false,"[""Gray | Blue | Green""]",Weight Unknown,[29999.0],whatamobile.com.pk/whatamobile__infinix-note-8.json,1bcf580e9e87f776874af55b47701df18980582d24b66473052826e9e8f193f4,0.87500
4c708285a5bf0c207e7f98036b4ac2a0c29fe20130e659c0a9f24de3132c9efa,2026-08-14T20:54:47+00:00,Infinix Note 8i,https://www.whatamobile.com.pk/product/infinix-note-8i/,Yes,false,"[""Gray | Blue | Green""]",Weight Unknown,[26999.0],whatamobile.com.pk/whatamobile__infinix-note-8i.json,1600a69553f721aec9afd3811623e8fdf1c78c9ca0cda35302a57b67e0f9d78d,0.87500
bb7fd615fa628ef8090cead86ab0feb5658d53f806f13ae9534ad1fe5246786a,2026-08-14T17:10:13+00:00,Infinix Note Edge,https://www.whatamobile.com.pk/product/infinix-note-edge-price-in-pakistan/,Yes,false,"[""Shadow Black"",""Stellar Blue"",""Silk Green""]",Weight Unknown,[76790.0],whatamobile.com.pk/whatamobile__infinix-note-edge-price-in-pakistan.json,02f70a2d368a4cb673a50ebf746700e1a82d1a10791bcc28a50355ee3e6b2a15,0.83333
8c1fbe226fe91fb710483fc690f2476418c0789bf4b8c37c4284c3cf2193b6ba,2026-08-14T20:25:42+00:00,Infinix S4,https://www.whatamobile.com.pk/product/infinix-s4-price-in-pakistan/,Yes,false,[],Weight Unknown,[22999.0],whatamobile.com.pk/whatamobile__infinix-s4-price-in-pakistan.json,9c474b64bd2e70d149dd27876037f37fb301b8abfc7827d7587660e0e0928a87,0.79167
e8c6eb3ac5f70393800c4a54e81b213dd78cecdbb9b1155a6791580e717f3547,2026-08-14T21:04:46+00:00,Infinix S5 Lite,https://www.whatamobile.com.pk/product/infinix-s5-lite-price-in-pakistan/,Yes,false,[],Weight Unknown,[21000.0],whatamobile.com.pk/whatamobile__infinix-s5-lite-price-in-pakistan.json,939e2798c8bbfb87499b654689e9e9153d360f662c685d81a23460f24ac6438d,0.75000
60d5c5f5c2cb8315ff1f7857546f22caf056daa9878bddbb41cc35de9a2ac32e,2026-08-14T21:19:33+00:00,Infinix S5 Pro,https://www.whatamobile.com.pk/product/infinix-s5-pro-price-in-pakistan/,Yes,false,[],Weight Unknown,[19999.0],whatamobile.com.pk/whatamobile__infinix-s5-pro-price-in-pakistan.json,112992363656705692a9d5d8e40e85d92ea1df3d5f98769c78b486152424f748,0.79167
99e993730040c9f2a0aa1d094722680c54c1757007fae07221f23cd775fb9741,2026-08-14T21:46:23+00:00,Infinix S6 pro,https://www.whatamobile.com.pk/product/infinix-s6-pro-price-in-pakistan/,Yes,false,[],Weight Unknown,[34999.0],whatamobile.com.pk/whatamobile__infinix-s6-pro-price-in-pakistan.json,e7fa7d508634a1a16fc9aa69af342e9ea45dc3d268c797771ccc29b547d2a14d,0.79167
e20e8d8036ebcca887e91777ea0eb1f3a9e345cd3e8d22e4b332287cc33ab60c,2026-08-14T21:06:55+00:00,Infinix Smart 2 HD,https://www.whatamobile.com.pk/product/infinix-smart-2-hd-price-in-pakistan/,Yes,false,[],Weight Unknown,[12999.0],whatamobile.com.pk/whatamobile__infinix-smart-2-hd-price-in-pakistan.json,ed202f9bf0991cdad2e31c3028e9cef837dd590c30a2f8af26856b1ed00f79b2,0.66667
75f4ac2bc9430d6596fc729c5781998d13b0733618f8bb2c197783ba22f50c50,2026-08-14T20:46:58+00:00,Infinix Smart 4,https://www.whatamobile.com.pk/product/infinix-smart-4-price-in-pakistan/,Yes,false,[],Weight Unknown,[13999.0],whatamobile.com.pk/whatamobile__infinix-smart-4-price-in-pakistan.json,fef965b9b1c4be3d57b351695684c227f46d845628afb222454116cd5c513a49,0.75000
9a17498eb43aa5cec918616f9d750aa63b25612a47f9ca6873069fab5d029b06,2026-08-14T20:24:16+00:00,Infinix Smart 4c,https://www.whatamobile.com.pk/product/infinix-smart-4c-price-in-pakistan/,Yes,false,[],Weight Unknown,[15500.0],whatamobile.com.pk/whatamobile__infinix-smart-4c-price-in-pakistan.json,673b51a8e73c79014a001e991d8d75058cb9cdfc44d806f247bee1663fc63a62,0.79167
c976294d2614ef96f1351fdcaed4bf9a4ac80923f9ff985e7641f053c044378f,2026-08-14T18:01:03+00:00,Infinix Smart 5 3GB,https://www.whatamobile.com.pk/product/infinix-smart-5-2/,Yes,false,"[""Black | Blue | Green""]",Weight Unknown,[18499.0],whatamobile.com.pk/whatamobile__infinix-smart-5-2.json,8a03382d238ee8e70f16cd9bba810748f21acdf9dfebfcb552bc86d71d1dc24a,0.87500
fba063d3e219eeae186adf6bde879ab25f2ac7c8265e70ceb25e6a30b5e7725f,2026-08-14T22:08:13+00:00,Infinix Smart 5 Pro,https://www.whatamobile.com.pk/product/infinix-smart-5-pro-price-in-pakistan/,Yes,false,[],Weight Unknown,[15999.0],whatamobile.com.pk/whatamobile__infinix-smart-5-pro-price-in-pakistan.json,aa3f1860c7623a2bae58e96b8a7f22d486e81475608a1776f0659f2b093509b0,0.75000
32a32cea3cc2d2e83467238bbe84f709c8170aa53fccce931c3b9daee51bb98b,2026-08-14T22:53:37+00:00,Infinix Smart 5,https://www.whatamobile.com.pk/product/infinix-smart-5/,Yes,false,"[""Black | Blue | Green""]",Weight Unknown,[15999.0],whatamobile.com.pk/whatamobile__infinix-smart-5.json,5817d6edbf9acaa2cb1062c48fd30c4bc959a9c290967765865350220faf5e70,0.87500
ec885ce5dece29beaa41d2445415e610c639f623ac1c58e678fd583dabffa898,2026-08-14T18:01:15+00:00,Infinix Smart 6 3GB 64GB,https://www.whatamobile.com.pk/product/infinix-smart-6-3gb/,Yes,false,"[""Purple | Ocean Blue | Light Sea Green | Polar Black""]",Weight Unknown,[19499.0],whatamobile.com.pk/whatamobile__infinix-smart-6-3gb.json,38dcd7b0023f0b522a184db6bb7ca0ab4a3c31e1270539956ef2dc3d5ff40e99,0.87500
3daa30859456e560be43808f5023e0d3222fbd288dd7fe4224128d4e28f9c40a,2026-08-14T21:27:24+00:00,Infinix Smart 6 HD,https://www.whatamobile.com.pk/product/infinix-smart-6-hd-price-in-pakistan/,Yes,false,[],Weight Unknown,[18999.0],whatamobile.com.pk/whatamobile__infinix-smart-6-hd-price-in-pakistan.json,a1d43669339d635e4c27acc62249ca4757451922805ce9149ace6f49e23bc7c2,0.79167
b8b86d63ab9707230cba31f4143d73b966ede078dc4c1f674e3be1d9d28e0afe,2026-08-14T23:00:46+00:00,Infinix Smart 6,https://www.whatamobile.com.pk/product/infinix-smart-6/,Yes,false,"[""Purple | Ocean Blue | Light Sea Green | Polar Black""]",Weight Unknown,[15999.0],whatamobile.com.pk/whatamobile__infinix-smart-6.json,115498b813e78db033d3f5d2a2aff933cf6ff1c4100422b3f34ce799c8daece8,0.87500
d197eebee05da0aa318166bc0028315750dff4e9188d038e2c2bf55ccecb06f5,2026-08-14T20:43:51+00:00,Infinix Smart 8 HD,https://www.whatamobile.com.pk/product/infinix-smart-8-hd/,Yes,false,[],Weight Unknown,[20499.0],whatamobile.com.pk/whatamobile__infinix-smart-8-hd.json,55ded0f5660937d678391c7e212527ca19943b467a8dc15778cb40d2b875b2b8,0.83333
55e2f35b5d9a8f046d534275bd0f2f2f506f5d22ad2a3afc74a93ed70fa01a48,2026-08-14T22:48:50+00:00,Infinix Smart 8 Plus,https://www.whatamobile.com.pk/product/infinix-smart-8-plus/,Yes,false,[],Weight Unknown,[22799.0],whatamobile.com.pk/whatamobile__infinix-smart-8-plus.json,894ea4fa92f6723af7cd2b13edbb84853608d41476b441d3c96ef4be876e7bc8,0.83333
95e7fc8a9c8385a414dd011e6a9350551d264b3a6682d5be88a2de0a42d3baef,2026-08-14T22:44:45+00:00,Infinix Smart 8 Pro,https://www.whatamobile.com.pk/product/infinix-smart-8-pro-price-in-pakistan/,Yes,false,[],Weight Unknown,[23799.0],whatamobile.com.pk/whatamobile__infinix-smart-8-pro-price-in-pakistan.json,9696447005e5d46964464052f63fbc408de37b74008cdb44c55c49c679cad4ad,0.79167
3767918247e2bc2bad0e4bf18cbaf46797c3fc1674bac492824c6e67c315b8a9,2026-08-14T22:01:45+00:00,Infinix Smart HD 2021,https://www.whatamobile.com.pk/product/infinix-smart-hd-2021-price-in-pakistan/,Yes,false,[],Weight Unknown,[13999.0],whatamobile.com.pk/whatamobile__infinix-smart-hd-2021-price-in-pakistan.json,bdefa0c3ee598997e649f3071c9539bedcdc8a9ea628227e359dfd0140e6a005,0.79167
96b8f0f1abecf77e1e3bfb217889aa0f0055a2841bc941e5738b9d7450434e9b,2026-08-14T21:55:46+00:00,Infinix Smart HD,https://www.whatamobile.com.pk/product/infinix-smart-hd/,Yes,false,"[""Topaz Blue | Obsidian Black | Quartz Green""]",Weight Unknown,[13999.0],whatamobile.com.pk/whatamobile__infinix-smart-hd.json,689833c682a85af1400c7535c94f17418cd739820e76f8b0c0d06e6a13efffa0,0.87500
595d7d483fede8a9cc1e8bc9c2d7f384ccf7c4111a39bf55109686e8dbf1e905,2026-08-14T21:04:35+00:00,Infinix Smart,https://www.whatamobile.com.pk/product/infinix-smart-price-in-pakistan/,Yes,false,[],Weight Unknown,[8838.0],whatamobile.com.pk/whatamobile__infinix-smart-price-in-pakistan.json,be71fbecd70f8c1f4224b591c337bee4da7737fba23576175989599e972a5014,0.79167
4b13673ed8b6a38286756ddf00f661e78e1023eb34e11cf706f682a96f088479,2026-08-14T22:23:16+00:00,Infinix Zero 20,https://www.whatamobile.com.pk/product/infinix-zero-20-price-in-pakistan/,Yes,false,[],Weight Unknown,[56999.0],whatamobile.com.pk/whatamobile__infinix-zero-20-price-in-pakistan.json,2e2f48ed5a44b78500cfca06bf77f0eba50f8da899e587952252e8a4a69513e5,0.79167
599fdfbc9e52913de5f12f2297ba0b12db22737df4ecbcb7e575138ae7e92a22,2026-08-14T19:14:35+00:00,Infinix Zero 2023,https://www.whatamobile.com.pk/product/infinix-zero-2023-price-in-pakistan/,Yes,false,[],Weight Unknown,[54999.0],whatamobile.com.pk/whatamobile__infinix-zero-2023-price-in-pakistan.json,ab0a8f67188688ab003d1be300d24ca99a3f497c7c6112ff6c9d8e27e611df02,0.79167
dd6c0fd51ec71af02ec134bf7621c2da3da0ce068a8159c0d4788ab21a62a887,2026-08-14T23:02:16+00:00,Infinix Zero 30,https://www.whatamobile.com.pk/product/infinix-zero-30/,Yes,false,[],Weight Unknown,[57999.0],whatamobile.com.pk/whatamobile__infinix-zero-30.json,80b93ef78ddae35adc64a62e849847f22ca7056da7095dcc41a8d7a874757c8b,0.83333
bace382edb97d747591045bef6fc0c23867355759d9235694f360c79c09e1488,2026-08-14T19:12:50+00:00,Infinix Zero 4,https://www.whatamobile.com.pk/product/infinix-zero-4-price-in-pakistan/,Yes,false,[],Weight Unknown,[12600.0],whatamobile.com.pk/whatamobile__infinix-zero-4-price-in-pakistan.json,8d0cdb149dc1715e0fce10faf261f1351ff06b0c1df5c08313c2b97f0bbc175f,0.75000
aef3a2c07776456cb691d50e58ae9f304a1a26bf54c206d4ffadf94760c877f5,2026-08-14T20:21:36+00:00,Infinix Zero 40 5G,https://www.whatamobile.com.pk/product/infinix-zero-40-5g/,Yes,false,[],Weight Unknown,[108499.0],whatamobile.com.pk/whatamobile__infinix-zero-40-5g.json,b1c4ff1f1cda5d1d7f256226a6370a92de363095e84be261aa1d9713b53eb150,0.83333
8504ad6a360029f71eb17cdb6eb1df10e99f370a809f0eff44904fbc24614e46,2026-08-14T19:44:40+00:00,Infinix Zero 5G,https://www.whatamobile.com.pk/product/infinix-zero-5g/,Yes,false,"[""Cosmic Black | Skylight Orange | Horizon Blue""]",Weight Unknown,[49999.0],whatamobile.com.pk/whatamobile__infinix-zero-5g.json,29dc19298e40e2dfeeda32b94a11f629b05859bc835cfb7eda31929e34218b40,0.87500
c64d84ff19128695249b21079ead33eba678c21adca89903b749d24fd6937fa7,2026-08-14T19:14:22+00:00,Infinix Zero 6 Pro,https://www.whatamobile.com.pk/product/infinix-zero-6-pro-price-in-pakistan/,Yes,false,[],Weight Unknown,[45000.0],whatamobile.com.pk/whatamobile__infinix-zero-6-pro-price-in-pakistan.json,dc78ea44f21ca22c067e3f30356baa13d002a3821c0bca73e27a4da87b9a127a,0.79167
f3c1ad7ff0fe37b02a882f3a049b0eef8c302065b294ccd7601e18d449cf8c89,2026-08-14T21:34:48+00:00,Infinix Zero 8,https://www.whatamobile.com.pk/product/infinix-zero-8-price-in-pakistan/,Yes,false,[],Weight Unknown,[34999.0],whatamobile.com.pk/whatamobile__infinix-zero-8-price-in-pakistan.json,f8c3b50599316be239f220ee4fec19e98b4a83476972bf1fd1d17f724234246b,0.79167
95f48280a5262a4ba58c0041f4382c96e5a61e9250ccf52c3443a6471335f3a8,2026-08-14T20:59:26+00:00,Infinix Zero 8i,https://www.whatamobile.com.pk/product/infinix-zero-8i-price-in-pakistan/,Yes,false,[],Weight Unknown,[34999.0],whatamobile.com.pk/whatamobile__infinix-zero-8i-price-in-pakistan.json,6da4dbf0faf3a8ebaa48039a45a73229c88a5cf68436be2e029573f71b8914c9,0.79167
4fb8e5fb1a63dffd23cd3029180225f16bbd6565a6e0c19c5393317f698bc463,2026-08-14T21:19:41+00:00,Infinix Zero flip,https://www.whatamobile.com.pk/product/infinix-zero-flip/,Yes,false,[],Weight Unknown,[222499.0],whatamobile.com.pk/whatamobile__infinix-zero-flip.json,ed9b1a53312034436773b20d9596fdc9fd7e6254eb7a697176a69d4960bad4e5,0.83333
c6a9472683d859c67a8a414be8a5e927038eeb80045638f0110b56a3d87078d4,2026-08-14T22:28:59+00:00,Infinix Zero Ultra,https://www.whatamobile.com.pk/product/infinix-zero-ultra-price-in-pakistan/,Yes,false,[],Weight Unknown,[99999.0],whatamobile.com.pk/whatamobile__infinix-zero-ultra-price-in-pakistan.json,d82641de63e592f3c88840aa20091d9c9c49f9bb40fd9c9a724a708dba071747,0.79167
f3f1fe390c5a5338e3c030721353689fd287de2b5d608e4371407fbb3a7dc4ee,2026-08-14T22:15:35+00:00,Infinix Zero X Neo,https://www.whatamobile.com.pk/product/infinix-zero-x-neo/,Yes,false,"[""Nebula Black | Starry Silver | Bahamas Blue""]",Weight Unknown,[33999.0],whatamobile.com.pk/whatamobile__infinix-zero-x-neo.json,9a2011769f0d850ec4506f2f72b28e517549e7236a13dff5c74746164ed0a5a2,0.87500
ef3935f8a99dabe55d08c8d308d516ba543744017c98116926e8463d054a429e,2026-08-14T20:19:45+00:00,Infinix Zero X Pro,https://www.whatamobile.com.pk/product/infinix-zero-x-pro/,Yes,false,"[""Nebula Black | Starry Silver | Tuscany Brown""]",Weight Unknown,[49999.0],whatamobile.com.pk/whatamobile__infinix-zero-x-pro.json,2d3f21fc6e7021572afe3e88536a5e519de828e540a3eec78828cd9f19a2d48a,0.87500
9b29117dfc50d47d59818f8eb380c194de18e9c139c95aa814500a1f3f4d4365,2026-08-14T18:18:32+00:00,Intex Aqua 4 5E,https://www.whatamobile.com.pk/product/intex-aqua-4-5e/,Yes,false,[],Weight Unknown,[12000.0],whatamobile.com.pk/whatamobile__intex-aqua-4-5e.json,37962fa78e1354fb011a73302a851affbf3a8ee0b80c26b2f28bd05fd94c843b,0.79167
96cd1bb49dda299393df9c7e2500e08e6b4ec4e23d18236c74be51fd2e1d7b14,2026-08-14T21:37:36+00:00,Intex Aqua 4G+,https://www.whatamobile.com.pk/product/intex-aqua-4g/,Yes,false,[],Weight Unknown,[16500.0],whatamobile.com.pk/whatamobile__intex-aqua-4g.json,d419a34f7ccdb675a7f2e4ee28a83e2a93ece7deb6da5b872f328462f93a5918,0.79167
aae8233bf0d758edc7c0e098199b74d70e3144a3d738478e61462a14a1f5ab79,2026-08-14T18:20:14+00:00,Intex Aqua Ace,https://www.whatamobile.com.pk/product/intex-aqua-ace/,Yes,false,[],Weight Unknown,[18000.0],whatamobile.com.pk/whatamobile__intex-aqua-ace.json,2ba01b314eeb024b5bb53164513b77883a56004465f9e6f19f8c19b7129f8c17,0.79167
dc3fd72c9a71e9bffedba7a47f58fa14539489b6ccb019d677d489b31a49b050,2026-08-14T18:20:26+00:00,Intex Aqua Craze,https://www.whatamobile.com.pk/product/intex-aqua-craze/,Yes,false,[],Weight Unknown,[12000.0],whatamobile.com.pk/whatamobile__intex-aqua-craze.json,d4e34ab990f7933e993d356ad5113f8238ebbdc43d10dc059a9e3fb409958d32,0.79167
3e42edcef47d5bf8bfa52f60ccc59463db3ccf521d49200f9da31c9c86e4c370,2026-08-14T18:19:51+00:00,Intex Aqua Genx,https://www.whatamobile.com.pk/product/intex-aqua-genx/,Yes,false,[],Weight Unknown,[33000.0],whatamobile.com.pk/whatamobile__intex-aqua-genx.json,dec37075e58bce7d0464de12f5c3a93442402ff99be5ea4af89de640cc9c1029,0.79167
6b5eb7229c7d011fa22c9cc9387fc80e901153bf0d06cd1e6f1340ca29c8d3c9,2026-08-14T18:18:20+00:00,Intex Aqua Power,https://www.whatamobile.com.pk/product/intex-aqua-power-2/,Yes,false,[],Weight Unknown,[17000.0],whatamobile.com.pk/whatamobile__intex-aqua-power-2.json,e91898017995ad8c48cf692efe34728bd5a59bc88ad436c0980df7d522cb7076,0.79167
f931af3e3b35fec934e8801acc9af296bee6c529aee4125a2dbd6f4733cd1051,2026-08-14T18:19:30+00:00,Intex Aqua Power +,https://www.whatamobile.com.pk/product/intex-aqua-power/,Yes,false,[],Weight Unknown,[16000.0],whatamobile.com.pk/whatamobile__intex-aqua-power.json,b1ce85b6deb5e0175c18c2a27f1c1ceac5ac6a4ffa751666dd4a2c8556fe8d10,0.79167
895b88618cf01fb2d439835869c080d31f98aa8c40ba0b078375cdfe853a08a3,2026-08-14T18:19:06+00:00,Intex Aqua Speed,https://www.whatamobile.com.pk/product/intex-aqua-speed/,Yes,false,[],Weight Unknown,[12000.0],whatamobile.com.pk/whatamobile__intex-aqua-speed.json,75bf98abf0eece32bf8f0922bee0e0be4085230e964a3dd96cf8185829781fac,0.79167
bf13882ce3c24e7c160e3493430bd8a48b33af9bd78627788f1d7210925bb127,2026-08-14T22:00:22+00:00,Intex Aqua Star 2,https://www.whatamobile.com.pk/product/intex-aqua-star-2/,Yes,false,[],Weight Unknown,[12000.0],whatamobile.com.pk/whatamobile__intex-aqua-star-2.json,e4f33b2ac1fc6c220494f10e443112152d274e99d4dece20c0386fec26f00d5a,0.79167
f0b0a398444ebb9c9da5c6ca52c3463f258df9167d71837ad7c223cf4b886051,2026-08-14T18:18:56+00:00,Intex Aqua Star L,https://www.whatamobile.com.pk/product/intex-aqua-star-l/,Yes,false,[],Weight Unknown,[8000.0],whatamobile.com.pk/whatamobile__intex-aqua-star-l.json,f22c6ff1af329a6e84978b91e78c8915d95ef4cddeee8808353a6a656336d90f,0.79167
c0a163cbad62cbfda67f45f1884940cfe9b1bd5a505ec112861494aa0148a05f,2026-08-14T18:20:02+00:00,Intex Aqua Trend,https://www.whatamobile.com.pk/product/intex-aqua-trend/,Yes,false,[],Weight Unknown,[12500.0],whatamobile.com.pk/whatamobile__intex-aqua-trend.json,31c8ca00df11d92b614466bc69f41d36d11ec2a38ab6f97893f3e5d0625d244a,0.79167
674aa654437ae34afc9acf883fa4e67d447609dd198c9bfe31d96cfe41f3bac4,2026-08-14T18:19:40+00:00,Intex Aqua Xtreme Ii,https://www.whatamobile.com.pk/product/intex-aqua-xtreme-ii/,Yes,false,[],Weight Unknown,[9500.0],whatamobile.com.pk/whatamobile__intex-aqua-xtreme-ii.json,35d7e8c8c103ff93eaff15adc04ef0add143ec86692f14db069e3fd553298479,0.79167
d070664346a5c03324f957733033d4ad3ee4c444f83e56957b16534148c0a808,2026-08-14T18:18:44+00:00,Intex Aqua Xtreme,https://www.whatamobile.com.pk/product/intex-aqua-xtreme/,Yes,false,[],Weight Unknown,[8500.0],whatamobile.com.pk/whatamobile__intex-aqua-xtreme.json,e5bb74b7014a4f91a685c8d3149f98c7737460d095385bd617fe37f3825f166b,0.79167
60ca51913f037517fff6c111469a7ded60de14cf0da0f317ebddd33c721ecc5a,2026-08-14T18:19:18+00:00,Intex Aqua Y2 Remote,https://www.whatamobile.com.pk/product/intex-aqua-y2-remote/,Yes,false,[],Weight Unknown,[13200.0],whatamobile.com.pk/whatamobile__intex-aqua-y2-remote.json,1f6756ec62487dc6c2130e1abed1be4e79c8e5f1a284514910ab29e3a7633adf,0.79167
8a144ccb593ef8b81631b6e73d89746dc1c4d7e51dcc64cec5b482409d46b741,2026-08-14T18:30:49+00:00,iPad Air 11 2024,https://www.whatamobile.com.pk/product/ipad-air-11-2024/,Yes,false,[],Weight Unknown,[235400.0],whatamobile.com.pk/whatamobile__ipad-air-11-2024.json,2bfad6aba9465e5716aa1d2ea21b8db9bb374dca8b028c001ad19d01f3ae1e3a,0.83333
34dba3fe56a2dbc6f41eb1427dce81c876ef7a7bbaa78a8f688aa5750ca49ec0,2026-08-14T18:30:37+00:00,iPad mini 2021,https://www.whatamobile.com.pk/product/ipad-mini-2021/,Yes,false,[],Weight Unknown,[137999.0],whatamobile.com.pk/whatamobile__ipad-mini-2021.json,b325da17d438fa3c688f39241a628b8cd89558a0e4dda794acdbdb5a42aa7b98,0.83333
165cebc4905a4705772a25e18983d2469840d9d3594c4e1e7f968fddce3c1aad,2026-08-14T18:35:34+00:00,iPhone 12 Mini,https://www.whatamobile.com.pk/product/iphone-12-mini/,Yes,false,[],Weight Unknown,[157399.0],whatamobile.com.pk/whatamobile__iphone-12-mini.json,14c4a84ce0b258aa7c2cd5ab2db601e1cab1c4ba4d1882653a0daa62ea5e0e79,0.83333
f1493ac847b41e442e494abc55a973e54e7103509a85f06a8a8d9a675e4ccbe0,2026-08-14T20:47:52+00:00,iPhone 12 Pro,https://www.whatamobile.com.pk/product/iphone-12-pro/,Yes,false,[],Weight Unknown,[220899.0],whatamobile.com.pk/whatamobile__iphone-12-pro.json,47352467844e93fbcd0159b653b71dbd812cc213f07d582acfdd6b9ac0c3c6f0,0.83333
541e037767874bea631577fc2f5940a6af083cadfc1d9c132652ea91fca70b33,2026-08-14T21:27:05+00:00,iPhone 12,https://www.whatamobile.com.pk/product/iphone-12/,Yes,false,"[""Green"",""Blue"",""Purple"",""Black"",""White"",""Red""]",Weight Unknown,[175200.0],whatamobile.com.pk/whatamobile__iphone-12.json,19c4a9e78c754fcbe32a802a29f57672a3e8433bac7c718a157e23b7f9fabea0,0.83333
68ef5deedf92c0ad43d51f7086d6c205968105179bca0e287d1dc2bde86c9bd9,2026-08-14T21:35:38+00:00,iPhone 14 Plus,https://www.whatamobile.com.pk/product/iphone-14-plus/,Yes,false,[],Weight Unknown,[420999.0],whatamobile.com.pk/whatamobile__iphone-14-plus.json,88f22bcb29f75ac3963ac2bf6ee16012c1d5d3b479fb0a059107899a207bf76d,0.83333
320dea4ae16d175331e26dd277e205488f74ec0f16cc55257dcdcb84ae2a40b0,2026-08-14T19:13:35+00:00,iPhone 15 Plus,https://www.whatamobile.com.pk/product/iphone-15-plus-price-in-pakistan/,Yes,false,[],Weight Unknown,[429999.0],whatamobile.com.pk/whatamobile__iphone-15-plus-price-in-pakistan.json,b225a53b4357160a55c1f63669c4e427b4a557c4c6d817e2f9d397ddc7adb7a0,0.79167
0ff1bfee9ea6ac11b58f3d3f1ce9e82d85ca0ddb913f5c2f4b8d7e5483b2c42d,2026-08-14T21:45:43+00:00,iPhone 15 Plus,https://www.whatamobile.com.pk/product/iphone-15-plus/,Yes,false,[],Weight Unknown,[403100.0],whatamobile.com.pk/whatamobile__iphone-15-plus.json,984a73c7af07e4b5f8ae0280b22b85244dce635a843a9a0c1d4720f758b5241d,0.83333
a1bdcfcf66adfeebc2ad82d8c591bec43a293a881fda0aec63ae598025b51acb,2026-08-14T21:20:38+00:00,iPhone 16e,https://www.whatamobile.com.pk/product/iphone-16e/,N/A,false,[],Weight Unknown,[229999.0],whatamobile.com.pk/whatamobile__iphone-16e.json,68e64dd85c801d0555cae50a0856d18205e2ee9254d94963c9a4f55e554528c3,0.83333
88f75829b6fca1ac4d48f9fd3c574b4266d33fb387ce8d2a44f89e06ce1f7106,2026-08-14T22:20:15+00:00,iPhone 4s,https://www.whatamobile.com.pk/product/iphone-4s/,Yes,false,[],Weight Unknown,[9500.0],whatamobile.com.pk/whatamobile__iphone-4s.json,800a820a016db8ee932ae882b50efedccb06e4a3211c866c79297cc047fd0b55,0.79167
95b03ed311cd25082e300ab0857ff82434e91c823213fbcbd7bff300f2306b2c,2026-08-14T22:37:24+00:00,iPhone 5,https://www.whatamobile.com.pk/product/iphone-5/,N/A,false,[],Weight Unknown,[25799.0],whatamobile.com.pk/whatamobile__iphone-5.json,6a6135641e7ff265d50eb5ed292a51708d041841acc9ca4368c653a545ede861,0.83333
12dfaccae46226774dd8e716f18d5995e1f29136341156a1c8c4a34c51376eee,2026-08-14T20:48:44+00:00,iPhone 6s Plus,https://www.whatamobile.com.pk/product/iphone-6s-plus/,Yes,false,[],Weight Unknown,[50999.0],whatamobile.com.pk/whatamobile__iphone-6s-plus.json,0d42e04f32c5f3174033f5b88316fd31f8435c933deb418f87a8c2aa72654817,0.79167
2c49ebca443bfe1afa4e8b69da33b9f0cf695cdbe921cae14da6617e605672ac,2026-08-14T22:31:06+00:00,iPhone 6s,https://www.whatamobile.com.pk/product/iphone-6s/,Yes,false,[],Weight Unknown,[54500.0],whatamobile.com.pk/whatamobile__iphone-6s.json,aaa92b4239d1c1cf7bbcf876faa5529fe24291da049ac8456901da72d34c244b,0.79167
1d0d18e8446fa54c55183dfb5ed6582f957e33a9557ffc4663db67c87002772d,2026-08-14T19:38:22+00:00,iPhone SE 2,https://www.whatamobile.com.pk/product/iphone-se-2/,Yes,false,[],Weight Unknown,[52000.0],whatamobile.com.pk/whatamobile__iphone-se-2.json,2604ccde8e1c4ecd014f202b046d8582503cd641b7b80040ca265fd46bc72d66,0.70833
ad16987138fbaea8ce938b919b5483495b58239dd508624877c3b869a3215afd,2026-08-14T18:29:26+00:00,iPhone SE,https://www.whatamobile.com.pk/product/iphone-se/,N/A,false,[],Weight Unknown,[92499.0],whatamobile.com.pk/whatamobile__iphone-se.json,e8a6cc51dab8678813824358070fadce0165a57f646b447fe7f3c2c90317cc9a,0.83333
f9d08dd8c8fd0c42dc7ffbcab7cbd4d057175d1751e7f42209dbaffb2ba9aa72,2026-08-14T17:10:01+00:00,itel A100c,https://www.whatamobile.com.pk/product/itel-a100c-price-in-pakistan/,YEs,false,"[""Pure Black Titanium Gold Blaze Blue Silk Green""]",Weight Unknown,[19990.0],whatamobile.com.pk/whatamobile__itel-a100c-price-in-pakistan.json,9fc01675ef6f4fcf5dad35a9148a4bdb88f4ba4ac109d254a99c46d545eaa70b,0.75000
40c733fa2ec244fc2e5e43711cf334c01a08cf2a91a9f9d784bbb389da3b264b,2026-08-14T19:43:22+00:00,itel A23 Pro,https://www.whatamobile.com.pk/product/itel-a23-pro/,Yes,false,"[""Blue | Purple | Green""]",Weight Unknown,[8199.0],whatamobile.com.pk/whatamobile__itel-a23-pro.json,492600e7b55dc355372684fabb77151bb03df91de8886103ea0c695e7c95e097,0.87500
14e8edced48e07b5c65747c2ffe841228db67a5b7d099f07a640e1da50e8faa8,2026-08-14T21:14:19+00:00,itel A23S,https://www.whatamobile.com.pk/product/itel-a23s/,N/A,false,[],Weight Unknown,[14999.0],whatamobile.com.pk/whatamobile__itel-a23s.json,735543153b2a627c11e356aecf7bb496061c71196a6f4abf628693b6a035a70a,0.83333
baef26c7b346ba0a5a66849c6db80bdf0471a77433e1e04a280842e28c7b7d8e,2026-08-14T19:43:32+00:00,itel A25 Pro,https://www.whatamobile.com.pk/product/itel-a25-pro/,Yes,false,"[""Blue"",""Purple"",""Green""]",Weight Unknown,[9999.0],whatamobile.com.pk/whatamobile__itel-a25-pro.json,5c7285b68ca7fd192ca447c00492f9fd5ce697fca89bd5fd5cfb07dee2f7e68e,0.87500
e6712fe70a6600687264c0f752b0d8ff4eb95934c76749a56e1c2a0333a2556b,2026-08-14T20:36:13+00:00,itel A25,https://www.whatamobile.com.pk/product/itel-a25/,Yes,false,"[""Gradient Blue | Sea Blue | Purple""]",Weight Unknown,[8999.0],whatamobile.com.pk/whatamobile__itel-a25.json,abbb5260d78e1fdfdca29d0336e61d851a15025e9a91e8917cbe8e8526b78b9b,0.87500
112954e96e8987f64f944daa09549ef1feb80ed72ce86b581f654d1d22828574,2026-08-14T20:55:18+00:00,itel A26,https://www.whatamobile.com.pk/product/itel-a26/,Yes,false,"[""Various""]",Weight Unknown,[12499.0],whatamobile.com.pk/whatamobile__itel-a26.json,1ecbc1446657594a7d1c6769e054754f5fcd5afbdc02b723166f4c012947e13b,0.87500
df063f992ab32480a0a29f9a5c8d5846f33d1af7b24b5160fbf0da2e44fa580f,2026-08-14T21:05:07+00:00,itel A48,https://www.whatamobile.com.pk/product/itel-a48/,Yes,false,"[""Gradation Green | Gradation Black | Gradation Purple""]",Weight Unknown,[13499.0],whatamobile.com.pk/whatamobile__itel-a48.json,f57911435c07d8f54ae29356a87c63a5f073494da302c5c636c3d29d486c9031,0.79167
64aace9113f0bfaec7bbf96dd16bdab5e66fc3234110caba197a4062e968aca5,2026-08-14T20:28:13+00:00,itel A49,https://www.whatamobile.com.pk/product/itel-a49/,Yes,false,"[""Blue | Black""]",Weight Unknown,[13999.0],whatamobile.com.pk/whatamobile__itel-a49.json,685633854cb8e859d00aa84a79acde0d2c2815a707c422ac5df7ae0cadd73273,0.75000
415096cf4ba548ceb68f30cff087ae78919b1f608c88be0faccef0d6752b0400,2026-08-14T22:42:07+00:00,itel A60,https://www.whatamobile.com.pk/product/itel-a60/,Yes,false,[],Weight Unknown,[21849.0],whatamobile.com.pk/whatamobile__itel-a60.json,bcdcc092a168a48e24af8611f9c1f83c4bee116630806f30f6d16c424104377c,0.83333
d5eed64047c49e900c71cfad37d573e295aac1b2e74b7595a933dcb207130c96,2026-08-14T22:55:30+00:00,itel A70,https://www.whatamobile.com.pk/product/itel-a70/,Yes,false,[],Weight Unknown,[18299.0],whatamobile.com.pk/whatamobile__itel-a70.json,45887aaf50ed4802cecdbef1cef2f23d2786bda526f130b85c71500261e44d31,0.79167
96655ddc72d0f00c4792605f19dfe1f048c50e247f28661547924d3e2e02574e,2026-08-14T21:22:27+00:00,Itel A80,https://www.whatamobile.com.pk/product/itel-a80/,N/A,false,[],Weight Unknown,[20249.0],whatamobile.com.pk/whatamobile__itel-a80.json,4f7066f63d15b758c59eec17cdc5260ce4b491e39878c68fd73c6b58080d0a1e,0.83333
c230dd08b5eb8842d73f3fc8c5486fa493ac6539be58291eba3596811579e812,2026-08-14T21:58:43+00:00,itel P55 5G,https://www.whatamobile.com.pk/product/itel-p55-5g/,Yes,false,[],Weight Unknown,[21799.0],whatamobile.com.pk/whatamobile__itel-p55-5g.json,8626cebd10059eaaf841447a372f402308c523d29632b43c932a059f317d5f7e,0.83333
12f8ea5c811c91fe5a1b5fe3b991773e3a2d5b79f985f52aadacf7d33c91b99c,2026-08-14T22:10:13+00:00,itel RS4,https://www.whatamobile.com.pk/product/itel-rs4/,Yes,false,[],Weight Unknown,[31000.0],whatamobile.com.pk/whatamobile__itel-rs4.json,bced511b0a8923de5dbd5aba0f91e9ed2d2168db4f60f86b87e362893765354c,0.83333
99531973e6ba295a059a7793076a77ef36b7b09929e3f9008c04a05a5d1546d5,2026-08-14T20:17:24+00:00,itel S18 Pro,https://www.whatamobile.com.pk/product/itel-s18-pro/,Yes,false,[],Weight Unknown,[26999.0],whatamobile.com.pk/whatamobile__itel-s18-pro.json,58a8072614ab0d6d9a70cfa4ebabea4ba89b09b2ca3c81e3fa3ada66cc2b831d,0.83333
2fc9d60449140a3c5c203a4bc37c9592e2c809741d6ff5311d3cf85e2ca80653,2026-08-14T21:49:14+00:00,itel S18,https://www.whatamobile.com.pk/product/itel-s18/,Yes,false,[],Weight Unknown,[57999.0],whatamobile.com.pk/whatamobile__itel-s18.json,c949f1721d1a557f10aeb5881b5719fc886ecb4e6532a8b449f53b162c433a20,0.83333
23a8bf22c3b30f99e530797738ba39ef34da59428cd3dc7cd941a76ced9cc4e2,2026-08-14T20:42:25+00:00,itel s23 Plus,https://www.whatamobile.com.pk/product/itel-s23-plus/,Yes,false,[],Weight Unknown,[41999.0],whatamobile.com.pk/whatamobile__itel-s23-plus.json,a2ceb2193f34faba686ea5bbec98e2a0b296419c34f98b52bfb57780a5cc4ebb,0.83333
102ddf3ca9acf144e63286e2a2ee176e6b58b43cef4afff5b7154438535a58f2,2026-08-14T22:53:01+00:00,Itel S23,https://www.whatamobile.com.pk/product/itel-s23/,Yes,false,[],Weight Unknown,[18999.0],whatamobile.com.pk/whatamobile__itel-s23.json,8067d2701c7f7ea838a1911972b52257d56d4ea550d04cccfed363b43017dbdb,0.83333
0d228a2ce9e316f061461bdf3c1d74e79d6010aedb69f31196b4e1272c54b256,2026-08-14T20:24:43+00:00,itel S24,https://www.whatamobile.com.pk/product/itel-s24/,Yes,false,[],Weight Unknown,[34299.0],whatamobile.com.pk/whatamobile__itel-s24.json,3693e1b8a6b8e00b41e02a5715478f8db3bfb9fb8c413166d5dccfe226f3381a,0.83333
88276b2bcfb94142eab55f9bbd830a0ff69bfdaca0d0f4575fb93d713bbc27ca,2026-08-14T19:56:24+00:00,"itel S25 (8GB, 128GB, Bromo Black)",https://www.whatamobile.com.pk/product/itel-s25-8gb-128gb-bromo-black/,Yes,false,"[""Bromo Black"",""Mambo Mint"",""Sahara Gleam""]",Weight Unknown,[33590.0],whatamobile.com.pk/whatamobile__itel-s25-8gb-128gb-bromo-black.json,5722dde3e8ad60083459036f3a51f3c469543ae615878dc88e62aa944033be07,0.83333
2c52abea27ff1fb82d0a24cb58b6cc6d3a3ca871389e4c9ba6ddfbc64fcd8eb2,2026-08-14T20:54:27+00:00,Itel S25 Ultra,https://www.whatamobile.com.pk/product/itel-s25-ultra/,Yes,false,[],Weight Unknown,[45499.0],whatamobile.com.pk/whatamobile__itel-s25-ultra.json,3d6bd018facf97874b81e0e0ceb120d87cd10569b1150cfd2a3b4d22a40615e0,0.83333
7b894d0b9128cbd9677c565ee04623ca2bde02110425b9274b317b6364ea93cc,2026-08-14T21:59:33+00:00,Itel S25,https://www.whatamobile.com.pk/product/itel-s25/,Yes,false,[],Weight Unknown,[28499.0],whatamobile.com.pk/whatamobile__itel-s25.json,28c29ec37c8545cd4730dceded48d949a141844e1dedbc813f82abc4003dd7aa,0.83333
70ce8ccc4edbeb3eb24e6e2f650f224cb862f77ae189824dd2f1d2cba02eee23,2026-08-14T18:00:51+00:00,itel Vision 1 Pro 2GB,https://www.whatamobile.com.pk/product/itel-vision-1-pro-3gb-2/,Yes,false,"[""Various""]",Weight Unknown,[13499.0],whatamobile.com.pk/whatamobile__itel-vision-1-pro-3gb-2.json,3171c3c7b4c2b69c2337db9da30d3efeeb8c2035bd723923a6222be256105cf2,0.79167
433b03f3cc3a3a745cb1a9939103d8de205c39e9fb440a6d7019170f31c06ff0,2026-08-14T21:45:13+00:00,itel Vision 1 Pro 3GB,https://www.whatamobile.com.pk/product/itel-vision-1-pro-3gb/,Yes,false,"[""Various""]",Weight Unknown,[16499.0],whatamobile.com.pk/whatamobile__itel-vision-1-pro-3gb.json,ea85b1928c2d8be90167a388e2cc14efe4734c5731e65fd62eb05b3cf79ecb0e,0.79167
a427289f6475193b898965bb8eed84aaa0e210ec434229397581b2532e847b8e,2026-08-14T20:20:46+00:00,itel Vision 2 Plus 2GB 32GB,https://www.whatamobile.com.pk/product/itel-vision-2-plus-2gb-32gb/,Yes,false,"[""Gradation Blue | Gradation Sea Blue""]",Weight Unknown,[16499.0],whatamobile.com.pk/whatamobile__itel-vision-2-plus-2gb-32gb.json,583a74f7593bc900c099aecd776d43029a4175b66931b11fb15fd7e9a67d3a45,0.79167
3a5a52001048d5b29af5e384e2bce4bc09b3a7e00cffe37aa7cf330432050fd7,2026-08-14T22:02:12+00:00,itel Vision 2 Plus,https://www.whatamobile.com.pk/product/itel-vision-2-plus/,Yes,false,"[""Gradation Blue | Gradation Sea Blue""]",Weight Unknown,[18499.0],whatamobile.com.pk/whatamobile__itel-vision-2-plus.json,f897ab061c38412ce6504566df2ee3e93402e3b43e2a5bf9274b88266bc4ac85,0.79167
3e6fd4832a16af508cae9e5d8bd37e005a7a0e721f2083d089cac1d9d21ccf42,2026-08-14T22:21:27+00:00,itel Vision 2,https://www.whatamobile.com.pk/product/itel-vision-2/,Yes,false,"[""Gradation Green | Deep Blue""]",Weight Unknown,[18499.0],whatamobile.com.pk/whatamobile__itel-vision-2.json,8c5e395ce45bca00f44475e1ae2072ca1262dcb17a68214ab0729facdf94572c,0.87500
1cb6017445a62ff44b214301f1d607d3200e4433615ba1a4304296f7745ad520,2026-08-14T18:00:16+00:00,itel Vision 2s,https://www.whatamobile.com.pk/product/itel-vision-2s/,Yes,false,"[""Gradation Purple | Gradation Blue | Deep Blue""]",Weight Unknown,[15499.0],whatamobile.com.pk/whatamobile__itel-vision-2s.json,4446908a280740e553e30e38d3a24b63e6de95779c7f4c0338fd4ce3e680b49b,0.83333
8639a33d72caf4cf08629a498b1dcd0ee0b7f13557961672b02c20307770b728,2026-08-14T20:46:11+00:00,itel Vision 3,https://www.whatamobile.com.pk/product/itel-vision-3/,Yes,false,"[""Jewel Blue | Multicolor Green | Deep Ocean Black""]",Weight Unknown,[15999.0],whatamobile.com.pk/whatamobile__itel-vision-3.json,73ff4880e1f30a9678d791720bc3a9d62c967fce3f4506a9c877befda7faf38e,0.83333
b28be188d8a97a58e94e7d68610e4d5a8bab2ec2431b780fb5087aa89509bcf1,2026-08-14T18:16:20+00:00,Jolla Jolla C,https://www.whatamobile.com.pk/product/jolla-jolla-c/,Yes,false,[],Weight Unknown,[33000.0],whatamobile.com.pk/whatamobile__jolla-jolla-c.json,56b35364a97d15803309632e5b2cf11dc0090bb9a4f7fdb2942a724846c33571,0.79167
9ddaa44f3340113d279ac16443d8210528bd31a07cbeb80867002124b7580b9d,2026-08-14T21:52:24+00:00,Jolla Jolla,https://www.whatamobile.com.pk/product/jolla-jolla/,Yes,false,[],Weight Unknown,[35000.0],whatamobile.com.pk/whatamobile__jolla-jolla.json,70856afcbd78ee9fda07d24a2f4ce055a33d6bdcf2c6cb8d8e7eb761f3f8ea25,0.79167
8b2793ccb20eb8ee7f1f26057341b61e19338c6a2f171bf9783068f7f5dac9bd,2026-08-14T18:15:59+00:00,Karbonn Titanium Octane Plus,https://www.whatamobile.com.pk/product/karbonn-titanium-octane-plus/,Yes,false,[],Weight Unknown,[20000.0],whatamobile.com.pk/whatamobile__karbonn-titanium-octane-plus.json,9750820782dfa7c757a8cde63dd55bab219da141dca057b119db8ed7211f91ce,0.79167
0984213a8d4e53188639eda085b62d2a61a26ba93bd49dad3c00e81117ab7619,2026-08-14T18:16:10+00:00,Karbonn Titanium Octane,https://www.whatamobile.com.pk/product/karbonn-titanium-octane/,Yes,false,[],Weight Unknown,[18000.0],whatamobile.com.pk/whatamobile__karbonn-titanium-octane.json,9c2fddaa81b6a73affc53f89a9425cdae1c2dac849a477be7cf5cd9a59e93817,0.79167
b3007b726e0fa3cd68119155e66084db7e400b70426ce9d892d568f181bb59ec,2026-08-14T21:52:14+00:00,Lava Agni 2,https://www.whatamobile.com.pk/product/lava-agni-2/,Yes,false,[],Weight Unknown,[67000.0],whatamobile.com.pk/whatamobile__lava-agni-2.json,dfbebd655abd0d779107a745c3a0d9dd7a799cf1aae795d0fa3b2aaa098f55b9,0.79167
6ab5edbd19b9c8dc4c58a66d053db1e64332abc2debdcc0eabcbf1e52596858a,2026-08-14T20:26:51+00:00,Lava Agni 5G,https://www.whatamobile.com.pk/product/lava-agni-5g/,Yes,false,[],Weight Unknown,[42000.0],whatamobile.com.pk/whatamobile__lava-agni-5g.json,4c9dd0764dc717ec473bd6d1196f905d175d0b90eba96608f3f51a9bbdbe2402,0.79167
b73680517cb85c17d68ce58d16c4e69018485f220fda3c3962f2e96196cc8185,2026-08-14T20:27:33+00:00,Lava Blaze 2 5G,https://www.whatamobile.com.pk/product/lava-blaze-2-5g/,Yes,false,[],Weight Unknown,[34499.0],whatamobile.com.pk/whatamobile__lava-blaze-2-5g.json,49c27164c487df3e2f7ba0025722f6f698dd1d3cf6e1fa22ba1f4b35e2513378,0.79167
06cd13a4f8b8ee4364ca4f7e104448a578030904ee789e1af00d200299ddb327,2026-08-14T22:04:59+00:00,Lava Blaze 5G,https://www.whatamobile.com.pk/product/lava-blaze-5g/,Yes,false,[],Weight Unknown,[28999.0],whatamobile.com.pk/whatamobile__lava-blaze-5g.json,c7abb43ada3b033bb43b17c1a7066e82782b633e69c989153984b1fae278b0a6,0.79167
9d3fd4a22d654bfbc3d3e012e265d4b5b8c4dcd7b4650369d6d63a496aa136c2,2026-08-14T21:57:23+00:00,Lava Blaze Curve,https://www.whatamobile.com.pk/product/lava-blaze-curve/,Yes,false,[],Weight Unknown,[75000.0],whatamobile.com.pk/whatamobile__lava-blaze-curve.json,f93ae92859ec60fad4f9b8aa15c003e92a5e58090c8f5ed728294f7646ca8e04,0.79167
ef6f76eeee8dc0facfbc307e0a32f2381342c183b9eb1b8772e3aa0dda5a28cf,2026-08-14T18:15:02+00:00,Lava Blaze Pro,https://www.whatamobile.com.pk/product/lava-blaze-pro/,Yes,false,[],Weight Unknown,[30000.0],whatamobile.com.pk/whatamobile__lava-blaze-pro.json,3957f165550f4af0b575f22270c45c2c8b068b8b8194b2f56b22a5333ec67c92,0.79167
355775d8d055be8537e5a751d8eb0e8808d5509ae37382c88a8a4f485d053907,2026-08-14T20:32:36+00:00,Lava Iris 405+,https://www.whatamobile.com.pk/product/lava-iris-405/,Yes,false,[],Weight Unknown,[7000.0],whatamobile.com.pk/whatamobile__lava-iris-405.json,2a9bbe51e422dfaa582143a2ab4b35f9f4fdfc2a4b792256da764857951002f2,0.79167
e136a752f6855e294764ef2d394550a3f5deab962f6e6c2854979b4f39e65c54,2026-08-14T18:13:38+00:00,Lava Iris 503,https://www.whatamobile.com.pk/product/lava-iris-503/,Yes,false,[],Weight Unknown,[9000.0],whatamobile.com.pk/whatamobile__lava-iris-503.json,29ea55fc78dafbf06db46a6459b9f44a7313a2c7f588617d468865ede1717e95,0.79167
87c6743172c15bec6c6eb189647d8b274ae995949f6627e93c92c2f2c300380c,2026-08-14T18:13:29+00:00,Lava Iris 504Q,https://www.whatamobile.com.pk/product/lava-iris-504q/,Yes,false,[],Weight Unknown,[17400.0],whatamobile.com.pk/whatamobile__lava-iris-504q.json,3234a5510e48d21af28ea5bf38ac48ef313fc5bc076ee27e1d9e054dff0f48b0,0.79167
bf0689b809881ca663b28363f045d9a14455688a7aac14067c7f996ea967aa40,2026-08-14T21:52:46+00:00,Lava Storm 5G,https://www.whatamobile.com.pk/product/lava-storm-5g/,Yes,false,[],Weight Unknown,[38999.0],whatamobile.com.pk/whatamobile__lava-storm-5g.json,99f7d562d67b1f3b85527e28aa7e645909a14858910038154c1583483d43b3f1,0.79167
57eaf125deced9520aabdbd9e671d04dae5ed4620dc291a5f41dc0c74590c91f,2026-08-14T18:14:50+00:00,Lava X2,https://www.whatamobile.com.pk/product/lava-x2/,Yes,false,[],Weight Unknown,[15500.0],whatamobile.com.pk/whatamobile__lava-x2.json,6668dccaaaac18a3f1acd8cf3a792de7493eca5add682b6ab8968cb8b1ac0759,0.79167
fa338390be98fc26549e5b7308c75df268b33a1e2838bc0443d04c6fdc711b31,2026-08-14T21:52:55+00:00,Lava Yuva 2 Pro,https://www.whatamobile.com.pk/product/lava-yuva-2-pro/,Yes,false,[],Weight Unknown,[25000.0],whatamobile.com.pk/whatamobile__lava-yuva-2-pro.json,e5a76a3ef82ff889042a17c8ffbce23127efa17178f6ac16589ff3078957c3f0,0.79167
8b6b77e9317a310739e789e0f66c7a917a567fd85965b3626d387f5145b9f306,2026-08-14T22:03:39+00:00,Lava Yuva Pro,https://www.whatamobile.com.pk/product/lava-yuva-pro/,Yes,false,[],Weight Unknown,[18000.0],whatamobile.com.pk/whatamobile__lava-yuva-pro.json,adf46aab10c5c6beda167aff8ed33c181a07546b89122482b5b59dcd4cc3a0e9,0.79167
aefee693c1fe50dc0ffe67106b3e3894227d7c4534581beef584afbc4d038d8f,2026-08-14T20:16:55+00:00,Lava Z6,https://www.whatamobile.com.pk/product/lava-z6/,Yes,false,[],Weight Unknown,[10000.0],whatamobile.com.pk/whatamobile__lava-z6.json,4f08d714dcf0861a7390fabdc40b1780135f3dae89c106f4855ac262332ba1c3,0.79167
aecf078afde722903b160fa40d33ca335c79f20a789ac33bf0e03f306ba670d6,2026-08-14T19:12:07+00:00,LeEco Le 2,https://www.whatamobile.com.pk/product/leeco-le-2-price-in-pakistan/,Yes,false,[],Weight Unknown,[20500.0],whatamobile.com.pk/whatamobile__leeco-le-2-price-in-pakistan.json,0ab16b675653671fbac045db9eb092f5c0334718b00ca7aa9e072ff834100361,0.79167
c8f633ad1891a3b1e42b7383d5342b6c47665717bf5cf9484224c20c00d4e879,2026-08-14T17:53:56+00:00,LeEco Le 2 Pro,https://www.whatamobile.com.pk/product/leeco-le-2-pro-price-in-pakistan/,Yes,false,[],Weight Unknown,[26400.0],whatamobile.com.pk/whatamobile__leeco-le-2-pro-price-in-pakistan.json,3352c0c8edf2086740ff7c3838caf05f5342ad7f067b3b49c82d9b08d08ec1b6,0.79167
23684406bbe031204a91325bbebc712268bd01b1643f5bfeec5ac996f9ae5f9e,2026-08-14T19:11:45+00:00,LeEco Le Max 2,https://www.whatamobile.com.pk/product/leeco-le-max-2-price-in-pakistan/,Yes,false,[],Weight Unknown,[20000.0],whatamobile.com.pk/whatamobile__leeco-le-max-2-price-in-pakistan.json,9868c677c3cc4fc81905b9687aaf7c1443b84de029b030dbb74711059e94a736,0.79167
636d5b58cc170b655be2eff4f987ddf1e15e049d57a7c0ab93710835997beed0,2026-08-14T19:12:39+00:00,LeEco Le Max,https://www.whatamobile.com.pk/product/leeco-le-max-price-in-pakistan/,Yes,false,[],Weight Unknown,[38749.0],whatamobile.com.pk/whatamobile__leeco-le-max-price-in-pakistan.json,88495e8d51d65a705cf70931c3daeed717297a48ba23ac3180bc4721d1e582c1,0.79167
07284341dd10f6e9a33c64a22d5fd93bff59bc0286723e2628a0137e465c7e25,2026-08-14T19:12:18+00:00,LeEco Le Pro3,https://www.whatamobile.com.pk/product/leeco-le-pro3-price-in-pakistan/,Yes,false,[],Weight Unknown,[27500.0],whatamobile.com.pk/whatamobile__leeco-le-pro3-price-in-pakistan.json,ef8fca3e3682d0bd534e25062fc93371757c57a31fdb7b6b70ce69be9e729d1b,0.79167
790b2a10761d98931ce7861468f259c4aada1d89839c66377b448768c5082460,2026-08-14T19:11:56+00:00,LeEco Le S3,https://www.whatamobile.com.pk/product/leeco-le-s3-price-in-pakistan-2/,Yes,false,[],Weight Unknown,[20500.0],whatamobile.com.pk/whatamobile__leeco-le-s3-price-in-pakistan-2.json,284daf97e5896f919987e781acb041a6e9393f3c41213f0641c992cad6803c75,0.79167
c28cea3d717315e4573f19485b2df9997a6dd2dc0ba06019c6fd690bf1941643,2026-08-14T19:12:28+00:00,LeEco Le S3,https://www.whatamobile.com.pk/product/leeco-le-s3-price-in-pakistan/,Yes,false,[],Weight Unknown,[37528.0],whatamobile.com.pk/whatamobile__leeco-le-s3-price-in-pakistan.json,49c8fe1bfd1cd20a3d3a077979ad207ecd7f29e72ae1d8afa7bb403b0360de0b,0.79167
4cf435c67360de1f5844f256f036e7383a2b124dfc9d25ebb8184d224c646e7e,2026-08-14T19:11:24+00:00,Lenovo A6 Note,https://www.whatamobile.com.pk/product/lenovo-a6-note-price-in-pakistan/,Yes,false,[],Weight Unknown,[38000.0],whatamobile.com.pk/whatamobile__lenovo-a6-note-price-in-pakistan.json,8666ca25ada7ec574d51e0360ffbeef04a72ad9f948679e44873cf9af2ee74d3,0.79167
477ac22bdd3e4833c3a59a1c98debba265ee7e4cfc5b5491ad7a261cf32b23f1,2026-08-14T22:29:29+00:00,Lenovo A6000 Plus,https://www.whatamobile.com.pk/product/lenovo-a6000-plus-price-in-pakistan/,Yes,false,[],Weight Unknown,[12900.0],whatamobile.com.pk/whatamobile__lenovo-a6000-plus-price-in-pakistan.json,8857b5b61a0e8f1c3cae5382f7bf5fa971be2bbae227c7671c054f47a05a743c,0.79167
ece51424ddc87fdd4067a39556dfe23dc98649d65c3cc7bce39c8351de2b662e,2026-08-14T19:09:54+00:00,Lenovo A6010 Plus,https://www.whatamobile.com.pk/product/lenovo-a6010-plus-price-in-pakistan/,Yes,false,[],Weight Unknown,[12500.0],whatamobile.com.pk/whatamobile__lenovo-a6010-plus-price-in-pakistan.json,d70d2c57216191ba0dff7fc6b54e7364ef90fdd2e3b637e66b05aef92e0faa08,0.79167
16ee14ff6c0462d24772a171752dae158979b37de190ae897895a486cfeeed11,2026-08-14T19:09:41+00:00,Lenovo C2 Power,https://www.whatamobile.com.pk/product/lenovo-c2-power-price-in-pakistan/,Yes,false,[],Weight Unknown,[12000.0],whatamobile.com.pk/whatamobile__lenovo-c2-power-price-in-pakistan.json,670de419126489b66c6708562d86c36056051020db9bbe27f65b2c05ef4f24c5,0.79167
fdacca034138ddbeb80721e63572315476ed6a4f57024acf6da09bcb95db7908,2026-08-14T19:10:59+00:00,Lenovo K10 Plus,https://www.whatamobile.com.pk/product/lenovo-k10-plus-price-in-pakistan/,Yes,false,[],Weight Unknown,[32999.0],whatamobile.com.pk/whatamobile__lenovo-k10-plus-price-in-pakistan.json,b469a5b831eb40acc870c825ea1ca596021838a9a21aa11c2f51febcc620de00,0.79167
383e176472254e459ff73e255b9c278e0feeea5c9cb87887e220f2abf2ce9126,2026-08-14T21:33:50+00:00,Lenovo K13,https://www.whatamobile.com.pk/product/lenovo-k13-price-in-pakistan/,Yes,false,[],Weight Unknown,[18999.0],whatamobile.com.pk/whatamobile__lenovo-k13-price-in-pakistan.json,ea8cfcd27f6cef27da13b85e404384cd943b6b02ccb913af02d6c95cc5295d14,0.79167
52cb7a6cc8d4c70c881a9c45f5ad2cd8d3f17d5f5d2f7fe9c5cf2035cf060836,2026-08-14T19:10:49+00:00,Lenovo K13 Pro,https://www.whatamobile.com.pk/product/lenovo-k13-pro-price-in-pakistan/,Yes,false,[],Weight Unknown,[32999.0],whatamobile.com.pk/whatamobile__lenovo-k13-pro-price-in-pakistan.json,52aec99e68c38b5bd75b3d03b4ea46936dd639590d8e7cd9442896f9afee6509,0.75000
1090c7f3d06f963a3730decdac61ab08295e2aa4a92d1de95f5c19110adc9b10,2026-08-14T19:11:11+00:00,Lenovo K4 Note,https://www.whatamobile.com.pk/product/lenovo-k4-note-price-in-pakistan/,Yes,false,[],Weight Unknown,[37800.0],whatamobile.com.pk/whatamobile__lenovo-k4-note-price-in-pakistan.json,19f1b594545906f41e06fbe6a8c4625909f87b8e8d0b9b3869130dd56549227c,0.79167
49850fcd34c59ac17245a7f770acc38c0c9b4fca03d7f15728bdc5a75fc8bad0,2026-08-14T22:26:44+00:00,Lenovo K5 Pro,https://www.whatamobile.com.pk/product/lenovo-k5-pro-price-in-pakistan/,Yes,false,[],Weight Unknown,[25000.0],whatamobile.com.pk/whatamobile__lenovo-k5-pro-price-in-pakistan.json,39f4d32e0413bd193f6ef9de12a0588861f8b713461b10513370d85f11a0404e,0.79167
3bfc52f999fee44a32d15bb11f2179854b6a6c630510f5d2c215783b57a8f303,2026-08-14T21:14:49+00:00,Lenovo K6 Enjoy,https://www.whatamobile.com.pk/product/lenovo-k6-enjoy-price-in-pakistan/,Yes,false,[],Weight Unknown,[31999.0],whatamobile.com.pk/whatamobile__lenovo-k6-enjoy-price-in-pakistan.json,f32f101ce694be6a744f2ed159d13c961a3d0db6c10c3bd8ec4c7a45ea70df82,0.79167
593d016b8ae9a92150654b4e747f997946ee8577d5403ad1a6c831b1959a1235,2026-08-14T22:51:01+00:00,Lenovo Legion Y70,https://www.whatamobile.com.pk/product/lenovo-legion-y70-price-in-pakistan/,Yes,false,[],Weight Unknown,[94999.0],whatamobile.com.pk/whatamobile__lenovo-legion-y70-price-in-pakistan.json,1f515f8bfa858b97c7fa35310cf28488dc3243ccd283f1dc24d2d983836a0319,0.79167
f4b63f61380f67bc44dfce6bdc009f4532c07e17b4a7355a64fee8d08d5daba6,2026-08-14T22:48:20+00:00,Lenovo Lemon 3,https://www.whatamobile.com.pk/product/lenovo-lemon-3-price-in-pakistan/,Yes,false,[],Weight Unknown,[11500.0],whatamobile.com.pk/whatamobile__lenovo-lemon-3-price-in-pakistan.json,6b0b89b31a1da22115698b7783df90bff7837489324d06530b6733b7b8d6e712,0.79167
45c3d73380a0d7fd5f8b5b71e9489cce0d1421b34000791886bfddf51bb26056,2026-08-14T19:11:35+00:00,Lenovo Moto Z,https://www.whatamobile.com.pk/product/lenovo-moto-z-price-in-pakistan/,Yes,false,[],Weight Unknown,[66900.0],whatamobile.com.pk/whatamobile__lenovo-moto-z-price-in-pakistan.json,384ca9d6241406666edd4ffacacd2ec410781708eb3310363529be57919d07c5,0.75000
046f0737fdd6434410f800b9e31437d64a56139666e36597af41ba0d871c4cfd,2026-08-14T22:30:46+00:00,Lenovo P70,https://www.whatamobile.com.pk/product/lenovo-p70-price-in-pakistan/,Yes,false,[],Weight Unknown,[20990.0],whatamobile.com.pk/whatamobile__lenovo-p70-price-in-pakistan.json,ff4a88290478e74f2f74b20d8275c4fbb70563cc568e5f986fef249bc59a790b,0.79167
da11ed67afe926c261b861b06284d1d8355098ac8b2319e62f7c5c35af68f115,2026-08-14T20:31:18+00:00,Lenovo P780,https://www.whatamobile.com.pk/product/lenovo-p780-price-in-pakistan/,Yes,false,[],Weight Unknown,[22500.0],whatamobile.com.pk/whatamobile__lenovo-p780-price-in-pakistan.json,1f23d3d387ba98f52396324195f7e84332755cae25beaf1500b060b1cd010a26,0.79167
d247dde6591c00867409b276809a717b354974ce24b0d6012c0e52803a3b5f46,2026-08-14T22:11:13+00:00,Lenovo S5 Pro GT,https://www.whatamobile.com.pk/product/lenovo-s5-pro-gt-price-in-pakistan/,Yes,false,[],Weight Unknown,[31999.0],whatamobile.com.pk/whatamobile__lenovo-s5-pro-gt-price-in-pakistan.json,72c0cb09bf39d0819c889f1b7fcdb5e7eccef5210384bd6ecd8210d440a48035,0.79167
54f50d624ff77a88b7a9d9a1060e455001bf600ec94bcafa39f59b39675fe645,2026-08-14T22:25:22+00:00,Lenovo S860,https://www.whatamobile.com.pk/product/lenovo-s860-price-in-pakistan/,Yes,false,[],Weight Unknown,[19000.0],whatamobile.com.pk/whatamobile__lenovo-s860-price-in-pakistan.json,3fbec8a8931f674234fddc5db980d3e0eade87f9724390b19c7e3bcb84c91631,0.79167
255ac9c757f34860986ac57afe63130e34e33fb6472707ea317dd9fd674e2bbb,2026-08-14T19:10:15+00:00,Lenovo S90,https://www.whatamobile.com.pk/product/lenovo-s90-price-in-pakistan/,Yes,false,[],Weight Unknown,[26900.0],whatamobile.com.pk/whatamobile__lenovo-s90-price-in-pakistan.json,bdd7dad569c43194a5470d608a459c66e7fff76929b0f95d57cd41a1fb65e443,0.79167
5e2d7179f90fa0619f514dc7bf64b8cdba1a6061461188be05b7ee5bf239fc1d,2026-08-14T22:46:13+00:00,Lenovo Vibe K5,https://www.whatamobile.com.pk/product/lenovo-vibe-k5-price-in-pakistan/,Yes,false,[],Weight Unknown,[12500.0],whatamobile.com.pk/whatamobile__lenovo-vibe-k5-price-in-pakistan.json,4750bccdd39774a3867f3b0e1f70c6891ba4ffc6fab7764efb97cf6a59f1e04e,0.79167
677ae9c1c552e662ca26a71738fcb914b7aa67a641e6621991cfa0fbbb37cfe6,2026-08-14T22:25:42+00:00,Lenovo Vibe P1 Turbo,https://www.whatamobile.com.pk/product/lenovo-vibe-p1-turbo-price-in-pakistan/,Yes,false,[],Weight Unknown,[21100.0],whatamobile.com.pk/whatamobile__lenovo-vibe-p1-turbo-price-in-pakistan.json,b50d0262ee1e7330cfa6ff1b94783805ff382fbc6f7eef614eea2a9eb8af920c,0.79167
658ccd6e17484d3fde06d98ee1fa33eae0c72d011f3680bf61ced6fab08d20e2,2026-08-14T19:10:05+00:00,Lenovo Vibe Shot,https://www.whatamobile.com.pk/product/lenovo-vibe-shot-price-in-pakistan/,Yes,false,[],Weight Unknown,[25000.0],whatamobile.com.pk/whatamobile__lenovo-vibe-shot-price-in-pakistan.json,8236998ca4d60088d4307369eb6103165aac53b52835ef7d2bb73c128b6b9550,0.79167
abd525cbeffa1121d8e3c6af012b2a3c928b0152deaf7d3fea065a5d3b517fff,2026-08-14T22:30:55+00:00,Lenovo Vibe X2,https://www.whatamobile.com.pk/product/lenovo-vibe-x2-price-in-pakistan/,Yes,false,[],Weight Unknown,[19499.0],whatamobile.com.pk/whatamobile__lenovo-vibe-x2-price-in-pakistan.json,87089c44d530316b74e7bf47886d3796842518a3ce8f5b237938437b6168645d,0.79167
6e75c33ef69e1a0253a97adde8c4e2adec957adc26e13c7dbadbb159346a1703,2026-08-14T22:25:32+00:00,Lenovo Vibe X3,https://www.whatamobile.com.pk/product/lenovo-vibe-x3-price-in-pakistan/,Yes,false,[],Weight Unknown,[14000.0],whatamobile.com.pk/whatamobile__lenovo-vibe-x3-price-in-pakistan.json,8e691e589ddb853d9a6954f77250b3197bec72dd78fcad97f11aab81a1f4bbde,0.79167
a7eb689315b1e6f884833446c834457ca7b36e5a175743807baf2ae8c035b360,2026-08-14T20:29:20+00:00,Lenovo Vibe Z2,https://www.whatamobile.com.pk/product/lenovo-vibe-z2-price-in-pakistan/,Yes,false,[],Weight Unknown,[48999.0],whatamobile.com.pk/whatamobile__lenovo-vibe-z2-price-in-pakistan.json,648a0741023fa1665be017febd5c5b0dd0060e38cc1bf43980099e3a166f3235,0.79167
2bce3c0a1d0ec155845489d0831a66e76e2ed98181446938fd7320d3ac3576e3,2026-08-14T19:10:38+00:00,Lenovo Z5 (2018),https://www.whatamobile.com.pk/product/lenovo-z5-2018-price-in-pakistan/,Yes,false,[],Weight Unknown,[30000.0],whatamobile.com.pk/whatamobile__lenovo-z5-2018-price-in-pakistan.json,088daa866621a2bab6489cc731997f1f53025a540872b2ab86a564dda36dc1da,0.79167
a53ec9c3002c219be809d77c767f815a30fa41a95f041a455290a8e58cf4f2b5,2026-08-14T21:57:04+00:00,Lenovo Z5 Pro,https://www.whatamobile.com.pk/product/lenovo-z5-pro-price-in-pakistan/,Yes,false,[],Weight Unknown,[45999.0],whatamobile.com.pk/whatamobile__lenovo-z5-pro-price-in-pakistan.json,e19ee5d0736bae81661481abdd524b23d73137922f2002aa4bd579b4bc3a2cb9,0.79167
b6095b13663c75888e1f0ce7b6d0998118f4a0244c0a6183548287a6de7144af,2026-08-14T22:50:13+00:00,Lenovo Z5s,https://www.whatamobile.com.pk/product/lenovo-z5s-price-in-pakistan/,Yes,false,[],Weight Unknown,[28200.0],whatamobile.com.pk/whatamobile__lenovo-z5s-price-in-pakistan.json,1b7e6b0653adc97dd29d920f070f09b369772cb6b3fca8e44dc419d6af2cb3ab,0.79167
418425e42d6cdb727a436b7d663fc1af62153ecea6a1b6cef8c5c226e4b68c98,2026-08-14T22:37:07+00:00,Lenovo Z6 Pro 5G,https://www.whatamobile.com.pk/product/lenovo-z6-pro-5g-price-in-pakistan/,Yes,false,[],Weight Unknown,[66000.0],whatamobile.com.pk/whatamobile__lenovo-z6-pro-5g-price-in-pakistan.json,6305274739716906ecaa74f8bacafebb0a60d3f9b5cdcd24441e7c5ff553f6f5,0.79167
176a424d6abb8eb7b4c8e8932f36a5ad5f58d06c8de565710c105a1b9320994f,2026-08-14T19:10:26+00:00,Lenovo Z6 Youth,https://www.whatamobile.com.pk/product/lenovo-z6-youth-price-in-pakistan/,Yes,false,[],Weight Unknown,[28000.0],whatamobile.com.pk/whatamobile__lenovo-z6-youth-price-in-pakistan.json,72f4b827027f49ca5adde0cb440548f6c7b81c5f68b32e949c6d5fb17990c8dc,0.79167
e17a01008372915027147065b00a5c41da2c5f0a44e66bfe797ee4933f42f764,2026-08-14T17:48:37+00:00,LG G Pro 2,https://www.whatamobile.com.pk/product/lg-g-pro-2/,Yes,false,"[""Titan"",""White"",""Silver"",""Burgundy""]",Weight Unknown,[40500.0],whatamobile.com.pk/whatamobile__lg-g-pro-2.json,999ffef734b2db6ed176d0c6bd78435bbbe2fe89ce41ad5be573f60c4a2abc09,0.91667
d2c14a30f6a6e39fa36a3f47f791f117ca10fc0a7b1a9988defe0d3e26a9e836,2026-08-14T17:50:50+00:00,LG G3,https://www.whatamobile.com.pk/product/lg-g3/,Yes,false,"[""Metallic Black"",""Silk White"",""Shine Gold"",""Burgundy Red"",""Moon Violet""]",Weight Unknown,[10999.0],whatamobile.com.pk/whatamobile__lg-g3.json,d2d6f1f16a97e4edee73cbb6a034a6b332eb5d5b174c67adc54aa2a1d34d5126,0.91667
f6119106147d088741af766bbe26ac5e3aafb13bfce859075d344fe33dcb0b81,2026-08-14T17:51:21+00:00,LG G6,https://www.whatamobile.com.pk/product/lg-g6/,Yes,false,"[""Mystic white"",""astro black"",""ice platinum""]",Weight Unknown,[39999.0],whatamobile.com.pk/whatamobile__lg-g6.json,95cb58bcb7f8eb65185ea68a4276d522f44b29318384c2f357df5c5f07c70d2c,0.87500
fcd6b821de10fbec7a3663b6232bcaa5f2e06326befeb95cdaed7aa39c5f7ab2,2026-08-14T19:09:20+00:00,LG G7 One,https://www.whatamobile.com.pk/product/lg-g7-one-price-in-pakistan/,Yes,false,[],Weight Unknown,[91400.0],whatamobile.com.pk/whatamobile__lg-g7-one-price-in-pakistan.json,fc98d6c5133e4e5ce55522914926374d12067e1513b654d73d015074dd16175f,0.79167
8d5990e976a5427c773b61804939f7b0728fd73c750ed7144a18a067610dc002,2026-08-14T21:29:51+00:00,LG G7 ThinQ,https://www.whatamobile.com.pk/product/lg-g7-thinq-price-in-pakistan/,Yes,false,[],Weight Unknown,[83700.0],whatamobile.com.pk/whatamobile__lg-g7-thinq-price-in-pakistan.json,c63e58f1eeda1e1c1fc89fa493a9aae17f9103253fa0a9e8e90e2328ce809b0d,0.79167
e78269b39030b5ae2c9db0443b3da6f7cf63a59b93afeb5a1443e268275c6e3e,2026-08-14T21:40:55+00:00,LG G8 ThinQ,https://www.whatamobile.com.pk/product/lg-g8-thinq-price-in-pakistan/,Yes,false,[],Weight Unknown,[89999.0],whatamobile.com.pk/whatamobile__lg-g8-thinq-price-in-pakistan.json,0bae0dc54b633c514b4f99c59e5564f02024ba1cb694f38dd7da5704352ac59c,0.79167
cc65b04b7c8668052b82304c2eeacc3dfdbff60765aff8b7dab0f873a765a0de,2026-08-14T20:31:08+00:00,LG G8S ThinQ,https://www.whatamobile.com.pk/product/lg-g8s-thinq-price-in-pakistan/,Yes,false,[],Weight Unknown,[61999.0],whatamobile.com.pk/whatamobile__lg-g8s-thinq-price-in-pakistan.json,c044daa389162ccc1061df9947d4232d12cdf4f13b9576bbfe7b0cd7870f4709,0.79167
0506106eb1fef8053df7eef2514ec82ebaa05074e868443f0e4eeae77cdf6368,2026-08-14T19:07:15+00:00,LG K11 Alpha,https://www.whatamobile.com.pk/product/lg-k11-alpha-price-in-pakistan/,Yes,false,[],Weight Unknown,[41100.0],whatamobile.com.pk/whatamobile__lg-k11-alpha-price-in-pakistan.json,1925bf58ed63cc3e00eb67d0a13eeb2515fe05141643c3e43ec19541d5eb4055,0.75000
9c6a739aca7ab237d6a6d3773e175fea634ed6247432d539ddcdabc49ccb33a4,2026-08-14T19:07:02+00:00,LG K11 Plus,https://www.whatamobile.com.pk/product/lg-k11-plus-price-in-pakistan/,Yes,false,[],Weight Unknown,[41100.0],whatamobile.com.pk/whatamobile__lg-k11-plus-price-in-pakistan.json,cd486216b64a4d13d809bd425a8fae31b51ee988efa93227493ae2e6558690b4,0.75000
e91da4fb99a95e900e0e59848d097ea6b0b2c87506ecaca8905230ec9abb5e25,2026-08-14T19:06:19+00:00,LG K20 (2019),https://www.whatamobile.com.pk/product/lg-k20-2019-price-in-pakistan/,Yes,false,[],Weight Unknown,[17999.0],whatamobile.com.pk/whatamobile__lg-k20-2019-price-in-pakistan.json,10370185ec0073f0126092399d93552507b5e34358a1e6a307e544450fdde83f,0.79167
3e0cf7c1d40a2f52e6e73c7ca87d548f4d91be373b419f9737c75909160dba94,2026-08-14T22:48:30+00:00,LG K40,https://www.whatamobile.com.pk/product/lg-k40-price-in-pakistan/,Yes,false,[],Weight Unknown,[23999.0],whatamobile.com.pk/whatamobile__lg-k40-price-in-pakistan.json,a1b5d8e196fde83be7f0f315f4794b90e0bbd60bf08ecc4ca62c76fdb05f5c68,0.79167
4ca3eefd8fb62288c9ad3c134384838dcb7bf72a5d308b1ddf86aeea75258558,2026-08-14T19:08:26+00:00,LG K41s,https://www.whatamobile.com.pk/product/lg-k41s-price-in-pakistan/,Yes,false,[],Weight Unknown,[62000.0],whatamobile.com.pk/whatamobile__lg-k41s-price-in-pakistan.json,2569045d2ee2e3de196e65755ce4b652992dc32675df84ddd79c00a5eb5f5812,0.70833
d13144a0c2be765ab3bebd24e08673baeab0b487da336a45127fc8638b441960,2026-08-14T19:06:51+00:00,LG K50s,https://www.whatamobile.com.pk/product/lg-k50s-price-in-pakistan/,Yes,false,[],Weight Unknown,[33999.0],whatamobile.com.pk/whatamobile__lg-k50s-price-in-pakistan.json,dce8b3332772ec9a16b528b0c7768ce4bd04d74d83e633f295b3e71351a3544c,0.79167
1b5e1ff7501297cc975aaa79771f274f3fb3cd6a9a0779da5498f6400f949260,2026-08-14T19:08:57+00:00,LG K51s,https://www.whatamobile.com.pk/product/lg-k51s-price-in-pakistan/,Yes,false,[],Weight Unknown,[71000.0],whatamobile.com.pk/whatamobile__lg-k51s-price-in-pakistan.json,4c40ffddda691cca989d8d8b7a8f9ed4bde2b7d591e335532f67edcb012cbcb7,0.66667
1b5fbc26e69200d853a0e69907b7422fbb2ff185ad43da2ddc9aa77c119941cd,2026-08-14T19:08:04+00:00,LG K61,https://www.whatamobile.com.pk/product/lg-k61-price-in-pakistan/,Yes,false,[],Weight Unknown,[56000.0],whatamobile.com.pk/whatamobile__lg-k61-price-in-pakistan.json,2b87600a0ad8a0bb3e29700d2940e1512430b2927c7b77acf5bd28a77a0115e5,0.66667
097820a16aeab05501a4707da26b78a281e0caf33a504919bd1b3a4d9482dbcc,2026-08-14T19:08:46+00:00,LG Neon Plus,https://www.whatamobile.com.pk/product/lg-neon-plus-price-in-pakistan/,Yes,false,[],Weight Unknown,[68999.0],whatamobile.com.pk/whatamobile__lg-neon-plus-price-in-pakistan.json,1ff300fcb26919eb5a4814395e0d66502f28dd2bea560502e478603da8ad2de2,0.79167
810fb37c8498712ae5c5afe8381711a12e0918ec78a842a36b8b29e1e0c71f4b,2026-08-14T19:09:08+00:00,LG Q Stylus+ Plus,https://www.whatamobile.com.pk/product/lg-q-stylus-plus-price-in-pakistan/,Yes,false,[],Weight Unknown,[75000.0],whatamobile.com.pk/whatamobile__lg-q-stylus-plus-price-in-pakistan.json,5856e3ea8fde4214cbcb19a2d9d388471328fa81a0af7320a1e4b84b71a2368a,0.79167
16afc8575d5150e3d05a262eb9e17d2cf6ec3b1422124ab1922d151dfc6a36a4,2026-08-14T19:06:39+00:00,LG Q32,https://www.whatamobile.com.pk/product/lg-q32-price-in-pakistan/,Yes,false,[],Weight Unknown,[26000.0],whatamobile.com.pk/whatamobile__lg-q32-price-in-pakistan.json,5dbbdc87787b082bb97843c756eff13f78dc14afdfcdf58c599bee94045faaf7,0.79167
2f5760050c2dda67fdb95dec0be1130ae6c0b760f39cd24c2049fb7bc79cac4c,2026-08-14T22:37:15+00:00,LG Q60,https://www.whatamobile.com.pk/product/lg-q60-price-in-pakistan/,Yes,false,[],Weight Unknown,[26999.0],whatamobile.com.pk/whatamobile__lg-q60-price-in-pakistan.json,46570aa531369d85d04642ea5685b5460278aed68b9a9dbaed8001b3d3b99c17,0.79167
ac270773c31ab990cf96aa4ddaf90ee8b9d4d8a499473968f017f5bb7331c588,2026-08-14T19:07:51+00:00,LG Q7α (Alpha),https://www.whatamobile.com.pk/product/lg-q7%ce%b1-alpha-price-in-pakistan/,Yes,false,[],Weight Unknown,[50000.0],whatamobile.com.pk/whatamobile__lg-q7%ce%b1-alpha-price-in-pakistan.json,e9490c83c17cce2c1d09ebe2309b72c8ebdcd573989e656320c43e147cca0d33,0.79167
3e71e8fc04d5eb8e5987f6019ad2001a493df324cce5ad302ceae0f45cb0123c,2026-08-14T22:28:09+00:00,LG Q7,https://www.whatamobile.com.pk/product/lg-q7-price-in-pakistan/,Yes,false,[],Weight Unknown,[70000.0],whatamobile.com.pk/whatamobile__lg-q7-price-in-pakistan.json,f1d9d607da503f765ffcf5551a88dfa7c6000a313553ea57bead5a6892246221,0.79167
6d70f09ca4b24194ce7a22b2c421deaae40389625644fc347faefeb7e6660a33,2026-08-14T19:08:36+00:00,LG Q70,https://www.whatamobile.com.pk/product/lg-q70-price-in-pakistan/,Yes,false,[],Weight Unknown,[67999.0],whatamobile.com.pk/whatamobile__lg-q70-price-in-pakistan.json,8c872280ac1f5992d26a0e376cbbfc4f8012e4bbcc773a980bef963970d064d2,0.79167
b17d9521594d97ec91602a08fd4988c76f7b09bef79981a29b1b6b4abcb53d73,2026-08-14T22:16:16+00:00,LG Q8 (2018),https://www.whatamobile.com.pk/product/lg-q8-2018-price-in-pakistan/,Yes,false,[],Weight Unknown,[59000.0],whatamobile.com.pk/whatamobile__lg-q8-2018-price-in-pakistan.json,5057f3c8220df962fafe3ce6ab3c4e9f2f954ca0a53590fb4595f5ccededa989,0.70833
3c127976fba9b9a7d66f7b6afbedf090694ba666246b9f4dad420331e2525ab3,2026-08-14T22:17:04+00:00,LG Q9,https://www.whatamobile.com.pk/product/lg-q9-price-in-pakistan/,Yes,false,[],Weight Unknown,[64999.0],whatamobile.com.pk/whatamobile__lg-q9-price-in-pakistan.json,0a78e71d639d3a651bbf48c3f902edeb1f36013dc252ac7ad35f29ad4d857b1b,0.79167
75740158af0883389fb10a1011bbf358ec12990a24e31719783698f27d392e3a,2026-08-14T19:07:26+00:00,LG V10,https://www.whatamobile.com.pk/product/lg-v10-price-in-pakistan/,Yes,false,[],Weight Unknown,[41500.0],whatamobile.com.pk/whatamobile__lg-v10-price-in-pakistan.json,592539afa95a3eb9905052b90990edf26e95790ab1ba0f0a5f26eff1630d351e,0.79167
96fcd9cf5f3feacf952bfa1e2cb1483d4734261bc68d7df4cb5d6a3b15c7834b,2026-08-14T19:09:30+00:00,LG V30s,https://www.whatamobile.com.pk/product/lg-v30s-price-in-pakistan/,Yes,false,[],Weight Unknown,[106600.0],whatamobile.com.pk/whatamobile__lg-v30s-price-in-pakistan.json,a2d1ca5421b8ac0a74d8b4d7ac3e3a3b9b52ac3be811fdb9030a56c7f0468941,0.79167
456207f3161281e6c132ddabfcca1ac6d05c003a222b08084c9d6505270fcee9,2026-08-14T19:07:39+00:00,LG V30S ThinQ,https://www.whatamobile.com.pk/product/lg-v30s-thinq-price-in-pakistan/,Yes,false,[],Weight Unknown,[49999.0],whatamobile.com.pk/whatamobile__lg-v30s-thinq-price-in-pakistan.json,88762b887c2b9a20fc5e8412f441fff4b545417b6df61dcffd7c026e05fc5d9c,0.79167
f85267a6d7bde6386f2bb9a8429a81eeec4106e6c9d838ad2078bf1ae2ac6442,2026-08-14T22:17:43+00:00,LG V35 ThinQ,https://www.whatamobile.com.pk/product/lg-v35-thinq-price-in-pakistan/,Yes,false,[],Weight Unknown,[121000.0],whatamobile.com.pk/whatamobile__lg-v35-thinq-price-in-pakistan.json,71c799bbb0089c1213c216145bd3090e95965f131587a9fe4afd9b9624ffba08,0.79167
508dabdc88b38da4f98cf744d8f6301583dea460ed76ce766174365d905a8447,2026-08-14T22:01:34+00:00,LG V40,https://www.whatamobile.com.pk/product/lg-v40-price-in-pakistan/,Yes,false,[],Weight Unknown,[121800.0],whatamobile.com.pk/whatamobile__lg-v40-price-in-pakistan.json,471297cb5268fc4d4eb5ec3ec36b1d5d9c6dcf6061b712bf27c488126f2b9182,0.79167
96012bbe2ea490bb1b61d28a71ea49dfa842d3fc12dbb77787118d80e104a94d,2026-08-14T22:43:34+00:00,LG V40 ThinQ,https://www.whatamobile.com.pk/product/lg-v40-thinq-price-in-pakistan/,Yes,false,[],Weight Unknown,[36999.0],whatamobile.com.pk/whatamobile__lg-v40-thinq-price-in-pakistan.json,bc61e09dc3c2a85fd0812edae3ad6b741c41078b31befe44f8e3ce7e40db98b0,0.79167
5717f63382bc1ab4af8d45c5ae8e198b2f5f521577b5a0c02b772795731b3798,2026-08-14T19:08:14+00:00,LG V45 ThinQ,https://www.whatamobile.com.pk/product/lg-v45-thinq-price-in-pakistan/,Yes,false,[],Weight Unknown,[58000.0],whatamobile.com.pk/whatamobile__lg-v45-thinq-price-in-pakistan.json,67eb6df004c7cb66ef437424ba970efc3ee696a850c5eba4cf019ac45cbcd04b,0.79167
d23459c6c665c21c49e1cc714d555786cb82c7bc203e000014aefa7ab72eb09e,2026-08-14T20:52:30+00:00,LG V60 ThinQ 5G,https://www.whatamobile.com.pk/product/lg-v60-thinq-5g-price-in-pakistan/,Yes,false,[],Weight Unknown,[60000.0],whatamobile.com.pk/whatamobile__lg-v60-thinq-5g-price-in-pakistan.json,95a1f12aef95433a3a66a54cc718038186d6b730bebe506765f7cdb9cb05d762,0.79167
0e17c8dd7580e08df9223ef38c3acdb26a75d277bd9a9160e2205b8b95684177,2026-08-14T22:41:27+00:00,LG V60 ThinQ,https://www.whatamobile.com.pk/product/lg-v60-thinq-price-in-pakistan/,Yes,false,[],Weight Unknown,[97999.0],whatamobile.com.pk/whatamobile__lg-v60-thinq-price-in-pakistan.json,6364810197468d4a6f09644947e7540698323164601c3e83c630245f9f993c13,0.79167
7e4784aa71acd82e8fad06d9480ff1b37a1086597daae1793cb5a895cad61e37,2026-08-14T17:54:08+00:00,LG W10 Alpha,https://www.whatamobile.com.pk/product/lg-w10-alpha-price-in-pakistan/,Yes,false,[],Weight Unknown,[21999.0],whatamobile.com.pk/whatamobile__lg-w10-alpha-price-in-pakistan.json,1199f336ef8f9294fa605388e57520c78f382d98f43413927c66445b3bfc935d,0.79167
69fdc9be2f0b6c9e46fe222a06e67baa648b2fa53bde703e35bf25797e21c846,2026-08-14T19:06:30+00:00,LG W10,https://www.whatamobile.com.pk/product/lg-w10-price-in-pakistan/,Yes,false,[],Weight Unknown,[23999.0],whatamobile.com.pk/whatamobile__lg-w10-price-in-pakistan.json,609882a2d0246b1453caa75c0e20b6efc09ac5d7caee30edbf8b804f3a89c607,0.79167
8e2cee05485aebdfe5c1aad09237b5db5df487707f8198cc52233c2d90e753a3,2026-08-14T18:13:09+00:00,Maxwest Astro 6,https://www.whatamobile.com.pk/product/maxwest-astro-6/,Yes,false,[],Weight Unknown,[6500.0],whatamobile.com.pk/whatamobile__maxwest-astro-6.json,c87e1938b9f865ab4850fa21dd2a9313fa1b4d102b8a8b2e4c979b1e60e05c67,0.79167
1e59edf087a609af9c70eb5e5c2edde3363f1cb663d4758c050158e005c380eb,2026-08-14T18:12:20+00:00,Maxwest Astro X4,https://www.whatamobile.com.pk/product/maxwest-astro-x4/,Yes,false,[],Weight Unknown,[12990.0],whatamobile.com.pk/whatamobile__maxwest-astro-x4.json,4a8f3e61b3ceaa2d737bd988325f73908612bd91357ce11d307b512e8e0a1c99,0.79167
cbf2550f7bb665f02c7b5ad2f21a7e4c26044c36dc390262bb6bde05b6273c98,2026-08-14T18:12:35+00:00,Maxwest Astro X55,https://www.whatamobile.com.pk/product/maxwest-astro-x55/,Yes,false,[],Weight Unknown,[11500.0],whatamobile.com.pk/whatamobile__maxwest-astro-x55.json,bf28ea9cc19d104d8c72740bba9274922d7b9ea668410daf036e600e3454525a,0.79167
59b3db7d2119686cd1ec25cbdca4dad33659cfe88eff762a03574e5bbf9edb8e,2026-08-14T18:12:45+00:00,Maxwest Gravity 5.5 LTE,https://www.whatamobile.com.pk/product/maxwest-gravity-5-5-lte/,Yes,false,[],Weight Unknown,[6500.0],whatamobile.com.pk/whatamobile__maxwest-gravity-5-5-lte.json,1eefdfdbbf6392b27acd0adaf4b36676f1b8a17a6b3cdecf093c369d30d99dfa,0.79167
bcd93713da3e35707504a6c473a4cddc3425e649c447807564574078ab5603c7,2026-08-14T18:12:56+00:00,Maxwest Gravity 5,https://www.whatamobile.com.pk/product/maxwest-gravity-5/,Yes,false,[],Weight Unknown,[6500.0],whatamobile.com.pk/whatamobile__maxwest-gravity-5.json,75e0da49c8b327886438746e149cc2b07d88ce614df4ab3275d8dc538d4db033,0.79167
39e831d8e8a757d98bdbbfcebcd06a09c5d7150f8a62549f2f1377c318faa60a,2026-08-14T18:13:19+00:00,Maxwest Nitro 55 LTE,https://www.whatamobile.com.pk/product/maxwest-nitro-55-lte/,Yes,false,[],Weight Unknown,[13750.0],whatamobile.com.pk/whatamobile__maxwest-nitro-55-lte.json,209470b625aaa47f34fc5fe30b8ebc926fe16cf475f587509c00b0794937ac59,0.79167
a13106bc786d24e224f87a2fd1760216309ef45c43aceac5f4a68a2f5e7df952,2026-08-14T19:05:08+00:00,Microsoft Lumia 1320,https://www.whatamobile.com.pk/product/microsoft-lumia-1320-price-in-pakistan/,Yes,false,[],Weight Unknown,[18249.0],whatamobile.com.pk/whatamobile__microsoft-lumia-1320-price-in-pakistan.json,47f5e74612f5676043578c2397250f67f00eaae7922f4803da927af0e08bcb8c,0.79167
02d0236af7c382b91a08eae15f2bf2121b8110a9823cd1bae24dbba8b3a6ac0a,2026-08-14T17:54:29+00:00,Microsoft Lumia 1520,https://www.whatamobile.com.pk/product/microsoft-lumia-1520-price-in-pakistan/,Yes,false,[],Weight Unknown,[48999.0],whatamobile.com.pk/whatamobile__microsoft-lumia-1520-price-in-pakistan.json,ddece0328403f789739df42c5f1b7e1f5702eef36ccaaad64e5a49dd85531b3d,0.79167
5716474e648b7cb010eda6127c29bfefc45e2606562b9a54e5b2510b27f0c606,2026-08-14T19:04:04+00:00,Microsoft Lumia 532,https://www.whatamobile.com.pk/product/microsoft-lumia-532-price-in-pakistan/,Yes,false,[],Weight Unknown,[7500.0],whatamobile.com.pk/whatamobile__microsoft-lumia-532-price-in-pakistan.json,fcd555b6b1e8d6bd7313985734ad9763dc685daad3a0ad70102705462d39ce86,0.79167
2b4eeee79e5d01e9986fc7e5938488dd1837b47dbffbf0be9111b1abd31e5521,2026-08-14T22:03:59+00:00,Microsoft Lumia 535,https://www.whatamobile.com.pk/product/microsoft-lumia-535-price-in-pakistan/,Yes,false,[],Weight Unknown,[9300.0],whatamobile.com.pk/whatamobile__microsoft-lumia-535-price-in-pakistan.json,e8776ad4610d548fa03e1abdde53818c68d84c7ca03589e755456c1710ff5411,0.79167
df89c83843af847f1b3d16d881ce0996547fb5a59ef4e02f0b527d190941758b,2026-08-14T19:04:24+00:00,Microsoft Lumia 550,https://www.whatamobile.com.pk/product/microsoft-lumia-550-price-in-pakistan/,Yes,false,[],Weight Unknown,[13249.0],whatamobile.com.pk/whatamobile__microsoft-lumia-550-price-in-pakistan.json,9cbb08ab36537ba83efd9bc3f3a7788cdc87bd1576f037829f973271e7ae939e,0.79167
97a3193103f301770aebd5333788803ed7273a3ea103759a1f9c68eb1c897f13,2026-08-14T19:04:36+00:00,Microsoft Lumia 630,https://www.whatamobile.com.pk/product/microsoft-lumia-630-price-in-pakistan/,Yes,false,[],Weight Unknown,[13899.0],whatamobile.com.pk/whatamobile__microsoft-lumia-630-price-in-pakistan.json,113165d3bcdbf77137874c2d0a0ad27d789f237823eb887554d7d4ec2babcf32,0.79167
2c1ed8ebc2815243226677d2dfd88cb8e020bb78375b991fc2c99a35b78e9203,2026-08-14T19:04:57+00:00,Microsoft Lumia 640,https://www.whatamobile.com.pk/product/microsoft-lumia-640-price-in-pakistan/,Yes,false,[],Weight Unknown,[15999.0],whatamobile.com.pk/whatamobile__microsoft-lumia-640-price-in-pakistan.json,a1ba1e69aab4460b10e3d31bf1e4c1b5a16504c2c39aa2df1d16c8d1fa0b2690,0.79167
7be32c4c28a650254747180fe9bdcd5a47ddfe4f349637505f6e6d59ff4bf364,2026-08-14T19:04:14+00:00,Microsoft Lumia 640 XL,https://www.whatamobile.com.pk/product/microsoft-lumia-640-xl-price-in-pakistan/,Yes,false,[],Weight Unknown,[11999.0],whatamobile.com.pk/whatamobile__microsoft-lumia-640-xl-price-in-pakistan.json,7f46e2b22bf773a26c43f935a235eaa2eed803e92562027b6050097c87b7ea28,0.79167
2f2622ce410fcaca1a3b0d3a3621970f7ee2f12af643b8f60c99d27cd5b4d5f3,2026-08-14T20:30:57+00:00,Microsoft Lumia 650,https://www.whatamobile.com.pk/product/microsoft-lumia-650-price-in-pakistan/,Yes,false,[],Weight Unknown,[20499.0],whatamobile.com.pk/whatamobile__microsoft-lumia-650-price-in-pakistan.json,1cf3dac58f83715c133e979c6144fb912ad3cd6a0cc9623945be1a53256ace76,0.79167
835711bd47d7f97d403254ce56defdac8d192305fa61068671007ee56a190f87,2026-08-14T19:05:19+00:00,Microsoft Lumia 730 Dual Sim,https://www.whatamobile.com.pk/product/microsoft-lumia-730-dual-sim-price-in-pakistan/,Yes,false,[],Weight Unknown,[18999.0],whatamobile.com.pk/whatamobile__microsoft-lumia-730-dual-sim-price-in-pakistan.json,c18f6120aa9c98e0a489ab91b584dced9b0495d6627c90625448ec8d2926c71c,0.79167
7cf37131559b231ab590a377c2834c7c536166e9fdd089a692875044c954fa85,2026-08-14T19:04:46+00:00,Microsoft Lumia 735,https://www.whatamobile.com.pk/product/microsoft-lumia-735-price-in-pakistan/,Yes,false,[],Weight Unknown,[13999.0],whatamobile.com.pk/whatamobile__microsoft-lumia-735-price-in-pakistan.json,81b2085da14e75fc9a7d1a12eed10512dde80d4abead3a09fd4082ed5f054aef,0.79167
a8a7da37eac0e9906039fea411a58daf5411ccd24b4c032b13bb07d528234f7f,2026-08-14T19:05:43+00:00,Microsoft Lumia 830,https://www.whatamobile.com.pk/product/microsoft-lumia-830-price-in-pakistan/,Yes,false,[],Weight Unknown,[21499.0],whatamobile.com.pk/whatamobile__microsoft-lumia-830-price-in-pakistan.json,e6a7b1b8e5e44e65817ba0ed4e033dd5ee9ebda02e80c397111d88cb759ad992,0.79167
e042264df4536032300fe18f10b3fb0ec429b1c062a2ddc2af3b5234cd017ac8,2026-08-14T19:05:31+00:00,Microsoft Lumia 920,https://www.whatamobile.com.pk/product/microsoft-lumia-920-price-in-pakistan/,Yes,false,[],Weight Unknown,[19999.0],whatamobile.com.pk/whatamobile__microsoft-lumia-920-price-in-pakistan.json,1212b15df015c3c5aaffba2be29f636bb2670e2bffc92a90be3605ee21c3a01b,0.79167
41c813911bfb8e10fb955b91485466e176bac21d6db2c175af537c747c628dd1,2026-08-14T19:05:54+00:00,Microsoft Lumia 925,https://www.whatamobile.com.pk/product/microsoft-lumia-925-price-in-pakistan/,Yes,false,[],Weight Unknown,[22999.0],whatamobile.com.pk/whatamobile__microsoft-lumia-925-price-in-pakistan.json,858c23e0596af7123efbe55931b466f7927bd02ad8421fcc6b88cad83eec2876,0.79167
9bfc35fb68c95c21d5df9b624ec3179aabc56746ea4190dc6ff022d7aa99253b,2026-08-14T19:06:06+00:00,Microsoft Lumia 928,https://www.whatamobile.com.pk/product/microsoft-lumia-928-price-in-pakistan/,Yes,false,[],Weight Unknown,[23999.0],whatamobile.com.pk/whatamobile__microsoft-lumia-928-price-in-pakistan.json,7a301f1c6c7027ca0aac3fa29a22c8c6faf2d542514abc8d192683d37a272a40,0.79167
231781d29c38ad1c58cd51b0d27a5b66b2c914499ba89f2ff4704852e9927122,2026-08-14T17:54:19+00:00,Microsoft Lumia 950,https://www.whatamobile.com.pk/product/microsoft-lumia-950-price-in-pakistan/,Yes,false,[],Weight Unknown,[55999.0],whatamobile.com.pk/whatamobile__microsoft-lumia-950-price-in-pakistan.json,de22d6bba66ad93076cb7bc87ff76f009b12b722b767bf43b5f7dbe95c02812b,0.79167
5789d4f6b1b23595c773f3ebe363ff0e04be3c2145fa04e0f3df5f022a3217ae,2026-08-14T20:31:26+00:00,Microsoft Lumia 950 XL,https://www.whatamobile.com.pk/product/microsoft-lumia-950-xl-price-in-pakistan/,Yes,false,[],Weight Unknown,[64399.0],whatamobile.com.pk/whatamobile__microsoft-lumia-950-xl-price-in-pakistan.json,b7ee3ba519de948be8111010cec62ce40e113a6fc2b077aee1ef1372992619d6,0.79167
aae1659c09072795a9da1a5a9525b7710930c52813dc8d5162045394c3b954dc,2026-08-14T21:34:39+00:00,Moto G 4G,https://www.whatamobile.com.pk/product/moto-g-4g/,Yes,false,"[""Black"",""White""]",Weight Unknown,[15499.0],whatamobile.com.pk/whatamobile__moto-g-4g.json,76a251ecf0ac0a55f0d623cabfe8f84581f768e1216ecda20252880252415924,0.91667
4686cbce0d6ef90c8f9b072d0a8fb4675e7152ebb7d7341baf43b90ba47d1ac0,2026-08-14T22:02:50+00:00,Moto G71 5G,https://www.whatamobile.com.pk/product/moto-g-71-5g-price-in-pakistan/,Yes,false,[],Weight Unknown,[75999.0],whatamobile.com.pk/whatamobile__moto-g-71-5g-price-in-pakistan.json,8fd2aac167efd811d4e5131be7acb49f5d7ff128b7423840091560af22faa6a8,0.79167
144be1ddf98a5a03fb5f4651ee1cec672adabc2e4fbb6945c52b77c9c5c2973b,2026-08-14T21:32:29+00:00,Moto G,https://www.whatamobile.com.pk/product/moto-g/,Yes,false,"[""Black (front)"",""Yellow"",""Red"",""Black"",""White"",""Green"",""Blue (back)""]",Weight Unknown,[48999.0],whatamobile.com.pk/whatamobile__moto-g.json,fa9e88cefd3f1e1203b6a985a0b40fba40ed39166becd187f013aaf8982a9e97,0.91667
d937deacc1cc70e755a58265034cc96f4d145152cb159420f1158de441edf788,2026-08-14T20:14:35+00:00,Moto G200 5G,https://www.whatamobile.com.pk/product/moto-g200-5g-price-in-pakistan/,Yes,false,[],Weight Unknown,[71999.0],whatamobile.com.pk/whatamobile__moto-g200-5g-price-in-pakistan.json,d64fd26302050ee85fc060b1ecabf391941bfb12deed67c224175dc683a6e1a4,0.79167
941b88fda7ca14a9091ff312901195da902a755bbbd2014d9fe833647cc6f9ae,2026-08-14T21:37:25+00:00,Moto S30 Pro,https://www.whatamobile.com.pk/product/moto-s30-pro-price-in-pakistan/,Yes,false,[],Weight Unknown,[70999.0],whatamobile.com.pk/whatamobile__moto-s30-pro-price-in-pakistan.json,62a0f2b0178cd1b7fee88780e65c9172e8c84944d4361105b4ebe3dc5a0c8f6d,0.79167
ffcf6f2a3d8f0f8a8e5d736c78ba5aea744bf181ff0255af19154c0a634744de,2026-08-14T17:55:06+00:00,Moto X,https://www.whatamobile.com.pk/product/moto-x/,Yes,false,"[""Black"",""White (front panel)"",""18 color options (back panel)""]",Weight Unknown,[9999.0],whatamobile.com.pk/whatamobile__moto-x.json,28407b8900c6b3114a1275a6c3ef3760dd3a4d895bf080b0ad70d5807c36c300,0.91667
8159ed15f3f171eaf5d8bb179065c430961f5c8b8045d00067f5d0a7cbc0ec32,2026-08-14T20:28:04+00:00,Motorola Edge+ (2023) 8GB 512GB,https://www.whatamobile.com.pk/product/motorola-edge-2023-8gb-512gb/,Yes,false,"[""Interstellar Black""]",Weight Unknown,[186400.0],whatamobile.com.pk/whatamobile__motorola-edge-2023-8gb-512gb.json,f1ed0d6a7cd2a63403b62f831108f5447a6db8214da7a4ecd8f45dfe6054c149,0.91667
795e4a148fb7c589b239d88d2341afc023a07d2f5b4390bc25ba37724f34ad06,2026-08-14T22:18:40+00:00,Motorola Edge 30 Fusion,https://www.whatamobile.com.pk/product/motorola-edge-30-fusion-price-in-pakistan/,Yes,false,[],Weight Unknown,[139999.0],whatamobile.com.pk/whatamobile__motorola-edge-30-fusion-price-in-pakistan.json,fc34fa3fb4172a7272db94cdde360f1f3722ded9a1716871a6a0d741ee83faa5,0.79167
f422f2eadebe58a028d071fd60744a6937a4895437a7a0c271e65148632c2ecf,2026-08-14T20:16:24+00:00,Motorola Edge 30 Fusion,https://www.whatamobile.com.pk/product/motorola-edge-30-fusion/,Yes,false,[],Weight Unknown,[139999.0],whatamobile.com.pk/whatamobile__motorola-edge-30-fusion.json,13a48fddc1d7b84469710636c298fb984060ceef74a0671d2d6b0dbf165f2980,0.83333
1e3da623160b8b6c07ddead4171578d15f1fa83820207361aaa25f24e14817fb,2026-08-14T20:17:46+00:00,Motorola Edge 30 Neo,https://www.whatamobile.com.pk/product/motorola-edge-30-neo-pakistan/,Yes,false,[],Weight Unknown,[85999.0],whatamobile.com.pk/whatamobile__motorola-edge-30-neo-pakistan.json,e9c6b7e2aee5adc25f8e6e20aa74f47f4003a7a540221dc00937dd183d512f40,0.79167
10077001778881481ca404e668ef2322247ebfd9a923ace824a04234643aac17,2026-08-14T21:53:38+00:00,Motorola Edge 30,https://www.whatamobile.com.pk/product/motorola-edge-30-price-in-pakistan/,Yes,false,[],Weight Unknown,[141999.0],whatamobile.com.pk/whatamobile__motorola-edge-30-price-in-pakistan.json,9d60eee99567e877f1c98cb9c32fc3d52c744aa8c9a01ed159766e22abeaf088,0.79167
2d6a4c52a08035026ffcbf42b0264b2045591a1a0358c6d2136f9338babc6868,2026-08-14T21:58:32+00:00,Motorola Edge 30 Pro,https://www.whatamobile.com.pk/product/motorola-edge-30-pro-price-in-pakistan/,Yes,false,[],Weight Unknown,[155000.0],whatamobile.com.pk/whatamobile__motorola-edge-30-pro-price-in-pakistan.json,b4236ee7476eeb7c2e078491515fc3abb26387d551803858cf0a2a39c43e225a,0.79167
26a3b11ec9dec17cf4b4f938f16452c81ce72320dc968f320af6cab07c5ef72e,2026-08-14T20:25:52+00:00,Motorola Edge 30 Ultra,https://www.whatamobile.com.pk/product/motorola-edge-30-ultra/,Yes,false,[],Weight Unknown,[210999.0],whatamobile.com.pk/whatamobile__motorola-edge-30-ultra.json,d3d0c14d1f127e153586129369d7c4736b68182b2fb76852fa3dbdf9e025189b,0.83333
958a0336c9a0d436929439f264030accf128ed7855bbcbe426b5ff38eaff811e,2026-08-14T22:00:42+00:00,Motorola Edge 50 Fusion,https://www.whatamobile.com.pk/product/motorola-edge-50-fusion/,Yes,false,[],Weight Unknown,[69021.0],whatamobile.com.pk/whatamobile__motorola-edge-50-fusion.json,61276dfacee19c5c39d56176f37277db1368eb28cab35f7b64d38133279e2456,0.83333
3afba9bcdc5cc0a6502e37dbcd8a6558b8135782497f9c243002274aa089a88d,2026-08-14T20:20:06+00:00,Motorola Edge 50 Pro,https://www.whatamobile.com.pk/product/motorola-edge-50-pro/,Yes,false,[],Weight Unknown,[231999.0],whatamobile.com.pk/whatamobile__motorola-edge-50-pro.json,070bcfc4604f7d7ad9240576d1bad4057fbecdc0b0449f1627ef29acd3ceb203,0.83333
0bf9fe05e32b3e6e001835171d4b784855f73a77392ccd98045b47dc8d041fa3,2026-08-14T22:43:44+00:00,Motorola Edge Plus,https://www.whatamobile.com.pk/product/motorola-edge-plus/,Yes,false,[],Weight Unknown,[104999.0],whatamobile.com.pk/whatamobile__motorola-edge-plus.json,5fe5fec3f269dc636b8b7ff6423ae2c96ec01719e26a7cb0bb414c0037459062,0.83333
25db52d0bcde0db480fdb259e19c652760e741fd99fde405ee2578d67eeec1bf,2026-08-14T19:01:50+00:00,Motorola Edge S,https://www.whatamobile.com.pk/product/motorola-edge-s-price-in-pakistan/,Yes,false,[],Weight Unknown,[49999.0],whatamobile.com.pk/whatamobile__motorola-edge-s-price-in-pakistan.json,ee6b8015dc614fbbf043f7eb08ff82d2f83ad6cdcc27cc2b32695c00df8ee703,0.79167
3f014a9d7f38b5ae1202576edad207110c499bf71a6c3abbc096db396be4ccb9,2026-08-14T19:02:37+00:00,Motorola Edge S30,https://www.whatamobile.com.pk/product/motorola-edge-s30-price-in-pakistan/,Yes,false,[],Weight Unknown,[61999.0],whatamobile.com.pk/whatamobile__motorola-edge-s30-price-in-pakistan.json,406a8292fbe68f153461b3476aece82a8462db31fb9ac8ada927881df71ea67e,0.79167
554f58dcd863bc20806d45894d24a09c34d4e1d3d4181bb509a84be8fbcde6c8,2026-08-14T19:03:20+00:00,Motorola Frontier,https://www.whatamobile.com.pk/product/motorola-frontier-price-in-pakistan/,Yes,false,[],Weight Unknown,[94999.0],whatamobile.com.pk/whatamobile__motorola-frontier-price-in-pakistan.json,b94b372c7c5116ab0a7b04e50015c23d41d5b5d6d64d879f965ead27dc304390,0.79167
0da98a8e62fd1cedce98a590461fc46d34fcc3b97e498efe59d4ff42f525f1c0,2026-08-14T19:03:30+00:00,Motorola G9 Play,https://www.whatamobile.com.pk/product/motorola-g9-play-price-in-pakistan/,Yes,false,[],Weight Unknown,[99999.0],whatamobile.com.pk/whatamobile__motorola-g9-play-price-in-pakistan.json,caead95113e11cfc26aceb35def5b229296e1bbe61cbf5d27c1074e435e5a486,0.79167
0e0a27b6ab405d0ca0e009caecfedac9c524ba73ccf9ab72e3cb7129bf4cba97,2026-08-14T19:01:26+00:00,Motorola Moto 1S,https://www.whatamobile.com.pk/product/motorola-moto-1s-price-in-pakistan/,Yes,false,[],Weight Unknown,[38300.0],whatamobile.com.pk/whatamobile__motorola-moto-1s-price-in-pakistan.json,7e5333b8037a10771fb2f6a7c396fb50fe429e9a724cfd4665fffa79ad2788b9,0.79167
9866567eb24e559c87a910c66c6a10cea63da67d9eaa298d928f4e607ce3ec18,2026-08-14T22:43:08+00:00,Motorola Moto C Plus,https://www.whatamobile.com.pk/product/motorola-moto-c-plus/,Yes,false,"[""Metallic Cherry"",""Starry Black"",""Fine Gold""]",Weight Unknown,[13500.0],whatamobile.com.pk/whatamobile__motorola-moto-c-plus.json,15bc1c0950579b7345ab6516af8546fb3373044af089dd3e4e97e3e1ae64f010,0.79167
c90aea2a4d827bc0d7e7cbbc39453faf648f39575e222f8297a2ba9816778bf9,2026-08-14T21:58:14+00:00,Motorola Moto E22,https://www.whatamobile.com.pk/product/motorola-moto-e22-price-in-pakistan/,Yes,false,[],Weight Unknown,[30999.0],whatamobile.com.pk/whatamobile__motorola-moto-e22-price-in-pakistan.json,8e44645a326c0369fd093e067e8f9f33212f52b27a807c68cf1b7a9a95ac0291,0.79167
7931e4997b5ccca5550e5e6bc82fa8064b23dd1ede7a734e0cfc2f0d3479a463,2026-08-14T20:32:45+00:00,Motorola Moto E22s,https://www.whatamobile.com.pk/product/motorola-moto-e22s-price-in-pakistan/,Yes,false,[],Weight Unknown,[36999.0],whatamobile.com.pk/whatamobile__motorola-moto-e22s-price-in-pakistan.json,44ad2a7a307a5d2ab39e3c4db1f98420990f1155fa61641db167386ae836ad96,0.79167
30a37fd71c5bc88ea9e54223f4463659891d235a50e573f7fbeb71be30c033b8,2026-08-14T21:51:31+00:00,Motorola Moto E30,https://www.whatamobile.com.pk/product/motorola-moto-e30/,Yes,false,[],Weight Unknown,[20000.0],whatamobile.com.pk/whatamobile__motorola-moto-e30.json,9ce72b3b2667f769752f82d20262c390693d41e95f6259593e8756b2d4cc234a,0.83333
1f62167c6d647c9e75c72070efb6a15022a6d12030cb8042d62633719646cc1c,2026-08-14T22:04:30+00:00,Motorola Moto E32s,https://www.whatamobile.com.pk/product/motorola-moto-e32s-price-in-pakistan/,Yes,false,[],Weight Unknown,[34999.0],whatamobile.com.pk/whatamobile__motorola-moto-e32s-price-in-pakistan.json,cf35cd9d5c86231abc12f79fdb6b87ff6d1f30ea4167e40822ab883713ebe1c0,0.79167
400414dc4e5a30a06dd2b1f110e56bd4204f52bee31511c8e7507e0659874c7e,2026-08-14T22:32:04+00:00,Motorola Moto E4 Plus,https://www.whatamobile.com.pk/product/motorola-moto-e4-plus/,Yes,false,"[""Iron Grey"",""Fine Gold""]",Weight Unknown,[19500.0],whatamobile.com.pk/whatamobile__motorola-moto-e4-plus.json,15cf8edcd4e35caaadf67a2561295dccc969beccdd130c412297bc8aea9f8f1a,0.83333
f0b703e09017ebcf8a4e1f49fc4eb13473bb9f183829044bb5642a6b89f17cce,2026-08-14T22:27:12+00:00,Motorola Moto E4,https://www.whatamobile.com.pk/product/motorola-moto-e4/,Yes,false,"[""Oxford Blue"",""Iron Grey"",""Blush Gold""]",Weight Unknown,[14500.0],whatamobile.com.pk/whatamobile__motorola-moto-e4.json,8e03e6e70b11b0adb41c3a94dc064d8bf253e288fba4b63c39a75f1cfd88a8a3,0.83333
1b86f60a3031301ec597f3c2bc519112be907b8dfe09603c075e34b583393e63,2026-08-14T21:51:21+00:00,Motorola Moto E40,https://www.whatamobile.com.pk/product/motorola-moto-e40/,Yes,false,[],Weight Unknown,[21999.0],whatamobile.com.pk/whatamobile__motorola-moto-e40.json,0aee1a566d9b16ec10dd910f0457bf7d3a2ba08880f98270c51c3abeb90cec6c,0.83333
ed5ac2de2a7951da9328c37aa529c57d0c43c09859df72209741f898c0fdcb38,2026-08-14T22:28:39+00:00,Motorola Moto E5,https://www.whatamobile.com.pk/product/motorola-moto-e5/,Yes,false,"[""Gray"",""Gold""]",Weight Unknown,[22000.0],whatamobile.com.pk/whatamobile__motorola-moto-e5.json,49a0f562e2fdba677d19acaa1024c4bca37773e8429210233a6505d67fbbc127,0.83333
bc8438bc09d0a05767f0993473c1f131b5ca948eb06194256a472acecf3e3d5b,2026-08-14T19:01:06+00:00,Motorola Moto E6 Plus,https://www.whatamobile.com.pk/product/motorola-moto-e6-plus-price-in-pakistan/,Yes,false,[],Weight Unknown,[24999.0],whatamobile.com.pk/whatamobile__motorola-moto-e6-plus-price-in-pakistan.json,042589bdb71fe125d23ae7230a7435832109faf659ddf56b7c09bd4ed8077c9d,0.79167
b8a4788b31bb1df402ab3d5d1799c28837f7e131f040670598a36a397f263f16,2026-08-14T19:00:32+00:00,Motorola Moto E6s 2020,https://www.whatamobile.com.pk/product/motorola-moto-e6s-2020-price-in-pakistan/,Yes,false,[],Weight Unknown,[17600.0],whatamobile.com.pk/whatamobile__motorola-moto-e6s-2020-price-in-pakistan.json,ef5334c12391d7926f47b4fe0e9587fe85c1b66205db2ab08a32b99061e55c71,0.79167
a1f8c95d04458be2a99525d6d578048360629c2fc682e89e87a98263ce5aed72,2026-08-14T22:50:33+00:00,Motorola Moto G Power,https://www.whatamobile.com.pk/product/motorola-moto-g-power/,Yes,false,[],Weight Unknown,[40000.0],whatamobile.com.pk/whatamobile__motorola-moto-g-power.json,bf05102e116dc3d3e05d3d9ba70d8171a052e753c83248cd4f78300e8d31fca5,0.83333
0e27077314998ce3333e8747c36378c4b2e82cae3300e34a29c32b7c02d279cc,2026-08-14T21:43:42+00:00,Motorola Moto G Stylus 5G,https://www.whatamobile.com.pk/product/motorola-moto-g-stylus-5g-price-in-pakistan-2/,Yes,false,[],Weight Unknown,[49999.0],whatamobile.com.pk/whatamobile__motorola-moto-g-stylus-5g-price-in-pakistan-2.json,dec43fc05d93d264934e7bc90049ff155ffb018f8de00c5d1b2c09ea442c45a7,0.79167
64bcfac56c3922558bcf6acb86360435ba79d0995d3d98af14efc83939cd3ab9,2026-08-14T22:54:13+00:00,Moto G Stylus 5G,https://www.whatamobile.com.pk/product/motorola-moto-g-stylus-5g-price-in-pakistan/,Yes,false,[],Weight Unknown,[78999.0],whatamobile.com.pk/whatamobile__motorola-moto-g-stylus-5g-price-in-pakistan.json,0406a4a977ff7a4688256e36dfbabf42249463ce4e9ba98a38cd6dd5fadb5690,0.79167
bc20c8b99851431d661ac2f68d1f971c7bf61351ab7dc94cf20bf72c0b48aca7,2026-08-14T19:01:16+00:00,Motorola Moto G10,https://www.whatamobile.com.pk/product/motorola-moto-g10-price-in-pakistan/,Yes,false,[],Weight Unknown,[28999.0],whatamobile.com.pk/whatamobile__motorola-moto-g10-price-in-pakistan.json,88e1fcf65d087d1efe6929c1d745c694ba7b1a405378aa319d5be01501673cbc,0.79167
9d786c48428db18e885ef49ec56d28c9edad660da4603015c84759695358a2c6,2026-08-14T21:07:54+00:00,Motorola Moto G22,https://www.whatamobile.com.pk/product/motorola-moto-g22-price-in-pakistan/,Yes,false,[],Weight Unknown,[32999.0],whatamobile.com.pk/whatamobile__motorola-moto-g22-price-in-pakistan.json,77c7d1c1f7480e1f2bdd443670617b4e4bc6c03d2bc8b59a4237addcaee334ea,0.79167
4b74d30c4e8df29a55cf9f201765efb8d1c9462962004483dbd990d3b97c9bdc,2026-08-14T21:36:32+00:00,Motorola Moto G30,https://www.whatamobile.com.pk/product/motorola-moto-g30-price-in-pakistan/,Yes,false,[],Weight Unknown,[31999.0],whatamobile.com.pk/whatamobile__motorola-moto-g30-price-in-pakistan.json,a5cb74282b053e38e67939b824bb2debf557673b48270b8658e1642f5723a1bb,0.79167
9efb771d7e48b8f1d18ef6f97afb01dc5af22b2964de4313f7f0f415500cbf14,2026-08-14T20:46:28+00:00,Motorola Moto G40 Fusion,https://www.whatamobile.com.pk/product/motorola-moto-g40-fusion/,Yes,false,[],Weight Unknown,[30999.0],whatamobile.com.pk/whatamobile__motorola-moto-g40-fusion.json,4e58f6e57e0d8f0010b3a928978687a523aa515df6d8112d6256477ac6008246,0.83333
1eced54534ac4577fd0351f4e73b68069e4ac54a68a14a824d4bdef6617a3276,2026-08-14T19:01:38+00:00,Motorola Moto G42,https://www.whatamobile.com.pk/product/motorola-moto-g42-price-in-pakistan/,Yes,false,[],Weight Unknown,[42999.0],whatamobile.com.pk/whatamobile__motorola-moto-g42-price-in-pakistan.json,09aeb349bd34ad5f4716666e9f23f927a484d7c4897ca29f2ee793f8424e3bb8,0.79167
c783106d9b9064d7886cca6bb148145ca7fbc7fd5c264e6727d4b24f1682c180,2026-08-14T19:00:44+00:00,Motorola Moto G5 Plus,https://www.whatamobile.com.pk/product/motorola-moto-g5-plus-price-in-pakistan/,Yes,false,[],Weight Unknown,[19000.0],whatamobile.com.pk/whatamobile__motorola-moto-g5-plus-price-in-pakistan.json,623228373e6de10f8d847e8db5cf60bd03471a9ad9e400a99dd98548711baa2b,0.79167
7cb5fbb1e601cb420cfe17ba3a37cd9b6a49bd0d5408a66a2c92ddfdd9db8463,2026-08-14T23:02:08+00:00,Motorola Moto G52,https://www.whatamobile.com.pk/product/motorola-moto-g52-price-in-pakistan/,Yes,false,[],Weight Unknown,[81999.0],whatamobile.com.pk/whatamobile__motorola-moto-g52-price-in-pakistan.json,1f8048cb9b5fbc4cd4f9de381251bc2dc1c87be452b63c49589a7a213f916555,0.79167
d2ce2745b71dc5fd99bedecb9b2f4f8728c2e9d26e4c34541b8734205d27fb2b,2026-08-14T22:30:28+00:00,Motorola Moto G5S Plus,https://www.whatamobile.com.pk/product/motorola-moto-g5s-plus/,Yes,false,"[""Blush Gold"",""Lunar Gray""]",Weight Unknown,[27500.0],whatamobile.com.pk/whatamobile__motorola-moto-g5s-plus.json,82c3cc581b1dca41ccd491009e4ee3dce1d920ad137e3083ddb0526571d8c2da,0.83333
c091f5b213aa013525bf9191ee92534826b6190ec31953a5d38603ff3566865e,2026-08-14T22:40:10+00:00,Motorola Moto G6 Plus,https://www.whatamobile.com.pk/product/motorola-moto-g6-plus/,Yes,false,"[""Black"",""Blush""]",Weight Unknown,[41500.0],whatamobile.com.pk/whatamobile__motorola-moto-g6-plus.json,91b058946af7d276f8b0250075cef01ab58973479ff98dfeed88541ac9ed1a85,0.83333
863301a1532906d504f44971715dd8876d1eb4720e19681ccb0f50bb6f8984c8,2026-08-14T19:00:55+00:00,Motorola Moto G7 Play,https://www.whatamobile.com.pk/product/motorola-moto-g7-play-price-in-pakistan/,Yes,false,[],Weight Unknown,[23999.0],whatamobile.com.pk/whatamobile__motorola-moto-g7-play-price-in-pakistan.json,7800b1c333d94559f53563d961b6582cc57a9ec4dc14df7e675d4f36f858b16b,0.79167
af4780a33f6b68c9bfb927a93613c7d76830f12e20b5f4594a58e8ab1120667f,2026-08-14T22:18:49+00:00,Motorola Moto G7 Plus,https://www.whatamobile.com.pk/product/motorola-moto-g7-plus-price-in-pakistan/,Yes,false,[],Weight Unknown,[52000.0],whatamobile.com.pk/whatamobile__motorola-moto-g7-plus-price-in-pakistan.json,7629bd1e98c64123d09bc86d4cb69e6ce044db4b9b269e85f964f17b06c5858d,0.75000
1c986970558c779e8ee857b079d39a3ce948ab3b7db6fd218c44bbccd8c6c9eb,2026-08-14T19:02:01+00:00,Motorola Moto G71s,https://www.whatamobile.com.pk/product/motorola-moto-g71s-price-in-pakistan/,Yes,false,[],Weight Unknown,[50999.0],whatamobile.com.pk/whatamobile__motorola-moto-g71s-price-in-pakistan.json,9968e19ae97f88cfcf32cc8bdbf2362423a8ad89f3f68b939c7f51c1c2e71af6,0.79167
7ecdfd1454301bf3ea8d5e4604b331377cab5855fd7526e7b05eb90872ac1cea,2026-08-14T22:34:26+00:00,Motorola Moto G72,https://www.whatamobile.com.pk/product/motorola-moto-g72-price-in-pakistan/,Yes,false,[],Weight Unknown,[58999.0],whatamobile.com.pk/whatamobile__motorola-moto-g72-price-in-pakistan.json,c33884ca8bdb805b1680ed8b2de504c7393ad2ea60d94a606d0f2221308b3e35,0.79167
f927d2f6b3f69f128e1496c8fc33bd64b9cb831de642022a2bfce28eab492651,2026-08-14T21:57:43+00:00,Motorola Moto G82,https://www.whatamobile.com.pk/product/motorola-moto-g82-price-in-pakistan/,Yes,false,[],Weight Unknown,[61999.0],whatamobile.com.pk/whatamobile__motorola-moto-g82-price-in-pakistan.json,584c1ed86266a903ec579980e559ab4d01ee81c2825066e1d8be845f17acd646,0.79167
93d0555e0cb7467a895b1faac6a7371b9ea5b465e60820880a3ea4e2a3021db0,2026-08-14T20:27:23+00:00,Motorola Moto G84,https://www.whatamobile.com.pk/product/motorola-moto-g84/,Yes,false,[],Weight Unknown,[66899.0],whatamobile.com.pk/whatamobile__motorola-moto-g84.json,937509c3e8303c07e883f7248f61a1108a43a3bc0ff1d7c99d417eedc5d3d751,0.83333
bc1cdeeacb6548570cd6903a86fce2af1b28bae40c80537a7710905da2e5d001,2026-08-14T21:27:35+00:00,Motorola Moto One 5G Ace,https://www.whatamobile.com.pk/product/motorola-moto-one-5g-ace/,Yes,false,[],Weight Unknown,[64000.0],whatamobile.com.pk/whatamobile__motorola-moto-one-5g-ace.json,ec16cf04277b24fa25aa3100312298bd1ae1e6e9a5e0bb8727ead88e46fcd721,0.83333
9b5af9e3638f654757f459be0f848ece1393687b1e1b14bc8c0982a978493b75,2026-08-14T22:40:50+00:00,Motorola Moto P30,https://www.whatamobile.com.pk/product/motorola-moto-p30-price-in-pakistan/,Yes,false,[],Weight Unknown,[46500.0],whatamobile.com.pk/whatamobile__motorola-moto-p30-price-in-pakistan.json,8ba8c35e12d214da750f7c3600fdf042fbbfd85ebaee8fa657d4889891e8962a,0.79167
fa51da0f540ec32d4dfbfe965a274f3c98bbe521cb62541f387b9c7aa7f3cfe3,2026-08-14T19:03:52+00:00,Motorola Moto Razr 2022,https://www.whatamobile.com.pk/product/motorola-moto-razr-2022-price-in-pakistan/,Yes,false,[],Weight Unknown,[188999.0],whatamobile.com.pk/whatamobile__motorola-moto-razr-2022-price-in-pakistan.json,3781ae0bc05a4155ee16a000cebc35de1a8018407349c47ef6c0d504a1228f02,0.79167
3def3d0d82841542846bef0fde9f6e2316b2dc9be98d48e2a13582e62ac14c7d,2026-08-14T19:02:14+00:00,Motorola Moto X 2017,https://www.whatamobile.com.pk/product/motorola-moto-x-2017-price-in-pakistan/,Yes,false,[],Weight Unknown,[53600.0],whatamobile.com.pk/whatamobile__motorola-moto-x-2017-price-in-pakistan.json,bcc0306910f420db2e55fac32c346376ffec37e10b5ef419406681bb7b504497,0.79167
68c4ec06d8fbbd9362ada4c52e715aa905d11b6d764865b5231428541c6e1c36,2026-08-14T21:57:54+00:00,Motorola Moto X30 Pro,https://www.whatamobile.com.pk/product/motorola-moto-x30-pro-price-in-pakistan/,Yes,false,[],Weight Unknown,[120999.0],whatamobile.com.pk/whatamobile__motorola-moto-x30-pro-price-in-pakistan.json,4dccca6e4edc092dc63560cf79c98a22d8963a3055294935826374399c51794a,0.79167
af905e43dfa6bb9e9b2184c64df4132255fcd6bd4801cd37f6b7f054512f693c,2026-08-14T19:03:41+00:00,Motorola Moto X40,https://www.whatamobile.com.pk/product/motorola-moto-x40-price-in-pakistan/,Yes,false,[],Weight Unknown,[108999.0],whatamobile.com.pk/whatamobile__motorola-moto-x40-price-in-pakistan.json,e58062a6d9e794c641851300e023b96485387fc06f22b1632bd2d69a28f8657d,0.79167
a6b5d345e4f541726a6657309f7ab45b8ce86eebcfde2e93c1773b3ac8c1b048,2026-08-14T20:30:27+00:00,Motorola Moto X5,https://www.whatamobile.com.pk/product/motorola-moto-x5-price-in-pakistan/,Yes,false,[],Weight Unknown,[23990.0],whatamobile.com.pk/whatamobile__motorola-moto-x5-price-in-pakistan.json,3a46c03c84d4baa8652a98a20e6328b70b6cf6e3073314ce5237e3e412df0b82,0.70833
a4b83edf09a436aaae8d6e63666aecdfe988803084f33955a6733304fdff76ea,2026-08-14T21:34:17+00:00,Motorola Moto Z Play,https://www.whatamobile.com.pk/product/motorola-moto-z-play/,Yes,false,"[""Fine Gold"",""Sugar White"",""Black"",""Silver"",""Black Slate"",""White""]",Weight Unknown,[43500.0],whatamobile.com.pk/whatamobile__motorola-moto-z-play.json,b6d17d23eba8134278cec1235a05cd46b928669abb820a4a2a458dcaa12b37d0,0.83333
3aed76c17ec0b85dfa56253522db39066111df9f921003a6d790570c840b3356,2026-08-14T21:32:47+00:00,Motorola Moto Z2 Force,https://www.whatamobile.com.pk/product/motorola-moto-z2-force-price-in-pakistan/,Yes,false,[],Weight Unknown,[97600.0],whatamobile.com.pk/whatamobile__motorola-moto-z2-force-price-in-pakistan.json,1b70e25733fa43a8cb5acbe7411b9b45ec6e3cf964daacf06c1b7ee732724f46,0.79167
2e9813428a8407b8e252614438134e65131b8f4fa7f7e8f59f46d0a241f5aef5,2026-08-14T21:17:38+00:00,Motorola Moto Z2 Play,https://www.whatamobile.com.pk/product/motorola-moto-z2-play-price-in-pakistan/,Yes,false,[],Weight Unknown,[61400.0],whatamobile.com.pk/whatamobile__motorola-moto-z2-play-price-in-pakistan.json,9b4052805c170f6b3f1bca0ab784ba17e267917633440468d75a7d1ab231519a,0.79167
3308fe60eba10b5e0d99e6d0e695390617898a2d4c4bb7e9068df196afa8a2dc,2026-08-14T21:06:38+00:00,Motorola Moto Z3 Play,https://www.whatamobile.com.pk/product/motorola-moto-z3-play-price-in-pakistan/,Yes,false,[],Weight Unknown,[66000.0],whatamobile.com.pk/whatamobile__motorola-moto-z3-play-price-in-pakistan.json,2106c13b53a05acbe4ee6efbcb6c832a872f2160d06c6b576048ac4ca75d786a,0.79167
c72332a5e037343b1f37a65f18544bb9d85a1c90c9d3a19e8355e411263d4118,2026-08-14T22:03:09+00:00,Motorola Moto Z4,https://www.whatamobile.com.pk/product/motorola-moto-z4-price-in-pakistan/,Yes,false,[],Weight Unknown,[85999.0],whatamobile.com.pk/whatamobile__motorola-moto-z4-price-in-pakistan.json,6ec9033d43c9b9e5d661467fd3338d3a4f8084d96d41adaa62a4b3d3c406dfa2,0.79167
b2f05988049edef4cf67e1bb6137d36f4f3d4d457fe3d99e50bfe145119e1d5b,2026-08-14T21:56:46+00:00,Motorola One 5G 2020,https://www.whatamobile.com.pk/product/motorola-one-5g-price-in-pakistan/,Yes,false,[],Weight Unknown,[70999.0],whatamobile.com.pk/whatamobile__motorola-one-5g-price-in-pakistan.json,076fb9624406e08d4b8a5228fba4a6d7bf32a4f9e717e5219457a7c26caa41d4,0.79167
0208dbebbb1bb99d29feb90d995beccf169588752f2c85fc2ba817fad3ccee63,2026-08-14T21:55:37+00:00,Motorola One Action,https://www.whatamobile.com.pk/product/motorola-one-action-price-in-pakistan/,Yes,false,[],Weight Unknown,[58000.0],whatamobile.com.pk/whatamobile__motorola-one-action-price-in-pakistan.json,974ef728d3fe8c49aed9e13799df05d815186a8774bd2b06c299fcb68f9c4483,0.79167
f8000636d5cbdc42b40639e6f60dfe277fa3ae392b02e3189bb81c4ecf08d54f,2026-08-14T22:24:23+00:00,Motorola One Hyper,https://www.whatamobile.com.pk/product/motorola-one-hyper-price-in-pakistan/,Yes,false,[],Weight Unknown,[89999.0],whatamobile.com.pk/whatamobile__motorola-one-hyper-price-in-pakistan.json,5fdabbe2e643df282b201485958d7a5c10d06576999f6ea99ca208de0874d422,0.79167
31441df4e3c7eea79019f0e53643c105885c463b86d0d84e629e25f815dea0d7,2026-08-14T20:51:13+00:00,Motorola One Power,https://www.whatamobile.com.pk/product/motorola-one-power-price-in-pakistan/,Yes,false,[],Weight Unknown,[46000.0],whatamobile.com.pk/whatamobile__motorola-one-power-price-in-pakistan.json,fd58fadee42c92debe6635460b41147266cc8b5733e07bb5d2c13b74d39252dd,0.79167
3befc5f7b03ed2738d9ced276cdb646b1cb940df4e96a437e94857fb50338cb3,2026-08-14T21:14:29+00:00,Motorola One Vision,https://www.whatamobile.com.pk/product/motorola-one-vision-price-in-pakistan/,Yes,false,[],Weight Unknown,[68000.0],whatamobile.com.pk/whatamobile__motorola-one-vision-price-in-pakistan.json,4001702d6073c823fe7b800985d23d2604c36b8c62948268bdd6c5c3282fbc3a,0.75000
6f2bd147ad7fed45cb0b92d26c2075d16dfb14c9f18f69a74d9879080dbf8df4,2026-08-14T19:02:26+00:00,Motorola P40,https://www.whatamobile.com.pk/product/motorola-p40-price-in-pakistan/,Yes,false,[],Weight Unknown,[53999.0],whatamobile.com.pk/whatamobile__motorola-p40-price-in-pakistan.json,857f4d3d62023ea9d0647fb166a75c73a9579d165feb5c72751eaf417051babe,0.75000
367ce6336a1ab4372df453a8c08a8573580b1885624b22c9dc6d1d5b187c3e2a,2026-08-14T22:09:24+00:00,Motorola Razr 50 Ultra,https://www.whatamobile.com.pk/product/motorola-razr-50-ultra/,Yes,false,[],Weight Unknown,[257990.0],whatamobile.com.pk/whatamobile__motorola-razr-50-ultra.json,c5be14bf1976accbfdc49ecfa484032b6b49809603ae84d88a8464844012fd43,0.83333
ab148429cc9369fd9b7689117afdf02437a9b684e422950c1c7c455c0c33318b,2026-08-14T18:02:02+00:00,Nokia 1.4,https://www.whatamobile.com.pk/product/nokia-1-4/,Yes,false,"[""Fjord | Charcoal | Dusk""]",Weight Unknown,[18999.0],whatamobile.com.pk/whatamobile__nokia-1-4.json,b7afd6f215e81746838f5c0880af5f2d15e49e7e98e8e792257edef207471411,0.87500
2ad192c8f99acb1cdd8acc96e1a8729929429e41d6d3b7e63f08b06257b5cc7b,2026-08-14T20:56:59+00:00,Nokia 1 Plus,https://www.whatamobile.com.pk/product/nokia-1-plus/,Yes,false,"[""Black | Red | Blue""]",Weight Unknown,[11450.0],whatamobile.com.pk/whatamobile__nokia-1-plus.json,fb9b72e7afac3861f7c8129713aeb6eba56be4b40841aae6f89854ff7ff7161c,0.87500
0a87eb48326356b1c65a2e6f7fb701262ad9fd8515609a57650d8c2b68d6d564,2026-08-14T18:01:38+00:00,Nokia 2.3,https://www.whatamobile.com.pk/product/nokia-2-3/,Yes,false,"[""Cyan Green | Sand | Charcoal""]",Weight Unknown,[14900.0],whatamobile.com.pk/whatamobile__nokia-2-3.json,4ec09a2b399fb9ec2ecfe64fb0e4414bd6c77e352473b1836b77a4ae647061b9,0.87500
9225f9f113e0d76eea8021610d49654d6bd0f5d78d123644f537bc216ca50467,2026-08-14T20:36:51+00:00,Nokia 2.4 32GB,https://www.whatamobile.com.pk/product/nokia-2-4-32gb/,Yes,false,"[""Fjord | Dusk | Charcoal""]",Weight Unknown,[16900.0],whatamobile.com.pk/whatamobile__nokia-2-4-32gb.json,2566df6ddcb5a3b1291ef7fda048473350879d478f901fd38d11391bff006ff8,0.87500
50436517aefd14ef879d11ea7606ff39175d8f45ada1211e75920bd188cba8c1,2026-08-14T22:09:54+00:00,Nokia 2.4,https://www.whatamobile.com.pk/product/nokia-2-4/,Yes,false,"[""Fjord | Dusk | Charcoal""]",Weight Unknown,[18900.0],whatamobile.com.pk/whatamobile__nokia-2-4.json,fbdd45de416ccdc4b4680ec2643fe50b0b556aa701b2eb0c7332948b369bdb1d,0.87500
d21baf017a4f4fe5dfbdf255ee5226e98e0b6538921179fc91c7d47251494bf2,2026-08-14T18:57:15+00:00,Nokia 3.1 A,https://www.whatamobile.com.pk/product/nokia-3-1-a-price-in-pakistan/,Yes,false,[],Weight Unknown,[22999.0],whatamobile.com.pk/whatamobile__nokia-3-1-a-price-in-pakistan.json,72c350438289d2a84f2f43227bdb3ccdeb7db3c563f06435ca5bef3f24a1c0e6,0.79167
5bd5f42a85d4a9b09bc093a5d7a7d7153a23c63895ea79c61cc3cd68860b1ffe,2026-08-14T21:25:54+00:00,Nokia 3.1 Plus,https://www.whatamobile.com.pk/product/nokia-3-1-plus-price-in-pakistan/,Yes,false,[],Weight Unknown,[19899.0],whatamobile.com.pk/whatamobile__nokia-3-1-plus-price-in-pakistan.json,3a8ba32db7895201368dbe9bac2aeb388501b2b56664c1d5575ca6bb5ff84359,0.79167
4091c9c8e7a436c32806533004a24c2c277438a79a1cf3d37c2452daa605d242,2026-08-14T18:58:14+00:00,Nokia 3.1c,https://www.whatamobile.com.pk/product/nokia-3-1c-price-in-pakistan/,Yes,false,[],Weight Unknown,[28000.0],whatamobile.com.pk/whatamobile__nokia-3-1c-price-in-pakistan.json,1cac2f80d6e5c2cb87452981d6f961780e034281268fe8b119089d6c5ef2a9b6,0.79167
420af7fdcf0f1f1338fc49cafbc67c0bdede063791a5d5b93f0c468dd801a32f,2026-08-14T18:02:14+00:00,Nokia 3.2,https://www.whatamobile.com.pk/product/nokia-3-2/,Yes,false,"[""Black | Steel""]",Weight Unknown,[13900.0],whatamobile.com.pk/whatamobile__nokia-3-2.json,cf641dc254cf5267f3ae590f5cb2b9d2200b3a86072088b6407e3faa58dc2dc0,0.87500
317bd71c0edc2a2f5ee478c6f972f3cbf41934be43dff54ad442e0f93e5493cb,2026-08-14T22:01:13+00:00,Nokia 3.4 32GB,https://www.whatamobile.com.pk/product/nokia-3-4-32gb/,Yes,false,"[""Fjord | Dusk | Charcoal""]",Weight Unknown,[19900.0],whatamobile.com.pk/whatamobile__nokia-3-4-32gb.json,01fb6263372b4a16aeae05b5a3e1987f7d06a45124e8892e0f70697a07abc17f,0.87500
0f366779b7c298e540714852c36886be0c84da2a544e7f683b4b55caaea1fefd,2026-08-14T18:02:26+00:00,Nokia 3.4,https://www.whatamobile.com.pk/product/nokia-3-4/,Yes,false,"[""Fjord | Dusk | Charcoal""]",Weight Unknown,[23750.0],whatamobile.com.pk/whatamobile__nokia-3-4.json,4194279e8d7ce9560355e26fa2deeea3b8ba3b82078119cb9ed5c77163ba5b00,0.87500
40cc9dc998591092af74d918567262a479e2c2ef1f26123fe8f7062eddd7db48,2026-08-14T18:57:27+00:00,Nokia 4.2,https://www.whatamobile.com.pk/product/nokia-4-2-price-in-pakistan/,Yes,false,[],Weight Unknown,[23999.0],whatamobile.com.pk/whatamobile__nokia-4-2-price-in-pakistan.json,a79170f650b48a8644905629aae5b296e2561f76fd194bfdce8ca24ffe659084,0.79167
fc051a464c9cc40facc0875ff5290f908271df29083a7c7493d0fb22187afdb2,2026-08-14T21:20:00+00:00,Nokia 5.1 Plus,https://www.whatamobile.com.pk/product/nokia-5-1-plus-price-in-pakistan/,Yes,false,[],Weight Unknown,[22899.0],whatamobile.com.pk/whatamobile__nokia-5-1-plus-price-in-pakistan.json,0a8fe41799275032fd4d1b390eb05b826f6c5fd30b0cb348b64f676b99049e28,0.79167
7172aacd003adc244e420b7392e4062644ed58ac3f7a3bc4d86ac82fa21701ef,2026-08-14T18:57:53+00:00,Nokia 5.1,https://www.whatamobile.com.pk/product/nokia-5-1-price-in-pakistan/,Yes,false,[],Weight Unknown,[17650.0],whatamobile.com.pk/whatamobile__nokia-5-1-price-in-pakistan.json,3160d17d24a54412363eb5ef57428619b1e06608a504799b3ff106f230e77f72,0.79167
dd9d208b5767506cb25c10afb075e842fbc67a62c3364c321978c9d76f0513f9,2026-08-14T18:58:33+00:00,Nokia 5.2,https://www.whatamobile.com.pk/product/nokia-5-2-price-in-pakistan/,Yes,false,[],Weight Unknown,[29999.0],whatamobile.com.pk/whatamobile__nokia-5-2-price-in-pakistan.json,e8c126ff5c0c4afe5a2b5c9a025979bd8a7ce999615efa5055b9428e65368654,0.79167
6411448ea1c11a2e87e9b921011985957d3c16bef1f65eec663103fe3cfb3e47,2026-08-14T20:55:27+00:00,Nokia 5.3,https://www.whatamobile.com.pk/product/nokia-5-3/,Yes,false,"[""Cyan | Sand | Charcoal""]",Weight Unknown,[28999.0],whatamobile.com.pk/whatamobile__nokia-5-3.json,f480a71d2d8d65ce0f8d14a9765d762c437a7a1f1ed9725ae6e6030526894d79,0.87500
0c1ab704d7b5b9fcb0c859ec0523c780eb066ba3387f3d832f8223971697754d,2026-08-14T20:41:47+00:00,Nokia 5.4,https://www.whatamobile.com.pk/product/nokia-5-4/,Yes,false,"[""Polar Night | Dusk""]",Weight Unknown,[31999.0],whatamobile.com.pk/whatamobile__nokia-5-4.json,7d30c8c37b32bf2778d54787a0659b8e845b2a727820599ac56222c2598f78ac,0.87500
ef482356270e64fbff9fda7f36091fe705dd1d2da1c7cf9fbd0335eee0ec54a7,2026-08-14T18:59:21+00:00,Nokia 6.1 Plus,https://www.whatamobile.com.pk/product/nokia-6-1-plus-price-in-pakistan/,Yes,false,[],Weight Unknown,[36346.0],whatamobile.com.pk/whatamobile__nokia-6-1-plus-price-in-pakistan.json,c414c5e3b74e86276db0b46a35c579abfa03ea79948b15aa17c4d46ebc15c711,0.79167
14fd1f4c1bb15ee715123eed10e1c2b2ff5d173a67b32422049ad0ffa7680daa,2026-08-14T18:58:43+00:00,Nokia 6.2,https://www.whatamobile.com.pk/product/nokia-6-2-price-in-pakistan/,Yes,false,[],Weight Unknown,[29999.0],whatamobile.com.pk/whatamobile__nokia-6-2-price-in-pakistan.json,edfffd0b7761cb292cda2103b0249c7912c5b8167ec70cd71733c781581ca318,0.79167
263cb7dcf6dc3fa868904a43e42d0b2d25a82c9530f24d10402581ea4eda96b4,2026-08-14T18:58:54+00:00,Nokia 6.3,https://www.whatamobile.com.pk/product/nokia-6-3-price-in-pakistan/,Yes,false,[],Weight Unknown,[35000.0],whatamobile.com.pk/whatamobile__nokia-6-3-price-in-pakistan.json,d109cf8d8982e16a8ab01ae493364a28b448bfbdafed017f95467ea54f88b2c2,0.79167
292dc299ed34da4c9ed74ff63ccb717b44bae0496c21da1a572b6f4f7805cf3d,2026-08-14T21:25:43+00:00,Nokia 7.2,https://www.whatamobile.com.pk/product/nokia-7-2/,Yes,false,"[""Cyan Green | Charcoal | Ice""]",Weight Unknown,[39999.0],whatamobile.com.pk/whatamobile__nokia-7-2.json,1e6e5e28e337f5d9b8a039fe222287f0bed9ff2e2613ff7daa0f2548819d1d72,0.87500
1eb4f74594e6c1941e5241037edd3179105757ce4b659239e219c91cddb3e3c4,2026-08-14T21:07:33+00:00,Nokia 7.3,https://www.whatamobile.com.pk/product/nokia-7-3-price-in-pakistan/,Yes,false,[],Weight Unknown,[50000.0],whatamobile.com.pk/whatamobile__nokia-7-3-price-in-pakistan.json,c15000b54068539bed77c344d87c944a57390883a49fdc2fc3fcd6afd6b53471,0.79167
0516d068329d3294fa2d8978cee5bde15705921b936ca62cd07680d70312da07,2026-08-14T21:20:59+00:00,Nokia 7 Plus,https://www.whatamobile.com.pk/product/nokia-7-plus-price-in-pakistan/,Yes,false,[],Weight Unknown,[39999.0],whatamobile.com.pk/whatamobile__nokia-7-plus-price-in-pakistan.json,507c483832a05ca0653a83acd2834a464b11dd295799cd405c363e78ef23e4da,0.75000
5162014f63f1419557120e7a6aa8d7b96e0849bd59e27944b98ba685685d99e4,2026-08-14T18:59:30+00:00,Nokia 7,https://www.whatamobile.com.pk/product/nokia-7-price-in-pakistan/,Yes,false,[],Weight Unknown,[55200.0],whatamobile.com.pk/whatamobile__nokia-7-price-in-pakistan.json,0cc5541e326ceef4dc0f0f8061f409ce6694697f51b544a0743081bf5bf0a7ac,0.79167
38b9d3251d467f6e399118ef615550db8762365d6ec78d4af7b4dbf1e14c6fe7,2026-08-14T18:59:40+00:00,Nokia 8.1 Plus,https://www.whatamobile.com.pk/product/nokia-8-1-plus-price-in-pakistan/,Yes,false,[],Weight Unknown,[74999.0],whatamobile.com.pk/whatamobile__nokia-8-1-plus-price-in-pakistan.json,b08124da8c3a0984767d8bb3adf0cedc5f9537a9345b51640088e31946d5a7c7,0.75000
d634cc6962c3ae3607fba1b9cfc5fe1098c1762f48bc1471478d6964dd3dd382,2026-08-14T19:40:15+00:00,Nokia 8.1,https://www.whatamobile.com.pk/product/nokia-8-1/,Yes,false,"[""Iron/Steel"",""Blue/Silver"",""Steel/Copper""]",Weight Unknown,[69000.0],whatamobile.com.pk/whatamobile__nokia-8-1.json,7b8f808359e711120666d6c4fc0bbd39d2fe262ccb07190c61def94de495d355,0.83333
3473ed8863e4908850046fece08182ab915d89a5a93d29f85479b9b960efc15f,2026-08-14T21:37:15+00:00,Nokia 8.2,https://www.whatamobile.com.pk/product/nokia-8-2-price-in-pakistan/,Yes,false,[],Weight Unknown,[69999.0],whatamobile.com.pk/whatamobile__nokia-8-2-price-in-pakistan.json,d119cc46cc7504db3384f9ae141e73b13fa241ae82f7e0ce17b5383d0e232824,0.79167
a99ef67913df8986fb2354d11a784e6f574bb78dd9a039b608da6d4eaed3a965,2026-08-14T18:01:51+00:00,Nokia 8.3 5G,https://www.whatamobile.com.pk/product/nokia-8-3-5g/,Yes,false,"[""Polar Night""]",Weight Unknown,[104000.0],whatamobile.com.pk/whatamobile__nokia-8-3-5g.json,42e05334164fe069317fe8b9786fb9173ae0fc23bcc5b8b8cf3ed7cdf0db360d,0.87500
5199a00d50c6047481fddc3a22ad464dfb0202838816a8def50e83925ef603d0,2026-08-14T19:00:02+00:00,Nokia 8.3 Plus,https://www.whatamobile.com.pk/product/nokia-8-3-plus-price-in-pakistan/,Yes,false,[],Weight Unknown,[85000.0],whatamobile.com.pk/whatamobile__nokia-8-3-plus-price-in-pakistan.json,6d9ad257798f09cd7ca9029b745e0a8c0b52cb950a096f87aff86ee9644f3b05,0.79167
18590099839fc80978ed55a3fa533b9f12519a3c3fe580e5f331fb3e4eb142b2,2026-08-14T20:17:04+00:00,Nokia 8.4 5G,https://www.whatamobile.com.pk/product/nokia-8-4-5g-price-in-pakistan/,Yes,false,[],Weight Unknown,[92000.0],whatamobile.com.pk/whatamobile__nokia-8-4-5g-price-in-pakistan.json,4df96be91841612c38fa8839fd64bfa90acb26c64b18add227e207e6bf945508,0.79167
d32cc1508f4e7c03b8f3d00a19d9bb3170ad618955e47671459160d75c4a6fbb,2026-08-14T20:39:08+00:00,Nokia 8,https://www.whatamobile.com.pk/product/nokia-8/,Yes,false,"[""Steel"",""Polished Copper"",""Polished Blue"",""Tempered Blue""]",Weight Unknown,[35990.0],whatamobile.com.pk/whatamobile__nokia-8.json,b959a0e9b7d0ed533cc551b44d514f0455740465681bd0af1e5f7451a695c001,0.83333
9a91182085fbeca4f2db58c38d09277ccdf1cb1bc5fa2a474da186ad51d5caa3,2026-08-14T19:00:12+00:00,Nokia 9.3 Pure View,https://www.whatamobile.com.pk/product/nokia-9-3-pure-view-price-in-pakistan/,Yes,false,[],Weight Unknown,[90000.0],whatamobile.com.pk/whatamobile__nokia-9-3-pure-view-price-in-pakistan.json,c715c1009d67556ee94950827906799e63991bd51c2a6800d9e4e2647e36aace,0.79167
912afecca83191b071c551a1922d950965a2289dacd6b2185442b3f392136bb5,2026-08-14T22:39:19+00:00,Nokia 9 PureView,https://www.whatamobile.com.pk/product/nokia-9-pureview-price-in-pakistan/,Yes,false,[],Weight Unknown,[109999.0],whatamobile.com.pk/whatamobile__nokia-9-pureview-price-in-pakistan.json,33ea046ce2104c20c1f264c01beaae989c0f947cc385354f16e5b5479a32b7d3,0.79167
5948faec45f53e1374e43637d2290750197f108800c2ac297c44d931c07d63c8,2026-08-14T20:16:45+00:00,Nokia C100,https://www.whatamobile.com.pk/product/nokia-c-100-price-in-pakistan/,Yes,false,[],Weight Unknown,[18999.0],whatamobile.com.pk/whatamobile__nokia-c-100-price-in-pakistan.json,d3cbc32d8de2698a1bb86eacae29416373e412df6295a318aa183c412071cb50,0.79167
c4a0507c9461d2377cf4ed57ca7b81dc4219dafc8f9a768da5d7a0401fef786c,2026-08-14T21:30:22+00:00,Nokia C21 Plus,https://www.whatamobile.com.pk/product/nokia-c-21-plus-price-in-pakistan/,Yes,false,[],Weight Unknown,[18999.0],whatamobile.com.pk/whatamobile__nokia-c-21-plus-price-in-pakistan.json,86005cdefcc42b15a06db8724af4194a5c6694e5f4eb1b3345a66c273e289fef,0.79167
c06b898ff4ea2560ae8d7366dcc2baf3d402833b7fa6145edbbbf47404697aef,2026-08-14T18:57:05+00:00,Nokia C30,https://www.whatamobile.com.pk/product/nokia-c-30-price-in-pakistan/,Yes,false,[],Weight Unknown,[19999.0],whatamobile.com.pk/whatamobile__nokia-c-30-price-in-pakistan.json,6eeb450ed6b0438257c1e7e1ffe06bd93d727d9833f0a5343a0b1a72cbccd115,0.79167
b8f778f359d17e3826e392e40d4468c0259727f77327ae2da5fe7fe282d4af13,2026-08-14T18:56:55+00:00,Nokia C3,https://www.whatamobile.com.pk/product/nokia-c3-price-in-pakistan/,Yes,false,[],Weight Unknown,[17999.0],whatamobile.com.pk/whatamobile__nokia-c3-price-in-pakistan.json,66288e16915b1dc58a68c83df4a5bf82ecb0476f832a6cd137645139d67c37d2,0.79167
ce143dd4fe857b7d10a1c4cf237e7afd6521521b456158e6c535c7c92553aaa4,2026-08-14T21:55:57+00:00,Nokia C31,https://www.whatamobile.com.pk/product/nokia-c31-price-in-pakistan/,Yes,false,[],Weight Unknown,[54999.0],whatamobile.com.pk/whatamobile__nokia-c31-price-in-pakistan.json,295562b807e55405e07768b5460546db36b4dacb4ccbb50ac79cddaf33dfe0e4,0.79167
90ce1094090baf30a0690554238d4f3e2813b7a5e36b37e674ea2736e190aafb,2026-08-14T18:58:24+00:00,Nokia C5 Endi,https://www.whatamobile.com.pk/product/nokia-c5-endi-price-in-pakistan/,Yes,false,[],Weight Unknown,[28999.0],whatamobile.com.pk/whatamobile__nokia-c5-endi-price-in-pakistan.json,da30b9e0abe4a12d9d1d882ab5af3849d10192f2f258985b8f2219de2e51ab7a,0.70833
c81547bae4ea70889b6556b01c9644a4fa25da9393f6c8c17cd57ff961f05f5e,2026-08-14T18:57:40+00:00,Nokia G11,https://www.whatamobile.com.pk/product/nokia-g-11-price-in-pakistan/,Yes,false,[],Weight Unknown,[24999.0],whatamobile.com.pk/whatamobile__nokia-g-11-price-in-pakistan.json,2f832007f3e5adfb39d1a0298428b4dbc3404d882f4ded0d884d5a1ee1fc6c65,0.79167
ae9b4b9507400b970b6f8cdff668533a74c015fdd0b16b74b3a92dcc46d2139f,2026-08-14T22:49:26+00:00,Nokia G10,https://www.whatamobile.com.pk/product/nokia-g10/,Yes,false,"[""Dusk | Night | Blue""]",Weight Unknown,[20999.0],whatamobile.com.pk/whatamobile__nokia-g10.json,5f86d435f5915d4b911a516f4d87fa3004b075bd9014c61d8b51e52f835804cb,0.87500
727c6518eaf236a7f84f1b65a585284dafa9a9a5cd5f10b072391a3cbef0b731,2026-08-14T21:39:17+00:00,Nokia G11 Plus,https://www.whatamobile.com.pk/product/nokia-g11-plus-price-in-pakistan/,Yes,false,[],Weight Unknown,[49999.0],whatamobile.com.pk/whatamobile__nokia-g11-plus-price-in-pakistan.json,f399b427b26ee544392852bfe66a599e02e118727ea605a1b0eca19b73411ecd,0.79167
ec530fb10631e4fc53fe31c2fbea650a201a8a333540cd7dc42691f172529e70,2026-08-14T18:02:38+00:00,Nokia G20 128GB,https://www.whatamobile.com.pk/product/nokia-g20-128gb/,Yes,false,"[""Glacier | Night""]",Weight Unknown,[28499.0],whatamobile.com.pk/whatamobile__nokia-g20-128gb.json,76c285b5c4379dd994ff9532cc4d5a3dc7a0d95d39de7ab833c81a03c1290add,0.87500
112a79e84fd76aaf53dfe8a45c16fc296dc736bf6536b3611dac17093117b1aa,2026-08-14T19:45:39+00:00,Nokia G20,https://www.whatamobile.com.pk/product/nokia-g20/,Yes,false,[],Weight Unknown,[23500.0],whatamobile.com.pk/whatamobile__nokia-g20.json,7ad3b2f301047bc8e43ea08c6d1a9adeeb2e018802275f7ee67933948e786e77,0.79167
bccffb76a0aff5a3bb1ab3aeccc6974eee10c75f3747e69e0b8262f57b8981dc,2026-08-14T21:40:26+00:00,Nokia G21,https://www.whatamobile.com.pk/product/nokia-g21-price-in-pakistan/,Yes,false,[],Weight Unknown,[27999.0],whatamobile.com.pk/whatamobile__nokia-g21-price-in-pakistan.json,909aee08bae454deb814c694ab002794042836f4157def6cca0e612b1f287f10,0.79167
429cc7744a9d04aa20e14ecbde641a2f6f789c887adb2a7f3e6861dd3f9cc90a,2026-08-14T20:27:13+00:00,Nokia G300,https://www.whatamobile.com.pk/product/nokia-g300-price-in-pakistan/,Yes,false,[],Weight Unknown,[33999.0],whatamobile.com.pk/whatamobile__nokia-g300-price-in-pakistan.json,2aae31ebc59f8013ae97ce74816d2b63b622fe239060c6a27a7165e2f7c61c96,0.79167
c2b976495d4ffa8a97dffa237003a7e26f7691f8c24dea5b7c9e5870cc5ea376,2026-08-14T22:12:57+00:00,Nokia G400,https://www.whatamobile.com.pk/product/nokia-g400-price-in-pakistan/,Yes,false,[],Weight Unknown,[49999.0],whatamobile.com.pk/whatamobile__nokia-g400-price-in-pakistan.json,9d5a8aa5735d065b83920539cfec0daf3eb8b14d2fa0754121cece15345028e2,0.79167
7c979fa2382f1e09da8631b21f2498db15718eb8a69aa0c928bf5b97dfdc63cf,2026-08-14T21:00:27+00:00,Nokia G50,https://www.whatamobile.com.pk/product/nokia-g50-price-in-pakistan/,Yes,false,[],Weight Unknown,[54999.0],whatamobile.com.pk/whatamobile__nokia-g50-price-in-pakistan.json,319d77b79ecdd8da50c6ea1be5721cf9d2a8cceebbfa6e93017d80750c8b3ca3,0.79167
b1e9ef5d458de91d5c6d3209fdfc5c945874d70649a8ed1317b33d20f3d0fe7d,2026-08-14T18:59:51+00:00,Nokia G60,https://www.whatamobile.com.pk/product/nokia-g60-price-in-pakistan/,Yes,false,[],Weight Unknown,[78999.0],whatamobile.com.pk/whatamobile__nokia-g60-price-in-pakistan.json,21844cc14cffb8ee7d4b0386d7ae85f1b2cecae4f196a8c7628a35edfee3a7e4,0.79167
db887d8758bc3b1d4173ec4103209350e2e0864415c976f20fa39c90c585279d,2026-08-14T17:49:53+00:00,Nokia Lumia 630,https://www.whatamobile.com.pk/product/nokia-lumia-630/,Yes,false,"[""Black"",""White"",""Green"",""Yellow"",""Orange""]",Weight Unknown,[13900.0],whatamobile.com.pk/whatamobile__nokia-lumia-630.json,6b62c3ebe7567803af2edea35472f735eaaf8cdca6edd30cff39a8d16f61c45b,0.91667
4f8f7cdf08d56c1e690e480f8c3e1ec1b4826586f1c2b9a45addf7776df23602,2026-08-14T17:50:04+00:00,Nokia Lumia 930,https://www.whatamobile.com.pk/product/nokia-lumia-930/,Yes,false,"[""Black"",""White"",""Green"",""Orange""]",Weight Unknown,[54199.0],whatamobile.com.pk/whatamobile__nokia-lumia-930.json,d21ccf9960b1e64216e0d0cd11cd607b0b424233677da4ff5d210d0792bfbd9e,0.91667
b61656ea24b97964f41ccab1442ace05eeec50ae9328cd93974d810ebe9fb3e4,2026-08-14T21:24:08+00:00,Nokia P1,https://www.whatamobile.com.pk/product/nokia-p1-price-in-pakistan/,Yes,false,[],Weight Unknown,[80000.0],whatamobile.com.pk/whatamobile__nokia-p1-price-in-pakistan.json,7c09788898159628fd03e73fbdcc663f4487c3020e50aaa2cef135bbcea44a9a,0.75000
ca84749d2490283157db0db45336039cd0bcd1bf1e7bbfb51742cd891cc1b0de,2026-08-14T18:58:03+00:00,Nokia Phoenix,https://www.whatamobile.com.pk/product/nokia-phoenix-price-in-pakistan/,Yes,false,[],Weight Unknown,[25799.0],whatamobile.com.pk/whatamobile__nokia-phoenix-price-in-pakistan.json,d6c76ce8f89bd279867d0071be1ec12f98b727a34d049270ce39caa0803f8d11,0.70833
430265f18bc335a7d6a8798366b76a9d81ccca8ff6dc26ae8458ad779cc3b6e3,2026-08-14T19:47:53+00:00,Nokia T20 Wi-Fi (Deep Ocean 32GB + 3GB),https://www.whatamobile.com.pk/product/nokia-t20-wi-fi-deep-ocean-32gb-3gb/,yes,false,[],Weight Unknown,[46000.0],whatamobile.com.pk/whatamobile__nokia-t20-wi-fi-deep-ocean-32gb-3gb.json,fc795d3004a944c631958db1095d02a142c13755bd1a12078f64465437c93648,0.58333
7bc93516050ad978ace25acc8ff3ea337cfdfc688b5e32150edd15d9a1b17670,2026-08-14T21:30:31+00:00,Nokia X10,https://www.whatamobile.com.pk/product/nokia-x10-price-in-pakistan/,Yes,false,[],Weight Unknown,[49999.0],whatamobile.com.pk/whatamobile__nokia-x10-price-in-pakistan.json,c48989a5edcae14ea28ff555230083bdd29959e29b81070b1af3343ad54f0bd5,0.79167
1e647c6680e48cde02e86a103fec5bddf95cb3a5cbf5aeb03047362d66b4c6fa,2026-08-14T20:50:40+00:00,Nokia X20,https://www.whatamobile.com.pk/product/nokia-x20/,Yes,false,"[""Nordic Blue""]",Weight Unknown,[54999.0],whatamobile.com.pk/whatamobile__nokia-x20.json,f7712fe6173f63b8dcabc1a620a24f7b28559d6ba90bcd3613821d4c68a2d176,0.87500
d32b28a3864430720b1e82ad1756dd9ae194d184f117c8691a4b2708165b2ca2,2026-08-14T19:00:22+00:00,Nokia X30,https://www.whatamobile.com.pk/product/nokia-x30-price-in-pakistan/,Yes,false,[],Weight Unknown,[112999.0],whatamobile.com.pk/whatamobile__nokia-x30-price-in-pakistan.json,d8f883fe6ff8cbcd2d0e5965e7e89d3b86e1a5d56f6da88efc1e264a01f86000,0.79167
391306a009bc2ace39aac41101e3f926a5a2d5652d198143a918cc2efd42f44a,2026-08-14T22:46:25+00:00,Nokia X71,https://www.whatamobile.com.pk/product/nokia-x71-price-in-pakistan/,Yes,false,[],Weight Unknown,[55999.0],whatamobile.com.pk/whatamobile__nokia-x71-price-in-pakistan.json,b5e46e5cf70c5a4b2e36c66f0905bb798f0149cf29c8c2761776c3c650d1f14c,0.79167
21154c3ecf2b8fc47aaf1738f06ef77ae2972f5e8ab4f04641528c2383298dc7,2026-08-14T21:27:53+00:00,Nokia XR20,https://www.whatamobile.com.pk/product/nokia-xr20-price-in-pakistan/,Yes,false,[],Weight Unknown,[89999.0],whatamobile.com.pk/whatamobile__nokia-xr20-price-in-pakistan.json,e997d1b7185395cf59f862cc182b23e87522a9fd1704a96b35b3793e31ea34e5,0.79167
2bd8459778ea1d73996c40516c6b74387d3003458a7dadfa3065f1bed8f3e0e2,2026-08-14T22:16:06+00:00,One Plus 5T,https://www.whatamobile.com.pk/product/one-plus-5t-price-in-pakistan/,Yes,false,[],Weight Unknown,[59499.0],whatamobile.com.pk/whatamobile__one-plus-5t-price-in-pakistan.json,b6811ba9d77efd036d319f432d76705c36e10323db4cc7c94f8dcc77be6f1eb8,0.79167
9a53b8dea285d3c630cb6ca4adc8ea814e185dc5b2a004a61823bea2edc8763c,2026-08-14T22:13:48+00:00,OnePlus 10 Pro,https://www.whatamobile.com.pk/product/oneplus-10-pro-price-in-pakistan/,Yes,false,[],Weight Unknown,[169999.0],whatamobile.com.pk/whatamobile__oneplus-10-pro-price-in-pakistan.json,25984f8e6738d99ec4cc27021e8434f2b0bf45ff05c6cb2b4d949a95baa9c7ae,0.79167
dfe184172baf46b06349455afa2b7da3b8b4f3d5d4ebb1c7f0d88765b9de544a,2026-08-14T21:01:17+00:00,OnePlus 10T 5G,https://www.whatamobile.com.pk/product/oneplus-10-t-5g-price-in-pakistan/,Yes,false,[],Weight Unknown,[145999.0],whatamobile.com.pk/whatamobile__oneplus-10-t-5g-price-in-pakistan.json,efd395645a345faf5c77a46642abd1db56c7f5ff2370656daa02b496dc690d35,0.79167
868086121464cfd056f323f8b814b0a5a9e8511a4656cdb48e4d54e603d1adf6,2026-08-14T18:56:33+00:00,OnePlus 10R,https://www.whatamobile.com.pk/product/oneplus-10r-price-in-pakistan/,Yes,false,[],Weight Unknown,[94999.0],whatamobile.com.pk/whatamobile__oneplus-10r-price-in-pakistan.json,94434140c54831f59a59e5e497847e86a8c127b24e602d0bbe1bdbbf596c14b6,0.79167
5de76b4bf19d6875f968fc59c9de34034c5c1bacd434e29af5102c301babc77c,2026-08-14T22:43:17+00:00,OnePlus 11,https://www.whatamobile.com.pk/product/oneplus-11-price-in-pakistan/,Yes,false,[],Weight Unknown,[127999.0],whatamobile.com.pk/whatamobile__oneplus-11-price-in-pakistan.json,885b846a937658e141b847f057ed8b1acd342a21618af302c72647ee7ce72b43,0.79167
25770041f8338f2de62dae68926489c2df40bfca1f69a3459ac47bbc39c4c81c,2026-08-14T19:56:03+00:00,"OnePlus 13s (Black Velvet, 12GB RAM, 512GB Storage)",https://www.whatamobile.com.pk/product/oneplus-13s-black-velvet-12gb-ram-512gb-storage/,Yes,false,[],Weight Unknown,[199990.0],whatamobile.com.pk/whatamobile__oneplus-13s-black-velvet-12gb-ram-512gb-storage.json,a8c21b3a74ca382c496165685537fcb279fd9a5dd8e75f3c74eceb774c39d3bd,0.79167
8b67d10d74adaef34c2e8fca2e5412cedd2c0c6c54658186f5947d576afb9407,2026-08-14T19:57:21+00:00,"OnePlus 15 (16GB, 512GB, Sand Storm)",https://www.whatamobile.com.pk/product/oneplus-15-16gb-512gb-sand-storm/,Stereo,false,[],Weight Unknown,[259990.0],whatamobile.com.pk/whatamobile__oneplus-15-16gb-512gb-sand-storm.json,4f2bc67b94c5513540005f30b6bcd618b55d9c7170e74e65585eb1f198781802,0.83333
ae236b0a50d473971ef33f4b3135df8a0b8aa252d7349a6cef520b2b2233a864,2026-08-14T19:54:33+00:00,"OnePlus 15R (12GB, 256GB, 5G, Charcoal Black)",https://www.whatamobile.com.pk/product/oneplus-15r-12gb-256gb-5g-charcoal-black/,,false,[],Weight Unknown,[174990.0],whatamobile.com.pk/whatamobile__oneplus-15r-12gb-256gb-5g-charcoal-black.json,04dc92daba32ff9afb19e7e8f9c97cc88e930638957cd64339d1561979d740bf,0.79167
c0acfd47ae5a07f5f4348db331f306309b0099a0a16a2cb59a2d756e8d5b681e,2026-08-14T19:54:22+00:00,"OnePlus 15R (12GB, 512GB, 5G, Charcoal Black)",https://www.whatamobile.com.pk/product/oneplus-15r-12gb-512gb-5g-charcoal-black/,,false,[],Weight Unknown,[204990.0],whatamobile.com.pk/whatamobile__oneplus-15r-12gb-512gb-5g-charcoal-black.json,3fe3d837889b2db11422d9ed4081ce306253a548c12b38ff7a427dff220a732b,0.79167
1962821f59bb74ed04fa43834c8dccecdfda67ed131fcb8ddd8d3ce13c41f044,2026-08-14T19:41:05+00:00,OnePlus 5,https://www.whatamobile.com.pk/product/oneplus-5/,Yes,false,"[""Slate Gray"",""Midnight Black""]",Weight Unknown,[64000.0],whatamobile.com.pk/whatamobile__oneplus-5.json,09adf59a4666830042126af21820e7d21d412adc663bebdfdc6e6b4c9d45767e,0.83333
e57b86d1bd45920c3ead517f1cd9ac233223f0fe722649aa267df769495ff43a,2026-08-14T22:08:44+00:00,OnePlus 5T,https://www.whatamobile.com.pk/product/oneplus-5t/,Yes,false,"[""Sandstone White"",""Midnight Black"",""Lava Red""]",Weight Unknown,[70000.0],whatamobile.com.pk/whatamobile__oneplus-5t.json,6c9f3ff61c3916e281ffb1735b462c34fbcf5cd984863d3c75e506f9926fca86,0.83333
d155ac62bb9e076b1c61312fb9e624a7c91aec1687739078aff7fd83c13aaf90,2026-08-14T22:15:57+00:00,Oneplus 6,https://www.whatamobile.com.pk/product/oneplus-6/,Yes,false,"[""Silk White"",""Red"",""Mirror Black"",""Midnight Black""]",Weight Unknown,[77500.0],whatamobile.com.pk/whatamobile__oneplus-6.json,5da8583a221a5f2eb24897f0994e85c6affdecdde06196da175e4e8e0899903f,0.83333
59983e7de1536ea02f08d3d1195800619bc0703c2c8652445545871df6c1c856,2026-08-14T21:26:13+00:00,OnePlus 6T,https://www.whatamobile.com.pk/product/oneplus-6t-mclaren-price-in-pakistan/,Yes,false,[],Weight Unknown,[109999.0],whatamobile.com.pk/whatamobile__oneplus-6t-mclaren-price-in-pakistan.json,9cd7e14f4d64e0b1c24d70ab62d215d5cc45ea169415a7a6b8a18afcf59d0e46,0.79167
ffc06e025612a7b6a0509baf33d2891475e0e3d0dab3c250dba369309e319a53,2026-08-14T22:54:04+00:00,OnePlus 7 Pro 5G,https://www.whatamobile.com.pk/product/oneplus-7-pro-5g-price-in-pakistan/,Yes,false,[],Weight Unknown,[120000.0],whatamobile.com.pk/whatamobile__oneplus-7-pro-5g-price-in-pakistan.json,7c21fa09b81ab604a784fa40d1b8d6bf57a2b8bec7949727b6688fb9b2dbda98,0.79167
1cdea5bbb68690a536b76ec9109733d6dc04fe44e8bfb1f4144267c42ac74cc3,2026-08-14T21:19:23+00:00,OnePlus 7T Pro 5G McLaren,https://www.whatamobile.com.pk/product/oneplus-7t-pro-5g-mclaren-price-in-pakistan/,Yes,false,[],Weight Unknown,[134999.0],whatamobile.com.pk/whatamobile__oneplus-7t-pro-5g-mclaren-price-in-pakistan.json,05ba33f0e4303c9ddcdbdfdb6f258f5849451d910d8a010315c9faac18403026,0.79167
76dff3841250c9493f1264b878c318e2ef3434b4110c767f34477a09c949ef49,2026-08-14T22:45:43+00:00,OnePlus 8 5G,https://www.whatamobile.com.pk/product/oneplus-8-5g-price-in-pakistan/,Yes,false,[],Weight Unknown,[114000.0],whatamobile.com.pk/whatamobile__oneplus-8-5g-price-in-pakistan.json,b0f265cbf0998f6bc893c4431b97251b0219c6d6b6fcfe2a6ba24e49141c4afa,0.79167
00faa6cf9a5afb230a68d623ccbeffd9d799ae0d841a603b3d5336bbbf3e7020,2026-08-14T22:24:41+00:00,OnePlus 8 Pro,https://www.whatamobile.com.pk/product/oneplus-8-pro-price-in-pakistan/,Yes,false,[],Weight Unknown,[149999.0],whatamobile.com.pk/whatamobile__oneplus-8-pro-price-in-pakistan.json,6eb4b0742ab5cacb6ff9a27319d232d174d256f78b64fc52c839deb30c64a85e,0.79167
72f30c3458de0a4701ad357f86dd1f4afaf884d6e04321a61e2b6a62bd7065eb,2026-08-14T20:44:20+00:00,OnePlus 8T,https://www.whatamobile.com.pk/product/oneplus-8t-price-in-pakistan/,Yes,false,[],Weight Unknown,[99199.0],whatamobile.com.pk/whatamobile__oneplus-8t-price-in-pakistan.json,2f4252033cb7be323d3981e9dc2d91803ec3aed2da0f80a5571bf96cf368a051,0.79167
a71c4a26c16d6eb8c34d26bffc2e7f2e9c3663cbbbe4487f54e6c695a5dbbdc4,2026-08-14T20:47:20+00:00,OnePlus 9,https://www.whatamobile.com.pk/product/oneplus-9-price-in-pakistan/,Yes,false,[],Weight Unknown,[130499.0],whatamobile.com.pk/whatamobile__oneplus-9-price-in-pakistan.json,9ff262a889214ab92a7d5cab8b21d6a628ae12e9fb44412332634aa55a63f3cf,0.79167
cbb83202439de99ecee7d307e70a525c32527a0b485d25f9472ede91d2123877,2026-08-14T22:27:01+00:00,OnePlus 9 Pro,https://www.whatamobile.com.pk/product/oneplus-9-pro-price-in-pakistan/,Yes,false,[],Weight Unknown,[164999.0],whatamobile.com.pk/whatamobile__oneplus-9-pro-price-in-pakistan.json,915354b59fbb99e07df2efcd06c5e083faf125bd522e31a29d29247ededb7a46,0.79167
1b79cd4c73530e399757555312968b3d1bcfb72e0d5a9cb89e44b5375dee3ec5,2026-08-14T18:56:44+00:00,OnePlus 9RT,https://www.whatamobile.com.pk/product/oneplus-9rt-price-in-pakistan/,Yes,false,[],Weight Unknown,[98999.0],whatamobile.com.pk/whatamobile__oneplus-9rt-price-in-pakistan.json,76e066f660703c5eac1dbb6d2d91aa6e8fe65957d97e0c37592bb8835937f507,0.75000
6763f477bf66cfdb94c6d65252481ee68138f46a097939d6c7915a1277596298,2026-08-14T21:59:44+00:00,OnePlus Ace 3 Pro,https://www.whatamobile.com.pk/product/oneplus-ace-3-pro/,YesYes,false,[],Weight Unknown,[132999.0],whatamobile.com.pk/whatamobile__oneplus-ace-3-pro.json,39c98042e475e57e4ad36bb834245a43e0f1778dc66f3d2d982adf71bbed195e,0.83333
83f5dae7a381340ceabb3d27b563423f56d3ff6afb0fba2d0c5b892f299df890,2026-08-14T21:39:37+00:00,OnePlus Ace 3V,https://www.whatamobile.com.pk/product/oneplus-ace-3v/,Yes,false,[],Weight Unknown,[85000.0],whatamobile.com.pk/whatamobile__oneplus-ace-3v.json,d7a457b581e6566bc83c2d72a7c3854877f278a4ce5576566d1116d7db6413a0,0.83333
d1277fccb83cddea5dc188691a4c3a2487a5b7d25bcd73f55bbe30e72360384a,2026-08-14T20:59:57+00:00,OnePlus Ace,https://www.whatamobile.com.pk/product/oneplus-ace-price-in-pakistan/,Yes,false,[],Weight Unknown,[74999.0],whatamobile.com.pk/whatamobile__oneplus-ace-price-in-pakistan.json,5fd7fde09ad97667a3fb8a6102ae73f5609fef7185400bffe6a2cfd55aab6171,0.79167
d751884188426add44638b4f0c8c2c5b7179297fa9fe3669474fc339bb077d90,2026-08-14T22:05:30+00:00,Oneplus Ace Pro,https://www.whatamobile.com.pk/product/oneplus-ace-pro-price-in-pakistan/,Yes,false,[],Weight Unknown,[109999.0],whatamobile.com.pk/whatamobile__oneplus-ace-pro-price-in-pakistan.json,0c34d8d534519f76dc5f33ce945117e65ea5f5586751be423b797710d510f1c6,0.79167
f02c2bd8f391218bf872603e67d883496f5318ea157ba9ad2b47219b01f52f28,2026-08-14T18:56:21+00:00,OnePlus Nord 2T,https://www.whatamobile.com.pk/product/oneplus-nord-2t-price-in-pakistan/,Yes,false,[],Weight Unknown,[79999.0],whatamobile.com.pk/whatamobile__oneplus-nord-2t-price-in-pakistan.json,f0fdb390d20b2e9d69dac7502b17db2366a6e349cb15a32811f708930ee839d9,0.75000
af20774d890e51c5537f09ece77e11e60b03f03564500ecf6857a52a978607b9,2026-08-14T22:14:36+00:00,OnePlus Nord 3,https://www.whatamobile.com.pk/product/oneplus-nord-3/,Yes,false,[],Weight Unknown,[117000.0],whatamobile.com.pk/whatamobile__oneplus-nord-3.json,a4cd70eb5866b8ded30afe73ea5105d22b71d766d3a6f5b89464f72db1952be1,0.83333
a186475198177a639d8a82ca8aceef4dfa280773c3d48f2c31f18f838d55ca03,2026-08-14T21:56:36+00:00,OnePlus Nord CE4,https://www.whatamobile.com.pk/product/oneplus-nord-ce4/,Yes,false,[],Weight Unknown,[89999.0],whatamobile.com.pk/whatamobile__oneplus-nord-ce4.json,86066f11ebe8d8b42f41b26197ec60a495a14c588e1ec68f24d64f945c678f51,0.83333
ae9a3beb791f60853139bb74309561221adc9505d749ec1b4fbd24379a5032f2,2026-08-14T21:20:18+00:00,OnePlus Nord N10,https://www.whatamobile.com.pk/product/oneplus-nord-n10-price-in-pakistan/,Yes,false,[],Weight Unknown,[40900.0],whatamobile.com.pk/whatamobile__oneplus-nord-n10-price-in-pakistan.json,0a166ef9bc43ae87894155391c4dacdee644bd5ddb4a27914f379c26b5a18d02,0.79167
8821a2114b0d6a3fb6c966da11611f44654bfafa26c13118082997862ed2206c,2026-08-14T20:23:05+00:00,OnePlus Nord N20 SE,https://www.whatamobile.com.pk/product/oneplus-nord-n20-se-price-in-pakistan/,Yes,false,[],Weight Unknown,[32999.0],whatamobile.com.pk/whatamobile__oneplus-nord-n20-se-price-in-pakistan.json,df8918eb32a747151b7e58a32fc19d88c4b1761a1fa095dab6dd603e9e095d0f,0.75000
45ccb60cb18966a90ec2701037b57b8c7bb061df8545840c30e9cd2a3f25098c,2026-08-14T22:13:06+00:00,OnePlus Nord N200,https://www.whatamobile.com.pk/product/oneplus-nord-n200-price-in-pakistan/,Yes,false,[],Weight Unknown,[39999.0],whatamobile.com.pk/whatamobile__oneplus-nord-n200-price-in-pakistan.json,0e86ceb17d75f76684c49f48e4248c7e03c1204e78c4d9d474bc25f4579194ce,0.79167
963f1a618ffe9b640f0e3e3805fafb95b9b5ae6145d18a4fb26b5a31d7182faf,2026-08-14T21:08:50+00:00,Oppo A1 Pro,https://www.whatamobile.com.pk/product/oppo-a1-pro-price-in-pakistan/,Yes,false,[],Weight Unknown,[73999.0],whatamobile.com.pk/whatamobile__oppo-a1-pro-price-in-pakistan.json,5e318e8bbd96b46adba76dbf4906c46a69a427a6ff0cd3135ea6c9b93213c0c1,0.79167
41bd6b0e2a18bfefb757a5ed29090ac0448b74d3b208870d666453bf406d3f99,2026-08-14T22:09:44+00:00,Oppo A11k,https://www.whatamobile.com.pk/product/oppo-a11k/,YES,false,"[""IPS LCD"",""450 nits (typ)""]",Weight Unknown,[17500.0],whatamobile.com.pk/whatamobile__oppo-a11k.json,5975540b4d4ea9f2d78abc6481b7ba6a4ee3c4fb8f2dc333efd6684c10681f10,0.87500
38abe6fa6e66e0075a692c2eea551464079b350eb8565ecc5aa03a2c53f23ba8,2026-08-14T18:52:14+00:00,OPPO A11s,https://www.whatamobile.com.pk/product/oppo-a11s-price-in-pakistan/,Yes,false,[],Weight Unknown,[28999.0],whatamobile.com.pk/whatamobile__oppo-a11s-price-in-pakistan.json,6d9fb48935d5eef71aa83e391756203061a816e90943bcf79188f0c1e2668332,0.79167
030048ef893389b88cd32b62cb68fe434fe9532b68bf0616ed7945e42d8d768a,2026-08-14T20:12:14+00:00,Oppo A12,https://www.whatamobile.com.pk/product/oppo-a12/,Yes,false,[],Weight Unknown,[24999.0],whatamobile.com.pk/whatamobile__oppo-a12.json,7c14aecbdebf5fb1612a5224e842a3594fa57a3b2250211966c3d9c003932ae9,0.83333
dd6a4c40af09b2c8636035f152c9bec898bb295fd399d651aeeed2fe60e01abc,2026-08-14T21:54:08+00:00,Oppo A13,https://www.whatamobile.com.pk/product/oppo-a13-price-in-pakistan/,Yes,false,[],Weight Unknown,[55000.0],whatamobile.com.pk/whatamobile__oppo-a13-price-in-pakistan.json,fff9b4fa8db4bb341173644222619547a61f717194b315efb981e6e337bb16a5,0.79167
8d2c5547b94fa405bfaad6821a634c80393dd16eda66bb9bc2ae759c693bd6a6,2026-08-14T22:48:40+00:00,Oppo A15,https://www.whatamobile.com.pk/product/oppo-a15/,YES,false,"[""Mystery Blue"",""Dynamic Black""]",Weight Unknown,[19999.0],whatamobile.com.pk/whatamobile__oppo-a15.json,1cc755ab02ab31e6ec01ef7bd56f849eeab365d734f1d834a11876fb0e2f61cb,0.87500
1b27bb139693b49ac0ca893963a71ad80f6a398d1b2c7d2f0367524a9114f9ca,2026-08-14T20:13:17+00:00,Oppo A15s,https://www.whatamobile.com.pk/product/oppo-a15s/,YES,false,"[""Dynamic Black"",""Fancy White""]",Weight Unknown,[25999.0],whatamobile.com.pk/whatamobile__oppo-a15s.json,2c65436b38204d3eebb37afc6b8bc07ae3322567aaa7f9aaffa285be4a50b684,0.87500
f46c2c3703cab56900eeebd580c95aa06964ef01ab1e9bcc7a668b4a879bf9a1,2026-08-14T23:01:59+00:00,Oppo A16 32GB,https://www.whatamobile.com.pk/product/oppo-a16-32gb/,YES,false,"[""Space Silver"",""Crystal Black""]",Weight Unknown,[49999.0],whatamobile.com.pk/whatamobile__oppo-a16-32gb.json,12632e8b113b7d1658dd596a6127b9f1cf172786efffd7874d347b643a36c0f7,0.87500
9b193c3c7643b9746a55f8b45381e4d152ec29144fab34b592339c2f09033fb5,2026-08-14T22:52:09+00:00,Oppo A16 64GB,https://www.whatamobile.com.pk/product/oppo-a16-64gb/,YES,false,"[""Space Silver"",""Crystal Black""]",Weight Unknown,[27999.0],whatamobile.com.pk/whatamobile__oppo-a16-64gb.json,5895de1f6ecdfc5bf143165ed98d13f889cb3222874d14afa90654280ff815ce,0.87500
bf92ef484fabe7e2184a0916267ab4449f10e623ce34e40105a08cda5228b4df,2026-08-14T22:51:50+00:00,Oppo A16e,https://www.whatamobile.com.pk/product/oppo-a16e-price-in-pakistan/,Yes,false,[],Weight Unknown,[29999.0],whatamobile.com.pk/whatamobile__oppo-a16e-price-in-pakistan.json,bac6880cb2ea591ed89266582a389d43261ca73ea138ed0cdeaf16b7deefb430,0.79167
db02234c62da17f83c813700cd61811ec26824ef0fa20ceddcd24c9c639cc49d,2026-08-14T21:05:46+00:00,Oppo A16e,https://www.whatamobile.com.pk/product/oppo-a16e/,Yes,false,"[""Black | Blue | White""]",Weight Unknown,[39999.0],whatamobile.com.pk/whatamobile__oppo-a16e.json,7ac29961fbac587132a7afb50e7a22ff80ff34fbb27085dc2601550be1332e91,0.87500
9365dd55d00758e850d981c73daa263b4b2a7084c351eb5f0effbd0ec7339f12,2026-08-14T21:34:59+00:00,Oppo A16K,https://www.whatamobile.com.pk/product/oppo-a16k/,YES,false,"[""Black | Blue""]",Weight Unknown,[39999.0],whatamobile.com.pk/whatamobile__oppo-a16k.json,21e639aef42af860de6993670865cd923a3f8b5f3021c52da01678129bbb25af,0.87500
b08812421f041dde73e278377be6cdac056eefeb662cb05b943664eba1c8b55f,2026-08-14T18:52:58+00:00,Oppo A16s,https://www.whatamobile.com.pk/product/oppo-a16s-price-in-pakistan/,Yes,false,[],Weight Unknown,[34999.0],whatamobile.com.pk/whatamobile__oppo-a16s-price-in-pakistan.json,3be19609248d2ee3c71f6e11e642d553491c14e8dd3290243da22573373677fe,0.79167
5b84e79a6e005293f8296038884974db784ef7ccf0e4782703c3c37bc08fef02,2026-08-14T20:15:36+00:00,OPPO A17,https://www.whatamobile.com.pk/product/oppo-a17/,Yes,false,"[""Midnight Black | Lake Blue""]",Weight Unknown,[36999.0],whatamobile.com.pk/whatamobile__oppo-a17.json,23b81c8c0c9137dbda73663a809c127df12e28897c386f2073d6b83279d8447d,0.87500
c46aa57bc650fc3847fe3cd0601fe59ba093e15790c6003ef75fc4396024a1ce,2026-08-14T18:52:36+00:00,Oppo A17k,https://www.whatamobile.com.pk/product/oppo-a17k-price-in-pakistan/,Yes,false,[],Weight Unknown,[29999.0],whatamobile.com.pk/whatamobile__oppo-a17k-price-in-pakistan.json,49561cfbc82879f57f58bbb24183f04821fb4dedc684eea4718d6f2385ea0ce3,0.79167
62f53fbf3666569ce71a1dae9ce44f4517285268bb2d5b8d3b6bfdbba3e7b4f0,2026-08-14T22:56:14+00:00,Oppo A18,https://www.whatamobile.com.pk/product/oppo-a18/,Yes,false,[],Weight Unknown,[25999.0],whatamobile.com.pk/whatamobile__oppo-a18.json,d4a4ddf09ba1761f94ee5a4739de91a2c0f62b40a3318fb9a55e2549df762f93,0.83333
11b3dab8fc32470da35d5c46ab5beded2e264bada7217a9cc6f36d5a33393f6d,2026-08-14T22:50:01+00:00,Oppo A1K,https://www.whatamobile.com.pk/product/oppo-a1k-price-in-pakistan/,Yes,false,[],Weight Unknown,[18999.0],whatamobile.com.pk/whatamobile__oppo-a1k-price-in-pakistan.json,bed1bfa992e4f6a3bf7baef428087bc02daef1d01e402ad404bb6f62a6065463,0.79167
cd52a40b1f5931113ae6067ccf9329bfc574c66687652366ff77b1d78799bd24,2026-08-14T22:04:10+00:00,Oppo A1x,https://www.whatamobile.com.pk/product/oppo-a1x/,Yes,false,[],Weight Unknown,[55981.0],whatamobile.com.pk/whatamobile__oppo-a1x.json,504816820e8f743f7ea4b68be153a78f3c676cca81da4511c868be92c62932b2,0.83333
1b02feab2092e76b9f1213fbc16d57477e22253b631b02b27ee839a5b37cda04,2026-08-14T21:41:17+00:00,Oppo A2,https://www.whatamobile.com.pk/product/oppo-a2/,Yes,false,[],Weight Unknown,[119999.0],whatamobile.com.pk/whatamobile__oppo-a2.json,1f0b7d0a65bafd8adf1f3fdb16895b4655995eed84df1b9717c5aaeec320055e,0.83333
24c7ef039d760e927b57164288ccb1581440521a56f691765a58827463e9705d,2026-08-14T21:11:38+00:00,Oppo A2x,https://www.whatamobile.com.pk/product/oppo-a2x/,N/A,false,[],Weight Unknown,[44000.0],whatamobile.com.pk/whatamobile__oppo-a2x.json,7bb55a711cae9417fefe2d8227c2b3f4a70ac128ce3700c3df5715808f76f2b3,0.83333
5ef92f5756be99a65034aebe2dc2f064f919c2654577f9adac794451f14912fa,2026-08-14T21:09:17+00:00,Oppo A31 2020,https://www.whatamobile.com.pk/product/oppo-a31-2020-price-in-pakistan/,Yes,false,[],Weight Unknown,[41000.0],whatamobile.com.pk/whatamobile__oppo-a31-2020-price-in-pakistan.json,6ef0fbae70f33f07a8a7a9cd2f2d4569bcc9ec811edbb8df57b221019e55a113,0.79167
8d7e8e4e145220150cbe7d811800e8b9e270888d8339a514159e88b6cb9456db,2026-08-14T22:35:58+00:00,Oppo A37,https://www.whatamobile.com.pk/product/oppo-a37-price-in-pakistan/,Yes,false,[],Weight Unknown,[17999.0],whatamobile.com.pk/whatamobile__oppo-a37-price-in-pakistan.json,97f676639f51cba5c07a55b4dd85016cf08a64aeb98665d204107800afa433db,0.79167
ac8e1c5ea4264794ea86a7eae0369c3615687de7afb94b3453a6164027ec1e97,2026-08-14T22:57:46+00:00,Oppo A38,https://www.whatamobile.com.pk/product/oppo-a38/,Yes,false,[],Weight Unknown,[32599.0],whatamobile.com.pk/whatamobile__oppo-a38.json,3e6bf16d56fd42f8aec1c21886937e31de83a989b48d071e7595a1a4943f7f42,0.83333
1a6a0fd9ef96d164091245a64df09402516703681caf8660b1721f7f16e89080,2026-08-14T20:51:37+00:00,Oppo A39,https://www.whatamobile.com.pk/product/oppo-a39-price-in-pakistan/,Yes,false,[],Weight Unknown,[18000.0],whatamobile.com.pk/whatamobile__oppo-a39-price-in-pakistan.json,05f7d8c61d17c8790117ccc90b5e48e8c4dfc7cae4eed8f0d569537ef805413b,0.79167
a8622898cb479009c43fe012a48b8b2701e09d7c49f94f14d1e995052a8750c1,2026-08-14T22:37:44+00:00,Oppo A3s,https://www.whatamobile.com.pk/product/oppo-a3s-price-in-pakistan/,Yes,false,[],Weight Unknown,[18999.0],whatamobile.com.pk/whatamobile__oppo-a3s-price-in-pakistan.json,d93a76afe61197b48cc6121758e18f6f6e72edc84db9edfef374e9ce919e76a2,0.79167
6b90cf5c2801b8fbcdcd24a3c30b1b9e28771d56defefa786ea1e1e67b3f4ac0,2026-08-14T12:52:03+00:00,Oppo A41 2020,https://www.whatamobile.com.pk/product/oppo-a41-2020-price-in-pakistan/,Yes,false,[],Weight Unknown,[67000.0],whatamobile.com.pk/whatamobile__oppo-a41-2020-price-in-pakistan.json,4df01984452c7c80d0b0884f3c19838bb585dfa9ed7358f91358c01a1358dce7,0.79167
139f1d3bd471b5c26c451a7431b79384412c40b90dada07da476e4bc0eabd406,2026-08-14T22:23:25+00:00,Oppo A52,https://www.whatamobile.com.pk/product/oppo-a52/,Yes,false,"[""Stream White"",""Twilight Black""]",Weight Unknown,[34500.0],whatamobile.com.pk/whatamobile__oppo-a52.json,adc7bf31d901e97294691c38f7070ee8e26d2716c5c3b90f2a9bb48762f13b9d,0.87500
0336f701f6e687ef8f9002c68566d68b6b8ba929a81d50d38b3d00e5d9a3a0f8,2026-08-14T22:57:56+00:00,Oppo A53,https://www.whatamobile.com.pk/product/oppo-a53/,YES,false,"[""16M Colors""]",Weight Unknown,[27999.0],whatamobile.com.pk/whatamobile__oppo-a53.json,34d9e904091676d59d4142fb439b281a28e2fba926beb83139b64e94cce52763,0.87500
b5e676a16fda6f07f4463c3dcb7804902a2211ad6e940d339066c9944f2908a1,2026-08-14T19:43:40+00:00,Oppo A54,https://www.whatamobile.com.pk/product/oppo-a54/,YES,false,"[""Crystal Black"",""Starry Blue""]",Weight Unknown,[59999.0],whatamobile.com.pk/whatamobile__oppo-a54.json,d68a6bcb5442db23eea42a11953578f7da4bc9ef2ef912ed4535d4fb876924b6,0.87500
1aa2175430d236207c3684044ddb9240a57fa73badb64374b0602203ab06dbbb,2026-08-14T20:42:35+00:00,Oppo A54s,https://www.whatamobile.com.pk/product/oppo-a54s-price-in-pakistan/,Yes,false,[],Weight Unknown,[35999.0],whatamobile.com.pk/whatamobile__oppo-a54s-price-in-pakistan.json,72edf63e32c47b632b8b877acdf32550c05f5d44363c3c694c2f21129414f2b9,0.79167
c5184b4d49e30b30a89c94a414524ec30980d344efb39098e231a8caf8bef001,2026-08-14T20:34:12+00:00,Oppo A55,https://www.whatamobile.com.pk/product/oppo-a55-price-in-pakistan/,Yes,false,[],Weight Unknown,[32999.0],whatamobile.com.pk/whatamobile__oppo-a55-price-in-pakistan.json,0d72b211a01da367e4f7fae55696b3e698346c78174f96ea84402532b26a07c5,0.79167
2fee7bce0514dff7e0a5dd2c7c941c08a300240e2d0975353267c137c951bce5,2026-08-14T20:24:04+00:00,Oppo A56 5G,https://www.whatamobile.com.pk/product/oppo-a56-5g-price-in-pakistan/,,false,[],Weight Unknown,[49999.0],whatamobile.com.pk/whatamobile__oppo-a56-5g-price-in-pakistan.json,c8661bafd2de5a3df604629298cbe869c3be5275f7e2eaee5e37a6855fac75c3,0.16667
1900a8d702ce9dbf01f23a8330318ec351ae962b7b6edeeb795d38a852e823c3,2026-08-14T22:35:38+00:00,Oppo A57 4GB,https://www.whatamobile.com.pk/product/oppo-a57-4gb-price-in-pakistan/,Yes,false,"[""Glowing Green"",""Glowing Black""]",Weight Unknown,[54999.0],whatamobile.com.pk/whatamobile__oppo-a57-4gb-price-in-pakistan.json,abf7229f9e1f686f562d22358ed19405baa2f95500bb0856c5297380a5d7924d,0.87500
3bb5bff53122818e5487b257ef1ec59792d33f74c3fb13ffb09225c3f2261970,2026-08-14T22:57:38+00:00,Oppo A57 5G,https://www.whatamobile.com.pk/product/oppo-a57-5g-price-in-pakistan/,Yes,false,[],Weight Unknown,[45999.0],whatamobile.com.pk/whatamobile__oppo-a57-5g-price-in-pakistan.json,767f7f8e45c4246f1461c978c4a8380b499c1ec23cc94b4b850470932791e51a,0.79167
f5c1ceb7de8bfb4ecf1ac9c7c13b00d1122e735d03b64aff372a514b10456e4e,2026-08-14T18:52:26+00:00,Oppo A57e,https://www.whatamobile.com.pk/product/oppo-a57e-price-in-pakistan/,Yes,false,[],Weight Unknown,[29999.0],whatamobile.com.pk/whatamobile__oppo-a57e-price-in-pakistan.json,45b376293ec9a9094025b5760394e5960a8b46cc484d14b68fc756a44bd31098,0.79167
e3c1e3ad01ba9dbb41ad60cd120ae616b22e5f9517383dcfad4a37ff7f4a1d8d,2026-08-14T21:52:05+00:00,Oppo A57s,https://www.whatamobile.com.pk/product/oppo-a57s/,Yes,false,[],Weight Unknown,[44999.0],whatamobile.com.pk/whatamobile__oppo-a57s.json,5a9f2baff7e2b13f96ade3ccfc7a816a47898ef9e93f5b7ade507124c17820f8,0.83333
4b03f9044f814ecb4e44caa35c68fccaa69b27c100c9acfa222cd7bed04a73c4,2026-08-14T20:52:20+00:00,OPPO A58,https://www.whatamobile.com.pk/product/oppo-a58/,Yes,false,"[""Glowing Black | Dazzling Green""]",Weight Unknown,[52999.0],whatamobile.com.pk/whatamobile__oppo-a58.json,6072652c172b914fe77ac84fb1aa30a5ec914cc3c5131d4d0d7d6c76fa988185,0.87500
85e3b3fb8baa871bebaae48429315fec7c35c4e57a4c01d448d2d434f7c54cd7,2026-08-14T22:22:46+00:00,Oppo A58x,https://www.whatamobile.com.pk/product/oppo-a58x-price-in-pakistan/,Yes,false,[],Weight Unknown,[39999.0],whatamobile.com.pk/whatamobile__oppo-a58x-price-in-pakistan.json,90d64cb265573bbd356e9f8dedce379dc55db99a5eebd551ecb6226a3f39edc6,0.79167
6b1faf36304a1e40c1fcbbfa9174a5dea50cedb4cf2564b97da408c9ae6dbc5b,2026-08-14T21:48:55+00:00,Oppo A59,https://www.whatamobile.com.pk/product/oppo-a59/,Yes,false,[],Weight Unknown,[30100.0],whatamobile.com.pk/whatamobile__oppo-a59.json,c0546bf769dcb9bc5872fd0f535e234ae0cce0d35f06f6622c1957c911dc5458,0.83333
2022a20252f65c6dd03a2252f5d5090d6dc8389f400e621eb198562e314aad44,2026-08-14T19:57:40+00:00,"Oppo A5i (4GB, 128GB, Nebula Red)",https://www.whatamobile.com.pk/product/oppo-a5i-4gb-128gb-nebula-red/,YEs,false,"[""Nebula Red"",""Starry Purple""]",Weight Unknown,[34490.0],whatamobile.com.pk/whatamobile__oppo-a5i-4gb-128gb-nebula-red.json,4376c7fc957039b47dbea611dd4438fa6e5e6275253a7d38c152848e0639b139,0.83333
26ac083867cfa004daac04b369ced19054a69053c6aa7918ba95bee31ab750fc,2026-08-14T19:58:00+00:00,"Oppo A5i (4GB, 128GB, Starry Purple)",https://www.whatamobile.com.pk/product/oppo-a5i-4gb-128gb-starry-purple/,Yes,false,"[""Nebula Red"",""Starry Purple""]",Weight Unknown,[34490.0],whatamobile.com.pk/whatamobile__oppo-a5i-4gb-128gb-starry-purple.json,38fcc97261a1b65791ae198ab50b3b071b81762b7481dd39ac5c14f2a6aa3c2a,0.87500
33fdad1c2845c9fb1c297b29548cafb51a485791fda0b51829528f75eac16d0e,2026-08-14T19:57:30+00:00,"Oppo A5i (4GB, 64GB, Nebula Red)",https://www.whatamobile.com.pk/product/oppo-a5i-4gb-64gb-nebula-red/,YEs,false,"[""Nebula Red"",""Starry Purple""]",Weight Unknown,[28890.0],whatamobile.com.pk/whatamobile__oppo-a5i-4gb-64gb-nebula-red.json,416e6ddf80d0400b415dcd3bc5edb093edb66d462ee86575b2f964287b202da5,0.83333
d9af4888597a4dd21994387a4a3c5bd2909b959200ae07493ada3e8db14562f4,2026-08-14T19:57:49+00:00,"Oppo A5i (4GB, 64GB, Starry Purple)",https://www.whatamobile.com.pk/product/oppo-a5i-4gb-64gb-starry-purple/,Yes,false,"[""Nebula Red"",""Starry Purple""]",Weight Unknown,[28890.0],whatamobile.com.pk/whatamobile__oppo-a5i-4gb-64gb-starry-purple.json,c1c7c067b9fa748de5f60396e9b7ff519a27d280adb28cd4ddc246eea59ee5b1,0.87500
7f988f9cad2a1f6b73bfc625de14302a8c8a7833fc9500f62ae31d3aef04b7ba,2026-08-14T22:59:08+00:00,Oppo A5s,https://www.whatamobile.com.pk/product/oppo-a5s-price-in-pakistan/,Yes,false,[],Weight Unknown,[22999.0],whatamobile.com.pk/whatamobile__oppo-a5s-price-in-pakistan.json,45526751478aab6452a730ded049d7f5b25e4f2cd5648d5d7e8af37a7a742ade,0.79167
1ade41cbab0aeafb39a65e684ea53ab990305d260998287e2be8e1b1ff6bb488,2026-08-14T19:58:09+00:00,"Oppo A5x (4GB, 64GB, Laser White)",https://www.whatamobile.com.pk/product/oppo-a5x-4gb-64gb-laser-white/,Yes,false,[],Weight Unknown,[30990.0],whatamobile.com.pk/whatamobile__oppo-a5x-4gb-64gb-laser-white.json,f0eba74e5d30d075a97272257cfbd466092773ceab43e91af5ea790c429e91d8,0.83333
391f1dfa20571b31879fe1a0b211e828f8f9fa27fea1fb4b92fcd5f26cdb6d9b,2026-08-14T19:58:18+00:00,"Oppo A5x (4GB, 64GB, Midnight Blue)",https://www.whatamobile.com.pk/product/oppo-a5x-4gb-64gb-midnight-blue/,Yes,false,[],Weight Unknown,[30990.0],whatamobile.com.pk/whatamobile__oppo-a5x-4gb-64gb-midnight-blue.json,c5b82935a2ae036f75d49dae535d31c048b0384cb42ac347fb2cca91437c17bf,0.83333
62e46d30a19d961ed535c257d56254bc2e78f718036b395dcde022116e936dc9,2026-08-14T17:10:35+00:00,Oppo A6c,https://www.whatamobile.com.pk/product/oppo-a6c-price-in-pakistan/,Yes,false,[],Weight Unknown,[34990.0],whatamobile.com.pk/whatamobile__oppo-a6c-price-in-pakistan.json,f89fd4739650603ce3ed1b894db7484099dc41115de511f09371bfd1b4d9a6f8,0.83333
dd528384d034e27c36cef7136575b805768df68f262f9868298c990a253e472a,2026-08-14T17:10:25+00:00,Oppo A6s Pro,https://www.whatamobile.com.pk/product/oppo-a6s-pro-price-in-pakistan/,Yes,false,[],Weight Unknown,[93490.0],whatamobile.com.pk/whatamobile__oppo-a6s-pro-price-in-pakistan.json,9cea976562755a78c6f686fc8974bf5b692af1414debff55e45d1dd939f27133,0.79167
ba7abf232c57b31fa9266edf0243ba6d4621ab633cdb46a89db938f6bff374e6,2026-08-14T20:18:45+00:00,Oppo A7,https://www.whatamobile.com.pk/product/oppo-a7/,Yes,false,"[""Glaring Gold"",""Glaze Blue""]",Weight Unknown,[36500.0],whatamobile.com.pk/whatamobile__oppo-a7.json,372baa866ec6d2a68e9ae54508f8e04386c371529c4f9111603df994ee23ecf6,0.83333
333f9934cbe56d82f160f0467632692757f9cb966cbd91b5b98f427e15927146,2026-08-14T18:53:55+00:00,Oppo A72,https://www.whatamobile.com.pk/product/oppo-a72-price-in-pakistan/,Yes,false,[],Weight Unknown,[53000.0],whatamobile.com.pk/whatamobile__oppo-a72-price-in-pakistan.json,56d2bb8e27c9c157310de49320f9e231ff3a0fd8f7d52137e852d04b26e9d65f,0.79167
1c53e55c31a44bb1d57f9e12a5c5fd8d1856c6467b15babd5677570f6d3834d7,2026-08-14T20:37:52+00:00,Oppo A73 5G,https://www.whatamobile.com.pk/product/oppo-a73-5g-price-in-pakistan/,Yes,false,[],Weight Unknown,[77999.0],whatamobile.com.pk/whatamobile__oppo-a73-5g-price-in-pakistan.json,a0fc282b06054257b02c67f1e38aac0ec878475d414856a74a2a77546e81707b,0.79167
d02f72b0fe7607bec69506429dc616b9b3134f426bee6025bbc4bcb572d1ba3d,2026-08-14T20:52:50+00:00,Oppo A76,https://www.whatamobile.com.pk/product/oppo-a76/,Yes,false,"[""Glowing Black | Glowing Blue""]",Weight Unknown,[47999.0],whatamobile.com.pk/whatamobile__oppo-a76.json,71ca96bed54adbf3c926df0ff9a1b26792736839839d04b306ae36730b004b14,0.87500
e7eb84a928021fc8aea401ea5073c0168471d53372dcd829c04d399bdb1412e3,2026-08-14T21:32:18+00:00,Oppo A77 5G,https://www.whatamobile.com.pk/product/oppo-a77-5g-price-in-pakistan/,Yes,false,[],Weight Unknown,[57999.0],whatamobile.com.pk/whatamobile__oppo-a77-5g-price-in-pakistan.json,f80bd82b69cc15cae5bf88e3afc57777d2cc7bef1ee69d7efe71879928c82248,0.79167
25bc1ae5f4762974aa47eaa14b838283f7cee96d048fdf51feee6e68083c9b27,2026-08-14T17:56:45+00:00,Oppo A77,https://www.whatamobile.com.pk/product/oppo-a77/,Yes,false,"[""Sunset Orange | Sky Blue""]",Weight Unknown,[69999.0],whatamobile.com.pk/whatamobile__oppo-a77.json,012f4f7ef6487097de806b33c0e272d4f7b513f4e26f8632f6b1d7f6abe3a3c4,0.87500
81c6dbceb37bb269051b0789880005a579288f7a43e5301af3885d21338cc719,2026-08-14T17:56:35+00:00,OPPO A77s,https://www.whatamobile.com.pk/product/oppo-a77s/,Yes,false,"[""Sunset Orange | Starry Black""]",Weight Unknown,[74999.0],whatamobile.com.pk/whatamobile__oppo-a77s.json,ef7bba3ae99752c46c17dec694abae2944f97b33f1c0bb741adb0c8dd36a2730,0.87500
3ced7e9267807029b5a74b8b8ae7249f27cd8545d33034b320bf023e72f2d56b,2026-08-14T21:23:57+00:00,OPPO A78,https://www.whatamobile.com.pk/product/oppo-a78/,Yes,false,"[""Mist Black | Aqua Green""]",Weight Unknown,[71999.0],whatamobile.com.pk/whatamobile__oppo-a78.json,c88f16cdc8b0c14511030fc02a568d75084d329452fef31e192d662c6f456a89,0.87500
961b5a3ebccacb0e420e7856fdcbc420ffa0d8f8b77bf50f2f7c01f86b5c8800,2026-08-14T21:55:27+00:00,Oppo A79 5G,https://www.whatamobile.com.pk/product/oppo-a79/,Yes,false,[],Weight Unknown,[68999.0],whatamobile.com.pk/whatamobile__oppo-a79.json,1a74049f7018ef2cd8ad08f89671cb19ec4162b9fab07a1ee49a7ecb0243d720,0.79167
47bf4f8102fed449b4e1a6aeb0a43f431726cc63daed8bd978b6fa91b37f2447,2026-08-14T22:25:02+00:00,Oppo A7n,https://www.whatamobile.com.pk/product/oppo-a7n-price-in-pakistan/,Yes,false,[],Weight Unknown,[34999.0],whatamobile.com.pk/whatamobile__oppo-a7n-price-in-pakistan.json,492d88e73e6afdaa35afa41929e68f72cdf23e11c0a9c7a00fceb5f7cc14d6d8,0.79167
fd324fbc6459bddd79ea85711b27f2c850161b14d0f5f12eaffbba6478b1400a,2026-08-14T20:58:14+00:00,Oppo A83,https://www.whatamobile.com.pk/product/oppo-a83-price-in-pakistan/,Yes,false,[],Weight Unknown,[22000.0],whatamobile.com.pk/whatamobile__oppo-a83-price-in-pakistan.json,d12d50a497f35ee4979c023e4b7904cc470a78fab1d9ff71ffe2fee08a17cac7,0.79167
af6514f71a22d7eb855cdce53232a3b484d1d093006b8721d81864dbf168a009,2026-08-14T12:52:24+00:00,Oppo A92s 5G,https://www.whatamobile.com.pk/product/oppo-a92s-5g-price-in-pakistan/,Yes,false,[],Weight Unknown,[69000.0],whatamobile.com.pk/whatamobile__oppo-a92s-5g-price-in-pakistan.json,d13bd3d4ffe7ac20551b12474cf42fae6612fcb6109ed123d65c13c20aef238d,0.79167
fc66f887195f989c9014653c60b6eceb043cb14de0b93604513c335ec3f732de,2026-08-14T18:53:19+00:00,Oppo A93s 5G,https://www.whatamobile.com.pk/product/oppo-a93s-5g-price-in-pakistan/,Yes,false,[],Weight Unknown,[49999.0],whatamobile.com.pk/whatamobile__oppo-a93s-5g-price-in-pakistan.json,43bde4c9fa0b770b6a91de91f868ad7127ce528498ca4f2611503b76f43f7a40,0.79167
2f40c65c1734199d1633c464252f8afe957bf420237b23f82c5a3c7d1aad5269,2026-08-14T21:30:59+00:00,Oppo A95,https://www.whatamobile.com.pk/product/oppo-a95/,YES,false,"[""Glowing Rainbow Silver"",""Glowing Starry Black""]",Weight Unknown,[41999.0],whatamobile.com.pk/whatamobile__oppo-a95.json,acff50a7ca62e6eac6226e261e0245323ec109066a36374c76abb96bcc2083d0,0.87500
5f1ef218c8090161e95eadc8174077859c2cc9a945d657fca3d8b3ab8c4f8260,2026-08-14T22:33:43+00:00,Oppo A96,https://www.whatamobile.com.pk/product/oppo-a96-price-in-pakistan/,Yes,false,"[""Stary Black | Sunset Blue""]",Weight Unknown,[77999.0],whatamobile.com.pk/whatamobile__oppo-a96-price-in-pakistan.json,e6022a041d95fcd03bc4f2a5d54af8e430a7b776f82ae60dac3b763fad1301d6,0.87500
e7bd0a76f519d7e4d857156a6f705c61fb94c9d31f49471912d49c5bbbf2aada,2026-08-14T21:18:15+00:00,Oppo A97 5G,https://www.whatamobile.com.pk/product/oppo-a97-5g-price-in-pakistan/,Yes,false,[],Weight Unknown,[51999.0],whatamobile.com.pk/whatamobile__oppo-a97-5g-price-in-pakistan.json,6878f3f3a2c3da0c5a86e2df81a939e340d558ab20417c0610612565aee81c14,0.79167
c4e1027fe8c22d748430945149c21317ddd6912c918a52e028c63c4de00617d5,2026-08-14T18:52:48+00:00,Oppo A9s,https://www.whatamobile.com.pk/product/oppo-a9s-price-in-pakistan/,Yes,false,[],Weight Unknown,[29999.0],whatamobile.com.pk/whatamobile__oppo-a9s-price-in-pakistan.json,0f8ca277294e8ac677ed4b251914835fcec9dfe1da2824fc38bef67d7eb7c9d6,0.79167
b831a363c48ad11c0a2e8fed6463f9cbf9888d1b1563a085d5234c4e0f3e68b7,2026-08-14T18:55:21+00:00,Oppo Ace 3,https://www.whatamobile.com.pk/product/oppo-ace-3-price-in-pakistan/,Yes,false,[],Weight Unknown,[90000.0],whatamobile.com.pk/whatamobile__oppo-ace-3-price-in-pakistan.json,6a6ebbdf63cf8e7204363a0e4308936694f1167739e463c4c09f36a45e5240f2,0.79167
0aec12bf8c757103cc9d9aa9d252841e7466bd1cbf5571fcbea4a5212b717109,2026-08-14T22:29:58+00:00,Oppo F11,https://www.whatamobile.com.pk/product/oppo-f11-price-in-pakistan/,Yes,false,[],Weight Unknown,[39999.0],whatamobile.com.pk/whatamobile__oppo-f11-price-in-pakistan.json,44fa59e9743d27f70eb8cdc434c156fff1b920a43073c9162826f548130869e2,0.79167
37bcdb06b4d2cdca6541e8f62d44f0cce382c86579c53227795e9251e696ec46,2026-08-14T22:48:03+00:00,Oppo F11 Pro,https://www.whatamobile.com.pk/product/oppo-f11-pro-price-in-pakistan/,Yes,false,[],Weight Unknown,[54999.0],whatamobile.com.pk/whatamobile__oppo-f11-pro-price-in-pakistan.json,02cdb39c5b93459d93e439835670ed96a028b425d5ba94eb1f87f7dac0db774c,0.79167
39bd7085c79a18ae1d257f60ddfdfe47bcd0e8c7127cce6b66d2959dd2ed28b1,2026-08-14T22:56:35+00:00,Oppo F15,https://www.whatamobile.com.pk/product/oppo-f15/,Yes,false,"[""Lightening Black | Unicorn White""]",Weight Unknown,[39999.0],whatamobile.com.pk/whatamobile__oppo-f15.json,e6337bbc3bc1d41a997a26b828df1905b3b7f1b7206e9a8d89850cbb5ed64199,0.87500
88df596e6398c1d1b94fd77f715e4cef6d9134817d65845869ab60c3b2be2756,2026-08-14T20:40:56+00:00,Oppo F17 Pro,https://www.whatamobile.com.pk/product/oppo-f17-pro/,Yes,false,"[""Magic Blue | Matte Black | Metallic White""]",Weight Unknown,[44999.0],whatamobile.com.pk/whatamobile__oppo-f17-pro.json,604a75b580a95ac2c54de7d79a5fa0924f430630d4e3ffad43e682d3d80d0859,0.87500
5a1ffa28433f17e5bcc2f32fa1974b48a9738e9acc950b0389b3cde4f4f40b22,2026-08-14T22:52:30+00:00,Oppo F17,https://www.whatamobile.com.pk/product/oppo-f17/,Yes,false,"[""Dynamic Orange | Navy Blue | Classic Silver""]",Weight Unknown,[37999.0],whatamobile.com.pk/whatamobile__oppo-f17.json,d96e6fe399fb45e5c6c2344a190e82d34d636a5f39beee472fadf77e00bd376e,0.87500
f45a9987e3639480e5e069151422981e02742efdb0f61774b10cffb105e694bd,2026-08-14T20:35:03+00:00,Oppo F19 Pro,https://www.whatamobile.com.pk/product/oppo-f19-pro/,Yes,false,"[""Fluid Black Fantastic Purple""]",Weight Unknown,[46999.0],whatamobile.com.pk/whatamobile__oppo-f19-pro.json,67e3b3cd731b09549be4f99911fa798722e9b6139064250eb26be0763b80f154,0.87500
ddd0f4f0b443b724d512768d60b15b6b784aeeda1a22aca4607ff74961b9e140,2026-08-14T21:17:08+00:00,Oppo F19,https://www.whatamobile.com.pk/product/oppo-f19/,Yes,false,"[""Prism Black | Midnight Blue""]",Weight Unknown,[36999.0],whatamobile.com.pk/whatamobile__oppo-f19.json,131666efee03003185cff6908344b6efec0ac0557acc1b8c3bd0c36c6ff6a896,0.87500
009a0c7ede269a92437e79d019ccad66f8b6340f70725edc947501a3101297d2,2026-08-14T21:23:16+00:00,Oppo F19s,https://www.whatamobile.com.pk/product/oppo-f19s-price-in-pakistan/,Yes,false,[],Weight Unknown,[39999.0],whatamobile.com.pk/whatamobile__oppo-f19s-price-in-pakistan.json,d18f81ebfcc74d3a47c2764877fd0adacd54f246fc899cf55b102bf0fff3d7d9,0.79167
f75c3d0c64c6f4313f521f747708e82948bb12f534da2024c6146fc8d61b9234,2026-08-14T22:23:05+00:00,Oppo F1s,https://www.whatamobile.com.pk/product/oppo-f1s-price-in-pakistan/,Yes,false,[],Weight Unknown,[19900.0],whatamobile.com.pk/whatamobile__oppo-f1s-price-in-pakistan.json,2ef3dc9c23b1d62cee9be39d180218d9f859ef6cfc05a6f3eeefcf1a30e422aa,0.79167
f69030ed1901dcbba1199fa886213e2750aa0610297e58d047f5ceb38edacf17,2026-08-14T22:52:19+00:00,OPPO F21 Pro 5G,https://www.whatamobile.com.pk/product/oppo-f21-pro-5g/,Yes,false,"[""Rainbow Spectrum | Cosmic Black""]",Weight Unknown,[104999.0],whatamobile.com.pk/whatamobile__oppo-f21-pro-5g.json,313965772587c1fd17269182b7baa4b1dc43e1211343e1105d73c567b1f7324c,0.87500
d29b0e4746a6813a287f3d938ec102a7d6279d834ad286e441adfa0259874a28,2026-08-14T22:21:46+00:00,Oppo F25 Pro,https://www.whatamobile.com.pk/product/oppo-f25-pro/,Yes,false,[],Weight Unknown,[129999.0],whatamobile.com.pk/whatamobile__oppo-f25-pro.json,a7740632c644dad40b2b0cb394247a4bd6f9ddd8b8e01270d80287d06a0c6de8,0.83333
2798f92216b85b9bd7711f3bf8e9faf0fcfb6af28edc6537c93dd705e4714220,2026-08-14T21:50:30+00:00,Oppo F27 Pro Plus,https://www.whatamobile.com.pk/product/oppo-f27-pro-plus/,Yes,false,[],Weight Unknown,[94999.0],whatamobile.com.pk/whatamobile__oppo-f27-pro-plus.json,d455251230db52c9892ae072428d2258efead92ebffdca62782c1e38376b2ec9,0.83333
353916539397e65064a4f3665cfbea4e52569fe87179010dffa94a00e9357e2c,2026-08-14T22:22:37+00:00,Oppo F7,https://www.whatamobile.com.pk/product/oppo-f7-price-in-pakistan/,Yes,false,[],Weight Unknown,[33000.0],whatamobile.com.pk/whatamobile__oppo-f7-price-in-pakistan.json,7af9e21b37cca0137a9e3e3dcfe08f70b951f293b1c58463f5c216a6c9d8133f,0.79167
a248681378b90b2d4f285bb9f7ce83be3412808f36ed25e336f4cfea84e03774,2026-08-14T21:53:49+00:00,Oppo F9,https://www.whatamobile.com.pk/product/oppo-f9/,Yes,false,"[""Starry Purple"",""Sunrise Red"",""Twilight Blue""]",Weight Unknown,[44500.0],whatamobile.com.pk/whatamobile__oppo-f9.json,0646cf3a9d4a1b54d72e58d4c75bc08af303878c1dba78ba221633b95b7fea7a,0.83333
3b0b1af15f2f612baf1a0d3b19268f7cb32486749a54bd6b233466712c5753e9,2026-08-14T22:00:53+00:00,Oppo Find N2 Flip,https://www.whatamobile.com.pk/product/oppo-find-n2-flip-price-in-pakistan/,Yes,false,[],Weight Unknown,[199999.0],whatamobile.com.pk/whatamobile__oppo-find-n2-flip-price-in-pakistan.json,cd5606cfe2ff74e867c36fa96b6ebd92ef0800d35149da50f516ebb08a483d3a,0.79167
50c482f4ec7b2b6a88bbdeb67c70243e3ebea6410a94940da469a1cfd81c857a,2026-08-14T22:06:57+00:00,Oppo Find X,https://www.whatamobile.com.pk/product/oppo-find-x/,Yes,false,"[""Glacier Blue"",""Bordeaux Red""]",Weight Unknown,[129500.0],whatamobile.com.pk/whatamobile__oppo-find-x.json,71d114e04214ba6efd34e00b39377326218cd7d09bd13f04941aea11a871dfcf,0.83333
6c895a3680991eba33e41cb7498561d8a8b6465d9e7ee8e05e1acec2689d5d3a,2026-08-14T22:49:51+00:00,Oppo Find X2 Neo,https://www.whatamobile.com.pk/product/oppo-find-x2-neo-price-in-pakistan/,Yes,false,[],Weight Unknown,[120000.0],whatamobile.com.pk/whatamobile__oppo-find-x2-neo-price-in-pakistan.json,8055c38972ba838d0c4a68a3915eee3f12aceca1e208b920c18f03aea06c94ad,0.79167
d1e6ed3c5509f4b864141bd72959488653ad2038afeed75d9c888461f4de65a6,2026-08-14T22:18:31+00:00,OPPO Find X2,https://www.whatamobile.com.pk/product/oppo-find-x2-price-in-pakistan/,Yes,false,[],Weight Unknown,[149999.0],whatamobile.com.pk/whatamobile__oppo-find-x2-price-in-pakistan.json,560a63694b7277749c2bcaf897b4954e4cfa1ee72fdb4069785821376c57329d,0.79167
489c4e306926af7bc18cb44bb7743391fb4da0bc8a282c809af9e22b52aed000,2026-08-14T21:38:57+00:00,Oppo Find X2 pro,https://www.whatamobile.com.pk/product/oppo-find-x2-pro/,Yes,false,"[""Black | Orange | Gray | Green | Lamborghini""]",Weight Unknown,[170700.0],whatamobile.com.pk/whatamobile__oppo-find-x2-pro.json,428f409794b76fc83b6392870d4a85144ef731a29dcf7582b7a66fa4c4e2c1ed,0.87500
c88b558dad70fd320fcd6c52ab1b28d6beeeb0eeebb4d527325e0659f4a4c9f4,2026-08-14T18:55:56+00:00,Oppo Find X3 Neo,https://www.whatamobile.com.pk/product/oppo-find-x3-neo-price-in-pakistan/,Yes,false,[],Weight Unknown,[133999.0],whatamobile.com.pk/whatamobile__oppo-find-x3-neo-price-in-pakistan.json,5d0fcc451e79d7e3fe2e6ba5b96cd019e4186141d5c1fe4f5f98eee6416a39bf,0.79167
39a2f8dd43c650b32c76dd3c6d3d4b993e19e82dd34debb6a1da9c2169b7f8f5,2026-08-14T21:24:26+00:00,Oppo Find X3 Pro,https://www.whatamobile.com.pk/product/oppo-find-x3-pro-price-in-pakistan/,Yes,false,[],Weight Unknown,[149999.0],whatamobile.com.pk/whatamobile__oppo-find-x3-pro-price-in-pakistan.json,54c372a4348a35dfefb407c4a99217edaf4c2356110c5c1a2646c44304122cc1,0.79167
026ad1b931e3c0cfb8abf7609d5baf963b7c735e5be6ff46a3adc629b303296c,2026-08-14T18:56:09+00:00,Oppo Find X5,https://www.whatamobile.com.pk/product/oppo-find-x5-price-in-pakistan/,Yes,false,[],Weight Unknown,[189999.0],whatamobile.com.pk/whatamobile__oppo-find-x5-price-in-pakistan.json,d0a064f5d45170a7898f39d5ecbc185a5bbc341de3ca527dafc544d106f8e9ff,0.79167
c64899a0e5ddf442cf85de1f4ba142cbf0df2d814fec588ff86144907201587a,2026-08-14T18:55:31+00:00,Oppo Find Y,https://www.whatamobile.com.pk/product/oppo-find-y-price-in-pakistan/,Yes,false,[],Weight Unknown,[105000.0],whatamobile.com.pk/whatamobile__oppo-find-y-price-in-pakistan.json,a87790bfaae74147ec1922c524b34c62b5517676786beeb3cfd02f802ea3cb38,0.79167
84e86ea6ac779c2e4be5be871ece3a7428dad419bb6fcdeab20d643ff3192649,2026-08-14T20:41:27+00:00,OPPO K1,https://www.whatamobile.com.pk/product/oppo-k1-price-in-pakistan/,Yes,false,[],Weight Unknown,[39999.0],whatamobile.com.pk/whatamobile__oppo-k1-price-in-pakistan.json,9b5310b22d413105a82285a9113a49fd3128e2d99d608cff4bc9b3eec89ee94e,0.79167
d6d8c65f3914538bae517c3c9907ed89f85c0b24e933fcc31275dd3ab5ca0a5b,2026-08-14T18:54:05+00:00,Oppo K10 Pro,https://www.whatamobile.com.pk/product/oppo-k10-pro-price-in-pakistan/,Yes,false,[],Weight Unknown,[59999.0],whatamobile.com.pk/whatamobile__oppo-k10-pro-price-in-pakistan.json,f2111df063a99f372898ca1845e0345b867bd96ec462ff6060d4b57aaaa5bc66,0.79167
2b9aafa37c210692e4a4fd14a5d2991c27956b74ecc3dbb5fcd6aadd4447fcf7,2026-08-14T23:01:12+00:00,Oppo K12x,https://www.whatamobile.com.pk/product/oppo-k12x/,Yes,false,[],Weight Unknown,[73999.0],whatamobile.com.pk/whatamobile__oppo-k12x.json,00d73ecdfaa21905df7ee9514140b925851485af7ca2f762e97f765564b3b0b9,0.83333
264d81f7fe81e39af98fadc065a219091a525c5234e4fa2033ab09d3feb5ef3c,2026-08-14T18:54:16+00:00,Oppo K5s,https://www.whatamobile.com.pk/product/oppo-k5s-price-in-pakistan/,Yes,false,[],Weight Unknown,[61600.0],whatamobile.com.pk/whatamobile__oppo-k5s-price-in-pakistan.json,37676c00a7de5b8c5d1e2e7f95072dbf3ad5baf8f3efa177080a64b6f98dab46,0.75000
8450493dd9de584948ba58524b2ef34c73f24f97eb85ef982038ca1a697a9327,2026-08-14T18:55:08+00:00,Oppo K7s,https://www.whatamobile.com.pk/product/oppo-k7s-price-in-pakistan/,Yes,false,[],Weight Unknown,[80000.0],whatamobile.com.pk/whatamobile__oppo-k7s-price-in-pakistan.json,3bb69546b0474f50991439091c5a5dfbe5835d845b8e05d517d9cb2f56a0b255,0.79167
d3addb59ea93737e39b07efc7e8453a899fd3c6caa412902eb4108fb8117d283,2026-08-14T20:33:05+00:00,Oppo K9 Pro,https://www.whatamobile.com.pk/product/oppo-k9-pro-price-in-pakistan/,Yes,false,[],Weight Unknown,[77999.0],whatamobile.com.pk/whatamobile__oppo-k9-pro-price-in-pakistan.json,ff97d1376017c65313adbfea4f5dbce6f48c75be17f956f0f530565901b43be2,0.79167
68956e63a4ea746c022c9c28e7b1503c46270e9f05cc76fde8cf35526d479c76,2026-08-14T22:40:30+00:00,Oppo R11s Plus,https://www.whatamobile.com.pk/product/oppo-r11s-plus-price-in-pakistan/,Yes,false,[],Weight Unknown,[65000.0],whatamobile.com.pk/whatamobile__oppo-r11s-plus-price-in-pakistan.json,c10c5bf18fb18c3d6ab34f764293dc21cbf4ee81c4fed767e8287d4e13810553,0.79167
09dc5462340b580746314e948f5347cf32b7dcaf2782fcf58bf5f702531c48ec,2026-08-14T20:28:31+00:00,Oppo R15 Neo (AX5),https://www.whatamobile.com.pk/product/oppo-r15-neo-ax5-price-in-pakistan/,Yes,false,[],Weight Unknown,[30000.0],whatamobile.com.pk/whatamobile__oppo-r15-neo-ax5-price-in-pakistan.json,a4e471b9192c96260aecaceddde976b7c6337caa97e2251df37571f43b009a25,0.75000
a2a7e8a6ecee110d5d4c3a7f054b1839186cc6d4230c6396c993800d072c6f4b,2026-08-14T18:54:27+00:00,OPPO R15 PLUS,https://www.whatamobile.com.pk/product/oppo-r15-plus-price-in-pakistan/,Yes,false,[],Weight Unknown,[65999.0],whatamobile.com.pk/whatamobile__oppo-r15-plus-price-in-pakistan.json,ee2eb72723739437f71e44b0d53fce814f8da5c3610bc73b22477415e2e02f69,0.79167
1fe3a271a6243ae778cfa25a0d7c3f2c5025449f835ff89ef80e64703a16d771,2026-08-14T18:53:08+00:00,Oppo R15x,https://www.whatamobile.com.pk/product/oppo-r15x-price-in-pakistan/,Yes,false,[],Weight Unknown,[47000.0],whatamobile.com.pk/whatamobile__oppo-r15x-price-in-pakistan.json,5249e943e8d695095b49cb00eaeef5e055af7225aa6be8a437324d83dc5067a4,0.75000
372143654e20aadf5bbe0f939b66ece4d4ea3b2f650cc29a759cf2a02e5a8c1d,2026-08-14T20:51:58+00:00,Oppo R17,https://www.whatamobile.com.pk/product/oppo-r17-price-in-pakistan/,Yes,false,[],Weight Unknown,[57000.0],whatamobile.com.pk/whatamobile__oppo-r17-price-in-pakistan.json,ce692a0f20501f958ba38b607d61a3d1b2b6b7f0738475c54fbe079fd738c844,0.79167
a1ee6d4075413952f66e8385f4794c8a6f8b256255cf1656fcef189fe5bd1dcd,2026-08-14T19:42:10+00:00,Oppo R17 Pro,https://www.whatamobile.com.pk/product/oppo-r17-pro/,Yes,false,"[""Radiant Mist"",""Emerald Green""]",Weight Unknown,[109500.0],whatamobile.com.pk/whatamobile__oppo-r17-pro.json,b5fef9781e797d3cd0d7034197673b6b79ec411c669eb6763fee3ebe9b1a05f3,0.83333
4a9a0db14651ab284b63fb7440c37e6c9fb5a3b7766a18ace0dd22fb4b373c9e,2026-08-14T18:53:31+00:00,Oppo R19,https://www.whatamobile.com.pk/product/oppo-r19-price-in-pakistan/,Yes,false,[],Weight Unknown,[51999.0],whatamobile.com.pk/whatamobile__oppo-r19-price-in-pakistan.json,bd8d168d7f684cf2d537e529ab73a3214764507528eae8f47e7084c7fd1fb51e,0.79167
8e7c1504d31c1e704779856b9e7c474f5e4ffd6bdd522405fff74e828bc4f1d9,2026-08-14T18:54:38+00:00,OPPO R20,https://www.whatamobile.com.pk/product/oppo-r20-price-in-pakistan/,Yes,false,[],Weight Unknown,[66000.0],whatamobile.com.pk/whatamobile__oppo-r20-price-in-pakistan.json,91ea59c60c8db63dd779abb1066cdb7e3c31f59b33951ec1587d7293b363c2e6,0.79167
afe9437df2b95f8cb4bd94886b43abd9f6ae5163d1a2d9481233f173b5c942c4,2026-08-14T21:17:28+00:00,Oppo Reno 10x Zoom,https://www.whatamobile.com.pk/product/oppo-reno-10x-zoom-price-in-pakistan/,Yes,false,[],Weight Unknown,[109999.0],whatamobile.com.pk/whatamobile__oppo-reno-10x-zoom-price-in-pakistan.json,8d1ff1325a98075810ce0725e4b7c698c75cd89c8aae2d9e77e5d6101ada8779,0.79167
724145c70898f177782af939f782e1d51e4f6fe1af27a7d9f7eddbefa27cb7f6,2026-08-14T22:37:55+00:00,Oppo Reno 11F,https://www.whatamobile.com.pk/product/oppo-reno-11f/,Yes,false,[],Weight Unknown,[74499.0],whatamobile.com.pk/whatamobile__oppo-reno-11f.json,afa5a4505d8140b43805043c9cef1a97e65ac2c903aa5c0ff6a3cfc6566780bd,0.83333
5537bebb6b0241eab34e0ff43e82a89e5e45a9be703ef29d65fa5609311ae857,2026-08-14T19:45:28+00:00,Oppo Reno 2,https://www.whatamobile.com.pk/product/oppo-reno-2/,Yes,false,"[""Luminous Black | Ocean Blue | Sunset Pink""]",Weight Unknown,[79999.0],whatamobile.com.pk/whatamobile__oppo-reno-2.json,670bff1361582f9c8a834cf8baff94585b505dbd872b4d191917d4325eaf7617,0.87500
599e7ec4f45c64fc2517a9cef0dde8c7eb6c6d0351dcb66edef5a7e22b805a76,2026-08-14T12:52:35+00:00,Oppo Reno 2Z,https://www.whatamobile.com.pk/product/oppo-reno-2z-price-in-pakistan/,Yes,false,[],Weight Unknown,[69999.0],whatamobile.com.pk/whatamobile__oppo-reno-2z-price-in-pakistan.json,f089ca1eea4bd20a73f4b2dcf473c064350213a66a8f79d7a28cc8a809750160,0.79167
66af0f90de98c79e1d174c3ef382531281026150ce444e1e09defbc7812c8e34,2026-08-14T21:35:18+00:00,Oppo Reno 3 Pro 256GB,https://www.whatamobile.com.pk/product/oppo-reno-3-pro-256gb/,Yes,false,"[""Auroral Blue | Midnight Black | Sky White""]",Weight Unknown,[64999.0],whatamobile.com.pk/whatamobile__oppo-reno-3-pro-256gb.json,64753167c2bc1b0e3fbab19a6b028eb1680f500172b33d9b1228c4aefdc63685,0.87500
f183f422d9988358d4a6cc1525e09c914eba45df1741df636ec7d2744609ff61,2026-08-14T19:45:20+00:00,Oppo Reno 3 Pro,https://www.whatamobile.com.pk/product/oppo-reno-3-pro/,Yes,false,"[""Auroral Blue | Midnight Black | Sky White""]",Weight Unknown,[60000.0],whatamobile.com.pk/whatamobile__oppo-reno-3-pro.json,489462069977bcfea9ab3109ab377ee08f3f3a99ccc8b20675a725bb03049ca2,0.87500
167d5679de8273f839070b64294834c49f1fac41ac3044ea9056747b3bb1484c,2026-08-14T21:18:42+00:00,Oppo Reno 3,https://www.whatamobile.com.pk/product/oppo-reno-3/,Yes,false,"[""Sky White | Midnight Black | Aurora Blue""]",Weight Unknown,[46999.0],whatamobile.com.pk/whatamobile__oppo-reno-3.json,939566ac93442d75f1f94747c1dd3af4a89326da22d8a23a9cd674ea60440f4c,0.87500
800e045392b9840671ec233cdae3c3d241614708ce5067bc3d160ec8e80239ae,2026-08-14T20:19:05+00:00,Oppo Reno 4 Pro 5G,https://www.whatamobile.com.pk/product/oppo-reno-4-pro-5g-price-in-pakistan/,Yes,false,[],Weight Unknown,[130000.0],whatamobile.com.pk/whatamobile__oppo-reno-4-pro-5g-price-in-pakistan.json,1e523b03c31189f3b617f5f39803d52cff171f429ac58142fac19f4647e85ed5,0.79167
1dbfdc1b4b907bfc4092de201e1fb8cfa96b6f5ff735dbb539f1b8e45ffc1ace,2026-08-14T21:42:05+00:00,Oppo Reno 4 Pro,https://www.whatamobile.com.pk/product/oppo-reno-4-pro/,Yes,false,"[""Starry Night | Silky White""]",Weight Unknown,[84999.0],whatamobile.com.pk/whatamobile__oppo-reno-4-pro.json,3e041aaabb237731690ef932ea1f7b680e7ed11196809a1663e7c9c442c32921,0.87500
332b232c5e8f406935a2dc75554bfdd8b931ce5f8901314f35fd467bc1a2ec5c,2026-08-14T21:13:27+00:00,Oppo Reno 4,https://www.whatamobile.com.pk/product/oppo-reno-4/,Yes,false,"[""Black | Blue | Purple""]",Weight Unknown,[60800.0],whatamobile.com.pk/whatamobile__oppo-reno-4.json,8f26fa7fec9a2d5816ee46edfc9fb0a6b64672cc15697c7275021aa054ff2bc3,0.87500
b40cdfa8a70a00ac7e120c83bd7528352a147a512b97fb653b5cc1bdb2891d8a,2026-08-14T18:53:43+00:00,Oppo Reno 4Z 5G,https://www.whatamobile.com.pk/product/oppo-reno-4z-5g-price-in-pakistan/,Yes,false,[],Weight Unknown,[52000.0],whatamobile.com.pk/whatamobile__oppo-reno-4z-5g-price-in-pakistan.json,d4a76b3f913123757e060ea1869ce35edcd9a5b83cf26a88dd9df0b7cce461e5,0.79167
410e633e385d13dded03741cf207b92331c539ad8a8b947ec530f0a717fa7e54,2026-08-14T18:55:43+00:00,Oppo Reno 5 Pro+,https://www.whatamobile.com.pk/product/oppo-reno-5-pro-plus-price-in-pakistan/,Yes,false,[],Weight Unknown,[115000.0],whatamobile.com.pk/whatamobile__oppo-reno-5-pro-plus-price-in-pakistan.json,db8afdaaa6dfe7c90e81dc1e59d496b85569ade90a4bb841567409e2b73db7e8,0.79167
28cc5796850b2f961f4e4740952c4485b938ded11c7d9fdb5e28a12d5fc38197,2026-08-14T21:40:35+00:00,Oppo Reno 5 Pro,https://www.whatamobile.com.pk/product/oppo-reno-5-pro/,Yes,false,"[""Galactic Silver | Starry Black""]",Weight Unknown,[84999.0],whatamobile.com.pk/whatamobile__oppo-reno-5-pro.json,2fba0bf77ba10a4488dbcd390a56d56a47561aeb38cba3d920cef0a0731b999e,0.87500
603fc2d5659a7256e784b99b1ee070b0e6a9c9346d6a6f58192c2898753054ac,2026-08-14T20:52:09+00:00,OPPO Reno 5,https://www.whatamobile.com.pk/product/oppo-reno-5/,Yes,false,"[""Fantasy Silver | Starry Black Camera""]",Weight Unknown,[55999.0],whatamobile.com.pk/whatamobile__oppo-reno-5.json,9e072b2a6ea4d7bb7776bf13cd8c5f734ad99605bf91e55dd473a30f08612fad,0.87500
8863c15ffdb5c1cffe7802e635b0306c628d857b1c9b262e7f0ac32b4bab5fd7,2026-08-14T18:03:42+00:00,Oppo Reno 6 Pro 5G,https://www.whatamobile.com.pk/product/oppo-reno-6-pro-5g/,Yes,false,"[""Stellar Black | Aurora""]",Weight Unknown,[119999.0],whatamobile.com.pk/whatamobile__oppo-reno-6-pro-5g.json,bf08c8abe4b8197dc6af6f9e7bd907cd3298c219039ba9f1551a50244fa666d5,0.87500
7333ea6bf8afe61158eaa53d266836110abee9cb44edd302c92a61bc668e705e,2026-08-14T18:54:48+00:00,Oppo Reno 6 Z,https://www.whatamobile.com.pk/product/oppo-reno-6-z-price-in-pakistan/,Yes,false,[],Weight Unknown,[69999.0],whatamobile.com.pk/whatamobile__oppo-reno-6-z-price-in-pakistan.json,015ceaa17b2e8b0bdd06d83f51cb2156159d65b5d54c918e81ba236e12fb04e7,0.79167
dcae703f725cdbe7c99098472b3617bd66f635f067ccd5e5f450eaf40e7855d9,2026-08-14T21:02:29+00:00,Oppo Reno 6,https://www.whatamobile.com.pk/product/oppo-reno-6/,Yes,false,"[""Aurora | Stellar Black""]",Weight Unknown,[64999.0],whatamobile.com.pk/whatamobile__oppo-reno-6.json,54331bb4b7382ee67b7110aafb1306ec04eb2cf0bacfbf44457f0fa28707d623,0.87500
d1f7fdadfcc1ea80ee9df6270c789ee049ecb43356b3b57f4dec4012e4fb5b0c,2026-08-14T21:08:58+00:00,Oppo Reno 7 Pro 5G,https://www.whatamobile.com.pk/product/oppo-reno-7-pro-5g-price-in-pakistan/,Yes,false,[],Weight Unknown,[102999.0],whatamobile.com.pk/whatamobile__oppo-reno-7-pro-5g-price-in-pakistan.json,ca7823e75fd840b79e699faa0f954ded97fe7c8f9ab84a34f48619bc1dd31644,0.79167
1ae47c4d350629cd997359f0e96b4a479eae8c6537f888ee14f9451259a15091,2026-08-14T20:20:38+00:00,Oppo Reno 8 Lite,https://www.whatamobile.com.pk/product/oppo-reno-8-lite-price-in-pakistan/,Yes,false,[],Weight Unknown,[84999.0],whatamobile.com.pk/whatamobile__oppo-reno-8-lite-price-in-pakistan.json,4a8f837fb8cd483ea980650aa55302fa4db0f6442f95c82995ecadd391d19018,0.79167
a2428f90cac72dd98d032a0a51061dcbecc17afd07098e1c00072632c85f1142,2026-08-14T21:47:16+00:00,Oppo Reno 8 Pro Plus,https://www.whatamobile.com.pk/product/oppo-reno-8-pro-plus-price-in-pakistan/,Yes,false,[],Weight Unknown,[119999.0],whatamobile.com.pk/whatamobile__oppo-reno-8-pro-plus-price-in-pakistan.json,2452080ec94ae4c624146d225ddce9207798b49a5c175bbf33c1c76694943a1e,0.79167
0d47aace2214a47f3b1fd634dbac680851ef6d8613f897731ae51012299aa199,2026-08-14T22:58:38+00:00,Oppo Reno 8 Pro,https://www.whatamobile.com.pk/product/oppo-reno-8-pro-price-in-pakistan/,Yes,false,[],Weight Unknown,[99999.0],whatamobile.com.pk/whatamobile__oppo-reno-8-pro-price-in-pakistan.json,437e0fa64f1d397dc26811d559fd237e765040d61f9b1c5131936d6fdc91928e,0.79167
61cc31a125da7617da60670b955344d00d9708c2039b2d2c4c5fd8c99a677427,2026-08-14T12:52:12+00:00,Oppo Reno 8Z 5G,https://www.whatamobile.com.pk/product/oppo-reno-8z-5g-price-in-pakistan/,Yes,false,[],Weight Unknown,[68999.0],whatamobile.com.pk/whatamobile__oppo-reno-8z-5g-price-in-pakistan.json,8d8d25d04273657a16190c9854e65395d51e6715aa67368499cfc5048b2238e6,0.79167
03bedadf16b9634ec531783750917e1a46dea25e34bd57e9f6fb99ef9dd6c2ee,2026-08-14T12:52:46+00:00,Oppo Reno Ace,https://www.whatamobile.com.pk/product/oppo-reno-ace-price-in-pakistan/,Yes,false,[],Weight Unknown,[69999.0],whatamobile.com.pk/whatamobile__oppo-reno-ace-price-in-pakistan.json,239fc7892d6f24385c6945f42ee5fd8b4ace7e24b073aaef6407396cd2471c06,0.79167
d5278495eadb68b2bcac33f991ea62924867d7a9decf312cc103cda21993ca7a,2026-08-14T18:34:46+00:00,Oppo Reno11,https://www.whatamobile.com.pk/product/oppo-reno11/,Yes,false,[],Weight Unknown,[118999.0],whatamobile.com.pk/whatamobile__oppo-reno11.json,ab07b392c1c7e870a29965f5db2718644f897a5b5a7ac6244452b71d2f9d894e,0.83333
0e914002845c836175e67f010c4c8c40693be5c406fbc6711720c46354b4d30e,2026-08-14T21:49:04+00:00,Oppo Reno12 F,https://www.whatamobile.com.pk/product/oppo-reno12-f/,Yes,false,[],Weight Unknown,[69999.0],whatamobile.com.pk/whatamobile__oppo-reno12-f.json,fa1e171e2ff5881fc54ace4c17589be94d6a2a4ac858c1d224cc443b41537e07,0.83333
cf9466d68d67ab53572634745d02d0fcbe1e1e7ce66ba330b21b2719cea53d84,2026-08-14T21:26:46+00:00,Oppo Reno12 Pro,https://www.whatamobile.com.pk/product/oppo-reno12-pro/,Yes,false,[],Weight Unknown,[186299.0],whatamobile.com.pk/whatamobile__oppo-reno12-pro.json,91402b66a81a1d918f07cc101b63607323d5520b6d9a39fa7cea41c0f3611ec1,0.83333
f2358755af076ec854d75e49cb15c97c691e5d46ab699e845060262803b4c8e8,2026-08-14T18:54:58+00:00,Oppo Reno3 Vitality,https://www.whatamobile.com.pk/product/oppo-reno3-vitality-price-in-pakistan/,Yes,false,[],Weight Unknown,[77999.0],whatamobile.com.pk/whatamobile__oppo-reno3-vitality-price-in-pakistan.json,cf587cc1d2582c19aec130fc47dc827f25e54f59ab5cc9471d594d1a091edf60,0.75000
4684d9b9da145848a1e5c13e469f4e55c646214f7a3505de83810dac9e46f38a,2026-08-14T17:54:41+00:00,Panasonic Eluga Arc 2,https://www.whatamobile.com.pk/product/panasonic-eluga-arc-2-price-in-pakistan/,Yes,false,[],Weight Unknown,[12500.0],whatamobile.com.pk/whatamobile__panasonic-eluga-arc-2-price-in-pakistan.json,8f326737e66d97bd31b759d6cea16196c193236bacc75c068f9b79f643aa53d6,0.70833
ec4a04c76311be5bfff75c9d56b28a059e16ebda3728094238cddc7c4a31ea1e,2026-08-14T18:50:56+00:00,Panasonic Eluga L2,https://www.whatamobile.com.pk/product/panasonic-eluga-l2-price-in-pakistan/,Yes,false,[],Weight Unknown,[10500.0],whatamobile.com.pk/whatamobile__panasonic-eluga-l2-price-in-pakistan.json,70ce7cbbfcff188b2878ab923738e8439899c2322bcd5680bf1b833603fdf753,0.79167
47cca094fd9548f2201fb9c8fdc54d321771adfde7677af29287f8ee984aaccd,2026-08-14T18:51:30+00:00,Panasonic Eluga Tapp,https://www.whatamobile.com.pk/product/panasonic-eluga-tapp-price-in-pakistan/,Yes,false,[],Weight Unknown,[11500.0],whatamobile.com.pk/whatamobile__panasonic-eluga-tapp-price-in-pakistan.json,6334aade256db63f9833de8f97e395a6321d02cd337b720c2df90556f201bdf8,0.70833
255550f7560ad394af913989ad4b3caa845b89022df27d32cc11c5590c28e8bd,2026-08-14T18:52:04+00:00,Panasonic Eluga Z1 Pro,https://www.whatamobile.com.pk/product/panasonic-eluga-z1-pro-price-in-pakistan/,Yes,false,[],Weight Unknown,[33999.0],whatamobile.com.pk/whatamobile__panasonic-eluga-z1-pro-price-in-pakistan.json,c316b8dd748fb4c7d0111ac62181b7c84bacc614c52a55e460fa7667ece9a6e1,0.79167
ad1cb540874ae13ec136648ed81736cbb039253289f32c433199a4c36bb5243c,2026-08-14T18:51:08+00:00,Panasonic P55 Novo,https://www.whatamobile.com.pk/product/panasonic-p55-novo-price-in-pakistan/,Yes,false,[],Weight Unknown,[10900.0],whatamobile.com.pk/whatamobile__panasonic-p55-novo-price-in-pakistan.json,401eba73f1ad18c88f35fc574b067a6a0b88c8f6d16243da06bd0483a3a72c97,0.79167
e6eafb487aae48e2cb5dc1208b8e6a54f6dbf3c4a68785a1084ba6d558ee7f30,2026-08-14T18:51:18+00:00,Panasonic P77,https://www.whatamobile.com.pk/product/panasonic-p77-price-in-pakistan/,Yes,false,[],Weight Unknown,[11000.0],whatamobile.com.pk/whatamobile__panasonic-p77-price-in-pakistan.json,1225356c66e68ea7b3e9b7d5249a26e7ed91daf62cd0ecba15377f5020841c30,0.79167
3643cb2161d8aba85fb89a8fc170578940d38925577da85290582a414e3ec6a0,2026-08-14T18:51:53+00:00,Panasonic P81,https://www.whatamobile.com.pk/product/panasonic-p81-price-in-pakistan/,Yes,false,[],Weight Unknown,[16500.0],whatamobile.com.pk/whatamobile__panasonic-p81-price-in-pakistan.json,bcd6d74c6acabfb6a3fd7cf02b4d8332ba5d0d9456b997e081e6736e1459418b,0.79167
1affffc61e322966c1a2b076fadeb9da515473e89e3c56a40799b6031fe3e832,2026-08-14T18:51:41+00:00,Panasonic P88,https://www.whatamobile.com.pk/product/panasonic-p88-price-in-pakistan/,Yes,false,[],Weight Unknown,[14000.0],whatamobile.com.pk/whatamobile__panasonic-p88-price-in-pakistan.json,76c302c7d7a0ed3ece46de9c0bf306f8f9caa19b717be0e49a6aa4de7ec46d16,0.79167
e8da8156e3cada1a4338426e5b7464ebe9a92598c3a3705818973a186eb62613,2026-08-14T18:50:45+00:00,Panasonic T-40,https://www.whatamobile.com.pk/product/panasonic-t-40-price-in-pakistan/,Yes,false,[],Weight Unknown,[10100.0],whatamobile.com.pk/whatamobile__panasonic-t-40-price-in-pakistan.json,adcc8c0c14ce982c46ae545e57058d96b3190a032cec02a81c402120250740ba,0.79167
b0fc835b893284b7737ff869701e83e19f483ef12421378edde06c02d43df12f,2026-08-14T19:50:49+00:00,Poco Pad (Blue 256GB + 8GB),https://www.whatamobile.com.pk/product/poco-pad-blue-256gb-8gb/,yes,false,[],Weight Unknown,[93000.0],whatamobile.com.pk/whatamobile__poco-pad-blue-256gb-8gb.json,7243e8414bf2a6672d32467171eeb564afbd3e3e0cd723aa5bad77bdab57a5c1,0.58333
fc7b1e7aa0d1c342143cfaaf7bb28219ff66f542a54b63133889e2b2c370141f,2026-08-14T19:50:17+00:00,Xiaomi Redmi Pad SE 8.7 WiFi (Aurora Green 128GB + 6GB),https://www.whatamobile.com.pk/product/poco-pad-dark-gray-256gb-8gb/,yes,false,[],Weight Unknown,[50000.0],whatamobile.com.pk/whatamobile__poco-pad-dark-gray-256gb-8gb.json,c2ff7eae3accf41a54d2c1f30d16c314860dc48d87babfea5fe0c96ac65dd5b5,0.58333
6c43ad85741b168e712d4ee76d2ac54846f32eccc0c101b672fd5e6944eccc6e,2026-08-14T20:29:01+00:00,Q Mobile X40 Wonder,https://www.whatamobile.com.pk/product/q-mobile-x40-wonder-price-in-pakistan/,Yes,false,[],Weight Unknown,[10900.0],whatamobile.com.pk/whatamobile__q-mobile-x40-wonder-price-in-pakistan.json,a50dc78e3b583bdcc8624211e95cfc7a179540b669d36ac588720739c5a1dab2,0.79167
7fb02e99489d44cc22fcf98352889ca76ea9ffb5e1a2766e4b324516454e9e9f,2026-08-14T18:48:10+00:00,QMobile J5,https://www.whatamobile.com.pk/product/qmobile-j5-price-in-pakistan/,Yes,false,[],Weight Unknown,[10500.0],whatamobile.com.pk/whatamobile__qmobile-j5-price-in-pakistan.json,023d11ec49c6ed29841f25a7899e3dd07ed889ad659bddbb628dff78a16eb845,0.79167
1a75d52694d4b4b521421344bac619ef00f7d9cf2cef8e8f93fd21dcd0819b62,2026-08-14T18:49:02+00:00,QMobile Noir E1,https://www.whatamobile.com.pk/product/qmobile-noir-e1-price-in-pakistan/,Yes,false,[],Weight Unknown,[11099.0],whatamobile.com.pk/whatamobile__qmobile-noir-e1-price-in-pakistan.json,0a26142cbf039f87117452efcfb42b958940f5672713e5e5519474eb280b9b06,0.79167
6ebad652d5f6cc8a91eb0f9fe2408b250f6350d1e44a8ce2159d1610edcf8e80,2026-08-14T18:50:35+00:00,QMobile Noir E8,https://www.whatamobile.com.pk/product/qmobile-noir-e8-price-in-pakistan/,Yes,false,[],Weight Unknown,[24500.0],whatamobile.com.pk/whatamobile__qmobile-noir-e8-price-in-pakistan.json,5f4453cf86c7e226493c744174ea7a81ddff51e6f63a72902fa34acae16b921c,0.75000
fd350f75496edcec6ebb40d9b480bdec81f09b59e27459b794cf371aa5b04d75,2026-08-14T18:48:20+00:00,QMobile Noir i8,https://www.whatamobile.com.pk/product/qmobile-noir-i8-price-in-pakistan/,Yes,false,[],Weight Unknown,[10500.0],whatamobile.com.pk/whatamobile__qmobile-noir-i8-price-in-pakistan.json,f2f28f19127f4bee1437966b1ad43f575df59f19ce3ca6af6d059aded0f378e1,0.79167
f14389143e645818fb1df37bedd9e2874b8e227b81a74e15da05c77bcb5f4765,2026-08-14T18:49:14+00:00,QMobile Noir LT680,https://www.whatamobile.com.pk/product/qmobile-noir-lt680-price-in-pakistan/,Yes,false,[],Weight Unknown,[11300.0],whatamobile.com.pk/whatamobile__qmobile-noir-lt680-price-in-pakistan.json,e6fcf742688114a89f7eecbe026777667bef7efcb281b3e45638d085e577a9f2,0.79167
593255aafe31862c27a8e8f33910cc7bfe586c5e0472de1ec629a05bf949ab2f,2026-08-14T18:49:39+00:00,QMobile Noir LT750,https://www.whatamobile.com.pk/product/qmobile-noir-lt750-price-in-pakistan/,Yes,false,[],Weight Unknown,[12290.0],whatamobile.com.pk/whatamobile__qmobile-noir-lt750-price-in-pakistan.json,87dec79a3e52c99c5d233edbae4dae017197ce43d4f63930e8c3002c6bfa5eae,0.79167
5e61158be07de1bf6488b29b422b237d4b396591376bb1b8333514562abf89bd,2026-08-14T18:48:31+00:00,Qmobile Noir M300,https://www.whatamobile.com.pk/product/qmobile-noir-m300-price-in-pakistan/,Yes,false,[],Weight Unknown,[10500.0],whatamobile.com.pk/whatamobile__qmobile-noir-m300-price-in-pakistan.json,f68ce326efe1c01e1d6c20a33f1a2d6d0e81a17023882ac50b04e1ba7bc105fb,0.79167
27b34b22f74e234613ffab5b1f82233da171c0b30d6a0427a55c48bc6b95db67,2026-08-14T18:49:26+00:00,QMobile Noir S4,https://www.whatamobile.com.pk/product/qmobile-noir-s4-price-in-pakistan/,Yes,false,[],Weight Unknown,[11599.0],whatamobile.com.pk/whatamobile__qmobile-noir-s4-price-in-pakistan.json,7697db2024bc76ff47819e347a653289008982d046c25023461fd3f6b205d296,0.79167
947f3b8bfc7048c02a01c22a9da358811f7ad7333ecd26c24be26c0e904a6fcf,2026-08-14T20:18:24+00:00,QMobile Noir S5,https://www.whatamobile.com.pk/product/qmobile-noir-s5-price-in-pakistan/,Yes,false,[],Weight Unknown,[12000.0],whatamobile.com.pk/whatamobile__qmobile-noir-s5-price-in-pakistan.json,b7e42b1cd023fbcb292a69ae89f9abf5cbd0bfb04abc3f389b697c33c41ce2a8,0.79167
6b95a566f9812cb76d257902a14cecc8992456c93478b128bfb6a876658a746e,2026-08-14T18:48:51+00:00,QMobile Noir S6,https://www.whatamobile.com.pk/product/qmobile-noir-s6-price-in-pakistan/,Yes,false,[],Weight Unknown,[11000.0],whatamobile.com.pk/whatamobile__qmobile-noir-s6-price-in-pakistan.json,2106e054ff9a10c40f6d6ba39d67a860598617b027c8cfc3bc150312097759d0,0.79167
2a7b2228f0419ae8bf53e541e73ab57b295379f0dfebdc1cf68e5f677b13d309,2026-08-14T18:47:59+00:00,QMobile Noir S8,https://www.whatamobile.com.pk/product/qmobile-noir-s8-price-in-pakistan/,Yes,false,[],Weight Unknown,[10499.0],whatamobile.com.pk/whatamobile__qmobile-noir-s8-price-in-pakistan.json,2d3caeb1b56db8e31a4322ce73784b84604363f2ad82ea55bb4e7e5774cc5de9,0.79167
2b3e4cf36041658945fd2612ee3fd98e7bd366115f4b946cf5f2c7980b755d5b,2026-08-14T18:48:41+00:00,QMobile Noir X500,https://www.whatamobile.com.pk/product/qmobile-noir-x500-price-in-pakistan/,Yes,false,[],Weight Unknown,[10900.0],whatamobile.com.pk/whatamobile__qmobile-noir-x500-price-in-pakistan.json,6b72e6abaa5cd0c2bbde35d8a3c48ee0fbd1faf03c3cc1df8c8d52f7daafe4e7,0.79167
dbea666b236f995f4c66e28b55c3a35a02491064894b97833fc34ee9cb9118a1,2026-08-14T21:29:22+00:00,QMobile Noir Z10,https://www.whatamobile.com.pk/product/qmobile-noir-z10-price-in-pakistan/,Yes,false,[],Weight Unknown,[14000.0],whatamobile.com.pk/whatamobile__qmobile-noir-z10-price-in-pakistan.json,c96e726a1c9c5e282d9cfed435530e6475575e1d7a31eec7dab9532ee65a49e9,0.79167
16108611bc9da9d5b8eb0916f286f9896bbd77fe462b18e0a0027c66b87c747f,2026-08-14T17:54:53+00:00,Qmobile Noir Z12 Pro,https://www.whatamobile.com.pk/product/qmobile-noir-z12-pro-price-in-pakistan/,Yes,false,[],Weight Unknown,[16000.0],whatamobile.com.pk/whatamobile__qmobile-noir-z12-pro-price-in-pakistan.json,80a7b5793bb199243dd91e8de93b60c861a28a4edd147dde4288581103bb4c08,0.79167
7a24682cbe5fb5c0c8367081b3b11a2fa5d9b90b546c5c694ab90461ef7df3ed,2026-08-14T18:50:00+00:00,QMobile Noir Z4 Mini,https://www.whatamobile.com.pk/product/qmobile-noir-z4-mini-price-in-pakistan/,Yes,false,[],Weight Unknown,[13500.0],whatamobile.com.pk/whatamobile__qmobile-noir-z4-mini-price-in-pakistan.json,440186f1d8d3594b85c92545078998aa06bd7020b3c022128dfc949054b33723,0.79167
f7c45d6252f4c4b046b832445ca7a59a3c161c3fcc8b5f5e26a4537f06a52655,2026-08-14T18:49:49+00:00,QMobile Noir Z4,https://www.whatamobile.com.pk/product/qmobile-noir-z4-price-in-pakistan/,Yes,false,[],Weight Unknown,[12500.0],whatamobile.com.pk/whatamobile__qmobile-noir-z4-price-in-pakistan.json,ce3cc48ade2cf6f33448b6b88d0f74b9a4a72b7c31c62c99ea324d768c8adb3d,0.79167
8428904bbf292a974e7a63ff0bb03444e1e6da3a1ab9ba60674271652319d624,2026-08-14T18:50:23+00:00,QMobile Noir Z9 Plus,https://www.whatamobile.com.pk/product/qmobile-noir-z9-plus-price-in-pakistan/,Yes,false,[],Weight Unknown,[19499.0],whatamobile.com.pk/whatamobile__qmobile-noir-z9-plus-price-in-pakistan.json,2fb8db933b1ea010707942c40e72fe28cf3de46475e360cd34c0ed0201701720,0.79167
c780cb7683180465593bf63412e3d6dfc05de0ca51c2becff28cc7b71e96f9ef,2026-08-14T18:50:12+00:00,QMobile Phantom P1 Pro,https://www.whatamobile.com.pk/product/qmobile-phantom-p1-pro-price-in-pakistan/,Yes,false,[],Weight Unknown,[18500.0],whatamobile.com.pk/whatamobile__qmobile-phantom-p1-pro-price-in-pakistan.json,032317d9f39a7cd229496c2c7384d6734a25846bd030d484c9dde6c1d8077443,0.75000
093b243d1772bd2a731e81bd6c6fbe09b2a34c800c8814fce4825ea081f1eea7,2026-08-14T18:47:48+00:00,QMobile Rocket Pro,https://www.whatamobile.com.pk/product/qmobile-rocket-pro-price-in-pakistan/,Yes,false,[],Weight Unknown,[9999.0],whatamobile.com.pk/whatamobile__qmobile-rocket-pro-price-in-pakistan.json,0abd7f44eedb6528ed55292880b34b47ea338366eed52bc8f7a5ba511a17f7b1,0.79167
e4a3c1f66209e66ca57c7a66528ae7d5af22ef06081e83d2f14ce23e1ffcae7d,2026-08-14T22:38:43+00:00,Razer Phone 2,https://www.whatamobile.com.pk/product/razer-phone-2/,Yes,false,[],Weight Unknown,[125000.0],whatamobile.com.pk/whatamobile__razer-phone-2.json,90e03681ad9628cb0b6843b1ee1d3a07d8674752b3ec48b69b572a00ca5b26bd,0.79167
b04c6c590ee687f46c7c1aacc373db5e2ced24fe672043ac08e0b3dbaca59e4a,2026-08-14T21:54:37+00:00,Razer Phone,https://www.whatamobile.com.pk/product/razer-phone/,Yes,false,[],Weight Unknown,[75999.0],whatamobile.com.pk/whatamobile__razer-phone.json,0979f5ec26a578587fa1f30454ab70f677122addcb86b15ea44dc29a26480811,0.79167
ecd57dd7aee1163761e3a95d7fb48a2ff771640a8b073c24aa5bc00e8afd20a9,2026-08-14T19:40:24+00:00,Realme 1,https://www.whatamobile.com.pk/product/realme-1/,yes,false,"[""Diamond Black"",""Solar Red""]",Weight Unknown,[25000.0],whatamobile.com.pk/whatamobile__realme-1.json,6358b2d7d0d921c8c21fea5acfa3ecb517c17428c6414be14b122e024ae1d478,0.79167
8f066e8d05e9f75bbd6b7c83e281a359cdc84446b03f74d3a50261bda40fe3f9,2026-08-14T21:27:14+00:00,Realme 10,https://www.whatamobile.com.pk/product/realme-10-price-in-pakistan/,Yes,false,[],Weight Unknown,[39999.0],whatamobile.com.pk/whatamobile__realme-10-price-in-pakistan.json,a665e4ec2fee887c1d3da89eecd0055f0b5f22d990671235cfa7b7063328d1ec,0.79167
f2b20ce7824f5848d4fa37771a7eb3d4375a849bfd799d7af8570f07c5d2b48f,2026-08-14T18:46:17+00:00,Realme 10 Pro Plus,https://www.whatamobile.com.pk/product/realme-10-pro-plus-price-in-pakistan/,Yes,false,[],Weight Unknown,[82999.0],whatamobile.com.pk/whatamobile__realme-10-pro-plus-price-in-pakistan.json,f1f35f50915682180157a3d9d9a257f6d1cbea90ba3a9a68031e61129cca6d04,0.79167
fec3cdc5c9f695a7c1866d0c3f9baecaaf449645fc70dfc526fd6f97d2553843,2026-08-14T20:45:51+00:00,Realme 10 Pro,https://www.whatamobile.com.pk/product/realme-10-pro-price-in-pakistan/,Yes,false,[],Weight Unknown,[65999.0],whatamobile.com.pk/whatamobile__realme-10-pro-price-in-pakistan.json,37708a9845984a4bc146aa85ee53bfcded673be34b4a0baf9f5260aec893cca9,0.79167
b7f3221e5e61a50049508b94ae3d58c8430e004b1e2209d38eedd9aedbc532d0,2026-08-14T18:45:45+00:00,Realme 10s,https://www.whatamobile.com.pk/product/realme-10s-price-in-pakistan/,Yes,false,[],Weight Unknown,[59999.0],whatamobile.com.pk/whatamobile__realme-10s-price-in-pakistan.json,366661cf3738ccc2232bd0f6d10bc918e75526b90479107c2f8a6bf576b58124,0.79167
9fbe46c2b8f9299c0d742925b46f72b79a43fd9daa02f024c16e98b92a02975b,2026-08-14T18:34:00+00:00,Realme 10T,https://www.whatamobile.com.pk/product/realme-10t/,Yes,false,[],Weight Unknown,[64999.0],whatamobile.com.pk/whatamobile__realme-10t.json,4218b1fde5f0e88ef63a14263816b22159d7116b9e212f11f8a219b76664d2a5,0.83333
b5541fc13f82706e236d7a76e81a1d92b9042a5f09ef899c6094be367a95c3a5,2026-08-14T22:19:37+00:00,Realme 11,https://www.whatamobile.com.pk/product/realme-11/,Yes,false,[],Weight Unknown,[92000.0],whatamobile.com.pk/whatamobile__realme-11.json,83169bffa695e9c525c4ab1742015efc1931cccd4b80c8797a56b99fce3bf252,0.83333
2eff53d3eeb46bcf882e66ca1e10531765baeb2f25fc44079c6651ed7ccfaf86,2026-08-14T21:48:44+00:00,Realme 11x,https://www.whatamobile.com.pk/product/realme-11x/,Yes,false,[],Weight Unknown,[56000.0],whatamobile.com.pk/whatamobile__realme-11x.json,fe812e6b35e567917df7fe48f5585b9e3aa21395d5e9b66d333b016e108f6acc,0.83333
ac1624dccd676548eff96755f8f6824e80652e4a11362fd2cf14c2fc4d917240,2026-08-14T21:14:40+00:00,Realme 12 Pro,https://www.whatamobile.com.pk/product/realme-12-pro/,Yes,false,[],Weight Unknown,[66499.0],whatamobile.com.pk/whatamobile__realme-12-pro.json,509a07f6c53217ec95c3bf4598f06b8abb52ffc3133de7d86ea991ee5681615c,0.83333
3a1f6edffc718597a49e3ee5bea0ebae67416d6f785e5372eeb22f012a583b6e,2026-08-14T21:33:29+00:00,Realme 12,https://www.whatamobile.com.pk/product/realme-12/,Yes,false,[],Weight Unknown,[42499.0],whatamobile.com.pk/whatamobile__realme-12.json,f0221f5958f41cb6c63744192b975d9c685a285293f610597357057042c4c4e7,0.83333
8d7e2f662c61e3c83e0b508321921ffafb8668b90c23a4dadfaf6c4b71be8763,2026-08-14T20:03:53+00:00,"Realme 15 5G (12GB, 512GB, Silk Pink)",https://www.whatamobile.com.pk/product/realme-15-5g-12gb-512gb-silk-pink/,"Yes, with stereo speakers",false,[],Weight Unknown,[107490.0],whatamobile.com.pk/whatamobile__realme-15-5g-12gb-512gb-silk-pink.json,f48054faf9adc961a7bd471ba53420c21b52d88a1fb3053a5fb54b78e4aa2b22,0.83333
ef9e1e07a5729e5c27aebc2b445001dd120872b9c82113e55cf341cdca5d79d2,2026-08-14T20:04:01+00:00,"Realme 15 5G (12GB, 512GB, Suit Titanium)",https://www.whatamobile.com.pk/product/realme-15-5g-12gb-512gb-suit-titanium/,"Yes, with stereo speakers",false,[],Weight Unknown,[107490.0],whatamobile.com.pk/whatamobile__realme-15-5g-12gb-512gb-suit-titanium.json,2ed0127ffb0d25e9fda2debcdfc0f6f2a99e38c2c31f37afad07be7c37a642a6,0.83333
0fdc4b8a6613f5877ce8421e79345d12211fc62f034ef6b71659ff01fbe11b54,2026-08-14T20:04:11+00:00,"Realme 15 Pro 5G (12GB, 512GB, Flowing Silver)",https://www.whatamobile.com.pk/product/realme-15-pro-5g-12gb-512gb-flowing-silver/,"Yes, with stereo speakers",false,[],Weight Unknown,[143990.0],whatamobile.com.pk/whatamobile__realme-15-pro-5g-12gb-512gb-flowing-silver.json,b2d10b2d57e82ea0b69d5fb6a2ccd0e1842ae156598a1f75239468812273ea09,0.75000
47800812b8f53c3bc76e309ed0726baf6d84c5bb1189f274c0eb5bfa03a011ad,2026-08-14T20:04:20+00:00,"Realme 15 Pro 5G (12GB, 512GB, Velvet Green)",https://www.whatamobile.com.pk/product/realme-15-pro-5g-12gb-512gb-velvet-green/,"Yes, with stereo speakers",false,[],Weight Unknown,[143990.0],whatamobile.com.pk/whatamobile__realme-15-pro-5g-12gb-512gb-velvet-green.json,f50e1195adac1d751c479f261f0f4b91144e66e20e26354c669996aa48e832ec,0.75000
0a2602cbc1860129266d870ccdd8b3c31d09ac3e69497451bd9a4cb164fdb0e6,2026-08-14T19:57:10+00:00,"Realme 15T 5G (8GB, 256B, Flowing Silver)",https://www.whatamobile.com.pk/product/realme-15t-5g-8gb-256b-flowing-silver/,Dual Stereo Speakers,false,[],Weight Unknown,[79990.0],whatamobile.com.pk/whatamobile__realme-15t-5g-8gb-256b-flowing-silver.json,83dcababc7deae138354070c4698765bf775258994fe89e2b44fb5504fab5829,0.75000
5722609c191197b597a24ce7b8329c2c1884d614c12c5bccbd911990c02e8817,2026-08-14T19:40:36+00:00,Realme 2 Pro,https://www.whatamobile.com.pk/product/realme-2-pro/,Yes,false,"[""Black Sea"",""Ice Lake"",""Blue Ocean""]",Weight Unknown,[44000.0],whatamobile.com.pk/whatamobile__realme-2-pro.json,d972f9de84230349c7c30c26f368e1145e6c47e14b3bed38eca91684c66a0b68,0.83333
02c3f6b22ffec75d35d0587ee2f6c22ce6787be7ce0e99d73a55d251c008a234,2026-08-14T21:31:37+00:00,Realme 2,https://www.whatamobile.com.pk/product/realme-2/,Yes,false,"[""Diamond Blue"",""Diamond Black"",""Diamond Red""]",Weight Unknown,[26000.0],whatamobile.com.pk/whatamobile__realme-2.json,b7fc78bdb6010562dc1ca8a67b564865a397456fb513de9ce5e13f965e4ab537,0.83333
33e1e732a747ab7cf30634106b03bab9ed7acb37eff4de72837e822ff7cd9cce,2026-08-14T21:19:03+00:00,Realme 5i,https://www.whatamobile.com.pk/product/realme-5i/,Yes,false,"[""Aqua Blue | Forest Green""]",Weight Unknown,[24999.0],whatamobile.com.pk/whatamobile__realme-5i.json,af28762b25191a3679c5fcf3cdc518b6d8de0d8acbca5154c926bf930c99aff3,0.87500
9de64e54289168e3ab712da87a22749e9142ef1266358136138eba26eface869,2026-08-14T20:37:43+00:00,Realme 6 pro,https://www.whatamobile.com.pk/product/realme-6-pro/,Yes,false,"[""Lightning Blue | Lightning Orange""]",Weight Unknown,[49999.0],whatamobile.com.pk/whatamobile__realme-6-pro.json,24df824135e520ab4fd693f6f216c969d06a812f97b545f4ecba8abbdaea8139,0.87500
95dcbf2432cd0bc804719675d94896c690eafa1d67cd005ea61a33674d0b0e4b,2026-08-14T21:41:45+00:00,Realme 6,https://www.whatamobile.com.pk/product/realme-6/,Yes,false,"[""Comet Blue | Comet White""]",Weight Unknown,[36999.0],whatamobile.com.pk/whatamobile__realme-6.json,9c96fb1527881ab47bc0cc9dafa62345defc9be73ec453d107b6fe72fb20a205,0.87500
529cc1784d98103be691397d6e12f8871596ffbf306950830229548afdf8de39,2026-08-14T21:16:42+00:00,Realme 6i,https://www.whatamobile.com.pk/product/realme-6i/,Yes,false,"[""White Milk | Green Tea""]",Weight Unknown,[29999.0],whatamobile.com.pk/whatamobile__realme-6i.json,4963e679a08b960bfb49ffc709984a4e3f2cebf1a072e7079a02ac8fa080d92f,0.87500
e2dcf09673fcf2b6f9eed271252adac75a9589ed46efddf4c0f7e696670cca9f,2026-08-14T18:44:48+00:00,Realme 6s,https://www.whatamobile.com.pk/product/realme-6s-price-in-pakistan/,Yes,false,[],Weight Unknown,[41999.0],whatamobile.com.pk/whatamobile__realme-6s-price-in-pakistan.json,3148fa1370a213cd81414514a98b30b96ebb5f1dd7cf94960a61e9768d91e0a7,0.79167
344aca182a6c93c3c652dbf9c36d3319b1014db1f19fc03d9e72f1d6bbfe6716,2026-08-14T18:44:02+00:00,Realme 7,https://www.whatamobile.com.pk/product/realme-7-price-in-pakistan/,Yes,false,[],Weight Unknown,[35000.0],whatamobile.com.pk/whatamobile__realme-7-price-in-pakistan.json,a208b2e8205c94269b2c111c346c47e3144fcf4e5ed274e4e194c54cbcd61b13,0.79167
96a859635c1dfb6cefe61c2db49c3b12c7c64ae96a99cf3963e32c98801965c8,2026-08-14T20:24:33+00:00,Realme 7 Pro,https://www.whatamobile.com.pk/product/realme-7-pro/,Yes,false,"[""Mirror Blue | Mirror Silver""]",Weight Unknown,[49999.0],whatamobile.com.pk/whatamobile__realme-7-pro.json,aed8e797d933cd69b36a4f8defe8e370321a719eb10fbfc7e18206210ef80359,0.87500
da80acf8f07675bc0f58f40174545a3f13b778b0dab08b4af1cdf557380e205a,2026-08-14T21:22:18+00:00,Realme 7i,https://www.whatamobile.com.pk/product/realme-7i/,Yes,false,"[""Blue | Dark Green""]",Weight Unknown,[34999.0],whatamobile.com.pk/whatamobile__realme-7i.json,99892e41b606925624b6f5d8bcf0fb2109b62591d957729f2b1efbc77f023e66,0.87500
df3544458c991484106146ee0442aa8c33153a5de1f4de0afc4cb0064bb7c1b2,2026-08-14T21:24:35+00:00,Realme 8 pro,https://www.whatamobile.com.pk/product/realme-8-pro/,Yes,false,"[""Infinite Blue | Infinite Black | Punk Black | Illuminating Yellow""]",Weight Unknown,[47999.0],whatamobile.com.pk/whatamobile__realme-8-pro.json,70843823c8c5645fd86a4309ce84d369b0c94d7d3f7a050843a99a3f01563b64,0.87500
465483497bb206d8d24672afc743659b77bb2351e3b55e3105d17f14e016bd32,2026-08-14T21:19:51+00:00,Realme 8,https://www.whatamobile.com.pk/product/realme-8/,Yes,false,[],Weight Unknown,[37199.0],whatamobile.com.pk/whatamobile__realme-8.json,134038467ebd7e6a04e1815bda422e6fd8baad22c1a3a566fa81bc39ee8490ef,0.83333
929513ccd85a41a08c3cfc0a3f6a0e5712d04931f054864906abfba433c6665c,2026-08-14T20:44:39+00:00,Realme 8i,https://www.whatamobile.com.pk/product/realme-8i-price-in-pakistan/,Yes,false,[],Weight Unknown,[31999.0],whatamobile.com.pk/whatamobile__realme-8i-price-in-pakistan.json,f500409c5c81cdd31b2d992c9f9c419f3807b49fece4d7c642e6d615037151be,0.79167
f14e505c1de7277ac3fd7a831338274b66cc97353d763eea8b7ffa988dac4045,2026-08-14T18:43:49+00:00,Realme 8s 5G,https://www.whatamobile.com.pk/product/realme-8s-5g-price-in-pakistan/,Yes,false,[],Weight Unknown,[34999.0],whatamobile.com.pk/whatamobile__realme-8s-5g-price-in-pakistan.json,95f0aa71e15a2bfaea738d42fd3994fb4a24b9a54c35055122ab2298f8aa709b,0.79167
e5480219d3388b04a7b633eb33849be2b616050d7d2868b5fc2860623c502d04,2026-08-14T20:13:36+00:00,Realme 9 5G,https://www.whatamobile.com.pk/product/realme-9-5g-price-in-pakistan/,Yes,false,[],Weight Unknown,[64999.0],whatamobile.com.pk/whatamobile__realme-9-5g-price-in-pakistan.json,e7187ea8ad42016890f57b60f26cff693fd07b43afbb12a185bf66a793cb158f,0.79167
8cfdd38309ea15aca27b9afb612c7173f1537d64159575eed576a511035f5009,2026-08-14T21:54:17+00:00,Realme 9,https://www.whatamobile.com.pk/product/realme-9-price-in-pakistan/,Yes,false,"[""Meteor Black | Sunburst Gold | Stargaze White""]",Weight Unknown,[74999.0],whatamobile.com.pk/whatamobile__realme-9-price-in-pakistan.json,59a709dbcf2c33d5fe5864cc022d39f1eb8d23a64c5923e410e0f7b9b05e5dee,0.87500
3484ef81da70d5c93845f0e702f5cc62c545eb1a6774be17dcb4d38f0dfe2800,2026-08-14T22:31:44+00:00,Realme 9 Pro Plus,https://www.whatamobile.com.pk/product/realme-9-pro-plus-price-in-pakistan/,Yes,false,[],Weight Unknown,[79999.0],whatamobile.com.pk/whatamobile__realme-9-pro-plus-price-in-pakistan.json,d3dd61db67cf56d2a6439e3f656798079baa61877f7e6aed7d8c214abbe50275,0.79167
aff0466220c9d78d4ac2525634b6aeab6875cbd1fc652d0b0c5ae5ef68ccad99,2026-08-14T18:04:46+00:00,Realme 9i,https://www.whatamobile.com.pk/product/realme-9i/,Yes,false,"[""Black | Blue""]",Weight Unknown,[36999.0],whatamobile.com.pk/whatamobile__realme-9i.json,dc06482def779e76603da778544d770a3d03ff3bc95ccf6ffa9b079582fb71c6,0.87500
6f9064bcb8df5b20b91a2080a354147d418e0125c2b6f1fabe39a9fa8d245c55,2026-08-14T22:12:06+00:00,Realme C1,https://www.whatamobile.com.pk/product/realme-c1/,Yes,false,"[""Mirror Black"",""Navy Blue""]",Weight Unknown,[17500.0],whatamobile.com.pk/whatamobile__realme-c1.json,1cd680c273ed7a8d464f6c93ed3700448c8f3b65f54279c371646210cd7b1579,0.83333
a65fdb17dc2f95d98f6906a66420124d52d0b646d4bfef896056f4a5e9c0d0aa,2026-08-14T21:13:36+00:00,Realme C11,https://www.whatamobile.com.pk/product/realme-c11/,Yes,false,"[""Gray | Blue""]",Weight Unknown,[21999.0],whatamobile.com.pk/whatamobile__realme-c11.json,d54bafbf09dad4e0e8ecc46938fa676277cbae0c60ae2f380e5483fb2e60de37,0.87500
34a59bce6804ec87f4ef4227e041d415a1d62cd2da9124df5272185df87175e5,2026-08-14T21:32:58+00:00,Realme C12,https://www.whatamobile.com.pk/product/realme-c12/,Yes,false,"[""Marine Blue | Coral Red | Silver""]",Weight Unknown,[16999.0],whatamobile.com.pk/whatamobile__realme-c12.json,4b4846a2fe1a599acc257b9439834083338446425ebc29a37e9dd285811e8e2e,0.87500
ac06fb69239cc7c2391256abed945ac8db54808e7506dd7c043354ce3a2446d3,2026-08-14T21:43:33+00:00,Realme C15,https://www.whatamobile.com.pk/product/realme-c15/,Yes,false,"[""Marine Blue | Seagull Silver""]",Weight Unknown,[24999.0],whatamobile.com.pk/whatamobile__realme-c15.json,d4e1735dc98a218916b608209f8ce62d7b75e6d3aa542b809fdcfc4212e0df0c,0.87500
69db5ac7dc6155785c13df94e703b92a8add7aaff2894f1ceb835a20eb5dd0e6,2026-08-14T22:31:25+00:00,Realme C17,https://www.whatamobile.com.pk/product/realme-c17/,Yes,false,[],Weight Unknown,[27700.0],whatamobile.com.pk/whatamobile__realme-c17.json,64a718e7ce5c20f4e2e5ceb871d9fde17a9175abeb9485a66a786b795cd139dd,0.83333
150bf858d2d128577461907bc96b16849fc15ebf4a6232699db8bfe34bc0c51e,2026-08-14T20:35:51+00:00,Realme C2 2020,https://www.whatamobile.com.pk/product/realme-c2-2020-price-in-pakistan/,Yes,false,[],Weight Unknown,[18999.0],whatamobile.com.pk/whatamobile__realme-c2-2020-price-in-pakistan.json,d53090c7411331823032bdead9d2054a44abeebf6c121c1af4f03c3353f626e3,0.79167
4538edb29b7fa1bdfadad5c2eedec1791724b9992fb7b41f6342341f561d5ce5,2026-08-14T18:43:37+00:00,Realme C20A,https://www.whatamobile.com.pk/product/realme-c20a-price-in-pakistan/,Yes,false,[],Weight Unknown,[17999.0],whatamobile.com.pk/whatamobile__realme-c20a-price-in-pakistan.json,3eeb529449ce0703e203d3aeef91db5e65cf6d7b490b33e11a4b225d5142d4ae,0.79167
159a243ee9af007e9cd4737824224259d9812755ddac77b75c27e51d94ad60ed,2026-08-14T18:01:27+00:00,Realme C21 32GB,https://www.whatamobile.com.pk/product/realme-c21-32gb/,Yes,false,"[""Cross Black | Cross Blue""]",Weight Unknown,[19999.0],whatamobile.com.pk/whatamobile__realme-c21-32gb.json,8d778d3818fb67180a6ab55f5db97f7ec16865d1efaa39b728b1ac5d737c3436,0.87500
c14b813021c32f07d5316942b7496d2db3bf7b3394197be1b0d018d23a7b774d,2026-08-14T18:03:52+00:00,Realme C21,https://www.whatamobile.com.pk/product/realme-c21/,Yes,false,"[""Cross Black | Cross Blue""]",Weight Unknown,[21599.0],whatamobile.com.pk/whatamobile__realme-c21.json,72cfc9519771a19c6daf863e321f9b614f0b554a1fa963c522e88e9cbe6938f0,0.87500
b1d1496941153a2fd78d7f2a9256f501e08026e422f38751078bbc285d8c7a6b,2026-08-14T18:37:29+00:00,Realme C21Y,https://www.whatamobile.com.pk/product/realme-c21y-2/,Yes,false,[],Weight Unknown,[33299.0],whatamobile.com.pk/whatamobile__realme-c21y-2.json,9be9a9c06a71d28f3a7c20affbec7bbd4d919cae4aea8bdf7ac604f68c1ec438,0.83333
6599f2ce442fd102a315f319189c89608e14dc39d5df4bcab2d0965cc5ea72aa,2026-08-14T20:22:34+00:00,Realme C21Y,https://www.whatamobile.com.pk/product/realme-c21y/,Yes,false,"[""Cross Black | Cross Blue""]",Weight Unknown,[22999.0],whatamobile.com.pk/whatamobile__realme-c21y.json,88bee7f9f541bb0808dc272cd2b94d6e0f562ec712a1b6afeafd29061677753a,0.87500
645ee637f5dc5f736358e9b947c02f36e317ca102cc3f35b7937951907462fde,2026-08-14T21:05:37+00:00,Realme C25,https://www.whatamobile.com.pk/product/realme-c25/,Yes,false,"[""Water Blue | Water Gray""]",Weight Unknown,[26999.0],whatamobile.com.pk/whatamobile__realme-c25.json,ef8cb90ecb93590e96df6ff761f6134102abb87e816695416ec7ab72d3acf8e6,0.87500
10ebfcb787d9b10b9dcc63d1713cd98d97cbc10e05aff59a8075a69ba7fa88fe,2026-08-14T18:03:31+00:00,Realme C25s 64GB,https://www.whatamobile.com.pk/product/realme-c25s-64gb/,Yes,false,"[""Water Blue | Water Gray""]",Weight Unknown,[26999.0],whatamobile.com.pk/whatamobile__realme-c25s-64gb.json,29225c644daa6a421d6e8f38bdfee60a70f6b14061f97b038d62f34d148c96ea,0.87500
274d078a90f8b70f87961ab55ad1a0385cc52e325a2d247c6898343e700a24b7,2026-08-14T20:37:01+00:00,Realme C25s,https://www.whatamobile.com.pk/product/realme-c25s/,Yes,false,"[""Water Blue | Water Gray""]",Weight Unknown,[39999.0],whatamobile.com.pk/whatamobile__realme-c25s.json,24b320d5e3589fc1191abd1d2be9f34ee74bd1d9a46452a936389224deda3b51,0.87500
679526157e87d92542471433385a117fd41f6152b6f30b614a81f728069f6486,2026-08-14T19:45:48+00:00,Realme C25Y,https://www.whatamobile.com.pk/product/realme-c25y/,Yes,false,"[""Glacier Blue | Metal Grey""]",Weight Unknown,[27999.0],whatamobile.com.pk/whatamobile__realme-c25y.json,e9fe68b3d4db04670e57ee477171636b0c8092990eed7e1d84a1293a376dda83,0.87500
648687aa19ddca51ec730c860127702f9e2b16a10f11c8d983999307afb0fe78,2026-08-14T20:52:59+00:00,Realme C3,https://www.whatamobile.com.pk/product/realme-c3-price-in-pakistan/,Yes,false,[],Weight Unknown,[18999.0],whatamobile.com.pk/whatamobile__realme-c3-price-in-pakistan.json,c79ded104573b2f33701fd5271d173833eff78a454bcd13664e6b7d9a2ed1f9a,0.79167
199a80383e8d9c7f254d1806ec7511a2d9c28abcae9de7b9fe964234deaa39d8,2026-08-14T21:04:56+00:00,Realme C30,https://www.whatamobile.com.pk/product/realme-c30-price-in-pakistan/,Yes,false,[],Weight Unknown,[19999.0],whatamobile.com.pk/whatamobile__realme-c30-price-in-pakistan.json,6824590740bc6f4fdcbcf087384425609ccf8d7804e93e919175f81a4c2587b2,0.79167
be450a5ee099d124466b05747acdb1189d1ad6eb887e4a233739bc7d165602ea,2026-08-14T22:27:49+00:00,Realme C30s,https://www.whatamobile.com.pk/product/realme-c30s/,Yes,false,[],Weight Unknown,[23999.0],whatamobile.com.pk/whatamobile__realme-c30s.json,13004d425f5322c6ffae04d18d026e121cf80eb6d646ff361fee3a7508da9de3,0.83333
1b88db54a96603b2167e717c1cd5dd08f4bad542ee7de0ae6f6d976e46cd4575,2026-08-14T22:33:33+00:00,Realme C33,https://www.whatamobile.com.pk/product/realme-c33-price-in-pakistan/,Yes,false,"[""Sandy Gold | Aqua Blue | Night Sea""]",Weight Unknown,[54999.0],whatamobile.com.pk/whatamobile__realme-c33-price-in-pakistan.json,c5dffbbf4e2dea8ff24ff1b8ec2dfd7529148da54c6cd12193fed8cbbb259cf1,0.87500
dfb5aa92ff8d872f66e1728890cf9ccae1bba239ad17b560d5f03c409aeefa3a,2026-08-14T21:38:48+00:00,Realme C35,https://www.whatamobile.com.pk/product/realme-c35/,Yes,false,"[""Glowing Green | Glowing Black""]",Weight Unknown,[39999.0],whatamobile.com.pk/whatamobile__realme-c35.json,bd3a1072239fe2c62315f3a64dcc7d82237626e9fd8cb64ae58a3b057d114b19,0.87500
53b0f426918cd108970b6109547a5f6386a818726bac712e65f94f46ce4dc9fa,2026-08-14T18:43:27+00:00,Realme C3i,https://www.whatamobile.com.pk/product/realme-c3i-price-in-pakistan/,Yes,false,[],Weight Unknown,[14999.0],whatamobile.com.pk/whatamobile__realme-c3i-price-in-pakistan.json,12f7506fe085dbc7793522111d52b5186659359aa1d3ab1632817113c1b5574d,0.79167
cb408216d479c5f154e38bd6ff64e0bedbdfc13ca5ec77deeb8b56fde3bf2b06,2026-08-14T18:45:35+00:00,Realme C3s Pro,https://www.whatamobile.com.pk/product/realme-c3s-pro-price-in-pakistan/,Yes,false,[],Weight Unknown,[55000.0],whatamobile.com.pk/whatamobile__realme-c3s-pro-price-in-pakistan.json,26ca2a49631b8792be38d5e0948c1d039d16282f667880077300c31dfbba3a01,0.79167
8a89d2ca195a00b06840863c9c9a20f7276c4cafa3f6b8ba62115ea1c40e8561,2026-08-14T21:22:57+00:00,Realme C51,https://www.whatamobile.com.pk/product/realme-c51/,Yes,false,"[""Mint Green | Carbon Black""]",Weight Unknown,[27999.0],whatamobile.com.pk/whatamobile__realme-c51.json,405f3b8ecfbaff56be9507ca2e9ed901e3be8f97c50ee60093ca64c916b5c61d,0.87500
96c8ef3d0ce96ae603cb16d7f98960ff98da0e3a0f3d29b64b75c36df7b0afad,2026-08-14T20:56:08+00:00,Realme C53,https://www.whatamobile.com.pk/product/realme-c53/,Yes,false,"[""Champion Gold | Mighty Black""]",Weight Unknown,[34999.0],whatamobile.com.pk/whatamobile__realme-c53.json,7bf3b52bd9509c655444803e0d1b92393ccb5066096b5ec67e051f88e89c4855,0.87500
17a50ced9dc944d51ccc7316322ac76c9886b331d526200664786d4f55ae8acb,2026-08-14T22:28:19+00:00,Realme C55,https://www.whatamobile.com.pk/product/realme-c55/,Yes,false,[],Weight Unknown,[54999.0],whatamobile.com.pk/whatamobile__realme-c55.json,7ca0dc4ce411dbfb0f9c80ed77916f8f1e1948e0cf45a2349f89b1f5f9c5f66c,0.79167
f926db6c986b3eee05303ad07031d1f124a4e750e18149f15f9e810ebcc65985,2026-08-14T20:13:26+00:00,Realme C61,https://www.whatamobile.com.pk/product/realme-c61/,Yes,false,[],Weight Unknown,[42999.0],whatamobile.com.pk/whatamobile__realme-c61.json,230ef7cf0988e0e55c2d6af40c4596ccfb20fc362196d363418192fe0496697e,0.83333
a9e06faaa70697848f0bea7fabcc772858034eda785a722d7bc85259ab086887,2026-08-14T20:58:35+00:00,Realme C65,https://www.whatamobile.com.pk/product/realme-c65/,Yes,false,[],Weight Unknown,[39999.0],whatamobile.com.pk/whatamobile__realme-c65.json,cc695ce0b2f78bc1695bd5a03d6828b37fe08e2beb4e5074460e46c49bd91abb,0.83333
fd2745c6aacd1e1f63969b7fe4f51091db5bd6df39942ef3ce7f669ccf96ea11,2026-08-14T20:47:09+00:00,Realme C67,https://www.whatamobile.com.pk/product/realme-c67/,Yes,false,"[""Sunny Oasis | Black Rock""]",Weight Unknown,[47999.0],whatamobile.com.pk/whatamobile__realme-c67.json,c0912c6da6c7507681b1709655380bfa00e02d94935240b0b056ea6ffc5d9a3c,0.87500
bf9802bc2124e88cced148a2ac739e912ec5edd2d7d9cad0d0a7a15fb9b9dd92,2026-08-14T20:03:19+00:00,"Realme C71 (6GB, 128GB, Forest Owl)",https://www.whatamobile.com.pk/product/realme-c71-6gb-128gb-forest-owl/,Speakerphone,false,"[""White Swan"",""Forest Owl""]",Weight Unknown,[36390.0],whatamobile.com.pk/whatamobile__realme-c71-6gb-128gb-forest-owl.json,5583966ce626d41ceb56c603eb9410ca47e016b19ea73fcb661324f08d15c45f,0.87500
17a2546a74584a5a4007aef563a92305e8eb0176a3d1159ecc85246920ffe0a7,2026-08-14T20:03:08+00:00,"Realme C71 (6GB, 128GB, White Swan)",https://www.whatamobile.com.pk/product/realme-c71-6gb-128gb-white-swan/,Speakerphone,false,"[""White Swan"",""Forest Owl""]",Weight Unknown,[36390.0],whatamobile.com.pk/whatamobile__realme-c71-6gb-128gb-white-swan.json,920c81c348003d064fa05ab66b555cd8690ec1a1a91d7dd29774b3c70eb07f63,0.87500
89b56189b33fe088a35291589eca85e08f3befdadaab4ce27ca1511b4c127187,2026-08-14T20:03:31+00:00,"Realme C71 (8GB, 128GB, Forest Owl)",https://www.whatamobile.com.pk/product/realme-c71-8gb-128gb-forest-owl/,Speakerphone,false,"[""White Swan"",""Forest Owl""]",Weight Unknown,[38690.0],whatamobile.com.pk/whatamobile__realme-c71-8gb-128gb-forest-owl.json,c65b4010ad50535c89f26c9314940da7ad6c7ae07310770b01cd66aeba0ef003,0.87500
bb1f8af7c5a2c0123d37b02796fd0c6095c8a0bfafd69283ae9f3936883d5e60,2026-08-14T20:03:42+00:00,"Realme C71 (8GB, 128GB, White Swan)",https://www.whatamobile.com.pk/product/realme-c71-8gb-128gb-white-swan/,Speakerphone,false,"[""White Swan"",""Forest Owl""]",Weight Unknown,[38690.0],whatamobile.com.pk/whatamobile__realme-c71-8gb-128gb-white-swan.json,bde18d5f780b870736b99c259ed52df16dd821dfd588fe727900e0e61e4ee4ad,0.87500
51a741d4e564aba0f76924a3895b0162cfa86ddc10f0bc8dff25a5b5b3e40a46,2026-08-14T19:52:56+00:00,"Realme C85 (8GB, 128GB, Kingfisher Blue)",https://www.whatamobile.com.pk/product/realme-c85-8gb-128gb-kingfisher-blue/,,false,"[""Kingfisher Blue"",""Swan Black""]",Weight Unknown,[49590.0],whatamobile.com.pk/whatamobile__realme-c85-8gb-128gb-kingfisher-blue.json,96dae2542547680962cf3c57195491323ca2a27ce11cbfdd4f4f667af95a104b,0.87500
df33e208a53b4e285af4f22984879c4410ea39f5f4f702c9a76544e981793cc4,2026-08-14T19:53:16+00:00,"Realme C85 (8GB, 128GB, Swan Black)",https://www.whatamobile.com.pk/product/realme-c85-8gb-128gb-swan-black/,,false,"[""Kingfisher Blue"",""Swan Black""]",Weight Unknown,[49590.0],whatamobile.com.pk/whatamobile__realme-c85-8gb-128gb-swan-black.json,46698db6726c9e4530aa9235aa0cfacaed1dbd0a80338c95eb59c51309c65fbc,0.87500
14bc62fcf34a45b448ab28bd5407699d341859c29c15fda7d6ce750534f177a5,2026-08-14T19:53:24+00:00,"Realme C85 (8GB, 256GB, Kingfisher Blue)",https://www.whatamobile.com.pk/product/realme-c85-8gb-256gb-kingfisher-blue/,,false,"[""Kingfisher Blue"",""Swan Black""]",Weight Unknown,[53190.0],whatamobile.com.pk/whatamobile__realme-c85-8gb-256gb-kingfisher-blue.json,ea99ac2e6c2d122ca8e3d03e9d590ee49aa4dbd44c1eb800bffd97113389d8e2,0.87500
f5350d151b49a5f72bbf1ce7426c850de0b85e3f18d8a15bc127a96c694aef46,2026-08-14T19:53:34+00:00,"Realme C85 (8GB, 256GB, Swan Black)",https://www.whatamobile.com.pk/product/realme-c85-8gb-256gb-swan-black/,,false,"[""Kingfisher Blue"",""Swan Black""]",Weight Unknown,[53190.0],whatamobile.com.pk/whatamobile__realme-c85-8gb-256gb-swan-black.json,5f5ef6bd3a756e6cf9ccd9d4935d9b95677a12415d63187631a5e2e24d51359e,0.87500
8ce0706a950da687adaf0545a066523cbc01733906d22dc4b2def2b65393f278,2026-08-14T19:56:33+00:00,"Realme C85 Pro (8GB, 128GB, Peacock Green)",https://www.whatamobile.com.pk/product/realme-c85-pro-8gb-128gb-peacock-green/,Yes,false,"[""Parrot Purple"",""Peacock Green""]",Weight Unknown,[52990.0],whatamobile.com.pk/whatamobile__realme-c85-pro-8gb-128gb-peacock-green.json,8a80f8f5673d700e28aed388693a0ba750d270ce09724a973e1988d8b9075208,0.87500
0584dd5bd876de5154581ce0775a015e5a86b1a4bfc492c4f44e2674935866c5,2026-08-14T19:56:41+00:00,"Realme C85 Pro (8GB, 128GB, Peacock Purple)",https://www.whatamobile.com.pk/product/realme-c85-pro-8gb-128gb-peacock-purple/,Yes,false,"[""Parrot Purple"",""Peacock Green""]",Weight Unknown,[52990.0],whatamobile.com.pk/whatamobile__realme-c85-pro-8gb-128gb-peacock-purple.json,cff3cf722a575cbb4c83b5f7e3c9d86125d207f9774ab00c90fbf9d12d938e26,0.87500
96059f8071a554c0d3537137285ad1d304ac1bc1254616d008602d97ecfce8d1,2026-08-14T19:56:51+00:00,"Realme C85 Pro (8GB, 256GB, Peacock Green)",https://www.whatamobile.com.pk/product/realme-c85-pro-8gb-256gb-peacock-green/,Yes,false,"[""Parrot Purple"",""Peacock Green""]",Weight Unknown,[56790.0],whatamobile.com.pk/whatamobile__realme-c85-pro-8gb-256gb-peacock-green.json,28956905ac8855fd2da50907635bb3dd50c9bd1883efe46484ee1073161bc419,0.87500
117c60161702a67b3410827c5fa7b4bdcec9eb29f761bbf197a5cb4f0a4a6b78,2026-08-14T19:57:01+00:00,"Realme C85 Pro (8GB, 256GB, Peacock Purple)",https://www.whatamobile.com.pk/product/realme-c85-pro-8gb-256gb-peacock-purple/,Yes,false,"[""Parrot Purple"",""Peacock Green""]",Weight Unknown,[56790.0],whatamobile.com.pk/whatamobile__realme-c85-pro-8gb-256gb-peacock-purple.json,7f6ad9dd9e8a18e51f5f4247fa1bcfa07afd30db64b372f9f98cbde7858e303b,0.87500
bede1caf8b3b65343c6288509985942300cb279a630a102f4a0f7fa8fcbb12bb,2026-08-14T21:09:57+00:00,Realme GT 2 Pro,https://www.whatamobile.com.pk/product/realme-gt-2-pro-price-in-pakistan/,Yes,false,[],Weight Unknown,[89999.0],whatamobile.com.pk/whatamobile__realme-gt-2-pro-price-in-pakistan.json,d0e6e919bf0c4d6a798ec05e6e7769120a9a62d4abf8e496ae36f5c499968c94,0.79167
39ff5f33d888982272808cd2f6be0209fdb02738c2f8a9fb5b0772da9d29e971,2026-08-14T21:00:57+00:00,Realme GT 6T,https://www.whatamobile.com.pk/product/realme-gt-6t/,Yes,false,[],Weight Unknown,[104999.0],whatamobile.com.pk/whatamobile__realme-gt-6t.json,3fe4a02539441d04fe8f26c39b1ca26b79900941408dadf5dd0329fb4b3ca88a,0.83333
3c93f5b867282b205efc1df3bdbcf0fd76a5410b16747453e6dbfaad53c90a92,2026-08-14T22:25:12+00:00,Realme GT Master Edition,https://www.whatamobile.com.pk/product/realme-gt-master-edition/,Yes,false,"[""Gray | White | Aurora""]",Weight Unknown,[76999.0],whatamobile.com.pk/whatamobile__realme-gt-master-edition.json,25cde14c3a6aee1e6114accb6cd8f6ac8ce7b2d2118956003f5387da7e75462f,0.87500
c0f97abe2427ef3f8ba7b3af62d07176c16f9fc7f74fbf55be629c1566cece2e,2026-08-14T18:46:54+00:00,Realme GT Neo 3T,https://www.whatamobile.com.pk/product/realme-gt-neo-3t-price-in-pakistan/,Yes,false,[],Weight Unknown,[96999.0],whatamobile.com.pk/whatamobile__realme-gt-neo-3t-price-in-pakistan.json,cd52e0167f8c5254be2b7c42a280647bb4e27adeea348d16751a7fc3e87e8ffc,0.79167
1c1aced69a661d642d913ba30a1de5e4aba4b28d25c541c1e0673610e350d28d,2026-08-14T18:47:39+00:00,Realme GT Neo,https://www.whatamobile.com.pk/product/realme-gt-neo-price-in-pakistan/,Yes,false,[],Weight Unknown,[134999.0],whatamobile.com.pk/whatamobile__realme-gt-neo-price-in-pakistan.json,cf16aee38deb399beb1d2d53c4a31cf269294587e071660001cf2729742e61e7,0.79167
65afa148d320bbbdfccdd267a7db878406f9e9a5f380ba44daeff7d5c46f14bc,2026-08-14T21:51:42+00:00,Realme GT2 Pro,https://www.whatamobile.com.pk/product/realme-gt2-pro/,Yes,false,[],Weight Unknown,[89999.0],whatamobile.com.pk/whatamobile__realme-gt2-pro.json,76bdc0a3d4bb5e04d9cdfa42cbef9a143cbcaf9938510fc0bd7d848f64848ac0,0.83333
d2690299613068cb430d7c1973c7d751223c090c464bcd4120013cd92898e2ae,2026-08-14T21:59:25+00:00,Realme Narzo 20 Pro,https://www.whatamobile.com.pk/product/realme-narzo-20-pro/,Yes,false,[],Weight Unknown,[48000.0],whatamobile.com.pk/whatamobile__realme-narzo-20-pro.json,b62f4d4fd14870af1bbb3710eb4597a698464259187bb8548ccfd4d13770ed9a,0.83333
023b10d3e6c7f9d6b9fa285b4846bdb6d36f1ac1589294275bb3266ee7264e13,2026-08-14T20:26:41+00:00,Realme Narzo 20A,https://www.whatamobile.com.pk/product/realme-narzo-20a-price-in-pakistan/,Yes,false,[],Weight Unknown,[35000.0],whatamobile.com.pk/whatamobile__realme-narzo-20a-price-in-pakistan.json,bfe4cc3ba505df74dec93da05c9a89488ff745f0d180f1c935ee4765f9b4cec4,0.79167
b22ee6954ad90e36ed4ca956bed70e9a3f94bdc081ec3223058a942c7d23574e,2026-08-14T20:20:17+00:00,Realme Narzo 30,https://www.whatamobile.com.pk/product/realme-narzo-30/,Yes,false,"[""Racing Blue | Racing Silver""]",Weight Unknown,[32999.0],whatamobile.com.pk/whatamobile__realme-narzo-30.json,a026f531ca68cc5df0d61b02b10f4d71229994302efea5b35cf2a5b677e6ad16,0.87500
54452f1227bdcf740a89f7e6c94f2f17eb6c6c3d65b3500782573a9f261ef744,2026-08-14T22:16:26+00:00,Realme Narzo 30A,https://www.whatamobile.com.pk/product/realme-narzo-30a/,Yes,false,"[""Laser Black | Laser Blue""]",Weight Unknown,[20599.0],whatamobile.com.pk/whatamobile__realme-narzo-30a.json,8eb32a57dde8bf618013f5d1f5390e0c1b5655da7ba207a4e54d88efe57e5c59,0.87500
8840eba70bdf0460aeb52fe5b94380eae0739c2ef91d2fd89cdd2295cec22d17,2026-08-14T20:12:45+00:00,Realme Narzo 50 Pro 5G,https://www.whatamobile.com.pk/product/realme-narzo-50-pro-5g-price-in-pakistan/,Yes,false,[],Weight Unknown,[64999.0],whatamobile.com.pk/whatamobile__realme-narzo-50-pro-5g-price-in-pakistan.json,fff85885551fa990fc866404eadbeaf25e153ada19dc1b4ec8939c48d327220b,0.79167
2c7aea29b983e28a8949bf08322f764da30cb3fd69fba647a8ded63592828245,2026-08-14T18:36:38+00:00,Realme Narzo 50,https://www.whatamobile.com.pk/product/realme-narzo-50/,Yes,false,[],Weight Unknown,[34899.0],whatamobile.com.pk/whatamobile__realme-narzo-50.json,bb84fb180c892777d6bba1250f2475cced0afb55c5f85a550bcd4144105dcd1b,0.83333
43ccbf324c513412f53c7d4cc96a11f21579464bca1e88f5ca09047c9eeb9580,2026-08-14T22:09:14+00:00,Realme Narzo 50A Prime,https://www.whatamobile.com.pk/product/realme-narzo-50a-prime-price-in-pakistan/,Yes,false,[],Weight Unknown,[36999.0],whatamobile.com.pk/whatamobile__realme-narzo-50a-prime-price-in-pakistan.json,d9d2b787f3abf48b5ac95f7d191264084d2c45b532aed3620bf9a0b45c8d752a,0.79167
92d327a98e3227a5806ee1163eae51a78b0231e206f553962d2705df1d1f14d9,2026-08-14T22:42:48+00:00,Realme Narzo 50i Prime,https://www.whatamobile.com.pk/product/realme-narzo-50i-prime-price-in-pakistan/,Yes,false,[],Weight Unknown,[19999.0],whatamobile.com.pk/whatamobile__realme-narzo-50i-prime-price-in-pakistan.json,dcea3b9d0f0516393af4cb360e51883a5b1a4a15fdb2e596f0cab1ae0c227b72,0.79167
747c95f1555353e31debdb694c1c58907dafab6ac9b976e60d78a3ebbc7a2737,2026-08-14T21:51:54+00:00,Realme Narzo N55,https://www.whatamobile.com.pk/product/realme-narzo-n55/,Yes,false,[],Weight Unknown,[49999.0],whatamobile.com.pk/whatamobile__realme-narzo-n55.json,05f39ba200741a2b6f33e8d75f1b256dfb1a3b5358e5a7222ed7e054eb74f34e,0.83333
31473b3f0186d045fda4a84f301120cba245fe99f07a9d9f3702e7a4cdf11e14,2026-08-14T22:02:22+00:00,Realme Narzo N63,https://www.whatamobile.com.pk/product/realme-narzo-n63/,Yes,false,[],Weight Unknown,[32100.0],whatamobile.com.pk/whatamobile__realme-narzo-n63.json,eb24a38b4f07e74e0f349aaa394bafe32a7925d6303b340e22023b57127bb7e7,0.83333
35e4f33dbefcd1d35b34c6196e892c589fc15462d9a69bb462f6dc14ec9fc9f8,2026-08-14T23:00:26+00:00,Realme Note 50,https://www.whatamobile.com.pk/product/realme-note-50/,Yes,false,"[""Midnight Black / Sky Blue""]",Weight Unknown,[21599.0],whatamobile.com.pk/whatamobile__realme-note-50.json,f913b530886e949aee0ebd6230aee59eb08af7538a2ab9a832aded05fb9fe2ad,0.87500
bfcd69e816ce1c679f04cb7d15548d70771d7cde39eeb7c0a6163e32541b64ae,2026-08-14T20:10:16+00:00,"Realme Note 60x (4GB, 128GB, Marble Black)",https://www.whatamobile.com.pk/product/realme-note-60x-4gb-128gb-marble-black/,Yes,false,[],Weight Unknown,[28190.0],whatamobile.com.pk/whatamobile__realme-note-60x-4gb-128gb-marble-black.json,7228560254bc8f53e4f532013bf8df99965cd822b016d77e453a00deed3bd774,0.83333
aaabb9a44167cabf2188b3d73667a7d6d5de492c0ff1b732335a7b894cea4119,2026-08-14T20:10:07+00:00,"Realme Note 60x (4GB, 64GB, Marble Black)",https://www.whatamobile.com.pk/product/realme-note-60x-4gb-64gb-marble-black/,Yes,false,[],Weight Unknown,[26190.0],whatamobile.com.pk/whatamobile__realme-note-60x-4gb-64gb-marble-black.json,b071d927ee87e20aee0285320debf11a43d92018153baea3295ed91b98c4fd10,0.83333
e832ff3274c13d40530cf9d92e3f697b23e5b4dd030a1c5db0c24ee0e028416f,2026-08-14T18:45:24+00:00,Realme Q3 5G,https://www.whatamobile.com.pk/product/realme-q3-5g-price-in-pakistan/,Yes,false,[],Weight Unknown,[47999.0],whatamobile.com.pk/whatamobile__realme-q3-5g-price-in-pakistan.json,99fa53506a289d14238f24aeed2011fdbf5fe2be41e883f63da705a00e1c7324,0.79167
5c690cc5b7ed13fc5fe53f9b64ef6192328428829cfa2fbce5d53c245f52c933,2026-08-14T18:46:08+00:00,Realme Q5 Pro,https://www.whatamobile.com.pk/product/realme-q5-pro-price-in-pakistan/,Yes,false,[],Weight Unknown,[79999.0],whatamobile.com.pk/whatamobile__realme-q5-pro-price-in-pakistan.json,4a0bb4d97578beacd0a180cbaa93a9d3b929641d0ea39fd6398a375989329a9d,0.79167
61579fc40a3fceb8c1248957c49115795fd73dd3979cafbeef9105c6ac7e4774,2026-08-14T18:44:59+00:00,Realme Q5i,https://www.whatamobile.com.pk/product/realme-q5i-price-in-pakistan/,Yes,false,[],Weight Unknown,[43999.0],whatamobile.com.pk/whatamobile__realme-q5i-price-in-pakistan.json,dfcf45cfc45d73e77be96c9f50c2ba9215d7b895b0958027559a609fab8e40a1,0.79167
7e49fa67a0bf55ad7a52f27f5d6a85cfce044a1b84bd18445d546a245bab51c6,2026-08-14T19:40:56+00:00,Realme U1,https://www.whatamobile.com.pk/product/realme-u1/,Yes,false,"[""Brave Blue"",""Fiery Gold"",""Ambitious Black""]",Weight Unknown,[30000.0],whatamobile.com.pk/whatamobile__realme-u1.json,b54c7e2134d975892d7478dcd078460d04dbf0c8a9a33865377c8e813d19efca,0.83333
0f12638e6eed5bdeca191d272372796875e4d58005c4b6dbaa8df230cf3215ce,2026-08-14T18:44:24+00:00,Realme V11s,https://www.whatamobile.com.pk/product/realme-v11s-price-in-pakistan/,Yes,false,[],Weight Unknown,[39999.0],whatamobile.com.pk/whatamobile__realme-v11s-price-in-pakistan.json,fe4cd1868981fd4fb0ea867f1607828aa0b96e58e3846f4d8174e6e3834e46f5,0.79167
c429a4e2abde429259d5627fc8b6d8d89803ef126f380ec35021e49ca77acbe0,2026-08-14T18:44:36+00:00,Realme V13 5G,https://www.whatamobile.com.pk/product/realme-v13-5g-price-in-pakistan/,Yes,false,[],Weight Unknown,[39999.0],whatamobile.com.pk/whatamobile__realme-v13-5g-price-in-pakistan.json,60495452cdc0d8e9372dc443016df95028a67cd0ed72eac91453c06343b2c48f,0.79167
b734ae975d4a650754b75c083748ea1b5a5961b331a89b8af05432c991c15719,2026-08-14T21:42:45+00:00,Realme V23,https://www.whatamobile.com.pk/product/realme-v23-price-in-pakistan/,Yes,false,[],Weight Unknown,[49999.0],whatamobile.com.pk/whatamobile__realme-v23-price-in-pakistan.json,b3df37df6da4a80f66097013d2053c803e39271097ccec39ac4aa30d82fdd3cc,0.79167
792d902ea1373fca77ca8f20627dcc417635c8a8333997ab981da3f3f95822f4,2026-08-14T18:45:12+00:00,Realme V23i,https://www.whatamobile.com.pk/product/realme-v23i-price-in-pakistan/,Yes,false,[],Weight Unknown,[44999.0],whatamobile.com.pk/whatamobile__realme-v23i-price-in-pakistan.json,ab560da2c521483422558843107c1f58c7b0014d4d1ebb2038e051292aef679e,0.79167
9fb7ecfda074de2496e7173b4cb4a144cea592218e0a5c8e88d9134d5eda691d,2026-08-14T21:20:49+00:00,Realme V30,https://www.whatamobile.com.pk/product/realme-v30/,Yes,false,[],Weight Unknown,[44999.0],whatamobile.com.pk/whatamobile__realme-v30.json,d50300002f6c94a0db44a4086545ab42b3c70ac8b80b862f7a46dfb911fc58dc,0.83333
6cb37931693c8b4ffb66844a0b35684a81cf413b7e65c70e51ae296f03d95ff0,2026-08-14T18:44:12+00:00,Realme V5 5G,https://www.whatamobile.com.pk/product/realme-v5-5g-price-in-pakistan/,Yes,false,[],Weight Unknown,[37000.0],whatamobile.com.pk/whatamobile__realme-v5-5g-price-in-pakistan.json,ffd8653f6b038dcc4946dcea13e808fb651780047fa23714fd88daae638b9243,0.79167
638bfb606798d2e93574c07832eafe4f2cf8d82d59e8f5e077b75bcb260a6d0c,2026-08-14T18:45:56+00:00,Realme X3 5G,https://www.whatamobile.com.pk/product/realme-x3-5g-price-in-pakistan/,Yes,false,[],Weight Unknown,[60000.0],whatamobile.com.pk/whatamobile__realme-x3-5g-price-in-pakistan.json,d636f8b9a4c1e1dc9f12d6a7821911d1f63e9d428d6dd7877c1184431faffe9f,0.79167
c6ecaf48f0c53b90b694abeb9df68d4014ec255b3548d8a4e5f4c4993eacad62,2026-08-14T20:49:17+00:00,Realme X3 Super Zoom,https://www.whatamobile.com.pk/product/realme-x3-super-zoom/,Yes,false,"[""Glacier Blue | Arctic White""]",Weight Unknown,[79999.0],whatamobile.com.pk/whatamobile__realme-x3-super-zoom.json,107a0794aea59dfc50dece446d0ea29fd82c9bdbbfd7d4b7de1f215c59ed13cc,0.87500
3781022b5d9caf5db25012ec23a78b1a7ab07d3fba57df6728a4609fb172c6f5,2026-08-14T18:46:29+00:00,Realme X30 Pro,https://www.whatamobile.com.pk/product/realme-x30-pro-price-in-pakistan/,Yes,false,[],Weight Unknown,[85000.0],whatamobile.com.pk/whatamobile__realme-x30-pro-price-in-pakistan.json,57e51c975f085cc0f54337f108fd7724497c6afcda53e74d7bc30edc41fd5ab7,0.79167
eea918bda15aafc604be143fde882aeff602dee53405fec6381fbe8fb513072f,2026-08-14T18:47:16+00:00,Realme X50 Lite,https://www.whatamobile.com.pk/product/realme-x50-lite-price-in-pakistan/,Yes,false,[],Weight Unknown,[102400.0],whatamobile.com.pk/whatamobile__realme-x50-lite-price-in-pakistan.json,6870484436c84cdf51c27057eab41f6da6b8e93accfc7304be179186fa8dd9c5,0.79167
af89c1266cd1416425ac8612a28f3118e352f23571ff88a9837512a229456822,2026-08-14T18:47:26+00:00,Realme X50 pro 5G,https://www.whatamobile.com.pk/product/realme-x50-pro-5g-price-in-pakistan/,Yes,false,[],Weight Unknown,[110000.0],whatamobile.com.pk/whatamobile__realme-x50-pro-5g-price-in-pakistan.json,46673bc9b74386e7a15dce7bbbfbd3dbd34e34fd7807d73a89fa93cea1699f3e,0.79167
6c7f07e65b512f95e1ea9a14a003802c3324b2419e58b410f52fb202752b2dce,2026-08-14T18:47:05+00:00,Realme X50 Pro Player Edition,https://www.whatamobile.com.pk/product/realme-x50-pro-player-edition-price-in-pakistan/,Yes,false,[],Weight Unknown,[100000.0],whatamobile.com.pk/whatamobile__realme-x50-pro-player-edition-price-in-pakistan.json,3bf382d081ed113c2e3a10b91290cb59b11b57777233a7fbf7a5060555768a8c,0.79167
d672a3b10369d4e79a6c857da2f6a05276eb72ff2a708faf4159cf71db977eea,2026-08-14T18:46:41+00:00,Realme X50 T 5G,https://www.whatamobile.com.pk/product/realme-x50-t-5g-price-in-pakistan/,Yes,false,[],Weight Unknown,[91800.0],whatamobile.com.pk/whatamobile__realme-x50-t-5g-price-in-pakistan.json,4416550f12cc63433f675665fd88828ed7400f7aa95af9941168cc87fbf7513a,0.79167
e9737023f91b87a7e858260fe73ef66da509ac8708ea761e9ae2fbfb2623734d,2026-08-14T21:16:12+00:00,Realme X7 Pro,https://www.whatamobile.com.pk/product/realme-x7-pro-price-in-pakistan/,Yes,false,[],Weight Unknown,[59999.0],whatamobile.com.pk/whatamobile__realme-x7-pro-price-in-pakistan.json,9ac356822c05eaa81d3b14357abec5ae76d4b435c0276435867c7711e778b096,0.79167
f79da9931fb2df34e8d73f033c34eff8bc824ba695eee00fde4dcdd67bd4c4f4,2026-08-14T22:39:59+00:00,Realme X70 Pro,https://www.whatamobile.com.pk/product/realme-x70-pro-price-in-pakistan/,Yes,false,[],Weight Unknown,[90000.0],whatamobile.com.pk/whatamobile__realme-x70-pro-price-in-pakistan.json,0d80a1385a0b2e76b6c69d81fb058aa46370da47d47466530c247dee9a2b8f2a,0.79167
c2c3003b2784454ed1b3c9e7829cdff997d8aed7ad15132b0337da0402d11c3c,2026-08-14T18:04:03+00:00,Realme XT,https://www.whatamobile.com.pk/product/realme-xt/,Yes,false,"[""Pearl White | Pearl Blue""]",Weight Unknown,[54999.0],whatamobile.com.pk/whatamobile__realme-xt.json,9b08fc4a3f0d7e0b23535a7435a5821dbb177e6e74b1b985d2d104e5759c3c32,0.87500
0649bc6272c2cb95d4aad48cfc5ed5a837a9ca9a7c91d090efcf5411ab6be7c0,2026-08-14T21:58:54+00:00,Realme Y31,https://www.whatamobile.com.pk/product/realme-y31/,Yes,false,[],Weight Unknown,[40999.0],whatamobile.com.pk/whatamobile__realme-y31.json,7000e132e6adb60559642ab395b7e744a3c649904b16b7622a7718f8d054214c,0.87500
c78109ce47a21e04cb3d74039d92d72bbca7b28cfab3ec47725f2a618300b1d7,2026-08-14T22:41:19+00:00,Redmi 10,https://www.whatamobile.com.pk/product/redmi-10/,Yes,false,[],Weight Unknown,[28499.0],whatamobile.com.pk/whatamobile__redmi-10.json,f460075accc63c90c717354b9b4dcf2479c15026a7b557e1d6b8929dd08bdb08,0.83333
011f59e8ef5b8ec98ec8de71a325d5925ab833677dcefbfb5bcea1bcc047fb4a,2026-08-14T22:32:45+00:00,Redmi 12,https://www.whatamobile.com.pk/product/redmi-12/,Yes,false,[],Weight Unknown,[29699.0],whatamobile.com.pk/whatamobile__redmi-12.json,5d8f05cc37441dc69aa6ca2c6545e39bb3a05610dc142a0f095934482b8995d2,0.83333
99b15983b9702d32f8e9955d7e4336a4b27407963d3c2fe10c8acde5fea1ca76,2026-08-14T21:11:28+00:00,Redmi 14C,https://www.whatamobile.com.pk/product/redmi-14c/,Yes,false,[],Weight Unknown,[26399.0],whatamobile.com.pk/whatamobile__redmi-14c.json,4e3c2c25e831b1432064de3bb5c86dfa07d79c8b9f46ff57ab189fbb800150bc,0.83333
422e63ca54f283f4b7c6bf826ae48172fd183f2b94c7ab537f2a7909883959ab,2026-08-14T21:08:12+00:00,Redmi A3,https://www.whatamobile.com.pk/product/redmi-a3/,Yes,false,[],Weight Unknown,[18199.0],whatamobile.com.pk/whatamobile__redmi-a3.json,63546b9b235762cb6145a797343139002f014c659640844fe0e07f01b9d80d30,0.83333
4d20b82c37af1e68d3e64186e993c6a38d94ab24b6b61561e350ef000e83212f,2026-08-14T20:56:29+00:00,Redmi A3x,https://www.whatamobile.com.pk/product/redmi-a3x/,Yes,false,[],Weight Unknown,[18999.0],whatamobile.com.pk/whatamobile__redmi-a3x.json,8ab09c1529d40ebbd6d877e6f9124ff192eb31b2cc43edc14315d9d15e97275c,0.83333
3e8ab2e9f325f26cade9fffa14a9a579d04c1d0ff0ac2a31101c0defd34af667,2026-08-14T20:38:25+00:00,Redmi Note 12,https://www.whatamobile.com.pk/product/redmi-note-12/,Yes,false,[],Weight Unknown,[54999.0],whatamobile.com.pk/whatamobile__redmi-note-12.json,30d4251b9dc08161a3c82c8110bbcee02cd1d1c8cfb310ab8845c61bb287b446,0.83333
4e1c671fbd54404ae46b2833cddefb6fd7201837790c45afe17284638e500f21,2026-08-14T19:51:48+00:00,Redmi Note 12S,https://www.whatamobile.com.pk/product/redmi-note-12s/,Yes,false,[],Weight Unknown,[69499.0],whatamobile.com.pk/whatamobile__redmi-note-12s.json,9e5fde48389644ee9963217da7d868603f70926c9455ad21c7544c74a912a6c3,0.83333
b710de64af3278aee4bd854bc4b8d94b1eef77d5c99f908757ee986251e997d8,2026-08-14T22:33:54+00:00,Redmi Note 13 Pro,https://www.whatamobile.com.pk/product/redmi-note-13-pro/,Yes,false,[],Weight Unknown,[69999.0],whatamobile.com.pk/whatamobile__redmi-note-13-pro.json,8fb8bdd9f8afc3ca5ec74a3d4b42dcc445d2c002a52e78f2436d5eb477510244,0.79167
e4d6ebb8b385c0fcec037bafa0998d3f5a1ba9f0ac31c5a4d8e834ec504cb27a,2026-08-14T19:51:29+00:00,Redmi Note 14 Pro Plus,https://www.whatamobile.com.pk/product/redmi-note-14-pro-plus/,Yes,false,[],Weight Unknown,[137999.0],whatamobile.com.pk/whatamobile__redmi-note-14-pro-plus.json,b91c8719e61ef76cef6f97699a85b2a2274a6f4cd8f897424d066cbe921becdf,0.79167
0a44174906cf040064b5eaa1acc249aac1b00588e6f1fb5ff92a24ba3d54980c,2026-08-14T19:51:37+00:00,Redmi Note 14 Pro,https://www.whatamobile.com.pk/product/redmi-note-14-pro/,Yes,false,[],Weight Unknown,[73999.0],whatamobile.com.pk/whatamobile__redmi-note-14-pro.json,6767134d437098455e84293b131724a8db2421b1749faa3a073043d4eb870a05,0.83333
b72b863bb6a4e11c369cfde3c0063fc0292d5e7d396a2df72ccec5cd482f6eba,2026-08-14T22:50:42+00:00,Redmi Note 14,https://www.whatamobile.com.pk/product/redmi-note-14/,Yes,false,[],Weight Unknown,[49999.0],whatamobile.com.pk/whatamobile__redmi-note-14.json,d639c5705cc48891ca78d2bfde1be0afc5f11f746025739c4e3fae35fd570aa4,0.83333
10eebea2738f1ef04f78e975acc72e3941873b87011c57ca0bffd2f99cb8f585,2026-08-14T20:39:38+00:00,Redmi Note 9S,https://www.whatamobile.com.pk/product/redmi-note-9s/,Yes,false,"[""Aurora Blue"",""Interstellar Gray"",""Glacier White""]",Weight Unknown,[34999.0],whatamobile.com.pk/whatamobile__redmi-note-9s.json,a3233685e47f6c3adc900368b56fd19cf4ebfb0d3fcf49133f000c66ff4de6bd,0.87500
7f5e4e65c95e15b2e569891507a88f319afd868ce5321075c8387bd52978333f,2026-08-14T21:54:58+00:00,Redmi Turbo 3,https://www.whatamobile.com.pk/product/redmi-turbo-3/,Yes,false,[],Weight Unknown,[134999.0],whatamobile.com.pk/whatamobile__redmi-turbo-3.json,67421c60e6fb562b9b396af516b1705d62b721736eecd3d1be5dd8565a442250,0.83333
1898502cea2f0f2137af049225895170c7466dd1c038545c37f7cfbeaede182f,2026-08-14T18:11:12+00:00,Rivo Phantom PZ10,https://www.whatamobile.com.pk/product/rivo-phantom-pz10/,Yes,false,[],Weight Unknown,[8500.0],whatamobile.com.pk/whatamobile__rivo-phantom-pz10.json,3ace0d5e87c82e71ffecd6c8d60113b87df8eed653586b798907a73412fed37f,0.79167
6f4b8c0a3b95af3dc45bb55927c4cb2e0d7fe47cbe2379c02c61ac918294f81c,2026-08-14T18:11:02+00:00,Rivo Phantom PZ15,https://www.whatamobile.com.pk/product/rivo-phantom-pz15/,Yes,false,[],Weight Unknown,[14000.0],whatamobile.com.pk/whatamobile__rivo-phantom-pz15.json,b6647c9b9057120ab3278b76d95de46179c623e5f045a41aab4b969cfd1f0cef,0.79167
88a5538920a9ae1b072f218e668e7fc551cf9a8a871e2399b1dce2494b1d16c6,2026-08-14T18:09:53+00:00,Rivo Phantom PZ18,https://www.whatamobile.com.pk/product/rivo-phantom-pz18/,Yes,false,[],Weight Unknown,[11400.0],whatamobile.com.pk/whatamobile__rivo-phantom-pz18.json,b07c7eb67b798f6522b04ae600736246af9068e243c76deb3099c97303148be0,0.79167
a3082ec38620b83be3d3d2c073596a102f505212df486b942bf6d2158bce6e6d,2026-08-14T18:10:05+00:00,Rivo Rhythm RX100,https://www.whatamobile.com.pk/product/rivo-rhythm-rx100/,Yes,false,[],Weight Unknown,[9900.0],whatamobile.com.pk/whatamobile__rivo-rhythm-rx100.json,f423ce4c57dc078949b95b6614bbd42a7f8053615320b610e6585fea1c9e0ff3,0.79167
71863d68c5002bfdf435c286b5a92942f42c3d3453f0daae0f5ec302040a253a,2026-08-14T18:10:51+00:00,Rivo Rhythm RX60,https://www.whatamobile.com.pk/product/rivo-rhythm-rx60/,Yes,false,[],Weight Unknown,[9000.0],whatamobile.com.pk/whatamobile__rivo-rhythm-rx60.json,7604e80ecfae76983d76699e74b79bd7316ff08695e5efb4e45346a10aa45b08,0.79167
31c0c0a7ebe9fa3b63c694a18978a6a1ea7e4e0c9842618b6399bd50ea86d270,2026-08-14T18:10:40+00:00,Rivo Rhythm RX70,https://www.whatamobile.com.pk/product/rivo-rhythm-rx70/,Yes,false,[],Weight Unknown,[7699.0],whatamobile.com.pk/whatamobile__rivo-rhythm-rx70.json,caf70205c3fee3532bf916d9e1db43e2610e1e0b5b89701239bfe3f163c977e3,0.79167
5657b00f819e4bf032fe5ec1bda7e2b24a01e6771835cc51014fd970af8c79b7,2026-08-14T18:10:16+00:00,Rivo Rhythm RX75,https://www.whatamobile.com.pk/product/rivo-rhythm-rx75/,Yes,false,[],Weight Unknown,[8400.0],whatamobile.com.pk/whatamobile__rivo-rhythm-rx75.json,0ff50cee91b7a20830e735f2ea866c5e272c49d5b4bc9bbe7195dcd84667541d,0.79167
2ad9133c2700d905b92ffae74d90b44272564f25afcb0c240e54e998874850b4,2026-08-14T18:10:29+00:00,Rivo Rhythm RX80,https://www.whatamobile.com.pk/product/rivo-rhythm-rx80/,Yes,false,[],Weight Unknown,[9000.0],whatamobile.com.pk/whatamobile__rivo-rhythm-rx80.json,7dfbc68e657a2c6e64442b69e6f72731eb24e5452900661d702e50450b762f48,0.79167
98f4e3d0c03d9e62cb48ea9deb80d116320aa431930a5dcb81ce7c7010499513,2026-08-14T22:34:15+00:00,Samsung Android Go (J260F),https://www.whatamobile.com.pk/product/samsung-android-go-j260f/,Yes,false,[],Weight Unknown,[50000.0],whatamobile.com.pk/whatamobile__samsung-android-go-j260f.json,d9c29f985f4a6566fb8b9aa11bf1804687361fd970a65a016910fa6f791685e0,0.79167
d1371ba986b7c5c73e7025a6734f4b95f21619fccf9969cf887227cc7b088eed,2026-08-14T22:03:00+00:00,Samsung Galaxy A Quantum,https://www.whatamobile.com.pk/product/samsung-galaxy-a-quantum/,Yes,false,[],Weight Unknown,[80000.0],whatamobile.com.pk/whatamobile__samsung-galaxy-a-quantum.json,b3981a6f8d88c0e3665df38de063281a751957efdc25bb29be8a160e272e8eff,0.79167
755100fa0d00c79acbfcf0799e15cea3ef13453b6f1e59596ea251ff46c612b7,2026-08-14T19:43:03+00:00,Samsung Galaxy A01,https://www.whatamobile.com.pk/product/samsung-galaxy-a01/,Yes,false,"[""Black"",""Blue"",""Red""]",Weight Unknown,[15999.0],whatamobile.com.pk/whatamobile__samsung-galaxy-a01.json,e5f71c151682aa52d9d22f013b8bb74325290ba69e652824767d05683cac2cd1,0.87500
f1c5424f10fe48baf12018a587b1bd93460650d7930d2320996daa3a9b1e2c8f,2026-08-14T20:38:13+00:00,Samsung Galaxy A02s,https://www.whatamobile.com.pk/product/samsung-galaxy-a02s/,Yes,false,[],Weight Unknown,[18599.0],whatamobile.com.pk/whatamobile__samsung-galaxy-a02s.json,a5b833b54344d912e8cc56f1e50ec980dbb2f9136cf79e48407c4e343b0fc3a5,0.79167
69f3f7a021257f49f81998ea0dc1d3e3d270f842b01a1a0438ce415b891c8220,2026-08-14T20:41:38+00:00,Samsung Galaxy A03 Core,https://www.whatamobile.com.pk/product/samsung-galaxy-a03-core/,Yes,false,[],Weight Unknown,[17999.0],whatamobile.com.pk/whatamobile__samsung-galaxy-a03-core.json,e35b52d0803a3d2877ffeb51fa7fbf7e6e61dae3eb8b0c33cb95196ca22effd1,0.79167
b9342f7d1cb3a966d1a6325f1a0b5c05bd636d5f48fa5f1f2acfdf5e38c568f2,2026-08-14T22:14:27+00:00,Samsung Galaxy A03,https://www.whatamobile.com.pk/product/samsung-galaxy-a03/,Yes,false,[],Weight Unknown,[27999.0],whatamobile.com.pk/whatamobile__samsung-galaxy-a03.json,801f97f017245f8f8175a1a44eec97ed22db63954f304378fd51048022fd4482,0.79167
e36ecc6aa5bfe4b936d27a753e7059aeb894468508dcecd8c28942d3d4883262,2026-08-14T22:36:58+00:00,Samsung Galaxy A03s,https://www.whatamobile.com.pk/product/samsung-galaxy-a03s/,Yes,false,[],Weight Unknown,[22189.0],whatamobile.com.pk/whatamobile__samsung-galaxy-a03s.json,e3c57e1684dedc6457147c7d01b8e969111a8917871bd4e88b7069b61967abc7,0.83333
327938e3bf26bbbb5d14d0a40cc44b406f88c6bf6e910da5865c13d48db889a4,2026-08-14T18:37:51+00:00,Samsung Galaxy A04e,https://www.whatamobile.com.pk/product/samsung-galaxy-a04e/,Yes,false,[],Weight Unknown,[28999.0],whatamobile.com.pk/whatamobile__samsung-galaxy-a04e.json,19a77cafdf0f608f12da66c2e6cdcfd32c0ba4ff3601031e723d95e3b71f4916,0.79167
4fec34bf57a51594a57b3bb662883535af8eec35d2f65b0a1bf78e6d7f20727d,2026-08-14T18:37:39+00:00,Samsung Galaxy A04s,https://www.whatamobile.com.pk/product/samsung-galaxy-a04s-2/,Yes,false,[],Weight Unknown,[32199.0],whatamobile.com.pk/whatamobile__samsung-galaxy-a04s-2.json,6300daf441d3407ee799fa527b673ccf78c08a29516619c1037131a778ba48fc,0.83333
8b6a7fa9eaa22179f51aa75470f851813da6b0069594ab42347b435fb0d70b9d,2026-08-14T22:45:32+00:00,Samsung Galaxy A04s,https://www.whatamobile.com.pk/product/samsung-galaxy-a04s-3/,Yes,false,[],Weight Unknown,[32499.0],whatamobile.com.pk/whatamobile__samsung-galaxy-a04s-3.json,2f64b91020e18bdc50d21d741531c9ddaf4beca804bfd1a25ccddb29a7bc538a,0.83333
28e5a30be469a251b61f43fe1f25b553281908f85c8dc702844164de600d8b49,2026-08-14T20:41:57+00:00,Samsung Galaxy A04s,https://www.whatamobile.com.pk/product/samsung-galaxy-a04s/,Yes,false,[],Weight Unknown,[29999.0],whatamobile.com.pk/whatamobile__samsung-galaxy-a04s.json,e868d794a31f3d5942c6080ff9636b0170f69bae3e58a498b0b82d6879e60581,0.79167
f3cdeb67692cde18333e72038644a2e716c94b5d6b724dca38137833a445cb0d,2026-08-14T17:52:48+00:00,Samsung Galaxy A05 128GB,https://www.whatamobile.com.pk/product/samsung-galaxy-a05-128gb/,Yes,false,"[""Black"",""Silver"",""Light Green""]",Weight Unknown,[32500.0],whatamobile.com.pk/whatamobile__samsung-galaxy-a05-128gb.json,d2855c1ca622fece700e9382528fe524edd9e4fd3ef56d975fe201adf15c59b9,0.91667
cc5f88c5362891ab7557b6bfa3bbc4d1ff9ffe93c158c5ca61d558ce5f4fa0ce,2026-08-14T17:52:38+00:00,Samsung Galaxy A05s 6GB,https://www.whatamobile.com.pk/product/samsung-galaxy-a05s-6gb/,Yes,false,"[""Black"",""Silver"",""Light Green"",""Violet""]",Weight Unknown,[46500.0],whatamobile.com.pk/whatamobile__samsung-galaxy-a05s-6gb.json,d0794672e52c44903ed75f2fc8b67f1114740a5240831dfbb3467a3025593e07,0.91667
baf301a924c76de0665a3eb53170b14220b56c62822f5c1ea0201570a1ea9d8d,2026-08-14T20:06:19+00:00,"Samsung Galaxy A07 (4GB, 128GB, Dark Green)",https://www.whatamobile.com.pk/product/samsung-galaxy-a07-4gb-128gb-dark-green/,Yes,false,[],Weight Unknown,[31390.0],whatamobile.com.pk/whatamobile__samsung-galaxy-a07-4gb-128gb-dark-green.json,412cd3509a606e0759d95c3dc340afc90b6ebead24ea223810001b0efd3cf25d,0.79167
38647781cd92c7febb66a90198f559c352ca84a5df755f8a853c3e52ef2fd64a,2026-08-14T20:05:59+00:00,"Samsung Galaxy A07 (4GB, 128GB, Gray)",https://www.whatamobile.com.pk/product/samsung-galaxy-a07-4gb-128gb-gray/,Yes,false,[],Weight Unknown,[31390.0],whatamobile.com.pk/whatamobile__samsung-galaxy-a07-4gb-128gb-gray.json,b7d91a97b73f7ed3e4162ca84b30e11ad9edf33046734dc4ff3226cc460c43a7,0.79167
81d2f4ce3cc2b13c262aa58e2f61309128dd69a20ccfd7cde35b61072f8522b2,2026-08-14T20:06:10+00:00,"Samsung Galaxy A07 (4GB, 128GB, Light Violet)",https://www.whatamobile.com.pk/product/samsung-galaxy-a07-4gb-128gb-light-violet/,Yes,false,[],Weight Unknown,[31390.0],whatamobile.com.pk/whatamobile__samsung-galaxy-a07-4gb-128gb-light-violet.json,863c8499c7497dc5a178af59bbf6a49482cea64ebaa2e74b67558ade344df19e,0.79167
3ed41436267713b4139c48bb22c42eacf84f0fbd7dd1e6a9a8af716f1fd2e64e,2026-08-14T20:05:31+00:00,"Samsung Galaxy A07 (4GB, 64GB, Dark Green)",https://www.whatamobile.com.pk/product/samsung-galaxy-a07-4gb-64gb-dark-green/,Yes,false,[],Weight Unknown,[26390.0],whatamobile.com.pk/whatamobile__samsung-galaxy-a07-4gb-64gb-dark-green.json,b22f2346329112f7f7c50dcb9d3d86b8245398f307494a130765ca50fc01977d,0.79167
f97f3b789b2bd2beb5100f237f8df3b0959226880e5395474e838c2746829f79,2026-08-14T20:05:41+00:00,"Samsung Galaxy A07 (4GB, 64GB, Gray)",https://www.whatamobile.com.pk/product/samsung-galaxy-a07-4gb-64gb-gray/,Yes,false,[],Weight Unknown,[26390.0],whatamobile.com.pk/whatamobile__samsung-galaxy-a07-4gb-64gb-gray.json,d094d5024f03afee43c445c94ae86583ece9cdc1a4847d0424236d79d4e21205,0.79167
bc5a3cc4d76bab165deee09458566f94f3cf706c9a41c8fe06866257a0eba9cd,2026-08-14T20:05:49+00:00,"Samsung Galaxy A07 (4GB, 64GB, Light Violet)",https://www.whatamobile.com.pk/product/samsung-galaxy-a07-4gb-64gb-light-violet/,Yes,false,[],Weight Unknown,[26390.0],whatamobile.com.pk/whatamobile__samsung-galaxy-a07-4gb-64gb-light-violet.json,813cf12d686b34d9b7cf4fb0038131fdb7de735d50ec22a243ae4ab6c7b81ddf,0.79167
c50a737719abe415df73314e97225a302d71696a5b34e41880ed5872b5bb98ae,2026-08-14T20:06:47+00:00,"Samsung Galaxy A07 (6GB, 128GB, Dark Green)",https://www.whatamobile.com.pk/product/samsung-galaxy-a07-6gb-128gb-dark-green/,Yes,false,[],Weight Unknown,[36390.0],whatamobile.com.pk/whatamobile__samsung-galaxy-a07-6gb-128gb-dark-green.json,e49267af0aa8bc7f962103555ecc6643a002f3a2f939495c5221778214597e93,0.79167
8df25f00ae043667dcd474ddadc46b703a7386d15a905038521ba67d08c61ed8,2026-08-14T20:06:28+00:00,"Samsung Galaxy A07 (6GB, 128GB, Gray)",https://www.whatamobile.com.pk/product/samsung-galaxy-a07-6gb-128gb-gray/,Yes,false,[],Weight Unknown,[36390.0],whatamobile.com.pk/whatamobile__samsung-galaxy-a07-6gb-128gb-gray.json,7a1a005dce5fbc2dbdfce2a209c8c46d92f45cb70fd323d981b6ad4fffee05c3,0.79167
b3e6a6502c6712490524abe005f60aa3c15efab70475ae7c8efa550b84479912,2026-08-14T20:06:38+00:00,"Samsung Galaxy A07 (6GB, 128GB, Light Violet)",https://www.whatamobile.com.pk/product/samsung-galaxy-a07-6gb-128gb-light-violet/,Yes,false,[],Weight Unknown,[36390.0],whatamobile.com.pk/whatamobile__samsung-galaxy-a07-6gb-128gb-light-violet.json,e5f329221335c3dc2f003181c8cfedf123d216aeea9681a416f2819d0e1175ff,0.79167
11c66d982a60295921c216ae03b917512c0d7df00f67e056fc844fc69f8d3b21,2026-08-14T20:33:34+00:00,Samsung Galaxy A10,https://www.whatamobile.com.pk/product/samsung-galaxy-a10/,Yes,false,"[""Red"",""Blue"",""Black""]",Weight Unknown,[21000.0],whatamobile.com.pk/whatamobile__samsung-galaxy-a10.json,76cbe0d619fa759e801b4f3277443c6d336d0f061f2e1acb20ca277930c00eff,0.83333
b02030bdb6b0575280a85ac59413b417799f1a63cb3edc0f9c5a0d72a20c72ee,2026-08-14T21:10:16+00:00,Samsung Galaxy A10e,https://www.whatamobile.com.pk/product/samsung-galaxy-a10e/,Yes,false,[],Weight Unknown,[27999.0],whatamobile.com.pk/whatamobile__samsung-galaxy-a10e.json,8f5a709f0a7bc3a4f1b65f4f6b726e9b6860dfa119db70a40c8a2520410a89b2,0.79167
210379cd07cf47609828a228b61c052254bd268ee6ba996c35d8dfe229a38cd1,2026-08-14T22:59:45+00:00,Samsung Galaxy A10s,https://www.whatamobile.com.pk/product/samsung-galaxy-a10s/,Yes,false,[],Weight Unknown,[16999.0],whatamobile.com.pk/whatamobile__samsung-galaxy-a10s.json,2772b299363d1a4159496b77b0ff9ccb8b2751c1b5546d028fce8bb81561c314,0.79167
859731e819a0e0fa6713629c388a70f9b3887db64d9acb0af790c0935cf37365,2026-08-14T22:13:58+00:00,Samsung Galaxy A11,https://www.whatamobile.com.pk/product/samsung-galaxy-a11/,Yes,false,[],Weight Unknown,[18999.0],whatamobile.com.pk/whatamobile__samsung-galaxy-a11.json,a9fcd817bca4a45dcb04de5973ba93a88d45106540a33f25099852f5995038e5,0.79167
8e9d6c334ccf200a2011c04211aeff2c0d23e5517bb0df60c4e96d43971a7de5,2026-08-14T22:56:24+00:00,Samsung Galaxy A12,https://www.whatamobile.com.pk/product/samsung-galaxy-a12/,Yes,false,[],Weight Unknown,[32499.0],whatamobile.com.pk/whatamobile__samsung-galaxy-a12.json,4b78de4dac12f38df0604265d7a48fc62d593a2c50c0a81670392d8b516db9e8,0.83333
62c7519ba2b6d47ae9d57d5c3c6085d430c670b83e5514b061bfd5ca4c1b51f4,2026-08-14T18:39:58+00:00,Samsung Galaxy A13 5G,https://www.whatamobile.com.pk/product/samsung-galaxy-a13-5g/,Yes,false,[],Weight Unknown,[43999.0],whatamobile.com.pk/whatamobile__samsung-galaxy-a13-5g.json,5a90ac9c609f9e0e247402f0222bd1a45d742f70fa8b89628e12e9b69a2e365f,0.79167
1514269c63faa473bf0846f0a39d9b5ecb632d09cbc81d1a10d3c5fda5c0f409,2026-08-14T22:16:36+00:00,Samsung Galaxy A14 5G,https://www.whatamobile.com.pk/product/samsung-galaxy-a14-5g/,Yes,false,[],Weight Unknown,[54999.0],whatamobile.com.pk/whatamobile__samsung-galaxy-a14-5g.json,df81fc33ecd457f262fb215a99c36908d8a90869194dfe5009dbdc310212bfb4,0.79167
c8561ee41cce1646c9ea319be7d9704fd9d4b9cef550399a0b7ba3962d914cc9,2026-08-14T17:53:00+00:00,Samsung Galaxy A15 256GB,https://www.whatamobile.com.pk/product/samsung-galaxy-a15-256gb/,Yes,false,"[""Brave Black"",""Personality Yellow"",""Magical Blue"",""Optimistic Blue""]",Weight Unknown,[64300.0],whatamobile.com.pk/whatamobile__samsung-galaxy-a15-256gb.json,48454ad743567d79594eaba3342198021c2bf5b41f862f978f7ac38b269c4452,0.91667
f69e6c9a101fa15656a550dd5c3ae49f0aa29391d32417ce677f21add5d4c40e,2026-08-14T20:44:12+00:00,Samsung Galaxy A16,https://www.whatamobile.com.pk/product/samsung-galaxy-a16/,N/A,false,[],Weight Unknown,[48500.0],whatamobile.com.pk/whatamobile__samsung-galaxy-a16.json,771b11fd0745a58e0504aa296667692317ba993768bbb6b6ceb94d7a6b568a42,0.83333
aa5d242ea92254f32cdc5df183813c3db7f3d19aa9c1ba30d7bde28ca1a9046f,2026-08-14T20:05:11+00:00,"Samsung Galaxy A17 (6GB, 128GB, Black)",https://www.whatamobile.com.pk/product/samsung-galaxy-a17-6gb-128gb-black/,Yes,false,[],Weight Unknown,[52790.0],whatamobile.com.pk/whatamobile__samsung-galaxy-a17-6gb-128gb-black.json,07d76b51ca4bf9b3fd7cb981d99372a82e31d2beb729796a56e343537934ecfc,0.83333
0a1cfb4a8e9eb9c35596cc4786372606b156beff70af8e95b1bb4e4756b7afd4,2026-08-14T20:05:22+00:00,"Samsung Galaxy A17 (6GB, 128GB, Gray)",https://www.whatamobile.com.pk/product/samsung-galaxy-a17-6gb-128gb-gray/,Yes,false,[],Weight Unknown,[52790.0],whatamobile.com.pk/whatamobile__samsung-galaxy-a17-6gb-128gb-gray.json,1c5b770937732c5fa33f35c4c2714755e34cd2bddb4d667f08cd4962b5004c89,0.83333
4ad89ec25f1085e966ebf4731fad88adebe684cbef3bd3981ee4ad400714bc98,2026-08-14T20:05:00+00:00,"Samsung Galaxy A17 (8GB, 256GB, Black)",https://www.whatamobile.com.pk/product/samsung-galaxy-a17-8gb-256gb-black/,Yes,false,[],Weight Unknown,[59990.0],whatamobile.com.pk/whatamobile__samsung-galaxy-a17-8gb-256gb-black.json,49d132ca020ed5adf2c693a8c3b3b35bb5b48b7ca3d39cc83370bf138c13765f,0.83333
0b0d8bc2c5f15b7e8c736517da201ce36f1357c7e9e32bd0d5281881e91918e7,2026-08-14T20:04:41+00:00,"Samsung Galaxy A17 (8GB, 256GB, Blue)",https://www.whatamobile.com.pk/product/samsung-galaxy-a17-8gb-256gb-blue/,Yes,false,[],Weight Unknown,[59990.0],whatamobile.com.pk/whatamobile__samsung-galaxy-a17-8gb-256gb-blue.json,52fcc800eb1aa6a75746877d43cf75257aa5b2068882f48c8fec9ded7e638df5,0.83333
e8cffbde65a602b0792271310c419fdbc54d11ea3d171ec4db2ca87c1c1ff8fa,2026-08-14T20:04:51+00:00,"Samsung Galaxy A17 (8GB, 256GB, Gray)",https://www.whatamobile.com.pk/product/samsung-galaxy-a17-8gb-256gb-gray/,Yes,false,[],Weight Unknown,[59990.0],whatamobile.com.pk/whatamobile__samsung-galaxy-a17-8gb-256gb-gray.json,d164839995d23321a6d8be0efb83528f5dd0d53185f2ea285d28627818128e0e,0.83333
65e1c5d07a5b0627a1070500768a2aea12b0185ab1620497003345af82a2f4d2,2026-08-14T21:43:05+00:00,Samsung Galaxy A2 Core,https://www.whatamobile.com.pk/product/samsung-galaxy-a2-core/,Yes,false,[],Weight Unknown,[14999.0],whatamobile.com.pk/whatamobile__samsung-galaxy-a2-core.json,87620d94943462b9c5e1d5785cad4ff46a0aeafcc2cddb479b3c868d910ecbce,0.79167
ec521c2bbb1fe3928a5010cfe71eeb49210dc5a93b416a314e132603280a8f83,2026-08-14T20:56:18+00:00,Samsung Galaxy A20,https://www.whatamobile.com.pk/product/samsung-galaxy-a20/,Yes,false,"[""Black"",""Deep Blue"",""Red"",""Coral Orange""]",Weight Unknown,[28500.0],whatamobile.com.pk/whatamobile__samsung-galaxy-a20.json,7cc93e2edc5168aac90a5c206083de52139645ed81efe56bef8f05a42019b4c0,0.83333
cdb6eff24f0a867b397fcb437b709127827a403a6ca833430f3dcef65c48caa2,2026-08-14T22:32:55+00:00,Samsung Galaxy A20s,https://www.whatamobile.com.pk/product/samsung-galaxy-a20s/,Yes,false,[],Weight Unknown,[30500.0],whatamobile.com.pk/whatamobile__samsung-galaxy-a20s.json,f3a48792780927b15d8f4f9531681ea8523984332edf9ac6f32955d89b5ca086,0.79167
12dd45073b0de4bdf3251150d3e5ee5125d31608141cdb5702df88240fbcff06,2026-08-14T22:28:49+00:00,Samsung Galaxy A21,https://www.whatamobile.com.pk/product/samsung-galaxy-a21/,Yes,false,[],Weight Unknown,[31000.0],whatamobile.com.pk/whatamobile__samsung-galaxy-a21.json,4442a134a7f5241296978ffea3c6b4a5d7feddc833aca63b4091fb5c2b4b6580,0.79167
eedad7571003718337275d867e8e0cf12bef773c4bb4d645dbc1c3340e95e8ae,2026-08-14T22:39:50+00:00,Samsung Galaxy A21s,https://www.whatamobile.com.pk/product/samsung-galaxy-a21s/,Yes,false,[],Weight Unknown,[28999.0],whatamobile.com.pk/whatamobile__samsung-galaxy-a21s.json,0578215c8c6b2cf897a7cca28f1f8c7eb82d7855172e4bea83d66202a70f182c,0.79167
f5ef64b7b3922918e28fedc7e9632818171e37f92cb3a9c1572fe90516957c4d,2026-08-14T22:34:05+00:00,Samsung Galaxy A22 5G,https://www.whatamobile.com.pk/product/samsung-galaxy-a22-5g/,Yes,false,[],Weight Unknown,[50800.0],whatamobile.com.pk/whatamobile__samsung-galaxy-a22-5g.json,e2b8b7571312e975469e7a621ef04a8f5e8dd57799eb602ce3dd9f0bf36cb58a,0.79167
009e24513f90891fd0e965a5e730f9909144f98e37b03f797869e456d4325dcb,2026-08-14T20:22:44+00:00,Samsung Galaxy A23 5G,https://www.whatamobile.com.pk/product/samsung-galaxy-a23-5g/,Yes,false,[],Weight Unknown,[53999.0],whatamobile.com.pk/whatamobile__samsung-galaxy-a23-5g.json,c0fd454f91724ca1c6ab2d5bcb6cc25fd3d13b407eb1e9577666072e0994e1ae,0.79167
76395816d6c5af6484f38e8b84994b73401a6cddaca816e5a7427a8d6d4b4fde,2026-08-14T20:42:16+00:00,Samsung Galaxy A25,https://www.whatamobile.com.pk/product/samsung-galaxy-a25/,Yes,false,[],Weight Unknown,[75999.0],whatamobile.com.pk/whatamobile__samsung-galaxy-a25.json,fe563d5d8dac0feaa783e116771a73ac49fdb8d250dbddbd1bd70b42dbfd3717,0.83333
86a03df95f7937c1eae63e4e4579a0f4e0d7acaf2f8ddbd1a20615cfad8e905c,2026-08-14T22:19:18+00:00,Samsung Galaxy A3 (2016),https://www.whatamobile.com.pk/product/samsung-galaxy-a3-2016/,Yes,false,[],Weight Unknown,[20999.0],whatamobile.com.pk/whatamobile__samsung-galaxy-a3-2016.json,a04f5da82083a4910ef84a314aaa1861823b417487db9e3bd4cbf577833ce89c,0.79167
30c50187cc028f3821cfe5671d6e3420235d902c9eaab2d4480a6f619e9f1b9e,2026-08-14T18:38:02+00:00,Samsung Galaxy A3 (2017),https://www.whatamobile.com.pk/product/samsung-galaxy-a3-2017/,Yes,false,[],Weight Unknown,[29999.0],whatamobile.com.pk/whatamobile__samsung-galaxy-a3-2017.json,51962c3806c6b8b05c7386bdf5869586546f5e90c705d1399cb9874857e4176e,0.79167
375012586ee4183f6e55fec0a1f469f5bf02e56fb910960de5d565045368662d,2026-08-14T21:31:19+00:00,Samsung Galaxy A30 (2019),https://www.whatamobile.com.pk/product/samsung-galaxy-a30-2019/,Yes,false,"[""Black"",""Blue"",""Red""]",Weight Unknown,[37899.0],whatamobile.com.pk/whatamobile__samsung-galaxy-a30-2019.json,e630dbb73e63c0f18a45006690dfec0e26934725543cc96bb6a7d3965fdb6b0e,0.83333
922fb630fed0b34523cc13df99befefc296b61061738a9a87d7d45976e02e001,2026-08-14T20:35:32+00:00,Samsung Galaxy A30s,https://www.whatamobile.com.pk/product/samsung-galaxy-a30s/,Yes,false,[],Weight Unknown,[38999.0],whatamobile.com.pk/whatamobile__samsung-galaxy-a30s.json,0279ea61b548329be79cb04b1e66c6a93e50be49f54ae53f2ef3d1cc29237651,0.79167
eff1ba66ce4f85e93ca5538ad9c66005ddaf59b97216ba30c16818baa205a578,2026-08-14T20:33:45+00:00,Samsung Galaxy A31,https://www.whatamobile.com.pk/product/samsung-galaxy-a31/,Yes,false,[],Weight Unknown,[36999.0],whatamobile.com.pk/whatamobile__samsung-galaxy-a31.json,b5270e1b45d036c3ab7c2095d3a4662779499e888083fc94e1e768f17f70e52c,0.79167
51d25273ba44955133559cd3f61e5a240844c224337e8a09f2604285c4ff6a1d,2026-08-14T20:19:34+00:00,Samsung Galaxy A32,https://www.whatamobile.com.pk/product/samsung-galaxy-a32/,Yes,false,[],Weight Unknown,[50999.0],whatamobile.com.pk/whatamobile__samsung-galaxy-a32.json,d34954cfb0587a90788e1794eeb294a72be45be41c73302ffaf625b2189a1cca,0.79167
2549b6463e8f27e9bbb62b53da03b52f5cf02f8462fe3876c4a0dfddf34fcc0a,2026-08-14T20:36:23+00:00,Samsung Galaxy A33 5G,https://www.whatamobile.com.pk/product/samsung-galaxy-a33-5g/,Yes,false,[],Weight Unknown,[71500.0],whatamobile.com.pk/whatamobile__samsung-galaxy-a33-5g.json,b2cb347005f0aca7d4da87e0e3e431a9fbbd072f9f7e3af128d7876bab322677,0.79167
168aa61119194f9e7e458186614c9643443d3b39431b3b4eaaee365862363fde,2026-08-14T22:50:22+00:00,Samsung Galaxy A34,https://www.whatamobile.com.pk/product/samsung-galaxy-a34/,Yes,false,[],Weight Unknown,[78999.0],whatamobile.com.pk/whatamobile__samsung-galaxy-a34.json,33a1c9aa93b257cf810a7c051d588e92ff72fd300939ad5ceb13d8feeab4e786,0.83333
efb2598d5c72ef91ff5ea643e75927e51a50615a547550ed9741b43e055014b3,2026-08-14T20:53:34+00:00,Samsung Galaxy A35,https://www.whatamobile.com.pk/product/samsung-galaxy-a35/,Yes,false,[],Weight Unknown,[114999.0],whatamobile.com.pk/whatamobile__samsung-galaxy-a35.json,9f2c801a125182df5e06a9afd15f72c08767689ee6eb920f8065079f23413ff7,0.79167
37bf0086d7cee1213a5d6d8f41ff6903cce0610d7ec52b113128c672a9994368,2026-08-14T22:33:04+00:00,Samsung Galaxy A40,https://www.whatamobile.com.pk/product/samsung-galaxy-a40/,Yes,false,[],Weight Unknown,[35999.0],whatamobile.com.pk/whatamobile__samsung-galaxy-a40.json,b7d6f69065993fcf956ba6d8cc30a9ee5f0ff2e7c6e8f56ae627f734565e323a,0.79167
17963ffbec2a1cf288f4d178e0f7131fe2b82b973493656ea8ea82f6a2af920f,2026-08-14T18:39:47+00:00,Samsung Galaxy A40e,https://www.whatamobile.com.pk/product/samsung-galaxy-a40e/,Yes,false,[],Weight Unknown,[42000.0],whatamobile.com.pk/whatamobile__samsung-galaxy-a40e.json,feb75072f9eefe4b9056458728018859a27f8f5ec1f488575fe429236f58b65d,0.79167
6ed0fdf7fedd612dd0e8b73ed2eaa8c861602cfc0f0e915e1929fe8591be14e4,2026-08-14T18:39:24+00:00,Samsung Galaxy A40s,https://www.whatamobile.com.pk/product/samsung-galaxy-a40s/,Yes,false,[],Weight Unknown,[38000.0],whatamobile.com.pk/whatamobile__samsung-galaxy-a40s.json,508ce0e1cf2231992b1c2e1f2daa8605fcf77729f9954b513f87c346b7d885d3,0.79167
8435796b70fc9bf5e4807f71eafedce9bed9d5ecd901879659a3c8c26df04800,2026-08-14T22:36:19+00:00,Samsung Galaxy A5 (2017),https://www.whatamobile.com.pk/product/samsung-galaxy-a5-2017/,Yes,false,[],Weight Unknown,[41999.0],whatamobile.com.pk/whatamobile__samsung-galaxy-a5-2017.json,f797575680d017a3a9f4337bd4c3aed56196118736c2615adebae6fb3a71fedd,0.79167
e6bbeb06b5a055b5eddddb85681619d982cbf640a68a625997c347860d860588,2026-08-14T21:20:28+00:00,Samsung Galaxy A50 (2019),https://www.whatamobile.com.pk/product/samsung-galaxy-a50-2019/,Yes,false,"[""Black"",""White"",""Blue"",""Coral""]",Weight Unknown,[49489.0],whatamobile.com.pk/whatamobile__samsung-galaxy-a50-2019.json,726534b33db8c0a37151e1fe47b508c2e3672eb449ad5c00c2d5f296635d1fb8,0.87500
bafd507a317683466eae0a7ae62ab571e449d8b2fc86b8cd3cf0c85e928b81e0,2026-08-14T21:00:07+00:00,Samsung Galaxy A50s,https://www.whatamobile.com.pk/product/samsung-galaxy-a50s/,Yes,false,[],Weight Unknown,[56999.0],whatamobile.com.pk/whatamobile__samsung-galaxy-a50s.json,1e4045823231fffcf53d4e0cff50967e75484ecc7596d2a088482ff652e918d3,0.79167
3657790f2226366de0119b179168cca72abafbe555ab2f24bba64ae55932e30c,2026-08-14T20:43:12+00:00,Samsung Galaxy A51,https://www.whatamobile.com.pk/product/samsung-galaxy-a51/,Yes,false,[],Weight Unknown,[51999.0],whatamobile.com.pk/whatamobile__samsung-galaxy-a51.json,2afab399510b97e8bbc03ae6b17c657c28a73a5c95f8338f45f323a0f1fb2205,0.79167
aeb6f7f2f072b1d98078589498664b67b5d00c841fd7632c2e4374aa492facce,2026-08-14T20:40:07+00:00,Samsung Galaxy A52,https://www.whatamobile.com.pk/product/samsung-galaxy-a52/,Yes,false,[],Weight Unknown,[65999.0],whatamobile.com.pk/whatamobile__samsung-galaxy-a52.json,cb3e87fdd0ebcb2e2ed2733a9759fac00ab32a4750b132475a81113cff483650,0.79167
fd8eccdf4edf21ef0bb238fd4d1656e495bc6af7e12c7f87ea695922dfaf4d7e,2026-08-14T20:21:25+00:00,Samsung Galaxy A52s 5G,https://www.whatamobile.com.pk/product/samsung-galaxy-a52s-5g/,Yes,false,[],Weight Unknown,[84999.0],whatamobile.com.pk/whatamobile__samsung-galaxy-a52s-5g.json,af99e0c2cac6e5d714dddb71bce7f2094f140e5cd6fc9396274d74edfcf6eea5,0.83333
082fb661025d42f53b945ed8c83acf470f4bd8e1fcfadf1706e17ab9cd187545,2026-08-14T18:42:18+00:00,Samsung Galaxy A52s,https://www.whatamobile.com.pk/product/samsung-galaxy-a52s/,Yes,false,[],Weight Unknown,[71999.0],whatamobile.com.pk/whatamobile__samsung-galaxy-a52s.json,d65a1b70d7d558c31363ec6ab42f41abe1b7695ae8df94cc68ca1d505d6757a4,0.79167
2af3d6affc729b4677e68cb51e4575222d719e7de8ddfd3bae22e98548ebc4a2,2026-08-14T22:52:52+00:00,Samsung Galaxy A53 5G,https://www.whatamobile.com.pk/product/samsung-galaxy-a53-5g/,Yes,false,[],Weight Unknown,[10399.0],whatamobile.com.pk/whatamobile__samsung-galaxy-a53-5g.json,dcaac83999ff72dfa90ee377ea8b261a96dd4421c8b530073706e60af64b2c06,0.79167
84f60a75a122d7bea93ab48c4b974e057a44bf87bac551fa73d5ca3d07688739,2026-08-14T20:41:16+00:00,Samsung Galaxy A54,https://www.whatamobile.com.pk/product/samsung-galaxy-a54/,Yes,false,[],Weight Unknown,[119999.0],whatamobile.com.pk/whatamobile__samsung-galaxy-a54.json,2c9a94e75373b8863e1e37d33b92cf4818edd0dafd277cc8f4782eac3c83e455,0.79167
5972435e40d5c52bab355f938b4b7c7046b898801d5453e33507c2b07f55e6f3,2026-08-14T20:36:33+00:00,Samsung Galaxy A55,https://www.whatamobile.com.pk/product/samsung-galaxy-a55/,Yes,false,[],Weight Unknown,[130999.0],whatamobile.com.pk/whatamobile__samsung-galaxy-a55.json,e6499d1727646e4bd40114aa8e66a53f1be50094397a1a3ebe2342629570c70c,0.79167
8e09e0cc5ec7ed63bec7df7566465eb2d91651b4df3b9e9578a96d69e753f340,2026-08-14T21:45:33+00:00,Samsung Galaxy A6 Plus (2018),https://www.whatamobile.com.pk/product/samsung-galaxy-a6-plus-2018/,Yes,false,[],Weight Unknown,[49999.0],whatamobile.com.pk/whatamobile__samsung-galaxy-a6-plus-2018.json,508086bfedbda5bf3c19fc02c4ef4dee5143c078f6a351f5138523ac131b9c92,0.75000
1255ace9df302f191364dc79b8d39e625cc695c1b077f91118dd989ef68f21a7,2026-08-14T22:49:42+00:00,Samsung Galaxy A60,https://www.whatamobile.com.pk/product/samsung-galaxy-a60/,Yes,false,[],Weight Unknown,[59999.0],whatamobile.com.pk/whatamobile__samsung-galaxy-a60.json,e5f1ad1a0cd6ac330370a366e491cc3ccc28fc6e7ccdea61b7a1052a9f57daf7,0.79167
2447dc632d500efb383230ec73cfd72272bfce7560243e36d143dc886ed66e2e,2026-08-14T18:38:46+00:00,Samsung Galaxy A7 (2016),https://www.whatamobile.com.pk/product/samsung-galaxy-a7-2016/,Yes,false,[],Weight Unknown,[32899.0],whatamobile.com.pk/whatamobile__samsung-galaxy-a7-2016.json,d3059c78be0274bdb2c4d6e3bd0ebcee9009a0c828d2f268ee39f48b00a802fb,0.79167
9af063f6f0294daf5bb98c6d469c9436b1590273b22127efec733cc92394c9aa,2026-08-14T18:40:11+00:00,Samsung Galaxy A7 2017,https://www.whatamobile.com.pk/product/samsung-galaxy-a7-2017/,Yes,false,[],Weight Unknown,[44999.0],whatamobile.com.pk/whatamobile__samsung-galaxy-a7-2017.json,f5d9fceb2f14fa892598bbb4b90116e104806c39b1d723a351608588754a4986,0.79167
1582a93e5a06a232efe9b10a03447beeca54cf93634ade067ed3672e38b2b08c,2026-08-14T21:42:15+00:00,Samsung Galaxy A7 (2018),https://www.whatamobile.com.pk/product/samsung-galaxy-a7-2018/,Yes,false,[],Weight Unknown,[49999.0],whatamobile.com.pk/whatamobile__samsung-galaxy-a7-2018.json,3124d84c7f9ca10167e311b234c8c3f482fd07b58f0335a280457a76dbbfb53f,0.79167
673abe437fa82dc28f243b4910c0c6317d9bae2c3a1dd8843e54eb5f80d0b29d,2026-08-14T21:33:19+00:00,Samsung Galaxy A70,https://www.whatamobile.com.pk/product/samsung-galaxy-a70/,Yes,false,"[""Coral"",""Blue"",""Black"",""White""]",Weight Unknown,[59999.0],whatamobile.com.pk/whatamobile__samsung-galaxy-a70.json,b0d5b0ccd337d9cc8bcffdd3f3962f7b43670766a7b09c79dbfe25a5cae3363b,0.87500
3dd1a49d412c4bac4effc4365b36f746e55e150463780715d83dec98bdf644cc,2026-08-14T18:41:09+00:00,Samsung Galaxy A70e,https://www.whatamobile.com.pk/product/samsung-galaxy-a70e/,Yes,false,[],Weight Unknown,[45999.0],whatamobile.com.pk/whatamobile__samsung-galaxy-a70e.json,1792957b444a89a8703263812e523c11da6b4e9e1c09f47cce23feb8a3621207,0.79167
6129c7e407146e10d882583f0843d6e46b5571f24acd6806477651ebefeaf6f8,2026-08-14T21:05:25+00:00,Samsung Galaxy A70s,https://www.whatamobile.com.pk/product/samsung-galaxy-a70s/,Yes,false,[],Weight Unknown,[69999.0],whatamobile.com.pk/whatamobile__samsung-galaxy-a70s.json,063edec8995f905ac76811c7cf599c44edaae2435011ef1255a7eb2aac38022e,0.79167
5eada07ced9f4599b6b189e2175fa000271a2a249ce3c8f70545a57630d5afa6,2026-08-14T20:46:39+00:00,Samsung Galaxy A71 5G,https://www.whatamobile.com.pk/product/samsung-galaxy-a71-5g/,Yes,false,[],Weight Unknown,[85000.0],whatamobile.com.pk/whatamobile__samsung-galaxy-a71-5g.json,f9d0114a8b2b59decb9f75810fc987b318f493b4d1ce1faf32d4492271fe6534,0.79167
7664e13c24cd8a3c870959fbdfb230a217398b10c4ff95ddb8d6947795d5f799,2026-08-14T22:21:05+00:00,Samsung Galaxy A72,https://www.whatamobile.com.pk/product/samsung-galaxy-a72/,Yes,false,[],Weight Unknown,[82999.0],whatamobile.com.pk/whatamobile__samsung-galaxy-a72.json,52a29493ef26bdee8abb675c8aac1c1ea3cb47e7812bf4d19ae1a98eb4d0b23f,0.79167
0a0325079a6315119fe353eaf0e3842bd165bad858a93b8538e538c84c219817,2026-08-14T22:08:54+00:00,Samsung Galaxy A73 5G,https://www.whatamobile.com.pk/product/samsung-galaxy-a73-5g/,Yes,false,[],Weight Unknown,[122999.0],whatamobile.com.pk/whatamobile__samsung-galaxy-a73-5g.json,188d7281647aa9ba9b41f21589c53c60d6ad6df070b8a8b3df2ab418ad3ff344,0.79167
e2a97722656776c4dbb0e43356b34854965a5b1c8a44875f79e96091d7c92937,2026-08-14T18:38:58+00:00,Samsung Galaxy A8 (2016),https://www.whatamobile.com.pk/product/samsung-galaxy-a8-2016/,Yes,false,[],Weight Unknown,[36749.0],whatamobile.com.pk/whatamobile__samsung-galaxy-a8-2016.json,0aec432a91baf37a8a7554bff4043e2d3f5111c114013c5f3cd65bb9a6ae4223,0.79167
5fbc75d4038d5142c6d1ace6a5f24b62fa020776275f8e5d2567e95a47271111,2026-08-14T19:42:42+00:00,Samsung Galaxy A8+ 2018,https://www.whatamobile.com.pk/product/samsung-galaxy-a8-2018/,Yes,false,"[""Midnight Black"",""Orchid Gray"",""Arctic Silver"",""Coral Blue"",""Maple Gold"",""Rose Pink""]",Weight Unknown,[59999.0],whatamobile.com.pk/whatamobile__samsung-galaxy-a8-2018.json,90fe5879a7a4c4b0703fbaa7d5b3905733ceb25309ec85e6ecb23af560fbbd1a,0.87500
d1a301217b17a6771844083d09fdc35bc0f6fd02cd6294b7f757afea611f5fb1,2026-08-14T21:07:44+00:00,Samsung Galaxy A8 Star,https://www.whatamobile.com.pk/product/samsung-galaxy-a8-star/,Yes,false,[],Weight Unknown,[61400.0],whatamobile.com.pk/whatamobile__samsung-galaxy-a8-star.json,451ac8513901d7a3adfb5fbfdc85c68c74dca8915ded883f66fd88e419436583,0.79167
75ae5aadfc344d2915496e5345ed2d843ced442f8e767f2e933ebb1da70a9e94,2026-08-14T21:12:08+00:00,Samsung Galaxy A80,https://www.whatamobile.com.pk/product/samsung-galaxy-a80/,Yes,false,"[""Angel Gold"",""Ghost White"",""Phantom Black""]",Weight Unknown,[104000.0],whatamobile.com.pk/whatamobile__samsung-galaxy-a80.json,78f19442e5f222f2bf3311cd46e4c1dc97d4812485391bcb51e52dc4af87ee77,0.87500
036d8f1242b58aa8468435675da7b27a8fc44e046746748fb2e353ecf1851414,2026-08-14T18:42:52+00:00,Samsung Galaxy A80s,https://www.whatamobile.com.pk/product/samsung-galaxy-a80s/,Yes,false,[],Weight Unknown,[100000.0],whatamobile.com.pk/whatamobile__samsung-galaxy-a80s.json,c8a802b20dbad060d619924946e5037736f8c104ebf0df538990345eac4f03ea,0.79167
d72f1bdd5a74ca48af1689ec92c849877b37179493a1dccaf5cd845b50960043,2026-08-14T22:20:54+00:00,Samsung Galaxy A81,https://www.whatamobile.com.pk/product/samsung-galaxy-a81/,Yes,false,[],Weight Unknown,[65000.0],whatamobile.com.pk/whatamobile__samsung-galaxy-a81.json,7af93ce1a1f307a16f5bd84ada7130f2558a6649e21fe10475a129e82b737e3a,0.79167
108550506a08701cd90616e0b6646345e01e3ee682333910c3c97eaeb11a0c95,2026-08-14T18:40:45+00:00,Samsung Galaxy A8s Lite,https://www.whatamobile.com.pk/product/samsung-galaxy-a8s-lite/,Yes,false,[],Weight Unknown,[45000.0],whatamobile.com.pk/whatamobile__samsung-galaxy-a8s-lite.json,55be109a180fbb0f59a462eb094dec84ff9e79e369f66b8a72ffebbf043db72d,0.79167
4fe5236a28f1b5b7222c28be5bf063eab042c0d6a0f360b31e2bc4b015a21782,2026-08-14T21:21:50+00:00,Samsung Galaxy A8s,https://www.whatamobile.com.pk/product/samsung-galaxy-a8s/,Yes,false,[],Weight Unknown,[73999.0],whatamobile.com.pk/whatamobile__samsung-galaxy-a8s.json,08cc7f2706dca8b2439c11f86f6e006986b7f2dd5a9ac6fd6a9658154eaef792,0.79167
9623aa2ac80e89c9a65b1449056c015abaaa88eced640cca5957602f78dae9a5,2026-08-14T18:39:35+00:00,Samsung Galaxy A9 (2016),https://www.whatamobile.com.pk/product/samsung-galaxy-a9-2016/,Yes,false,[],Weight Unknown,[38999.0],whatamobile.com.pk/whatamobile__samsung-galaxy-a9-2016.json,4cade3f7d46098f4ed1ef5845388be27decda50f6133881e02e1f69900dfadbd,0.79167
4aa9e0d008b46a7aca22d94e3b5f8b5c3f2cdf0adb9e85850fa921e524e50ee5,2026-08-14T21:38:07+00:00,Samsung Galaxy A9 2018,https://www.whatamobile.com.pk/product/samsung-galaxy-a9-2018/,Yes,false,[],Weight Unknown,[107999.0],whatamobile.com.pk/whatamobile__samsung-galaxy-a9-2018.json,ac11365d6f461ea5b7818808cc764ab1dda7996441bde9a0fbc0db35ac96050b,0.79167
e9d16fe3906bbed1855af31ff1351a4b31f46050179305ccfdb45a95133a5040,2026-08-14T22:19:47+00:00,Samsung Galaxy A9 Pro (2016),https://www.whatamobile.com.pk/product/samsung-galaxy-a9-pro-2016/,Yes,false,[],Weight Unknown,[31999.0],whatamobile.com.pk/whatamobile__samsung-galaxy-a9-pro-2016.json,b542d1d8c2eab5a3d6637b1dafc2fd1cf4a28f44881e78dc03fc34af893e5ea6,0.79167
0a81d32ed4cffa5d8c3d10541ec13f4c014df20ab822040e08e89f0b64baf2b8,2026-08-14T18:41:56+00:00,Samsung Galaxy A9 Pro 2019,https://www.whatamobile.com.pk/product/samsung-galaxy-a9-pro-2019/,Yes,false,[],Weight Unknown,[78000.0],whatamobile.com.pk/whatamobile__samsung-galaxy-a9-pro-2019.json,d73809297d36fd9a3e636b28f690115a7496ee75b668b587c920c0813194fdcf,0.79167
28ffa467e5a009f1c70098eae92e1393ceaad87d6b3ce27215e8bd1d645e6dd9,2026-08-14T18:40:56+00:00,Samsung Galaxy A9 Star Lite,https://www.whatamobile.com.pk/product/samsung-galaxy-a9-star-lite/,Yes,false,[],Weight Unknown,[45000.0],whatamobile.com.pk/whatamobile__samsung-galaxy-a9-star-lite.json,a1f7e8927e0fb66fac4b33569cc1e62ad2d91dcfff83287168e658bb277054ce,0.79167
91d89dfa64247f6e54ec01b167ef5c1379799dce5849518371f00bfcb9ce64d6,2026-08-14T20:48:02+00:00,Samsung Galaxy A90 5G,https://www.whatamobile.com.pk/product/samsung-galaxy-a90-5g/,Yes,false,[],Weight Unknown,[109999.0],whatamobile.com.pk/whatamobile__samsung-galaxy-a90-5g.json,a0078d4f54c818896a69add754ac37fd293cec12dc6dbf8ebb688b8895e48ea3,0.79167
c7707235c057f468bc8f40ec7f6c63d67f842472ac091eaaf827e7d65ea9abee,2026-08-14T21:31:57+00:00,Samsung Galaxy A90s,https://www.whatamobile.com.pk/product/samsung-galaxy-a90s/,Yes,false,[],Weight Unknown,[99999.0],whatamobile.com.pk/whatamobile__samsung-galaxy-a90s.json,830ca3603ba6c46195cc465d18b4c3e628fccd0d36ffd576cd14ada5c63c8b99,0.79167
87855570599b9358a67c07a3974fae697e9d1857cff5e98ca7c0a675f0452cd0,2026-08-14T18:43:03+00:00,Samsung Galaxy A91 5G,https://www.whatamobile.com.pk/product/samsung-galaxy-a91-5g/,Yes,false,[],Weight Unknown,[105000.0],whatamobile.com.pk/whatamobile__samsung-galaxy-a91-5g.json,9d30700c5f04b1aca0bd3f0f0f9831dcd94d1a50a9db604ebb68bc33b7805319,0.79167
b2bab570c191b66e11c3a61241c9be79e8d3af540b6c24cbfac1fcb7118d3754,2026-08-14T20:31:55+00:00,Samsung Galaxy A91,https://www.whatamobile.com.pk/product/samsung-galaxy-a91/,Yes,false,[],Weight Unknown,[119000.0],whatamobile.com.pk/whatamobile__samsung-galaxy-a91.json,1e6dd7aa1f2fa67a1d2627574bcac9716d3b205a11a0cbcbf7e1697da08857bd,0.79167
a00a6776c240b740e71c47a2c9c5adf3624cff7c9d0c59ab1d9f88c24a766e93,2026-08-14T18:41:34+00:00,Samsung Galaxy C10,https://www.whatamobile.com.pk/product/samsung-galaxy-c10/,Yes,false,[],Weight Unknown,[65000.0],whatamobile.com.pk/whatamobile__samsung-galaxy-c10.json,33b375d420cb065696417ebb1aae8a36c196cc50bab8d0611f55dcfb4facc42e,0.79167
62fadacf21f42c4c6f05caad22301212104a873fdd56fde2047a788ea309fe46,2026-08-14T21:29:00+00:00,Samsung Galaxy C5 Pro,https://www.whatamobile.com.pk/product/samsung-galaxy-c5-pro/,Yes,false,[],Weight Unknown,[47599.0],whatamobile.com.pk/whatamobile__samsung-galaxy-c5-pro.json,daa310112d19520522611926c0a95b3580a0ffbf6f591bcd5ed4092a4494e60a,0.79167
099d697bec9b14286c365e3c1ba9aecdd32eabf709f6a27c6a35ee822cb1283d,2026-08-14T17:50:59+00:00,Samsung Galaxy C5,https://www.whatamobile.com.pk/product/samsung-galaxy-c5/,Yes,false,"[""Gold"",""Pink Gold"",""Dark Gray""]",Weight Unknown,[33700.0],whatamobile.com.pk/whatamobile__samsung-galaxy-c5.json,7484770dda2df527bb9f78fa89590291c59c9a3f6ad4240dff5a209f85a9e416,0.91667
d5d8712dd4c910ce5a24d8bace510cec3962d4624423c9b4b8000db73cb98e21,2026-08-14T22:02:30+00:00,Samsung Galaxy C55,https://www.whatamobile.com.pk/product/samsung-galaxy-c55/,Yes,false,[],Weight Unknown,[102300.0],whatamobile.com.pk/whatamobile__samsung-galaxy-c55.json,0dcba707140006c98413c7cdf9151fc0a104b20a31ede1fbf1a04ec47c04a8a6,0.83333
7f12c8fd161656a38d09724898b0f8ed466b380b15c37d94c6a94a95a0303b0b,2026-08-14T20:44:49+00:00,Samsung Galaxy C7 Pro,https://www.whatamobile.com.pk/product/samsung-galaxy-c7-pro/,Yes,false,[],Weight Unknown,[32999.0],whatamobile.com.pk/whatamobile__samsung-galaxy-c7-pro.json,7c5cb5d81441017af6a898a6592d82192f028b50491852854997223d7690468b,0.79167
3b769f22a757fa42034d90ca5ba5fed049d01acdcb85930a02482603443bd2df,2026-08-14T22:31:15+00:00,Samsung Galaxy C9 Pro,https://www.whatamobile.com.pk/product/samsung-galaxy-c9-pro/,Yes,false,[],Weight Unknown,[66000.0],whatamobile.com.pk/whatamobile__samsung-galaxy-c9-pro.json,e15cc62286bd425897c1b1e70c1b277ac29e20a823ea12742ceef4518882dd00,0.79167
fe2070a8fece4eb9893e4d3c4951d7b3dcf5c97701849ef7543c12d4ffb014d9,2026-08-14T18:37:00+00:00,Samsung Galaxy F02s,https://www.whatamobile.com.pk/product/samsung-galaxy-f02s/,Yes,false,[],Weight Unknown,[21999.0],whatamobile.com.pk/whatamobile__samsung-galaxy-f02s.json,307015f8f09d1e385bfc6babb0ba5043ad0a30399e1142434034da61a9c1b12b,0.79167
3c365d3a67a58b8fbdff1e434167933ef0a3771b15f9f52a46208c96bd22fafa,2026-08-14T21:48:33+00:00,Samsung Galaxy F04,https://www.whatamobile.com.pk/product/samsung-galaxy-f04/,Yes,false,[],Weight Unknown,[22999.0],whatamobile.com.pk/whatamobile__samsung-galaxy-f04.json,64b2c4f8baa3838dda9d4717e7f0d097dd3b6d2f68e9a6eb97a3d592b99b6a6c,0.83333
cf896e37a23c7872c1ec1a086d0855eb3f602eaad1108093bf6502a3feeacb52,2026-08-14T23:01:02+00:00,Samsung Galaxy F15,https://www.whatamobile.com.pk/product/samsung-galaxy-f15/,Yes,false,[],Weight Unknown,[41999.0],whatamobile.com.pk/whatamobile__samsung-galaxy-f15.json,df0d2df6572ac22a9c70d5d19ab38a318c1544a5f620dd60bbb2b801465dd71b,0.83333
23d862d9d085e8c22906bc2b158247330fc7a700337e3ef9a09c166da5d56c8f,2026-08-14T21:53:16+00:00,Samsung Galaxy F22,https://www.whatamobile.com.pk/product/samsung-galaxy-f22/,Yes,false,[],Weight Unknown,[29999.0],whatamobile.com.pk/whatamobile__samsung-galaxy-f22.json,20f1ac8550e2cab0590774326f25b6d2945247307e88479c9956eaff7aff90f8,0.79167
671b04706b6d116d415f13fa48dbbf5e06f555712dba2f3dd349ffb5058cd3e3,2026-08-14T22:16:47+00:00,Samsung Galaxy F23,https://www.whatamobile.com.pk/product/samsung-galaxy-f23/,Yes,false,[],Weight Unknown,[44999.0],whatamobile.com.pk/whatamobile__samsung-galaxy-f23.json,694a0c2a6cac3b4a0fec74f79f44be1a7bd683152af27a78154a49b488442905,0.79167
b26325b53bfb58e850c44b2fc9c60debe016c151fdd4c8af7251c6383ce8b75d,2026-08-14T21:51:12+00:00,Samsung Galaxy F34,https://www.whatamobile.com.pk/product/samsung-galaxy-f34/,Yes,false,[],Weight Unknown,[179299.0],whatamobile.com.pk/whatamobile__samsung-galaxy-f34.json,0ec94b1a259c9e3e5e019e5734e9b400ce321f2a2041c4f1f74943e08c4d5692,0.83333
b5eefdc92876e17b8597f914438cb8bfb8be273d611166ea15b19a1726783c23,2026-08-14T18:39:11+00:00,Samsung Galaxy F41,https://www.whatamobile.com.pk/product/samsung-galaxy-f41/,Yes,false,[],Weight Unknown,[37999.0],whatamobile.com.pk/whatamobile__samsung-galaxy-f41.json,836585bd8ecb594ad84a9bb834552eeb711fc6f4a57d99b26c7f77a0c9af2de3,0.79167
1916d3ae48badb7043418e689c8fe65d9b6be2a611b19d4f298cb24c4b3417bd,2026-08-14T18:41:20+00:00,Samsung Galaxy F42,https://www.whatamobile.com.pk/product/samsung-galaxy-f42/,Yes,false,[],Weight Unknown,[47999.0],whatamobile.com.pk/whatamobile__samsung-galaxy-f42.json,ba36ce74f3221014ccb6416410fddfe2bc3fb077d6c32fab1c0173ecf30e4de5,0.79167
f29b8d176968d92cedf784ed9e72202750d3003122099036ec09f1a74732164b,2026-08-14T18:36:28+00:00,Samsung Galaxy F52 5G,https://www.whatamobile.com.pk/product/samsung-galaxy-f52-5g/,Yes,false,[],Weight Unknown,[59999.0],whatamobile.com.pk/whatamobile__samsung-galaxy-f52-5g.json,ae4a6fb467d566466fec27cad15663c1cfccb9c402059e4c46976d79dc010ab9,0.79167
e0fe73cbcfe3155dfcc27a736b8a2cf0c2db24e006b652e3a60ade2ce4d1f608,2026-08-14T22:38:26+00:00,Samsung Galaxy F55,https://www.whatamobile.com.pk/product/samsung-galaxy-f55/,Yes,false,[],Weight Unknown,[84999.0],whatamobile.com.pk/whatamobile__samsung-galaxy-f55.json,56cd3c43edd55dac61a89d2dddb8f11e7b016eba5c05e3f18bad992381a07d42,0.83333
fbd80d43449d70b634ceec2f111994a489782581892369f0c1c756eace82dab0,2026-08-14T21:15:50+00:00,Samsung Galaxy F62,https://www.whatamobile.com.pk/product/samsung-galaxy-f62/,Yes,false,[],Weight Unknown,[58999.0],whatamobile.com.pk/whatamobile__samsung-galaxy-f62.json,7380c507650f15fd6a4183ca6d6ef1f157fc7c5803cd7fbdb27d15803b5c3533,0.79167
8ed24d8a749db65780405e60edbb2f85d10517f3503fbeed7aa9c57da4bcb73b,2026-08-14T21:43:53+00:00,Samsung Galaxy Fold,https://www.whatamobile.com.pk/product/samsung-galaxy-fold/,Yes,false,"[""Martian Green"",""Astro Blue"",""Space Silver"",""Cosmos Black""]",Weight Unknown,[300000.0],whatamobile.com.pk/whatamobile__samsung-galaxy-fold.json,b7d35b860dac56d4738e7ba1c8a95b884d8c48bed804fc4c3332621d67287685,0.75000
a0b2eb71e0f4aa7c843215ba5762b209d7241a24d8fc8b465729d2004fd97343,2026-08-14T21:44:02+00:00,Samsung Galaxy Grand 2,https://www.whatamobile.com.pk/product/samsung-galaxy-grand-2/,Yes,false,"[""Black"",""White"",""Pink""]",Weight Unknown,[18999.0],whatamobile.com.pk/whatamobile__samsung-galaxy-grand-2.json,0a3e84d6066ae746b05ed9a582351e150209c2b920efc098ad20a39cdd38bcb8,0.91667
7ec0ff2cb8e300dda05d24e85ba7adf0bb7070f23359aa642fa4e45332806462,2026-08-14T21:16:50+00:00,Samsung Galaxy Grand Prime Plus 2018,https://www.whatamobile.com.pk/product/samsung-galaxy-grand-prime-plus-2018/,Yes,false,[],Weight Unknown,[17699.0],whatamobile.com.pk/whatamobile__samsung-galaxy-grand-prime-plus-2018.json,a05d1786bbccc9a8e5782b71a8131e85fac52495353de21f6a5de6c49afc0983,0.79167
406242a5cb24999a1a1b011221dc3dad505254168a5481b8912fb5abefc81b77,2026-08-14T22:21:16+00:00,Samsung Galaxy Grand Prime Pro,https://www.whatamobile.com.pk/product/samsung-galaxy-grand-prime-pro/,Yes,false,"[""Black"",""Gold"",""Blue""]",Weight Unknown,[16999.0],whatamobile.com.pk/whatamobile__samsung-galaxy-grand-prime-pro.json,eeeb08ea9294edd9ee7adadeaf8c1d4c458b55288fafd393caf0f9358724b722,0.70833
16121a860cd3c84b05e95335b2cf21d84fad28bc5f46b20925d0fa51058c5ec3,2026-08-14T20:54:07+00:00,Samsung Galaxy Grand Prime,https://www.whatamobile.com.pk/product/samsung-galaxy-grand-prime/,Yes,false,[],Weight Unknown,[14999.0],whatamobile.com.pk/whatamobile__samsung-galaxy-grand-prime.json,b5dffadda1fcff27cdb310d8775eb4144e4c4206eb943556d3fc9ccb34d3ac3a,0.79167
f5024c176ba281854ae93ec3a5c77554baf22977958f827433f93c821e378ebb,2026-08-14T21:01:48+00:00,Samsung Galaxy J1 Ace,https://www.whatamobile.com.pk/product/samsung-galaxy-j1-ace/,Yes,false,[],Weight Unknown,[9999.0],whatamobile.com.pk/whatamobile__samsung-galaxy-j1-ace.json,7d97168291aa6c626e66ef5c2bf30409d585a3c58dca96e4770945f7328a4881,0.79167
47a14a3ff1f292c73d4ccc6dd63a8c4f573a072e7f247162b44ea4f940bd1adf,2026-08-14T19:43:12+00:00,Samsung Galaxy J1 Mini Prime,https://www.whatamobile.com.pk/product/samsung-galaxy-j1-mini-prime/,Yes,false,"[""Gold"",""Black"",""White""]",Weight Unknown,[8349.0],whatamobile.com.pk/whatamobile__samsung-galaxy-j1-mini-prime.json,3522d2552d6498721d7e6e437d628176f9d0e5c9db2fa81513edec8725bfde25,0.83333
756fd2703883329fef687f203bc6c0563c21d1d2d214289f324506c98f0e19f5,2026-08-14T20:57:36+00:00,Samsung Galaxy J2 Core,https://www.whatamobile.com.pk/product/samsung-galaxy-j2-core/,Yes,false,[],Weight Unknown,[16799.0],whatamobile.com.pk/whatamobile__samsung-galaxy-j2-core.json,08a29991f995942175108b031bc36b4d8be269622d9833507f06724403176911,0.79167
158a492c8764910cae55b2ab8ea7e0bbe4a411ace1394ab4a50ebade22ffd9ca,2026-08-14T22:06:37+00:00,Samsung Galaxy J2 Prime,https://www.whatamobile.com.pk/product/samsung-galaxy-j2-prime/,Yes,false,[],Weight Unknown,[13499.0],whatamobile.com.pk/whatamobile__samsung-galaxy-j2-prime.json,8961226f698377e85ac4bce143b859ba6d11508f9a47166a5d1ccd027cccc673,0.79167
954a218378a6209139982b737062c32a2515c2874ce47948eb6389820fda0f71,2026-08-14T21:11:57+00:00,Samsung Galaxy J3 Pro,https://www.whatamobile.com.pk/product/samsung-galaxy-j3-pro/,Yes,false,[],Weight Unknown,[19900.0],whatamobile.com.pk/whatamobile__samsung-galaxy-j3-pro.json,427306ce7191d430edb19904b56586b71808db50dfd851f0b8d552b793ae6723,0.79167
4e896524c3c28ce1122ff341ce43ba4f20890841cf515551222582c869c98e3f,2026-08-14T18:38:35+00:00,Samsung Galaxy J3 Star (2018),https://www.whatamobile.com.pk/product/samsung-galaxy-j3-star-2018/,Yes,false,[],Weight Unknown,[30700.0],whatamobile.com.pk/whatamobile__samsung-galaxy-j3-star-2018.json,16321942aeb1048b94fe2b99bf7bc7c2c72d8320376f446be4930dbb700e9d0c,0.79167
e52b51ee0f171f6a4473784e3bc99c491bcf0bfddb4d2e5b226a2433e94d7317,2026-08-14T22:19:08+00:00,Samsung Galaxy J4 (2018),https://www.whatamobile.com.pk/product/samsung-galaxy-j4-2018/,Yes,false,[],Weight Unknown,[19999.0],whatamobile.com.pk/whatamobile__samsung-galaxy-j4-2018.json,6f7ce27b1199a402a8825104dc487e4fa05de571f82491a1c7b35d0440f9ba19,0.79167
c5b235d6861221128f3719038f2341319ea79d826307f66c9b6993bb0005318a,2026-08-14T19:42:53+00:00,Samsung Galaxy J4 Core,https://www.whatamobile.com.pk/product/samsung-galaxy-j4-core/,Yes,false,"[""Black"",""Gold"",""Blue""]",Weight Unknown,[16989.0],whatamobile.com.pk/whatamobile__samsung-galaxy-j4-core.json,870cc347c08650b5d1db41ce121a9c695605129896b09da05516d68414cfcd9f,0.87500
86940452fbcbe5bafa7c40d4fae14ee841b7be1b4d6e390843b7c03b3e053d31,2026-08-14T20:37:10+00:00,Samsung Galaxy J4+ Plus,https://www.whatamobile.com.pk/product/samsung-galaxy-j4-plus/,Yes,false,[],Weight Unknown,[23500.0],whatamobile.com.pk/whatamobile__samsung-galaxy-j4-plus.json,63c5261fd3bda8261183340125d079c679d83cd3cd1efef2107d13e9d6f97af0,0.79167
adc8ad3196b3116b64701ec48411a80cd27d36b02ea268ec3ac3164113f126e6,2026-08-14T20:43:41+00:00,Samsung Galaxy J5 (2016),https://www.whatamobile.com.pk/product/samsung-galaxy-j5-2016/,Yes,false,[],Weight Unknown,[22499.0],whatamobile.com.pk/whatamobile__samsung-galaxy-j5-2016.json,a21848ab8d8b54385532fe6cc794180f688ba012233ce750926562265afdace4,0.79167
4acbf0d01fb3ea87db239b9df11dbcc21643cc4ae3cae8f6dff88db962657934,2026-08-14T21:05:56+00:00,Samsung Galaxy J5 Prime,https://www.whatamobile.com.pk/product/samsung-galaxy-j5-prime/,Yes,false,[],Weight Unknown,[19290.0],whatamobile.com.pk/whatamobile__samsung-galaxy-j5-prime.json,ef466cc9f7579c6557563402603aea363fa4b662914c2a1628511073a5de239f,0.79167
272bef6ce266b4107b028b0e523ad3dda8256bd4d5bea0a888f992447f97ef39,2026-08-14T21:23:36+00:00,Samsung Galaxy J5 Pro,https://www.whatamobile.com.pk/product/samsung-galaxy-j5-pro/,Yes,false,[],Weight Unknown,[29999.0],whatamobile.com.pk/whatamobile__samsung-galaxy-j5-pro.json,08354fb79c40e077d6dea46d4a952222370cde7b4354f66f9da3cf3df279bc84,0.79167
4d96673a33421b1f22c253931faf9b6f720b541b0a11fefe39fb85d68a2e704b,2026-08-14T20:59:06+00:00,Samsung Galaxy J6+ Plus,https://www.whatamobile.com.pk/product/samsung-galaxy-j6-plus/,Yes,false,[],Weight Unknown,[30999.0],whatamobile.com.pk/whatamobile__samsung-galaxy-j6-plus.json,571ac6a764ef4bd12e8bf7183b5db4c79fec1408c2022a7d164735349f82610c,0.79167
1cd23098a0b607dbe5f0091cd3bbb61a35d40bfcafae7f35f53592faa5be74aa,2026-08-14T22:27:40+00:00,Samsung Galaxy J6,https://www.whatamobile.com.pk/product/samsung-galaxy-j6/,Yes,false,[],Weight Unknown,[27999.0],whatamobile.com.pk/whatamobile__samsung-galaxy-j6.json,09e85117b4e12bfb82a2e7b76354d13b18710724a422f91c40d9421617241a03,0.79167
d9420515592b10dda50f0723a7d0fb19057c25aa57b79eb8028ace77a978045b,2026-08-14T18:36:16+00:00,Samsung Galaxy J7 (2017),https://www.whatamobile.com.pk/product/samsung-galaxy-j7-2017/,Yes,false,[],Weight Unknown,[32000.0],whatamobile.com.pk/whatamobile__samsung-galaxy-j7-2017.json,5654539bb1b87ceae472b93b02538ff6f4357ed77c1c06067456b412ed0a830f,0.79167
d20523ed367ee3b9a2048ffe0d5954b2f044790d7f99bf1a60e4706ab61cba0b,2026-08-14T22:38:14+00:00,Samsung Galaxy J7 Max,https://www.whatamobile.com.pk/product/samsung-galaxy-j7-max/,Yes,false,[],Weight Unknown,[32499.0],whatamobile.com.pk/whatamobile__samsung-galaxy-j7-max.json,eee2239e6344163555142735b444703b4717d716322dd7bbfeee857543d3a1f9,0.79167
64b1cc984b7874bebac7b98c4b571a20e23720df61706bc4d7fbe06073d298bd,2026-08-14T22:12:26+00:00,Samsung Galaxy J7 Pro,https://www.whatamobile.com.pk/product/samsung-galaxy-j7-pro/,Yes,false,[],Weight Unknown,[28945.0],whatamobile.com.pk/whatamobile__samsung-galaxy-j7-pro.json,7c98310a420a7fa060308be064de38a5fb606d1098ff3ed5d1e1cf39e3bb9d9f,0.79167
5ed56b17b7427ca4c9dbea649e016d8f38469e99d622cc7303ad7c7de6d405e3,2026-08-14T18:41:45+00:00,Samsung Galaxy J7 Top,https://www.whatamobile.com.pk/product/samsung-galaxy-j7-top/,Yes,false,[],Weight Unknown,[65000.0],whatamobile.com.pk/whatamobile__samsung-galaxy-j7-top.json,67bef456f75342ecc34feeb07dcfa5d9c2c47ad2be65b5de6236b3ce75d85805,0.79167
e44d5bae49dd022cbf9d3aa3d9a9d1f71f294f1cdfa2ef5efc782f22036d43ac,2026-08-14T20:33:53+00:00,Samsung Galaxy J7,https://www.whatamobile.com.pk/product/samsung-galaxy-j7/,Yes,false,[],Weight Unknown,[22499.0],whatamobile.com.pk/whatamobile__samsung-galaxy-j7.json,9709394e86a55bb6e120971c2d5fef69f89a94dfb067e345de1c46f16dc3ee4a,0.79167
16483210c45aeb6a5208cc7b85c18aa62fc97075d8980248e2137481a030842a,2026-08-14T20:47:31+00:00,Samsung Galaxy J8,https://www.whatamobile.com.pk/product/samsung-galaxy-j8/,Yes,false,[],Weight Unknown,[40999.0],whatamobile.com.pk/whatamobile__samsung-galaxy-j8.json,69e6ea0bf745639f23c8b0c1bcd028f4fb35461a29c93ab4c5dd8d2756d4a184,0.79167
5d7430ac4444ff48a3e898dfb08e0687d94c63b425f0567ee11e8cec5045686a,2026-08-14T18:36:50+00:00,Samsung Galaxy M02,https://www.whatamobile.com.pk/product/samsung-galaxy-m02/,Yes,false,[],Weight Unknown,[20999.0],whatamobile.com.pk/whatamobile__samsung-galaxy-m02.json,d375e30f7b150fe1ef54457837a02b50bacaddf63c2f27d4e5db344f61c263f9,0.79167
62c6c0a71068350f0455b7ef8b8e018084f5aeeec617f1eb08869507a4146668,2026-08-14T21:39:56+00:00,Samsung Galaxy M02s,https://www.whatamobile.com.pk/product/samsung-galaxy-m02s/,Yes,false,[],Weight Unknown,[20999.0],whatamobile.com.pk/whatamobile__samsung-galaxy-m02s.json,7b7805d63c1240e1d686f75d34eaf7316e5cab114f2575133bf982c0decfd687,0.79167
542a6dec305f3e7e2054df0c2e11c771dcb1ff3df236826498513b4908c1acbc,2026-08-14T22:47:22+00:00,Samsung Galaxy M04,https://www.whatamobile.com.pk/product/samsung-galaxy-m04/,Yes,false,[],Weight Unknown,[29999.0],whatamobile.com.pk/whatamobile__samsung-galaxy-m04.json,77b13df8b3564f86a45ddf6234e427b3ae9aea79173fc7ea78c5c5b051ebe06c,0.83333
725c84475ddcf4d3535434c396f9a30bc700848b2fd01c9fc08233ddc436c551,2026-08-14T18:37:09+00:00,Samsung Galaxy M10s,https://www.whatamobile.com.pk/product/samsung-galaxy-m10s/,Yes,false,[],Weight Unknown,[22500.0],whatamobile.com.pk/whatamobile__samsung-galaxy-m10s.json,bd851314276de72ffe5b720670d917119a788c2dabcbdf9720e0e3b1c801cb02,0.79167
1c82e7bebde1429a11300f3e01f2665e9be1fbb9a4f5517e1a937372291fab9b,2026-08-14T20:41:06+00:00,Samsung Galaxy M11,https://www.whatamobile.com.pk/product/samsung-galaxy-m11/,Yes,false,[],Weight Unknown,[40999.0],whatamobile.com.pk/whatamobile__samsung-galaxy-m11.json,2839ebbe8d65fcbae482b3a2bb1a9956b2f41b07a10e9de3ff54b3ca27747285,0.79167
3c58876b54bd31791e9dec02f6a5b5c9cec3ba90e0b68935695d468a6e6b5ad6,2026-08-14T20:39:28+00:00,Samsung Galaxy M13,https://www.whatamobile.com.pk/product/samsung-galaxy-m13/,Yes,false,[],Weight Unknown,[59999.0],whatamobile.com.pk/whatamobile__samsung-galaxy-m13.json,4dd99cbcc4f44fc0894f120bd1b6dff5a8fa3788050dd67ca3f31357b2dc917c,0.83333
ee9aa15fcf90f2f6f9d87a95b83c4f79dadca85ec7e1609a15e8093f25fef9ff,2026-08-14T23:00:54+00:00,Samsung Galaxy M14,https://www.whatamobile.com.pk/product/samsung-galaxy-m14/,Yes,false,[],Weight Unknown,[50500.0],whatamobile.com.pk/whatamobile__samsung-galaxy-m14.json,5f92299eb466b545163338293cd2fdb69a52e8d069e48e914098d6fa8f8b6aaf,0.83333
598d5b3493ee915f3bc2aee6169bf9ebbfb8a940e60ac6626729b4b201122f44,2026-08-14T21:59:15+00:00,Samsung Galaxy M15,https://www.whatamobile.com.pk/product/samsung-galaxy-m15/,Yes,false,[],Weight Unknown,[54600.0],whatamobile.com.pk/whatamobile__samsung-galaxy-m15.json,61aebf64ac833ac6ebf4abb9c0f70f07fdf83796b440b4cb63ca3fc70459809a,0.83333
ad59f1a133a34ccb8b733f9d8efd082f8eb42cba00217d3c199d548ad432ffae,2026-08-14T20:50:19+00:00,Samsung Galaxy M20,https://www.whatamobile.com.pk/product/samsung-galaxy-m20/,Yes,false,[],Weight Unknown,[34999.0],whatamobile.com.pk/whatamobile__samsung-galaxy-m20.json,ac136c667ebd18981bee58f84ea348e7558e08e9485be074574ee391ee4465cd,0.79167
5fe404c08956358ecaf15463f5b400ff5c02d44c6e44b4acbbfbf9f0819ae6d1,2026-08-14T18:38:14+00:00,Samsung Galaxy M20s,https://www.whatamobile.com.pk/product/samsung-galaxy-m20s/,Yes,false,[],Weight Unknown,[29999.0],whatamobile.com.pk/whatamobile__samsung-galaxy-m20s.json,f2433367c752b50510c870d465ba603376c504a9c37f1502e34a2912a46d747b,0.79167
9d528ebf313d82505831243b0db6656d6d2f7758120343de4a3679627aa8e443,2026-08-14T21:17:56+00:00,Samsung Galaxy M21 2021,https://www.whatamobile.com.pk/product/samsung-galaxy-m21-2021/,Yes,false,[],Weight Unknown,[32000.0],whatamobile.com.pk/whatamobile__samsung-galaxy-m21-2021.json,a5c8a19fe3d12e6ee6b3bb6ba78c6513514e73b3d95508863f875f7a2ce33d71,0.79167
4862c18e218e57ed824b8ba625768035860fa80bcde4f186839aa45d872498bb,2026-08-14T18:28:16+00:00,Samsung Galaxy M21s,https://www.whatamobile.com.pk/product/samsung-galaxy-m21s/,Yes,false,[],Weight Unknown,[44999.0],whatamobile.com.pk/whatamobile__samsung-galaxy-m21s.json,9c51629c624b05a9e6c473765c077bdc4e18b8b322b04d75b5c47738695895c2,0.83333
2f845087b5d439a1f336ba5861e54c51a04038b1df969af91912917b98e6810e,2026-08-14T21:32:08+00:00,Samsung Galaxy M22,https://www.whatamobile.com.pk/product/samsung-galaxy-m22/,Yes,false,[],Weight Unknown,[39999.0],whatamobile.com.pk/whatamobile__samsung-galaxy-m22.json,0b9008823e408dfddc1f6ab6b5afeab50457e78d6e9de5a5047b9f9fd84a83bf,0.79167
f530a6803908f90ee555edc73e90d483aa6bf15eefd14e244088f1a37193f259,2026-08-14T18:40:24+00:00,Samsung Galaxy M23,https://www.whatamobile.com.pk/product/samsung-galaxy-m23/,Yes,false,[],Weight Unknown,[44999.0],whatamobile.com.pk/whatamobile__samsung-galaxy-m23.json,de60bf0fa42e0f2cb5a5e9bb7c5440247a60e88e0734ea675dfcf4653affb804,0.79167
c9fa3bace1875d006f77746d1583e9cf6f829978920f3d9ec8bc451b06a41b29,2026-08-14T21:44:33+00:00,Samsung Galaxy M30,https://www.whatamobile.com.pk/product/samsung-galaxy-m30/,Yes,false,[],Weight Unknown,[39999.0],whatamobile.com.pk/whatamobile__samsung-galaxy-m30.json,0184bfe60333b494bdec49f3e422eb25f51ce098860bebc8253d0bb3d9f050ff,0.79167
fab5f403a70b744e4643dd1a5595325a1baece0dca4080f434e1f6a978c678e2,2026-08-14T21:06:16+00:00,Samsung Galaxy M30s,https://www.whatamobile.com.pk/product/samsung-galaxy-m30s/,Yes,false,[],Weight Unknown,[49999.0],whatamobile.com.pk/whatamobile__samsung-galaxy-m30s.json,5edb2ac22254fe5c1470b37007468ffb93e2c100cd4048c561ae0d0af4deddd2,0.79167
7bb4c463d644f05f2548e0a625d6b0fcf1abdcad45e98f742e90adb3d55cda2e,2026-08-14T21:21:30+00:00,Samsung Galaxy M31,https://www.whatamobile.com.pk/product/samsung-galaxy-m31/,Yes,false,[],Weight Unknown,[44999.0],whatamobile.com.pk/whatamobile__samsung-galaxy-m31.json,7304ab057235d257f2d83eb3b94789d29e01607b66f179cd60b600c2c842c854,0.79167
d260721b04faec1dfd051cd3e430ae837d4bed65b315c8ec2cc956292f1d0cb0,2026-08-14T20:28:50+00:00,Samsung Galaxy M31s,https://www.whatamobile.com.pk/product/samsung-galaxy-m31s/,Yes,false,[],Weight Unknown,[47999.0],whatamobile.com.pk/whatamobile__samsung-galaxy-m31s.json,9656c82ea1de079e38961617a0fca47b9048c62b723dc1616ca68d6b4621c027,0.79167
4885f7908144280e66be421c06047b9a31aaba7fd34220566519f16ee8a20eaf,2026-08-14T23:01:38+00:00,Samsung Galaxy M32 5G,https://www.whatamobile.com.pk/product/samsung-galaxy-m32-5g/,Yes,false,[],Weight Unknown,[53999.0],whatamobile.com.pk/whatamobile__samsung-galaxy-m32-5g.json,b9c1943c8356f6f0cd5bed5134535342905d7625c2fedaa1acf967f285eec9bc,0.83333
14618b3a948d59b9b4c3ef174761bb158391187b528464d86b31267f9eb58077,2026-08-14T21:38:18+00:00,Samsung Galaxy M33 5G,https://www.whatamobile.com.pk/product/samsung-galaxy-m33-5g/,Yes,false,[],Weight Unknown,[42999.0],whatamobile.com.pk/whatamobile__samsung-galaxy-m33-5g.json,09fc2e6983678277e46648585f64bd8afa53bf32acfa7f981c307056cf547c16,0.79167
28032dddce6e14856d3e6caadb303c2c5c3489c28680c9759757a96efb84aea3,2026-08-14T22:24:33+00:00,Samsung Galaxy M35,https://www.whatamobile.com.pk/product/samsung-galaxy-m35/,Yes,false,[],Weight Unknown,[97299.0],whatamobile.com.pk/whatamobile__samsung-galaxy-m35.json,d8cf436b496b799dc56c3058dfd76e668c83dcb9246b903c37def226a52a0796,0.83333
34a6d37456b6db5d07b50c9c0c80b68f7ca5158bf6a20807fce69b9208989937,2026-08-14T20:58:04+00:00,Samsung Galaxy M40,https://www.whatamobile.com.pk/product/samsung-galaxy-m40/,Yes,false,[],Weight Unknown,[51999.0],whatamobile.com.pk/whatamobile__samsung-galaxy-m40.json,25a3f842f3f6d0e08b870bdf4ebeb6870b6f328cf633874548c9ffe96067c3b2,0.79167
15be1dcd21097cb035decad0f825ae102e7c8e37d9d90d31fdce584821e300ac,2026-08-14T21:02:08+00:00,Samsung Galaxy M40s,https://www.whatamobile.com.pk/product/samsung-galaxy-m40s/,Yes,false,[],Weight Unknown,[60999.0],whatamobile.com.pk/whatamobile__samsung-galaxy-m40s.json,40b76e63cda3088a5085a2c641ae86110ae2723371142f13020d36dedbe31ada,0.79167
6e707dbc1cd6cf02e5c2937b6d52fcab9168c68e611aac8cf15decd4818e7324,2026-08-14T20:26:00+00:00,Samsung Galaxy M41,https://www.whatamobile.com.pk/product/samsung-galaxy-m41/,Yes,false,[],Weight Unknown,[46000.0],whatamobile.com.pk/whatamobile__samsung-galaxy-m41.json,6b09aa3e337689106ec68bfc41cebf245e1f79efc711caf4b89254ff591dbfa3,0.79167
fc4f281ef85022a2774dd44eb6c6ea78909fe9a5ff0c91a884deca2f9062500b,2026-08-14T21:54:26+00:00,Samsung Galaxy M50,https://www.whatamobile.com.pk/product/samsung-galaxy-m50/,Yes,false,[],Weight Unknown,[45999.0],whatamobile.com.pk/whatamobile__samsung-galaxy-m50.json,02903951b37e4b47ac3e91e7f3188fee9fc73b2f2aaebf51c87276f2018ed6e1,0.79167
0be70c568cdf7fcd2d361fbfdbcb1440d54ef1ae55eaac565105a2fc5c5fc642,2026-08-14T21:20:09+00:00,Samsung Galaxy M51,https://www.whatamobile.com.pk/product/samsung-galaxy-m51/,Yes,false,[],Weight Unknown,[61999.0],whatamobile.com.pk/whatamobile__samsung-galaxy-m51.json,5d161a3ffa79f6f7906b05fd16ceba57a05f57ad2be36cbeacc3a49b3e510a80,0.79167
02d209276e5bf7a6bc09a7788f9db01dfd02aba19e122fb05c40fbc1628c47b5,2026-08-14T21:22:00+00:00,Samsung Galaxy M52 5G,https://www.whatamobile.com.pk/product/samsung-galaxy-m52-5g/,Yes,false,[],Weight Unknown,[82999.0],whatamobile.com.pk/whatamobile__samsung-galaxy-m52-5g.json,a4455d076c02a9555c183ca4915cd2954120ac600107b3bc64de338f50bacea4,0.79167
73fe97f41722578390890149b76889b8ed459691de4e22401e1cbff5eada1956,2026-08-14T21:36:21+00:00,Samsung Galaxy M52,https://www.whatamobile.com.pk/product/samsung-galaxy-m52/,Yes,false,[],Weight Unknown,[63999.0],whatamobile.com.pk/whatamobile__samsung-galaxy-m52.json,d27f1755baa3a7b34c25d2d2ddf3cf871c85aca74dc0099e0a2a92ee525f99c4,0.79167
6868ee40db1b777b6f1d25b17d0bd1fed1f06a19d51fe0183a58d9c92d82763b,2026-08-14T20:40:37+00:00,Samsung Galaxy M53,https://www.whatamobile.com.pk/product/samsung-galaxy-m53/,Yes,false,[],Weight Unknown,[69999.0],whatamobile.com.pk/whatamobile__samsung-galaxy-m53.json,5f3884b83acfee4c456db1569502fb18f4bd54c0575219ba55374b16ef3ec827,0.79167
7020a4a21dfcf7f703c729817ec96e14101a82f24a575756255bad740dc49c73,2026-08-14T20:30:07+00:00,Samsung Galaxy M55,https://www.whatamobile.com.pk/product/samsung-galaxy-m55/,"Yes, with stereo speakers",false,"[""Dark Blue"",""Light Green""]",Weight Unknown,[172100.0],whatamobile.com.pk/whatamobile__samsung-galaxy-m55.json,c6aa491ef69e35f1843c11492ffba2cfd11ea38155645dc7ebf30ae741f30888,0.91667
7fbff103f12d059a5685de9f74625daab50558134bcd0249abbc80d95965fbe5,2026-08-14T18:42:07+00:00,Samsung Galaxy M60s,https://www.whatamobile.com.pk/product/samsung-galaxy-m60s/,Yes,false,[],Weight Unknown,[70999.0],whatamobile.com.pk/whatamobile__samsung-galaxy-m60s.json,438ccb2e55f9c72d8ca95fdf5c02af2906272ba56530a050c995610261a6d688,0.79167
018837491cc2b83d926ce2cf4e28c366ba9f58ee482e2318df9407990f46d2bd,2026-08-14T21:37:46+00:00,Samsung Galaxy M62,https://www.whatamobile.com.pk/product/samsung-galaxy-m62/,Yes,false,[],Weight Unknown,[82999.0],whatamobile.com.pk/whatamobile__samsung-galaxy-m62.json,188a7aece760dd452ac42e641d8abcef7e780b3a5c6e5e65881e6ff49ab3fa0d,0.79167
18b89be7ea199f9e06ac6ea1a04e42c44eaa4382ebc99be52864e2281a534cbb,2026-08-14T18:42:30+00:00,Samsung Galaxy M70s,https://www.whatamobile.com.pk/product/samsung-galaxy-m70s/,Yes,false,[],Weight Unknown,[90000.0],whatamobile.com.pk/whatamobile__samsung-galaxy-m70s.json,05cc8d2215e4df5a071c154f9788258fa56d6bddcd8c61606234e3644ea65c98,0.79167
f6184029fc3ea5ad2ca19ac3cecfbc2252446ca65436718a8dcfd125f88e4ef0,2026-08-14T22:43:25+00:00,Samsung Galaxy M80,https://www.whatamobile.com.pk/product/samsung-galaxy-m80/,Yes,false,[],Weight Unknown,[89999.0],whatamobile.com.pk/whatamobile__samsung-galaxy-m80.json,5100a110b1defe5b757bbbd1cdba407ab0e3c3204000dfa94177b568c5fac620,0.79167
a268f5a3f9f252e10048d8b845aa8fa48254af602f5d4159d9815bb5d3dd6c71,2026-08-14T18:42:42+00:00,Samsung Galaxy M80s,https://www.whatamobile.com.pk/product/samsung-galaxy-m80s/,Yes,false,[],Weight Unknown,[95000.0],whatamobile.com.pk/whatamobile__samsung-galaxy-m80s.json,e9d488590ad8318f6949d9820e7f9b57eab6e1ded5bb71d8165bd70a7f1076c0,0.79167
26f97a7af03bef452577de09d5e79bd9587ebc8424889b28e9a84fb5b658a6f2,2026-08-14T22:42:29+00:00,Samsung Galaxy Note 10 5G,https://www.whatamobile.com.pk/product/samsung-galaxy-note-10-5g/,Yes,false,[],Weight Unknown,[170000.0],whatamobile.com.pk/whatamobile__samsung-galaxy-note-10-5g.json,83254cc8481ba053da77e5c91a977bbeea0ce1c4b5baf027362034385c009d91,0.79167
55deb602cfe5327486e59552d9dfec098153710784be6780b793116ac9205771,2026-08-14T22:55:21+00:00,Samsung Galaxy Note 10 Plus,https://www.whatamobile.com.pk/product/samsung-galaxy-note-10-plus/,Yes,false,[],Weight Unknown,[189999.0],whatamobile.com.pk/whatamobile__samsung-galaxy-note-10-plus.json,d765ea49c5e0f1690c21a426cbf2be81e1ba7a13caa40b344a97087159c59b6b,0.79167
ede8f366394383ada1178be5190ffa2a24afd9dd22a5e05aae990e10fe0e6957,2026-08-14T22:10:24+00:00,Samsung Galaxy Note 11 Plus,https://www.whatamobile.com.pk/product/samsung-galaxy-note-11-plus/,Yes,false,[],Weight Unknown,[189999.0],whatamobile.com.pk/whatamobile__samsung-galaxy-note-11-plus.json,03a1b8280d037d2bff8049270984f6580df5b163bb61908c4410378bcfb46a74,0.79167
476f6cd1dee8bec81502c85d77dcf6745259b95bc5b38fb9bf8b0e7d542f984d,2026-08-14T21:26:35+00:00,Samsung Galaxy Note 20 Ultra,https://www.whatamobile.com.pk/product/samsung-galaxy-note-20-ultra/,Yes,false,"[""Mystic Bronze"",""Mystic Black"",""Mystic White""]",Weight Unknown,[219999.0],whatamobile.com.pk/whatamobile__samsung-galaxy-note-20-ultra.json,efb024d12e1cb15c0e6cf5ce991f85cd6b78bbe6aa6b9f6755738a2080fe2443,0.87500
c51a2a608b23b5d74d540ea2812af8f6fc4ed35bd0904b2b20951fff40a3d351,2026-08-14T22:12:47+00:00,Samsung Galaxy Note 20,https://www.whatamobile.com.pk/product/samsung-galaxy-note-20/,Yes,false,"[""Mystic Grey"",""Mystic Green"",""Mystic Bronze""]",Weight Unknown,[179999.0],whatamobile.com.pk/whatamobile__samsung-galaxy-note-20.json,d2cd83dc7d51fac7c4cfa27c089649c9840e0853e38f0be2cd520397c0785bcf,0.87500
e7b74533443730bf314af008d576313f78cc1ab8c27dcab6d8d226183112e651,2026-08-14T21:21:41+00:00,Samsung Galaxy Note 3,https://www.whatamobile.com.pk/product/samsung-galaxy-note-3/,Yes,false,"[""Black"",""White"",""Pink"",""Merlot Red"",""Rose Gold Black"",""Rose Gold White""]",Weight Unknown,[43999.0],whatamobile.com.pk/whatamobile__samsung-galaxy-note-3.json,795684f86a0f9b41a3ee34f272175c561e837cee4c8a47b9f24ad92f61bbf0be,0.91667
5c17b7b22dbc2dc4b0cd5a1475cb28e77214497548f5e53b6cc66e726329724a,2026-08-14T20:43:31+00:00,Samsung Galaxy Note 4,https://www.whatamobile.com.pk/product/samsung-galaxy-note-4/,Yes,false,[],Weight Unknown,[42990.0],whatamobile.com.pk/whatamobile__samsung-galaxy-note-4.json,962109db5d5a01cb13fb9dab9a025ef5d13a2d018cd226f625621236fe8103d3,0.79167
072be3e617f4623169494b47ca08f538bb8437d1e3abf9be6492af0bbcb0d918,2026-08-14T20:56:48+00:00,Samsung Galaxy Note 5 Duos,https://www.whatamobile.com.pk/product/samsung-galaxy-note-5-duos/,Yes,false,[],Weight Unknown,[60999.0],whatamobile.com.pk/whatamobile__samsung-galaxy-note-5-duos.json,3ef9ce4e869e92345bf06f37f1834ca9f90299321f6bf553ed9f1a00007fb22f,0.79167
3f1584f95c87d97c29df99c41801e64959df55fa9f7f66d41e3ec8beabed94fa,2026-08-14T21:27:45+00:00,Samsung Galaxy Note 5,https://www.whatamobile.com.pk/product/samsung-galaxy-note-5/,Yes,false,[],Weight Unknown,[50999.0],whatamobile.com.pk/whatamobile__samsung-galaxy-note-5.json,87fa53f7597379bb6dbf0c0d35f66c75949995d5939e15a57abc4c216925fd4e,0.79167
c3142423dc4f6508e2f31600ee11220ee18f0f12221b6d6d5aed7c93111c9537,2026-08-14T20:50:52+00:00,Samsung Galaxy Note 7,https://www.whatamobile.com.pk/product/samsung-galaxy-note-7/,Yes,false,[],Weight Unknown,[84999.0],whatamobile.com.pk/whatamobile__samsung-galaxy-note-7.json,79d28956f24d1839cfe20b1df10fb66efc754270f03db4e9f6c48b4350ac594b,0.79167
8db9ea6928b8a98fd54a85ef2d9fbb580da29daa0a325b4829addab5a4a67c7f,2026-08-14T22:57:01+00:00,Samsung Galaxy Note 8,https://www.whatamobile.com.pk/product/samsung-galaxy-note-8/,Yes,false,[],Weight Unknown,[89999.0],whatamobile.com.pk/whatamobile__samsung-galaxy-note-8.json,ade7721ec3734de626b328e045b444f14de9431af9e3205ddc3d22ed09361116,0.79167
93590967f0d1aaa790ef53e72b1a4d49239787317867a638c5051e79e94312b2,2026-08-14T22:58:47+00:00,Samsung Galaxy Note 9,https://www.whatamobile.com.pk/product/samsung-galaxy-note-9/,Yes,false,[],Weight Unknown,[139999.0],whatamobile.com.pk/whatamobile__samsung-galaxy-note-9.json,2d99aa48865594ea355e2f64db483b366e7b01710ea057cf93197ec3cb62503b,0.79167
71d0c597c4854ff51a752c84c1cfa2def63d145ea7d7316fd0e807c6845fb9ef,2026-08-14T20:45:41+00:00,Samsung Galaxy Note Edge,https://www.whatamobile.com.pk/product/samsung-galaxy-note-edge/,Yes,false,[],Weight Unknown,[47249.0],whatamobile.com.pk/whatamobile__samsung-galaxy-note-edge.json,6d19ac01c18f0049139899c8d3adc268111dfa2f693a2520f1181706d5d43aec,0.79167
1e6160057728f344b43327a724baa0d11e7787912d05b3260b00fde832d4ea01,2026-08-14T21:24:54+00:00,Samsung Galaxy Note10 Plus,https://www.whatamobile.com.pk/product/samsung-galaxy-note10-plus/,Yes,false,"[""Aura Glow"",""Aura White"",""Aura Black"",""Aura Blue""]",Weight Unknown,[189999.0],whatamobile.com.pk/whatamobile__samsung-galaxy-note10-plus.json,ff18cd626c90ebc52076c70237e0f149658b2a20664fad220e0d955d804fcca4,0.87500
b4c6ddc67c77710d66520751a952ec6aad1e900587a13c896940bbcbf2e5a501,2026-08-14T19:42:31+00:00,Samsung Galaxy Note10,https://www.whatamobile.com.pk/product/samsung-galaxy-note10/,Yes,false,"[""Aura Glow"",""Aura White"",""Aura Black""]",Weight Unknown,[169999.0],whatamobile.com.pk/whatamobile__samsung-galaxy-note10.json,49df23c0156cdbff4352c2615a3fe02d188d229ed8f0cb3847b200d564ce0732,0.87500
0752655012361fbf45949c986b836dd4561a1b6f163142e96dc5d9f1fad57392,2026-08-14T20:34:43+00:00,Samsung Galaxy Note20 5G,https://www.whatamobile.com.pk/product/samsung-galaxy-note20-5g/,Yes,false,[],Weight Unknown,[179999.0],whatamobile.com.pk/whatamobile__samsung-galaxy-note20-5g.json,cd9ccfd80e64bfbe1c7ef411bb95c0a9032e7ad03279c8eb1cde08d4b6412c2f,0.83333
216e05f3611d99102983bdc948844895131c984ffa6a35c40c76d7d2afad9f2e,2026-08-14T22:45:23+00:00,Samsung Galaxy On5,https://www.whatamobile.com.pk/product/samsung-galaxy-on5/,Yes,false,[],Weight Unknown,[15999.0],whatamobile.com.pk/whatamobile__samsung-galaxy-on5.json,68cb3df0b16481dfb78c7262f0a3c44d2e6c8c2e8843a169395fdbe6479bd8b1,0.79167
2a1ddb382df8ca26ebb2a046a6113f21c0f758d75ebc1c4d42a136240c93a377,2026-08-14T18:38:25+00:00,Samsung Galaxy On8,https://www.whatamobile.com.pk/product/samsung-galaxy-on8/,Yes,false,[],Weight Unknown,[30700.0],whatamobile.com.pk/whatamobile__samsung-galaxy-on8.json,353c3032e337eeb31db8271ef7f317a53ae78f2c4a3a0f4e147fa0060c6d8309,0.79167
34b6884bb26b367e31f420b8dca69fe7fc638db38afe7ae04ab049079ef82a12,2026-08-14T18:40:35+00:00,Samsung Galaxy P30 Plus,https://www.whatamobile.com.pk/product/samsung-galaxy-p30-plus/,Yes,false,[],Weight Unknown,[45000.0],whatamobile.com.pk/whatamobile__samsung-galaxy-p30-plus.json,e5290ab68015f590ea4541f33ada361f14c1bb08570176874b62c1569d0707b6,0.79167
3b8677b2b7f668b0f5a1a1b00ca9caf67978a27d47dabc6fb67ad3c4ced475db,2026-08-14T20:31:35+00:00,Samsung Galaxy S Light Luxury,https://www.whatamobile.com.pk/product/samsung-galaxy-s-light-luxury/,Yes,false,[],Weight Unknown,[71000.0],whatamobile.com.pk/whatamobile__samsung-galaxy-s-light-luxury.json,47918e798ea816b3a0529a7731c4baef506ac7087faaa265de9fec469011e4ed,0.79167
8443f17e85665ab8235ca9882828f7d34f1c7724e932d4b2d0d7a36b51cb668e,2026-08-14T21:07:23+00:00,Samsung Galaxy S10 Plus,https://www.whatamobile.com.pk/product/samsung-galaxy-s10-plus/,Yes,false,"[""Ceramic Black"",""Ceramic White"",""Prism White"",""Prism Black"",""Prism Green"",""Prism Blue"",""Canary Yellow"",""Flamingo Pink""]",Weight Unknown,[219999.0],whatamobile.com.pk/whatamobile__samsung-galaxy-s10-plus.json,88b3d8376c4fea8cedf17b417e9720c9511bf21e12c8a921e5c3f62028d14b49,0.83333
9980f7029b2e50f1ce0c711533b3c5d14a5f1ee9e0d42b049301dfca45f53b35,2026-08-14T18:43:15+00:00,Samsung Galaxy S11 Lite 5G,https://www.whatamobile.com.pk/product/samsung-galaxy-s11-lite-5g/,Yes,false,[],Weight Unknown,[200000.0],whatamobile.com.pk/whatamobile__samsung-galaxy-s11-lite-5g.json,2bf2ac7ee658300fa308cf500e2f592ea55bb9179e69fcf27bf284824925fa3b,0.79167
12e8463f47911d3f6d936b414fee9714e512cc52b0679bb76b7d4345c5ae31c5,2026-08-14T22:14:09+00:00,Samsung Galaxy S11 Plus,https://www.whatamobile.com.pk/product/samsung-galaxy-s11-plus/,Yes,false,[],Weight Unknown,[184999.0],whatamobile.com.pk/whatamobile__samsung-galaxy-s11-plus.json,abdfd9ce27c1db2430122ac4af0e9b906d4ab9b454cf4498fe548f8439ec002b,0.79167
ae4e4f3af0ab7989944ac5c3dfd7e74f4b53fe006aee2a7d2fa4cbf8c9e3f2c3,2026-08-14T22:19:56+00:00,Samsung Galaxy S11 Pro,https://www.whatamobile.com.pk/product/samsung-galaxy-s11-pro/,Yes,false,[],Weight Unknown,[200000.0],whatamobile.com.pk/whatamobile__samsung-galaxy-s11-pro.json,e4695f1f7a0dba70d5f5e11655978ddec8add95900d125ae5d6dc24e27b427d0,0.79167
b4e9ce8f64b6ef674c862149ea1868731b50616ae12f51dabbf3de057310a81e,2026-08-14T21:11:48+00:00,Samsung Galaxy S20 FE 5G,https://www.whatamobile.com.pk/product/samsung-galaxy-s20-fe-5g/,Yes,false,[],Weight Unknown,[122999.0],whatamobile.com.pk/whatamobile__samsung-galaxy-s20-fe-5g.json,9098945a926593588314d343a4bcbef9b3223eaaabb183899ec017492107b7b5,0.79167
d32a1a1c47f7a09397e06fdefc707e19b0a29de4d62420648deb78bdda820c8b,2026-08-14T20:29:49+00:00,Samsung Galaxy S20 Lite,https://www.whatamobile.com.pk/product/samsung-galaxy-s20-lite/,Yes,false,[],Weight Unknown,[148999.0],whatamobile.com.pk/whatamobile__samsung-galaxy-s20-lite.json,bbfc8a8133c75274e4b29359f04bc03d1a46ec77c15a912b6463a913e11fdb59,0.79167
3410f5f456aca5f8b9f54d4c7bbe97b06d81768c877162c1f9175d07a8629dbf,2026-08-14T20:16:04+00:00,Samsung Galaxy S20 Plus,https://www.whatamobile.com.pk/product/samsung-galaxy-s20-plus/,Yes,false,[],Weight Unknown,[187999.0],whatamobile.com.pk/whatamobile__samsung-galaxy-s20-plus.json,1a76ec101ba32d5c39dfd52ea49795c21e73b094da3e6e71479e168c1b7739f9,0.75000
1bd2bc88b2c60e9b99c677a8b2ac9c07e013d2de054deba52c6ac8cca3313af2,2026-08-14T20:37:20+00:00,Samsung Galaxy S20,https://www.whatamobile.com.pk/product/samsung-galaxy-s20/,Yes,false,[],Weight Unknown,[170999.0],whatamobile.com.pk/whatamobile__samsung-galaxy-s20.json,74eccf91de16e0bfd0e593b7383488c4f026752c02687b4bdf253f4233c619fe,0.79167
0752f01a4b097b6776b8feb5828942fd4843764eddf201ef323adae45a3058a2,2026-08-14T20:57:56+00:00,Samsung Galaxy S21 FE,https://www.whatamobile.com.pk/product/samsung-galaxy-s21-fe/,Yes,false,[],Weight Unknown,[162999.0],whatamobile.com.pk/whatamobile__samsung-galaxy-s21-fe.json,a8f6162377bf99505012fc9f1a84629c0da77fa5467f568ed0e7e43a9a129694,0.79167
e3cc0dd9e77cbd56c55b44cf19914b8515a609bd6c39c38d959246b4335bb46a,2026-08-14T20:49:39+00:00,Samsung Galaxy S21 Plus,https://www.whatamobile.com.pk/product/samsung-galaxy-s21-plus/,Yes,false,[],Weight Unknown,[184999.0],whatamobile.com.pk/whatamobile__samsung-galaxy-s21-plus.json,f680361a3c2cab149e41a81fbff8f800e2cb5c0e58f9ff7aeea51d778530ac6d,0.79167
cb918e746dfa4935f7a4c45db3d9f975d95504d64e3aace104271bbe4e12dbfe,2026-08-14T22:35:27+00:00,Samsung Galaxy S21,https://www.whatamobile.com.pk/product/samsung-galaxy-s21/,Yes,false,[],Weight Unknown,[176499.0],whatamobile.com.pk/whatamobile__samsung-galaxy-s21.json,8c46c08a5a7456c18ab32d52e2cb0c10e19a71f71c04ac2e7ff7f8eb7dbd88e1,0.79167
ab465b6ea1c575694889389d3003003b4ad4fa3698cacdd5b8aa326d492267bb,2026-08-14T22:06:00+00:00,Samsung Galaxy S22 Ultra,https://www.whatamobile.com.pk/product/samsung-galaxy-s22-ultra/,Yes,false,[],Weight Unknown,[289999.0],whatamobile.com.pk/whatamobile__samsung-galaxy-s22-ultra.json,8678e4756aadf77cb3c224d9c34e38cba3418bbb9b6bd00d96c9103c4e1f0224,0.83333
9dbeed3fbbc5ec0e579ec249e98a2576c2700be6daf4081ccbc4e3ca58ca35f0,2026-08-14T20:10:35+00:00,Samsung Galaxy S22,https://www.whatamobile.com.pk/product/samsung-galaxy-s22/,"Yes, with stereo speakers",false,[],Weight Unknown,[194999.0],whatamobile.com.pk/whatamobile__samsung-galaxy-s22.json,ee54f047229488d10cbef80e2522f7a1b26c5ff08c39df978a5a9a3f16907e79,0.83333
b9f1d44eb7b7de3260fb6bc0d49e50e77dad459ecace8204c7330c982cf50645,2026-08-14T21:06:46+00:00,Samsung Galaxy S23 FE,https://www.whatamobile.com.pk/product/samsung-galaxy-s23-fe/,Yes,false,[],Weight Unknown,[194999.0],whatamobile.com.pk/whatamobile__samsung-galaxy-s23-fe.json,b7ab2390bbddd533d05b6d37b1efe55e261ab1e21757c72460bd0acc2df2665f,0.83333
5072fd9782a1ac68fb0e9f00e719a6f3200771823849ae48b99cd6c78a520110,2026-08-14T22:51:30+00:00,Samsung Galaxy S23 Ultra,https://www.whatamobile.com.pk/product/samsung-galaxy-s23-ultra/,Yes,false,"[""Charcoal Black"",""Shimmery White"",""Electric Blue and Copper Gold""]",Weight Unknown,[269999.0],whatamobile.com.pk/whatamobile__samsung-galaxy-s23-ultra.json,406c42da11e524b73b71386172c65ef8093bfd001d3deea6171cb8b4ca65ebd8,0.87500
66f27194865a19fae244462f40788762b63f0256cfd0d541b8c2a5b08ea3bd4f,2026-08-14T20:43:03+00:00,Samsung Galaxy S23,https://www.whatamobile.com.pk/product/samsung-galaxy-s23/,Yes,false,[],Weight Unknown,[400000.0],whatamobile.com.pk/whatamobile__samsung-galaxy-s23.json,30e2e062936fc2b348ec2e9fadb04cdc044d255d7d68aa2ee8f8fa833b965627,0.83333
88773fdc247b116950110778b8087acbe6f3454f485e840ca1d0d414c15ea67a,2026-08-14T17:53:12+00:00,Samsung Galaxy S24 FE,https://www.whatamobile.com.pk/product/samsung-galaxy-s24-fe/,Yes,false,"[""Various""]",Weight Unknown,[222749.0],whatamobile.com.pk/whatamobile__samsung-galaxy-s24-fe.json,b0b38b5157c34c517c4b567d9f1463537907c5b33bb6118115fe9edb8eedb584,0.91667
a931f01a3cc6b455a6e3f20ec793098ca4f5f33c159a27d0b9c8bb73bf9ebb28,2026-08-14T22:01:54+00:00,Samsung Galaxy S24 Ultra,https://www.whatamobile.com.pk/product/samsung-galaxy-s24-ultra/,Yes,false,[],Weight Unknown,[415999.0],whatamobile.com.pk/whatamobile__samsung-galaxy-s24-ultra.json,16f066d3b11859382ff46ea103f449acc759755505dc1193e71504fced3b9506,0.83333
fdf8a650703bc6d9fb7bc2e816f884eb33b4452301b77e86bea80fe334b60050,2026-08-14T19:52:07+00:00,Samsung Galaxy S24,https://www.whatamobile.com.pk/product/samsung-galaxy-s24/,Yes,false,[],Weight Unknown,[254999.0],whatamobile.com.pk/whatamobile__samsung-galaxy-s24.json,e0fbdfd491963b56c628f8148f30a04cadaae3065098c79855a879ac90600f08,0.83333
26f281f73d272acb224d86836524a37fd9ed2cce5a9eefb291aa46483fdfcf99,2026-08-14T19:55:14+00:00,"Samsung Galaxy S25 FE (8GB, 256GB, Icy Blue)",https://www.whatamobile.com.pk/product/samsung-galaxy-s25-fe-8gb-256gb-icy-blue/,Yes,false,[],Weight Unknown,[185990.0],whatamobile.com.pk/whatamobile__samsung-galaxy-s25-fe-8gb-256gb-icy-blue.json,3fb4416cf6ff9960f48caf2a663a40f8a16b1f4ac549a9b9053989c9410e142b,0.79167
25afa9b0dbcf1b840686afbc2e69cd6757d6b240dc928fb39224051316c182cb,2026-08-14T19:55:24+00:00,"Samsung Galaxy S25 FE (8GB, 256GB, Jet Black)",https://www.whatamobile.com.pk/product/samsung-galaxy-s25-fe-8gb-256gb-jet-black/,Yes,false,[],Weight Unknown,[185990.0],whatamobile.com.pk/whatamobile__samsung-galaxy-s25-fe-8gb-256gb-jet-black.json,246bfd5a39003cb4e6db482ecc1c3bd5c304aa70a0d64aa9713456a49c4dd337,0.79167
e15cfe8f771a7ae5c81eeb17bbdfa8668624ac645d017d2ef4d7354c4f816f68,2026-08-14T19:55:33+00:00,"Samsung Galaxy S25 FE (8GB, 256GB, White)",https://www.whatamobile.com.pk/product/samsung-galaxy-s25-fe-8gb-256gb-white/,Yes,false,[],Weight Unknown,[185990.0],whatamobile.com.pk/whatamobile__samsung-galaxy-s25-fe-8gb-256gb-white.json,4b2d806cc5dfd6d8a50a9322bd19a63fe80a55725e22cc6f96559aa8450e8870,0.79167
21abedc5763a2522ab6eff10b06ae77a5291204792573b26fc6b44d5e6dc21bd,2026-08-14T19:55:03+00:00,"Samsung Galaxy S25 FE (8GB, 512GB, Jet Black)",https://www.whatamobile.com.pk/product/samsung-galaxy-s25-fe-8gb-512gb-jet-black/,Yes,false,[],Weight Unknown,[215990.0],whatamobile.com.pk/whatamobile__samsung-galaxy-s25-fe-8gb-512gb-jet-black.json,d8fe66b3283d1bf905a9101420a5c1ae9fe9e71fa53aea233b5e9fdf1759b4b0,0.79167
856e73271387943e5a0a23ea8ab80ed1c51b4d3ab76e4db5cf00f4700e9be6c3,2026-08-14T19:55:54+00:00,"Samsung Galaxy S25 FE (8GB, 512GB, Navy Blue)",https://www.whatamobile.com.pk/product/samsung-galaxy-s25-fe-8gb-512gb-navy-blue/,Yes,false,[],Weight Unknown,[215990.0],whatamobile.com.pk/whatamobile__samsung-galaxy-s25-fe-8gb-512gb-navy-blue.json,26e24c7fc368758d39fb22aae68ead850e0da43a7077b79dc020d79b56ed925b,0.79167
58d3cd808307fbbf4eaaf8e92a888dce70a59d6507cf10638f5f9f7654132f54,2026-08-14T19:55:42+00:00,"Samsung Galaxy S25 FE (8GB, 512GB, White)",https://www.whatamobile.com.pk/product/samsung-galaxy-s25-fe-8gb-512gb-white/,Yes,false,[],Weight Unknown,[215990.0],whatamobile.com.pk/whatamobile__samsung-galaxy-s25-fe-8gb-512gb-white.json,ede87bed19e1dde4004054801a52231e366daf04acd988514ea00bf60162c5a5,0.79167
40e3a43950f19d92251fb11f566867b65a2b2c3ca1eb98438ceeaf24cc2a975b,2026-08-14T21:30:11+00:00,Samsung Galaxy S25 Ultra,https://www.whatamobile.com.pk/product/samsung-galaxy-s25-ultra/,Yes,false,[],Weight Unknown,[439999.0],whatamobile.com.pk/whatamobile__samsung-galaxy-s25-ultra.json,8ed735d3b2cb2e769fbc981f48164a7d144d9599d3f7cbdd759e08b01edf9d54,0.83333
882fa4f85ee25b610ec153d1b227c144e533216659f73dd767eb2dbc5937ac15,2026-08-14T22:05:41+00:00,Samsung Galaxy S26 Ultra 1TB Black,https://www.whatamobile.com.pk/product/samsung-galaxy-s26-ultra-1tb-black/,"Yes, with stereo speakers",false,[],Weight Unknown,[424999.0],whatamobile.com.pk/whatamobile__samsung-galaxy-s26-ultra-1tb-black.json,3593c76797c7877b9b419439ea72c154d098af2bd6d96cfac7db77f296075c1e,0.83333
28c2a1622df1a368725641b8d8d0e864e84b04593ab0bd13825d2674e7acf4f5,2026-08-14T22:35:10+00:00,Samsung Galaxy S26 Ultra 1TB Cobalt Violet,https://www.whatamobile.com.pk/product/samsung-galaxy-s26-ultra-1tb-cobalt-violet/,"Yes, with stereo speakers",false,[],Weight Unknown,[424999.0],whatamobile.com.pk/whatamobile__samsung-galaxy-s26-ultra-1tb-cobalt-violet.json,fd4d04e90f23fc89fbd3b74b9cebdde170642a604545aa3956cc3e6364d6e603,0.83333
128cc79e6416a31b5f883e2e1c7f62f5f1d0900e9979b19400dbd2d7f0214aa2,2026-08-14T20:14:25+00:00,Samsung Galaxy S26 Ultra 1TB Sky Blue,https://www.whatamobile.com.pk/product/samsung-galaxy-s26-ultra-1tb-sky-blue/,"Yes, with stereo speakers",false,[],Weight Unknown,[424999.0],whatamobile.com.pk/whatamobile__samsung-galaxy-s26-ultra-1tb-sky-blue.json,1f6ed6c9713f7238ae17f222d50c44127bb4eae09b77004462bc7ea82d4f5201,0.83333
fc198fa5466832fdc81d50fdee8692b87d31177bc074c8a6682915ab6250c4cb,2026-08-14T20:14:16+00:00,Samsung Galaxy S26 Ultra 1TB White,https://www.whatamobile.com.pk/product/samsung-galaxy-s26-ultra-1tb-white/,"Yes, with stereo speakers",false,[],Weight Unknown,[424999.0],whatamobile.com.pk/whatamobile__samsung-galaxy-s26-ultra-1tb-white.json,97890073a3443822d06e789b5e52c70995cef1ef5a34d3afe1738062574f121e,0.83333
970d8b5daf3c25075d14473ea5b6547d31a21e46e34d89d8a27f932c98a7aacd,2026-08-14T17:10:46+00:00,Samsung Galaxy S26 Ultra 512GB Black,https://www.whatamobile.com.pk/product/samsung-galaxy-s26-ultra-512gb-black/,"Yes, with stereo speakers",false,[],Weight Unknown,[424999.0],whatamobile.com.pk/whatamobile__samsung-galaxy-s26-ultra-512gb-black.json,4b2aaf92c0c63d7d7b6ed04e2bb2b5b5dbe3e3b7fdc82a6b6245aa80b171eca2,0.83333
274de949deab061d95974c59a710dc646af6c14a6b4319dd3a98d50b898b0281,2026-08-14T20:13:57+00:00,Samsung Galaxy S26 Ultra 512GB Cobalt Violet,https://www.whatamobile.com.pk/product/samsung-galaxy-s26-ultra-512gb-cobalt-violet/,"Yes, with stereo speakers",false,[],Weight Unknown,[424999.0],whatamobile.com.pk/whatamobile__samsung-galaxy-s26-ultra-512gb-cobalt-violet.json,b2e264eae67e736044160927dcf7c1069a056d032a67f37619e08d521b46f6d6,0.83333
b412b9784f0aa68d641a0d8f6028b6fe447659c9aed789a6cd7dc6d00f8fe9b0,2026-08-14T20:14:07+00:00,Samsung Galaxy S26 Ultra 512GB Sky Blue,https://www.whatamobile.com.pk/product/samsung-galaxy-s26-ultra-512gb-sky-blue/,"Yes, with stereo speakers",false,[],Weight Unknown,[424999.0],whatamobile.com.pk/whatamobile__samsung-galaxy-s26-ultra-512gb-sky-blue.json,05d48d9e5cbe9e29c5107aa21eb422b294bb1e1ea78c6cdf554614de44eb1dcd,0.83333
f6423525f66e90d6d8df6e7b37db2352c1457b03d4f10ffba3ca8463dd87e630,2026-08-14T20:13:46+00:00,Samsung Galaxy S26 Ultra 512GB White,https://www.whatamobile.com.pk/product/samsung-galaxy-s26-ultra-512gb-white/,"Yes, with stereo speakers",false,[],Weight Unknown,[424999.0],whatamobile.com.pk/whatamobile__samsung-galaxy-s26-ultra-512gb-white.json,c166aba68e23a239eba11d7fdacde09a33004e808423b72ab282c2156a1854b9,0.83333
4a3ffa13408f3d55ca12f70ed15461bd0bc00f0926ac211d0ff598d59a7c4053,2026-08-14T17:50:40+00:00,Samsung Galaxy S4 Zoom,https://www.whatamobile.com.pk/product/samsung-galaxy-s4-zoom/,Yes,false,"[""White"",""Dynamic Black""]",Weight Unknown,[31999.0],whatamobile.com.pk/whatamobile__samsung-galaxy-s4-zoom.json,a0b2f7941bdd560441aea64df4aba7873a11d24bffb3eb02ef0aeea7c921ac35,0.91667
22ec8233c172aaa7c31614c97007f773273e245735d27a5a7935e3e4aef8bdc2,2026-08-14T17:50:28+00:00,Samsung Galaxy S5 Mini,https://www.whatamobile.com.pk/product/samsung-galaxy-s5-mini/,Yes,false,"[""Charcoal Black"",""Shimmery White"",""Electric Blue and Copper Gold""]",Weight Unknown,[53999.0],whatamobile.com.pk/whatamobile__samsung-galaxy-s5-mini.json,e8da261f895c3dbe6b3277317052e67f6bb6bd2e6a1cfef537f3839b181551cd,0.91667
4b87e779013aec6504f848cd9300fefc727f6df6aa05557ca9ecd975cdee1d38,2026-08-14T22:30:08+00:00,Samsung Galaxy S5,https://www.whatamobile.com.pk/product/samsung-galaxy-s5/,Yes,false,"[""Gold"",""Black"",""White"",""Blue""]",Weight Unknown,[36499.0],whatamobile.com.pk/whatamobile__samsung-galaxy-s5.json,e05075661cf155db97aa339d412aec9ffa05080aed026c9e6f543e2a2235a8a6,0.91667
19ddfc6a77c9dfd31209aa02412c21e7c1ded62341f5f00f388af6e44c6719b6,2026-08-14T21:04:15+00:00,Samsung Galaxy S6 Edge,https://www.whatamobile.com.pk/product/samsung-galaxy-s6-edge/,Yes,false,[],Weight Unknown,[46499.0],whatamobile.com.pk/whatamobile__samsung-galaxy-s6-edge.json,5402a35199ebe7c92ff0a23af51b894798d07e520f88131a4909327d3f29e123,0.79167
62145d13ee39b7ff98f5a2e91b3049401f3c9562132843d3fc09f3d699c9c80b,2026-08-14T22:33:24+00:00,Samsung Galaxy S6,https://www.whatamobile.com.pk/product/samsung-galaxy-s6/,Yes,false,[],Weight Unknown,[42999.0],whatamobile.com.pk/whatamobile__samsung-galaxy-s6.json,a33e0544863b17ca26b8671a19bb0ca1da3a6a71223b55b330535336d57c8b71,0.79167
eccd3e1593bdfdc3f07207118cc20b4c42f38189b43aba5d194e69e53dde9270,2026-08-14T21:18:05+00:00,Samsung Galaxy S7 Edge,https://www.whatamobile.com.pk/product/samsung-galaxy-s7-edge/,Yes,false,"[""Charcoal Black"",""Shimmery White"",""Electric Blue and Copper Gold""]",Weight Unknown,[50999.0],whatamobile.com.pk/whatamobile__samsung-galaxy-s7-edge.json,9b7b2cb7f052d8c83af9a01a5b161ee27ec41f6a71dacf56ba60c81244513a92,0.91667
d2bd45308eea40e08246e578bef4a8c4b23eff07da48c1d34e1df172d6e36d6f,2026-08-14T21:39:07+00:00,Samsung Galaxy S7,https://www.whatamobile.com.pk/product/samsung-galaxy-s7/,Yes,false,"[""Charcoal Black"",""Shimmery White"",""Electric Blue and Copper Gold""]",Weight Unknown,[57399.0],whatamobile.com.pk/whatamobile__samsung-galaxy-s7.json,8b225f24df1f043dbe5f7e6271f4aea4d64c6b32fafacaefa470f2a4c70baaa1,0.91667
770be9156f862d2410bf66b80e89b690b4d2af35146c9d5b6f41322b807733b7,2026-08-14T21:00:37+00:00,Samsung Galaxy S8 Active,https://www.whatamobile.com.pk/product/samsung-galaxy-s8-active/,Yes,false,[],Weight Unknown,[89500.0],whatamobile.com.pk/whatamobile__samsung-galaxy-s8-active.json,5b4d8b6668a3abc6b094d30db59db07d48c0451f8afdee1287f7bfa118e2a9fb,0.79167
32de32331bb7e97f4cfedfc75d48b1c1ecf69a6d0df4ec47b96687c60ea10a64,2026-08-14T22:41:48+00:00,Samsung Galaxy S8 Plus,https://www.whatamobile.com.pk/product/samsung-galaxy-s8-plus/,Yes,false,[],Weight Unknown,[84999.0],whatamobile.com.pk/whatamobile__samsung-galaxy-s8-plus.json,4ef8e6a8579891f9adefd17573bd4791c7aeb84d6f5e1262ea4c07a3658a983d,0.79167
6dd470164a3492ec292c8e37582e3ff8923aceba56c856797fd05389ddb70f83,2026-08-14T22:29:09+00:00,Samsung Galaxy S8,https://www.whatamobile.com.pk/product/samsung-galaxy-s8/,Yes,false,[],Weight Unknown,[65499.0],whatamobile.com.pk/whatamobile__samsung-galaxy-s8.json,91a2759722f5e47c62ee5fd2b7d39436e9001dadea424c9fcbf12c52293ce3a4,0.79167
3b657dbf73f30443461708b40b8d83aca32cf6689dc0b2b3f72e3f872ad1e0b8,2026-08-14T22:53:10+00:00,Samsung Galaxy S9 Plus,https://www.whatamobile.com.pk/product/samsung-galaxy-s9-plus-price-in-pakistan/,Yes,false,[],Weight Unknown,[111999.0],whatamobile.com.pk/whatamobile__samsung-galaxy-s9-plus-price-in-pakistan.json,2130da9d41be77529e4879b566fcd1088c58021a93d74c5995ac201679c0d1be,0.79167
df3c0b4c9c4762701c5d09e404c7761824690846c8840d5fc9bd1d46d06b6bb9,2026-08-14T20:38:02+00:00,Samsung Galaxy S9,https://www.whatamobile.com.pk/product/samsung-galaxy-s9/,Yes,false,[],Weight Unknown,[91000.0],whatamobile.com.pk/whatamobile__samsung-galaxy-s9.json,b7ad2f00b26bcb24535e2eea847d38a8c0ef176d57ff59fcd74bdab758816e49,0.79167
b8c5225cc007291be5446e8cc4c3016eb53d54ad39b898ea11fc267bfa98de74,2026-08-14T19:41:37+00:00,Samsung Galaxy SM-A320F/DS,https://www.whatamobile.com.pk/product/samsung-galaxy-sm-a320f-ds/,Yes,false,"[""Black Sky"",""Gold Sand"",""Blue Mist"",""Peach Cloud""]",Weight Unknown,[29999.0],whatamobile.com.pk/whatamobile__samsung-galaxy-sm-a320f-ds.json,28d596955ca31f05fb0e08d71232bb16f8118a652d69e01c249b5ed393a61b4f,0.87500
7add9df15174b6a4abeff20b021176622415be4fc9653e9871f8859084372cb8,2026-08-14T22:05:08+00:00,Samsung Galaxy Tab A (2019) Model T295 LTE (Silver Gray 32GB + 2GB),https://www.whatamobile.com.pk/product/samsung-galaxy-tab-a-2019-model-t295-lte-silver-gray-32gb-2gb/,yes,false,[],Weight Unknown,[58000.0],whatamobile.com.pk/whatamobile__samsung-galaxy-tab-a-2019-model-t295-lte-silver-gray-32gb-2gb.json,c81dc5cd19f76d5704ac23619679ed5328db5f0a63641908339280261ffc5f82,0.58333
790402accf3b74508ec59b6a61fb03b95bdf4b1422e3eade19e3b28ebada2904,2026-08-14T20:25:11+00:00,Samsung Galaxy Tab A7 10.4 (Model T505 2020) (Dark Gray 32GB + 3GB),https://www.whatamobile.com.pk/product/samsung-galaxy-tab-a7-10-4-model-t505-2020-dark-gray-32gb-3gb/,yes,false,[],Weight Unknown,[50000.0],whatamobile.com.pk/whatamobile__samsung-galaxy-tab-a7-10-4-model-t505-2020-dark-gray-32gb-3gb.json,5ab8c87b537fa672dc1dccbc21a9478219c3e13a7dc75be5fc5eaadf56ff42bd,0.58333
bf7ea54dd96d9eb5d83fd14471712e906f81219ff281b36ff0ea8580cca1f6f2,2026-08-14T20:59:37+00:00,Samsung Galaxy Tab A7 Lite Wi-Fi Model T220 (Dark Gray 32GB + 3GB),https://www.whatamobile.com.pk/product/samsung-galaxy-tab-a7-lite-wi-fi-model-t220-dark-gray-32gb-3gb/,yes,false,[],Weight Unknown,[40000.0],whatamobile.com.pk/whatamobile__samsung-galaxy-tab-a7-lite-wi-fi-model-t220-dark-gray-32gb-3gb.json,52157058f6c10b73e5398519a57c83f6cc2364e011219147b4872513a63debec,0.58333
4dc02ce75c61c102499c7d2633220901ef2b4e5e1304dfcdf0b0793a0c8477a5,2026-08-14T21:45:53+00:00,Samsung Galaxy Tab A8 10.5 (2021) Wi-Fi SM-X200 (Pink Gold 32GB + 3GB),https://www.whatamobile.com.pk/product/samsung-galaxy-tab-a8-10-5-2021-wi-fi-sm-x200-pink-gold-32gb-3gb/,yes,false,[],Weight Unknown,[56500.0],whatamobile.com.pk/whatamobile__samsung-galaxy-tab-a8-10-5-2021-wi-fi-sm-x200-pink-gold-32gb-3gb.json,4b00dad48ba65d3391c51508aefd125cbddd86a72203b092371e3d58e08d0525,0.58333
1ab8ccedd7dd89bca41a0418f59d8334f7055d53815cc80fd3328d8085b4a3e5,2026-08-14T19:49:10+00:00,Samsung Galaxy Tab A8 10.5 (2021) WiFi SM-X200 (Gray 64GB + 4GB),https://www.whatamobile.com.pk/product/samsung-galaxy-tab-a8-10-5-2021-wifi-sm-x200-gray-64gb-4gb/,yes,false,[],Weight Unknown,[54000.0],whatamobile.com.pk/whatamobile__samsung-galaxy-tab-a8-10-5-2021-wifi-sm-x200-gray-64gb-4gb.json,44a6ee69b62f9e558fd4c075b4775bdbfd48c20e66c877471cb602458bb1b95f,0.58333
c0de03bc0ddab76cc01e10e24e506b3e214e7dfff157621f6133eaf227b349f8,2026-08-14T19:48:02+00:00,Samsung Galaxy Tab A9+ LTE SM-X216 (Silver 64GB + 4GB),https://www.whatamobile.com.pk/product/samsung-galaxy-tab-a9-lte-sm-x216-silver-64gb-4gb/,yes,false,[],Weight Unknown,[69000.0],whatamobile.com.pk/whatamobile__samsung-galaxy-tab-a9-lte-sm-x216-silver-64gb-4gb.json,fb6fe77ab55da065add6ae20d94c9b703133812500b8dd72b926e5b129b98ad1,0.58333
7eef5a399e231bf0ce3adffc73ba3a08bb4fddeeb70645812c98158ab43ed57c,2026-08-14T23:02:26+00:00,Samsung Galaxy Tab A9 WiFi SM-X110 (Graphite 64GB + 4GB),https://www.whatamobile.com.pk/product/samsung-galaxy-tab-a9-wifi-sm-x110-graphite-64gb-4gb/,yes,false,[],Weight Unknown,[37000.0],whatamobile.com.pk/whatamobile__samsung-galaxy-tab-a9-wifi-sm-x110-graphite-64gb-4gb.json,758dfa76cf2292d4c7aae410814b16c61c32286ba93559b03494b35a96ff4764,0.58333
2c76683c69e02ede3f84d1f77f2a7d881251e1c4e82dedce71a2805bef0d5656,2026-08-14T19:48:42+00:00,Samsung Galaxy Tab A9+WiFi SM-X210 (Silver 64GB + 4GB),https://www.whatamobile.com.pk/product/samsung-galaxy-tab-a9wifi-sm-x210-silver-64gb-4gb/,yes,false,[],Weight Unknown,[55000.0],whatamobile.com.pk/whatamobile__samsung-galaxy-tab-a9wifi-sm-x210-silver-64gb-4gb.json,b557fd9de33b59b8fb68731dd02931523e0bbe3f15b1e6f6daf020105ac098f5,0.58333
04ea16bbef2a263e05303a2a7e231be0f421e9e9449ab98538f528e2559ca524,2026-08-14T19:49:01+00:00,Samsung Galaxy Tab S6 Lite (2024) Wi-Fi SM-P620 (Pink 64GB + 4GB),https://www.whatamobile.com.pk/product/samsung-galaxy-tab-s6-lite-2024-wi-fi-sm-p620-pink-64gb-4gb/,yes,false,[],Weight Unknown,[89000.0],whatamobile.com.pk/whatamobile__samsung-galaxy-tab-s6-lite-2024-wi-fi-sm-p620-pink-64gb-4gb.json,7bbabb73211de4e93a9534822a397a0e59e5866e727fe56be3efa6ef9cd33bf0,0.58333
59c4531cb50bd1f652fdaad8d4d0ce568db62f9ef340145e06a6a37bd2f4215d,2026-08-14T17:53:35+00:00,Samsung Galaxy Tab S6 Lite 2024,https://www.whatamobile.com.pk/product/samsung-galaxy-tab-s6-lite-2024/,"Yes, with stereo speakers",false,"[""Gray"",""Mint"",""Rose Gold""]",Weight Unknown,[123700.0],whatamobile.com.pk/whatamobile__samsung-galaxy-tab-s6-lite-2024.json,c3864452fac0b6b73b0c3b9c0324129b5cd2cec06099b234d734441b05b54f95,0.83333
01e4634a09ac2d63b8d8bf77236ba1b48a5e42ffc525ab0dfba893cd0e62c44c,2026-08-14T19:49:48+00:00,Samsung Galaxy Tab S6 Lite S Pen included (Wi-Fi Model P610) (Angora Blue 128GB + 4GB),https://www.whatamobile.com.pk/product/samsung-galaxy-tab-s6-lite-s-pen-included-wi-fi-model-p610-angora-blue-128gb-4gb/,yes,false,[],Weight Unknown,[100000.0],whatamobile.com.pk/whatamobile__samsung-galaxy-tab-s6-lite-s-pen-included-wi-fi-model-p610-angora-blue-128gb-4gb.json,888b1b5c332ee2d2dbad4ca83ad8cb9e3ccedd460ade1421d6a019ddb380cb1f,0.58333
9a277e9e13f77eaec5324675c5729537c44314da348c11b458a148debf138cb3,2026-08-14T19:49:28+00:00,Samsung Galaxy Tab S6 Lite S Pen included (Wi-Fi Model P610),https://www.whatamobile.com.pk/product/samsung-galaxy-tab-s6-lite-s-pen-included-wi-fi-model-p610/,yes,false,[],Weight Unknown,[97000.0],whatamobile.com.pk/whatamobile__samsung-galaxy-tab-s6-lite-s-pen-included-wi-fi-model-p610.json,97552fb7fca69041d46aaf454ccad0a03512fc4d4c1d5387a63ef35e8528f5cd,0.58333
5c6747abe604977d822712c791102620fd5a4ddc596000d24ee0cc3f9869355c,2026-08-14T19:49:19+00:00,Samsung Galaxy Tab S8 Ultra (Graphite 256GB + 12GB),https://www.whatamobile.com.pk/product/samsung-galaxy-tab-s8-ultra-graphite-256gb-12gb/,yes,false,[],Weight Unknown,[355000.0],whatamobile.com.pk/whatamobile__samsung-galaxy-tab-s8-ultra-graphite-256gb-12gb.json,7daec18467d10c4bd1f0b73bf3486f6c10e026dc3d4a19cdc84a6f7a0c0493c7,0.58333
1e2a0c0ef4c7ac84f03bf60c34f52bac757ae909e1148289d1e6ab7d2d3a5762,2026-08-14T19:49:39+00:00,Samsung Galaxy Tab S8+12.4 Wi-Fi Model SM-X800 (Graphite 128GB + 8GB),https://www.whatamobile.com.pk/product/samsung-galaxy-tab-s812-4-wi-fi-model-sm-x800-graphite-128gb-8gb/,yes,false,[],Weight Unknown,[255000.0],whatamobile.com.pk/whatamobile__samsung-galaxy-tab-s812-4-wi-fi-model-sm-x800-graphite-128gb-8gb.json,fb115e1a48ef0c13c455e8cd9afac0f5e1f57fbbb59530492b50fe12a4008b37,0.58333
acf9670f70e931d81d4131033f8e951d0845b40d1a49f5663f131e28e0d8ffc4,2026-08-14T19:48:11+00:00,Samsung Galaxy Tab S9 FE Wi-Fi SM-X510 (Gray 256GB + 8GB),https://www.whatamobile.com.pk/product/samsung-galaxy-tab-s9-fe-wi-fi-sm-x510-gray-256gb-8gb/,yes,false,[],Weight Unknown,[112000.0],whatamobile.com.pk/whatamobile__samsung-galaxy-tab-s9-fe-wi-fi-sm-x510-gray-256gb-8gb.json,7c47b888f4bd41e6031bb0ea6bc8f9c4eb2d7f2edc52d68a9598e599a367a16d,0.58333
ccff73330120969c0ea012c64b4bbdf77079314eabcf7b8b46c4820cf13363f6,2026-08-14T19:48:51+00:00,Samsung Galaxy Tab S9 FE Wi-Fi SM-X510 (Mint 256GB + 8GB),https://www.whatamobile.com.pk/product/samsung-galaxy-tab-s9-fe-wi-fi-sm-x510-mint-256gb-8gb/,yes,false,[],Weight Unknown,[112000.0],whatamobile.com.pk/whatamobile__samsung-galaxy-tab-s9-fe-wi-fi-sm-x510-mint-256gb-8gb.json,8e698007292e6b8b49421551cebe9ff4df991e3f66a49cb754e1bf5340b9cc2d,0.58333
b3ac2dcbb431e8e34997fbd4c09673425ac6f1c42bbaf181233ad8085888f113,2026-08-14T19:48:31+00:00,Samsung Galaxy Tab S9 Wi-Fi SM-X710 (Graphite 128GB + 8GB),https://www.whatamobile.com.pk/product/samsung-galaxy-tab-s9-wi-fi-sm-x710-graphite-128gb-8gb/,yes,false,[],Weight Unknown,[177000.0],whatamobile.com.pk/whatamobile__samsung-galaxy-tab-s9-wi-fi-sm-x710-graphite-128gb-8gb.json,981657a824b694271aaa260858c6be85ef61f8a0d4b8420b2364a2225ba76fbc,0.58333
73ee127b79642e6462ea42fdb7dbfa9854ddcb95547282217d50f9e9ca047172,2026-08-14T19:48:20+00:00,Samsung Galaxy Tab S9 Wi-Fi SM-X710,https://www.whatamobile.com.pk/product/samsung-galaxy-tab-s9-wi-fi-sm-x710/,yes,false,[],Weight Unknown,[210000.0],whatamobile.com.pk/whatamobile__samsung-galaxy-tab-s9-wi-fi-sm-x710.json,0ef3d56967455a658e313df12c2ca3076b3c63a30cef278cf03e4eb86ab3cb97,0.58333
ed6d36f11dfa20aad97d91586de90d468e6b281cf1952eea6422acc74bd42ea1,2026-08-14T20:23:44+00:00,Samsung Galaxy Wide 3,https://www.whatamobile.com.pk/product/samsung-galaxy-wide-3/,Yes,false,[],Weight Unknown,[31900.0],whatamobile.com.pk/whatamobile__samsung-galaxy-wide-3.json,7fa08bec497eb0d72ba87ac46de9afccd231c34fa0bac0358d1b7488740f43e1,0.79167
86d45767e4c23451b766af87b4588bc6e363ef6d75dcd6af3d1e36862594a870,2026-08-14T20:23:13+00:00,Samsung Galaxy Wide 4,https://www.whatamobile.com.pk/product/samsung-galaxy-wide-4/,Yes,false,[],Weight Unknown,[38000.0],whatamobile.com.pk/whatamobile__samsung-galaxy-wide-4.json,cd142081e1c6f09235aa18b31c3328631a6df715e41d37bac1eb99d3ab84e0f4,0.79167
520dce112bba8b633988261a30561853000eff82c84375cabcefd15669129e66,2026-08-14T20:48:22+00:00,Samsung Galaxy Z Flip 3 5G,https://www.whatamobile.com.pk/product/samsung-galaxy-z-flip-3-5g/,Yes,false,[],Weight Unknown,[192999.0],whatamobile.com.pk/whatamobile__samsung-galaxy-z-flip-3-5g.json,300154a3d58fa09da13d9c6bc462e92fda7c5b2c1c0b5df7977919b3221606e9,0.79167
ffe61b574578e7bd2055610d99fd1ad20880a265aca685aea3c69557d26d82be,2026-08-14T20:25:31+00:00,Samsung Galaxy Z Flip 5G,https://www.whatamobile.com.pk/product/samsung-galaxy-z-flip-5g/,Yes,false,[],Weight Unknown,[173999.0],whatamobile.com.pk/whatamobile__samsung-galaxy-z-flip-5g.json,443a74888d66a8c09c1a8e53020690ae4a79b38ac3e89398823ee316037528aa,0.79167
9162ab2c28cf64449e18df1c79a0fcfb7802ba25e6b2efd9ff539b42af5fa617,2026-08-14T17:53:23+00:00,Samsung Galaxy Z Flip 6,https://www.whatamobile.com.pk/product/samsung-galaxy-z-flip-6/,Yes,false,"[""Various""]",Weight Unknown,[366299.0],whatamobile.com.pk/whatamobile__samsung-galaxy-z-flip-6.json,550f79856c373547abe29254406bd235e4b93e2e90633cdb65fb564ddba33ede,0.87500
1cca56b60a816b00c8cf70c34e926af27d1e5279a88f8778086b1f6ef34a7f55,2026-08-14T17:52:27+00:00,Samsung Galaxy Z Fold 6,https://www.whatamobile.com.pk/product/samsung-galaxy-z-fold-6/,Yes,false,"[""Various""]",Weight Unknown,[602909.0],whatamobile.com.pk/whatamobile__samsung-galaxy-z-fold-6.json,635e00653adfb06a5717458724d64facbff76a97cceae1ff774816908931514a,0.91667
e4a13badcc548f15ba7714dc61b10f278b9220d1b94d1c11e8c8841e572073bb,2026-08-14T17:47:58+00:00,Samsung Galaxy Z Fold FE,https://www.whatamobile.com.pk/product/samsung-galaxy-z-fold-fe/,Yes,false,"[""Various""]",Weight Unknown,[321749.0],whatamobile.com.pk/whatamobile__samsung-galaxy-z-fold-fe.json,7fbd9ebd9add066321b3060571d0e1b18409a434f460e1fa95640ac2806db3b0,0.87500
b9568a46bc670e377f082cad1065e49dec9b7351b30f7dc978a039eda9fef8d7,2026-08-14T18:35:57+00:00,Sharp Aquos B10,https://www.whatamobile.com.pk/product/sharp-aquos-b10/,Yes,false,[],Weight Unknown,[51000.0],whatamobile.com.pk/whatamobile__sharp-aquos-b10.json,b27e471aedd3b02ceaa9a722bc0701f5f68d7654166ab3257191cc9866616d14,0.79167
c2b50bb7768ac9d458e7c3ac05c4abfd667e34bacf998af7abe2b589844d0dda,2026-08-14T18:36:05+00:00,Sharp Aquos D10,https://www.whatamobile.com.pk/product/sharp-aquos-d10/,Yes,false,[],Weight Unknown,[67999.0],whatamobile.com.pk/whatamobile__sharp-aquos-d10.json,a5f3a4d2bf82b241e245e8ff41a7a6c0e6c4368ff7a0ee13ce5609bd1e0c9fdf,0.79167
38040e3a5d156bce278285deb8974892b72d21c0d81a840831ac4525a6a9465f,2026-08-14T20:55:58+00:00,Sharp Aquos R2 compact,https://www.whatamobile.com.pk/product/sharp-aquos-r2-compact/,Yes,false,[],Weight Unknown,[79999.0],whatamobile.com.pk/whatamobile__sharp-aquos-r2-compact.json,075e21fc7f23749ca5e024abce84f2c77dfbf77506845adef2b425181299e75b,0.79167
dfb8f0de62afd255e1f4fb1c25338d081665c604081229a37825d6311bb46d57,2026-08-14T23:01:48+00:00,Sharp Aquos R5G,https://www.whatamobile.com.pk/product/sharp-aquos-r5g/,Yes,false,[],Weight Unknown,[77999.0],whatamobile.com.pk/whatamobile__sharp-aquos-r5g.json,f2e15e150601929840777df5c4a2fdbd5621620a61d7bd90e3160cb2b85f1fc7,0.79167
98376cdfd21a3097379b4cfb356dee7a989062f48f8208b679382476cdfec6fc,2026-08-14T18:35:45+00:00,Sharp Aquos V,https://www.whatamobile.com.pk/product/sharp-aquos-v/,Yes,false,[],Weight Unknown,[35999.0],whatamobile.com.pk/whatamobile__sharp-aquos-v.json,ae0096ec8b157b4b468b0f11112a14f15500db3fd445f9e2e7c0af192afd496e,0.79167
344ec957326271e15ed5cea4fe79f3da00d368118217083c34e81bec2738efb4,2026-08-14T21:19:14+00:00,Sharp Aquos Zero,https://www.whatamobile.com.pk/product/sharp-aquos-zero/,Yes,false,[],Weight Unknown,[10999.0],whatamobile.com.pk/whatamobile__sharp-aquos-zero.json,3f6519f3e22944c6886cfdd49bb880469aeb6a540e52cef3c90b024339278d78,0.79167
2b282c0f120659342ccf066654925be92d6e59e2f4063b8d7bb76c7c6a0c45e0,2026-08-14T22:03:19+00:00,Sony Xperia 1 III,https://www.whatamobile.com.pk/product/sony-xperia-1-iii/,Yes,false,[],Weight Unknown,[86999.0],whatamobile.com.pk/whatamobile__sony-xperia-1-iii.json,65a6605c668f71375f8bd481805a78b84d1e337a45c5d826b1e7ce90a4f59688,0.79167
64f33090325913b5503f84264f5b97f640fd33cbb4fb5e5f5a4c06b7641de6ff,2026-08-14T22:20:06+00:00,Sony Xperia 1,https://www.whatamobile.com.pk/product/sony-xperia-1/,Yes,false,[],Weight Unknown,[163999.0],whatamobile.com.pk/whatamobile__sony-xperia-1.json,e91ef5b3d4cda204ec002e73a6c0409ab531460ec333ac798492c16990addeea,0.79167
3288a29a8f8ec9470fa839ffaf23d33aba8f64db747c8800a04d4d94a517212e,2026-08-14T18:34:36+00:00,Sony Xperia 10 III Lite,https://www.whatamobile.com.pk/product/sony-xperia-10-iii-lite/,Yes,false,[],Weight Unknown,[74999.0],whatamobile.com.pk/whatamobile__sony-xperia-10-iii-lite.json,f804b0d191af6e963338ce36c984d0fb177b88bee72c6f8f1a1df4d515a6cce9,0.79167
c67296b8fcf9e6beb0a5daf8355ba666462e1182a4f20de55820e0073f308c38,2026-08-14T20:38:45+00:00,Sony Xperia 10 III,https://www.whatamobile.com.pk/product/sony-xperia-10-iii/,Yes,false,[],Weight Unknown,[130999.0],whatamobile.com.pk/whatamobile__sony-xperia-10-iii.json,79842536a0cebc6eca086450df9713b606198873ea68213fabd87e9d2fbce4e6,0.79167
001d5140fcf2d8f91f5ce795ac1b87c980d63634f9c4e9b1f15e7294bfb7d9f1,2026-08-14T21:58:05+00:00,Sony Xperia 10 IV,https://www.whatamobile.com.pk/product/sony-xperia-10-iv/,Yes,false,[],Weight Unknown,[81999.0],whatamobile.com.pk/whatamobile__sony-xperia-10-iv.json,3fe57231a5b4b27d3b4fad2d04eca2882d358cd53a9382db3a59312788d35fbb,0.79167
96eebbd0753a0c068f356af5d31238eb485b1da0d0fbdc287bba0b0dc347018b,2026-08-14T22:26:52+00:00,Sony Xperia 10 Plus,https://www.whatamobile.com.pk/product/sony-xperia-10-plus/,Yes,false,[],Weight Unknown,[67999.0],whatamobile.com.pk/whatamobile__sony-xperia-10-plus.json,7f8c7872c99c82bd9e3b2668cd3efc6273629b82517adec66a943394fdaf668c,0.79167
536b2d0caef5c33176897e30b33140c9c2831ddd210352920a3bb3120cc2bb41,2026-08-14T21:49:25+00:00,Sony Xperia 10 VI,https://www.whatamobile.com.pk/product/sony-xperia-10-vi/,Yes,false,[],Weight Unknown,[130799.0],whatamobile.com.pk/whatamobile__sony-xperia-10-vi.json,d78ff76ea4c0a63fbeef994556a2445704fc2d75990d65664c38baa3cebb6554,0.83333
d78f0f8015d332c8bdb35b49039c2d1c3624e95f51f7033ee3e20c3041f356a7,2026-08-14T22:14:46+00:00,Sony Xperia 2,https://www.whatamobile.com.pk/product/sony-xperia-2/,Yes,false,[],Weight Unknown,[59999.0],whatamobile.com.pk/whatamobile__sony-xperia-2.json,0dbbbeca2dce794e4d8e2e405e776a4e83790db477b3b22902c2ec3bb2f41215,0.79167
2be263a356fe26c6267754270075a752918bafd680c1fbaf415090483a486ab7,2026-08-14T22:26:33+00:00,Sony Xperia 3,https://www.whatamobile.com.pk/product/sony-xperia-3/,Yes,false,[],Weight Unknown,[120000.0],whatamobile.com.pk/whatamobile__sony-xperia-3.json,ccf6f6a62a17ee2d650b6df31751fcf29d5862d6333a6f6f97fae845be89b5d0,0.79167
a14cd414efeda5fd5537fb35ac8024d00ea436ffb442763f41bf1472cd5e7d13,2026-08-14T20:51:25+00:00,Sony Xperia 5 III,https://www.whatamobile.com.pk/product/sony-xperia-5-iii/,Yes,false,[],Weight Unknown,[136999.0],whatamobile.com.pk/whatamobile__sony-xperia-5-iii.json,0be584763b49b09bc0368fba6c393c9670659261373a73012dad6a1dad67fa46,0.79167
e43e321075176575d37b45d6ecbd530c1837cd7f04d814917adba8b0912982e5,2026-08-14T22:46:35+00:00,Sony Xperia 5,https://www.whatamobile.com.pk/product/sony-xperia-5/,Yes,false,[],Weight Unknown,[85999.0],whatamobile.com.pk/whatamobile__sony-xperia-5.json,ce906f2a7ebf5ef3b632f252889441475aae8138c5e70d8d0c4ac0b4e009889f,0.79167
c975ad89133b1b8f8eaeebe9d4b9fb92d38ea5dc31aa5a1ea5dd30b1ed1fa954,2026-08-14T21:57:13+00:00,Sony Xperia 6 Pro,https://www.whatamobile.com.pk/product/sony-xperia-6-pro/,Yes,false,[],Weight Unknown,[105000.0],whatamobile.com.pk/whatamobile__sony-xperia-6-pro.json,418069239d8f2dc709e9dc553ba559b6c836be42311e10822c08ec3c6bdab0d3,0.79167
085931ea41b2d317869fb5fb1f5a0d593f3a18ee32d76ddddf35bc5e11bd51b6,2026-08-14T22:22:54+00:00,Sony Xperia 8,https://www.whatamobile.com.pk/product/sony-xperia-8/,Yes,false,[],Weight Unknown,[81999.0],whatamobile.com.pk/whatamobile__sony-xperia-8.json,c5705db828994c0f12a87992c29b9f80f1295d8972636cac98e80dcaeabd44e9,0.79167
6d61eaed75193d18fa90ba7d262498ce267e0696633d2f2f69b62123c090c706,2026-08-14T22:28:29+00:00,Sony Xperia E4 Dual,https://www.whatamobile.com.pk/product/sony-xperia-e4-dual/,Yes,false,[],Weight Unknown,[14399.0],whatamobile.com.pk/whatamobile__sony-xperia-e4-dual.json,73f09b9c865dd69d8a77176911e2c9f2b34ef5f81cde69be802a39d3998192ed,0.79167
94cd2a030ac4c47256fa61072a50ff49939bed29d8a56176e867ee918863090e,2026-08-14T22:31:54+00:00,Sony Xperia L2,https://www.whatamobile.com.pk/product/sony-xperia-l2/,Yes,false,[],Weight Unknown,[27999.0],whatamobile.com.pk/whatamobile__sony-xperia-l2.json,f55a1b9fb7b5ae4d3f5cf1a76a6c09c58edabbd2ba2808a98673ec891c9705c5,0.79167
e632b0672b51450bd8c964f1b60853b38b0eacc7168958973643c5ac89c64614,2026-08-14T22:29:18+00:00,Sony Xperia L3,https://www.whatamobile.com.pk/product/sony-xperia-l3/,Yes,false,[],Weight Unknown,[31999.0],whatamobile.com.pk/whatamobile__sony-xperia-l3.json,2c550a7026dfb3a0d14bf57ac4caa8ea5fd26503a29702049e6097913e7519d4,0.79167
b70a9ebde5ed032e0737c79c97ae681ff776978f96f0dc9639e02b1dc727ac17,2026-08-14T18:34:12+00:00,Sony Xperia L4,https://www.whatamobile.com.pk/product/sony-xperia-l4/,Yes,false,[],Weight Unknown,[56000.0],whatamobile.com.pk/whatamobile__sony-xperia-l4.json,c20ee2f4356eaa86446e319382e0aa6af6f1960622e73207570fb6e1a5ae9b03,0.79167
4beb98c5fca33d12693ceb881294b349e83fb5156a98af72d632612924d4c547,2026-08-14T22:29:48+00:00,Sony Xperia M2,https://www.whatamobile.com.pk/product/sony-xperia-m2/,Yes,false,"[""Black"",""White"",""Purple""]",Weight Unknown,[24500.0],whatamobile.com.pk/whatamobile__sony-xperia-m2.json,27a13f516a50f6172fc1ceff6283cd1908cbe992024100376d65eb5ee1927d5a,0.91667
519a4e5a05a61b702de04955397e39cb85da5034ae248f1f43d3c7756e68f555,2026-08-14T22:48:11+00:00,Sony Xperia X Performance,https://www.whatamobile.com.pk/product/sony-xperia-x-performance/,Yes,false,[],Weight Unknown,[45999.0],whatamobile.com.pk/whatamobile__sony-xperia-x-performance.json,77895721a9415720d5cff25265af7107b27c9afe854d7717952ed4cbabef2ea5,0.79167
77bbc6d1a4682e71857317584312c9e543b018e521ec69f556a367bbf4fe9a59,2026-08-14T21:21:10+00:00,Sony Xperia X,https://www.whatamobile.com.pk/product/sony-xperia-x/,Yes,false,[],Weight Unknown,[33499.0],whatamobile.com.pk/whatamobile__sony-xperia-x.json,1fbe1f4927d647ea6210bde2d67dffe82516d229d4398082493a6c69dd1ee5d9,0.79167
3a88cbbb389d7e42212f401ef336ffcb139d9c17006ed085bf1ef034d7ee3fc7,2026-08-14T22:24:52+00:00,Sony Xperia XA Ultra,https://www.whatamobile.com.pk/product/sony-xperia-xa-ultra/,Yes,false,[],Weight Unknown,[31999.0],whatamobile.com.pk/whatamobile__sony-xperia-xa-ultra.json,920d58fb20aa68629951d4899a87d89c1077ae8373f200c1d68af959fc5465db,0.79167
35daebf2c54fe73edaa0c18b4e94a193df71524c5e478cb248462f2227c3f81c,2026-08-14T22:41:10+00:00,Sony Xperia XA1,https://www.whatamobile.com.pk/product/sony-xperia-xa1/,Yes,false,[],Weight Unknown,[26000.0],whatamobile.com.pk/whatamobile__sony-xperia-xa1.json,2716998ea6c3c962a92e45961568665e460c853eff2423bbf27bcdafe07fd82a,0.79167
935a9112760aad6f9a8487f4d1f96417c1b7f877e6c61b51fbd1401cb68dc900,2026-08-14T22:46:03+00:00,Sony Xperia XA2 Plus,https://www.whatamobile.com.pk/product/sony-xperia-xa2-plus/,Yes,false,[],Weight Unknown,[57800.0],whatamobile.com.pk/whatamobile__sony-xperia-xa2-plus.json,53864aace744e4783da4505da2649833eb47400df9ece2461cb4c99742744392,0.79167
a6fb008af2b826011cbbab8e7b7b6032050738eeb11095dc747c37b4cdaa9343,2026-08-14T18:33:48+00:00,Sony Xperia XA2,https://www.whatamobile.com.pk/product/sony-xperia-xa2/,Yes,false,[],Weight Unknown,[41100.0],whatamobile.com.pk/whatamobile__sony-xperia-xa2.json,b1f56c1435cf18336fd2cdc721f3caa3d757c7ad1bd5d130f682720da2402cfe,0.79167
9426e937a6e2a3644453cb017fc20fc21d69ec9ccb45d0c7db493deeaee5cafb,2026-08-14T18:34:24+00:00,Sony Xperia XZ Premium,https://www.whatamobile.com.pk/product/sony-xperia-xz-premium/,Yes,false,[],Weight Unknown,[61249.0],whatamobile.com.pk/whatamobile__sony-xperia-xz-premium.json,71fd45b8116535cf92e182a32612fdd2d4c1acc40f7443578f789b30ded811eb,0.79167
d10bdf4fb93281d4cb00fd617d08751d7f3cca5cc6233baaee068789358e2ace,2026-08-14T20:57:45+00:00,Sony Xperia XZ Pro,https://www.whatamobile.com.pk/product/sony-xperia-xz-pro/,Yes,false,[],Weight Unknown,[64590.0],whatamobile.com.pk/whatamobile__sony-xperia-xz-pro.json,33f1d4cdac08d21f838b62b2dca9f07d04bbee5d63ffa852869e3171d8677b9b,0.79167
1ec0ea6fe672c7c85eee66a1306e9cc6f62e4190bf72a3bd6f9c273c51dcefa1,2026-08-14T21:12:48+00:00,Sony Xperia XZ1 Compact,https://www.whatamobile.com.pk/product/sony-xperia-xz1-compact/,Yes,false,[],Weight Unknown,[62400.0],whatamobile.com.pk/whatamobile__sony-xperia-xz1-compact.json,3b105169f68dad5afe8670e6d04b9851aacbd7bf3500867eb301a170635890ff,0.79167
89898706ec0c2beec8dc2cda193ef7c5b5bceb2382a4aa54a8222e48fc6986d6,2026-08-14T22:35:19+00:00,Sony Xperia XZ2 Compact,https://www.whatamobile.com.pk/product/sony-xperia-xz2-compact/,Yes,false,[],Weight Unknown,[91400.0],whatamobile.com.pk/whatamobile__sony-xperia-xz2-compact.json,f6302ffbff0a7690bd34f62efc49186e9af19c124f4d23e55a6f7c1e0f5b80c6,0.79167
559188ec9be38f280e952cee5a236a65a8a4b097f3e0743b34405ba2db068f5c,2026-08-14T21:08:03+00:00,Sony Xperia XZ2 Premium,https://www.whatamobile.com.pk/product/sony-xperia-xz2-premium/,Yes,false,[],Weight Unknown,[137000.0],whatamobile.com.pk/whatamobile__sony-xperia-xz2-premium.json,ffb77badb3a07d1d920fc0f3d19b3163ab1e60d53daefe3b0e553af3b1a670d9,0.79167
5d6395f12bf7037a6e96eb3c0c922d95700fa78b30c305fea17c2336b0dc86c0,2026-08-14T21:54:47+00:00,Sony Xperia XZ3 Premium,https://www.whatamobile.com.pk/product/sony-xperia-xz3-premium/,Yes,false,[],Weight Unknown,[50000.0],whatamobile.com.pk/whatamobile__sony-xperia-xz3-premium.json,fa5b263efc7d9d52a475a846bbe852764543526800b53f981c58bf26ba7580b8,0.79167
7ac70a5b74c6644b02e0ca3d829bea10d86ae08f8c2cb998633da94d4d5b6a1b,2026-08-14T22:15:16+00:00,Sony Xperia XZ3,https://www.whatamobile.com.pk/product/sony-xperia-xz3/,Yes,false,[],Weight Unknown,[121800.0],whatamobile.com.pk/whatamobile__sony-xperia-xz3.json,81875cdf87055f3d2ae3a33114e9c7720cd1db66a907ae189d1b7ca460515d56,0.79167
a53ea0ff1fb005a6bc87b2509a6ed704801cffea11dbec480b1567efe44db9d5,2026-08-14T21:46:42+00:00,Sony Xperia XZs,https://www.whatamobile.com.pk/product/sony-xperia-xzs/,Yes,false,[],Weight Unknown,[51499.0],whatamobile.com.pk/whatamobile__sony-xperia-xzs.json,058320ea46684c6335e633b9a4421744f8fb689f2ee03d4e56f7bdc922790661,0.79167
31a6fe0f08bff942d20b3232b18dc1a9373b888b937cb069ec05aef1a9406141,2026-08-14T22:39:10+00:00,Sony Xperia Z1 Compact,https://www.whatamobile.com.pk/product/sony-xperia-z1-compact/,Yes,false,"[""Black"",""White"",""Pink"",""Lime""]",Weight Unknown,[42999.0],whatamobile.com.pk/whatamobile__sony-xperia-z1-compact.json,df32296aafce8fd6b07440fdcf1a29ee4f2583cd96f1514136488a2f12e37503,0.91667
f714517d00b22c437cfc11687869a27fb4f5148a8e06a4786614029c123e7c65,2026-08-14T21:18:52+00:00,Sony Xperia Z1,https://www.whatamobile.com.pk/product/sony-xperia-z1/,Yes,false,"[""Black"",""White"",""Purple""]",Weight Unknown,[21500.0],whatamobile.com.pk/whatamobile__sony-xperia-z1.json,4defda7cf116a7d846d3211903a2d86869eb3ec683f8f0b489b947816f114e5a,0.91667
bc132dee86882a1df1c9d105393981db5c946c705976f221458cdfd28ef26e6a,2026-08-14T17:48:48+00:00,Sony Xperia Z2,https://www.whatamobile.com.pk/product/sony-xperia-z2/,Yes,false,"[""Black"",""White"",""Purple""]",Weight Unknown,[31000.0],whatamobile.com.pk/whatamobile__sony-xperia-z2.json,09602e4137b6571fcef1e2e4afac1ebde927f37cae63fc16fc90570895e893e9,0.91667
49eafb67f01a0ee1ba081d93cf2eee6c28e3a5544ce514eb4ca55abd541e2cf2,2026-08-14T22:05:51+00:00,Sony Xperia Z3,https://www.whatamobile.com.pk/product/sony-xperia-z3/,Yes,false,[],Weight Unknown,[28999.0],whatamobile.com.pk/whatamobile__sony-xperia-z3.json,382f19b68de652929745eef29063bdfbb000b39c78f4aff3b7c7431ffc4e1d16,0.79167
8823032833998517f53dc6206f5beb913c0f392fb189b09adbef65565708a0eb,2026-08-14T21:18:32+00:00,Sony Xperia Z5 Premium,https://www.whatamobile.com.pk/product/sony-xperia-z5-premium/,Yes,false,[],Weight Unknown,[45499.0],whatamobile.com.pk/whatamobile__sony-xperia-z5-premium.json,3b77d21c6a30c73fd6b469afabbf2064c5a59c8bfe0ed4399f960e1fc4caed21,0.79167
582478b42bdffa1104a3a42e932eba8f14ae59f25c61e9cd71e13ad713ead6dd,2026-08-14T21:24:17+00:00,Sparx Neo 8,https://www.whatamobile.com.pk/product/sparx-neo-8/,Yes,false,"[""Various""]",Weight Unknown,[23299.0],whatamobile.com.pk/whatamobile__sparx-neo-8.json,5993967a99f3bc1b88aed4a9678ae9cc9d3c0005dab52372a4ca869e8d437b7d,0.87500
a8cad7d258932fb4cec8ff76e255ac0159c201d8193a9e14d3bca93f8f3674aa,2026-08-14T20:11:37+00:00,T900 Ultra Smart Watch,https://www.whatamobile.com.pk/product/t900-ultra-smart-watch/,,false,[],Weight Unknown,[1259.0],whatamobile.com.pk/whatamobile__t900-ultra-smart-watch.json,f2d7f9577ce3902c4bad2e38d3fa0723bb4345452f851cd16aeaee35062508f1,0.08333
399a51b5ee1f90392400521436ba1047b55d56a63ad0a61f061f3a1c8a2faebb,2026-08-14T18:33:26+00:00,TCL 10 Pro,https://www.whatamobile.com.pk/product/tcl-10-pro/,Yes,false,[],Weight Unknown,[69999.0],whatamobile.com.pk/whatamobile__tcl-10-pro.json,36b3314f525dc794f2e83f317649e34cb6afa9ca3cf32ec6134970ecec9fe1f5,0.79167
26635e7a9deab1e9391c9f4f62fa39cfe7ceca42d20aeff69a8658ff187c9619,2026-08-14T20:13:07+00:00,TCL 10L,https://www.whatamobile.com.pk/product/tcl-10l/,Yes,false,[],Weight Unknown,[37999.0],whatamobile.com.pk/whatamobile__tcl-10l.json,de25cae6f2a5517cb23604e7e8c2984a35eab88f2184cb08da42f282e414e6f0,0.79167
1b1a49606e17aa30bfeab05509cb4c0502f02ee980ae3fd4dc021689fbd3c858,2026-08-14T20:46:00+00:00,Techno POP 7 Pro,https://www.whatamobile.com.pk/product/techno-pop-7-pro/,Yes,false,"[""Turquoise Cyan | Atlantic Blue""]",Weight Unknown,[39999.0],whatamobile.com.pk/whatamobile__techno-pop-7-pro.json,f2a22fe77a00f175b116321cb080201e0c921aa32eb452412df2d867dfe2228e,0.83333
0452accaaafe100a5d4462249f8f93420583f1169128702d34f62339129e8a6e,2026-08-14T20:53:25+00:00,Tecno Camon 11 pro,https://www.whatamobile.com.pk/product/tecno-camon-11-pro/,Yes,false,[],Weight Unknown,[29999.0],whatamobile.com.pk/whatamobile__tecno-camon-11-pro.json,03f68e329f585e0b55213c9b3f9aac1e53b721cafe574ef657de014e68ae35b7,0.79167
d55f8bceccd4a58b31eed800844a427e5e041ef3a4d2f324ef4871019c9b4276,2026-08-14T20:48:11+00:00,Tecno Camon 12 Air,https://www.whatamobile.com.pk/product/tecno-camon-12-air/,Yes,false,[],Weight Unknown,[19499.0],whatamobile.com.pk/whatamobile__tecno-camon-12-air.json,2fd8029581cc5a6db2908fbe9c410a220585183741c5c62b98d10ae3cae5ece8,0.83333
1af29f8621b61f24d4b35def32715673499101fa51970bcee55e364ed3dbd87c,2026-08-14T22:19:28+00:00,Tecno Camon 12 pro,https://www.whatamobile.com.pk/product/tecno-camon-12-pro/,Yes,false,[],Weight Unknown,[24999.0],whatamobile.com.pk/whatamobile__tecno-camon-12-pro.json,747be9a21f8b62420dae39f164616accc6458866a8af658cdfa92bee33144fc8,0.79167
918d329eb208799978c48ba9d5eff6c4f71d084521ec20b75575d6884edc6fad,2026-08-14T20:55:38+00:00,Tecno Camon 15 Pro,https://www.whatamobile.com.pk/product/tecno-camon-15-pro/,Yes,false,[],Weight Unknown,[27999.0],whatamobile.com.pk/whatamobile__tecno-camon-15-pro.json,906d601fb23351f9a38b05e87adad3a53394f7e5d01c46ac738bcb58dcbeed48,0.79167
09590440832632772d44f39c79c41360dabbe16349c990a606969de34996f421,2026-08-14T21:01:37+00:00,Tecno Camon 15,https://www.whatamobile.com.pk/product/tecno-camon-15/,Yes,false,[],Weight Unknown,[21499.0],whatamobile.com.pk/whatamobile__tecno-camon-15.json,e80a7943bb897db1b489492b1b417c45b651d23c0c8b567f9ef5c96a0fdc5239,0.79167
9f6465f0b5f688eb1e77a3ebe18e71dac269fc407e822b441a7e0f6a6b58efd6,2026-08-14T21:09:47+00:00,TECNO Camon 16 Premier,https://www.whatamobile.com.pk/product/tecno-camon-16-premier/,Yes,false,[],Weight Unknown,[39999.0],whatamobile.com.pk/whatamobile__tecno-camon-16-premier.json,4504c26c7552dfa809c3dda75bd24f28b6ac813f2315a3369a3acf9ba5f31d65,0.79167
d6ec6fd8b1e3a11cb84c943b3dafe101b17d09c8c85eaf32e63eeeb54100011a,2026-08-14T20:48:33+00:00,Tecno Camon 16 S,https://www.whatamobile.com.pk/product/tecno-camon-16-s/,Yes,false,[],Weight Unknown,[24999.0],whatamobile.com.pk/whatamobile__tecno-camon-16-s.json,5e93ac7a4275ef3a54ebfb80c3e92aaa901bd3e966651737e69f63543413044b,0.79167
f6baea16ae2b023e9fd69900f5ec4234efeff51b799e818fb04a562116fb78a9,2026-08-14T20:28:41+00:00,Tecno Camon 18 Premier,https://www.whatamobile.com.pk/product/tecno-camon-18-premier/,Yes,false,[],Weight Unknown,[59999.0],whatamobile.com.pk/whatamobile__tecno-camon-18-premier.json,cf9ee445e1cb062c9972372e1c08b14a59a9c0f8647e0d437dab962a3679ffbf,0.79167
678044f9525010539253644b7ea04e9b1d19c3446ee9ec5460ac9b3d0dba2e52,2026-08-14T22:01:25+00:00,Tecno Camon 18,https://www.whatamobile.com.pk/product/tecno-camon-18/,Yes,false,[],Weight Unknown,[29999.0],whatamobile.com.pk/whatamobile__tecno-camon-18.json,6753471d71f3d0162c7cba9d8df1601efcd44540836dc1194db45a805eb79ee7,0.79167
39d925f6778b06ec4102aee2436bb516bae053e37db2a4a59f0e4f3c85a0ffd9,2026-08-14T22:04:49+00:00,Tecno Camon 18i,https://www.whatamobile.com.pk/product/tecno-camon-18i/,Yes,false,[],Weight Unknown,[29999.0],whatamobile.com.pk/whatamobile__tecno-camon-18i.json,f0e280b612167225493a1880dcc830b92791555835899ee8461b86537381e4b1,0.79167
c4864c5483f897ed25ec85bf077d0187d7f55b29edcd9dc7249a0377e43a900f,2026-08-14T22:38:35+00:00,Tecno Camon 18T,https://www.whatamobile.com.pk/product/tecno-camon-18t/,Yes,false,[],Weight Unknown,[41999.0],whatamobile.com.pk/whatamobile__tecno-camon-18t.json,906be22ec0a51cacf451dd4a2379dc092ab37bfad67e846d51651678351cf986,0.83333
b0547ca05a7401d0b3d7c310e4e79a518243ef64638e545d7c9ac4c02639bde9,2026-08-14T22:53:28+00:00,Tecno Camon 19 Neo,https://www.whatamobile.com.pk/product/tecno-camon-19-neo/,Yes,false,[],Weight Unknown,[41999.0],whatamobile.com.pk/whatamobile__tecno-camon-19-neo.json,936a43ed439dbbf6525023039c6789de51e377a5bb967271bcd1e27b86673768,0.83333
a0577b99b3f35a900f1a212b1e0862466afe75c04ff5e8a0e872c912648d27a7,2026-08-14T21:28:02+00:00,Tecno Camon 19 Pro 5G,https://www.whatamobile.com.pk/product/tecno-camon-19-pro-5g/,Yes,false,[],Weight Unknown,[51999.0],whatamobile.com.pk/whatamobile__tecno-camon-19-pro-5g.json,59087a5132fbd8593edb4da7bce187e9ebdbc74eb2c747ec3d119aa919dc0d6e,0.79167
cd1faee57bee45bb5eb6f90c4d266f9be3ec03c4a5b4f6bd3cf4cca5b9ce6e27,2026-08-14T21:40:17+00:00,Tecno Camon 19 Pro,https://www.whatamobile.com.pk/product/tecno-camon-19-pro/,,false,[],Weight Unknown,[49999.0],whatamobile.com.pk/whatamobile__tecno-camon-19-pro.json,6439e9f6abbd4d50c9a16f5b8dfc734ebe769a9afc0c55b28049f854c3761a0c,0.83333
ac29e37f305e7a4770461674b1502d28ccef9387ca0815c6f55e7aeafc7a9136,2026-08-14T21:09:09+00:00,Tecno Camon 19,https://www.whatamobile.com.pk/product/tecno-camon-19/,Yes,false,[],Weight Unknown,[41999.0],whatamobile.com.pk/whatamobile__tecno-camon-19.json,37350dcb2fd3440f48d95f3d06e7a6f2fcd2a8b79869b68521ac0ebc44d4fd55,0.79167
33aa20db5d927c4435bdf0e33128ff3604065a68563d9c4b3eb4c43e36ea4dc5,2026-08-14T21:09:26+00:00,Tecno Camon 20 Premier,https://www.whatamobile.com.pk/product/tecno-camon-20-premier/,Yes,false,[],Weight Unknown,[124999.0],whatamobile.com.pk/whatamobile__tecno-camon-20-premier.json,0ca3fddc4ee9043c880a3d9731b3f0b0a91a5d84dcc531cb871c226755b92d79,0.83333
176853f8fbe2469f1ede0afead39e016dde60473e567a6980687ce4820cc60f6,2026-08-14T22:02:03+00:00,Tecno Camon 20,https://www.whatamobile.com.pk/product/tecno-camon-20/,Yes,false,[],Weight Unknown,[42999.0],whatamobile.com.pk/whatamobile__tecno-camon-20.json,6540c0570f26fd89e179870e93e2d5a31617eb8c481212d90a0dbb0030db04f0,0.83333
23bed9fa639e1771cdff6f012868f60d35273c3416442736886121bdadd6406b,2026-08-14T22:57:10+00:00,Tecno Camon 30 Pro,https://www.whatamobile.com.pk/product/tecno-camon-30-pro/,Yes,false,[],Weight Unknown,[94499.0],whatamobile.com.pk/whatamobile__tecno-camon-30-pro.json,6a1913a0870fbf9de9488cd1ab12f5fc86375d19c513aeee50bc6600cc6d4350,0.83333
cc4c2bfe5b37ea79ae396089567a703127ff5b739f2d9a8b8aad2bef016fd6cf,2026-08-14T21:15:19+00:00,Tecno Camon 30,https://www.whatamobile.com.pk/product/tecno-camon-30/,Yes,false,[],Weight Unknown,[46499.0],whatamobile.com.pk/whatamobile__tecno-camon-30.json,b42dcaa577edf96c0402b419c99d52128e905cf25f73fa2e2d087866ca2e8a9d,0.83333
e6cb9dcce7c89507dd821feb9ad42bf682d331318c54826382b3747cc7e6f4d2,2026-08-14T20:49:06+00:00,Tecno Camon 30S,https://www.whatamobile.com.pk/product/tecno-camon-30s/,Yes,false,[],Weight Unknown,[49999.0],whatamobile.com.pk/whatamobile__tecno-camon-30s.json,cbba569d71a41a8650be9b3c93c83fa20c5b5a5e6470f03c0aa745e225b78411,0.83333
c4508974316a97501998728e07229ab61e530d9f1230ea056b81e105fc78f345,2026-08-14T18:31:35+00:00,Tecno Camon CX Air,https://www.whatamobile.com.pk/product/tecno-camon-cx-air/,Yes,false,[],Weight Unknown,[15990.0],whatamobile.com.pk/whatamobile__tecno-camon-cx-air.json,f0f044a537a5be02a9edc12648b4403fcd98ce3865762f981636352c817309cc,0.79167
9f871e07fd54d1244d3a7f935ce341d47b2c539c282a0a15a9dc67909673a245,2026-08-14T18:31:58+00:00,Tecno Camon CX,https://www.whatamobile.com.pk/product/tecno-camon-cx/,Yes,false,[],Weight Unknown,[20999.0],whatamobile.com.pk/whatamobile__tecno-camon-cx.json,f1d6b40848b3bf6253a3f8fe44b5199c97f37ada2d820271e899abcfa5dec0de,0.79167
be0a77cfa483f4d36b62318e453a7175935ef329aac6c39ad0b607ade45bed87,2026-08-14T18:31:02+00:00,Tecno Camon I ACE,https://www.whatamobile.com.pk/product/tecno-camon-i-ace/,Yes,false,[],Weight Unknown,[13999.0],whatamobile.com.pk/whatamobile__tecno-camon-i-ace.json,9447be6f6fd15e4c07396c9ffed94e96e6e9cced744cb4ff990f50ae3569ba18,0.79167
0d2859880202173b8b849c45514b9497317fc5625a9f0698de054982c0519988,2026-08-14T18:30:14+00:00,Tecno Camon i,https://www.whatamobile.com.pk/product/tecno-camon-i/,Yes,false,[],Weight Unknown,[12499.0],whatamobile.com.pk/whatamobile__tecno-camon-i.json,2a9a2d0bb2165ff346228332a5ab7d9e76feea89de4606e992d687de9ac4179e,0.79167
9fbe88e0ceeb299ffa539e546b4a8cee7383e47490bd0fcf8804d17b3d4b4e3e,2026-08-14T20:45:32+00:00,Tecno Camon i4,https://www.whatamobile.com.pk/product/tecno-camon-i4/,Yes,false,[],Weight Unknown,[22499.0],whatamobile.com.pk/whatamobile__tecno-camon-i4.json,a551203530c1b98f4113449e9231d7f3fadfcb51e7ae550e5e704e8e2fa518b8,0.79167
4c9c303f3869029ca9fb0ce6e6651e3ffbaf996b7894bf9fbaa9d47d88f5c7ac,2026-08-14T18:30:02+00:00,TECNO Camon iACE2,https://www.whatamobile.com.pk/product/tecno-camon-iace2/,Yes,false,[],Weight Unknown,[11500.0],whatamobile.com.pk/whatamobile__tecno-camon-iace2.json,87d236729941e561ac6508d219d512ed9bf873d1f5d396c740cb381a96bc0f09,0.79167
5ab0fbbde2681e2128b1c5d71f4725f895c79fb9b0dd71dfd501b4d7e34e5f16,2026-08-14T18:31:12+00:00,TECNO Camon iACE2X,https://www.whatamobile.com.pk/product/tecno-camon-iace2x/,Yes,false,[],Weight Unknown,[14000.0],whatamobile.com.pk/whatamobile__tecno-camon-iace2x.json,2125371df48b792c29f68f41e51630b014b82f6d197fdd787ff73d6c0e033e83,0.79167
4b0bb10de459ff33bee2202f390defa6b6a917fadaf92f81a44f43883228a952,2026-08-14T21:46:05+00:00,Tecno Camon X Pro,https://www.whatamobile.com.pk/product/tecno-camon-x-pro/,Yes,false,[],Weight Unknown,[28999.0],whatamobile.com.pk/whatamobile__tecno-camon-x-pro.json,4caad5dcd66657650698fcd1304587cdd1cdb6eeca154001ed51cb9bbdb5d336,0.79167
36da919ff7469634f73390908dd58293b3761def8c4d4780eb28959efa0667f0,2026-08-14T18:32:10+00:00,Tecno Phantom 6,https://www.whatamobile.com.pk/product/tecno-phantom-6/,Yes,false,[],Weight Unknown,[24999.0],whatamobile.com.pk/whatamobile__tecno-phantom-6.json,73ea4fb691a00bdd5a7283b078021111ad2cf9af173dad54c9ae95dd93514d7e,0.79167
511f4246bb17bca0c4a193ae16639d2a3620b90792d73a271f38f7d43756022f,2026-08-14T18:33:15+00:00,Tecno Phantom 8 Plus,https://www.whatamobile.com.pk/product/tecno-phantom-8-plus/,Yes,false,[],Weight Unknown,[39999.0],whatamobile.com.pk/whatamobile__tecno-phantom-8-plus.json,77d0201d1b3d454f383396f9d850be8eed1e46eb77b08036cc8f7885a8a04d62,0.79167
14651d60d47a14315e32d4542523e2f91d9a9b2983e3ac621c3a3539f43b85ff,2026-08-14T18:33:02+00:00,Tecno Phantom 8,https://www.whatamobile.com.pk/product/tecno-phantom-8/,Yes,false,[],Weight Unknown,[35000.0],whatamobile.com.pk/whatamobile__tecno-phantom-8.json,5547a651488440dc43a40813e8351b051b7306ece1ed3a185e2447ec6b0ca9be,0.79167
b8930e13fa938c1f6668ce69fab0c2df17b03419310409891aea36eca97484bd,2026-08-14T18:32:52+00:00,Tecno Phantom 9,https://www.whatamobile.com.pk/product/tecno-phantom-9/,Yes,false,[],Weight Unknown,[34999.0],whatamobile.com.pk/whatamobile__tecno-phantom-9.json,127b5b8e25a2668baafcfd05b27e5fec41457d9ee234f5df9f0f737bdc7cbee1,0.79167
b37815b37f6cf3120cc22aa698791370e1c0e701b2799ce2a6f254ddf3ad479b,2026-08-14T21:47:05+00:00,Tecno Phantom V Fold,https://www.whatamobile.com.pk/product/tecno-phantom-v-fold/,Yes,false,[],Weight Unknown,[329999.0],whatamobile.com.pk/whatamobile__tecno-phantom-v-fold.json,f95bcc20213edbcb27dec16560324972be5f309aaa8ec7a0d6cebc98e741071d,0.79167
caad97106b49388df730af08e3bc5534dceafc0a824d42cd0f942e04c32a6289,2026-08-14T21:15:00+00:00,Tecno Phantom X,https://www.whatamobile.com.pk/product/tecno-phantom-x/,Yes,false,[],Weight Unknown,[8999.0],whatamobile.com.pk/whatamobile__tecno-phantom-x.json,d4ca0d4baba4669d322f617dbb2ebefdbed36efa356f6afd22000b8e5623a66a,0.79167
a804ed5e5fcefe38df2f5c07621f0b6b407517204e67f4e450d48c5ec7928bee,2026-08-14T20:59:17+00:00,TECNO Pop 1 Pro,https://www.whatamobile.com.pk/product/tecno-pop-1-pro/,Yes,false,[],Weight Unknown,[9000.0],whatamobile.com.pk/whatamobile__tecno-pop-1-pro.json,65132b44953291c5ea36a650f73bb598d2dae5d7d44705d273a69d5d3b45f586,0.79167
c1d198e7089e4a0adaf603c102db987c0413a4b64df64c3a240bf2fff7bc44eb,2026-08-14T18:29:49+00:00,TECNO Pop 1s,https://www.whatamobile.com.pk/product/tecno-pop-1s/,Yes,false,[],Weight Unknown,[9999.0],whatamobile.com.pk/whatamobile__tecno-pop-1s.json,65077b5406ab4c0286d859c513224bfb3fcd04ef6c2933916d8fb45c4200e08c,0.79167
a6dacd7ba55c157875f8433f99cc8a7e5109175ce5d7ba8664a0a47a97efbd09,2026-08-14T21:38:28+00:00,Tecno Pop 2 Pro,https://www.whatamobile.com.pk/product/tecno-pop-2-pro/,Yes,false,[],Weight Unknown,[11999.0],whatamobile.com.pk/whatamobile__tecno-pop-2-pro.json,146abc485427f4a964d2d68e421ae4ab56922567c827058d58f5b3f858bb4f5c,0.79167
0b6452cb4c3be21703e47d3399703e8ddfaf0c37f3b8fd47b0329b9d2d623499,2026-08-14T21:09:37+00:00,Tecno Pop 3,https://www.whatamobile.com.pk/product/tecno-pop-3/,Yes,false,[],Weight Unknown,[8999.0],whatamobile.com.pk/whatamobile__tecno-pop-3.json,980543105edcce45f9c3f81ca847901b477be7e4196ec8ffb43d6552b53c54d4,0.79167
581cc88b85575679113e73ce5da87a85963050276b2cda8de311f3fe22b67347,2026-08-14T20:51:03+00:00,Tecno Pop 4,https://www.whatamobile.com.pk/product/tecno-pop-4/,Yes,false,[],Weight Unknown,[16999.0],whatamobile.com.pk/whatamobile__tecno-pop-4.json,4b8f2054b791ea4dbc8994e44aa4023247b8109664d426df6c8dfdca01371b07,0.79167
a209e5f8d78604e3595e649b575d82efefb17e8a5039ce7ed9557a6c55529c8c,2026-08-14T20:57:17+00:00,Tecno Pop 5 LTE,https://www.whatamobile.com.pk/product/tecno-pop-5-lte/,Yes,false,[],Weight Unknown,[20999.0],whatamobile.com.pk/whatamobile__tecno-pop-5-lte.json,1ee41ba1d4cecd89f84ff053f6cc2f22213d3abc584deab2ef25fa89b7fc2217,0.79167
f9b35031948bd7874a77d71c06134d5e01b25a178ce673e6eeaa7ca6b35f1d25,2026-08-14T21:31:48+00:00,Tecno Pop 5 Pro,https://www.whatamobile.com.pk/product/tecno-pop-5-pro/,Yes,false,[],Weight Unknown,[18000.0],whatamobile.com.pk/whatamobile__tecno-pop-5-pro.json,79caadb2512cd57743c97f785dc352f5c25ccd117197c3420b408abd51ff4331,0.75000
bc8d09869a210993842ea9aaa58c76fa6cf93f4994baab070f01906b3e3ae5ed,2026-08-14T21:36:41+00:00,Tecno Pop 5,https://www.whatamobile.com.pk/product/tecno-pop-5/,Yes,false,[],Weight Unknown,[17299.0],whatamobile.com.pk/whatamobile__tecno-pop-5.json,ce19d63a308fee12809bdf32e83641f3cc3d462156bc6fa5cb930cc689f07e77,0.83333
47ed63228a2b1caca12a5a737cea78803428b6ae80e2741b98eec37c7d33f045,2026-08-14T20:59:48+00:00,Tecno Pop 5c,https://www.whatamobile.com.pk/product/tecno-pop-5c/,Yes,false,[],Weight Unknown,[12999.0],whatamobile.com.pk/whatamobile__tecno-pop-5c.json,0d2b2e2d2a7428af086f8949031f65b8f919bdfdd80cbb15f3b95330774d06d1,0.79167
17eb223f6efea170a52746ad7a64abe2073ac0fd2291a33b7b2e40e12811e9ac,2026-08-14T18:33:38+00:00,Tecno Pop 6 Go,https://www.whatamobile.com.pk/product/tecno-pop-6-go/,Yes,false,[],Weight Unknown,[154999.0],whatamobile.com.pk/whatamobile__tecno-pop-6-go.json,853eebe750d8821e6aaaac87fdf2898a06df112af032ca7266ba63ad9d020d75,0.79167
052823d356ba3b58a608f510d038b93c09985fe18b300da4a5c7812363ac1a88,2026-08-14T18:32:42+00:00,Tecno Pop 6 Pro,https://www.whatamobile.com.pk/product/tecno-pop-6-pro/,Yes,false,[],Weight Unknown,[28999.0],whatamobile.com.pk/whatamobile__tecno-pop-6-pro.json,37bb9dc129782bddaef74b4f098e3a84ead08a16801a567fb7fb2556c37c5f1f,0.79167
0e6ce65e0c8d23cb787e4b6308404d0253ff9a9a33057493eb184c258eb7dfb4,2026-08-14T21:03:11+00:00,Tecno Pop 6,https://www.whatamobile.com.pk/product/tecno-pop-6/,Yes,false,[],Weight Unknown,[25999.0],whatamobile.com.pk/whatamobile__tecno-pop-6.json,f2ee058320f8dadadf035b1dc01f4607967057d099acaec2bec2e1a5269c6d14,0.79167
fdb5dc612ff288a5daa3544ebeab150e807eedcfe244f82ce7c8e6b234645e47,2026-08-14T22:09:34+00:00,Tecno Pop 7,https://www.whatamobile.com.pk/product/tecno-pop-7-price-in-pakistan/,Yes,false,"[""Various""]",Weight Unknown,[19999.0],whatamobile.com.pk/whatamobile__tecno-pop-7-price-in-pakistan.json,ecc5505b237c32cec4eee7662b4460e0523e91eab1cfcdb2e24b7a4a5414e830,0.83333
88610d839fb360ee581d56cb28085491c4ce53e09b94f5358c17671534c179d6,2026-08-14T22:40:19+00:00,Tecno Pop 7 Pro,https://www.whatamobile.com.pk/product/tecno-pop-7-pro/,Yes,false,[],Weight Unknown,[39999.0],whatamobile.com.pk/whatamobile__tecno-pop-7-pro.json,f6b5d77f4b50a8f1825415fa051787cb4fcfe6cb0498786cb3c645c5c4584c40,0.83333
b1524d2f0cd5369479c42a766328e3fe2b34bbc6989dbe0490f8135d6f084ffa,2026-08-14T21:01:27+00:00,Tecno Pop 7,https://www.whatamobile.com.pk/product/tecno-pop-7/,,false,[],Weight Unknown,[17899.0],whatamobile.com.pk/whatamobile__tecno-pop-7.json,beaf8cdceba77fbd84fa75972ce57dd5f098d39e06aa74c42575529301ae32d7,0.83333
d1aeba97e9c38b083141782635e9c78586b519eda7928fe10a7d8f64c11bba5d,2026-08-14T22:18:02+00:00,Tecno Pop 8,https://www.whatamobile.com.pk/product/tecno-pop-8/,Yes,false,"[""Mystery White | Alpenglow Gold | Magic Skin | Gravity Black""]",Weight Unknown,[24999.0],whatamobile.com.pk/whatamobile__tecno-pop-8.json,ba2f57aeffe61ecb17bbaa5cdc719a0e2bfca4adf05df48ae79275acab515af6,0.83333
c9c027d6453ac2e5384ccf33b592b6818bc558efc1cceba889f1dc4ed9208090,2026-08-14T20:21:15+00:00,TECNO Pouvoir 3 Air,https://www.whatamobile.com.pk/product/tecno-pouvoir-3-air/,Yes,false,[],Weight Unknown,[11000.0],whatamobile.com.pk/whatamobile__tecno-pouvoir-3-air.json,0340c5f075811dd5b2526824f8d9ca887ff8f3b416af30642b7924e991f0067c,0.79167
122cec4d57b7c2df622efcbe1107848f833eef6351bd944028fedae49f70f301,2026-08-14T21:06:07+00:00,TECNO Pouvoir 3 Plus,https://www.whatamobile.com.pk/product/tecno-pouvoir-3-plus/,Yes,false,[],Weight Unknown,[24000.0],whatamobile.com.pk/whatamobile__tecno-pouvoir-3-plus.json,395b4a4c6a2c6f32b4a1e7af9102a1aff2a896ff57110b9d05d97084b5affd69,0.79167
145f0cd97d570e20aa44ff03225e3fe78ab3259ee145cb25b287d551fd32ffa9,2026-08-14T21:35:58+00:00,Tecno pouvoir 3,https://www.whatamobile.com.pk/product/tecno-pouvoir-3/,Yes,false,[],Weight Unknown,[18999.0],whatamobile.com.pk/whatamobile__tecno-pouvoir-3.json,a9b588912b3d0a74e1f1be2eabdda59c3f2e8ca15c926eefcbc1b2f6bf53ab86,0.79167
2ae503f1db85c06481f0d6a3a98cf61d822fd43f8d3fc5074e7a21b9ab318e91,2026-08-14T18:32:32+00:00,Tecno Pouvoir 4 Plus,https://www.whatamobile.com.pk/product/tecno-pouvoir-4-plus/,Yes,false,[],Weight Unknown,[28000.0],whatamobile.com.pk/whatamobile__tecno-pouvoir-4-plus.json,51f3557118fac3fe867c152cc867713a46cd2adbea26c6637dbf2a3e68467675,0.79167
8f45fcaa8cc374c36dd1cc5d60ffc322d2140e0ade884c017997b55f3950db0e,2026-08-14T22:32:35+00:00,Tecno Pouvoir 4 Pro,https://www.whatamobile.com.pk/product/tecno-pouvoir-4-pro/,Yes,false,[],Weight Unknown,[21999.0],whatamobile.com.pk/whatamobile__tecno-pouvoir-4-pro.json,b577cfeaa30d5b5cee5db92ccb3da24ad2077944afd0dc1edf8cc4a637d88730,0.79167
197f7258754ed1b11b9949c4b82bb6017577d9328689c4ec19a59b3c2ef31bcf,2026-08-14T20:25:22+00:00,Tecno POVA 3,https://www.whatamobile.com.pk/product/tecno-pova-3/,Yes,false,"[""Amber Gold | Mecha Black | Hurricane Blue""]",Weight Unknown,[54999.0],whatamobile.com.pk/whatamobile__tecno-pova-3.json,ae82e8bb6fb10e9297481e37d62a582d08a7dfcf01f9d79a5fe2a765389b02a4,0.83333
055f3821e7d8f52e1674c14c823e645bd38737c100cddd0ee5f25610c524be2a,2026-08-14T20:44:31+00:00,Tecno POVA 4 Pro,https://www.whatamobile.com.pk/product/tecno-pova-4-pro/,Yes,false,"[""Fluorite Blue""]",Weight Unknown,[57999.0],whatamobile.com.pk/whatamobile__tecno-pova-4-pro.json,14a5513b1148bede6f9ea366890ea81b88d445641fed985eb633fdccd13e1233,0.83333
a409dddedead82844679080fb70dd8de5f0778c17754136a9d176333fef37da4,2026-08-14T17:55:53+00:00,Tecno POVA 4,https://www.whatamobile.com.pk/product/tecno-pova-4/,Yes,false,"[""Cryolite Blue | Uranolith Grey""]",Weight Unknown,[48999.0],whatamobile.com.pk/whatamobile__tecno-pova-4.json,27f5e8a191fd0decf5ee211882704004145886527d605abdb1ef1b868e0bc5a5,0.87500
0caceb402f3f3aec1dda9c8b745c2fc03362ccfd8f1ce916662d606f34374820,2026-08-14T20:49:28+00:00,Tecno POVA 5 Pro 5G,https://www.whatamobile.com.pk/product/tecno-pova-5-pro-5g/,Yes,false,"[""Dark Illusion | Silver Fantasy | Free Fire Edition""]",Weight Unknown,[44999.0],whatamobile.com.pk/whatamobile__tecno-pova-5-pro-5g.json,d725aff219c213811535174e14f238dc77774876a68d2406871d288f24a58278,0.83333
5ce9d7615eabf779645ff99571560a977efef82620ce3b92e0c5cf77331f453e,2026-08-14T17:55:40+00:00,Tecno POVA 5,https://www.whatamobile.com.pk/product/tecno-pova-5/,Yes,false,"[""Mecha Black | Amber Gold | Hurricane Blue | Free Fire Edition""]",Weight Unknown,[38999.0],whatamobile.com.pk/whatamobile__tecno-pova-5.json,7e15959e049cc7e0fef0950a7b9373dbce18bbccced2ca96bd0adc4eca8530a5,0.83333
16eeec35877a5778fa6fc26bedd6386d426ff1c16a9a121bc18a9c4a9ebdebee,2026-08-14T17:56:04+00:00,Tecno POVA 5G,https://www.whatamobile.com.pk/product/tecno-pova-5g/,Yes,false,"[""Aether Black""]",Weight Unknown,[29799.0],whatamobile.com.pk/whatamobile__tecno-pova-5g.json,56f49f54e0a984c8352825d2b9879eb95fa7f199fad43a5a4362fc99704e64ea,0.83333
4def73aa63b1fb943dad345cbccd39cd59f1ea52ffdeec4a43efc30493211f8b,2026-08-14T21:51:01+00:00,Tecno Pova 6 Neo,https://www.whatamobile.com.pk/product/tecno-pova-6-neo/,Yes,false,[],Weight Unknown,[45999.0],whatamobile.com.pk/whatamobile__tecno-pova-6-neo.json,a56de92ca8fa0e7f0e95a03c77c0aeaa9faa7d554e7fff35f282660593ecc078,0.83333
4da23250bf910375f86aa30b49cdab0fb31152e7ddecc62ddab8689adc8074f4,2026-08-14T22:57:29+00:00,Tecno POVA 6 Pro 5G,https://www.whatamobile.com.pk/product/tecno-pova-6-pro-5g/,Yes,false,"[""Comet Green | Meteorite Grey""]",Weight Unknown,[68999.0],whatamobile.com.pk/whatamobile__tecno-pova-6-pro-5g.json,3b7860aa0f21182ad88074dcfc04856ba2a2ba703f8cdb4ee888071b9788d918,0.87500
801474b2c913fb984bde7a546eb9037e016c5a4723d7d03052608af4652f35ef,2026-08-14T21:56:18+00:00,Tecno POVA Neo 2,https://www.whatamobile.com.pk/product/tecno-pova-neo-2/,Yes,false,"[""Uranolite Gray | Virtual Blue | and Orange Magma""]",Weight Unknown,[41999.0],whatamobile.com.pk/whatamobile__tecno-pova-neo-2.json,8d5c8e00afaa9bd03fb181397fa7d9282c987666dbd8622f4455c66a9924406a,0.83333
5c86aa9fc8897e89a106187a23e818807e93f0a3fe3df6bed6fdf4b6eeeed5a4,2026-08-14T17:55:29+00:00,Tecno POVA Neo 3,https://www.whatamobile.com.pk/product/tecno-pova-neo-3/,Yes,false,"[""Amber Gold | Mecha Black | Hurricane Blue""]",Weight Unknown,[54999.0],whatamobile.com.pk/whatamobile__tecno-pova-neo-3.json,5fc58f608146b24a135c8fe8e933a975d0973268eac38dfb2fff2db8006d9ecd,0.83333
eb58d91515a542a100fd0fe3c910001c868d61529f60bcb75c2bfb270ccc5196,2026-08-14T22:45:54+00:00,Tecno Pova Neo,https://www.whatamobile.com.pk/product/tecno-pova-neo/,Yes,false,[],Weight Unknown,[30999.0],whatamobile.com.pk/whatamobile__tecno-pova-neo.json,4af1f828098f8914514a2c3bd1a9067f131f235df102cfb326069bde08eea0e7,0.79167
da75a77ae8cebd0558d2264ad15357c0d41f6313f288e800fcced1ea9c64bce7,2026-08-14T22:22:07+00:00,Tecno Spark 10 Pro,https://www.whatamobile.com.pk/product/tecno-spark-10-pro/,Yes,false,"[""Starry Black | Pearl White""]",Weight Unknown,[37999.0],whatamobile.com.pk/whatamobile__tecno-spark-10-pro.json,98d6d7fae464ea5a0bf57cc5ac4a1b0c86e0c32654d0a2325809555c7c30315e,0.87500
bc918d990dec8ad750667d3a4ca91a4303a6c8b84ea70782f253881d45d24a90,2026-08-14T22:55:47+00:00,Tecno Spark 10,https://www.whatamobile.com.pk/product/tecno-spark-10/,Yes,false,"[""Meta Black | Meta Blue | and Meta Green""]",Weight Unknown,[30999.0],whatamobile.com.pk/whatamobile__tecno-spark-10.json,b9cb5fcb7fc0089369090fabbe9b39585e0e61112b92a64efc5fd3943affe0df,0.79167
25c33e10394b715c9ead84c70b82a7d4baaa6bb185d7bba23646424b9b0c3347,2026-08-14T20:15:04+00:00,Tecno Spark 10C,https://www.whatamobile.com.pk/product/tecno-spark-10c/,Yes,false,"[""Black | Blue | Green""]",Weight Unknown,[28999.0],whatamobile.com.pk/whatamobile__tecno-spark-10c.json,681d14ce017563ce8bf33712c04efdbaa0b395c9baa9d5004ac1a68ae7056b94,0.83333
5b2fff15d86cd55fa20da33c9afa077301cb2250523af4bb88d6110871efdaa7,2026-08-14T22:31:34+00:00,Tecno Spark 20 Pro Plus,https://www.whatamobile.com.pk/product/tecno-spark-20-pro-plus-2/,Yes,false,[],Weight Unknown,[45999.0],whatamobile.com.pk/whatamobile__tecno-spark-20-pro-plus-2.json,6bcda39e464710086e818a728a70f865612bf5804b7741a64024a09ca31632c0,0.83333
f0af172f5292350272b68c20f28c9ee57ef1a7060d83ac10ceb2613e1397e8bc,2026-08-14T20:15:25+00:00,Tecno Spark 20 Pro Plus,https://www.whatamobile.com.pk/product/tecno-spark-20-pro-plus/,Yes,false,"[""Temporal Orbits | Lunar Frost | Radiant Starstream | Magic Skin 2.0 Green""]",Weight Unknown,[54999.0],whatamobile.com.pk/whatamobile__tecno-spark-20-pro-plus.json,4068a30ef1d5e668bba8e7fbb27fb2091ca457746a134b0a7c9372706cf26b98,0.83333
5095954e8b191a7a17f78480e09a1646cc37e0456b4dbd5f603e643a31c964f3,2026-08-14T17:56:25+00:00,Tecno Spark 20 Pro,https://www.whatamobile.com.pk/product/tecno-spark-20-pro/,Yes,false,"[""Moonlit Black | Frosty Ivory | Sunset Blush | Magic Skin 2.0 Green""]",Weight Unknown,[55999.0],whatamobile.com.pk/whatamobile__tecno-spark-20-pro.json,3fabfdb61c6305e9eea89256833a0ae1cde4ace0e9f610ce110ebb515cf6d0c8,0.83333
ae5b8004e02cd26b32c31e839277c9bb0c0b8be458e9a2fbc50889bcbc464584,2026-08-14T17:56:14+00:00,Tecno Spark 20,https://www.whatamobile.com.pk/product/tecno-spark-20/,Yes,false,"[""Gravity Black | Cyber White | Neon Gold | Magic Skin 2.0 (Blue)""]",Weight Unknown,[34999.0],whatamobile.com.pk/whatamobile__tecno-spark-20.json,20e948fd9e5c4fd4914f6d21a961983678fd2f3c369d0fbebfe9fb44896a00db,0.83333
8f3e15e59affe7b8adb3f6b4176e12f52ae788846300bc3557958c98b211a7c0,2026-08-14T20:54:58+00:00,Tecno Spark 20C,https://www.whatamobile.com.pk/product/tecno-spark-20c/,Yes,false,"[""Mystery White | Alpenglow Gold | Magic Skin | Gravity Black""]",Weight Unknown,[28499.0],whatamobile.com.pk/whatamobile__tecno-spark-20c.json,c044a8c696a27dc4c28072d1d8c84d98f28ccfa027a38f40766b429613805618,0.83333
b6314654c4d1a8eb4e80dcf11866cafea818b604737cd7e60d0ce4428fc85530,2026-08-14T20:46:48+00:00,TECNO Spark 3 Pro,https://www.whatamobile.com.pk/product/tecno-spark-3-pro/,Yes,false,[],Weight Unknown,[14000.0],whatamobile.com.pk/whatamobile__tecno-spark-3-pro.json,80ee5886cdc14d6a152fa5ddee18bda0a0837949991c548f26b6ee1e475fae45,0.79167
868b3aeb4e7138a0edf199b2aa6937b0644bac70f98da755989897570e042668,2026-08-14T22:55:01+00:00,TECNO Spark 3,https://www.whatamobile.com.pk/product/tecno-spark-3/,Yes,false,[],Weight Unknown,[13000.0],whatamobile.com.pk/whatamobile__tecno-spark-3.json,41189a65f0f6bfef112bfdd713c2d578e5f8aef683cc7addac700d6b13afb62a,0.79167
d9dc6e253aeba46138593b6fd2a185b7ccf1995c0375c302cef4e7baeb992057,2026-08-14T21:42:24+00:00,Tecno Spark 30,https://www.whatamobile.com.pk/product/tecno-spark-30/,N/A,false,[],Weight Unknown,[34299.0],whatamobile.com.pk/whatamobile__tecno-spark-30.json,f79bd82a2f3fa8bfa07f80b6e03c48556076c854e9f9bb4edb07c1ac72b0def9,0.83333
8c75b9c81cbac375521710b59a38bb586b4b67afa408a9605787d5a90c17197f,2026-08-14T21:13:07+00:00,Tecno SPARK 30C,https://www.whatamobile.com.pk/product/tecno-spark-30c/,Yes,false,[],Weight Unknown,[27599.0],whatamobile.com.pk/whatamobile__tecno-spark-30c.json,41fd57791a22f5fc91bf1d245b55da3db5373155887685f9bd6058a42e5109df,0.83333
ca810a97782a5a0b979d15478fd4fce1c2250b35e025394154e0557d53f7b282,2026-08-14T20:15:55+00:00,TECNO Spark 4 Lite,https://www.whatamobile.com.pk/product/tecno-spark-4-lite/,Yes,false,[],Weight Unknown,[13499.0],whatamobile.com.pk/whatamobile__tecno-spark-4-lite.json,98d5e9540995c58739674334ecf98408af6b0f6d2be4d54c71a2cdded4ab5a78,0.79167
908a64c93c23e64114a77eda5bdae71ae17a7938ac0eb10ad04318a1b68e0912,2026-08-14T22:18:59+00:00,Tecno Spark 4,https://www.whatamobile.com.pk/product/tecno-spark-4/,Yes,false,[],Weight Unknown,[15999.0],whatamobile.com.pk/whatamobile__tecno-spark-4.json,56e19a856cdb3a93feb9a0b65b24283c6fcda7bf0439334b631d81f2f4a71145,0.79167
3b7ed7a714dcd3e250f96ed69e93c8715994b1a53ee95586cfc44989766f3408,2026-08-14T20:00:14+00:00,"Tecno Spark 40 (6GB, 128GB, Ink Black)",https://www.whatamobile.com.pk/product/tecno-spark-40-6gb-128gb-ink-black/,"Yes, with stereo speakers",false,[],Weight Unknown,[37290.0],whatamobile.com.pk/whatamobile__tecno-spark-40-6gb-128gb-ink-black.json,c9a41f2bccd74f4b42742a5f5d096c05584876b714bfa191e51cdb8aa8ba8df9,0.79167
ca1c440ce1e9d97883fc52126d5071031e7bbcca2fa7c3900d2d3a817122a9b3,2026-08-14T20:00:34+00:00,"Tecno Spark 40 (6GB, 128GB, Mirage Blue)",https://www.whatamobile.com.pk/product/tecno-spark-40-6gb-128gb-mirage-blue/,"Yes, with stereo speakers",false,[],Weight Unknown,[37290.0],whatamobile.com.pk/whatamobile__tecno-spark-40-6gb-128gb-mirage-blue.json,4bc208c684ce579fad7e040cd60935f7d75ed7c730da5262e875735a9e9b93cc,0.79167
a594e0d70211719e9069abdfe744dd753b1d0ab3b43e5170ccb9a5c29948b150,2026-08-14T20:00:02+00:00,"Tecno Spark 40 (6GB, 128GB, Titanium Grey)",https://www.whatamobile.com.pk/product/tecno-spark-40-6gb-128gb-titanium-grey/,"Yes, with stereo speakers",false,[],Weight Unknown,[37290.0],whatamobile.com.pk/whatamobile__tecno-spark-40-6gb-128gb-titanium-grey.json,8894bb177a14ccf63eb1bb9f696f31c24bc0e959cbc7cf4af7df486f61a5b279,0.79167
7b3148414fe4d45ad6cafb4aa96a574fea06e21e8313f4087c30b0c83bbd95be,2026-08-14T20:00:26+00:00,"Tecno Spark 40 (6GB, 128GB, Veil White)",https://www.whatamobile.com.pk/product/tecno-spark-40-6gb-128gb-veil-white/,"Yes, with stereo speakers",false,[],Weight Unknown,[37290.0],whatamobile.com.pk/whatamobile__tecno-spark-40-6gb-128gb-veil-white.json,3adf6a546c28e53164d23ce9035f4f4ef9072e52b48822c2129e2469977140e3,0.79167
e78d7f19451115cb128e778f990d42c429105ab6780a40f11fd2157a637bdb59,2026-08-14T20:01:52+00:00,"Tecno Spark 40 Pro (8GB, 256GB, Bamboo Green)",https://www.whatamobile.com.pk/product/tecno-spark-40-pro-8gb-256gb-bamboo-green/,"Yes, with stereo speakers",false,[],Weight Unknown,[50990.0],whatamobile.com.pk/whatamobile__tecno-spark-40-pro-8gb-256gb-bamboo-green.json,886302cc002c4ee3ac9ba5d809aaa22da20e74f56c3accb3585e85b5aff1eee2,0.79167
4ffc082a9e686ef366f9c07edb4563193096eccf0017f4716cdee481ae3a8576,2026-08-14T20:01:25+00:00,"Tecno Spark 40 Pro (8GB, 256GB, Ink Black)",https://www.whatamobile.com.pk/product/tecno-spark-40-pro-8gb-256gb-ink-black/,"Yes, with stereo speakers",false,[],Weight Unknown,[50990.0],whatamobile.com.pk/whatamobile__tecno-spark-40-pro-8gb-256gb-ink-black.json,c3668f60bb92d6fb0d565a4d8ba8affef164c5157e6fab28ad5ddb6bf5c8068a,0.79167
52323b5f2050910be4258876144f279e2d3e53d287fc863cd8b0250263569f76,2026-08-14T20:01:34+00:00,"Tecno Spark 40 Pro (8GB, 256GB, Lake Blue)",https://www.whatamobile.com.pk/product/tecno-spark-40-pro-8gb-256gb-lake-blue/,"Yes, with stereo speakers",false,[],Weight Unknown,[50990.0],whatamobile.com.pk/whatamobile__tecno-spark-40-pro-8gb-256gb-lake-blue.json,62d6188c32b21b3277316305ac02fb8234fc9b55729146e1e331aa5567613c07,0.79167
1b9cb8633374609889e47e8368aade691c11f0bfeecf14dddb332e3b657ddfc6,2026-08-14T20:01:15+00:00,"Tecno Spark 40 Pro (8GB, 256GB, Moon Titanium)",https://www.whatamobile.com.pk/product/tecno-spark-40-pro-8gb-256gb-moon-titanium/,"Yes, with stereo speakers",false,[],Weight Unknown,[50990.0],whatamobile.com.pk/whatamobile__tecno-spark-40-pro-8gb-256gb-moon-titanium.json,4f3609e4516d2cb5582d07aaa3a65a6603f26d8f80fbde5e90101b9fb10b6043,0.79167
ec79c5b5d60de29070dd539efef3f7fcb8eb4340d5e945f9408a308ab164c34a,2026-08-14T20:02:00+00:00,"Tecno Spark 40 Pro Plus (8GB, 256GB, Aurora White)",https://www.whatamobile.com.pk/product/tecno-spark-40-pro-plus-8gb-256gb-aurora-white/,"Yes, with stereo speakers",false,[],Weight Unknown,[58890.0],whatamobile.com.pk/whatamobile__tecno-spark-40-pro-plus-8gb-256gb-aurora-white.json,4f21b5baea1e5d1a268c9258b55b265f0f815d53e7b6abbe81fbf898dfa2f082,0.79167
de917de9aa2706f9778bec67e0d3c24274b5a21e084ea1d91f76887b0bc74bd0,2026-08-14T20:02:09+00:00,"Tecno Spark 40 Pro Plus (8GB, 256GB, Moon Titanium)",https://www.whatamobile.com.pk/product/tecno-spark-40-pro-plus-8gb-256gb-moon-titanium/,"Yes, with stereo speakers",false,[],Weight Unknown,[58890.0],whatamobile.com.pk/whatamobile__tecno-spark-40-pro-plus-8gb-256gb-moon-titanium.json,add01891f6c6739574059ce847848be4868321abee72df41c40562d64d9dcc25,0.79167
244be9596ecbb04aad1c936f2e1de3ae36e7b9d852ab803f1b44eea617c5428e,2026-08-14T20:01:43+00:00,"Tecno Spark 40 Pro Plus (8GB, 256GB, Nebula Black)",https://www.whatamobile.com.pk/product/tecno-spark-40-pro-plus-8gb-256gb-nebula-black/,"Yes, with stereo speakers",false,[],Weight Unknown,[58890.0],whatamobile.com.pk/whatamobile__tecno-spark-40-pro-plus-8gb-256gb-nebula-black.json,dd4e84fb9fc985270d8701114479abc421f686304b7bbe3a11e68207dbd6d989,0.79167
4de7691e9799eddbaabd89a5b9eac68fb8d5acaedf670e529323e262efc5f0ea,2026-08-14T20:02:19+00:00,"Tecno Spark 40 Pro Plus (8GB, 256GB, Tundra Green)",https://www.whatamobile.com.pk/product/tecno-spark-40-pro-plus-8gb-256gb-tundra-green/,"Yes, with stereo speakers",false,[],Weight Unknown,[58890.0],whatamobile.com.pk/whatamobile__tecno-spark-40-pro-plus-8gb-256gb-tundra-green.json,08b5256b68e7bd521adede72d67a4e98122f1bfdb4cc45fe90ba308603b39902,0.79167
4ca250460e162975c492f292ddb23b06419af8b9f8665ca6602c35d8b8c2726d,2026-08-14T20:01:04+00:00,"Tecno Spark 40C (4GB, 128GB, Ink Black)",https://www.whatamobile.com.pk/product/tecno-spark-40c-4gb-128gb-ink-black/,"Yes, with dual speakers",false,[],Weight Unknown,[29590.0],whatamobile.com.pk/whatamobile__tecno-spark-40c-4gb-128gb-ink-black.json,241c453e87ca941752bd3116509749d9252de1a99a57816128361c955c78a7f1,0.79167
7c36b53a0f039fcc98165d71cb2e7023f00713add984950561f6f7558577f5df,2026-08-14T20:00:44+00:00,"Tecno Spark 40C (4GB, 128GB, Ripple Blue)",https://www.whatamobile.com.pk/product/tecno-spark-40c-4gb-128gb-ripple-blue/,"Yes, with dual speakers",false,[],Weight Unknown,[29590.0],whatamobile.com.pk/whatamobile__tecno-spark-40c-4gb-128gb-ripple-blue.json,8d28d49f6844baff44f51da722fb9d2e7514f90df9edaa675fd3c83192d814ee,0.79167
be0a7dbb90630147490712d536d473a59bfa80568cb909baa8d79ff3a3fdb386,2026-08-14T20:32:55+00:00,"Tecno Spark 40C (4GB, 128GB, Titanium Grey)",https://www.whatamobile.com.pk/product/tecno-spark-40c-4gb-128gb-titanium-grey/,"Yes, with dual speakers",false,[],Weight Unknown,[29590.0],whatamobile.com.pk/whatamobile__tecno-spark-40c-4gb-128gb-titanium-grey.json,a90fc7a306aaa60ed7597ca3d9747b285b65af4eeff8c95cba27787c0871e8a9,0.79167
12806b59b0f082728b433af25e80307e75b1421c37defa85045a890166428ad9,2026-08-14T20:00:53+00:00,"Tecno Spark 40C (4GB, 128GB, Veil White)",https://www.whatamobile.com.pk/product/tecno-spark-40c-4gb-128gb-veil-white/,"Yes, with dual speakers",false,[],Weight Unknown,[29590.0],whatamobile.com.pk/whatamobile__tecno-spark-40c-4gb-128gb-veil-white.json,6039b31a6b2b2848c21fcb1b5b41e9dc8ae8480ab32294990dd56b2d0b942d00,0.79167
1366eb960084b63068305b8492bab98544f4b9d8987e57b0e1cf885e4a60ec3a,2026-08-14T22:45:11+00:00,Tecno Spark 5 pro,https://www.whatamobile.com.pk/product/tecno-spark-5-pro/,Yes,false,[],Weight Unknown,[17499.0],whatamobile.com.pk/whatamobile__tecno-spark-5-pro.json,b3f4dfc71932feaa9d2a31bca4da26f27c3692d464877e2650342d3b5648aeb0,0.83333
c22a684d9270132a63021fe0433b411a259b6fa0148efd2cf04f3077795e55e6,2026-08-14T20:12:26+00:00,Tecno Spark 6 Go,https://www.whatamobile.com.pk/product/tecno-spark-6-go/,Yes,false,[],Weight Unknown,[20000.0],whatamobile.com.pk/whatamobile__tecno-spark-6-go.json,72aa141c138f295558e12cf231f4532a24b75570eb8e427751518837e5834949,0.83333
0f5f9190839a724a4dd4bcb404cb0ac8c17d82ea5e6f1a10e00c30fa77bb160b,2026-08-14T22:53:19+00:00,Tecno Spark 6,https://www.whatamobile.com.pk/product/tecno-spark-6/,Yes,false,[],Weight Unknown,[19599.0],whatamobile.com.pk/whatamobile__tecno-spark-6.json,b0c4ec5c483eb2f78c6d5f41b5a44721f95387776291a0452bf2379806224544,0.79167
fde686299312c1d30c522e62dcd3d56612d899c05ca4af8eaaeca69e6332a4cc,2026-08-14T22:07:46+00:00,Tecno Spark 7,https://www.whatamobile.com.pk/product/tecno-spark-7/,Yes,false,[],Weight Unknown,[19999.0],whatamobile.com.pk/whatamobile__tecno-spark-7.json,d9c5e30790262e8728afb9d8dcd761e83786f29a4101922c5e32c8b181dabb5d,0.79167
77f588303481387450cb0eeac1dafe6246cad953d27ed7d52c0556cdcbb81544,2026-08-14T17:55:18+00:00,Tecno Spark 7P,https://www.whatamobile.com.pk/product/tecno-spark-7p/,Yes,false,"[""Alps Blue | Spruce Green | Magnet Black | Summer Mojito""]",Weight Unknown,[24999.0],whatamobile.com.pk/whatamobile__tecno-spark-7p.json,b8ee7a14b6e6f559423792097be969b4238f9ac7aec35d9e6cc08ead3cc747ba,0.83333
93af4e1bd30947b731d8da813d2336440e3d072263d4db45e9cf3f865af95c4d,2026-08-14T20:15:14+00:00,Tecno Spark 7 Pro,https://www.whatamobile.com.pk/product/tecno-spark-7pro/,Yes,false,"[""Alps Blue | Spruce Green | Magnet Black""]",Weight Unknown,[22699.0],whatamobile.com.pk/whatamobile__tecno-spark-7pro.json,e21faec6a9e12a567341e81fe3c622f7173f05a48358de4aa39c536af3af3fed,0.83333
dbc908e7798dcc9e1c6cc1ed8be59d19b844257ad72815153389c910dac2e004,2026-08-14T20:42:44+00:00,Tecno Spark 7T,https://www.whatamobile.com.pk/product/tecno-spark-7t/,Yes,false,[],Weight Unknown,[22499.0],whatamobile.com.pk/whatamobile__tecno-spark-7t.json,1ebfe3106ab5291ce8aa94dd1e3136fbcb0f97b6d092d335ee56b39f8461a826,0.79167
4536b06cae0fc2569a5553c91fba9a64b4f353448247029a4a7ebdac7340f78b,2026-08-14T22:07:55+00:00,Tecno Spark 8 Pro,https://www.whatamobile.com.pk/product/tecno-spark-8-pro/,Yes,false,[],Weight Unknown,[24999.0],whatamobile.com.pk/whatamobile__tecno-spark-8-pro.json,5111d6184585391dc358291815292d11d5919b66859bb989964234bd0d56145a,0.79167
4d0fe856f3db3bc0dad0424f71313e84fd57d6b524b96eeb400ecdc1a77478d7,2026-08-14T20:58:56+00:00,Tecno Spark 8,https://www.whatamobile.com.pk/product/tecno-spark-8/,Yes,false,[],Weight Unknown,[19999.0],whatamobile.com.pk/whatamobile__tecno-spark-8.json,f7cee025eadfba95c8245993c3470d44b260db5097324474479489fd81eb20d5,0.79167
498c3122de1bc8ac21b57a9a205fafc2e37e61da8abbb0821a4ff8ad78934420,2026-08-14T22:49:34+00:00,Tecno Spark 8C,https://www.whatamobile.com.pk/product/tecno-spark-8c/,Yes,false,[],Weight Unknown,[28499.0],whatamobile.com.pk/whatamobile__tecno-spark-8c.json,d00918355080abfd2296d73f26ae4b298ead58f636359166ba40ffd8f7015626,0.83333
66ae440b1978fb0b5866b8138541062abe7d7706ad4049aeca8fb86e57539bcd,2026-08-14T18:32:21+00:00,Tecno Spark 8P,https://www.whatamobile.com.pk/product/tecno-spark-8p/,Yes,false,[],Weight Unknown,[27999.0],whatamobile.com.pk/whatamobile__tecno-spark-8p.json,716696afe019322f9c8998d927e968202881641e7cd224da6b6102d4e716da0a,0.79167
b57694f53066447a8bd2c2aae88e4a6d2d59cbdee6d4e14a891a03b94ab61b4d,2026-08-14T22:38:53+00:00,Tecno Spark 8T,https://www.whatamobile.com.pk/product/tecno-spark-8t/,Yes,false,[],Weight Unknown,[23999.0],whatamobile.com.pk/whatamobile__tecno-spark-8t.json,c94c00f58a63041c45abb5b795fa83019a2057282b7bcfbfbcb2b44e57cee732,0.79167
4616955184f07db60ecab00a05182d4b35cf8a6b4eeeff5ef643a9fbf8e7ab85,2026-08-14T20:16:14+00:00,Tecno Spark 9 Pro,https://www.whatamobile.com.pk/product/tecno-spark-9-pro/,Yes,false,[],Weight Unknown,[28999.0],whatamobile.com.pk/whatamobile__tecno-spark-9-pro.json,cb0c41148269c4d1c79408c9043236034bff7482ea153d3e1672c43741585a1c,0.79167
091473213167b0b03bb63a77e59d2262053b49f27ebdaddf1b019fa2d823aa86,2026-08-14T20:39:49+00:00,Tecno Spark 9,https://www.whatamobile.com.pk/product/tecno-spark-9/,Yes,false,"[""Infinity Black | Sky Mirror""]",Weight Unknown,[21999.0],whatamobile.com.pk/whatamobile__tecno-spark-9.json,291e1f6ed65d096bc67948704c4c94c2ad2f692ae4266a1b8dfb398d6cffb1f9,0.83333
387b535ebd336f990896e3c582bc358af01523bb21fd4f1e875845d56c29fc1c,2026-08-14T22:26:13+00:00,Tecno Spark 9T,https://www.whatamobile.com.pk/product/tecno-spark-9t/,Yes,false,[],Weight Unknown,[27999.0],whatamobile.com.pk/whatamobile__tecno-spark-9t.json,96e108f46b07f2f885932cc4082d4d1f68be73aa57ccb039ef4bd36ffb701abc,0.83333
beec90b416dc20b3bf2c7e700da3ddbc717fdb88f22d56816c8e8d930d4aa232,2026-08-14T19:51:57+00:00,Tecno Spark Go 1,https://www.whatamobile.com.pk/product/tecno-spark-go-1/,Yes,false,[],Weight Unknown,[21599.0],whatamobile.com.pk/whatamobile__tecno-spark-go-1.json,e1b484272c988e082d1379ab67965a5008178ba9ae58e9cdfc46b23aa15bb45a,0.83333
0cdf234728c68e23edfafa08e04b925f7cb4e8ec0815596284cddd3179fae5dd,2026-08-14T19:59:33+00:00,"Tecno Spark Go 2 (4GB, 64GB, Ink Black)",https://www.whatamobile.com.pk/product/tecno-spark-go-2-4gb-64gb-ink-black/,Yes,false,"[""Ink Black"",""Titanium Grey"",""Veil White"",""Turquoise Green""]",Weight Unknown,[25990.0],whatamobile.com.pk/whatamobile__tecno-spark-go-2-4gb-64gb-ink-black.json,566432972a6c37bdda1179e09d4fc929f3d7beef1389365cd862662dcb58011a,0.87500
41b12e0df1f3791d25e4da6b2d756f185188b02d7577ffbf3592e7b3f8e317c6,2026-08-14T20:04:30+00:00,"Tecno Spark Go 2 (4GB, 64GB, Titanium Grey)",https://www.whatamobile.com.pk/product/tecno-spark-go-2-4gb-64gb-titanium-grey/,Yes,false,"[""Ink Black"",""Titanium Grey"",""Veil White"",""Turquoise Green""]",Weight Unknown,[25990.0],whatamobile.com.pk/whatamobile__tecno-spark-go-2-4gb-64gb-titanium-grey.json,f3a59fc4e744367ab47a08c4d1ccc3fa4b1fe9782da970c55b5c161bd1720f1a,0.87500
e82dab8890564ccd14e43ec8870cad2c79da025670ae5b13aa1b60391d385dbf,2026-08-14T19:59:52+00:00,"Tecno Spark Go 2 (4GB, 64GB, Turquoise Green)",https://www.whatamobile.com.pk/product/tecno-spark-go-2-4gb-64gb-turquoise-green/,Yes,false,"[""Ink Black"",""Titanium Grey"",""Veil White"",""Turquoise Green""]",Weight Unknown,[25990.0],whatamobile.com.pk/whatamobile__tecno-spark-go-2-4gb-64gb-turquoise-green.json,58e9b4b5eebea4e1fd29201410f11c41008c8bbd4bbaa2349cccdfcb41fa8a69,0.87500
d9bc85eae407e2ec33d20e8aa04c7e0aff19aa084ce3068df1ad1138fbda4ce9,2026-08-14T19:59:42+00:00,"Tecno Spark Go 2 (4GB, 64GB, Veil White)",https://www.whatamobile.com.pk/product/tecno-spark-go-2-4gb-64gb-veil-white/,Yes,false,"[""Ink Black"",""Titanium Grey"",""Veil White"",""Turquoise Green""]",Weight Unknown,[25990.0],whatamobile.com.pk/whatamobile__tecno-spark-go-2-4gb-64gb-veil-white.json,23ec98675226226679ffff341a644ddc068b431a48728fcb77887ab7032c5991,0.87500
2bd6c30b5063998d51bfaeec81f53465f5c4d3e3d7c9c0593a4577aed5e6cb59,2026-08-14T20:56:39+00:00,Tecno Spark Go 2020,https://www.whatamobile.com.pk/product/tecno-spark-go-2020/,Yes,false,[],Weight Unknown,[15999.0],whatamobile.com.pk/whatamobile__tecno-spark-go-2020.json,78902b1ef90b074bf1dd08ab781ec7f86187897f7a46856bb7a3780487155c35,0.79167
89d8def1c301d639723cb3d3b89b60c9dada7a302ef8351c5166edcb186b4378,2026-08-14T18:31:48+00:00,Tecno Spark Go 2021,https://www.whatamobile.com.pk/product/tecno-spark-go-2021/,Yes,false,[],Weight Unknown,[17999.0],whatamobile.com.pk/whatamobile__tecno-spark-go-2021.json,3b92de87effeabd02c8111a3781a4c2f819757cafe915a51dff2bd7046086820,0.79167
0dadee2655f97574b90d7d151feb4b5b3c6b1e7b0fe35bc98ad3a97f418787c1,2026-08-14T22:51:19+00:00,Tecno Spark Go 2023,https://www.whatamobile.com.pk/product/tecno-spark-go-2023/,Yes,false,"[""Endless Black | Nebula Purple | Uyuni Blue""]",Weight Unknown,[21999.0],whatamobile.com.pk/whatamobile__tecno-spark-go-2023.json,3d77acfe58299757aa0eeec40ebd3ddbf7861ae124e3b5852f80d4acf3c4bd1a,0.83333
148c728e644e17dbc73ac9ca1f4974adfafdcde514f866652c921cfb82043ba2,2026-08-14T21:30:02+00:00,Tecno Spark Go 2024,https://www.whatamobile.com.pk/product/tecno-spark-go-2024/,Yes,false,[],Weight Unknown,[20399.0],whatamobile.com.pk/whatamobile__tecno-spark-go-2024.json,127c4887562035478cdd842adcf8e4c21d66480f831bb742554f0a0a66fffe20,0.83333
b4c9d800affb68925b7c6f879bd40945edd77dd6e58a359129f6e060c98a0c6b,2026-08-14T21:31:29+00:00,Tecno Spark Go Plus,https://www.whatamobile.com.pk/product/tecno-spark-go-plus/,Yes,false,[],Weight Unknown,[14500.0],whatamobile.com.pk/whatamobile__tecno-spark-go-plus.json,d88fb28eb1ef8a665e0ad846ccbec693aa8436bef9a3382e1ab635dfb8846f69,0.79167
0b18bfdfbfaf2e40826f34cb3a4c70d3dcb49715b681ebe3fba81f0f126dcaf9,2026-08-14T18:30:26+00:00,Tecno Spark Go,https://www.whatamobile.com.pk/product/tecno-spark-go/,Yes,false,[],Weight Unknown,[12499.0],whatamobile.com.pk/whatamobile__tecno-spark-go.json,343cb576c3f259eb0e3e49b2816d27a82e3415f382ed2cc8d694d6f78b960958,0.79167
4ddf82650985817764c808e9331515006833eb588089e6302daa92d6c22772c4,2026-08-14T18:31:23+00:00,Tecno Spark Pro,https://www.whatamobile.com.pk/product/tecno-spark-pro/,Yes,false,[],Weight Unknown,[14999.0],whatamobile.com.pk/whatamobile__tecno-spark-pro.json,7812cce563f7b45f3c850ec9d39788a472f67ae0f8c6239fc3ac4a90751ce9ec,0.79167
14bb8fe232ef003d6a4e193231578e8585ec1777235bf8e05a5d0e6975939465,2026-08-14T22:36:29+00:00,Tecno Spark10 5G,https://www.whatamobile.com.pk/product/tecno-spark10-5g/,Yes,false,"[""Various""]",Weight Unknown,[44999.0],whatamobile.com.pk/whatamobile__tecno-spark10-5g.json,a3be2f26d592e581488a3bacaa0e2a0825a410078cd91d722dcc83150a7cba23,0.79167
f369f210df60bf82a7498be6d381172d024c7a8774f07b042e89a71c70410294,2026-08-14T20:15:44+00:00,Tecno Spark7,https://www.whatamobile.com.pk/product/tecno-spark7/,Yes,false,"[""Magnet Black | Morpheus Blue | Spruce Green | summer Mint""]",Weight Unknown,[19999.0],whatamobile.com.pk/whatamobile__tecno-spark7.json,8e9bf7099ff3c7175f06337d44f856d969d0d839fe481d82101adc858b9ee688,0.83333
8aa5e70d1adc2daafc4fde64e526bb57727ed1db7db9f77533a84f32e5b07ccf,2026-08-14T21:23:06+00:00,Tecno WX4 Pro,https://www.whatamobile.com.pk/product/tecno-wx4-pro/,Yes,false,[],Weight Unknown,[14999.0],whatamobile.com.pk/whatamobile__tecno-wx4-pro.json,1da4446cf5050e682abf6b35bff9f15dfcc359af72e35fed25c9a96105a72b14,0.79167
8d039a6b24ef470e7f46e937fcac8ad97a1f687c4b40751f9257326b8f554efc,2026-08-14T18:29:14+00:00,Telenor Infinity A,https://www.whatamobile.com.pk/product/telenor-infinity-a/,Yes,false,[],Weight Unknown,[13000.0],whatamobile.com.pk/whatamobile__telenor-infinity-a.json,5c8062890488ba5e334a1fc5693158b8f49b6d77fd4cf4750ff63107c21863f9,0.79167
645f88ab25c6cc568ac6f6ff2127e56c0a77633c7b32849b60cf65fc5eee6555,2026-08-14T20:26:33+00:00,Telenor Infinity E,https://www.whatamobile.com.pk/product/telenor-infinity-e/,Yes,false,[],Weight Unknown,[9500.0],whatamobile.com.pk/whatamobile__telenor-infinity-e.json,9fc5f5d13b676674067f75030ba69511a5ade5af32c17940e873e19d33458021,0.79167
431e73deb155ba826130179e30c499bdd7c70e88708dbd9fe2d97a9f3112feea,2026-08-14T21:39:27+00:00,Telenor Infinity i5,https://www.whatamobile.com.pk/product/telenor-infinity-i5/,Yes,false,[],Weight Unknown,[9000.0],whatamobile.com.pk/whatamobile__telenor-infinity-i5.json,8de2a52e5bd5609349f8a90f90d32cca1514dc24c384fbec0199d94e84215056,0.79167
fee77c1f02f398e8724a47e48dc3352642e5c6cfc579a5aeb8a7412e57806896,2026-08-14T18:27:23+00:00,Ulefone Armor 2,https://www.whatamobile.com.pk/product/ulefone-armor-2/,Yes,false,[],Weight Unknown,[31000.0],whatamobile.com.pk/whatamobile__ulefone-armor-2.json,7e476960af8db280454b6f6407a13960933fba1d2f3c549060be82325d75cec3,0.79167
a434317bc1b8700c5783d0b6032b460fd05853a0a6489e05389883201f7bba05,2026-08-14T20:31:46+00:00,Ulefone Armor 3W,https://www.whatamobile.com.pk/product/ulefone-armor-3w/,Yes,false,[],Weight Unknown,[40000.0],whatamobile.com.pk/whatamobile__ulefone-armor-3w.json,d5f8d4fc0ac6972eeb6b3045770cc52f323549f5a1fc024858d6c14a822ade2c,0.79167
857dab94589af10b4ce06dc6ae4d62b7754f70d156d2bb48f1522ab309497567,2026-08-14T20:18:14+00:00,Ulefone Armor 3WT,https://www.whatamobile.com.pk/product/ulefone-armor-3wt/,Yes,false,[],Weight Unknown,[39999.0],whatamobile.com.pk/whatamobile__ulefone-armor-3wt.json,f128135259f418202a74c7f908e3dc843283d383a62555590744c45507f8702c,0.79167
0e30b330fe48e3b20d34e2defbddeeb94c0dd179e13a6ba8b14f84fc0847a6ca,2026-08-14T18:29:03+00:00,Ulefone Armor 5S,https://www.whatamobile.com.pk/product/ulefone-armor-5s/,Yes,false,[],Weight Unknown,[56000.0],whatamobile.com.pk/whatamobile__ulefone-armor-5s.json,ef7e54e0dffed7cab7590f471c688199bb1190f8fc43846009097cf6b0a93fb7,0.79167
6f2f5eb27dbf56782a8f5743a4eae17ea8ccb90743412d5a95f1b076b4ea5c98,2026-08-14T18:28:27+00:00,Ulefone Armor 6E,https://www.whatamobile.com.pk/product/ulefone-armor-6e/,Yes,false,[],Weight Unknown,[45000.0],whatamobile.com.pk/whatamobile__ulefone-armor-6e.json,969c405d38ac9ca0075d6dd36cebfa502e9fbb7d1f591154bee90b77c89aa5cd,0.79167
fef4864e7d18dd6a4d0a7978df2fdc3dacb7985ae2353c9260a67e76759b2858,2026-08-14T18:28:04+00:00,Ulefone Armor 6S,https://www.whatamobile.com.pk/product/ulefone-armor-6s/,Yes,false,[],Weight Unknown,[39999.0],whatamobile.com.pk/whatamobile__ulefone-armor-6s.json,917aff03247d608c34dd061e16042e3821b32e5bebbc44d5f389e9c55bbe5edf,0.79167
cc8e5fe9b344e55935662e6e6e1af7b7214792eae59beedda2f4c1cf9fddf2c6,2026-08-14T18:28:51+00:00,Ulefone Armor 7,https://www.whatamobile.com.pk/product/ulefone-armor-7/,Yes,false,[],Weight Unknown,[55999.0],whatamobile.com.pk/whatamobile__ulefone-armor-7.json,5deb8d7c80f3866adbef4b9302eab730bdaa1383296a7e359a1e6749921b042a,0.79167
7beb60482295fa9a94514c9775d4586f924dfeb2f7b57316b1249dee79f4ae6d,2026-08-14T18:27:01+00:00,Ulefone Armor X2,https://www.whatamobile.com.pk/product/ulefone-armor-x2/,Yes,false,[],Weight Unknown,[22000.0],whatamobile.com.pk/whatamobile__ulefone-armor-x2.json,dbaa25dfb037664eb1a62efb9234d8fe7fe09116dc2decce1a4c3ad638b50ab9,0.79167
4c79b3f3776c9155c283909d2f156fd70f9d4c461e1bb0c6f23f26f988ee5cf1,2026-08-14T18:27:11+00:00,Ulefone Armor X3,https://www.whatamobile.com.pk/product/ulefone-armor-x3/,Yes,false,[],Weight Unknown,[29999.0],whatamobile.com.pk/whatamobile__ulefone-armor-x3.json,714022e97532bfb913ed8008486f70168f0050da1a8d29c736b3582fb58dc677,0.79167
290e0e4d77c0a38e62f9bcc2f4b61ba185bca6e5bd554b09965937be5395afa9,2026-08-14T20:32:06+00:00,Ulefone Armor X5,https://www.whatamobile.com.pk/product/ulefone-armor-x5/,Yes,false,[],Weight Unknown,[32000.0],whatamobile.com.pk/whatamobile__ulefone-armor-x5.json,54b191fe3678baf2a87b4fb31f26a6bcada40c7787300dc63452751b26c33a87,0.79167
c9b1a5fc70684147ce1aef16698b110d641f94bc13121962f4185a05ab9776a5,2026-08-14T18:27:33+00:00,Ulefone Note 7,https://www.whatamobile.com.pk/product/ulefone-note-7/,Yes,false,[],Weight Unknown,[34000.0],whatamobile.com.pk/whatamobile__ulefone-note-7.json,4d87382c76adfb921d4f045286bb006588eb20745490e6eba63972a45a3424cb,0.79167
1505afaaab0147604dc2b63117fb86d7613ca19e53efbce2f077cf3097d4e9d3,2026-08-14T18:27:54+00:00,Ulefone Note 7P,https://www.whatamobile.com.pk/product/ulefone-note-7p/,Yes,false,[],Weight Unknown,[36000.0],whatamobile.com.pk/whatamobile__ulefone-note-7p.json,b7b17f8aa7f2c6b20e1fd38ba19b90ecd83193384d5e013de975e92d6f8cc7df,0.79167
9672a1bcf20aa4d9af30ce3467487ca939c161faf059c6a1b24cb4694e9e4142,2026-08-14T18:26:49+00:00,Ulefone S1,https://www.whatamobile.com.pk/product/ulefone-s1/,Yes,false,[],Weight Unknown,[16999.0],whatamobile.com.pk/whatamobile__ulefone-s1.json,3547bef7837faa396d7208f3902456ef68aaba0f4966d7639131531dc01c8ca9,0.79167
a5c8f2004f4a9c05b6c8b3a22a608d94389f1684d2e70f865f1e670c44b55a1e,2026-08-14T20:33:15+00:00,Ulefone S11,https://www.whatamobile.com.pk/product/ulefone-s11/,Yes,false,[],Weight Unknown,[48999.0],whatamobile.com.pk/whatamobile__ulefone-s11.json,fd5d723dfd0270e3b8b00f90d63d65147b898a7eb72834b2114a4fce7949e11e,0.79167
f249830c5c3f48f4436cb97da388b926b4591b42434d15eb266a1754e9442702,2026-08-14T18:28:39+00:00,Ulefone T2 Pro,https://www.whatamobile.com.pk/product/ulefone-t2-pro/,Yes,false,[],Weight Unknown,[50000.0],whatamobile.com.pk/whatamobile__ulefone-t2-pro.json,71b6d5705969ade15a0e5743e0a757761cfcc302bba05512423a00894adbbddd,0.79167
ff8607d69fad2bdfcc08e67155329f5796f0b0c09b4905b61b7d212fcda7858e,2026-08-14T18:27:44+00:00,Ulefone T2,https://www.whatamobile.com.pk/product/ulefone-t2/,Yes,false,[],Weight Unknown,[34999.0],whatamobile.com.pk/whatamobile__ulefone-t2.json,c1aab6a1de93a256cf17fe161b1549afe9ab21093b08872f827e85ec355e269f,0.79167
efdaf8665b9f64d283fc3ffcf2b5f6438bf1b8492a56ae5800fdd96a3752c409,2026-08-14T20:12:03+00:00,Ultra Smart Watch With 10 Straps,https://www.whatamobile.com.pk/product/ultra-smart-watch-with-10-straps/,,false,[],Weight Unknown,[1909.0],whatamobile.com.pk/whatamobile__ultra-smart-watch-with-10-straps.json,458df20075ca200768791f0f4da4b87b8a6d31713806d8f1f880be22a442c126,0.08333
4470b1093e12f6883ea99dd896b60ff0acd456b908433a13e12cadc5cacfbe69,2026-08-14T20:11:55+00:00,Ultra Smart Watch With 7 Straps,https://www.whatamobile.com.pk/product/ultra-smart-watch-with-7-straps/,,false,[],Weight Unknown,[1679.0],whatamobile.com.pk/whatamobile__ultra-smart-watch-with-7-straps.json,2a0644e69aef0e85db68275c54fea29b17cda93d984307fd386e46ecc69780d6,0.08333
d136583edbf0dfd96beac7ae89a2b814f12cca7a2fbafdf8fd52121c42bde1da,2026-08-14T18:20:38+00:00,Vivo Apex 2019,https://www.whatamobile.com.pk/product/vivo-apex-2019/,Yes,false,[],Weight Unknown,[99999.0],whatamobile.com.pk/whatamobile__vivo-apex-2019.json,6753b5de956a732a475f0c9146a6cbda249c0ea23b55bac4ae2ec73e7ea0d9fb,0.79167
99ffd73087c51a29c7e029ee92f52c89a1fb589d4bd3fc3f12590dbc65f1562f,2026-08-14T18:14:15+00:00,Vivo Apex,https://www.whatamobile.com.pk/product/vivo-apex/,Yes,false,[],Weight Unknown,[70350.0],whatamobile.com.pk/whatamobile__vivo-apex.json,bd14c42db9e6ddea29ae0d43b65ad15d1bfc78120ce44778be13d440359e144b,0.79167
cc6a01bba20d716b98de00556f60e9b2389957b87a198c650d47412c82eb05c3,2026-08-14T18:14:03+00:00,ViVo G1 5G,https://www.whatamobile.com.pk/product/vivo-g1-5g/,Yes,false,[],Weight Unknown,[70000.0],whatamobile.com.pk/whatamobile__vivo-g1-5g.json,d1d32caa4848d599bde1b8967fbc5aeede54377b2734515630b6dd4a18e69d31,0.79167
bf62c7347e0377e6620848fb3c04257fb2c22199bd055faeadadd2a224f10869,2026-08-14T22:44:59+00:00,Vivo iQOO 10 Pro,https://www.whatamobile.com.pk/product/vivo-iqoo-10-pro/,Yes,false,[],Weight Unknown,[144999.0],whatamobile.com.pk/whatamobile__vivo-iqoo-10-pro.json,d07ad24d4515fdb38ed4014014fd7054501f39af5375aad98f59f608f60ba435,0.79167
ff3b50f3511ec1bfd4e2743ee7013bab9d11841b880ab9ab660dfd4d716d8823,2026-08-14T20:50:08+00:00,Vivo iQOO 11 Pro,https://www.whatamobile.com.pk/product/vivo-iqoo-11-pro/,Yes,false,[],Weight Unknown,[165999.0],whatamobile.com.pk/whatamobile__vivo-iqoo-11-pro.json,f35293412c3c8c6793ab856255a90fcda1d0b4702c0348da4d3ca81e0c97f504,0.79167
7b0c875e0b2593381645aa724402bbec924ca21b54ca4b7c9bfa0df164bf4f1b,2026-08-14T20:28:22+00:00,Vivo iQOO 11,https://www.whatamobile.com.pk/product/vivo-iqoo-11/,Yes,false,[],Weight Unknown,[109999.0],whatamobile.com.pk/whatamobile__vivo-iqoo-11.json,4389092b3c1f7fce8652e1ffed6270643ed475019ba4975190850edc4c8289e9,0.79167
60055053ab30f3d5ab96f0cf86dc9dc21878a9b61560e2eae8bfb6b7a4af3b41,2026-08-14T22:39:01+00:00,Vivo IQOO 7,https://www.whatamobile.com.pk/product/vivo-iqoo-7/,Yes,false,[],Weight Unknown,[91999.0],whatamobile.com.pk/whatamobile__vivo-iqoo-7.json,3f8e34147004a02ad3bf954e598aef235f5a26d6e9cd4de41da59365a4b5e8c8,0.79167
7161a1024dc64872f5140ef9b52cf4a97eac7f6d67822c18320cbe114d77a195,2026-08-14T21:33:59+00:00,Vivo iQOO 8 Pro,https://www.whatamobile.com.pk/product/vivo-iqoo-8-pro/,Yes,false,[],Weight Unknown,[138999.0],whatamobile.com.pk/whatamobile__vivo-iqoo-8-pro.json,cc4cb7d03b942de7fb82f92ee09b052d2acf62f6e66cd946eaeb10426887caa8,0.79167
44482ac0ed6a2bb9d86cd349517ec3c9d2ca6c3133dcc6c53b8664b8dfb2bc32,2026-08-14T22:36:08+00:00,Vivo iQOO 8,https://www.whatamobile.com.pk/product/vivo-iqoo-8/,Yes,false,[],Weight Unknown,[104999.0],whatamobile.com.pk/whatamobile__vivo-iqoo-8.json,9fdd62b624436a97ad1bf9b9d3f668da4e06523eb9e8759e90504000d5dbe2bb,0.79167
1a301305690f5f73c0dbe676aa45e2a21e193ad4165f3ffa64d167fa5b454a3c,2026-08-14T23:01:29+00:00,Vivo iQOO 9 Pro,https://www.whatamobile.com.pk/product/vivo-iqoo-9-pro/,Yes,false,[],Weight Unknown,[142999.0],whatamobile.com.pk/whatamobile__vivo-iqoo-9-pro.json,5c01aac2471d017308c8f1b615c94d2c5d4c46c79d668f392f1abc81b15869f5,0.79167
b54deca755170778ae227f70fffa192dfba6045633f5922ae92fb37e0aa16e2f,2026-08-14T21:12:37+00:00,Vivo iQOO 9 SE,https://www.whatamobile.com.pk/product/vivo-iqoo-9-se/,Yes,false,[],Weight Unknown,[93999.0],whatamobile.com.pk/whatamobile__vivo-iqoo-9-se.json,018c49b6c20cc27f4e27155b499dca07e5671385a599a5d23e1e85af5d46a03f,0.79167
f9959eb024da3b38fe13d95736034a666a619d58531a0589a40a9a638755f8bb,2026-08-14T21:55:17+00:00,Vivo iQOO 9,https://www.whatamobile.com.pk/product/vivo-iqoo-9/,Yes,false,[],Weight Unknown,[104999.0],whatamobile.com.pk/whatamobile__vivo-iqoo-9.json,70e09ae27b9409d6a216c06683fc931efa403bf8d3955bfea721530c0e251c98,0.79167
4948b963ba7df9b98c396aa861e511b83c6c78c239721893898bc34e5cdde223,2026-08-14T20:18:05+00:00,Vivo Iqoo Neo 5 Lite,https://www.whatamobile.com.pk/product/vivo-iqoo-neo-5-lite/,Yes,false,[],Weight Unknown,[68999.0],whatamobile.com.pk/whatamobile__vivo-iqoo-neo-5-lite.json,907d63beb31a6a58500a44595e324b6334114b492ae15aa9274ee6ace91784c5,0.79167
432879557ea68266d46d44ee290544a08ef5904ff2b75badc7ceeccf297d7071,2026-08-14T18:16:43+00:00,Vivo iQOO Neo 5s,https://www.whatamobile.com.pk/product/vivo-iqoo-neo-5s/,Yes,false,[],Weight Unknown,[89999.0],whatamobile.com.pk/whatamobile__vivo-iqoo-neo-5s.json,5e76db9b5db9690f8aef2d3716d73d46de696bf16c8ed333c5e346772ca20e6f,0.79167
b3fcb998d6ab503ac58898849ce8b2d2bb5774863034a4ddd8f6e7260a98cc4f,2026-08-14T20:26:23+00:00,Vivo iQOO Neo 5se,https://www.whatamobile.com.pk/product/vivo-iqoo-neo-5se/,Yes,false,[],Weight Unknown,[64999.0],whatamobile.com.pk/whatamobile__vivo-iqoo-neo-5se.json,a523da24ad30ef37094bd0b44c3282012c6eff066581e46376911a34762e6324,0.79167
df586db847ab6a829bdf8b380ddbd2117394bfc0b48a5c431c8f9373474a48a5,2026-08-14T21:29:32+00:00,Vivo iQOO Neo 6 SE,https://www.whatamobile.com.pk/product/vivo-iqoo-neo-6-se/,Yes,false,[],Weight Unknown,[73999.0],whatamobile.com.pk/whatamobile__vivo-iqoo-neo-6-se.json,d301f8fa21f59c4de76e1e42d78e70db0568f0b0401486f03d51070b5a07bab6,0.79167
6abec3c7fead4206c2458b24bf32fb736b774bb3269fa7ff4c6391c462251f3f,2026-08-14T22:36:47+00:00,Vivo iQOO Neo 6,https://www.whatamobile.com.pk/product/vivo-iqoo-neo-6/,Yes,false,[],Weight Unknown,[78999.0],whatamobile.com.pk/whatamobile__vivo-iqoo-neo-6.json,f75a72fe0ab15c55106f0579b841efd25b03f043ecb8197e7695b639ee377dd7,0.79167
447cadf2c943fcd8abf151db59ec74b9b91ac791878408e901cd3784918d0e6b,2026-08-14T20:27:44+00:00,Vivo iQOO Neo 855,https://www.whatamobile.com.pk/product/vivo-iqoo-neo-855/,Yes,false,[],Weight Unknown,[35500.0],whatamobile.com.pk/whatamobile__vivo-iqoo-neo-855.json,211aac11ad1ba9a91029f2f0123194259cfbea2217faf5c9d142f29c2a3ff417,0.79167
462edae6e00a81ab7205ce8d1436f134640f0aa1719228a2040bdc6a3e2b0de3,2026-08-14T20:25:02+00:00,Vivo iQOO Neo3 5G,https://www.whatamobile.com.pk/product/vivo-iqoo-neo3-5g/,Yes,false,[],Weight Unknown,[70000.0],whatamobile.com.pk/whatamobile__vivo-iqoo-neo3-5g.json,8e1d64b470f28dd883a1b35cdbb6753e181d2d99d839e074e5037bbd95c31749,0.79167
2e15f1827118b6da4b089cfafc736edd98c09d038953e94d274f810ce1007ef6,2026-08-14T18:14:27+00:00,Vivo iQOO Neo7 SE,https://www.whatamobile.com.pk/product/vivo-iqoo-neo7-se/,Yes,false,[],Weight Unknown,[70999.0],whatamobile.com.pk/whatamobile__vivo-iqoo-neo7-se.json,062ea320bce281a5e1f951de63de37e9f2073ae328dd5aada6acf28e08fa3b89,0.79167
18a5bc63430fbc99988b212f173b35d453f021502db58a554f319451c3b1cc28,2026-08-14T21:12:57+00:00,Vivo iQOO Pro,https://www.whatamobile.com.pk/product/vivo-iqoo-pro/,Yes,false,[],Weight Unknown,[89999.0],whatamobile.com.pk/whatamobile__vivo-iqoo-pro.json,998bd77d718e702068598cf1a240dfca316123de5bfc2454b65a4eddb277040d,0.79167
b312185d6ced2bef8b0544440e83c41e90e74220192c6fab5a2b770b6432008a,2026-08-14T18:16:31+00:00,Vivo IQOO U1,https://www.whatamobile.com.pk/product/vivo-iqoo-u1/,Yes,false,[],Weight Unknown,[89999.0],whatamobile.com.pk/whatamobile__vivo-iqoo-u1.json,533a256dbeb6cb3035b870d62585995934e0b6f209a336544257938eb454697c,0.79167
c6b2f29d78c1da85e0b940040a2e9b3e722b7913363510970de39d3c86edffa4,2026-08-14T18:05:18+00:00,Vivo iQOO U5,https://www.whatamobile.com.pk/product/vivo-iqoo-u5/,Yes,false,[],Weight Unknown,[38999.0],whatamobile.com.pk/whatamobile__vivo-iqoo-u5.json,dea7d5a410ccdf7b24a74daa286ec6ea646c9ce820bec57769e367387ee41a2e,0.79167
8bd8634cb0d2b32ae0e648ccac435903d6fedcf1ca6684dc3f8aed2c17b26e64,2026-08-14T18:06:13+00:00,Vivo iQOO U5e,https://www.whatamobile.com.pk/product/vivo-iqoo-u5e/,Yes,false,[],Weight Unknown,[43999.0],whatamobile.com.pk/whatamobile__vivo-iqoo-u5e.json,fbc4dffd9d3a52f41e736da828a276b919e56306a2b68fcd1a01cb4e2618ead5,0.79167
192732eefc0ba45728a2b8bf8a817b34e8ecc2a3d2543c5b8dfdb25b695617e8,2026-08-14T18:05:51+00:00,Vivo iQOO Z1x,https://www.whatamobile.com.pk/product/vivo-iqoo-z1x/,Yes,false,[],Weight Unknown,[42000.0],whatamobile.com.pk/whatamobile__vivo-iqoo-z1x.json,13e7131938e2f61131f8f07e8f2578196b914005b1f3bcca9aa39ccf7ef15866,0.79167
1432224e66fe83fc70eacbcf401e3b98ca3203b3f85aef0ce073abedd1ef55e6,2026-08-14T20:24:52+00:00,Vivo iQOO Z5,https://www.whatamobile.com.pk/product/vivo-iqoo-z5/,Yes,false,[],Weight Unknown,[52999.0],whatamobile.com.pk/whatamobile__vivo-iqoo-z5.json,97381a8791cd8ffe6cecd1be680beb9af5a5b8543b32bd8cb556b420099a392c,0.79167
3b22e3607a2156eabeaa75bf8df006733baf788f31490aff1bca679ba18a4cbc,2026-08-14T20:17:55+00:00,Vivo iQOO Z5x,https://www.whatamobile.com.pk/product/vivo-iqoo-z5x/,Yes,false,[],Weight Unknown,[47999.0],whatamobile.com.pk/whatamobile__vivo-iqoo-z5x.json,bf9289766b042f509c9631bdc8cb425bcfd5d1f0180291e3817e33de6e3f78b6,0.79167
4107e29dcff7bc874aed67e966bc41a43c8c197f5813e7abbc8cabaf33292f0a,2026-08-14T21:44:12+00:00,Vivo iQOO Z6 Lite,https://www.whatamobile.com.pk/product/vivo-iqoo-z6-lite/,Yes,false,[],Weight Unknown,[39999.0],whatamobile.com.pk/whatamobile__vivo-iqoo-z6-lite.json,5f8d9ab8dff38a1dbf4ac294ace2184473e22227313c11d8a710b3d70a4becae,0.79167
0f06f8371eb390aac86e1fcf5b184641aaf5b9cc9d0b21cb5d5973d338106e88,2026-08-14T22:04:21+00:00,Vivo iQOO Z6 Pro 5G,https://www.whatamobile.com.pk/product/vivo-iqoo-z6-pro-5g/,Yes,false,[],Weight Unknown,[55999.0],whatamobile.com.pk/whatamobile__vivo-iqoo-z6-pro-5g.json,c95d3f98ac13ffd35a7e30ee5589edad7c8a8901b8fbd490285cd304b4cdc16f,0.79167
52755246b4705eb7457b951045b6cbf321eb3f79736bb81d3f01a5675f34d285,2026-08-14T18:21:10+00:00,Vivo NEX 3,https://www.whatamobile.com.pk/product/vivo-nex-3/,Yes,false,[],Weight Unknown,[109999.0],whatamobile.com.pk/whatamobile__vivo-nex-3.json,c01de549832dd53ba227957aea90adcca7bf68c994f9d4649b6514f8e9cbb4d1,0.79167
1e06cf72539224259641a058d7527f589bd291dba76f68e14ee17db2320442aa,2026-08-14T18:06:44+00:00,Vivo Nex 3s 5G,https://www.whatamobile.com.pk/product/vivo-nex-3s-5g/,Yes,false,[],Weight Unknown,[45000.0],whatamobile.com.pk/whatamobile__vivo-nex-3s-5g.json,13f0af854abe9ba23ecc9a2365fd958bee2d7e8628302b0700630cae41c345dc,0.79167
f880c1c0e0cd1cbe90117b8d64db8fa2fc45547cbfb90d0991347f0e46a32792,2026-08-14T18:16:56+00:00,Vivo NEX A,https://www.whatamobile.com.pk/product/vivo-nex-a/,Yes,false,[],Weight Unknown,[91000.0],whatamobile.com.pk/whatamobile__vivo-nex-a.json,465f67413595f8a24d5aa238265d02c6b5196cf94275de34d4546301156539c2,0.79167
ba57bf93a7de1b87f65a12fe5fe1f8c96b50adb617408f6430dc914e55e8de38,2026-08-14T18:20:59+00:00,Vivo NEX Dual Display,https://www.whatamobile.com.pk/product/vivo-nex-dual-display/,Yes,false,[],Weight Unknown,[105999.0],whatamobile.com.pk/whatamobile__vivo-nex-dual-display.json,81fd71f3bf1304963f7a2f3ce5b6ad25dd367312d2e624fc1e6e90a37bd297c9,0.79167
3024f7fa72c5d758a51911a559b7c4f6ffe0e7190f5d122a450b0ac277a9f02e,2026-08-14T21:39:47+00:00,Vivo NEX S,https://www.whatamobile.com.pk/product/vivo-nex-s/,Yes,false,[],Weight Unknown,[106300.0],whatamobile.com.pk/whatamobile__vivo-nex-s.json,639ffa32faa1a918ba147d846846793fb1bbae91d37a5446bcf45e4bb51f9c3b,0.79167
a36e9b82b7f14730625168bd3b5d6276e9c96a0914bd2b5477f6a503d688ec03,2026-08-14T20:37:31+00:00,Vivo S10 Pro,https://www.whatamobile.com.pk/product/vivo-s10-pro/,Yes,false,[],Weight Unknown,[73999.0],whatamobile.com.pk/whatamobile__vivo-s10-pro.json,7a816f12a86c97516707811cdddb0856909175fe993d2d89c8a371bd6233d3b6,0.79167
3becbd965dc08f2ae97b4bd41f7a93c71389c6b037b3792d19a93ac2b62eaa26,2026-08-14T22:35:00+00:00,Vivo S10e,https://www.whatamobile.com.pk/product/vivo-s10e/,Yes,false,[],Weight Unknown,[69999.0],whatamobile.com.pk/whatamobile__vivo-s10e.json,b5c009c857deb7ff679ec315adbc38ad7654ddefbb48ccbd9ebb93b6eb0fb6a8,0.79167
0b812d1b767712a33a50b2cd7451c84d22d18d95b538115b170b013f85c01175,2026-08-14T21:56:55+00:00,Vivo S12 Pro,https://www.whatamobile.com.pk/product/vivo-s12-pro/,Yes,false,[],Weight Unknown,[94999.0],whatamobile.com.pk/whatamobile__vivo-s12-pro.json,59c941f25495e9989fc659c39ecdfe14a104d1f08fc0c7a4ee5c9e99663d9437,0.79167
12f981ed7b433ee32f8e6b91123d0f2b4c04b7c171da0692dd70c24d1e9d0739,2026-08-14T22:42:58+00:00,Vivo S12,https://www.whatamobile.com.pk/product/vivo-s12/,Yes,false,[],Weight Unknown,[85999.0],whatamobile.com.pk/whatamobile__vivo-s12.json,a09c540b60423e6197cfd829d7a1864668faaccccfbd4df1dd34fbc76f3919e9,0.79167
7d6b36914d2334490a86072f4c29f1174b37d2af789eb5ee84787ea602019fd9,2026-08-14T18:20:48+00:00,Vivo S15 Pro,https://www.whatamobile.com.pk/product/vivo-s15-pro/,Yes,false,[],Weight Unknown,[104999.0],whatamobile.com.pk/whatamobile__vivo-s15-pro.json,f0faefccdf80ff2cba5d7f52875a8d1754390c4d43c4c9e3812aafbbbc971831,0.79167
074601a520dbb2a7aa365f457ffc012e9d522b359b8a764544da9b979c5e439e,2026-08-14T18:15:35+00:00,Vivo S15,https://www.whatamobile.com.pk/product/vivo-s15/,Yes,false,[],Weight Unknown,[79999.0],whatamobile.com.pk/whatamobile__vivo-s15.json,ddf3e59140796ce95af23a83b2bd18e7491d37d9ebcc47604193f11ea598b3a1,0.79167
0062de25cf190f1ebef1ed497ebf788949d9cc32ecac245ad5c51a64fd5d9a2e,2026-08-14T18:09:41+00:00,Vivo S15e,https://www.whatamobile.com.pk/product/vivo-s15e/,Yes,false,[],Weight Unknown,[59999.0],whatamobile.com.pk/whatamobile__vivo-s15e.json,09fb20226d41e51c60cd9ac84b933dc0e6a6aca35f4e8c806e9d51ed24fe0283,0.79167
a838b680f9a9ead26816721ccbe1c51858a3b9c965840c36e3e8a59c7bca1657,2026-08-14T22:47:33+00:00,Vivo S2 Pro,https://www.whatamobile.com.pk/product/vivo-s2-pro/,Yes,false,[],Weight Unknown,[63999.0],whatamobile.com.pk/whatamobile__vivo-s2-pro.json,7a28500eb6401d50f33c3b992fcfd47e70083226fbb7862f29219335ac2ec3ab,0.79167
f1965b6f5c8588cbad8186bb6de4cb4a690751faba50aad1308b464b3e7e6bbe,2026-08-14T21:03:22+00:00,Vivo S6,https://www.whatamobile.com.pk/product/vivo-s6/,Yes,false,[],Weight Unknown,[61000.0],whatamobile.com.pk/whatamobile__vivo-s6.json,667adbb5a4458439cf26ae96d85f1e19121734cf2c55afe9dd34a2a57d098146,0.79167
91f46f6ab193b25a370a6941a68fadcc9555fce7c790856101eb77de7805036c,2026-08-14T18:15:14+00:00,Vivo S7 5G,https://www.whatamobile.com.pk/product/vivo-s7-5g/,Yes,false,[],Weight Unknown,[75000.0],whatamobile.com.pk/whatamobile__vivo-s7-5g.json,a18f95f6111afb2660841b6169690179dae6ce37c63c546a6b5d99e2219dbdd5,0.79167
58eb033b8ddb03218e8dec20022fde5005a645f2eaba3f8d807991a576908893,2026-08-14T18:11:24+00:00,Vivo S9,https://www.whatamobile.com.pk/product/vivo-s9/,Yes,false,[],Weight Unknown,[63999.0],whatamobile.com.pk/whatamobile__vivo-s9.json,e05bd6f979e1d53d08c5a62afc01bab3c91150c829eafb85f89252370d253693,0.79167
97c2246455897df2276a026e389452c3a234a2f1f5a21f5202585eefbb7540ff,2026-08-14T18:11:47+00:00,Vivo S9e,https://www.whatamobile.com.pk/product/vivo-s9e/,Yes,false,[],Weight Unknown,[64999.0],whatamobile.com.pk/whatamobile__vivo-s9e.json,1d9abec79046bf945e1e588fffd4ee3bc5bcbf733fa417576de301a8071f7dfd,0.79167
da7bc7e6ce34449f1fe1e92f0a1d853220f03c694a1628410e1d4d7f83d737e5,2026-08-14T20:23:33+00:00,Vivo T1 Pro 5G,https://www.whatamobile.com.pk/product/vivo-t1-pro-5g/,Yes,false,[],Weight Unknown,[59999.0],whatamobile.com.pk/whatamobile__vivo-t1-pro-5g.json,c79743b20287fcc80ad0bac20f5315547ba8ae58eb32f8d69fbe26493c414d85,0.79167
828f1a614dee46ed2755c241e3149d2f5d0265eb1ae27b58c46d91821ad02afb,2026-08-14T18:13:52+00:00,Vivo T1,https://www.whatamobile.com.pk/product/vivo-t1/,Yes,false,[],Weight Unknown,[69999.0],whatamobile.com.pk/whatamobile__vivo-t1.json,ec8254f24e71859713e385397300119f85d0b1adad66b974707bde98f0d1bdf9,0.79167
c043791a2d9fe154dff8093a8da01488b2483c2cd5ea0804e17b8657c2bc96e7,2026-08-14T18:08:45+00:00,Vivo T1x,https://www.whatamobile.com.pk/product/vivo-t1x/,Yes,false,[],Weight Unknown,[54500.0],whatamobile.com.pk/whatamobile__vivo-t1x.json,df090cb355fac27d40dc54a02d81f76922818201698b3b0d88aac3b31c78d440,0.79167
2b54ecdc0eff843359391f52ae32b9a7a3dc03cf21f76b7ed5f23d2b6d8f17be,2026-08-14T18:06:23+00:00,Vivo T2,https://www.whatamobile.com.pk/product/vivo-t2/,Yes,false,[],Weight Unknown,[44999.0],whatamobile.com.pk/whatamobile__vivo-t2.json,1eafcc1aa0aee80ad8b5cfa80620e9899c8a910f679d05609ef81211f383cf8f,0.79167
71ace83d4e1e20f15da058b87f782e634ffd63c0e5dfb9c89f048106e5194a6e,2026-08-14T18:07:26+00:00,Vivo T2x,https://www.whatamobile.com.pk/product/vivo-t2x/,Yes,false,[],Weight Unknown,[46999.0],whatamobile.com.pk/whatamobile__vivo-t2x.json,cb007e8bc8b4cca0f831802f17f2000baa4d57eee7cdb956e2d325bad497f71f,0.79167
5419a389d9efc932b8194b106658d2ba70ad2345896c69aedcf75801066c982b,2026-08-14T22:20:43+00:00,vivo T3 Lite,https://www.whatamobile.com.pk/product/vivo-t3-lite/,Yes,false,[],Weight Unknown,[73839.0],whatamobile.com.pk/whatamobile__vivo-t3-lite.json,63ddd7a017236c6f1248222a12975ec99a4fb13977c1da36c2722b6bdc21cdb1,0.83333
3f0b85361c3327253aec6c7715fe13933ccd2f382baefd15cb2f7fabef56b2ec,2026-08-14T21:57:33+00:00,vivo T3,https://www.whatamobile.com.pk/product/vivo-t3/,Yes,false,[],Weight Unknown,[67000.0],whatamobile.com.pk/whatamobile__vivo-t3.json,95364ccb3f6228738b3df78bc1726e54f631067bde00a4f0c898de0e85829f5f,0.83333
1857459517ced390ca4fec11b463d89616bac7c54f264a46f286bfd724b1a173,2026-08-14T22:49:08+00:00,vivo T3x,https://www.whatamobile.com.pk/product/vivo-t3x/,Yes,false,[],Weight Unknown,[97999.0],whatamobile.com.pk/whatamobile__vivo-t3x.json,f2c16ece97e465e474e88b506ce8f734731be7ed97b0b3a8aec61833244a5bad,0.83333
864a69d97295b30c0fa092b0ba67a058482b2408132e1ef8e092ad76571bb319,2026-08-14T20:45:21+00:00,Vivo U10,https://www.whatamobile.com.pk/product/vivo-u10/,Yes,false,[],Weight Unknown,[30000.0],whatamobile.com.pk/whatamobile__vivo-u10.json,0d1ab62da8d220e90ccbbea0693217bad0825df9b18a703185b83a6a0fe09730,0.79167
2b99e9ab41440f14eb2c166a4b748e1d6e8093ace67c6c44d530bcd1a8821365,2026-08-14T20:21:56+00:00,Vivo V11 Pro,https://www.whatamobile.com.pk/product/vivo-v11-pro/,Yes,false,[],Weight Unknown,[53999.0],whatamobile.com.pk/whatamobile__vivo-v11-pro.json,148bde8e3584e0511653656fcc5466653afbdc918654f8b6bd46173ca552cfc3,0.79167
d6ea717aa6e216512a681b242906abed29b172c85df8e0cf70c31d64a84cedd7,2026-08-14T19:39:44+00:00,Vivo V11,https://www.whatamobile.com.pk/product/vivo-v11/,Yes,false,"[""Nebula"",""Starry Night""]",Weight Unknown,[39999.0],whatamobile.com.pk/whatamobile__vivo-v11.json,faa99bed61799e36c9aef65ce956ef74db2ddebc444c3929eaee5f8355c6326d,0.83333
2808d8710ad1c07dac1e5dbf595a0b8a33f8301c3bd78f4ec3ecc5106d835c74,2026-08-14T21:41:54+00:00,Vivo V11i,https://www.whatamobile.com.pk/product/vivo-v11i/,Yes,false,[],Weight Unknown,[31000.0],whatamobile.com.pk/whatamobile__vivo-v11i.json,f6f7aaabfb2d6ea09c714c9627a812b48f7f4b72a62452f1def38d117c5ea5ae,0.79167
206c85ec28c1cb3c47c2f0c04a270996b9c2f923213b064cee210682334f8bf4,2026-08-14T21:23:26+00:00,Vivo V11Pro,https://www.whatamobile.com.pk/product/vivo-v11pro/,Yes,false,"[""Starry Black"",""Nebula Purple""]",Weight Unknown,[53999.0],whatamobile.com.pk/whatamobile__vivo-v11pro.json,8d158647098b29d59ce74469ea8574b0d3ce2d35a98801fd3221506692b5a48d,0.83333
be5f933b89c67285235cd886326878c018003f18a88b53cf6611823ed9b2a44d,2026-08-14T20:35:42+00:00,Vivo V15 Pro,https://www.whatamobile.com.pk/product/vivo-v15-pro/,Yes,false,"[""Topaz Blue"",""Glamour Red""]",Weight Unknown,[64500.0],whatamobile.com.pk/whatamobile__vivo-v15-pro.json,65ed7825200c2f20fc56be8cade256a68111d96c2459e003b2139e80656fa79e,0.83333
458de617a66c7a7af486218d757f66abe727ad431d8288b528aa409f28ccd5d8,2026-08-14T22:35:49+00:00,Vivo V15,https://www.whatamobile.com.pk/product/vivo-v15/,Yes,false,[],Weight Unknown,[39999.0],whatamobile.com.pk/whatamobile__vivo-v15.json,d5366d8b36e4644fbf8bee2ce15acde2cd03b6bbddfcbfba8695e545196acc3e,0.79167
a6f3ffd84df1ff9bb76061d6de969a82a27620ca7e63573b15b42be0692aa372,2026-08-14T22:02:39+00:00,Vivo V17 Neo,https://www.whatamobile.com.pk/product/vivo-v17-neo/,Yes,false,[],Weight Unknown,[45999.0],whatamobile.com.pk/whatamobile__vivo-v17-neo.json,ec2c9cebf8a6c9ebc557f3d19b9ca5c6688a5efc184c9094dd1efdb7061617ab,0.79167
4b93d35ae1e46ab2cba559546308560952783be1641f28003c628fdb5471b470,2026-08-14T22:42:40+00:00,Vivo V17 Pro,https://www.whatamobile.com.pk/product/vivo-v17-pro/,Yes,false,[],Weight Unknown,[66999.0],whatamobile.com.pk/whatamobile__vivo-v17-pro.json,9c56a0dac1eb2b1ea92b7c18e1fd0056b608f8e6ab59d709bfb20fdc21001f90,0.79167
f35680dac37fb9aef6f5e46864cc79fb9821df9c1addd4bfc63e5c2068937ee0,2026-08-14T22:56:44+00:00,Vivo V17,https://www.whatamobile.com.pk/product/vivo-v17/,Yes,false,[],Weight Unknown,[54999.0],whatamobile.com.pk/whatamobile__vivo-v17.json,818a3d67750fb6d6d3c850c3ad68501b482f3208367412b0381e7886ace0b717,0.79167
ba4c9e14c3c3bb7186e541a924a189f9b38cdf0396f8356a1623f715cb846fe3,2026-08-14T18:05:40+00:00,Vivo V19 Neo,https://www.whatamobile.com.pk/product/vivo-v19-neo/,Yes,false,[],Weight Unknown,[40000.0],whatamobile.com.pk/whatamobile__vivo-v19-neo.json,ff394e2422c4095178c30145d90fc0e73ce75f7ebe33201b1dc2265685f8ac33,0.79167
fe7a7a0bd5ccccb99ee1407e62db30c25704c035cf41ac28e7d1c352b621d5c2,2026-08-14T22:08:24+00:00,Vivo v19 Pro,https://www.whatamobile.com.pk/product/vivo-v19-pro/,Yes,false,[],Weight Unknown,[78999.0],whatamobile.com.pk/whatamobile__vivo-v19-pro.json,4bb13d738c16c80eb7e58a5e4c74c40c67b18368b3a7f35ad9abb035c0c68294,0.79167
53d92a1f2ed743991af2f6006947f4656bb99c371c2287570537a6db76907800,2026-08-14T20:53:55+00:00,Vivo V19,https://www.whatamobile.com.pk/product/vivo-v19/,Yes,false,[],Weight Unknown,[59999.0],whatamobile.com.pk/whatamobile__vivo-v19.json,1f984e92a507d0bccece15a9b9e7df33efe76114525678dcd20931eb3804ab4a,0.79167
13487c98bfebed717ff00187a607649c2abedc365d980f4513acc9259ac95d59,2026-08-14T21:30:40+00:00,Vivo V20 2021,https://www.whatamobile.com.pk/product/vivo-v20-2021/,Yes,false,[],Weight Unknown,[63999.0],whatamobile.com.pk/whatamobile__vivo-v20-2021.json,5d6d0a8b45090a4a991fd2b26ea87558e7fb972bdb998c4188cce4401549d94e,0.79167
a5e607027be0f23d9de7803b98d6d245463a095cfc9512e06417e82b7463bf2f,2026-08-14T19:44:11+00:00,Vivo V20 SE,https://www.whatamobile.com.pk/product/vivo-v20-se/,Yes,false,"[""Gravity Black | Oxygen Blue""]",Weight Unknown,[41999.0],whatamobile.com.pk/whatamobile__vivo-v20-se.json,eb23c60a9ea4915b120c869657ca0e69c728b584c6ebd11cfc75e4cce670cb76,0.87500
d4f01ea88f231526c1f3ad11753c57222e9a689f00d6c2db35fe227fa5a7abb4,2026-08-14T21:53:59+00:00,Vivo V20,https://www.whatamobile.com.pk/product/vivo-v20/,Yes,false,"[""Sunset Melody | Midnight Jazz | Moonlight Sonata""]",Weight Unknown,[54999.0],whatamobile.com.pk/whatamobile__vivo-v20.json,4bea36dccbdf19ce0cc107e001425861044badc16ffdf9061d99840548462393,0.87500
cf6fd5057a039d9d60e327a995986c2cbf11c4cfb7f8639a284a4bdf494e2315,2026-08-14T22:54:31+00:00,Vivo V21,https://www.whatamobile.com.pk/product/vivo-v21/,Yes,false,"[""Dusk Blue | Sunset Dazzle | Arctic White""]",Weight Unknown,[59999.0],whatamobile.com.pk/whatamobile__vivo-v21.json,8bc4fc7c55085ee6b1c50685e4af2ed1fca258acbcf20d16e186b3f3d03e9b55,0.87500
b45b157a321628b7a1acbae64f39afb7b3a098f0e11bd110cb3b458585dba6f4,2026-08-14T22:59:28+00:00,Vivo V21e,https://www.whatamobile.com.pk/product/vivo-v21e/,Yes,false,"[""Roman Black | Diamond Flare""]",Weight Unknown,[46999.0],whatamobile.com.pk/whatamobile__vivo-v21e.json,2e561f8d6279b80374474b8eab91ce0c9c081c30363c9197db4b81695c89a911,0.87500
c97509eedac165aab20ffdd5b0476ff3245b267d7ba8e63fdd45dd8ca6bbf1b7,2026-08-14T18:15:47+00:00,Vivo V21s,https://www.whatamobile.com.pk/product/vivo-v21s/,Yes,false,[],Weight Unknown,[83999.0],whatamobile.com.pk/whatamobile__vivo-v21s.json,62522e2470f73ecb92b2156f19ac809b1e6826c9fdc3d9bbca06ec0187f26474,0.79167
56116c6c9e686f9e0339a306e0d78f3081941a3c29bb64c264dd217f2287d104,2026-08-14T22:17:32+00:00,Vivo V23 5G,https://www.whatamobile.com.pk/product/vivo-v23-5g/,Yes,false,"[""Sunshine Gold | Stardust Black""]",Weight Unknown,[89999.0],whatamobile.com.pk/whatamobile__vivo-v23-5g.json,994927b11c5756f4d09f91ba9f9de5ee74a6d4870b95817b0d8fc34ca4cfef09,0.87500
f349d4569dfb457f24007fea19251796d9940cfccb2229dd58834afa7842c19b,2026-08-14T21:17:47+00:00,Vivo V23 Pro,https://www.whatamobile.com.pk/product/vivo-v23-pro/,Yes,false,[],Weight Unknown,[92999.0],whatamobile.com.pk/whatamobile__vivo-v23-pro.json,b74c4f00fb2da87edda04d5690c92bbbb8c4736dc70a3426863a7c9c0d1fbac0,0.79167
72d22190674299d982ffdf265da2c8b36762240874e09efbeffcebb72a2be6a6,2026-08-14T19:43:49+00:00,Vivo V23e 256GB,https://www.whatamobile.com.pk/product/vivo-v23e-256gb/,Yes,false,"[""Sunshine Coast | moonlight shadow""]",Weight Unknown,[59999.0],whatamobile.com.pk/whatamobile__vivo-v23e-256gb.json,0213ba2da1f6aaeba7b303c0894aad63fd913ab72eae4d525d1df00ff91c5a1a,0.87500
0db8c711cac2e9f946c127e4b10951739d9e729bc0940dea0dfbdd99954217b7,2026-08-14T20:55:08+00:00,Vivo V23e 5G,https://www.whatamobile.com.pk/product/vivo-v23e-5g/,Yes,false,[],Weight Unknown,[64999.0],whatamobile.com.pk/whatamobile__vivo-v23e-5g.json,bc6c18a7f1a12301b935cd5c0f7720eaa51fc6a4b4a9f46a52a05930d2c23d64,0.79167
61dd168fadce9ac2f1944fac24caa7c98430527a21a5bf086b4d4a6bc05d8637,2026-08-14T22:53:55+00:00,Vivo V23e,https://www.whatamobile.com.pk/product/vivo-v23e/,Yes,false,"[""Sunshine Coast | moonlight shadow""]",Weight Unknown,[52999.0],whatamobile.com.pk/whatamobile__vivo-v23e.json,2091d9a24afb64ed128bb43786a64c4f90d6708ca993c911612d4837307c9c30,0.87500
a0f89d5eb92641e40e5133e41e8c564710a942144114e56ab9bb52114ae226b0,2026-08-14T22:20:34+00:00,Vivo V25 5G,https://www.whatamobile.com.pk/product/vivo-v25-5g/,Yes,false,"[""Aquamarine Blue | Diamond Black""]",Weight Unknown,[139999.0],whatamobile.com.pk/whatamobile__vivo-v25-5g.json,ac7e672bdb0154e43c110dba9b8809ffe8bc2c7460e1959d52ed9a0b7c27bf1d,0.87500
9baaa45b910c772e0c097fd7683da3b3a668636a79ef523b16cc771090716090,2026-08-14T20:19:15+00:00,Vivo V25 Pro,https://www.whatamobile.com.pk/product/vivo-v25-pro/,Yes,false,[],Weight Unknown,[109999.0],whatamobile.com.pk/whatamobile__vivo-v25-pro.json,1725e788965282fb6f3edd27b17bb5cc3a4e69fa9a7d7c4eb8fa310c8a542bc8,0.79167
da52f7e80e27aa1d1fd7780a95954faf56d2148b9491e4497fc8f31aa9b79615,2026-08-14T17:51:33+00:00,Vivo V25e,https://www.whatamobile.com.pk/product/vivo-v25e/,Yes,false,"[""Sunrise Gold | Diamond Black""]",Weight Unknown,[99999.0],whatamobile.com.pk/whatamobile__vivo-v25e.json,a4f8b4ddf2fc62818014210c68152a254d08e5aee54abeff3b0f6ccd976ce8ab,0.87500
4c346329ab1eaed31e3e9b7ba68f2420623183c10d418192a133c451c43dd48f,2026-08-14T20:36:02+00:00,Vivo V27e,https://www.whatamobile.com.pk/product/vivo-v27e/,Yes,false,"[""Glory Black | Lavender Purple | Lively Green""]",Weight Unknown,[87999.0],whatamobile.com.pk/whatamobile__vivo-v27e.json,e262761f6485da40c95357aa9c9243f7953804e95e044e4ddb1855d7bfb2d764,0.87500
7425391c71a7a7f7ce9722e5cfe407b260d16aecc965dbd54a64f47811c2e9a1,2026-08-14T17:57:07+00:00,Vivo V29,https://www.whatamobile.com.pk/product/vivo-v29/,Yes,false,"[""Noble Black | Peak Blue""]",Weight Unknown,[159999.0],whatamobile.com.pk/whatamobile__vivo-v29.json,b137263440e187d6a7d61ff37b39f30aa80d3105f1fe2ded4bf6db09643ea1f7,0.87500
da82535d8e78cea9638bfeefe15fa29d59db9e50dfec1b0b90562aa207574f7d,2026-08-14T20:45:00+00:00,Vivo V29e 5G,https://www.whatamobile.com.pk/product/vivo-v29e-5g/,Yes,false,"[""Forest Black | Rose Gold""]",Weight Unknown,[99999.0],whatamobile.com.pk/whatamobile__vivo-v29e-5g.json,a4881d8dd0e3f5eb76e5a3d7a4a81ad7d67bd439cc65c4fd7008b3000dc7ec72,0.87500
5640cc6890514d7e82a5815ff12967a2ab9c5a5a8c1d4d79ab1303cc426610d8,2026-08-14T20:52:41+00:00,vivo V30,https://www.whatamobile.com.pk/product/vivo-v30-2/,Yes,false,[],Weight Unknown,[125199.0],whatamobile.com.pk/whatamobile__vivo-v30-2.json,386434f85715654818a33268abba25b4496b177662faeb99baa9b298b0d6d4a1,0.83333
c2239e99b9799ccb923471a0ac6c223e77bb44a27710b6b68a9a7caf7e5ffecf,2026-08-14T21:38:38+00:00,vivo V30 Lite 4G,https://www.whatamobile.com.pk/product/vivo-v30-lite-4g/,Yes,false,[],Weight Unknown,[118999.0],whatamobile.com.pk/whatamobile__vivo-v30-lite-4g.json,2da30c99ae616d36bf13d0599abed72ce7d1a4d69643269be2579220b0f13142,0.83333
a60456081e8efb9ec5f7cc6d3a4b570eb0667209c75eaa69d77a878bcdca3cda,2026-08-14T22:32:26+00:00,Vivo V30,https://www.whatamobile.com.pk/product/vivo-v30/,Yes,false,[],Weight Unknown,[110500.0],whatamobile.com.pk/whatamobile__vivo-v30.json,86c3e7dd6d56c41fd0f477c8e2fb957ea27ec0f840d608061829effac3cdc21e,0.83333
cf356e73d3986dc74601c27807686fc54a242af884a51af6f2dbdaec9d6bc856,2026-08-14T20:44:00+00:00,Vivo V30e,https://www.whatamobile.com.pk/product/vivo-v30e/,Yes,false,[],Weight Unknown,[89999.0],whatamobile.com.pk/whatamobile__vivo-v30e.json,7ed0d79dd5919ccc493b6205ab868c038577c3b5a8e590311b85c9ac44a2e904,0.79167
f4dd62f03f4b1ab70a568915812306d1dc85586b60e3d54790656905c595bc4b,2026-08-14T19:59:22+00:00,"Vivo V60 (12GB, 256GB, Desert Gold)",https://www.whatamobile.com.pk/product/vivo-v60-12gb-256gb-desert-gold/,Stereo Speakerphone,false,"[""Desert Gold"",""Mist Gray""]",Weight Unknown,[133990.0],whatamobile.com.pk/whatamobile__vivo-v60-12gb-256gb-desert-gold.json,4488b77f74bad0ec7d67035bfcf475fcb0df283b2ee8418773758f84c25276b6,0.87500
bcf0027b82ae831effad9549f979e52ff6381eb6322bc67b980f52d400bb9e39,2026-08-14T19:59:11+00:00,"Vivo V60 (12GB, 256GB, Mist Gray)",https://www.whatamobile.com.pk/product/vivo-v60-12gb-256gb-mist-gray/,Stereo Speakerphone,false,"[""Desert Gold"",""Mist Gray""]",Weight Unknown,[133990.0],whatamobile.com.pk/whatamobile__vivo-v60-12gb-256gb-mist-gray.json,6b9d73a6b239fcaa07e3b2942b4d1e5e646e50d672db0f3df519a7e495821b2c,0.87500
3cbc3f87a9534bb9d58226357296ad93503829dbae6b343bdbb4e1ef5a817fee,2026-08-14T19:58:49+00:00,"Vivo V60 (12GB, 512GB, Desert Gold)",https://www.whatamobile.com.pk/product/vivo-v60-12gb-512gb-desert-gold/,Stereo Speakerphone,false,"[""Desert Gold"",""Mist Gray""]",Weight Unknown,[143990.0],whatamobile.com.pk/whatamobile__vivo-v60-12gb-512gb-desert-gold.json,a16314d5fac496a4be09858bbad48fcb47e83cb0b23daba807f0baaa559d430c,0.87500
3e5fee3707f4cd8d47b2be6207373d7b262a3eaa4405156500f18c8092703f1d,2026-08-14T19:59:00+00:00,"Vivo V60 (12GB, 512GB, Mist Gray)",https://www.whatamobile.com.pk/product/vivo-v60-12gb-512gb-mist-gray/,Stereo Speakerphone,false,"[""Desert Gold"",""Mist Gray""]",Weight Unknown,[143990.0],whatamobile.com.pk/whatamobile__vivo-v60-12gb-512gb-mist-gray.json,c248d5f2018fe68b25103be09402cad8af3db857866b9d6ddece60c2e0adb79a,0.87500
23d2ea0f483b4c3f6907b7a4a38d93b350c601743564b8acf84bbfa1dfbd2fb9,2026-08-14T19:54:43+00:00,"Vivo V60 Lite (12GB, 256GB, Elegant Black)",https://www.whatamobile.com.pk/product/vivo-v60-lite-12gb-256gb-elegant-black/,Speaker: Yes,false,[],Weight Unknown,[87190.0],whatamobile.com.pk/whatamobile__vivo-v60-lite-12gb-256gb-elegant-black.json,f502771a85a4d924e9100dde99d9acf042699fea0155284f59bc475ff30cc8a9,0.83333
2bf67fa265a5d8942035009107a193c710d18827bcdd024d4ac7a3570070526c,2026-08-14T19:54:52+00:00,"Vivo V60 Lite (12GB, 256GB, Titanium Blue)",https://www.whatamobile.com.pk/product/vivo-v60-lite-12gb-256gb-titanium-blue/,Speaker: Yes,false,[],Weight Unknown,[87190.0],whatamobile.com.pk/whatamobile__vivo-v60-lite-12gb-256gb-titanium-blue.json,7d49ac772ff2e1e1855ba562a5576fa8a1cae1875e017033f916ca993a7e4f32,0.83333
0175bd380811d4225c3845b9ade70895db7458c394d98f8f3d496c7df5999e6b,2026-08-14T22:06:19+00:00,Vivo V7 Plus,https://www.whatamobile.com.pk/product/vivo-v7-plus/,Yes,false,[],Weight Unknown,[35999.0],whatamobile.com.pk/whatamobile__vivo-v7-plus.json,1ae69f9b535ee23ae2ebe156b2f9d22ac25f23a48a6b86168e34d7252acd1097,0.79167
8d9fbdb8e4b3a1ad4c3ebcaf02a436b6fd004ca6584fbea8592d27b8d213dd1e,2026-08-14T21:12:28+00:00,Vivo V9 Youth,https://www.whatamobile.com.pk/product/vivo-v9-youth/,Yes,false,"[""Black"",""Gold""]",Weight Unknown,[27999.0],whatamobile.com.pk/whatamobile__vivo-v9-youth.json,cc26b5a2a2de0f9a6cc0dae238c34e116b347ab3a36da7a859b9e3163d4f5d20,0.83333
390b772a8bb6d1eb41db4c2c19c8bcefd9b73f43c40485371c591c70808b80a0,2026-08-14T22:29:39+00:00,Vivo V9,https://www.whatamobile.com.pk/product/vivo-v9/,Yes,false,"[""Gold"",""Pearl Black"",""Sapphire Blue""]",Weight Unknown,[29999.0],whatamobile.com.pk/whatamobile__vivo-v9.json,db3128af4a6a6a6f121aaf9a1db8ed6cb330b6a67906de7fc5f725e3477146dd,0.83333
fe192dc76e3d4bec329d9edd5d223376eff96135b8fa4b8410b53bc96fd0d233,2026-08-14T18:06:34+00:00,Vivo X play 7,https://www.whatamobile.com.pk/product/vivo-x-play-7/,Yes,false,[],Weight Unknown,[45000.0],whatamobile.com.pk/whatamobile__vivo-x-play-7.json,34c6675771375a6d1306480c23effa165c2e15721aeb23b3c0cd680253f60cb9,0.79167
f16f0d8600b836ebf90a6b85cd6034f9f078cafa8ce5fab488c80fce94e02d86,2026-08-14T22:34:43+00:00,Vivo X20 Plus UD,https://www.whatamobile.com.pk/product/vivo-x20-plus-ud/,Yes,false,[],Weight Unknown,[83500.0],whatamobile.com.pk/whatamobile__vivo-x20-plus-ud.json,cbf452fd3820c7f456373c4f5b5db39bf22e2ea9f6c8f150584bf2c35d9d7a9e,0.79167
b399f943b6917696a6f4a7cf107cb18bd3726786c0d632aff6fcae1a187f8b5c,2026-08-14T21:41:27+00:00,Vivo X21 UD,https://www.whatamobile.com.pk/product/vivo-x21-ud/,Yes,false,[],Weight Unknown,[83500.0],whatamobile.com.pk/whatamobile__vivo-x21-ud.json,537d194ef10ecf2fa72bff60661009720c1ac33c6a2cbe8a4e0e547b8a312a7a,0.79167
cff8b02a28d30ac7af74556d49c6548cb221eb3d3764eafe41befbca68e2e370,2026-08-14T18:12:09+00:00,Vivo X21,https://www.whatamobile.com.pk/product/vivo-x21/,Yes,false,[],Weight Unknown,[68300.0],whatamobile.com.pk/whatamobile__vivo-x21.json,6a086e3be80edd12758ed813693de1bafbcbd7f16fe2333a544a279d4fe2db8f,0.79167
ee9ee8e71c7a19279f3ca13483176648499054cc8c9e3587333b9655d53f361b,2026-08-14T18:11:58+00:00,Vivo X21i,https://www.whatamobile.com.pk/product/vivo-x21i/,Yes,false,[],Weight Unknown,[65300.0],whatamobile.com.pk/whatamobile__vivo-x21i.json,c64402f99ded0c5db52190802379f5a2a5ffd2c0f9467c14b2c05524466f91c5,0.79167
28bdab8e87173facde567349c5a578ffe2ff775500cee369b580dd85c73e4b7a,2026-08-14T18:08:56+00:00,Vivo X21S,https://www.whatamobile.com.pk/product/vivo-x21s/,Yes,false,[],Weight Unknown,[54500.0],whatamobile.com.pk/whatamobile__vivo-x21s.json,bc41e846672f02d5ac74ff9a0c6d7a1694dcb25f6a78a825061d5394e64b3644,0.79167
87a36821ae67c8788c363290a4d321e496bcb0985818ae923ae96bfc17eb494e,2026-08-14T21:13:17+00:00,Vivo X23,https://www.whatamobile.com.pk/product/vivo-x23/,Yes,false,[],Weight Unknown,[75900.0],whatamobile.com.pk/whatamobile__vivo-x23.json,d02422ab0d55a65bc39a726054d0f3a3a7c7aa1e74d5befc15287459e1f3ea0a,0.79167
0c86f2c71479f3188056fbc638d4735a1958b4bb325b9eb0a9ff32e182db12f6,2026-08-14T18:07:38+00:00,Vivo X27 Pro,https://www.whatamobile.com.pk/product/vivo-x27-pro/,Yes,false,[],Weight Unknown,[48000.0],whatamobile.com.pk/whatamobile__vivo-x27-pro.json,e549dd64ab80aacc64cb98e4a403bfdd2e4dc6f221878c8fd2de93b12373f020,0.79167
11a24ff17270d40b6285ef9c782d40da1ee874dad17c4504c1393cd1e187c1f5,2026-08-14T18:14:40+00:00,Vivo X27,https://www.whatamobile.com.pk/product/vivo-x27/,Yes,false,[],Weight Unknown,[74999.0],whatamobile.com.pk/whatamobile__vivo-x27.json,0cb5f201066840dcb971c9a0d51e2a3251b04c61e23316d55208ac1de0333508,0.79167
dad97cd7e910893c744b338d1455b80574e08cf4f7ce71253c2ef1c2881cf2e2,2026-08-14T20:35:12+00:00,Vivo X30 Pro,https://www.whatamobile.com.pk/product/vivo-x30-pro/,Yes,false,[],Weight Unknown,[92999.0],whatamobile.com.pk/whatamobile__vivo-x30-pro.json,ff74a19f6ba1b2ac9aad9d240b74b974f9cf561e6faa4ba70f1f76061f5da9dc,0.79167
59aafbcb369685ec3b758535360018c72a8a69fd7e4395f4b2fdace45bf46b41,2026-08-14T20:45:11+00:00,Vivo X30,https://www.whatamobile.com.pk/product/vivo-x30/,Yes,false,[],Weight Unknown,[77999.0],whatamobile.com.pk/whatamobile__vivo-x30.json,de2b7d6c08305b2d6b9932f0ecc0bb0070a6ace5aab1c7f45530745fc77805d7,0.79167
cc0ebb3e022d8f866754ec029b8161e1db04a2a05ea88eeffd00c0303275fb6b,2026-08-14T18:08:33+00:00,Vivo X50 Lite,https://www.whatamobile.com.pk/product/vivo-x50-lite/,Yes,false,[],Weight Unknown,[50000.0],whatamobile.com.pk/whatamobile__vivo-x50-lite.json,c3fea11ac01d1962142786c7b3f8f84f2c1c2b8186830a0a5878caba15cc0497,0.79167
c41a72343e698ff4d0802eb34d28612c30c1faa0890f40463c35606ed32da940,2026-08-14T22:18:10+00:00,Vivo X50 Pro Plus,https://www.whatamobile.com.pk/product/vivo-x50-pro-plus/,Yes,false,[],Weight Unknown,[118999.0],whatamobile.com.pk/whatamobile__vivo-x50-pro-plus.json,01ed56471ad794ad8e67e97faf9097a0e0b74cfb7267a4ac78bef76889dbc941,0.79167
b4219a16c22eced8d2c12703b01527ef0248446dffaafeaac64e91b9a466985c,2026-08-14T21:40:45+00:00,Vivo X60 Pro,https://www.whatamobile.com.pk/product/vivo-x60-pro/,Yes,false,"[""Black | Blue""]",Weight Unknown,[129999.0],whatamobile.com.pk/whatamobile__vivo-x60-pro.json,421930102c1ffa15b30ba6f02a5048ef00a49da8e0091b004ff88b8ea9ebd60d,0.87500
35893199a988800178cbc07d6f9c4486d0b904e5c9e23d6cc75b3dbe20a26fc6,2026-08-14T18:23:55+00:00,Vivo X60t Pro+,https://www.whatamobile.com.pk/product/vivo-x60t-pro/,Yes,false,[],Weight Unknown,[138999.0],whatamobile.com.pk/whatamobile__vivo-x60t-pro.json,b2fc19c66afcc0477aeb48bcc42f464bcb7a0df46cf140a840cb3a8ff398e29a,0.79167
242c009208111dda668680cb4791216fdb347a7116e813b3f429c11204703fc5,2026-08-14T20:21:46+00:00,Vivo X70 Pro Plus,https://www.whatamobile.com.pk/product/vivo-x70-pro-plus/,Yes,false,[],Weight Unknown,[157999.0],whatamobile.com.pk/whatamobile__vivo-x70-pro-plus.json,b62ee76d32969b0579a84255df7d35025bbcf28a808256d5a0979f80a90c2af5,0.79167
1bdae6d68353a4901e929d0bebc50de77475549e13692f92339c074c2f3ac342,2026-08-14T22:58:17+00:00,Vivo X70 Pro,https://www.whatamobile.com.pk/product/vivo-x70-pro/,Yes,false,"[""Cosmic Black | Aurora Dawn""]",Weight Unknown,[139999.0],whatamobile.com.pk/whatamobile__vivo-x70-pro.json,5439a4ebdd374d73b14dcbc230582dd4494df857b1af08852e15e38209a0dbfd,0.87500
04ea77cfb1f3ad77d6978c6f7680a57772c68a2a394c2a1a54e6de6851a04e7f,2026-08-14T22:20:25+00:00,Vivo X70,https://www.whatamobile.com.pk/product/vivo-x70/,Yes,false,[],Weight Unknown,[109999.0],whatamobile.com.pk/whatamobile__vivo-x70.json,7c645387a6986bf75528105293429ff6b3d143d534c9fc2ac680abf36e501c5d,0.79167
9c471594e16249164177c5f62bf2be3e43c50d54a8c270afea58d93ee79014ec,2026-08-14T20:27:54+00:00,Vivo X80 Lite,https://www.whatamobile.com.pk/product/vivo-x80-lite/,Yes,false,[],Weight Unknown,[119999.0],whatamobile.com.pk/whatamobile__vivo-x80-lite.json,292a9d45f114dfc07e348feee01e58bc4dcfba389e4a74fe961eb166bc41b912,0.79167
95ecca8d51c062b40c58b987c563355a134ee308776238618c5f5aa9db547c5a,2026-08-14T21:42:55+00:00,Vivo X80 Pro Plus,https://www.whatamobile.com.pk/product/vivo-x80-pro-plus/,Yes,false,[],Weight Unknown,[178999.0],whatamobile.com.pk/whatamobile__vivo-x80-pro-plus.json,e830d16ac68fafc97a775e2901e0b492d4e9efbdc6c719e5a0acb5a28838ddbe,0.79167
90e4aeab0d62335634f74cdd4ada5042765cc8f37714fafad187df193814ab89,2026-08-14T22:47:44+00:00,Vivo X80 Pro,https://www.whatamobile.com.pk/product/vivo-x80-pro/,Yes,false,[],Weight Unknown,[178999.0],whatamobile.com.pk/whatamobile__vivo-x80-pro.json,ce81cf288cc8ea09ef81298daa2abedd7f016cfaf95cf241875cb749ebf56067,0.79167
3939114b57e3c31819a56a9cb07315f72a44be0799e7c275d43779f3932b1666,2026-08-14T21:15:29+00:00,Vivo X80,https://www.whatamobile.com.pk/product/vivo-x80/,Yes,false,"[""Urban Blue | Cosmic Black""]",Weight Unknown,[159999.0],whatamobile.com.pk/whatamobile__vivo-x80.json,e9fb43a2535bf470694da593482f9439aaec47a3cec05d576965436da4adcf06,0.87500
1a688f588603b9d893d2fe457b496e6e79f95181ba92bfcb1450e10f4426dedd,2026-08-14T21:44:53+00:00,Vivo Y01,https://www.whatamobile.com.pk/product/vivo-y01/,Yes,false,"[""Sapphire Blue | Elegant Black""]",Weight Unknown,[19999.0],whatamobile.com.pk/whatamobile__vivo-y01.json,085fcf9060ac27b52342861e07e7c3a3d3fa7303044dbea9d34ed378afe6eb4c,0.87500
78716f95e7cf4b95cb0c06ba405a90c6c966e80e6535e21217f27da5a2bb5b8a,2026-08-14T21:26:03+00:00,Vivo Y02,https://www.whatamobile.com.pk/product/vivo-y02/,Yes,false,"[""Cosmic Grey | Orchid Blue""]",Weight Unknown,[27999.0],whatamobile.com.pk/whatamobile__vivo-y02.json,d5a7f39c6643965fd7819de84c2b03906219b0642132af177e51650a74fc69cc,0.87500
5660dc6975f9f3c6ce234d16d9b32a672f37029f74bd4c7a694ce7225ee6c95d,2026-08-14T21:15:10+00:00,Vivo Y02s,https://www.whatamobile.com.pk/product/vivo-y02s/,Yes,false,"[""Vibrant Blue | Fluorite Black""]",Weight Unknown,[39999.0],whatamobile.com.pk/whatamobile__vivo-y02s.json,55db221ff8f59f3b75a203963f1922cd7ecf084acea3b65acc06b2f0ba465c18,0.87500
0d63404532b1149860605e65642469d9aed833dfcd55cfead102c4b0c9336271,2026-08-14T22:51:10+00:00,Vivo Y02t 128GB,https://www.whatamobile.com.pk/product/vivo-y02t-128gb/,Yes,false,"[""Orchid Blue | Cosmic Grey | Sunset Gold""]",Weight Unknown,[31999.0],whatamobile.com.pk/whatamobile__vivo-y02t-128gb.json,dde124b483368791de618d451d5de775a87c302555be8e8cf3b5c85bc374fcd0,0.87500
cbc60805da27b2c4d31fc1933a016a15d7cc63fb4f15a98e43acee201b760e89,2026-08-14T22:48:59+00:00,vivo Y03,https://www.whatamobile.com.pk/product/vivo-y03/,Yes,false,[],Weight Unknown,[22999.0],whatamobile.com.pk/whatamobile__vivo-y03.json,1e95d2c0bc34ab08d441fd8b4cbe1107d3abd32c17a145ffdd169a5d8cb84ccb,0.83333
7e8787b412dad5e3dde283652da9bf2b931c1a62b549ad13e374688b5350275e,2026-08-14T20:22:26+00:00,Vivo Y03t,https://www.whatamobile.com.pk/product/vivo-y03t/,Yes,false,[],Weight Unknown,[27999.0],whatamobile.com.pk/whatamobile__vivo-y03t.json,a8fb11b8c2db5a2189b22405014138d1965ce311c5b616830a902d32114d3399,0.79167
15a50a18c5b9e13f45158d6722ef9108c6d1ce4c8e97faaffa4540bf111e684c,2026-08-14T19:52:37+00:00,"Vivo Y04 (6GB, 128GB, Jade Green)",https://www.whatamobile.com.pk/product/vivo-y04-6gb-128gb-jade-green/,,false,"[""jade Green"",""Titanium Gold""]",Weight Unknown,[37590.0],whatamobile.com.pk/whatamobile__vivo-y04-6gb-128gb-jade-green.json,a89848be42efe602107ec756cefafc9aa4226356a3628c901b8eaeb7e754e9a0,0.79167
f7d0e60ab710f2f148c78f99ef5501b33bc0815866c7e053268a9c642d012a6e,2026-08-14T19:52:25+00:00,"Vivo Y04 (6GB, 128GB, Titanium Gold)",https://www.whatamobile.com.pk/product/vivo-y04-6gb-128gb-titanium-gold/,,false,"[""Jade Green"",""Titanium Gold""]",Weight Unknown,[37590.0],whatamobile.com.pk/whatamobile__vivo-y04-6gb-128gb-titanium-gold.json,f1b4673df73f616b99c04ee89e1e29e63f99a1815a9efc502d74f120dc4d57ee,0.83333
26f241a67cc1c52d6f6584f24f18b473f33cb657e6469bad624bee2ae152fd00,2026-08-14T20:38:36+00:00,Vivo Y100,https://www.whatamobile.com.pk/product/vivo-y100/,N/A,false,[],Weight Unknown,[50999.0],whatamobile.com.pk/whatamobile__vivo-y100.json,5b7d5183c896976bafce1359d8781c4a337b4941aa9328fcf4a419050caf9d2e,0.83333
7cbd6ede06bf22526763b596d1b9a71b492d285ac81ada2c3d78acf899878686,2026-08-14T21:02:51+00:00,Vivo Y12A,https://www.whatamobile.com.pk/product/vivo-y12a/,Yes,false,"[""Phantom Black | Glacier Blue""]",Weight Unknown,[22499.0],whatamobile.com.pk/whatamobile__vivo-y12a.json,1fd39fef7ce80130fd4fc977831ff293fb97fac6aa07800f369f411794cffbb1,0.87500
60e8c30ccf9632981140e48c9050bb14b0bd5748114623fd1e6eec5a6c022844,2026-08-14T19:44:29+00:00,Vivo Y12s,https://www.whatamobile.com.pk/product/vivo-y12s/,Yes,false,"[""Glacier Blue | Phantom Black""]",Weight Unknown,[22499.0],whatamobile.com.pk/whatamobile__vivo-y12s.json,85cf792e2b1a2fac30de72d8cf46a7b2bd68666e958334338276442112d8654f,0.87500
c039b695d047dccbc1b49cedb0efc3059a432d3652606d1c118a6c15514d97cf,2026-08-14T21:35:10+00:00,Vivo Y15C,https://www.whatamobile.com.pk/product/vivo-y15c/,Yes,false,"[""Wave Green | Mystic Blue""]",Weight Unknown,[39999.0],whatamobile.com.pk/whatamobile__vivo-y15c.json,5db2482129947863f5c0cd59377017987be0512f78fc9731768822b3b9ebc697,0.87500
51dcdf12c89a7b7d0b73afd164bb114db5b1b88ecc8f9cb265a1c06dfebd4a72,2026-08-14T20:18:56+00:00,Vivo Y15s,https://www.whatamobile.com.pk/product/vivo-y15s/,Yes,false,"[""Mystic Blue | Wave Green""]",Weight Unknown,[23999.0],whatamobile.com.pk/whatamobile__vivo-y15s.json,bf8eae609f222192d34f47d17398237d36f17c99d3c40d01f3fa3746fe76c7cb,0.75000
edb5552282d9dc0ebb35e5055f41b276a091140a9f11dca4dbb4578d1a7fe310,2026-08-14T21:05:16+00:00,Vivo Y16,https://www.whatamobile.com.pk/product/vivo-y16/,Yes,false,"[""Drizzling Gold | Stellar Black""]",Weight Unknown,[57999.0],whatamobile.com.pk/whatamobile__vivo-y16.json,8bfcea982ab3707d4d55f1817e5a8fcacd8e349c003de5c7d6a684fa3f4cf4c1,0.87500
046ff54b49d8878cc8b75c2f8d0a8b29b86bb5734bea6bba4d753a8504002f18,2026-08-14T20:57:09+00:00,Vivo Y17s,https://www.whatamobile.com.pk/product/vivo-y17s/,Yes,false,"[""Glitter Purple | Forest Green""]",Weight Unknown,[36999.0],whatamobile.com.pk/whatamobile__vivo-y17s.json,75d79044a76d1b29c2e6a104be91158e70682fcc3b3f1530c3f9713720c7d564,0.87500
59569e68c27a8e72c443db6806985e650374c44f284deb86f2d4a3ecf80fb37b,2026-08-14T22:08:35+00:00,Vivo Y18,https://www.whatamobile.com.pk/product/vivo-y18/,Yes,false,[],Weight Unknown,[29999.0],whatamobile.com.pk/whatamobile__vivo-y18.json,62ea5f41b857b7d85b67fd6f86252ecbbed608089e160f3066d10ac89520348e,0.83333
259e2c454ac2b8e873491b600f185d849953917d73904b3d1bb855f4cf29fa55,2026-08-14T22:46:53+00:00,Vivo Y19,https://www.whatamobile.com.pk/product/vivo-y19/,Yes,false,[],Weight Unknown,[29999.0],whatamobile.com.pk/whatamobile__vivo-y19.json,8951da995914bcf52e68fb78b993d81f477c7d00270f84dd391f7eb6547e6ffd,0.79167
95335b345561c9ab3f909fb0144b7da100f7edcfe9cdfdbd41e8019232adfacb,2026-08-14T19:44:00+00:00,Vivo Y1s,https://www.whatamobile.com.pk/product/vivo-y1s/,Yes,false,"[""Aurora Blue | Olive Black""]",Weight Unknown,[18999.0],whatamobile.com.pk/whatamobile__vivo-y1s.json,e603a21c4c343d86ed498c46fe511b4d1dc02a48dd126c1614fca4b90d6fac6d,0.87500
aa17350d4a7e9f63ce4eba3af16c0db5c4632b780b9ae0fef243296c13d799ee,2026-08-14T22:55:38+00:00,Vivo Y20,https://www.whatamobile.com.pk/product/vivo-y20/,Yes,false,"[""Obsidian Black | Dawn White""]",Weight Unknown,[26999.0],whatamobile.com.pk/whatamobile__vivo-y20.json,b58aab411434b1e5a71bfcc89946386949589285b7f9ee6a32a800fd216af89b,0.87500
ad3004577e49088e0e31d99525ecd5eb2c7b5f88cfc2c902be964675d5bfda3b,2026-08-14T21:21:21+00:00,Vivo Y20i,https://www.whatamobile.com.pk/product/vivo-y20i/,Yes,false,[],Weight Unknown,[26999.0],whatamobile.com.pk/whatamobile__vivo-y20i.json,37ef199b6d94e6f7a19005518caca783ad3362dec6c442a570e5d763b29a0f64,0.79167
d8ee6f782f66b334afdbd764d51697f8825e642e631a3c81a9b433bf1adb6c8c,2026-08-14T19:44:19+00:00,Vivo Y20s G,https://www.whatamobile.com.pk/product/vivo-y20s-g/,Yes,false,"[""Purist Blue | Obsidian Black""]",Weight Unknown,[33999.0],whatamobile.com.pk/whatamobile__vivo-y20s-g.json,34e23791d0b8fc056f4200a1e0be89ab9b05508bf82360740c604b018dd220de,0.87500
18fd4e056b8ac38252bda43943ed3e348b414f4ee27275ccac72ccb6f4097178,2026-08-14T22:18:20+00:00,Vivo Y20s,https://www.whatamobile.com.pk/product/vivo-y20s/,Yes,false,"[""Obsidian Black | Purist Blue""]",Weight Unknown,[30999.0],whatamobile.com.pk/whatamobile__vivo-y20s.json,eea8a197bdc3b23799415d82a4507d55b5b4cc56b668f4cd256eddb904d834ee,0.87500
cecc2330d99283da486f689577fc56ca98dc54ab5fd0681eb3b3361298caa24b,2026-08-14T18:07:04+00:00,Vivo Y20T,https://www.whatamobile.com.pk/product/vivo-y20t/,Yes,false,[],Weight Unknown,[45999.0],whatamobile.com.pk/whatamobile__vivo-y20t.json,8d65e94e4bfd1dda64e0b7d51fcc82ea04fa7f3de00691925fa2157473555fbe,0.79167
3c0498470cb7d1e08ee844272d56899c1db8cdc43639ac4675b36bec464f34cf,2026-08-14T18:07:14+00:00,Vivo Y21 2020,https://www.whatamobile.com.pk/product/vivo-y21-2020/,Yes,false,[],Weight Unknown,[46999.0],whatamobile.com.pk/whatamobile__vivo-y21-2020.json,5bfd99ca4064f3ff35d68cb75728f8d08214aa5e0c57ad6d55cf17d5f0455a8a,0.79167
e864c3e24888154b3cbd45e4de318521b9ac985bdd6b4ebad20f6218ef6e652f,2026-08-14T22:54:22+00:00,Vivo Y21,https://www.whatamobile.com.pk/product/vivo-y21/,Yes,false,"[""Diamond Glow | Midnight Blue""]",Weight Unknown,[30999.0],whatamobile.com.pk/whatamobile__vivo-y21.json,57730bfb127ad085c8ee746ef195340487ccaecdf3831e2ca21b272cb1bf2e74,0.83333
afbd51676eaaee4d4f593345cb84d38695251b48084febb7135520755d87d7ea,2026-08-14T22:11:23+00:00,Vivo Y21a,https://www.whatamobile.com.pk/product/vivo-y21a/,Yes,false,[],Weight Unknown,[29999.0],whatamobile.com.pk/whatamobile__vivo-y21a.json,365c2e21704039b1bc605c77d5ed4aebb75ce7809617305d732d62b43a69828f,0.79167
3f1492f043ff960c160e4498119c678a93fbcde2b59f2ba9e1071ca44c0d67fa,2026-08-14T19:58:38+00:00,"Vivo Y21d (6GB, 128GB, Coral Red)",https://www.whatamobile.com.pk/product/vivo-y21d-6gb-128gb-coral-red/,,false,"[""Coral Red"",""Jade Green""]",Weight Unknown,[45590.0],whatamobile.com.pk/whatamobile__vivo-y21d-6gb-128gb-coral-red.json,d8fdeb3716d61adc072b51685197fd72cf1d75457b4c1456e6ea1236d55a10d3,0.87500
22df00de799b3e1c25781215d97c1e7ca63cada4f1ac7a3c5009205b572e1152,2026-08-14T19:58:26+00:00,"Vivo Y21d (6GB, 128GB, Jade Green)",https://www.whatamobile.com.pk/product/vivo-y21d-6gb-128gb-jade-green/,,false,"[""Coral Red"",""Jade Green""]",Weight Unknown,[45590.0],whatamobile.com.pk/whatamobile__vivo-y21d-6gb-128gb-jade-green.json,2d12189ad15c07da92f48a85fca6a02b8779d1af7f5e5288e8ae62338181a0c4,0.87500
e3e79a1073b240abc257c36faadade50d1d93df23ee7a427b114b20f8766066e,2026-08-14T19:52:46+00:00,"Vivo Y21d (8GB, 128GB, Coral Red)",https://www.whatamobile.com.pk/product/vivo-y21d-8gb-128gb-coral-red/,,false,"[""Coral Red"",""Jade Green""]",Weight Unknown,[51790.0],whatamobile.com.pk/whatamobile__vivo-y21d-8gb-128gb-coral-red.json,83a150b57097834a7c65e1bcf3a8a4399a9be30af6c0c852194ad28d97c6938f,0.87500
8b65faab03769755fcfaac98310817d6191e56ca80ef44fa45a8dca15b5848e3,2026-08-14T19:53:06+00:00,"Vivo Y21d (8GB, 128GB, Jade Green)",https://www.whatamobile.com.pk/product/vivo-y21d-8gb-128gb-jade-green/,,false,"[""Coral Red"",""Jade Green""]",Weight Unknown,[51790.0],whatamobile.com.pk/whatamobile__vivo-y21d-8gb-128gb-jade-green.json,1f1483e3cda82a61aba47d1aa0d7d1528d5fbe5b9a82c57c23e0b6a2eddfc4f7,0.87500
5d9be3da066f5f3a2187a4a8f8887c27315997f4ab4b47e0296f5b7135c26cff,2026-08-14T22:27:20+00:00,Vivo Y21e,https://www.whatamobile.com.pk/product/vivo-y21e/,Yes,false,[],Weight Unknown,[36999.0],whatamobile.com.pk/whatamobile__vivo-y21e.json,f0ad27fd130fd6e9e60b926cf3001d8de13544d3b081e02537d5f0d02a4162dc,0.79167
a9d6ce47d68f70a5072e9976b28980d3cc89e14a9a02aa370ad69b0edfcc1a15,2026-08-14T21:15:39+00:00,Vivo Y21G,https://www.whatamobile.com.pk/product/vivo-y21g/,Yes,false,[],Weight Unknown,[34999.0],whatamobile.com.pk/whatamobile__vivo-y21g.json,9f297dfbd6b9a02b2d0cfb1f4ae9a0361f21b2b5b98d61bc9fbfd12a5e0e1148,0.79167
aed6b854db44a369913d03d88fcc69b25efb03b30e764d71edaee1f812718dc8,2026-08-14T19:45:10+00:00,Vivo Y21t,https://www.whatamobile.com.pk/product/vivo-y21t/,Yes,false,"[""Midnight Blue | Pearl White""]",Weight Unknown,[34999.0],whatamobile.com.pk/whatamobile__vivo-y21t.json,1c43ded6a9d343df3defdb94d8e28a113d57a9b3327193f10aa440e30492d0ca,0.87500
900ca3a707d65ba8a729552739060c65c780a3bbcde487430e1555d41e2d07a5,2026-08-14T21:24:46+00:00,Vivo Y22,https://www.whatamobile.com.pk/product/vivo-y22/,Yes,false,"[""Starlite Blue | Metaverse Green | Summer Cyan""]",Weight Unknown,[59999.0],whatamobile.com.pk/whatamobile__vivo-y22.json,6b2706746673eed3d992fd0baaae44242633fd0df1b0ce7b3d3b4d5652ad4f55,0.87500
262da9bcae029e72bd50d29a7494df5e34058783a1883c2606d5b4ef7fb54781,2026-08-14T20:27:03+00:00,Vivo Y22s,https://www.whatamobile.com.pk/product/vivo-y22s/,Yes,false,[],Weight Unknown,[42999.0],whatamobile.com.pk/whatamobile__vivo-y22s.json,bcb2b9f93733e43ca528dd5b05f5628f2221721c469d185744fa1ad2e4844cd4,0.79167
dbfc07a5f910992312055cc797cdfc7d8f967cf82826455d23d75985aec98c9e,2026-08-14T20:53:16+00:00,Vivo Y27,https://www.whatamobile.com.pk/product/vivo-y27/,Yes,false,"[""Burgundy Black | Sea Blue""]",Weight Unknown,[47999.0],whatamobile.com.pk/whatamobile__vivo-y27.json,6d7433a63eec517e48decbaf696ab01affe13fed1a68185cc4e51fc980dcd80a,0.87500
067e3595fd3835856bb14460ebe724aaf495581de3de90c839567fceb8b035aa,2026-08-14T20:22:04+00:00,Vivo Y27s,https://www.whatamobile.com.pk/product/vivo-y27s/,Yes,false,"[""Burgundy Black | Garden Green""]",Weight Unknown,[52999.0],whatamobile.com.pk/whatamobile__vivo-y27s.json,f7bfcbb4a7193016a428690145c2ca09fbd6b4128ec9832cacf0b1b0f7228c31,0.87500
4ebdf80bd4fcb9c0ffb40d9910a80001985ca6e5dba7f99e8d63232426d3f53b,2026-08-14T22:58:57+00:00,Vivo Y30 5G,https://www.whatamobile.com.pk/product/vivo-y30-5g/,Yes,false,[],Weight Unknown,[29999.0],whatamobile.com.pk/whatamobile__vivo-y30-5g.json,600a7372616e288a0828461c9f6c4942d671e5270d7d94755e1804b66f44fbef,0.79167
60530e4c1b538012be272ec269c744e29803aaf515933df8e0cc2cdedb207c98,2026-08-14T22:55:10+00:00,Vivo Y31,https://www.whatamobile.com.pk/product/vivo-y31/,Yes,false,"[""Racing Black | Ocean Blue""]",Weight Unknown,[31999.0],whatamobile.com.pk/whatamobile__vivo-y31.json,ff283e3ca7ae9eb0d1151de50f7b9eb1605e5f8bb3d9eba85ff9b93beed42915,0.87500
6922981c5d61947d2a1c0ed2c8dddf2a8fe6f1a5cc4b3a52427a143b6eb660ed,2026-08-14T20:53:07+00:00,Vivo Y31s,https://www.whatamobile.com.pk/product/vivo-y31s/,Yes,false,[],Weight Unknown,[44999.0],whatamobile.com.pk/whatamobile__vivo-y31s.json,2e686b884e4f87975b6af0db2b89c436f20ac577edef25d2217a5bb4372b93fd,0.79167
f2e0198881492fd2b627a8d03a6aaf4935816543cda5505731e6e5226ed9e83f,2026-08-14T22:15:45+00:00,Vivo Y33,https://www.whatamobile.com.pk/product/vivo-y33/,Yes,false,[],Weight Unknown,[49999.0],whatamobile.com.pk/whatamobile__vivo-y33.json,a70d42e1b875a627c7ebcfe49ba9b80877784d4c5a47eee34cc1e63e752de830,0.79167
d0ee8d9d75645b57f521d0da32f047ab6be77f9a2bb9ee32f2ed05b5dc842add,2026-08-14T21:45:01+00:00,Vivo Y33e,https://www.whatamobile.com.pk/product/vivo-y33e/,Yes,false,[],Weight Unknown,[39999.0],whatamobile.com.pk/whatamobile__vivo-y33e.json,1aeb953212957a4818ee3d121d8f3da5819a5d99a4563e40c65f3fa73e719089,0.79167
36b69edf59e4bbf5d19830eece64c9803dabb3734f2ba0b286399640140dac5c,2026-08-14T22:59:55+00:00,Vivo Y33s 5G,https://www.whatamobile.com.pk/product/vivo-y33s-5g/,Yes,false,[],Weight Unknown,[36999.0],whatamobile.com.pk/whatamobile__vivo-y33s-5g.json,20f647185441cc959c141e4210322c7e7692d9153f1ef8e9375d51cc7716e852,0.79167
6b072b34eb91b1c97c2c7ddf66b21aed7536025365561b64897ad565f488a48f,2026-08-14T21:02:20+00:00,Vivo Y33s,https://www.whatamobile.com.pk/product/vivo-y33s/,Yes,false,"[""Mirror Black | Midday Dream""]",Weight Unknown,[39999.0],whatamobile.com.pk/whatamobile__vivo-y33s.json,870b45ac0250d43df9c3ee2413c85d6feb01e2b851650c2400bf31c5c0d6a00e,0.79167
a2a9062c4292880dcf8eb5627d3a621d72a481d1e57d735eaddb4cc5cc79f7fa,2026-08-14T20:34:01+00:00,Vivo Y33T,https://www.whatamobile.com.pk/product/vivo-y33t/,Yes,false,"[""Starry Gold""]",Weight Unknown,[39999.0],whatamobile.com.pk/whatamobile__vivo-y33t.json,95931724538b40f772a5cec05dba8748677e97801ac8c6815ae2942e313b6960,0.87500
3d64af09333a0f5be07314ec38157850e14b4956f537cd7232d26d47c4c0c60d,2026-08-14T22:54:40+00:00,Vivo Y35,https://www.whatamobile.com.pk/product/vivo-y35-2/,Yes,false,[],Weight Unknown,[59999.0],whatamobile.com.pk/whatamobile__vivo-y35-2.json,01987ea74bb5ad01cc0762436cb2e1e6cdb088d5570713b9ee70230d22581fd2,0.79167
1ba180ab50e2c24a4242083ef7f318c2d371d35dcf1e94969f1ae20acbe59c12,2026-08-14T23:00:06+00:00,Vivo Y35 5G,https://www.whatamobile.com.pk/product/vivo-y35-5g/,Yes,false,[],Weight Unknown,[54999.0],whatamobile.com.pk/whatamobile__vivo-y35-5g.json,ffc5a8904c4e70841f27d5cdb8bd9c685e2fabf1b1eacc93d141d2f95a59cf43,0.79167
acb3b5ab98fb90b65e8195e4d31cb2d54df7cb9f772e8069726e17270e44c17b,2026-08-14T21:56:27+00:00,Vivo Y35,https://www.whatamobile.com.pk/product/vivo-y35/,Yes,false,"[""Dawn Gold | Agate Black""]",Weight Unknown,[67999.0],whatamobile.com.pk/whatamobile__vivo-y35.json,b48c3233c3589ffb02be82fea835f54ec227591b4e0a369353551a3ba97af1da,0.87500
a73154b9fd5d6145c918dac1eeaa308b2c3a779856ca5fbc128135a7d13c9090,2026-08-14T20:55:49+00:00,Vivo Y36,https://www.whatamobile.com.pk/product/vivo-y36/,Yes,false,"[""Vibrant Gold | Meteor Black""]",Weight Unknown,[59999.0],whatamobile.com.pk/whatamobile__vivo-y36.json,a3d925ba208a8c26abb43b1c04eb840a548799f0e25969310ea07d305106d4e8,0.87500
87bed1416d85f0acb4e490699b00b46952af0c9c66caad7c8e5610562cdb4afe,2026-08-14T22:23:35+00:00,Vivo Y3s,https://www.whatamobile.com.pk/product/vivo-y3s/,Yes,false,[],Weight Unknown,[29999.0],whatamobile.com.pk/whatamobile__vivo-y3s.json,b3b127bca2bd7202fb795c53ab4ca6f38d84c174b945448e2e7ade9af8f23c98,0.79167
8ab6eee03e5cd5c1d84ca0a1adfc16510a4e90c718c492519a7b6fe2b8a02fba,2026-08-14T22:54:51+00:00,Vivo Y50,https://www.whatamobile.com.pk/product/vivo-y50/,Yes,false,[],Weight Unknown,[48000.0],whatamobile.com.pk/whatamobile__vivo-y50.json,4b1488c5669157b74d3eb82a371d305f1deb747929d213ff1ca2970e33d56f15,0.79167
440b35721e210e8bb8ef306c7e4e56f94b7530e8e9ece7fd63fda740f8debb06,2026-08-14T18:15:25+00:00,Vivo Y50s,https://www.whatamobile.com.pk/product/vivo-y50s/,Yes,false,[],Weight Unknown,[75000.0],whatamobile.com.pk/whatamobile__vivo-y50s.json,02f332c6c2404433ca681838c18ad3bbb15842d3b35a9dc5c6216ad1cf1c6405,0.79167
3239a4a527dd0a0ddc0cce0feba11dcec7be4caafe0bf1b3833143edb571b368,2026-08-14T18:05:06+00:00,Vivo Y50t,https://www.whatamobile.com.pk/product/vivo-y50t/,Yes,false,[],Weight Unknown,[37999.0],whatamobile.com.pk/whatamobile__vivo-y50t.json,2d4ce4517e35f86b17e2519ae8f085eefe717f1e16692e6fd624abab3407bd6e,0.79167
a6cd706d112b414d671c8866d7b17657c906f234f4a9a255549d607a578a741d,2026-08-14T21:43:25+00:00,Vivo Y51a,https://www.whatamobile.com.pk/product/vivo-y51a/,Yes,false,[],Weight Unknown,[39999.0],whatamobile.com.pk/whatamobile__vivo-y51a.json,aea9d1b12a4c5109aa014d003f0ff2bfe6cb71c70ea3b8833b709e54ce7d2dd1,0.79167
4e282b351c74070a26a34363596cac993a0d9b6626340c48f1af5e122433fdbe,2026-08-14T22:08:04+00:00,Vivo Y51s,https://www.whatamobile.com.pk/product/vivo-y51s/,Yes,false,"[""Titanium Sapphire | Crystal Symphony""]",Weight Unknown,[35999.0],whatamobile.com.pk/whatamobile__vivo-y51s.json,68b9a2be9f9d569d62888b92a3292546c5376f17f15199b6a1baf782499d4349,0.87500
79edb40b25caa3d5f641188ab0abfef1c765a06f41211c7cb6425fb2a5a83f9b,2026-08-14T21:16:21+00:00,Vivo Y52 5G,https://www.whatamobile.com.pk/product/vivo-y52-5g/,Yes,false,[],Weight Unknown,[43999.0],whatamobile.com.pk/whatamobile__vivo-y52-5g.json,40e3d83c7a443db1d7e45c373396e5bd718273629cd617d22fa3f3b1e30c2409,0.79167
8ff67955e3fa97590a03731a32d3446629b165568e4446dfe2c5391a52ccdcf6,2026-08-14T18:09:18+00:00,Vivo Y52s t1,https://www.whatamobile.com.pk/product/vivo-y52s-t1/,Yes,false,[],Weight Unknown,[57999.0],whatamobile.com.pk/whatamobile__vivo-y52s-t1.json,b4fe57a9ba14e09daeefee223ea43ae2905b9ec9d611db978089f4b79edf4c2d,0.79167
920721608be243ceafef210c9e4298d4bc1922128907c1ebea150cdd1a4d67a7,2026-08-14T18:08:13+00:00,Vivo Y52s,https://www.whatamobile.com.pk/product/vivo-y52s/,Yes,false,[],Weight Unknown,[49999.0],whatamobile.com.pk/whatamobile__vivo-y52s.json,cb593e0fff3d9aaa431b64c6daa6a7fbdc7cc17b1dc4e543b787b210974aa31a,0.79167
161e08a576627c3546fb87d829f25122b364bd1dc9486b399ff3943be5d9143a,2026-08-14T18:07:50+00:00,Vivo Y52t,https://www.whatamobile.com.pk/product/vivo-y52t/,Yes,false,[],Weight Unknown,[48999.0],whatamobile.com.pk/whatamobile__vivo-y52t.json,c620099c9633b5e976a972cdf9efb167dea19ec8e9dacd57d6fb47d86b8e09ad,0.79167
a25529b4aedfdf1a682b84f01e3d06a8bc25f2e68ecc2036095748ba584d1159,2026-08-14T21:22:37+00:00,Vivo Y53s,https://www.whatamobile.com.pk/product/vivo-y53s/,Yes,false,"[""Fantastic Rainbow | Deep Sea Blue""]",Weight Unknown,[40999.0],whatamobile.com.pk/whatamobile__vivo-y53s.json,0d5941ed756526828029a8fcfe8b83de40df81564536ac0ed97179005e8f2de7,0.87500
071d251a717d1a3b1ff6b8dd0136c43dbd2fdf813ca89bd2dab8f62dc76be4a6,2026-08-14T22:38:04+00:00,Vivo Y55,https://www.whatamobile.com.pk/product/vivo-y55/,YES,false,"[""Midnight Galaxy"",""Ice Dawn""]",Weight Unknown,[64999.0],whatamobile.com.pk/whatamobile__vivo-y55.json,b2a029073939054fe06447aa548221936863857764651b9c1312cf1c85e5956e,0.87500
c4280ee0879dd3d74b72af058048dd8c82d124224806a52ba4045e00c6d79c88,2026-08-14T20:54:37+00:00,Vivo Y55s 5G,https://www.whatamobile.com.pk/product/vivo-y55s-5g/,Yes,false,[],Weight Unknown,[49999.0],whatamobile.com.pk/whatamobile__vivo-y55s-5g.json,412e869362f4909fc01f4bfd241c60aadefa8f88ea85b732c4a95b80f69390b2,0.79167
5823a1f70de03942d769cfc1b022e4f3cb74390eca134a869c5055d0918de8b5,2026-08-14T22:23:54+00:00,Vivo Y5s,https://www.whatamobile.com.pk/product/vivo-y5s/,Yes,false,[],Weight Unknown,[33000.0],whatamobile.com.pk/whatamobile__vivo-y5s.json,e9cfc6f300beeef72d5c9d6934456ed2397bc0d4615b47255bb65e89de5e8cb7,0.79167
d4abf97aa0617f752b55f89c2f62bb17d922651fc33c6db4994260ce8409cb47,2026-08-14T22:34:52+00:00,Vivo Y70s 5G,https://www.whatamobile.com.pk/product/vivo-y70s-5g/,Yes,false,[],Weight Unknown,[64000.0],whatamobile.com.pk/whatamobile__vivo-y70s-5g.json,32363f18c7ff7828a02edc95224c1a39cedf8ff228b3a9c5714594e8d3cde2f2,0.79167
ab6474e6719af156e748e0b9c36ba0af0113a74a90705c6d73c68dc338005908,2026-08-14T18:08:23+00:00,Vivo Y71t,https://www.whatamobile.com.pk/product/vivo-y71t/,Yes,false,[],Weight Unknown,[49999.0],whatamobile.com.pk/whatamobile__vivo-y71t.json,6f6ea53ee2eb7080ab75906d2cf6adf36f87d76e8dcb37f257790f5d7d5a728a,0.79167
3d7f171b4e88afca39108642713705e3d2e84c67f4faf11150317a1a14b771fe,2026-08-14T21:10:44+00:00,Vivo Y72 5G,https://www.whatamobile.com.pk/product/vivo-y72-5g/,Yes,false,[],Weight Unknown,[49999.0],whatamobile.com.pk/whatamobile__vivo-y72-5g.json,766841c1e7081b919beaa32c5bc3c35fe098bda75820348bbdd57335564820f9,0.79167
88a34421d0648825b4af2ceae0d28563d155d404c231c96f62d63a19a76e2e1f,2026-08-14T17:56:57+00:00,Vivo Y73,https://www.whatamobile.com.pk/product/vivo-y73/,Yes,false,"[""Diamond Flare | Roman Black""]",Weight Unknown,[89999.0],whatamobile.com.pk/whatamobile__vivo-y73.json,c576cf613ba910e9a08d50eae2af9c4493b7929ee38378f3f03f972913505230,0.87500
223888bc0fdd52bfe69674b77384e7f8db71d7dec2912ca1ff12bb5f88a490e8,2026-08-14T21:46:13+00:00,Vivo Y73t,https://www.whatamobile.com.pk/product/vivo-y73t/,Yes,false,[],Weight Unknown,[58999.0],whatamobile.com.pk/whatamobile__vivo-y73t.json,b949f66494627b6ca9f03aed75516a86b3c84a7e0c9eda9c85857ac789908f07,0.79167
58b0b4e0a839ade43200160b2a3e39f7ca41ffd94d47d058aa02bafec6fa376e,2026-08-14T22:47:53+00:00,Vivo Y75 5G,https://www.whatamobile.com.pk/product/vivo-y75-5g/,Yes,false,[],Weight Unknown,[54999.0],whatamobile.com.pk/whatamobile__vivo-y75-5g.json,fefadedfc7ba49db2c81bdf2393dbec70416fc609b05dcde1e00a4cd0e7e05f3,0.79167
d2ee8a5f5d8254a7f6f4ffd82c6f9c1a42fa0550f0f0d50e4c43b66b00fd413a,2026-08-14T18:08:02+00:00,Vivo Y75,https://www.whatamobile.com.pk/product/vivo-y75/,Yes,false,[],Weight Unknown,[49999.0],whatamobile.com.pk/whatamobile__vivo-y75.json,d76862d09ec7c02f9adc9cae26e530a9e99235f81b7d5ce8794eb759a1036c0a,0.79167
6057d5154b0e39390a54e78866a6fc54378c8ff2f1ab1de3fe3fd13539954e50,2026-08-14T18:06:02+00:00,Vivo Y77,https://www.whatamobile.com.pk/product/vivo-y77/,Yes,false,[],Weight Unknown,[43999.0],whatamobile.com.pk/whatamobile__vivo-y77.json,6494ca2dd9a44bedfb1170e1543efca372c90757f326d8ba7128170c2e992ad6,0.79167
e5e8a84dc1ccc1616f7dccb73259edd511bd9e12441ba40703be01e1438d1b90,2026-08-14T18:09:08+00:00,Vivo Y77e t1,https://www.whatamobile.com.pk/product/vivo-y77e-t1/,Yes,false,[],Weight Unknown,[55999.0],whatamobile.com.pk/whatamobile__vivo-y77e-t1.json,e3a136fedb213c131790506f99a4158be50e18105ebfe8c9e4e193358e1cee48,0.79167
f0e6e57ebceaa94ac49588236dfa438cd152ae7071bd18c36776d1c389add298,2026-08-14T22:09:03+00:00,Vivo Y81,https://www.whatamobile.com.pk/product/vivo-y81/,Yes,false,"[""Gold"",""Black""]",Weight Unknown,[23000.0],whatamobile.com.pk/whatamobile__vivo-y81.json,9cdca81492e3d146ec8c201551ff7b4201b1af0febc27f1bd4769e542573c17f,0.83333
03fc0e6da2ab8d18380041734449ee56c893b892a2a7f996db4e078c8c5a6ff5,2026-08-14T22:41:37+00:00,Vivo Y83,https://www.whatamobile.com.pk/product/vivo-y83/,Yes,false,[],Weight Unknown,[37900.0],whatamobile.com.pk/whatamobile__vivo-y83.json,42cbb234156464715491c47aa231b98deb7d24e8ae64dfd15c93a3c1dbde44c0,0.79167
5c150640eeb1da5a7fd4ecccc0dac952891807264157eb2e21b2ea50da483d8d,2026-08-14T22:33:13+00:00,Vivo Y89,https://www.whatamobile.com.pk/product/vivo-y89/,Yes,false,[],Weight Unknown,[42999.0],whatamobile.com.pk/whatamobile__vivo-y89.json,de7ee99b05faa129c6c066757b3e3a01f4aac3799848affe7f9f0ff6fa5de8ea,0.79167
c62b7c832ed7d7dfc9843fed6f8063951344341e2225dc457a24c17a50792ad3,2026-08-14T22:16:55+00:00,Vivo Y91C,https://www.whatamobile.com.pk/product/vivo-y91c/,Yes,false,"[""Ocean Blue"",""Fusion Black"",""Sunset Red""]",Weight Unknown,[18999.0],whatamobile.com.pk/whatamobile__vivo-y91c.json,0662c4c40d79c0bf4a4baf6bb7001c2afc09e756c1d82314cb6329267fdd91b0,0.83333
c4fbf71d747e5e031f05e213f4e2cef0697fa18aa2d49ea7090501ed238dbbdc,2026-08-14T21:23:47+00:00,Vivo Y95,https://www.whatamobile.com.pk/product/vivo-y95/,Yes,false,"[""Nebula Purple"",""Starry Black""]",Weight Unknown,[34999.0],whatamobile.com.pk/whatamobile__vivo-y95.json,48048ebbf720672c54a2bc5f15850bef395ab5c046e887ae6840db475b6422b8,0.79167
afe1e7983bb33a0af9118744cbc7efcace6e5a765d33c4ec3acbbe043656af7c,2026-08-14T20:19:55+00:00,Vivo Y9s,https://www.whatamobile.com.pk/product/vivo-y9s/,Yes,false,[],Weight Unknown,[44660.0],whatamobile.com.pk/whatamobile__vivo-y9s.json,1df56b4a792b6bb902f98601e6c01fdc92cecc8befb0f7ea14f4a062cac26fee,0.79167
22199db333fd1ec82aa0be87c5f99bbdf76dbba9274537c744d39b5e4fc23d93,2026-08-14T18:11:36+00:00,Vivo Z1 Lite,https://www.whatamobile.com.pk/product/vivo-z1-lite/,Yes,false,[],Weight Unknown,[25500.0],whatamobile.com.pk/whatamobile__vivo-z1-lite.json,795a9f5f40bdb681793892446d397384c1d6c05cfaad1a0355d29e051b3bcc35,0.79167
42ebabd84214ba52bde34ce6ba9709036fd46028145d7521c0ea8505ee5ae7bc,2026-08-14T18:05:29+00:00,Vivo Z1 Pro,https://www.whatamobile.com.pk/product/vivo-z1-pro/,Yes,false,[],Weight Unknown,[39999.0],whatamobile.com.pk/whatamobile__vivo-z1-pro.json,82b71df7d33bc625fff15b3e34d471d959592d3dbeeeeddad5581a6134b93c2d,0.79167
d4773add8b1ff6ef529b6fdcdb584120a91acd5bcfb0c3dd62b88b376682dba8,2026-08-14T18:06:54+00:00,Vivo Z1,https://www.whatamobile.com.pk/product/vivo-z1/,Yes,false,[],Weight Unknown,[45500.0],whatamobile.com.pk/whatamobile__vivo-z1.json,e44a5f950ba1b233e2862c040835504b82bf5f1670d3db60dc04ab236d28df78,0.79167
5e733ae07a6e8789fa0820a8673cd70e57bb67f30cef589ddb42eeafd4895389,2026-08-14T20:57:27+00:00,Vivo Z1x,https://www.whatamobile.com.pk/product/vivo-z1x/,Yes,false,[],Weight Unknown,[49999.0],whatamobile.com.pk/whatamobile__vivo-z1x.json,01d18e0b864db119642184a6730c93d2b4676fd729cdbff419a762b3a5853138,0.79167
1c8a31be1f29474933ba780d8bf6a0232d667b278de8622f69efef54e35e323f,2026-08-14T21:36:10+00:00,Vivo Z3,https://www.whatamobile.com.pk/product/vivo-z3/,Yes,false,[],Weight Unknown,[37900.0],whatamobile.com.pk/whatamobile__vivo-z3.json,8c086600e20fbdc0a6aa9ba9be0ed96fa22298045bafbcb02028a9bc3b6dc056,0.79167
b57c98d42b4ba834c35ba6ba2d4110e0f9de14b66c4ea2272d1d5a9ab64082b7,2026-08-14T21:29:11+00:00,Vivo Z5i,https://www.whatamobile.com.pk/product/vivo-z5i/,Yes,false,[],Weight Unknown,[39500.0],whatamobile.com.pk/whatamobile__vivo-z5i.json,a80d982751f8019263e0567159b8004ff9a0482c3899b5aa18adab8456402f56,0.79167
ad92c3cf00c0acae36ed36662a7bceb8d68e47dd8e060f7cd3a97f9273d4514d,2026-08-14T18:09:29+00:00,Vivo Z6 5G,https://www.whatamobile.com.pk/product/vivo-z6-5g/,Yes,false,[],Weight Unknown,[58000.0],whatamobile.com.pk/whatamobile__vivo-z6-5g.json,dda6b25166ce276727002bc0c91a7cceac4d7ffdd1c239ed8a9a2019b878ff81,0.79167
a4a46f6bc980ce89aaecfe6ca08ea1195b0c73a3a7b3aeb4325f1c2a4b7e821e,2026-08-14T17:58:28+00:00,Xiaomi 11T 128GB,https://www.whatamobile.com.pk/product/xiaomi-11t-128gb/,Yes,false,"[""Meteorite Gray | Moonlight White | Celestial Blue""]",Weight Unknown,[74999.0],whatamobile.com.pk/whatamobile__xiaomi-11t-128gb.json,8732d1a16e760489245ffb03a53f415a43079772bb9f320bcc725eec7321a990,0.87500
4fc954aa51a11cadcdf28e4c909b7f5d9348d9d433689a50d283cf3eef449b5c,2026-08-14T18:02:59+00:00,Xiaomi 11T 256GB,https://www.whatamobile.com.pk/product/xiaomi-11t-256gb/,Yes,false,"[""Meteorite Gray | Moonlight White | Celestial Blue""]",Weight Unknown,[79999.0],whatamobile.com.pk/whatamobile__xiaomi-11t-256gb.json,855c31a443f891044fd550ea879fe5f6f49c200bc3cc87812d8522c85255065a,0.87500
dba8756eefe800c2a5476a1a78f494fe8c0348804966fdc0e58183aba7041e21,2026-08-14T18:03:20+00:00,Xiaomi 11T Pro 128GB,https://www.whatamobile.com.pk/product/xiaomi-11t-pro-128gb/,Yes,false,"[""Meteorite Gray | Moonlight White | Celestial Blue""]",Weight Unknown,[127999.0],whatamobile.com.pk/whatamobile__xiaomi-11t-pro-128gb.json,19ce11c0935d02f3ec032ec54a21aff2402e1741bafdd5679fa0f7bc5f8df01e,0.87500
cae0425bea4dbbd43db5e24e3b5304f48801124740ccaf5599c43d33087e0daa,2026-08-14T18:03:10+00:00,Xiaomi 11T Pro 8GB,https://www.whatamobile.com.pk/product/xiaomi-11t-pro-8gb/,Yes,false,"[""Meteorite Gray | Moonlight White | Celestial Blue""]",Weight Unknown,[109999.0],whatamobile.com.pk/whatamobile__xiaomi-11t-pro-8gb.json,d34c91820ac01a586b09c31df23292fd7c94203a4ff0a8c2333ed701a8aca582,0.87500
74ea17a3ced217f52b527288f6762e4925ba5620437a5baa164a0bfbb6563585,2026-08-14T18:00:39+00:00,Xiaomi 12,https://www.whatamobile.com.pk/product/xiaomi-12/,Yes,false,"[""Gray | Blue | Purple | Green""]",Weight Unknown,[179999.0],whatamobile.com.pk/whatamobile__xiaomi-12.json,6af71d546bd0af0082ef57bb419f55f649033410a4cdd8671f7b4a08c1ef21fb,0.87500
1a7753cf72a2792e4c21e9cc22601672097caea78b98d1be5cd340e965e5951f,2026-08-14T22:24:03+00:00,Xiaomi 13,https://www.whatamobile.com.pk/product/xiaomi-13/,Yes,false,[],Weight Unknown,[183999.0],whatamobile.com.pk/whatamobile__xiaomi-13.json,98d8152d0797aff58f4401dcfb9253bd68aea7a75d552f29c5dff19a20172ad0,0.83333
f30a3408f6d717ef1e3730ba50c559dc37e3eda985784833c17631b97a8dad5c,2026-08-14T21:10:25+00:00,Xiaomi 13T Pro,https://www.whatamobile.com.pk/product/xiaomi-13t-pro/,Yes,false,[],Weight Unknown,[229999.0],whatamobile.com.pk/whatamobile__xiaomi-13t-pro.json,e7741108653b4e8709b9f586cb57ab3dc2c0cb897dc3606b9bd3306e3da5caa5,0.83333
1c65d18329caf2d99dd746de517ab3d2c8317062bb8f76383bffbe52395d007d,2026-08-14T22:11:03+00:00,Xiaomi 13T,https://www.whatamobile.com.pk/product/xiaomi-13t/,Yes,false,[],Weight Unknown,[160999.0],whatamobile.com.pk/whatamobile__xiaomi-13t.json,9f1c8ec96576d365b249c920abb77b84971993e68e3d3ffabf500974c5a47721,0.83333
4a6b63929f3835c6b6c9f9888fbb199708c92d2a38be303eafa00927c0c48f3d,2026-08-14T22:32:15+00:00,Xiaomi 14 Ultra,https://www.whatamobile.com.pk/product/xiaomi-14-ultra-price-in-pakistan/,Yes,false,[],Weight Unknown,[274999.0],whatamobile.com.pk/whatamobile__xiaomi-14-ultra-price-in-pakistan.json,9837b0e176702553e3add0f34094fd167407c4239686c52dab51cbdfc3b5e132,0.79167
0c005dbf752d6ea6ccb4746f401afd071971e3af6f5e53009d99bee1a1a8b320,2026-08-14T20:02:28+00:00,"Xiaomi 15T (12GB, 512GB, Rose Gold)",https://www.whatamobile.com.pk/product/xiaomi-15t-12gb-512gb-rose-gold/,Stereo Speakers with Dolby Atmos,false,[],Weight Unknown,[168990.0],whatamobile.com.pk/whatamobile__xiaomi-15t-12gb-512gb-rose-gold.json,043c2ceeb49d8eadebb8dc10608829b0ee24fea6936c3482c3d219301e1185da,0.83333
a8a426dc3690c07562d0ad44aec09fc4c62f999d9a58e84ab171e3cbfa83d813,2026-08-14T22:13:17+00:00,"Xiaomi 15T Pro (12GB, 512GB, Mocha Gold)",https://www.whatamobile.com.pk/product/xiaomi-15t-pro-12gb-512gb-mocha-gold/,Stereo Speakers with Dolby Atmos,false,[],Weight Unknown,[228990.0],whatamobile.com.pk/whatamobile__xiaomi-15t-pro-12gb-512gb-mocha-gold.json,4e75c36bf2bd12c2df36887928506fd9a675ff259e7e6d210079897ea07bf697,0.83333
fb57720434588a4fdab88e726599e63cb71aaec6ce88b221516ef542a9d6a425,2026-08-14T21:37:04+00:00,Xiaomi Mi 11 Lite,https://www.whatamobile.com.pk/product/xiaomi-mi-11-lite/,Yes,false,"[""Boba Black | Peach Pink | Bubblegum Blue""]",Weight Unknown,[45999.0],whatamobile.com.pk/whatamobile__xiaomi-mi-11-lite.json,fb3645224b33e2ae81ed852ce2a3568c1d6fe1b8098527bf0a576b90a081df80,0.87500
82f2240584c6887cc4156d76fcd79d54cf44c9b1b564d6b8e37c36f31bb4a5e9,2026-08-14T21:10:35+00:00,Xiaomi Mi 11,https://www.whatamobile.com.pk/product/xiaomi-mi-11/,Yes,false,"[""Horizon Blue | Cloud White | Midnight Gray | Special Edition Blue | Gold | Violet""]",Weight Unknown,[144999.0],whatamobile.com.pk/whatamobile__xiaomi-mi-11.json,2eacff609f6ab90aab78e37179225a4a5182e527a402ac1bb790bbf05754abcd,0.87500
7c8539b04bd24938e845f96ed7df976f41f85517caf5c82e0fa85e026ff81f35,2026-08-14T19:50:38+00:00,Xiaomi Pad 6 (Gravity Gray 256GB + 8GB),https://www.whatamobile.com.pk/product/xiaomi-pad-6-gravity-gray-256gb-8gb/,yes,false,[],Weight Unknown,[110000.0],whatamobile.com.pk/whatamobile__xiaomi-pad-6-gravity-gray-256gb-8gb.json,2434bf4384e7e07e5946eb2234c87be178e4752936e68f98bed23ee1510634ee,0.58333
283c63841c45ae4d9cd66c28e67f08112a865f73ab0665cded5b0a77f60fd4aa,2026-08-14T19:51:09+00:00,Xiaomi Pad 6 (Mist blue 256GB + 8GB),https://www.whatamobile.com.pk/product/xiaomi-pad-6-mist-blue-256gb-8gb/,yes,false,[],Weight Unknown,[110000.0],whatamobile.com.pk/whatamobile__xiaomi-pad-6-mist-blue-256gb-8gb.json,88ae93c54269a927aac71479df266418fa742e6dd19e42659ab5d03d49db21cd,0.58333
e4d652e934f7d6f08c8bf95c8e201d07905c3d5fff938a68549681be2ceb102f,2026-08-14T21:50:39+00:00,Xiaomi Poco C61,https://www.whatamobile.com.pk/product/xiaomi-poco-c61/,Yes,false,[],Weight Unknown,[34999.0],whatamobile.com.pk/whatamobile__xiaomi-poco-c61.json,73b99b3a1de75d04473a09111508ae093da84cf2d0f680de5438b03385f88c2f,0.83333
9e8d35582fa327908751e2a7ec5785e7a5b642657d81afb9f3e17da6ea803d08,2026-08-14T18:37:19+00:00,Xiaomi Poco C65,https://www.whatamobile.com.pk/product/xiaomi-poco-c65/,Yes,false,[],Weight Unknown,[38899.0],whatamobile.com.pk/whatamobile__xiaomi-poco-c65.json,28fa410191dbf42e0c24885899ec84ae72b8d79f5115b4b03bee69a8d5c61a30,0.83333
f86ac18085ef446a5dde5063fa242995eed99d369facccaee3b8e6a44f8861a4,2026-08-14T17:58:51+00:00,Xiaomi Poco F2 Pro,https://www.whatamobile.com.pk/product/xiaomi-poco-f2-pro/,Yes,false,"[""Neon Blue | Phantom White | Electric Purple | Cyber Gray""]",Weight Unknown,[112000.0],whatamobile.com.pk/whatamobile__xiaomi-poco-f2-pro.json,e048ca9f174f22dd3e77b0fe454afc56489eb8c3b1d856f9b5836040f0049bad,0.87500
f45b5bf01c785241ebb4a9f78271a6498789d973daa7bccda5f590e0fe6ba1bd,2026-08-14T17:59:03+00:00,Xiaomi Poco F3 256GB,https://www.whatamobile.com.pk/product/xiaomi-poco-f3-2/,Yes,false,"[""Arctic White | Night Black | Deep Ocean Blue""]",Weight Unknown,[75999.0],whatamobile.com.pk/whatamobile__xiaomi-poco-f3-2.json,6de58022ceec61e8c872b0334055d56fb3527ad031ec40e96258b5fee29adaa6,0.87500
5443f232c41b9eb8de7400171dee5f1d038f0a07e7758c2af43e6705076b6015,2026-08-14T22:28:00+00:00,Xiaomi Poco F3,https://www.whatamobile.com.pk/product/xiaomi-poco-f3/,Yes,false,"[""Arctic White | Night Black | Deep Ocean Blue""]",Weight Unknown,[60000.0],whatamobile.com.pk/whatamobile__xiaomi-poco-f3.json,d14aad64572f82067e1d8f8bb661bdc689afa74df1e126ca50470527653da72b,0.87500
78c71bcc1852aa1c489aa842824cf174ee2027687c6db0ff1209f9e002ac3318,2026-08-14T20:39:59+00:00,Xiaomi Poco M3,https://www.whatamobile.com.pk/product/xiaomi-poco-m3/,Yes,false,"[""Cool Blue | Poco Yellow | Power Black""]",Weight Unknown,[26999.0],whatamobile.com.pk/whatamobile__xiaomi-poco-m3.json,0e58d4db67a9b0f702371123eb1a17efa7f24fae33d6a8b89d2208821a6d11f0,0.87500
dbd483d9927cdbc7515bc55273c560b379e862b506b292a2b3f32cd128fa0245,2026-08-14T18:00:28+00:00,Xiaomi Poco M4 Pro 128GB,https://www.whatamobile.com.pk/product/xiaomi-poco-m4-pro-128gb/,Yes,false,"[""Poco Yellow | Power Black | Cool Blue""]",Weight Unknown,[44999.0],whatamobile.com.pk/whatamobile__xiaomi-poco-m4-pro-128gb.json,534cc13f368bc808f7f23bb57de461d7968792506f79fdfa014e0e8922bbe160,0.87500
29620e6fbb5e3cb98004f21f1ccb4e6a9ce53b877a13307001043347e57d595e,2026-08-14T22:10:03+00:00,Xiaomi Poco M6 Pro,https://www.whatamobile.com.pk/product/xiaomi-poco-m6-pro/,Yes,false,[],Weight Unknown,[84749.0],whatamobile.com.pk/whatamobile__xiaomi-poco-m6-pro.json,727e0ff5893584dee64a1a419f2b2f6ed5e7499a9b70bf6b97b1175ff9a859e4,0.83333
68251121d2bea4ce4f147cb78b15ca8f3b2397ffa95fa435c9dc465d1e7b448b,2026-08-14T17:57:42+00:00,Xiaomi Poco M6,https://www.whatamobile.com.pk/product/xiaomi-poco-m6/,Yes,false,[],Weight Unknown,[84749.0],whatamobile.com.pk/whatamobile__xiaomi-poco-m6.json,f9857c3e928db15e229c55480bac887ac70900f8c018404392e7106e35e9f586,0.79167
fdc89734954d6d95f514f57fb497d19b73b649ae7f9dda76ee2d0b324d37dff5,2026-08-14T17:59:16+00:00,Xiaomi Poco X3 GT 128GB,https://www.whatamobile.com.pk/product/xiaomi-poco-x3-gt-128gb/,Yes,false,"[""Gray | Blue | Green | White""]",Weight Unknown,[54999.0],whatamobile.com.pk/whatamobile__xiaomi-poco-x3-gt-128gb.json,202ccc3e1de131fe31ea416b16c7ef146c8149154b8e6a95f39271943a0d6535,0.87500
d6b3f866eba618661be3d1b260f158e8416eceed2bd005c7142350a3edf62d68,2026-08-14T17:59:29+00:00,Xiaomi Poco X3 GT 256GB,https://www.whatamobile.com.pk/product/xiaomi-poco-x3-gt-256gb/,Yes,false,"[""Gray | Blue | Green | White""]",Weight Unknown,[59999.0],whatamobile.com.pk/whatamobile__xiaomi-poco-x3-gt-256gb.json,fc5ba5808c6a564131aae3e3a91cdd852b484f026357b4d0d6df148824d30ed1,0.87500
011e9b9af144f30c5e3bd0f21acbcd951098b68d164234bf6ca525f88dde211d,2026-08-14T20:39:18+00:00,Xiaomi Poco X3 Pro 128 GB,https://www.whatamobile.com.pk/product/xiaomi-poco-x3-pro-128-gb/,Yes,false,"[""Phantom Black | Frost Blue | Metal Bronze""]",Weight Unknown,[49999.0],whatamobile.com.pk/whatamobile__xiaomi-poco-x3-pro-128-gb.json,17e971c43d8853c7e5fde8c066b3ca776238e0794e5300bcd58b50830549891f,0.87500
a2152c24ba642ad98b526aaf56b2ff1bfed04ef3c99bed10b4f4bd63141066ad,2026-08-14T22:46:45+00:00,Xiaomi Poco X3 Pro,https://www.whatamobile.com.pk/product/xiaomi-poco-x3-pro/,Yes,false,"[""Phantom Black | Frost Blue | Metal Bronze""]",Weight Unknown,[57999.0],whatamobile.com.pk/whatamobile__xiaomi-poco-x3-pro.json,34e320d4587879f046a87c2160835052a7f3ee9e4fe84599f4ce00b1233d02e6,0.87500
ebc3ce8b5d086042c8d2b62f9b50418034fcd1444053c717b1d3c0fcc7b02cc4,2026-08-14T21:41:06+00:00,Xiaomi Poco X3,https://www.whatamobile.com.pk/product/xiaomi-poco-x3/,Yes,false,"[""Cobalt Blue"",""Shadow Gray""]",Weight Unknown,[41999.0],whatamobile.com.pk/whatamobile__xiaomi-poco-x3.json,926e8fea21c1dd5eddccbdc69102d567ae7b69ee2841e2d5434daf3dcaa65440,0.87500
f3dc836711aa842c82a749015909be9aa3734063a8350b7e13b851203b508ee7,2026-08-14T22:59:37+00:00,Xiaomi Poco X6 Pro,https://www.whatamobile.com.pk/product/xiaomi-poco-x6-pro/,Yes,false,[],Weight Unknown,[122000.0],whatamobile.com.pk/whatamobile__xiaomi-poco-x6-pro.json,4294cdfc6af7aba857196efb0af683b205ebf6f24531d2479fd0186b20fa9c01,0.83333
d24ce59017508687bfc0576ab0edda6fa8b728f5cf43a51974589d5102b97d75,2026-08-14T21:10:55+00:00,Xiaomi Redmi 10 128GB,https://www.whatamobile.com.pk/product/xiaomi-redmi-10-128gb/,Yes,false,"[""Carbon Gray | Pebble White | Sea Blue""]",Weight Unknown,[31999.0],whatamobile.com.pk/whatamobile__xiaomi-redmi-10-128gb.json,c2c3332d89bfd771523fdc568f160178e551c4af7e790c65424775f921572e7d,0.87500
d569fda571f3f428fca9fda3174de6930c65a2d3cb1826c15a07072ebe469df7,2026-08-14T20:35:21+00:00,Xiaomi Redmi 10 64GB,https://www.whatamobile.com.pk/product/xiaomi-redmi-10-64gb/,Yes,false,"[""Carbon Gray | Pebble White | Sea Blue""]",Weight Unknown,[28499.0],whatamobile.com.pk/whatamobile__xiaomi-redmi-10-64gb.json,14965c29ab757cd6cc8447b5d7de10bd4f85b3d6debeb4890d71f54bd85781e9,0.87500
d00222175369d2292ab1476b837956fbe4c10af949270afc017c8284a897d85c,2026-08-14T18:00:03+00:00,Xiaomi Redmi 10 6GB,https://www.whatamobile.com.pk/product/xiaomi-redmi-10-6gb/,Yes,false,"[""Carbon Gray | Pebble White | Sea Blue""]",Weight Unknown,[34999.0],whatamobile.com.pk/whatamobile__xiaomi-redmi-10-6gb.json,cadea7876138d8c720c4fe1f31c43aed479fba96a4b62e4e858a79dd47b72333,0.87500
3ff861fd2c3d7386bd2fcde4e9c5a82813904147a7f2926a2799e35e4cbb08a3,2026-08-14T21:28:34+00:00,Xiaomi Redmi 12C,https://www.whatamobile.com.pk/product/xiaomi-redmi-12c/,Yes,false,"[""Black | Blue | Green""]",Weight Unknown,[26800.0],whatamobile.com.pk/whatamobile__xiaomi-redmi-12c.json,d5e83589e6f26cd005822336b35668a630c124ee380451ffafaea8624cca3a95,0.87500
98f718a36bccab21f8e1ee223983ba6af7881b89773d7f7c72ac9cd0fa2d623d,2026-08-14T21:25:34+00:00,Xiaomi Redmi 13R,https://www.whatamobile.com.pk/product/xiaomi-redmi-13r/,Yes,false,[],Weight Unknown,[40999.0],whatamobile.com.pk/whatamobile__xiaomi-redmi-13r.json,09e8434796052404483b7dd7ee3cfc9b4941c8bb393852cfd820b4a8dc44cbab,0.83333
2c627a94e420b643d260407f19ce2ce2fd371ce67d2a54947dc6684bc1153f32,2026-08-14T20:07:57+00:00,"Xiaomi Redmi 15 (8GB, 128GB, Midnight Black)",https://www.whatamobile.com.pk/product/xiaomi-redmi-15-8gb-128gb-midnight-black/,Yes,false,[],Weight Unknown,[43990.0],whatamobile.com.pk/whatamobile__xiaomi-redmi-15-8gb-128gb-midnight-black.json,86c2b94308c76ac3b2e7b443a621f9bc054039dba0fdb3c9ed46e8dc59ee9998,0.83333
6c4f2e2020a57e4285739806b75d4d3eb712b3d65902578dd62ff42369d527cd,2026-08-14T20:08:07+00:00,"Xiaomi Redmi 15 (8GB, 128GB, Titan Gray)",https://www.whatamobile.com.pk/product/xiaomi-redmi-15-8gb-128gb-titan-gray/,Yes,false,[],Weight Unknown,[43990.0],whatamobile.com.pk/whatamobile__xiaomi-redmi-15-8gb-128gb-titan-gray.json,b9278dd2291c15a9aabf082b9ca525bc739f5a6f6e6c824ae5db6baa7f2bfd95,0.83333
97f31bc4cf6bfda5a545d1e796f06de8b7b96a4693907f4056b09ba5965aa79a,2026-08-14T20:07:06+00:00,"Xiaomi Redmi 15C (4GB, 128GB, Midnight Black)",https://www.whatamobile.com.pk/product/xiaomi-redmi-15c-4gb-128gb-midnight-black/,Speaker Phone,false,"[""Moonlight Blue"",""Mint Green"",""Midnight Gray"",""Twilight Orange""]",Weight Unknown,[31990.0],whatamobile.com.pk/whatamobile__xiaomi-redmi-15c-4gb-128gb-midnight-black.json,f53d8b8d430c4661232a4903ab2bdcade6c6109e7a630c93323c76686adaf052,0.87500
59171dd4edcace93d5a11a779d0044920219405107db629a1e6101d99c6736b9,2026-08-14T20:07:16+00:00,"Xiaomi Redmi 15C (4GB, 128GB, Mint Green)",https://www.whatamobile.com.pk/product/xiaomi-redmi-15c-4gb-128gb-mint-green/,Speaker Phone,false,"[""Moonlight Blue"",""Mint Green"",""Midnight Gray"",""Twilight Orange""]",Weight Unknown,[31990.0],whatamobile.com.pk/whatamobile__xiaomi-redmi-15c-4gb-128gb-mint-green.json,5420d14cac96a73a8162b096ea9865b01c0b29539e2f3ffb0caabd780a910a16,0.87500
9e370018c304e9c5026888f1de95e67cdfc3d2e19adb953dc139fa28f0b89770,2026-08-14T20:06:57+00:00,"Xiaomi Redmi 15C (4GB, 128GB, Moonlight Blue)",https://www.whatamobile.com.pk/product/xiaomi-redmi-15c-4gb-128gb-moonlight-blue/,Speaker Phone,false,"[""Moonlight Blue"",""Mint Green"",""Midnight Gray"",""Twilight Orange""]",Weight Unknown,[31990.0],whatamobile.com.pk/whatamobile__xiaomi-redmi-15c-4gb-128gb-moonlight-blue.json,4deb57c963af67b0e3504997cd38682294d9e22e101e0bc93688a9d8ccc5a2f5,0.87500
dabfebd908111ea4336c85f932dda14e9ecf8882932e5fa6e6fa28a087ce040d,2026-08-14T20:07:26+00:00,"Xiaomi Redmi 15C (6GB, 128GB, Midnight Black)",https://www.whatamobile.com.pk/product/xiaomi-redmi-15c-6gb-128gb-midnight-black/,Speaker Phone,false,"[""Moonlight Blue"",""Mint Green"",""Midnight Gray"",""Twilight Orange""]",Weight Unknown,[33990.0],whatamobile.com.pk/whatamobile__xiaomi-redmi-15c-6gb-128gb-midnight-black.json,05892470a8966e076a8f8bc8f2e4904388255fef076ad772fb3c7d8437451cbc,0.87500
b400c0e010570f8123a6a42a27c4e59c8202797570b0c248a70ecbe4116c9b26,2026-08-14T20:07:37+00:00,"Xiaomi Redmi 15C (6GB, 128GB, Mint Green)",https://www.whatamobile.com.pk/product/xiaomi-redmi-15c-6gb-128gb-mint-green/,Speaker Phone,false,"[""Moonlight Blue"",""Mint Green"",""Midnight Gray"",""Twilight Orange""]",Weight Unknown,[33990.0],whatamobile.com.pk/whatamobile__xiaomi-redmi-15c-6gb-128gb-mint-green.json,b2e5eb25a778669208b9ea1a0e7c2d9516575ca45ee9093cecbd939f2cac3fab,0.87500
e5bd571a9fd3baa3a4a75e092a797046cfce36f1fc8f6c1214f2fe3e971060c0,2026-08-14T20:07:46+00:00,"Xiaomi Redmi 15C (6GB, 128GB, Moonlight Blue)",https://www.whatamobile.com.pk/product/xiaomi-redmi-15c-6gb-128gb-moonlight-blue/,Speaker Phone,false,"[""Moonlight Blue"",""Mint Green"",""Midnight Gray"",""Twilight Orange""]",Weight Unknown,[33990.0],whatamobile.com.pk/whatamobile__xiaomi-redmi-15c-6gb-128gb-moonlight-blue.json,60b584ca9f9409bf5fe9d8793eddd048f11f52c0601b1a84c27cb9c8516312e6,0.87500
109eaa60b101daccbd203eb479fe6276ad638f56ff90e5f5a03c541d071bb553,2026-08-14T17:59:41+00:00,Xiaomi Redmi 9,https://www.whatamobile.com.pk/product/xiaomi-redmi-9/,Yes,false,"[""Carbon Gray | Sunset Purple | Ocean Green""]",Weight Unknown,[26499.0],whatamobile.com.pk/whatamobile__xiaomi-redmi-9.json,780faba3408621903ef44f5dcde96b366503f3cdb3a52ea338296c4cc9dfeb43,0.87500
223231b6114f07ea2f0f9b8a60a5c1ff108bea279ec3220e283312d2a5f0dd62,2026-08-14T20:26:13+00:00,Xiaomi Redmi 9C 2GB,https://www.whatamobile.com.pk/product/xiaomi-redmi-9c-2gb/,Yes,false,"[""Midnight Gray | Sunrise Orange | Twilight Blue""]",Weight Unknown,[16699.0],whatamobile.com.pk/whatamobile__xiaomi-redmi-9c-2gb.json,2e2fb7ffcef7c79347c5bce6494f02e4403a83dca27d54f2b4cdc71106d5146d,0.87500
c6504844715399b7d466b71891a2b26fbedef188bf34a822f296f16b0c298c88,2026-08-14T17:59:51+00:00,Xiaomi Redmi 9C 3GB,https://www.whatamobile.com.pk/product/xiaomi-redmi-9c-3gb/,Yes,false,"[""Midnight Gray | Sunrise Orange | Twilight Blue""]",Weight Unknown,[18999.0],whatamobile.com.pk/whatamobile__xiaomi-redmi-9c-3gb.json,73b9bba7c7162443ddc9f2f74c9c94643bac7489814842f084a7e9d63dcd8cca,0.87500
c572285dd22e1f7b848a27baec74e0274e07bcb3c84162a10296aae6c1ad14de,2026-08-14T20:53:45+00:00,Xiaomi Redmi 9C 4GB,https://www.whatamobile.com.pk/product/xiaomi-redmi-9c-4gb-2/,Yes,false,"[""Midnight Gray | Sunrise Orange | Twilight Blue""]",Weight Unknown,[22999.0],whatamobile.com.pk/whatamobile__xiaomi-redmi-9c-4gb-2.json,b807c77a5435f21ef86e4f9320131c15fa07d532cac47e2bbeea44d9913e9f47,0.87500
1f108227b90884e77d8d0ad21ac74e00e17f634c3f929888ea3830f3af5a7284,2026-08-14T22:06:28+00:00,Xiaomi Redmi 9T 4GB,https://www.whatamobile.com.pk/product/xiaomi-redmi-9t-4gb/,Yes,false,"[""Carbon Gray | Twilight Blue | Sunrise Orange | Ocean Green""]",Weight Unknown,[27999.0],whatamobile.com.pk/whatamobile__xiaomi-redmi-9t-4gb.json,60fa31a69ebd0b024ea144abb2dd37075c8498ca162f5b80b136ec1543249699,0.87500
ed25a2b2cee66165d72ddb05a9d24a7aa0d365cf67991f24326f9c2cdc8f37ab,2026-08-14T22:49:17+00:00,Xiaomi Redmi 9T 6GB,https://www.whatamobile.com.pk/product/xiaomi-redmi-9t-6gb/,Yes,false,"[""Carbon Gray | Twilight Blue | Sunrise Orange | Ocean Green""]",Weight Unknown,[31999.0],whatamobile.com.pk/whatamobile__xiaomi-redmi-9t-6gb.json,fee35a05c92d8d9c8b0873077531eed799f9614fefd46f5582131797db65e52e,0.87500
cc06c00e4cefeff9fa4c7f680df8537547a18e2958bb8ea70751dc39a1701041,2026-08-14T22:52:41+00:00,Xiaomi Redmi Note 10 4GB,https://www.whatamobile.com.pk/product/xiaomi-redmi-note-10-4gb/,Yes,false,"[""Onyx Gray | Pebble White | Lake Green""]",Weight Unknown,[31999.0],whatamobile.com.pk/whatamobile__xiaomi-redmi-note-10-4gb.json,9334bbb239f645b396be9faa851dc704f6d4a77e72f70167b492475cf2abe6d7,0.87500
363ddbe5c8c868b42f343c0653277cfa75eb7c8bdf8cb6f072d5e38ead5a8007,2026-08-14T20:34:23+00:00,Xiaomi Redmi Note 10 5G 4GB,https://www.whatamobile.com.pk/product/xiaomi-redmi-note-10-5g-4gb/,Yes,false,"[""Chrome Silver | Graphite Gray | Nighttime Blue | Aurora Green""]",Weight Unknown,[33999.0],whatamobile.com.pk/whatamobile__xiaomi-redmi-note-10-5g-4gb.json,1e136f0cb772582c00601cd895f47a1e29927830be1fe43d562c9c2f3d0dfa26,0.87500
9920b63c86ed7855b505731af9542883aa02db61e2a847d2c969d654e3d0b69d,2026-08-14T22:51:40+00:00,Xiaomi Redmi Note 10 5G 6GB,https://www.whatamobile.com.pk/product/xiaomi-redmi-note-10-6gb/,Yes,false,"[""Onyx Gray | Pebble White | Lake Green""]",Weight Unknown,[35999.0],whatamobile.com.pk/whatamobile__xiaomi-redmi-note-10-6gb.json,fb13e70d18f8bbd56adf0d4da88a80945201bb47afc34883c95b9e2355bea37e,0.87500
458dcb071e18b97548fb5373fe9cb61a0b552075d7c0c9830fe4fb6b3316943d,2026-08-14T18:02:48+00:00,Xiaomi Redmi Note 10 Pro 8GB,https://www.whatamobile.com.pk/product/xiaomi-redmi-note-10-pro-8gb/,Yes,false,"[""Onyx Gray | Glacier Blue | Gradient Bronze""]",Weight Unknown,[57999.0],whatamobile.com.pk/whatamobile__xiaomi-redmi-note-10-pro-8gb.json,ba2b2a7f1fa04cc7ff80511bf49d0416e471269811dde7102939151a05ce4a92,0.87500
153633a26ee4ee40c25711f9521954414d4c1c65c1f95bbcf1e0457f42bbf1d9,2026-08-14T21:03:55+00:00,Xiaomi Redmi Note 10 Pro,https://www.whatamobile.com.pk/product/xiaomi-redmi-note-10-pro/,Yes,false,"[""Onyx Gray | Glacier Blue | Gradient Bronze""]",Weight Unknown,[50999.0],whatamobile.com.pk/whatamobile__xiaomi-redmi-note-10-pro.json,3e66aaeb89ee0ebd9ede333c7153c08e810bcd6f686405bfcbe1e3f4f115f08e,0.87500
722e315c7ebf7fc89ab4bc14751629eed7bc7bc89de668d1cbfe89587ebbe1c3,2026-08-14T17:58:40+00:00,Xiaomi Redmi Note 10S 6GB,https://www.whatamobile.com.pk/product/xiaomi-redmi-note-10s-6gb/,Yes,false,"[""Deep Sea Blue (Ocean Blue) | Shadow Black (Onyx Gray) | (Frost White) Pebble White""]",Weight Unknown,[37999.0],whatamobile.com.pk/whatamobile__xiaomi-redmi-note-10s-6gb.json,ea900d10d7f88ad1df9008f417c23092762e76c01a5fdea3dc09be59b209c346,0.87500
398461dc63c5d8bd6a78d8bfc438f11fe5fdecff5e6bdcd079f1abd42e43a572,2026-08-14T21:16:00+00:00,Xiaomi Redmi Note 10S 8GB,https://www.whatamobile.com.pk/product/xiaomi-redmi-note-10s-8gb/,Yes,false,"[""Deep Sea Blue (Ocean Blue) | Shadow Black (Onyx Gray) | (Frost White) Pebble White""]",Weight Unknown,[39999.0],whatamobile.com.pk/whatamobile__xiaomi-redmi-note-10s-8gb.json,64fc8ac6738102445ca36b50da72f54d35c789846e1babe2a990706506aea239,0.87500
9294db15749a9ee47bec117297c27c61da8a73a5d2ab435804547a596ff36fe6,2026-08-14T21:26:23+00:00,Xiaomi Redmi Note 11 4GB,https://www.whatamobile.com.pk/product/xiaomi-redmi-note-11-4gb/,Yes,false,"[""Graphite Gray | Pearl White | Star Blue""]",Weight Unknown,[34999.0],whatamobile.com.pk/whatamobile__xiaomi-redmi-note-11-4gb.json,505b0466b9e29e64ce7ba4e3c53694d22867e39f9c4c65b5b821144e25bc7e1f,0.87500
45ba58b305f8ee2a481a91822568eab7515c1eb9ea980c7fb8ce5c3256444fa5,2026-08-14T17:58:15+00:00,Xiaomi Redmi Note 11 Pro 64GB,https://www.whatamobile.com.pk/product/xiaomi-redmi-note-11-pro-64gb/,Yes,false,"[""Graphite Gray | Polar White | Star Blue""]",Weight Unknown,[47999.0],whatamobile.com.pk/whatamobile__xiaomi-redmi-note-11-pro-64gb.json,8c6a3a54d658a0ee3bbfd61e65e9737c4084b8221df53c6a41330015988f07a2,0.87500
5ccf62b76eca7792345547456f6741d9ff12a9cdb38487e317abfc82682eb1d5,2026-08-14T22:41:59+00:00,Xiaomi Redmi Note 11 Pro,https://www.whatamobile.com.pk/product/xiaomi-redmi-note-11-pro/,Yes,false,"[""Graphite Gray | Polar White | Star Blue""]",Weight Unknown,[60999.0],whatamobile.com.pk/whatamobile__xiaomi-redmi-note-11-pro.json,7903cb7fc815d3a5a226bb0c9d21df0476eb0f80c02c1dc9e7d536d034bbd68c,0.87500
ecfa9d10132ecb0e19c8e38ea336807fc94f3dd49879313585a7fa41cd126616,2026-08-14T20:43:22+00:00,Xiaomi Redmi Note 13,https://www.whatamobile.com.pk/product/xiaomi-redmi-note-13/,Yes,false,[],Weight Unknown,[49999.0],whatamobile.com.pk/whatamobile__xiaomi-redmi-note-13.json,87af6357368227c37dd12aa6bdafe7bd53208cd552788f43f0a5681540e159f9,0.79167
01dbab2f01251dee58e8c2097d3515b01bf371ab7d75d37f40ec4dddf48e51cf,2026-08-14T22:12:37+00:00,Xiaomi Redmi Note 9,https://www.whatamobile.com.pk/product/xiaomi-redmi-note-9/,Yes,false,"[""Blue | Black | White""]",Weight Unknown,[31999.0],whatamobile.com.pk/whatamobile__xiaomi-redmi-note-9.json,fe44b34a8597778ad56e95266ba41025533cdd771d9e9710cbfdfc86be404440,0.87500
9b4b45d743b59aef6d36ffa9fcb8d4935941cdfa1de801cd497450726bd12800,2026-08-14T19:51:20+00:00,Xiaomi Redmi Pad (Mint Green 128GB + 6GB),https://www.whatamobile.com.pk/product/xiaomi-redmi-pad-mint-green-128gb-6gb/,yes,false,[],Weight Unknown,[75000.0],whatamobile.com.pk/whatamobile__xiaomi-redmi-pad-mint-green-128gb-6gb.json,ea9bd8e6c02429df07b7cce4bea23387b5f79477e468dd9a9b3621c890fab554,0.58333
84a60a0b51e151bceebbdaebe364742af8b73aae5bc6e0a9e2ecdbd4706ca852,2026-08-14T19:50:06+00:00,Xiaomi Redmi Pad Pro (Graphite Gray 256GB + 8GB),https://www.whatamobile.com.pk/product/xiaomi-redmi-pad-pro-graphite-gray-256gb-8gb/,yes,false,[],Weight Unknown,[95000.0],whatamobile.com.pk/whatamobile__xiaomi-redmi-pad-pro-graphite-gray-256gb-8gb.json,974c34681c91744a861399bd382f928097c947a0fb6be397bf36a7fad4212feb,0.58333
54e149b4652c3dcae85422d20ba2bd6a8feeea8ecc36c4e738cd732f853d7b78,2026-08-14T19:49:57+00:00,Xiaomi Redmi Pad SE 8.7 WiFi (Graphite Gray 128GB + 6GB),https://www.whatamobile.com.pk/product/xiaomi-redmi-pad-se-8-7-wifi-graphite-gray-128gb-6gb/,yes,false,[],Weight Unknown,[50000.0],whatamobile.com.pk/whatamobile__xiaomi-redmi-pad-se-8-7-wifi-graphite-gray-128gb-6gb.json,7e4c50aef332a7c6736f2373e56cb46a4784585d87fb862521925b24e278edff,0.58333
5b1251eeb6a0e13fcc66bde23dda52a1a9a64939f3c75532792e81ab81124a77,2026-08-14T19:50:26+00:00,Xiaomi Redmi Pad SE 8.7 WiFi (Sky Blue 128GB + 6GB),https://www.whatamobile.com.pk/product/xiaomi-redmi-pad-se-8-7-wifi-sky-blue-128gb-6gb/,yes,false,[],Weight Unknown,[50000.0],whatamobile.com.pk/whatamobile__xiaomi-redmi-pad-se-8-7-wifi-sky-blue-128gb-6gb.json,fc407489bfd00a5a96ae1467ed6f5a96432c73573bf0b0e0d2fd6e31bcef389f,0.58333
2546d8fd5028069f50cd9d4e6b0a5f7aed2124fc80632880b4e0810efc620558,2026-08-14T19:50:59+00:00,Xiaomi Redmi Pad SE (Lavender Purple 256GB + 8GB),https://www.whatamobile.com.pk/product/xiaomi-redmi-pad-se-lavender-purple-256gb-8gb/,yes,false,[],Weight Unknown,[65000.0],whatamobile.com.pk/whatamobile__xiaomi-redmi-pad-se-lavender-purple-256gb-8gb.json,3196dca47ddb34ebc90e4c1139a1a799c1993be9dc677fc1cf3408e6eb309dd4,0.58333
fcd1cf6775d5dd2f712d7edfb980ca822a2f46852f89393d6dc2cfbc491b125f,2026-08-14T20:32:26+00:00,Yota YotaPhone 3,https://www.whatamobile.com.pk/product/yota-yotaphone-3/,,false,"[""Black""]",Weight Unknown,[34500.0],whatamobile.com.pk/whatamobile__yota-yotaphone-3.json,ab41c7bd32fa55e89c27beaac59d8dc3042d6925475fb37395255aedf122eafb,0.87500
349e7cb1ec5cdff58ada4d411373e2a0672ed5539d5803d8b438f67b6c3d1a44,2026-08-14T20:11:47+00:00,Z60 Ultra 2 9in1 Smart Watch,https://www.whatamobile.com.pk/product/z60-ultra-2-9in1-smart-watch/,,false,[],Weight Unknown,[1899.0],whatamobile.com.pk/whatamobile__z60-ultra-2-9in1-smart-watch.json,83846481ddd2f1f93522cd8f9ea20aa4dafb48db69b134c529928f3c8a841148,0.08333
35b0b20020d9ff830cbdb97fdc2b93b82aefdfbd159283194de6d57ba94abb60,2026-08-14T18:17:33+00:00,ZTE Axon 30S,https://www.whatamobile.com.pk/product/zte-axon-30s/,Yes,false,[],Weight Unknown,[64999.0],whatamobile.com.pk/whatamobile__zte-axon-30s.json,fb5dab3487b57a7f0e2494a5b98bcc4e0a3849ce6c9c38d57278841ac5a55863,0.83333
3b123baa3f78b1d51752aada3feb406c51852ad98fd1c861242282588f8a28d8,2026-08-14T20:30:48+00:00,ZTE Axon 40 Pro,https://www.whatamobile.com.pk/product/zte-axon-40-pro-2/,Yes,false,[],Weight Unknown,[139999.0],whatamobile.com.pk/whatamobile__zte-axon-40-pro-2.json,d5ec031cbd9aa942ac1587f47d8e0962deae2911fcb1c55e600f483260e5189d,0.83333
732ad50544b6949e51e2631411b2d0dfb529d6ad7598f89c90e056b3dcc30576,2026-08-14T18:17:21+00:00,ZTE Axon 40 Pro,https://www.whatamobile.com.pk/product/zte-axon-40-pro/,Yes,false,[],Weight Unknown,[79000.0],whatamobile.com.pk/whatamobile__zte-axon-40-pro.json,cab2ad211236c0681d9b41d6c9144c4ad286b9686cae7356c791063be4d556ec,0.83333
11154930c9fdcc5bedfd751097ffb373bd457a88b364f5080354b908a0962bfd,2026-08-14T18:17:57+00:00,ZTE Axon 40 SE,https://www.whatamobile.com.pk/product/zte-axon-40-se/,Yes,false,[],Weight Unknown,[66999.0],whatamobile.com.pk/whatamobile__zte-axon-40-se.json,78fab66e59f162441309946208cb14ff31502e4364c0ca763d3a58e20cff0120,0.83333
22a388cda778f377413050ac59ba875943a48f71e6a840b8923d78802cbbba24,2026-08-14T20:30:18+00:00,ZTE Axon 60 Lite,https://www.whatamobile.com.pk/product/zte-axon-60-lite/,Yes,false,[],Weight Unknown,[45500.0],whatamobile.com.pk/whatamobile__zte-axon-60-lite.json,871b11aa672dabb13b82b08cc45fbe2397e685e107f8d6239afb0cebd120bc73,0.83333
b3c6a3c6aa97cac02882ec9c3ae76524a6d27cec7c4dfec899050e0312c3f619,2026-08-14T20:17:35+00:00,ZTE Axon 60,https://www.whatamobile.com.pk/product/zte-axon-60/,Yes,false,[],Weight Unknown,[62500.0],whatamobile.com.pk/whatamobile__zte-axon-60.json,1c1d0119d99635bc4c026444491a8c80b88d42c0a6e71fac4a0cbfd6fed90c25,0.83333
4969151e79652e73bcc3d2c24737cc8941aba051b0f0a85cf5bb14c7837810ab,2026-08-14T21:03:02+00:00,ZTE Blade A72,https://www.whatamobile.com.pk/product/zte-blade-a72/,Yes,false,[],Weight Unknown,[20000.0],whatamobile.com.pk/whatamobile__zte-blade-a72.json,f6cae44dc8c927726cb88fdd98e5093b2000d95029cfd73cbe8ed4dac7841a0f,0.83333
325695e037904c8ff86a4eb0348516f3f5c55b41ccd3b5ab2bfb09c9218751ca,2026-08-14T18:18:08+00:00,ZTE Blade A72s,https://www.whatamobile.com.pk/product/zte-blade-a72s/,Yes,false,[],Weight Unknown,[20499.0],whatamobile.com.pk/whatamobile__zte-blade-a72s.json,6e66151a61c3716354840fd3cb5788ebffc2a70f25e6a3282af12dad85a02fdb,0.83333
ee0090e857b79161cd8d30ba5cb19103fe36050066484996524f36aa0dbc60ea,2026-08-14T21:44:23+00:00,ZTE Blade A73,https://www.whatamobile.com.pk/product/zte-blade-a73/,Yes,false,[],Weight Unknown,[91314.0],whatamobile.com.pk/whatamobile__zte-blade-a73.json,84e8d376303618dbf5f71171136b403aeb583c62b6b0f6d77c46859245252c8f,0.83333
73b5f34d2442797ddd29b78eb18420fba725dba7bd3a512db7fc658d7821bb93,2026-08-14T22:00:32+00:00,ZTE Blade V40 Pro,https://www.whatamobile.com.pk/product/zte-blade-v40-pro/,Yes,false,[],Weight Unknown,[56867.0],whatamobile.com.pk/whatamobile__zte-blade-v40-pro.json,62f23d86c579fbd26a6460aa49f140f1b1b347873b390071d220853acf85328c,0.83333
9a6b4c969502e5e3a1a871a28396eecb21e11c938450441ceedc9c08d58fca4d,2026-08-14T18:17:45+00:00,ZTE Blade V40s,https://www.whatamobile.com.pk/product/zte-blade-v40s/,Yes,false,[],Weight Unknown,[36000.0],whatamobile.com.pk/whatamobile__zte-blade-v40s.json,6ff77a21caee6061af7d2348964f106278a56b27c3834612a512573390cae82e,0.83333
6248206018fd30ddf6e65ca5473b21b8fc95875e5f48e78c79c6aed5ff86c5a0,2026-08-14T21:47:26+00:00,ZTE Blade V41 Vita,https://www.whatamobile.com.pk/product/zte-blade-v41-vita/,Yes,false,[],Weight Unknown,[63850.0],whatamobile.com.pk/whatamobile__zte-blade-v41-vita.json,f368ac57429285681434b1a6f50b217cf0812b5d0e91957accf3480413aebc2a,0.83333
61e9920beae70794b8d21672702fdf30d8debb70709d59ef454bc9ff66efca86,2026-08-14T21:48:09+00:00,ZTE Blade V50 Design 4G,https://www.whatamobile.com.pk/product/zte-blade-v50-design-4g/,Yes,false,[],Weight Unknown,[27999.0],whatamobile.com.pk/whatamobile__zte-blade-v50-design-4g.json,63a0bd1715f5bc41465893ff8920245485064abd663a0d155bd132a6c6bc5be2,0.83333
6867cf63d5b8bbf0b41b25a0f82136c7fe744f6ec4a6f1cafa1611c05e3b1098,2026-08-14T20:17:15+00:00,ZTE Blade V50 Vita,https://www.whatamobile.com.pk/product/zte-blade-v50-vita/,Yes,false,[],Weight Unknown,[51999.0],whatamobile.com.pk/whatamobile__zte-blade-v50-vita.json,20b91636f279a5797cd2e92a6a32cb65f68e3f60118170806c0b31df8cf367ef,0.83333
b0a08b0be5cf50e687fda66ee36b81c1cf8a4316305f8ccfe775370269bbc4c2,2026-08-14T19:45:56+00:00,ZTE Nubia Focus Pro,https://www.whatamobile.com.pk/product/zte-nubia-focus-pro/,Yes,false,[],Weight Unknown,[57999.0],whatamobile.com.pk/whatamobile__zte-nubia-focus-pro.json,1857c0b20cb42edf661af7a988814cf1dae4079816ef62034aa0e3c5b272ace6,0.79167
0866fde7ce7cc63905c2d87ee96300b9a8f0693b0108e83ce29aeafa20ad1fb0,2026-08-14T21:07:13+00:00,ZTE nubia Neo 2,https://www.whatamobile.com.pk/product/zte-nubia-neo-2/,Yes,false,[],Weight Unknown,[41999.0],whatamobile.com.pk/whatamobile__zte-nubia-neo-2.json,5f4b5f82804a10c9c1158fa6bb027e22bd4bab8d7dacc347f54fe3bc73ef8751,0.83333
3e5e519a4cce6c92fa4fd61a97c50a1a12506cd91e4510cdcbe924793fd7ccb0,2026-08-14T22:21:37+00:00,ZTE nubia Red Magic 8 Pro,https://www.whatamobile.com.pk/product/zte-nubia-red-magic-8-pro/,Yes,false,[],Weight Unknown,[238034.0],whatamobile.com.pk/whatamobile__zte-nubia-red-magic-8-pro.json,1155cd833e72b54b98d92a4eec6ae72a4492aef3a02e108a2f330e5a6b49a904,0.83333
7c7039d3813c18afa85bc6e8c340b98463924210a370e1189d8ca744c711a2aa,2026-08-14T22:40:40+00:00,ZTE nubia Red Magic 8S Pro,https://www.whatamobile.com.pk/product/zte-nubia-red-magic-8s-pro/,Yes,false,[],Weight Unknown,[146799.0],whatamobile.com.pk/whatamobile__zte-nubia-red-magic-8s-pro.json,63cb255ea230d4c12fd510c948503580ad34bc631fe9c1db7e2d182dad3e9691,0.83333
b7b12114dfe2f7e68f8d48099253007a1b2842f5226b09afe63622110c05498b,2026-08-14T22:10:34+00:00,ZTE nubia Red Magic 9 Pro Plus,https://www.whatamobile.com.pk/product/zte-nubia-red-magic-9-pro-plus/,Yes,false,[],Weight Unknown,[95999.0],whatamobile.com.pk/whatamobile__zte-nubia-red-magic-9-pro-plus.json,eab3ab9b0bdbf760fcebce92b38c9d75e5aa728dfc4a24c53df17c5558b1475d,0.83333
835c698fcb0f056188d920c5480849dfbe691eb74b187b7c4be9d903c64e9dd2,2026-08-14T22:55:57+00:00,ZTE nubia Red Magic 9 Pro,https://www.whatamobile.com.pk/product/zte-nubia-red-magic-9-pro/,Yes,false,[],Weight Unknown,[277199.0],whatamobile.com.pk/whatamobile__zte-nubia-red-magic-9-pro.json,f1b71d3e3b7a7988b540e742c34bed3157a75f5702b27d6734d9247f54793e5d,0.83333
284c27e6c1520a03f92b5a6746fcb5bf621613c51e3c16ff492d91af71798dca,2026-08-14T22:26:23+00:00,ZTE nubia Red Magic 9S Pro,https://www.whatamobile.com.pk/product/zte-nubia-red-magic-9s-pro/,Yes,false,[],Weight Unknown,[259990.0],whatamobile.com.pk/whatamobile__zte-nubia-red-magic-9s-pro.json,e96c4e7d43e7e3fe76b593573a847cfc853f91b0fd1736da8cff74af6f1cad3b,0.83333
365678d3c054f1536fe5d26debbddef69a7a365aeeeb8d633bdccdbffc14c071,2026-08-14T23:02:35+00:00,ZTE nubia Z40 Pro,https://www.whatamobile.com.pk/product/zte-nubia-z40-pro/,Yes,false,[],Weight Unknown,[97999.0],whatamobile.com.pk/whatamobile__zte-nubia-z40-pro.json,b3d3498ce108c168f3f43dabeb6c62bd2574c724e4f8eff0b3ec34b4c324fdd2,0.83333
150d3941f634bbf4c2ef6b96e8fd0d54982fd9816a6b62f10fd0bbf436b3627c,2026-08-14T21:58:23+00:00,ZTE nubia Z50,https://www.whatamobile.com.pk/product/zte-nubia-z50/,Yes,false,[],Weight Unknown,[79999.0],whatamobile.com.pk/whatamobile__zte-nubia-z50.json,9c4c72aaa5dd4b3d71281ef8984d79140c153261b91a5f28a8aff3f9a78d2752,0.83333
d96046cd827130339c1b69da002e41fec292546757d9ee9368d68c803af23735,2026-08-14T21:59:05+00:00,ZTE V70,https://www.whatamobile.com.pk/product/zte-v70/,Yes,false,[],Weight Unknown,[74999.0],whatamobile.com.pk/whatamobile__zte-v70.json,d8388fcee96a53477c6ee0307b784a3786537047d682f97807ca5f3a3d209533,0.83333
ad2ccf137424c140f2282df119ca6396e5c0a5abeca6241e20d976395f839d65,2026-08-14T18:17:08+00:00,ZTE Voyage 20 Pro,https://www.whatamobile.com.pk/product/zte-voyage-20-pro/,Yes,false,[],Weight Unknown,[61999.0],whatamobile.com.pk/whatamobile__zte-voyage-20-pro.json,2ab6480c4b896b2534676d559e06372e62379a2939844ce3a749e99f1678ff5d,0.83333
